nct,fam,subfamily,title,status,start_year,phase,sponsor,sponsor_class,why,blocker,names_financial_cause,names_financial_or_business,denies_safety_cause
NCT06383546,AI/ML in clinical research,AI/ML referenced in protocol,Artificial Intelligence-enabled ECG Detection of Congenital Heart Disease in Children: a Novel Diagnostic Tool,WITHDRAWN,2024.0,,"Xinhua Hospital, Shanghai Jiao Tong University School of Medicine",OTHER,Repeated application of the same project,Administrative rollover or transfer (not a failure),False,False,False
NCT05860608,AI/ML in clinical research,AI/ML referenced in protocol,Multidisciplinary Approach for High-risk Patients Leading to Early Diagnosis of Canadians With Heart Failure,WITHDRAWN,2024.0,,Montreal Heart Institute,OTHER,already submitted on NCT05859048,Administrative rollover or transfer (not a failure),False,False,False
NCT04846426,AI/ML in clinical research,AI/ML referenced in protocol,Amyloid Prediction in Early Stage Alzheimer's Disease From Acoustic and Linguistic Patterns of Speech - FUTURE Extension,TERMINATED,2020.0,,Novoic Limited,INDUSTRY,Study only continued to 2 year follow-up.,Administrative rollover or transfer (not a failure),False,False,False
NCT04951284,AI/ML in clinical research,AI/ML referenced in protocol,Amyloid Prediction in Early Stage Alzheimer's Disease Through Speech Phenotyping - FUTURE Extension,TERMINATED,2021.0,,Novoic Limited,INDUSTRY,Study only continued to 2 year follow-up.,Administrative rollover or transfer (not a failure),False,False,False
NCT05949580,AI/ML in clinical research,AI/ML referenced in protocol,Study to Evaluate the Usability and Value of Integrated Digital Solutions in Medical Care of Participants With Multiple Sclerosis,SUSPENDED,2024.0,,Hoffmann-La Roche,INDUSTRY,Transition of study Sponsor.,Administrative rollover or transfer (not a failure),False,False,False
NCT03482466,AI/ML in clinical research,AI/ML referenced in protocol,Machine Learning Neurofeedback for PTSD,TERMINATED,2018.0,,VA Office of Research and Development,FED,Covid-19,COVID-19 disruption,False,False,False
NCT04039178,AI/ML in clinical research,AI/ML referenced in protocol,Efficacy of EMF BCI Based Device on Acute Stroke,TERMINATED,2018.0,,BrainQ Technologies Ltd.,INDUSTRY,"The study was terminated at the interim point due to the covid-19 pandemic, which did not allow completing full recruitment in relevant timelines",COVID-19 disruption,False,False,False
NCT04049981,AI/ML in clinical research,AI/ML referenced in protocol,Investigation of Mechanisms of Action in Superpower Glass,TERMINATED,2019.0,PHASE1|PHASE2,Stanford University,OTHER,COVID-19,COVID-19 disruption,False,False,False
NCT04910321,AI/ML in clinical research,AI/ML referenced in protocol,Hangzhou Hospital Staff Cohort,WITHDRAWN,2020.0,,Westlake University,OTHER,The study was terminated due to the COVID-19 situation.,COVID-19 disruption,False,False,False
NCT04811937,AI/ML in clinical research,AI/ML referenced in protocol,Development of a Computer-aided Polypectomy Decision Support,WITHDRAWN,2021.0,,Centre hospitalier de l'Université de Montréal (CHUM),OTHER,The study was abandoned due to the Covid pandemic which prevented recruitment.,COVID-19 disruption,False,False,False
NCT03969056,AI/ML in clinical research,AI/ML referenced in protocol,AI Activity Study in Patients With Elevated Blood Pressure,TERMINATED,2020.0,,"University of California, San Francisco",OTHER,Due to the COVID-19 pandemic,COVID-19 disruption,False,False,False
NCT04551183,AI/ML in clinical research,AI/ML referenced in protocol,Comparative Study of a Software With the Gold Standard,WITHDRAWN,2020.0,,Nurea,INDUSTRY,The study had to be cancelled do to the Covid-19 pandemic,COVID-19 disruption,False,False,False
NCT03768999,AI/ML in clinical research,AI/ML referenced in protocol,Comparison of Magnetic Resonance Coronary Angiography (MRCA) With Coronary Computed Tomography Angiography (CTA),TERMINATED,2019.0,,Johns Hopkins University,OTHER,Because of COVID 19 we experienced slow pace of recruitment.,COVID-19 disruption,False,False,False
NCT03762902,AI/ML in clinical research,AI/ML referenced in protocol,Predicting Migraine Attacks Based on Environmental and Behavioral Changes as Detected From the Smartphone,TERMINATED,2019.0,,Lifegraph Ltd.,INDUSTRY,Sufficient data was collected through the app to achieve initial results,Efficacy failure or futility,False,False,False
NCT04555135,AI/ML in clinical research,AI/ML referenced in protocol,A Clinical Study To Measure The Effect Of Use Of Artificial Intelligence (AI) Enabled Computer Aided Detection (CADe) Assistance Software In Detecting Colon Polyps During Standard Colonoscopy Procedures,TERMINATED,2020.0,,EndoVigilant Inc,INDUSTRY,Decision made based on Interim Analysis Results,Efficacy failure or futility,False,False,False
NCT05366530,AI/ML in clinical research,AI/ML referenced in protocol,Specific Electrophenotypes in Atrial Fibrillation,TERMINATED,2022.0,,Imperial College London,OTHER,Study no longer has scientific value given findings from other studies,Efficacy failure or futility,False,False,False
NCT04983017,AI/ML in clinical research,AI/ML referenced in protocol,2021 PMT iAge® Intervention Trial by Edifice Health,TERMINATED,2021.0,,Edifice Health,INDUSTRY,There was no significant difference between placebo and control.,Efficacy failure or futility,False,False,False
NCT04569851,AI/ML in clinical research,AI/ML referenced in protocol,Clinical Characteristics and Prognostic Factors of Patients With COVID-19 (Coronavirus Disease 2019),TERMINATED,2020.0,,Savana Research,NETWORK,The study had to be terminated due to lack of funding,"Funding, business or strategic decision",True,True,False
NCT03481413,AI/ML in clinical research,AI/ML referenced in protocol,Patient Specific Optimized Therapy Post-Market Clinical Follow-up Study,TERMINATED,2018.0,,"EPD Solutions, A Philips Company",INDUSTRY,Philips decided to wind down the EPD Solutions business,"Funding, business or strategic decision",False,True,False
NCT00872079,AI/ML in clinical research,AI/ML referenced in protocol,Personalized Warfarin Dosing by Genomics and Computational Intelligence,TERMINATED,2008.0,,US Department of Veterans Affairs,FED,Lack of Funding,"Funding, business or strategic decision",True,True,False
NCT06646120,AI/ML in clinical research,AI/ML referenced in protocol,Machine Learning and 3D Image-Based Modeling for Real-Time Body Weight and Body Composition Estimation During Emergency Medical Care. Study 1,WITHDRAWN,2025.0,,Florida Atlantic University,OTHER,No funding received.,"Funding, business or strategic decision",True,True,False
NCT04985981,AI/ML in clinical research,AI/ML referenced in protocol,The Prediction of Anastomotic Insufficiency Risk After Colorectal Surgery (PANIC) Study,SUSPENDED,2021.0,,"Michel Adamina, MD",OTHER,Change in core study organization,"Funding, business or strategic decision",False,False,False
NCT06804785,AI/ML in clinical research,AI/ML referenced in protocol,Hybrid Intelligence for Trustable Diagnosis and Patient Management of Prostate Cancer (HIT-PIRADS),WITHDRAWN,2025.0,,Northwestern University,OTHER,Due to funding issues the study did not move forward with prospective enrollment,"Funding, business or strategic decision",True,True,False
NCT05583968,AI/ML in clinical research,AI/ML referenced in protocol,Efficiency of AI Reporting (EAIR).,WITHDRAWN,2024.0,,London North West Healthcare NHS Trust,OTHER,sponsor decision,"Funding, business or strategic decision",False,False,False
NCT07390708,AI/ML in clinical research,AI/ML referenced in protocol,Artificial Intelligence-Assisted Magnetic Resonance Imaging Diagnostic Strategy in a Tertiary Stroke Center,TERMINATED,2026.0,,Aarhus University Hospital,OTHER,Study closed following exhaustion of available project funding.,"Funding, business or strategic decision",True,True,False
NCT03974828,AI/ML in clinical research,AI/ML referenced in protocol,Telemedicine Notifications With Machine Learning for Postoperative Care,WITHDRAWN,2025.0,,Washington University School of Medicine,OTHER,Lack of funding,"Funding, business or strategic decision",True,True,False
NCT05732233,AI/ML in clinical research,AI/ML referenced in protocol,RITUAL Ultivision AI CADe Randomized Controlled Trial,TERMINATED,2023.0,,"Satisfai Health, Inc.",INDUSTRY,Business decision to discontinue the study. Discontinuation is not related to any patient safety or performance issues.,"Funding, business or strategic decision",False,True,True
NCT03882476,AI/ML in clinical research,AI/ML referenced in protocol,RCT of Sepsis Machine Learning Algorithm,WITHDRAWN,2020.0,PHASE2,Dascena,INDUSTRY,Study not funded,"Funding, business or strategic decision",True,True,False
NCT04909710,AI/ML in clinical research,AI/ML referenced in protocol,Feasibility of Mobile Game System for Potential Treatment of Developmental Delays,WITHDRAWN,2021.0,,Stanford University,OTHER,we are suspending this study until we have continued funding.,"Funding, business or strategic decision",True,True,False
NCT05754723,AI/ML in clinical research,AI/ML referenced in protocol,Using an Online Psychotherapy Program and AI-assisted Interventions for Postsecondary Student Mental Health,WITHDRAWN,2022.0,,Dr. Nazanin Alavi,OTHER,Funding was not obtained,"Funding, business or strategic decision",True,True,False
NCT05696964,AI/ML in clinical research,AI/ML referenced in protocol,Improving Relationships Using Motivational Interviewing,WITHDRAWN,2024.0,,Wright State University,OTHER,The research study was not funded.,"Funding, business or strategic decision",True,True,False
NCT06645548,AI/ML in clinical research,AI/ML referenced in protocol,Machine Learning and 3D Image-Based Modeling for Real-Time Body Weight and Body Composition Estimation During Emergency Medical Care. Study 3,WITHDRAWN,2029.0,,Florida Atlantic University,OTHER,No funding received.,"Funding, business or strategic decision",True,True,False
NCT05474742,AI/ML in clinical research,AI/ML referenced in protocol,The Nori Health App,TERMINATED,2022.0,,UMC Utrecht,OTHER,bankruptcy app owner,"Funding, business or strategic decision",False,False,False
NCT02440646,AI/ML in clinical research,AI/ML referenced in protocol,Natural History of Coronary Atherosclerosis in Real-World Stable Chest Pain Patients Underwent Computed Tomography Angiography in Comparison With Invasive Multimodality Imaging,TERMINATED,2015.0,,Central Clinical Hospital of the Russian Academy of Sciences,OTHER_GOV,The study is terminated due to cessation of the research collaboration with Russian institutions,"Funding, business or strategic decision",False,False,False
NCT05066776,AI/ML in clinical research,AI/ML referenced in protocol,Liquid Biopsy With PET/CT Versus PET/CT Alone in Diagnosis of Small Lung Nodules,TERMINATED,2021.0,,Palo Alto Veterans Institute for Research,OTHER,Withdrawal by sponsor,"Funding, business or strategic decision",False,False,False
NCT04896827,AI/ML in clinical research,AI/ML referenced in protocol,DNIC Using Deep Learning and Artificial Intelligence,SUSPENDED,2022.0,,Université de Sherbrooke,OTHER,The funding of the study is challenged. We might resume enrollment if new funds are found or will terminate the study.,"Funding, business or strategic decision",True,True,False
NCT05903664,AI/ML in clinical research,AI/ML referenced in protocol,Retinal Deep Phenotyping.TM,WITHDRAWN,2023.0,,Optina Diagnostics Inc.,INDUSTRY,Activation pending due to sponsor decision.,"Funding, business or strategic decision",False,False,False
NCT05174468,AI/ML in clinical research,AI/ML referenced in protocol,Analysis of Volatile Chemicals in Lung Cancer Screen-Eligible Subjects Using Infrared Spectroscopy,TERMINATED,2022.0,,Breathe BioMedical Inc,INDUSTRY,Change in sponsor's business strategy (disease focus changed to breast cancer),"Funding, business or strategic decision",False,True,False
NCT07155434,AI/ML in clinical research,AI/ML referenced in protocol,ENABLE-HCM - AI-ENabled Echocardiography With Ultrasound Beyond the Echo Lab for Better HCM Imaging and Expanded Access,TERMINATED,2025.0,,UltraSight,INDUSTRY,The sponsor terminated the study following an internal review of program priorities.,"Funding, business or strategic decision",False,True,False
NCT03495180,AI/ML in clinical research,AI/ML referenced in protocol,Quantitative SSEP and EEG As Objective Pain Biomarker,WITHDRAWN,2018.0,,University of Alabama at Birmingham,OTHER,Lack of Funding,"Funding, business or strategic decision",True,True,False
NCT05442762,AI/ML in clinical research,AI/ML referenced in protocol,Social Media-based Vaccine Confidence and Hesitancy Monitoring,WITHDRAWN,2022.0,,Fudan University,OTHER,Adjustment of research plan,"Funding, business or strategic decision",False,False,False
NCT05112770,AI/ML in clinical research,AI/ML referenced in protocol,AI for Allograft Diseases Diagnosis and Prognosis After Kidney Transplantation,WITHDRAWN,2022.0,,Assistance Publique - Hôpitaux de Paris,OTHER,29 / 5 000 Abandoned research project,"Funding, business or strategic decision",False,False,False
NCT04156880,AI/ML in clinical research,AI/ML referenced in protocol,Artificial Intelligence in Mammography-Based Breast Cancer Screening,WITHDRAWN,2020.0,,Chinese University of Hong Kong,OTHER,the collaborating party of AI system withdraw their study due to change of company policy in year of COVID-19 pandemic,"Funding, business or strategic decision",False,False,False
NCT05056909,AI/ML in clinical research,AI/ML referenced in protocol,Kidney AI-enabled Care Transformation,WITHDRAWN,2022.0,,Medical University of Graz,OTHER,funding refused,"Funding, business or strategic decision",True,True,False
NCT05853458,AI/ML in clinical research,AI/ML referenced in protocol,Evaluation of HU-resistance in Adult Patients With Polycythemia Vera Who Meet PV-AIM Predictors,TERMINATED,2023.0,PHASE4,Novartis Pharmaceuticals,INDUSTRY,Sponsor decision,"Funding, business or strategic decision",False,False,False
NCT06713226,AI/ML in clinical research,AI/ML referenced in protocol,Clinical Performance Evaluation of the Hativ P30,WITHDRAWN,2025.0,,VUNO Inc.,INDUSTRY,Company's internal decision.,"Funding, business or strategic decision",False,False,False
NCT04032444,AI/ML in clinical research,AI/ML referenced in protocol,Collecting Orthopedic Safety and Performance Data Using Surgeons Clinical Outcomes Registry (SCOR),TERMINATED,2019.0,,Stryker Trauma and Extremities,INDUSTRY,Sponsor terminated. No longer needed to support business need,"Funding, business or strategic decision",False,True,False
NCT05948293,AI/ML in clinical research,AI/ML referenced in protocol,FSH Doser for Controlled Ovarian Stimulation,WITHDRAWN,2024.0,,Clínica EUGIN,OTHER,Seeking financial support.,"Funding, business or strategic decision",True,True,False
NCT05450393,AI/ML in clinical research,AI/ML referenced in protocol,Data Collection of PillCamTM SB3 Capsule Endoscopy and Device-Assisted Enteroscopy Routine Care Procedures (GPS Study),WITHDRAWN,2024.0,,Medtronic - MITG,INDUSTRY,Study was cancelled by sponsor due to priority realignment,"Funding, business or strategic decision",False,False,False
NCT06459479,AI/ML in clinical research,AI/ML referenced in protocol,Conversational AI Study,WITHDRAWN,2025.0,,Stanford University,OTHER,The collaborator has no intention to initiate the study at this moment.,"Funding, business or strategic decision",False,False,False
NCT07061730,AI/ML in clinical research,AI/ML referenced in protocol,Evaluating the Effectiveness of Hybrid and Traditional Speech Therapy for /ɹ/ and /s/ Sound Production,TERMINATED,2025.0,,Syracuse University,OTHER,Funding discontinued,"Funding, business or strategic decision",True,True,False
NCT05224479,AI/ML in clinical research,AI/ML referenced in protocol,Clinical Validation of Machine Learning Triage of Chest Radiographs,WITHDRAWN,2022.0,,Stanford University,OTHER,Change in research plan,"Funding, business or strategic decision",False,False,False
NCT06646133,AI/ML in clinical research,AI/ML referenced in protocol,Machine Learning and 3D Image-Based Modeling for Real-Time Body Weight and Body Composition Estimation During Emergency Medical Care: Study 2,WITHDRAWN,2027.0,,Florida Atlantic University,OTHER,No funding received.,"Funding, business or strategic decision",True,True,False
NCT06145880,AI/ML in clinical research,AI/ML referenced in protocol,ADOPT: Improving Diagnosis of Pulmonary Hypertension With AI and Echo,WITHDRAWN,2023.0,,Royal United Hospitals Bath NHS Foundation Trust,OTHER,The Commercial Funder withdrew the funding,"Funding, business or strategic decision",True,True,False
NCT05799066,AI/ML in clinical research,AI/ML referenced in protocol,Measuring Relative Afferent Pupillary Defect,TERMINATED,2023.0,,"The University of Texas Medical Branch, Galveston",OTHER,The study was terminated early for administrative reasons.,"Investigator, site or administrative",False,False,False
NCT03304990,AI/ML in clinical research,AI/ML referenced in protocol,Panomics Relationships in the Epidemiology of Cancer Through In Silico Expression (PRECISE),WITHDRAWN,2018.0,,Greater Baltimore Medical Center,OTHER,PI has left our Inst.,"Investigator, site or administrative",False,False,False
NCT07491588,AI/ML in clinical research,AI/ML referenced in protocol,Context- and Terrain-aware Gait Analysis,WITHDRAWN,2025.0,,University of Leeds,OTHER,The researcher working on this project left the project team to take up a role elsewhere.,"Investigator, site or administrative",False,False,False
NCT07270692,AI/ML in clinical research,AI/ML referenced in protocol,Detection of Reduced Left Ventricular Ejection Fraction With Three-Lead ECG Using Artificial Intelligence,SUSPENDED,2025.0,,"Eko Devices, Inc.",INDUSTRY,Patient enrollment temporarily paused while DSA and Consulting Agreement contracts are renewed,"Investigator, site or administrative",False,False,False
NCT07484906,AI/ML in clinical research,AI/ML referenced in protocol,Precision Phenotyping of Behavioral Risk and Response to Electromagnetic and Psychedelic Therapies,WITHDRAWN,2026.0,PHASE2,University of New Mexico,OTHER,This is temporary withdrawal as the record was started too soon. It will be reactivated in near future.,"Investigator, site or administrative",False,False,False
NCT03214627,AI/ML in clinical research,AI/ML referenced in protocol,Artificial Intelligence for Optimal Anemia Management in End-stage Renal Disease: The Anemia Control Model (ACM) Trial,TERMINATED,2018.0,,Vifor Fresenius Medical Care Renal Pharma,INDUSTRY,Standard clinical practice at site caused unforeseen issues for the use of the ACM,"Investigator, site or administrative",False,False,False
NCT05650086,AI/ML in clinical research,AI/ML referenced in protocol,Novel Thermal Imaging Technique for Breast Screening,TERMINATED,2022.0,,University of Arizona,OTHER,PI has left the institution (University of Arizona Cancer Center).,"Investigator, site or administrative",False,False,False
NCT07202104,AI/ML in clinical research,AI/ML referenced in protocol,Improvement of an Algorithm to Detect Structural Heart Murmurs in Adult Patients Using Electronic Stethoscopes,WITHDRAWN,2026.0,,"Eko Devices, Inc.",INDUSTRY,The original PI of the study announced his resignation from the organization. The organization has not hired a replacement interventional/structural heart cardiologist. Organization decided to terminate the study,"Investigator, site or administrative",False,False,False
NCT04547374,AI/ML in clinical research,AI/ML referenced in protocol,Evaluation of Geisinger at Home (GaH) Patient Management,WITHDRAWN,2021.0,,Geisinger Clinic,OTHER,Principle investigator changed academic affiliation- No longer at Geisinger- Study terminated prematurely- No Participants Enrolled.,"Investigator, site or administrative",True,True,False
NCT03936413,AI/ML in clinical research,AI/ML referenced in protocol,Artificial Intelligence in Echocardiography,WITHDRAWN,2020.0,,New York Presbyterian Hospital,OTHER,This clinical trial will not be performed at CUIMC.,"Investigator, site or administrative",False,False,False
NCT04467632,AI/ML in clinical research,AI/ML referenced in protocol,Circadian & Homeostatic Synchronization Effect on Waking Mobility in Parkinson's Disease,WITHDRAWN,2019.0,,University Hospital Center of Martinique,OTHER,The principal investigator left the hospital,"Investigator, site or administrative",True,True,False
NCT02505698,AI/ML in clinical research,AI/ML referenced in protocol,A Data Collection Study for the Evaluation of a Novel Infra-red Breast Imaging System for Risk Assessment,WITHDRAWN,2015.0,,Real Imaging Ltd.,INDUSTRY,Study initiation at this site fell through,"Investigator, site or administrative",False,False,False
NCT03397524,AI/ML in clinical research,AI/ML referenced in protocol,Tailored Drug Titration Through Artificial Intelligence,WITHDRAWN,2018.0,,Optima Integrated Health,INDUSTRY,This study was dependent on an IT interoperability component requiring additional development.,Manufacturing or product supply,False,False,False
NCT07066514,AI/ML in clinical research,AI/ML referenced in protocol,Effectiveness of AI-Supervised Mobile Exercise Application in Patients With Knee Osteoarthritis,WITHDRAWN,2025.0,,Uludag University,OTHER,"The study was stopped due to delays in the development and updating of the AI-assisted application intended for use in the study. As no further progress could be made at this stage, the study was withdrawn.",Manufacturing or product supply,False,False,False
NCT01505478,AI/ML in clinical research,AI/ML referenced in protocol,Comparing an Automated to a Conventional Sepsis Clinical Prediction Rule,WITHDRAWN,2012.0,,Beth Israel Deaconess Medical Center,OTHER,,No reason stated,False,False,False
NCT00241046,AI/ML in clinical research,AI/ML referenced in protocol,Letrozole in the Treatment of 1st and 2nd Line Hormone Receptor Positive Breast Cancer: Pre-therapeutic Risk Assessment,TERMINATED,2002.0,PHASE4,Novartis Pharmaceuticals,INDUSTRY,,No reason stated,False,False,False
NCT05769231,AI/ML in clinical research,AI/ML referenced in protocol,CBT-I Chatbot for Youth,WITHDRAWN,2023.0,,Chinese University of Hong Kong,OTHER,The study design was obsolete,Protocol redesign or replacement,False,False,False
NCT06509919,AI/ML in clinical research,AI/ML referenced in protocol,Application of a Novel Model Based on Plasma cfDNA Assay and MRl Imaging in the Detection of Prostate Cancer,SUSPENDED,2024.0,,Shanghai Changzheng Hospital,OTHER,Modifications to trial design,Protocol redesign or replacement,False,False,False
NCT06451549,AI/ML in clinical research,AI/ML referenced in protocol,Clinical Investigation of Syndi,WITHDRAWN,2024.0,,Newcastle University,OTHER,"The study has been withdrawn due to significant changes in its scope, which no longer align with the original protocol.",Protocol redesign or replacement,False,False,False
NCT04725097,AI/ML in clinical research,AI/ML referenced in protocol,A Study to Evaluate Rapid Throughput Screening for Human COVID-19 Infection,TERMINATED,2020.0,,Mayo Clinic,OTHER,Interim analysis indicated adaptions may be required.,Protocol redesign or replacement,False,False,False
NCT03401931,AI/ML in clinical research,AI/ML referenced in protocol,Artificial Intelligence Use for the Detection of Atrial Fibrillation Drivers,WITHDRAWN,2018.0,,"Hospital St. Joseph, Marseille, France",OTHER,another design of protocole is submitted for approuval before the start date,Protocol redesign or replacement,False,False,False
NCT05765903,AI/ML in clinical research,AI/ML referenced in protocol,UM CRMC RecuR Score Pilot,WITHDRAWN,2024.0,,"University of Maryland, Baltimore",OTHER,Significant protocol modifications needed for feasibility. This will require a version 2.,Protocol redesign or replacement,False,False,False
NCT04814810,AI/ML in clinical research,AI/ML referenced in protocol,A 48 Subject Study Using Non-invasive Multi-Technology Measurements for Early Detection of Ongoing Hemorrhage,TERMINATED,2021.0,,Dartmouth-Hitchcock Medical Center,OTHER,Research model determined to be ineffective for capturing machine-learning appropriate data,Protocol redesign or replacement,False,False,False
NCT05214131,AI/ML in clinical research,AI/ML referenced in protocol,Randomized Study Of Novel Enuresis Alarm vs Standard Bedwetting Alarm,TERMINATED,2022.0,,Yale University,OTHER,"low enrollment, patients did not want to be randomized into the regular alarm group, poor compliance with standard alarm",Recruitment or feasibility failure,False,False,False
NCT06399094,AI/ML in clinical research,AI/ML referenced in protocol,"Frequency-time Analysis of Pathological Lung Sounds: Detection and Quantification of Pathological Sounds in Patients With Cystic Fibrosis, Pulmonary Fibrosis or COPD (Chronic Obstructive Pulmonary Disease)",TERMINATED,2024.0,,Groupe Hospitalier de la Region de Mulhouse et Sud Alsace,OTHER,Recruitment issue,Recruitment or feasibility failure,False,False,False
NCT02329795,AI/ML in clinical research,AI/ML referenced in protocol,Image-derived Prediction of Response to Chemo-radiation in Glioblastoma,TERMINATED,2014.0,,"Rigshospitalet, Denmark",OTHER,Slow accrual,Recruitment or feasibility failure,False,False,False
NCT04015895,AI/ML in clinical research,AI/ML referenced in protocol,Implementation of a Tool to Identify Social Weaknesses in the Cancer Care Pathway,TERMINATED,2019.0,,Centre Hospitalier Universitaire de Saint Etienne,OTHER,low inclusion rates,Recruitment or feasibility failure,False,False,False
NCT04589884,AI/ML in clinical research,AI/ML referenced in protocol,Intraoperative EXamination Using MAChine-learning-based HYperspectral for diagNosis & Autonomous Anatomy Assessment,TERMINATED,2020.0,,IHU Strasbourg,OTHER,Data acquisition not possible anymore,Recruitment or feasibility failure,False,False,False
NCT06451835,AI/ML in clinical research,AI/ML referenced in protocol,Evaluation of Response to a Course of Repetitive Transcranial Magnetic Stimulation Using Vocal Biomarkers,SUSPENDED,2024.0,,GCS CIPS,OTHER,"We are faced with a decrease in rTMS activity at the study sites, as well as problems with the active file meeting the protocol inclusion criteria, resulting in a low recruitment rate and an extended study timetable, forcing us to suspend this study.",Recruitment or feasibility failure,False,False,False
NCT01774708,AI/ML in clinical research,AI/ML referenced in protocol,Predict Near Future Initiation of Bed Exit,TERMINATED,2012.0,,Atlanta VA Medical Center,FED,Difficulty in recruiting participants,Recruitment or feasibility failure,False,False,False
NCT04699864,AI/ML in clinical research,AI/ML referenced in protocol,Evaluation of NeoRetina Artificial Intelligence Algorithm for the Screening of Diabetic Retinopathy at the CHUM,TERMINATED,2024.0,,Centre hospitalier de l'Université de Montréal (CHUM),OTHER,logistical constraints,Recruitment or feasibility failure,False,False,False
NCT05867407,AI/ML in clinical research,AI/ML referenced in protocol,A Multicenter Pragmatic Implementation Study of ECG-AI-Based Clinical Decision Support Software to Identify Low LVEF,TERMINATED,2024.0,,"Anumana, Inc.",INDUSTRY,Administrative decision following adoption of a new ECG-AI implementation workflow and slower-than-anticipated enrollment. No safety concerns; no outcome analyses were performed.,Recruitment or feasibility failure,False,False,True
NCT06985862,AI/ML in clinical research,AI/ML referenced in protocol,Development of Artificial Intelligence Tools for the Detection of Stress Markers and Consideration of Stress States in the Monitoring of Subjects With Type 1 Diabetes,SUSPENDED,2025.0,,Centre d'Etudes et de Recherche pour l'Intensification du Traitement du Diabète,OTHER,The sponsor has temporarily suspended participant enrollment due to operational constraints impacting study implementation. This decision is not related to safety concerns. The study is expected to resume once the identified issues are addressed.,Recruitment or feasibility failure,False,False,True
NCT05973617,AI/ML in clinical research,AI/ML referenced in protocol,Development of an IT Tool Able to Identify Ocular Conditions,WITHDRAWN,2022.0,,Aston University,OTHER,Study did not commence,Recruitment or feasibility failure,False,False,False
NCT01766869,AI/ML in clinical research,AI/ML referenced in protocol,Improving Cancer Foci Detection in Prostate Cancer Using Multiparametric MRI/MRS,WITHDRAWN,2015.0,,"University of Maryland, Baltimore",OTHER,No participants enrolled,Recruitment or feasibility failure,False,False,False
NCT07493798,AI/ML in clinical research,AI/ML referenced in protocol,Serum Potassium Prediction Using Machine Learning and Single-lead ECG,WITHDRAWN,2021.0,,Brigham and Women's Hospital,OTHER,Lack of resources,Recruitment or feasibility failure,True,True,False
NCT05321784,AI/ML in clinical research,AI/ML referenced in protocol,At-Home Dermoscopy Artificial Intelligence,TERMINATED,2023.0,,OHSU Knight Cancer Institute,OTHER,Inadequate enrollment,Recruitment or feasibility failure,False,False,False
NCT04678986,AI/ML in clinical research,AI/ML referenced in protocol,ER2 and Deep Learning for Prediction of Adverse Health Outcomes,WITHDRAWN,2023.0,,Jewish General Hospital,OTHER,Study not begun in time and has been withdrawn because of feasibility,Recruitment or feasibility failure,False,False,False
NCT05240573,AI/ML in clinical research,AI/ML referenced in protocol,Strong Kidney Initiative Trial for Dialysis Care Quality,TERMINATED,2023.0,,China Medical University Hospital,OTHER,"The enrollment of study subjects and their compliance with using the APP have been challenging. Due to the funding period having ended, the research team has decided to terminate the study at this stage and conduct a preliminary analysis.",Recruitment or feasibility failure,True,True,False
NCT03804606,AI/ML in clinical research,AI/ML referenced in protocol,Risk and Benefit Informed MTM Pharmacist Intervention in Heart Failure,TERMINATED,2019.0,,Geisinger Clinic,OTHER,insufficient participants enrolled and study team has left Geisinger,Recruitment or feasibility failure,False,False,False
NCT04713267,AI/ML in clinical research,AI/ML referenced in protocol,ISABel: Intelligent Sleep Apnoea Bed,TERMINATED,2021.0,,Swiss Federal Institute of Technology,OTHER,Difficulties recruiting participants,Recruitment or feasibility failure,False,False,False
NCT06462924,AI/ML in clinical research,AI/ML referenced in protocol,Feasibility of Gadolinium Contrast Reduced Brain MRI: the Potential of Deep Learning,WITHDRAWN,2024.0,PHASE1,DeepMeds,INDUSTRY,No participants enrolled,Recruitment or feasibility failure,False,False,False
NCT04418245,AI/ML in clinical research,AI/ML referenced in protocol,CT Biomarkers Identification by Artificial Intelligence for COVID-19 Prognosis,WITHDRAWN,2020.0,,Centre Hospitalier Universitaire de Nīmes,OTHER,Difficulties in setting up the study,Recruitment or feasibility failure,False,False,False
NCT03879291,AI/ML in clinical research,AI/ML referenced in protocol,Assessment of Utility of accelerateIQ in the Care of Patients Participating in a Pulmonary Rehabilitation Program,TERMINATED,2019.0,,Karen Larimer,INDUSTRY,Lack of enrollment,Recruitment or feasibility failure,False,False,False
NCT00600717,AI/ML in clinical research,AI/ML referenced in protocol,Clinical Applications of High-Frequency Oscillations,WITHDRAWN,2000.0,,"Children's Hospital Medical Center, Cincinnati",OTHER,No participants were enrolled to collected prospective data.,Recruitment or feasibility failure,False,False,False
NCT05212727,AI/ML in clinical research,AI/ML referenced in protocol,Development and Validation of a Novel Functional Eye-Tracking Software Application for Neurological Disorders,TERMINATED,2022.0,,Innodem Neurosciences,INDUSTRY,Not enough personnel,Recruitment or feasibility failure,False,False,False
NCT06114875,AI/ML in clinical research,AI/ML referenced in protocol,Brief Interventions on Social Media to Reduce Suicide Risk (Intervention 1),TERMINATED,2023.0,,Harvard University,OTHER,Slow recruitment and enrollment. Unable to reach target N.,Recruitment or feasibility failure,False,False,False
NCT06734247,AI/ML in clinical research,AI/ML referenced in protocol,Arterial Stiffness for Improved Prediction of Coronary Artery Disease by Coronary CT Angiography,TERMINATED,2023.0,,Danderyd Hospital,OTHER,Due to slow recruitment and lack of research staff at Danderyd University Hospital.,Recruitment or feasibility failure,False,False,False
NCT04376736,AI/ML in clinical research,AI/ML referenced in protocol,Home Visits for Patients at Risk for Appointment No-shows,WITHDRAWN,2019.0,,Johns Hopkins University,OTHER,Logistical difficulties,Recruitment or feasibility failure,False,False,False
NCT03858699,AI/ML in clinical research,AI/ML referenced in protocol,Brain Vital Signs M-Score: Point-of-care Monitoring for Motor Recovery After Stroke,TERMINATED,2019.0,,HealthTech Connex Inc.,INDUSTRY,low recruitment,Recruitment or feasibility failure,False,False,False
NCT04721990,AI/ML in clinical research,AI/ML referenced in protocol,Subjective and Objective Performance With the SONNET2EAS,WITHDRAWN,2021.0,,"University of North Carolina, Chapel Hill",OTHER,"Recruitment was never initiated, and no subject participated.",Recruitment or feasibility failure,False,False,False
NCT06484751,AI/ML in clinical research,AI/ML referenced in protocol,Alberta Rehabilitation Advice Line SelfBack Study,TERMINATED,2024.0,,University of Alberta,OTHER,Recruitment difficulties,Recruitment or feasibility failure,False,False,False
NCT06929338,AI/ML in clinical research,AI/ML referenced in protocol,xDRIVE in Metastatic Colorectal Cancer,WITHDRAWN,2025.0,,First Ascent Biomedical Inc.,INDUSTRY,Unable to finalize study agreements,Recruitment or feasibility failure,False,False,False
NCT04280354,AI/ML in clinical research,AI/ML referenced in protocol,Molecular Biomarkers for Sepsis,TERMINATED,2022.0,,"University Hospital, Basel, Switzerland",OTHER,Recruitment failure,Recruitment or feasibility failure,False,False,False
NCT06938061,AI/ML in clinical research,AI/ML referenced in protocol,Utilizing 3D Imaging for Burn Wound Assessment,TERMINATED,2025.0,,HealthPartners Institute,OTHER,Stopped due to feasibility concerns with enrollment,Recruitment or feasibility failure,False,False,False
NCT06283485,AI/ML in clinical research,AI/ML referenced in protocol,Real-time Anatomy Recognition Tool Accuracy Research for Ultrasound-guided PENG and Suprainguinal Fascia Iliaca Blocks,WITHDRAWN,2023.0,,Konya City Hospital,OTHER,We encountered lots of technical problems and we could not handle and solve these problems.,Recruitment or feasibility failure,False,False,False
NCT04234360,AI/ML in clinical research,AI/ML referenced in protocol,Eosinophil-driven Corticotherapy for Patients Hospitalized for COPD Exacerbation,TERMINATED,2021.0,PHASE3,"University Hospital, Montpellier",OTHER,low enrollment at participating centers,Recruitment or feasibility failure,False,False,False
NCT07344155,AI/ML in clinical research,AI/ML referenced in protocol,SOAR: Surgery Objective Analysis and Review,WITHDRAWN,2026.0,,Johns Hopkins University,OTHER,The study never began recruiting participants.,Recruitment or feasibility failure,False,False,False
NCT04784351,AI/ML in clinical research,AI/ML referenced in protocol,Prediction of Expected Length of Hospital Stay Using Machine Learning,WITHDRAWN,2021.0,,Brigham and Women's Hospital,OTHER,Insufficient resources.,Recruitment or feasibility failure,True,True,False
NCT05597592,AI/ML in clinical research,AI/ML referenced in protocol,Experimentation of a Personalized Physical Self-education Program at Home: Feasibility Study (PROSOL TELEKINECT),WITHDRAWN,2023.0,,Centre Hospitalier Universitaire de Nice,OTHER,no subcontractors for management of connected watches,Recruitment or feasibility failure,False,False,False
NCT05735938,AI/ML in clinical research,AI/ML referenced in protocol,Use of ARIA in Risk Stratification for Chest Pain Patients Presenting to Emergency Departments Suspected Acute Coronary Syndrome,TERMINATED,2022.0,,Chinese University of Hong Kong,OTHER,Lack of manpower,Recruitment or feasibility failure,False,False,False
NCT04745793,AI/ML in clinical research,AI/ML referenced in protocol,Precise Recognition With Enhanced Vision of Endocrine Neck Targets,TERMINATED,2021.0,,IHU Strasbourg,OTHER,Data acquisition not possible anymore,Recruitment or feasibility failure,False,False,False
NCT06596330,AI/ML in clinical research,AI/ML referenced in protocol,Integration of a Trained Language Model to Improve Glycemic Control With the My Heart Counts Smartphone App,WITHDRAWN,2025.0,,Stanford University,OTHER,Lack of resources,Recruitment or feasibility failure,True,True,False
NCT04710615,AI/ML in clinical research,AI/ML referenced in protocol,Impact of an Artificial Intelligence Platform on Inappropriate Medication Use in Older Adults,TERMINATED,2021.0,,"University Hospital, Bordeaux",OTHER,"Target number of subject not reached, termination due to recruitement contraints",Recruitment or feasibility failure,False,False,False
NCT04983316,AI/ML in clinical research,AI/ML referenced in protocol,TPF Machine Learning Algorithms,TERMINATED,2020.0,,Universitaire Ziekenhuizen KU Leuven,OTHER,Not enough capacity for recruitment,Recruitment or feasibility failure,False,False,False
NCT06238180,AI/ML in clinical research,AI/ML referenced in protocol,Personalised Real-time Interoperable Sepsis Monitoring (PRISM),WITHDRAWN,2023.0,,Aisthesis Medical P.C.,INDUSTRY,Data collection issues.,Recruitment or feasibility failure,False,False,False
NCT04200950,AI/ML in clinical research,AI/ML referenced in protocol,Trial for the Early Identification of Acute Kidney Injury,WITHDRAWN,2020.0,PHASE2,Dascena,INDUSTRY,No longer conducting this retrospective research,Recruitment or feasibility failure,False,False,False
NCT07043556,AI/ML in clinical research,AI/ML referenced in protocol,Assessment of Artificial Intelligence Algorithms for ROTEM,WITHDRAWN,2025.0,,Ondokuz Mayıs University,OTHER,The study was stopped because it was considered unlikely that the required number of patients could be prospectively recruited across the participating study centers.,Recruitment or feasibility failure,False,False,False
NCT05220306,AI/ML in clinical research,AI/ML referenced in protocol,AIDI - Research & Development of a Multisensor-Based Machine Learning Technology for Real-Time Automated Detection of COVID-19 Decompensation,WITHDRAWN,2022.0,,"AIDAR Health, Inc.",INDUSTRY,No eligible patients could be found and funding was lost,Recruitment or feasibility failure,True,True,False
NCT04121988,AI/ML in clinical research,AI/ML referenced in protocol,Diagnostic Yield of Deep Learning Based Denoising MRI in Cushing's Disease,TERMINATED,2020.0,,Asan Medical Center,OTHER,Patients recruitment was difficult and the primary author quitted her role.,Recruitment or feasibility failure,False,False,False
NCT04221100,AI/ML in clinical research,AI/ML referenced in protocol,xrAI - Improving Quality and Efficiency in Chest Radiograph Interpretation by Radiologists,WITHDRAWN,2021.0,,1QB Information Technologies Inc.,INDUSTRY,Not enough participants enrolled in the study,Recruitment or feasibility failure,False,False,False
NCT07629921,AI/ML in clinical research,AI/ML referenced in protocol,Multimodal Al for Precision Diagnosis of Esophageal Cancer,TERMINATED,2023.0,,Shanghai Zhongshan Hospital,OTHER,local ethics review,Regulatory or ethics hold,False,False,False
NCT06246045,AI/ML in clinical research,AI/ML referenced in protocol,Artificial Intelligence to StrategiCally Enhance Pulmonary Embolism Response Team Activation,WITHDRAWN,2025.0,,University Hospitals Cleveland Medical Center,OTHER,IRB Closed,Regulatory or ethics hold,False,False,False
NCT03909685,AI/ML in clinical research,AI/ML referenced in protocol,Examining the Feasibility of the Ask RoSE Mobile Mental Health Application,WITHDRAWN,2022.0,,Johns Hopkins University,OTHER,Application withdrawn from the IRB.,Regulatory or ethics hold,False,False,False
NCT06746324,AI/ML in clinical research,AI/ML referenced in protocol,Assessing AI for Detecting Lung Nodules and Cancer: Pre- and Post-Deployment Study,WITHDRAWN,2025.0,,University of Florida,OTHER,No IRB approval,Regulatory or ethics hold,False,False,False
NCT05176899,AI/ML in clinical research,AI/ML referenced in protocol,Real-World Evaluation of Eko Murmur Analysis Software in a Point of Care Setting,TERMINATED,2022.0,,"Eko Devices, Inc.",INDUSTRY,Data collection complete,Unclear,False,False,False
NCT05372523,AI/ML in clinical research,AI/ML referenced in protocol,Senseye's OBCI Diagnostic Tool for PTSD,TERMINATED,2022.0,,"Senseye, Inc.",INDUSTRY,No participants completed study,Unclear,False,False,False
NCT03734484,AI/ML in clinical research,AI/ML referenced in protocol,Gram Type Infection-Specific Sepsis Identification Using Machine Learning,WITHDRAWN,2022.0,PHASE2,Dascena,INDUSTRY,study was not started.,Unclear,False,False,False
NCT04994899,AI/ML in clinical research,AI/ML referenced in protocol,Aiberry AI Mental Health Screening Platform,TERMINATED,2022.0,,"Aiberry, Inc",INDUSTRY,Data collection is no longer necessary,Unclear,False,False,False
NCT04647448,AI/ML in clinical research,AI/ML referenced in protocol,Multisensor Array for the Localisation of Coronary Artery Stenosis (MALCAS),WITHDRAWN,2025.0,,Barts & The London NHS Trust,OTHER,Abandoned,Unclear,False,False,False
NCT03644940,AI/ML in clinical research,AI/ML referenced in protocol,Subpopulation-Specific Sepsis Identification Using Machine Learning,WITHDRAWN,2020.0,PHASE2,Dascena,INDUSTRY,study not started.,Unclear,False,False,False
NCT03212534,AI/ML in clinical research,AI/ML referenced in protocol,Inpatient Mortality Prediction Algorithm Clinical Trial (IMPACT),WITHDRAWN,2017.0,,Dascena,INDUSTRY,This trial did not start. No participants enrolled,Unclear,False,False,False
NCT04060160,AI/ML in clinical research,AI/ML referenced in protocol,Acne Detection Software (AcneDect),TERMINATED,2020.0,,"University Hospital, Basel, Switzerland",OTHER,"After careful consideration and review of the data, the study team has determined that it is in the best interest of all parties involved to conclude the study at this juncture.",Unclear,False,False,False
NCT04239638,AI/ML in clinical research,AI/ML referenced in protocol,Analysis of Cervical Spinal MRI With Deep Learning,WITHDRAWN,2020.0,,Bezmialem Vakif University,OTHER,postponed to a later date,Unclear,False,False,False
NCT05288413,AI/ML in clinical research,AI/ML referenced in protocol,Benefit of Machine Learning to Diagnose Deep Vein Thrombosis Compared to Gold Standard Ultrasound,WITHDRAWN,2022.0,,Imperial College London,OTHER,abandoned before opening,Unclear,False,False,False
NCT03053518,AI/ML in clinical research,AI/ML referenced in protocol,Validation of Machine Learning Based Personalized Nutrition Algorithm to Reduce Postprandial Glycemic Excursions Among North American Individuals With Newly Diagnosed Type 2 Diabetes,TERMINATED,2017.0,,NYU Langone Health,OTHER,Protocol Withdrawn,Unclear,False,False,False
NCT04404452,AI/ML in clinical research,AI/ML referenced in protocol,Heart Failure Monitoring With Eko Electronic Stethoscopes,TERMINATED,2020.0,,"Eko Devices, Inc.",INDUSTRY,Data not useful,Unclear,False,False,False
NCT04991779,AI/ML in clinical research,AI/ML referenced in protocol,AI-assisted cEEG Diagnosis of Neonatal Seizures in Neonatal Intensive Care Unit,WITHDRAWN,2022.0,,Children's Hospital of Fudan University,OTHER,"The other study was concluded as planned upon reaching its predetermined endpoint, which included the completion of data collection and achievement of the necessary sample size for statistical significance.",Unclear,False,False,False
NCT07723287,AI/ML in clinical research,AI/ML referenced in protocol,Risk Factors for Drug-Resistant Epilepsy in Children,SUSPENDED,2026.0,,Pham Ngoc Thach University of Medicine,OTHER,Study hasn't stopped yet,Unclear,False,False,False
NCT05594940,AI/ML in clinical research,AI/ML referenced in protocol,Heart Failure Monitoring With a Portable Ultrasound Device With Artificial Intelligence Assisted Tools: A Multi-Phase Observational Feasibility Study,TERMINATED,2022.0,,Butterfly Network,INDUSTRY,Data Analysis,Unclear,False,False,False
NCT04438083,Gene editing & gene therapy,CRISPR nuclease editing,A Safety and Efficacy Study Evaluating CTX130 in Subjects With Relapsed or Refractory Renal Cell Carcinoma (COBALT-RCC),TERMINATED,2020.0,PHASE1,CRISPR Therapeutics AG,INDUSTRY,Patients to be followed up in the CRSP-ONC-LTF study,Administrative rollover or transfer (not a failure),False,False,False
NCT05565248,Gene editing & gene therapy,CRISPR nuclease editing,"An Open-Label, FIH Study Evaluating the Safety, Tolerability, and Efficacy of VCTX211 Combination Product in Subjects With T1D",TERMINATED,2023.0,PHASE1,CRISPR Therapeutics AG,INDUSTRY,Patients to be followed up in the VCTX-201 study,Administrative rollover or transfer (not a failure),False,False,False
NCT04244656,Gene editing & gene therapy,CRISPR nuclease editing,A Safety and Efficacy Study Evaluating CTX120 in Subjects With Relapsed or Refractory Multiple Myeloma,TERMINATED,2020.0,PHASE1,CRISPR Therapeutics AG,INDUSTRY,Patients to be followed up in the CRSP-ONC-LTF study,Administrative rollover or transfer (not a failure),False,False,False
NCT04035434,Gene editing & gene therapy,CRISPR nuclease editing,A Safety and Efficacy Study Evaluating CTX110 in Subjects With Relapsed or Refractory B-Cell Malignancies (CARBON),TERMINATED,2019.0,PHASE1|PHASE2,CRISPR Therapeutics AG,INDUSTRY,Patients to be followed up in the CRSP-ONC-LTF study,Administrative rollover or transfer (not a failure),False,False,False
NCT02315638,Gene editing & gene therapy,AAV gene transfer,Long-Term Follow-Up Safety Monitoring of Patients Dosed in the First-in-Man Phase I/II Study of TT-034.,TERMINATED,2014.0,,"Tacere Therapeutics, Inc.",INDUSTRY,Long term safety follow-up no longer required,Administrative rollover or transfer (not a failure),False,False,False
NCT03362502,Gene editing & gene therapy,AAV gene transfer,A Study to Evaluate the Safety and Tolerability of PF-06939926 Gene Therapy in Duchenne Muscular Dystrophy,TERMINATED,2018.0,PHASE1,Pfizer,INDUSTRY,All participants who have received fordadistrogene movaparvovec in any Pfizer study will now be assessed for long-term safety in 1 combined study: C3391003,Administrative rollover or transfer (not a failure),False,False,False
NCT03520712,Gene editing & gene therapy,AAV gene transfer,Gene Therapy Study in Severe Hemophilia A Patients With Antibodies Against AAV5,TERMINATED,2018.0,PHASE1|PHASE2,BioMarin Pharmaceutical,INDUSTRY,Early rollover into long-term extension study,Administrative rollover or transfer (not a failure),False,False,False
NCT02418598,Gene editing & gene therapy,AAV gene transfer,AADC Gene Therapy for Parkinson's Disease,TERMINATED,2015.0,PHASE1|PHASE2,Jichi Medical University,OTHER,another clinical study for regulatory approval is planned,Administrative rollover or transfer (not a failure),False,False,False
NCT01381003,Gene editing & gene therapy,Lentiviral ex vivo gene therapy,Lentiviral Gene Therapy for X-Linked Chronic Granulomatous Disease (X-CGD),WITHDRAWN,2011.0,PHASE1|PHASE2,Great Ormond Street Hospital for Children NHS Foundation Trust,OTHER,"Study is withdrawn before recruting participants, new trial will be multi centre, sponsored by different organisation.",Administrative rollover or transfer (not a failure),False,False,False
NCT06698744,Gene editing & gene therapy,Lentiviral ex vivo gene therapy,UF-KURE-BCMA CAR-T Cells in Patients With Relapsed or Refractory Multiple Myeloma,WITHDRAWN,2025.0,PHASE1,David Wald,OTHER,Replaced by study by different sponsor,Administrative rollover or transfer (not a failure),False,False,False
NCT03436771,Gene editing & gene therapy,Lentiviral ex vivo gene therapy,Long-term Follow-up Study for Patients Previously Treated With a Juno CAR T-Cell Product,TERMINATED,2018.0,,"Juno Therapeutics, a Subsidiary of Celgene",INDUSTRY,Eligible subjects will be enrolled in Celgene's long-term follow-up protocol for subjects previously treated with a CAR T-cell product.,Administrative rollover or transfer (not a failure),False,False,False
NCT04093622,Gene editing & gene therapy,Lentiviral ex vivo gene therapy,Long-term Follow-Up Study Following Treatment With Fate Therapeutics' Engineered Cellular Immunotherapy,TERMINATED,2019.0,,Fate Therapeutics,INDUSTRY,Incorporation of LTFU into the main interventional study.,Administrative rollover or transfer (not a failure),False,False,False
NCT04855253,Gene editing & gene therapy,Engineered T-cell therapy (CAR-T),Ph I/II Study of E7777 Prior to CAR-T for R/R LBCL,SUSPENDED,2021.0,PHASE1|PHASE2,"Masonic Cancer Center, University of Minnesota",OTHER,Accrual met,Administrative rollover or transfer (not a failure),False,False,False
NCT04438083,Gene editing & gene therapy,Engineered T-cell therapy (CAR-T),A Safety and Efficacy Study Evaluating CTX130 in Subjects With Relapsed or Refractory Renal Cell Carcinoma (COBALT-RCC),TERMINATED,2020.0,PHASE1,CRISPR Therapeutics AG,INDUSTRY,Patients to be followed up in the CRSP-ONC-LTF study,Administrative rollover or transfer (not a failure),False,False,False
NCT01316146,Gene editing & gene therapy,Engineered T-cell therapy (CAR-T),Administration of T Lymphocytes for Hodgkin's Lymphoma and Non-Hodgkin's Lymphoma (CART CD30),WITHDRAWN,2011.0,PHASE1,UNC Lineberger Comprehensive Cancer Center,OTHER,Study never truly opened to accrual at UNC. Study and data were transfered to UNC as the IND for the study was transfered to UNC. IRB closed the study.,Administrative rollover or transfer (not a failure),False,False,False
NCT04502446,Gene editing & gene therapy,Engineered T-cell therapy (CAR-T),A Safety and Efficacy Study Evaluating CTX130 in Subjects With Relapsed or Refractory T or B Cell Malignancies (COBALT-LYM),TERMINATED,2020.0,PHASE1,CRISPR Therapeutics AG,INDUSTRY,Patients to be followed up in the CRSP-ONC-LTF study,Administrative rollover or transfer (not a failure),False,False,False
NCT06698744,Gene editing & gene therapy,Engineered T-cell therapy (CAR-T),UF-KURE-BCMA CAR-T Cells in Patients With Relapsed or Refractory Multiple Myeloma,WITHDRAWN,2025.0,PHASE1,David Wald,OTHER,Replaced by study by different sponsor,Administrative rollover or transfer (not a failure),False,False,False
NCT04244656,Gene editing & gene therapy,Engineered T-cell therapy (CAR-T),A Safety and Efficacy Study Evaluating CTX120 in Subjects With Relapsed or Refractory Multiple Myeloma,TERMINATED,2020.0,PHASE1,CRISPR Therapeutics AG,INDUSTRY,Patients to be followed up in the CRSP-ONC-LTF study,Administrative rollover or transfer (not a failure),False,False,False
NCT04035434,Gene editing & gene therapy,Engineered T-cell therapy (CAR-T),A Safety and Efficacy Study Evaluating CTX110 in Subjects With Relapsed or Refractory B-Cell Malignancies (CARBON),TERMINATED,2019.0,PHASE1|PHASE2,CRISPR Therapeutics AG,INDUSTRY,Patients to be followed up in the CRSP-ONC-LTF study,Administrative rollover or transfer (not a failure),False,False,False
NCT05035407,Gene editing & gene therapy,Engineered T-cell therapy (CAR-T),"T Cell Receptor Gene Therapy Targeting KK-LC-1 for Gastric, Breast, Cervical, Lung and Other KK-LC-1 Positive Epithelial Cancers",TERMINATED,2022.0,PHASE1,National Cancer Institute (NCI),NIH,Site plans to become a site for a multicenter study of this therapy,Administrative rollover or transfer (not a failure),False,False,False
NCT06965309,Gene editing & gene therapy,Engineered T-cell therapy (CAR-T),Efficacy and Safety of HN2301 in Refractory Myasthenia Gravis(MG),TERMINATED,2026.0,,"Shenzhen MagicRNA Biotechnology Co., Ltd",INDUSTRY,Change of registrant,Administrative rollover or transfer (not a failure),False,False,False
NCT03436771,Gene editing & gene therapy,Engineered T-cell therapy (CAR-T),Long-term Follow-up Study for Patients Previously Treated With a Juno CAR T-Cell Product,TERMINATED,2018.0,,"Juno Therapeutics, a Subsidiary of Celgene",INDUSTRY,Eligible subjects will be enrolled in Celgene's long-term follow-up protocol for subjects previously treated with a CAR T-cell product.,Administrative rollover or transfer (not a failure),False,False,False
NCT04093648,Gene editing & gene therapy,Engineered T-cell therapy (CAR-T),T Cells co- Expressing a Second Generation Glypican 3-specific Chimeric Antigen Receptor With Cytokines Interleukin-21 and 15 as Immunotherapy for Patients With Liver Cancer (TEGAR),WITHDRAWN,2020.0,PHASE1,Baylor College of Medicine,OTHER,The key elements of this study were incorporated into another study.,Administrative rollover or transfer (not a failure),False,False,False
NCT05034978,Gene editing & gene therapy,CRISPR nuclease editing,Novel SARS-CoV-2 Point-of-care Testing,TERMINATED,2021.0,,Chinese University of Hong Kong,OTHER,failure in enrolling eligible subjects during COVID-19 outbreaks,COVID-19 disruption,False,False,False
NCT03369444,Gene editing & gene therapy,AAV gene transfer,A Factor IX Gene Therapy Study (FIX-GT),TERMINATED,2017.0,PHASE1|PHASE2,"University College, London",OTHER,Terminated early due to challenges during the COVID-19 pandemic and a change in requirements of data to be submitted for marketing authorisation.,COVID-19 disruption,False,False,False
NCT04543357,Gene editing & gene therapy,AAV gene transfer,A Study to Evaluate AAV9 Neutralizing Antibody Seroconversion in Household Contacts.,TERMINATED,2022.0,,Pfizer,INDUSTRY,"Study was terminated due to lack of efficacy in the Phase 3 study C3391003, Pfizer has decided to terminate any future dosing of fordadistrogene movaparvovec.",Efficacy failure or futility,False,False,False
NCT02888756,Gene editing & gene therapy,Lentiviral ex vivo gene therapy,iHIVARNA Clinical Trial in HIV Infected Individuals,TERMINATED,2017.0,PHASE2,Rob Gruters,OTHER,Interim analysis did not show sufficient immunogenicity of IMP compared to placebo,Efficacy failure or futility,False,False,False
NCT03743246,Gene editing & gene therapy,Engineered T-cell therapy (CAR-T),A Study to Evaluate the Safety and Efficacy of JCAR017 in Pediatric Subjects With Relapsed/Refractory (r/r) B-cell Acute Lymphoblastic Leukemia (B-ALL) and B-cell Non-Hodgkin Lymphoma (B-NHL),TERMINATED,2018.0,PHASE1|PHASE2,Celgene,INDUSTRY,Absence of significant therapeutic benefit over existing therapies,Efficacy failure or futility,False,False,False
NCT01218867,Gene editing & gene therapy,Engineered T-cell therapy (CAR-T),CAR T Cell Receptor Immunotherapy Targeting VEGFR2 for Patients With Metastatic Cancer,TERMINATED,2010.0,PHASE1|PHASE2,National Cancer Institute (NCI),NIH,No objective responses were observed.,Efficacy failure or futility,False,False,False
NCT03954106,Gene editing & gene therapy,Engineered T-cell therapy (CAR-T),A Safety and Efficacy Study of Defibrotide in the Prevention of Chimeric Antigen Receptor-T-cell-associated Neurotoxicity,TERMINATED,2019.0,PHASE2,Jazz Pharmaceuticals,INDUSTRY,Primary endpoint would unlikely to be met based on the unplanned interim assessment on the first 20 efficacy evaluable patients.,Efficacy failure or futility,False,False,False
NCT03473457,Gene editing & gene therapy,Engineered T-cell therapy (CAR-T),CAR-T Cells Therapy in Relapsed/Refractory Acute Myeloid Leukemia,TERMINATED,2018.0,,Zhujiang Hospital,OTHER,The therapeutic effect was not as expected,Efficacy failure or futility,False,False,False
NCT03287804,Gene editing & gene therapy,Engineered T-cell therapy (CAR-T),APRIL CAR T Cells (AUTO2) Targeting BCMA and TACI for the Treatment of Multiple Myeloma,TERMINATED,2017.0,PHASE1|PHASE2,Autolus Limited,INDUSTRY,Preliminary efficacy seen to date following treatment with AUTO2 has been determined not sufficient to warrant further development,Efficacy failure or futility,False,False,False
NCT05094206,Gene editing & gene therapy,Engineered T-cell therapy (CAR-T),"CAR20.19.22 T-cells in Relapsed, Refractory B-cell Malignancies",TERMINATED,2022.0,PHASE1,Medical College of Wisconsin,OTHER,Treated four patients: 2 at a dose of 1x10\^6 cells/kg and 2 ad at dose of 2.5x10\^6 cells/kg. All four patients had no in-vivo expansion and no meaningful response to therapy. At this point per FDA guidance we will not be treating more patients.,Efficacy failure or futility,False,False,False
NCT04473937,Gene editing & gene therapy,Engineered T-cell therapy (CAR-T),Radiation Post-CAR T in Refractory Lymphoma,TERMINATED,2021.0,,Massachusetts General Hospital,OTHER,Futility,Efficacy failure or futility,False,False,False
NCT03318861,Gene editing & gene therapy,Engineered T-cell therapy (CAR-T),Study to Evaluate the Safety and Efficacy of KITE-585 in Participants With Relapsed/Refractory Multiple Myeloma,TERMINATED,2017.0,PHASE1,"Kite, A Gilead Company",INDUSTRY,The study was terminated due to lack of efficacy,Efficacy failure or futility,False,False,False
NCT02465983,Gene editing & gene therapy,Engineered T-cell therapy (CAR-T),Pilot Study of Autologous T-cells in Patients With Metastatic Pancreatic Cancer,TERMINATED,2015.0,PHASE1,University of Pennsylvania,OTHER,Lack of efficacy and funding to continue investigation,Efficacy failure or futility,True,True,False
NCT02588456,Gene editing & gene therapy,Engineered T-cell therapy (CAR-T),Pilot Study of Autologous Anti-CD22 Chimeric Antigen Receptor Redirected T Cells In Patients With Chemotherapy Resistant Or Refractory Acute Lymphoblastic Leukemia,TERMINATED,2015.0,PHASE1,University of Pennsylvania,OTHER,This study was terminated due to lack of efficacy,Efficacy failure or futility,False,False,False
NCT03893019,Gene editing & gene therapy,Engineered T-cell therapy (CAR-T),MB-CART20.1 Melanoma,TERMINATED,2019.0,EARLY_PHASE1,Miltenyi Biomedicine GmbH,INDUSTRY,The risk-benefit assessment was not as expected.,Efficacy failure or futility,False,False,False
NCT06611436,Gene editing & gene therapy,CRISPR nuclease editing,BeCoMe-9: A Clinical Study of BE-101 for the Treatment of Adults With Moderately Severe or Severe Hemophilia B,TERMINATED,2024.0,PHASE1|PHASE2,Be Biopharma,INDUSTRY,The study was terminated due to a strategic business decision and not due to safety concerns,"Funding, business or strategic decision",False,True,True
NCT03681951,Gene editing & gene therapy,CRISPR nuclease editing,First-time-in-human (FTIH) Study of GSK3145095 Alone and in Combination With Other Anticancer Agents in Adults With Advanced Solid Tumors,TERMINATED,2018.0,PHASE2,GlaxoSmithKline,INDUSTRY,The study was terminated following an internal review of the company's current research and development portfolio.,"Funding, business or strategic decision",False,True,False
NCT06752876,Gene editing & gene therapy,CRISPR nuclease editing,"CRISPR-Edited Allogeneic Anti-CD19 CAR-T Cell Therapy, in Patients With Refractory Systemic Lupus Erythematosus (GALLOP)",WITHDRAWN,2027.0,PHASE1,"Caribou Biosciences, Inc.",INDUSTRY,Sponsor Strategic Pipeline Prioritization with Focus on CB-010 and CB-011 Oncology Programs,"Funding, business or strategic decision",False,True,False
NCT04443907,Gene editing & gene therapy,CRISPR nuclease editing,Study of Safety and Efficacy of Genome-edited Hematopoietic Stem and Progenitor Cells in Sickle Cell Disease (SCD),TERMINATED,2020.0,PHASE1,Novartis Pharmaceuticals,INDUSTRY,The decision of early termination was made due to business reasons and was not a consequence of any safety concern.,"Funding, business or strategic decision",False,True,False
NCT07018804,Gene editing & gene therapy,CRISPR nuclease editing,Mechanisms and Targeted Therapy of Airway Basal Cell Dysfunction in Bronchiolitis Obliterans Syndrome,WITHDRAWN,2026.0,,Haikou Affiliated Hospital of Central South University Xiangya School of Medicine,OTHER,Study was withdrawn prior to enrollment due to dissolution of collaborative partnership. The protocol may be reactivated in the future under new collaboration.,"Funding, business or strategic decision",False,False,False
NCT06128044,Gene editing & gene therapy,CRISPR nuclease editing,CRISPR-Edited Allogeneic Anti-CLL-1 CAR-T Cell Therapy in Patients With Relapsed/Refractory Acute Myeloid Leukemia,TERMINATED,2024.0,PHASE1,"Caribou Biosciences, Inc.",INDUSTRY,Sponsor Decision - Pipeline Reprioritization,"Funding, business or strategic decision",False,True,False
NCT03332030,Gene editing & gene therapy,CRISPR nuclease editing,Stem Cells in NF1 Patients With Tumors of the Central Nervous System,WITHDRAWN,2015.0,,Roger Packer,OTHER,Suspended due to cessation of funding,"Funding, business or strategic decision",True,True,False
NCT03399448,Gene editing & gene therapy,CRISPR nuclease editing,NY-ESO-1-redirected CRISPR (TCRendo and PD1) Edited T Cells (NYCE T Cells),TERMINATED,2018.0,PHASE1,University of Pennsylvania,OTHER,Sponsor has terminated trial to pursue other targets.,"Funding, business or strategic decision",False,False,False
NCT05066165,Gene editing & gene therapy,CRISPR nuclease editing,Study Investigating NTLA-5001 in Subjects With Acute Myeloid Leukemia,TERMINATED,2021.0,PHASE1|PHASE2,Intellia Therapeutics,INDUSTRY,Pivoting to an allogeneic version of this program currently in preclinical development.,"Funding, business or strategic decision",False,False,False
NCT04925206,Gene editing & gene therapy,CRISPR nuclease editing,A Safety and Efficacy Study Evaluating ET-01 in Subjects with Transfusion Dependent Β-Thalassaemia,TERMINATED,2021.0,PHASE1,EdiGene (GuangZhou) Inc.,INDUSTRY,Development plan change,"Funding, business or strategic decision",False,False,False
NCT04675996,Gene editing & gene therapy,In vivo LNP genetic medicine,First-in-Human Study of INT-1B3 in Patients With Advanced Solid Tumors,TERMINATED,2020.0,PHASE1,InteRNA,INDUSTRY,insufficient funding,"Funding, business or strategic decision",True,True,False
NCT04909346,Gene editing & gene therapy,AAV gene transfer,"Adeno-Associated Virus (AAV) Antibody Study in Subjects OTC Deficiency, GSDIa, and Wilson Disease",TERMINATED,2021.0,,Ultragenyx Pharmaceutical Inc,INDUSTRY,Sponsor decision not related to safety concerns,"Funding, business or strategic decision",False,False,True
NCT02651675,Gene editing & gene therapy,AAV gene transfer,A Gene Therapy Study for Homozygous Familial Hypercholesterolemia (HoFH),TERMINATED,2016.0,PHASE1|PHASE2,REGENXBIO Inc.,INDUSTRY,Terminated by Sponsor for Business Reasons,"Funding, business or strategic decision",False,True,False
NCT03315182,Gene editing & gene therapy,AAV gene transfer,Gene Transfer Clinical Trial for Mucopolysaccharidosis (MPS) IIIB,TERMINATED,2017.0,PHASE1|PHASE2,"Abeona Therapeutics, Inc",INDUSTRY,Abeona has decided to discontinue development activities for Product ABO-101 due to a lack of drug supply and for business reasons unrelated to the product safety profile and/or signs of efficacy,"Funding, business or strategic decision",False,True,False
NCT04669535,Gene editing & gene therapy,AAV gene transfer,A Dose-escalation and Safety & Efficacy Study of AXO-AAV-GM2 in Tay-Sachs or Sandhoff Disease,TERMINATED,2021.0,PHASE1,Terence Flotte,OTHER,Sponsor withdrew from the study and there was a lack of funding to complete stage 2 of the designed study.,"Funding, business or strategic decision",True,True,False
NCT06241950,Gene editing & gene therapy,AAV gene transfer,A Gene Transfer Therapy Study to Evaluate the Safety and Efficacy of Delandistrogene Moxeparvovec (SRP-9001) Following Imlifidase Infusion in Participants With Duchenne Muscular Dystrophy (DMD) Determined to Have Pre-existing Antibodies to Recombinant Adeno-Associated Virus Serotype (rAAVrh74),TERMINATED,2024.0,PHASE1,"Sarepta Therapeutics, Inc.",INDUSTRY,Study is being terminated due to a business decision.,"Funding, business or strategic decision",False,True,False
NCT03381729,Gene editing & gene therapy,AAV gene transfer,Study of Intrathecal Administration of Onasemnogene Abeparvovec-xioi for Spinal Muscular Atrophy,TERMINATED,2017.0,PHASE1,Novartis Gene Therapies,INDUSTRY,"Based upon overall strategic objectives within the broader intrathecal clinical development program, Novartis Gene Therapies decided to terminate the study early.","Funding, business or strategic decision",False,True,False
NCT02618915,Gene editing & gene therapy,AAV gene transfer,Safety and Dose Finding Study of DTX101 (AAVrh10FIX) in Adults With Moderate/Severe to Severe Hemophilia B,TERMINATED,2015.0,PHASE1|PHASE2,Ultragenyx Pharmaceutical Inc,INDUSTRY,Sponsor decision; not due to any safety concerns related to DTX101.,"Funding, business or strategic decision",False,False,True
NCT03278873,Gene editing & gene therapy,AAV gene transfer,Long-Term Follow-Up Gene Therapy Study for Achromatopsia CNGB3 and CNGA3,TERMINATED,2017.0,,MeiraGTx UK II Ltd,INDUSTRY,Strategic decision to not further develop AAV8-hCARp.hCNGB3 and AAV8-hG1.7p.coCNGA3. The decision is not due to safety concerns.,"Funding, business or strategic decision",False,True,True
NCT05580692,Gene editing & gene therapy,AAV gene transfer,A Prospective Study Evaluating Seroprevalence and Seroconversion of Antibodies Against Adeno-associated Virus (AAV),TERMINATED,2023.0,,BioMarin Pharmaceutical,INDUSTRY,Sponsor decision to terminate; sufficient sample size for statistical analysis has been achieved.,"Funding, business or strategic decision",False,False,False
NCT05778877,Gene editing & gene therapy,AAV gene transfer,"A Study to Evaluate the Safety, Tolerability, and Pharmacodynamics of SEL-302 in Pediatric Subjects With MMA",WITHDRAWN,2022.0,PHASE1|PHASE2,"Selecta Biosciences, Inc.",INDUSTRY,Decided by sponsor,"Funding, business or strategic decision",False,False,False
NCT05037188,Gene editing & gene therapy,AAV gene transfer,Clinical Study of the Safety and Immunogenicity of a Recombinant Viral Vector AAV5 (Adeno-Associated Virus Type 5 )-RBD (Receptor Binding Domain)-S Vaccine for the Prevention of Coronavirus Infection (COVID-19),TERMINATED,2021.0,PHASE1|PHASE2,Biocad,INDUSTRY,Sponsor's decision,"Funding, business or strategic decision",False,False,False
NCT02346422,Gene editing & gene therapy,AAV gene transfer,A Phase 1/2 Study of High-dose Genetically Targeted Enzyme Replacement Therapy for Advanced Heart Failure,TERMINATED,2015.0,PHASE1|PHASE2,Celladon Corporation,INDUSTRY,Sponsor has suspended clinical development of MYDICAR for heart failure.,"Funding, business or strategic decision",False,False,False
NCT03223194,Gene editing & gene therapy,AAV gene transfer,Gene Transfer Clinical Study in Crigler-Najjar Syndrome,TERMINATED,2017.0,PHASE1,Audentes Therapeutics,INDUSTRY,Sponsor Decision,"Funding, business or strategic decision",False,False,False
NCT05394064,Gene editing & gene therapy,AAV gene transfer,A Study to Evaluate Administration of SBT101 Gene Therapy in Adult Patients With Adrenomyeloneuropathy (AMN),TERMINATED,2022.0,PHASE1|PHASE2,"SwanBio Therapeutics, Inc.",INDUSTRY,"The SBT101 program for AMN was terminated for business/strategic reasons, and there were no safety concerns","Funding, business or strategic decision",False,True,True
NCT03652259,Gene editing & gene therapy,AAV gene transfer,"Gene Delivery Clinical Trial of SRP-9003 (Bidridistrogene Xeboparvovec) for Participants With Limb-Girdle Muscular Dystrophy, Type 2E (LGMD2E) (Beta-Sarcoglycan Deficiency)",TERMINATED,2018.0,PHASE1|PHASE2,"Sarepta Therapeutics, Inc.",INDUSTRY,Study is being terminated due to a business decision.,"Funding, business or strategic decision",False,True,False
NCT00643890,Gene editing & gene therapy,AAV gene transfer,Study of AAV-GAD Gene Transfer Into the Subthalamic Nucleus for Parkinson's Disease,TERMINATED,2008.0,PHASE2,"Neurologix, Inc.",INDUSTRY,Due to financial reasons,"Funding, business or strategic decision",True,True,False
NCT04394286,Gene editing & gene therapy,AAV gene transfer,"A Phase 1/2 Study of SHP648, an Adeno-Associated Viral Vector for Gene Transfer in Hemophilia B Subjects",TERMINATED,2020.0,PHASE1|PHASE2,Baxalta now part of Shire,INDUSTRY,Takeda has decided to not further develop the SHP648 (TAK-748) program. No subjects have been dosed with SHP648. The decision to terminate study SHP648-101 is not due to any safety concerns.,"Funding, business or strategic decision",False,False,True
NCT03328130,Gene editing & gene therapy,AAV gene transfer,Safety and Efficacy Study in Patients With Retinitis Pigmentosa Due to Mutations in PDE6B Gene,TERMINATED,2017.0,PHASE1|PHASE2,eyeDNA Therapeutics,INDUSTRY,lack of financing,"Funding, business or strategic decision",True,True,False
NCT01026727,Gene editing & gene therapy,Lentiviral ex vivo gene therapy,A Study to Assess the Long-term Efficacy (24 Weeks) of MPC-4326 in Combination With a 2-3 Drug OBR Relative to the Efficacy of a 3-4 Drug ARV Regimen in Treatment Experienced HIV-1 Infected Subjects Who Are Failing Current Antiretroviral Therapy,TERMINATED,2009.0,PHASE2,Myrexis Inc.,INDUSTRY,For strategic buisness reasons.,"Funding, business or strategic decision",False,True,False
NCT03740724,Gene editing & gene therapy,Lentiviral ex vivo gene therapy,A Study of FCX-013 Plus Veledimex for the Treatment of Moderate to Severe Localized Scleroderma (Morphea),TERMINATED,2019.0,PHASE1|PHASE2,"Castle Creek Biosciences, LLC.",INDUSTRY,Sponsor decision,"Funding, business or strategic decision",False,False,False
NCT04999059,Gene editing & gene therapy,Lentiviral ex vivo gene therapy,Long-Term Follow-up Study of Subjects With Fabry Disease Who Received Lentiviral Gene Therapy in Study AVRO-RD-01-201,TERMINATED,2019.0,,AVROBIO,INDUSTRY,"This study was voluntarily terminated due to a business decision not to proceed, and not due to any safety or efficacy issue.","Funding, business or strategic decision",False,True,True
NCT06691685,Gene editing & gene therapy,Lentiviral ex vivo gene therapy,A Clinical Study to Evaluate the Safety and Efficacy of ESO-T01 in Treating Relapsed/Refractory Multiple Myeloma.,SUSPENDED,2024.0,EARLY_PHASE1,"Union Hospital, Tongji Medical College, Huazhong University of Science and Technology",OTHER,The collaborator EsoBiotec was acquired by AstraZeneca.,"Funding, business or strategic decision",False,False,False
NCT04145037,Gene editing & gene therapy,Lentiviral ex vivo gene therapy,Lentiviral Vector Gene Therapy - The Guard1 Trial of AVR-RD-02 for Subjects With Type 1 Gaucher Disease,TERMINATED,2019.0,PHASE1|PHASE2,AVROBIO,INDUSTRY,This study was voluntarily terminated by the sponsor to halt development and was not based on any safety or medical reasons.,"Funding, business or strategic decision",False,False,False
NCT02209376,Gene editing & gene therapy,Lentiviral ex vivo gene therapy,Autologous T Cells Redirected to EGFRVIII-With a Chimeric Antigen Receptor in Patients With EGFRVIII+ Glioblastoma,TERMINATED,2014.0,PHASE1,University of Pennsylvania,OTHER,Sponsor decision to terminate prior to completion to pursue combination therapies.,"Funding, business or strategic decision",False,False,False
NCT02186418,Gene editing & gene therapy,Lentiviral ex vivo gene therapy,Gene Transfer for Patients With Sickle Cell Disease,TERMINATED,2014.0,PHASE1|PHASE2,"Children's Hospital Medical Center, Cincinnati",OTHER,Sponsor decision due to funding,"Funding, business or strategic decision",True,True,False
NCT03098355,Gene editing & gene therapy,Lentiviral ex vivo gene therapy,Interleukin-2 Following 4SCAR19/22 T Cells Targeting Refractory and/or Recurrent B Cell Malignancies,WITHDRAWN,2017.0,PHASE1|PHASE2,Zhujiang Hospital,OTHER,The company did not offer the appropriate CART services.,"Funding, business or strategic decision",False,False,False
NCT03904069,Gene editing & gene therapy,Engineered T-cell therapy (CAR-T),"Study Evaluating the Safety, Tolerability, and Efficacy of FLT3 CAR-T AMG 553 in FLT3-positive Relapsed/Refractory AML",WITHDRAWN,2023.0,PHASE1,Amgen,INDUSTRY,"Following a recent cellular therapy strategy assessment, Amgen has decided to cancel study 20180091.","Funding, business or strategic decision",False,True,False
NCT06377228,Gene editing & gene therapy,Engineered T-cell therapy (CAR-T),A Study of TAK-007 in Adults With Refractory Lupus Nephritis (LN) or Refractory Systemic Sclerosis (SSc),WITHDRAWN,2025.0,PHASE1,Takeda,INDUSTRY,Business decision (no safety concerns),"Funding, business or strategic decision",False,True,True
NCT04506983,Gene editing & gene therapy,Engineered T-cell therapy (CAR-T),GPC3-CAR-T Cells for the Hepatocellular Carcinoma,SUSPENDED,2022.0,PHASE1,Beijing Tsinghua Chang Gung Hospital,OTHER,Adjust the plan,"Funding, business or strategic decision",False,False,False
NCT05169489,Gene editing & gene therapy,Engineered T-cell therapy (CAR-T),A Study of bbT369 in Relapsed and/or Refractory B Cell Non-Hodgkin's Lymphoma (NHL),TERMINATED,2022.0,PHASE1,Regeneron Pharmaceuticals,INDUSTRY,Sponsor Decision,"Funding, business or strategic decision",False,False,False
NCT03448978,Gene editing & gene therapy,Engineered T-cell therapy (CAR-T),Autologous CD8+ T-cells Expressing an Anti-BCMA CAR in Patients With Myeloma,TERMINATED,2018.0,PHASE1,Cartesian Therapeutics,INDUSTRY,Phase 1 enrollment completed. Further clinical development terminated,"Funding, business or strategic decision",False,False,False
NCT03994705,Gene editing & gene therapy,Engineered T-cell therapy (CAR-T),Descartes-11 in Patients With Relapsed/Refractory Multiple Myeloma,TERMINATED,2019.0,PHASE1,Cartesian Therapeutics,INDUSTRY,Phase 1 enrollment completed. Further clinical development terminated.,"Funding, business or strategic decision",False,False,False
NCT05489991,Gene editing & gene therapy,Engineered T-cell therapy (CAR-T),A Study of TmPSMA-02 Chimeric Antigen Receptor (CAR) T-cells in Patients With Metastatic Castration Resistant Prostate Cancer (mCRPC),TERMINATED,2022.0,PHASE1|PHASE2,"Tceleron Therapeutics, Inc.",INDUSTRY,Study was stopped Sponsor discretion. No patients were dosed.,"Funding, business or strategic decision",False,False,False
NCT04314843,Gene editing & gene therapy,Engineered T-cell therapy (CAR-T),Study of Lenzilumab and Axicabtagene Ciloleucel in Participants With Relapsed or Refractory Large B-Cell Lymphoma,TERMINATED,2020.0,PHASE1,"Kite, A Gilead Company",INDUSTRY,Development program terminated and the decision was not due to any safety concerns.,"Funding, business or strategic decision",False,False,True
NCT05274451,Gene editing & gene therapy,Engineered T-cell therapy (CAR-T),A Study to Investigate LYL797 in Adults With Solid Tumors,TERMINATED,2022.0,PHASE1,"Lyell Immunopharma, Inc.",INDUSTRY,Pipeline Reprioritization,"Funding, business or strategic decision",False,True,False
NCT05096234,Gene editing & gene therapy,Engineered T-cell therapy (CAR-T),18F-F-AraG PET Imaging to Evaluate Immunological Response to CAR T Cell Therapy in Lymphoma,TERMINATED,2021.0,PHASE1,Stanford University,OTHER,loss of sponsor support,"Funding, business or strategic decision",False,False,False
NCT06310811,Gene editing & gene therapy,Engineered T-cell therapy (CAR-T),Anti-CD19 CAR-T Cell Therapy in Participants With Moderate to Severe Active Systemic Lupus Erythematosus,SUSPENDED,2024.0,,"Union Hospital, Tongji Medical College, Huazhong University of Science and Technology",OTHER,R\&D strategy adjustment,"Funding, business or strategic decision",False,True,False
NCT06869278,Gene editing & gene therapy,Engineered T-cell therapy (CAR-T),A Study of LCAR-AIO CAR-T Cells for Treating Relapsed/Refractory Neurological Autoimmune Diseases,WITHDRAWN,2025.0,PHASE1,"Union Hospital, Tongji Medical College, Huazhong University of Science and Technology",OTHER,Legend discontinues the development of the IMP.,"Funding, business or strategic decision",False,False,False
NCT06913608,Gene editing & gene therapy,Engineered T-cell therapy (CAR-T),A Study to Assess CLBR001+SWI019 in Subjects With Autoimmune Diseases,WITHDRAWN,2026.0,PHASE1,"Calibr, a division of Scripps Research",OTHER,Business Decision,"Funding, business or strategic decision",False,True,False
NCT04034446,Gene editing & gene therapy,Engineered T-cell therapy (CAR-T),CD19-CD22 Chimeric Antigen Receptor T (CAR-T) Cell for Treatment of B Cell Acute Lymphoblastic Leukemia (B-ALL),TERMINATED,2019.0,EARLY_PHASE1,"Institute of Hematology & Blood Diseases Hospital, China",OTHER,"Due to adjustments in the company's strategy, the research and development of this project has been terminated.","Funding, business or strategic decision",False,True,False
NCT06290622,Gene editing & gene therapy,Engineered T-cell therapy (CAR-T),"PD-1, LAG-3 and TIM-3 Checkpoint Blockade in DLBCL",WITHDRAWN,2024.0,PHASE1,University of Alabama at Birmingham,OTHER,Investigator request to no longer pursue this study. Lack of support from drug company. This trial never opened. Withdrew IND.,"Funding, business or strategic decision",True,True,False
NCT06691685,Gene editing & gene therapy,Engineered T-cell therapy (CAR-T),A Clinical Study to Evaluate the Safety and Efficacy of ESO-T01 in Treating Relapsed/Refractory Multiple Myeloma.,SUSPENDED,2024.0,EARLY_PHASE1,"Union Hospital, Tongji Medical College, Huazhong University of Science and Technology",OTHER,The collaborator EsoBiotec was acquired by AstraZeneca.,"Funding, business or strategic decision",False,False,False
NCT07196111,Gene editing & gene therapy,Engineered T-cell therapy (CAR-T),BAFFR CAR-T Treatment for Relapsed/Refractory B-cell Tumors,WITHDRAWN,2025.0,EARLY_PHASE1,"Guangzhou Bio-gene Technology Co., Ltd",INDUSTRY,Due to corporate strategic adjustment.,"Funding, business or strategic decision",False,True,False
NCT04467853,Gene editing & gene therapy,Engineered T-cell therapy (CAR-T),A Clinical Study to Evaluate CAR-T Cell-based Medicinal Product in the Treatment of Advanced Solid Tumors,TERMINATED,2020.0,PHASE1,Shanghai East Hospital,OTHER,Both the sponsors and collaborator are considering terminating the study,"Funding, business or strategic decision",False,False,False
NCT06304636,Gene editing & gene therapy,Engineered T-cell therapy (CAR-T),Descartes-15 for Patients With Relapsed/Refractory Multiple Myeloma,TERMINATED,2024.0,PHASE1,Cartesian Therapeutics,INDUSTRY,Phase 1 enrollment completed. Further clinical development terminated,"Funding, business or strategic decision",False,False,False
NCT03758417,Gene editing & gene therapy,Engineered T-cell therapy (CAR-T),"A Study of LCAR-B38M CAR-T Cells, a Chimeric Antigen Receptor T-cell (CAR-T) Therapy Directed Against B-cell Maturation Antigen (BCMA) in Chinese Participants With Relapsed or Refractory Multiple Myeloma",TERMINATED,2019.0,PHASE2,Nanjing Legend Biotech Co.,INDUSTRY,"The study was terminated early due to a strategic realignment of the sponsor's business plan, not related to safety, efficacy, or data integrity concerns.","Funding, business or strategic decision",False,True,True
NCT03612739,Gene editing & gene therapy,Engineered T-cell therapy (CAR-T),EPITHINK: Epigenetic Drug Treatment and Therapeutic Immunotherapy With NKR-2,WITHDRAWN,2018.0,PHASE1,Celyad Oncology SA,INDUSTRY,Sponsor decision,"Funding, business or strategic decision",False,False,False
NCT05891197,Gene editing & gene therapy,Engineered T-cell therapy (CAR-T),A Biomarker Screening Protocol for Participants With Solid Tumors,TERMINATED,2023.0,,"Lyell Immunopharma, Inc.",INDUSTRY,Pipeline Reprioritization,"Funding, business or strategic decision",False,True,False
NCT05984199,Gene editing & gene therapy,Engineered T-cell therapy (CAR-T),Donor-Derived Anti-CD33 CAR T Cell Therapy (VCAR33) in Patients With Relapsed or Refractory AML After Allogeneic Hematopoietic Cell Transplant,TERMINATED,2023.0,PHASE1|PHASE2,Vor Biopharma,INDUSTRY,Lack of Funding,"Funding, business or strategic decision",True,True,False
NCT05588440,Gene editing & gene therapy,Engineered T-cell therapy (CAR-T),A Clinical Study of ONCT-808 in Subjects With Relapsed or Refractory B-Cell Malignancies,TERMINATED,2023.0,PHASE1|PHASE2,"Oncternal Therapeutics, Inc",INDUSTRY,"Based on the available clinical data and capital requirements for continued development, the Company has decided to terminate this study.","Funding, business or strategic decision",True,True,False
NCT05993611,Gene editing & gene therapy,Engineered T-cell therapy (CAR-T),Allogeneic CD6 Chimeric Antigen Receptor T Regulatory Cells (CD6-CAR Tregs) for the Treatment of Patients With Chronic Graft Versus Host Disease After Allogeneic Hematopoietic Cell Transplantation,SUSPENDED,2024.0,PHASE1,City of Hope Medical Center,OTHER,pending funding,"Funding, business or strategic decision",True,True,False
NCT05128786,Gene editing & gene therapy,Engineered T-cell therapy (CAR-T),CCT301-38 CAR-T in Patients With Relapsed or Refractory AXL Positive Sarcomas,TERMINATED,2021.0,PHASE1,"Shanghai PerHum Therapeutics Co., Ltd.",INDUSTRY,Adjustment of study strategy,"Funding, business or strategic decision",False,True,False
NCT07123493,Gene editing & gene therapy,Engineered T-cell therapy (CAR-T),Engineered T-Cell Therapy for Patients With ALPP-Positive Advanced Solid Tumors,TERMINATED,2025.0,EARLY_PHASE1,Haifeng Qin,OTHER,Strategic Portfolio Decision,"Funding, business or strategic decision",False,True,False
NCT06381830,Gene editing & gene therapy,Engineered T-cell therapy (CAR-T),Clinical Study of CAR-T Cell Therapy Following ASCT for R/R B-cell Non-Hodgkin's Lymphoma,TERMINATED,2024.0,PHASE2,The First Affiliated Hospital of Soochow University,OTHER,The study was terminated due to changes in national policy.,"Funding, business or strategic decision",False,False,False
NCT02623582,Gene editing & gene therapy,Engineered T-cell therapy (CAR-T),CD123 Redirected Autologous T Cells for AML,TERMINATED,2015.0,EARLY_PHASE1,University of Pennsylvania,OTHER,This study was terminated due to lack of funding.,"Funding, business or strategic decision",True,True,False
NCT06878248,Gene editing & gene therapy,Engineered T-cell therapy (CAR-T),A Study to Assess CLBR001+ABBV-461 in Subjects With Locally Advanced or Metastatic Breast Cancer,TERMINATED,2025.0,PHASE1,"Calibr, a division of Scripps Research",OTHER,Business Decision,"Funding, business or strategic decision",False,True,False
NCT05168748,Gene editing & gene therapy,Engineered T-cell therapy (CAR-T),CD19- and CD22-directed CAR-T Cell Therapy in Patients With Acute Lymphoblastic Leukemia,WITHDRAWN,2023.0,PHASE1,Novartis Pharmaceuticals,INDUSTRY,Sponsor's decision,"Funding, business or strategic decision",False,False,False
NCT04348643,Gene editing & gene therapy,Engineered T-cell therapy (CAR-T),Safety and Efficacy of CEA-Targeted CAR-T Therapy for Relapsed/Refractory CEA+ Cancer,WITHDRAWN,2020.0,PHASE1|PHASE2,"Chongqing Precision Biotech Co., Ltd",INDUSTRY,The sponsor requested to terminate the study.,"Funding, business or strategic decision",False,False,False
NCT05909527,Gene editing & gene therapy,Engineered T-cell therapy (CAR-T),A Clinical Study of CAR-T Treating Relapsed or Refractory T Cell Lymphoblastic Acute Leukemia/ Lymphoma,WITHDRAWN,2023.0,PHASE1|PHASE2,"Guangzhou Bio-gene Technology Co., Ltd",INDUSTRY,Due to corporate strategic adjustment.,"Funding, business or strategic decision",False,True,False
NCT07152236,Gene editing & gene therapy,Engineered T-cell therapy (CAR-T),Clinical Study on the Safety and Efficacy of B7H3 CAR T Cells in Patients With B7H3 Positive Solid Tumors,WITHDRAWN,2025.0,,"Guangzhou Bio-gene Technology Co., Ltd",INDUSTRY,Due to corporate strategic adjustment.,"Funding, business or strategic decision",False,True,False
NCT05938725,Gene editing & gene therapy,Engineered T-cell therapy (CAR-T),"KYSA-1: A Study of Anti-CD19 Chimeric Antigen Receptor T-Cell (CD19 CAR T) Therapy, in Subjects With Refractory Lupus Nephritis",TERMINATED,2023.0,PHASE1|PHASE2,Kyverna Therapeutics,INDUSTRY,Study discontinued due to sponsor decision.,"Funding, business or strategic decision",False,False,False
NCT06549296,Gene editing & gene therapy,Engineered T-cell therapy (CAR-T),Clinical Study on Targeted CD19CAR-T Therapy for Autoimmune Diseases,SUSPENDED,2024.0,EARLY_PHASE1,"Nanjing Bioheng Biotech Co., Ltd.",INDUSTRY,R\&D strategy adjustment,"Funding, business or strategic decision",False,True,False
NCT04106076,Gene editing & gene therapy,Engineered T-cell therapy (CAR-T),Phase I Study of UCART123 in Patient With Adverse Genetic Risk Acute Myeloid Leukemia,WITHDRAWN,2019.0,PHASE1,Cellectis S.A.,INDUSTRY,The trial was discontinued due to sponsor's decision and not a consequence of any safety concern,"Funding, business or strategic decision",False,False,False
NCT03628053,Gene editing & gene therapy,Engineered T-cell therapy (CAR-T),Tisagenlecleucel vs Blinatumomab or Inotuzumab for Patients With Relapsed/Refractory B-cell Precursor Acute Lymphoblastic Leukemia,WITHDRAWN,2020.0,PHASE3,Novartis Pharmaceuticals,INDUSTRY,Novartis is no longer pursuing this study because of planned investigation of novel CAR-T therapies in this patient population.,"Funding, business or strategic decision",True,True,False
NCT06935474,Gene editing & gene therapy,Engineered T-cell therapy (CAR-T),C-CAR168 CAR T Cell Therapy for Refractory Autoimmune Disease,WITHDRAWN,2026.0,PHASE1|PHASE2,AbelZeta Inc.,INDUSTRY,Sponsor decision to discontinue development and pursue an alternative clinical development strategy,"Funding, business or strategic decision",False,True,False
NCT02209376,Gene editing & gene therapy,Engineered T-cell therapy (CAR-T),Autologous T Cells Redirected to EGFRVIII-With a Chimeric Antigen Receptor in Patients With EGFRVIII+ Glioblastoma,TERMINATED,2014.0,PHASE1,University of Pennsylvania,OTHER,Sponsor decision to terminate prior to completion to pursue combination therapies.,"Funding, business or strategic decision",False,False,False
NCT03203369,Gene editing & gene therapy,Engineered T-cell therapy (CAR-T),Study to Evaluate the Safety and Clinical Activity of UCART123 in Patients With BPDCN,TERMINATED,2017.0,PHASE1,Cellectis S.A.,INDUSTRY,The trial was discontinued due to sponsor's decision and not a consequence of any safety concern.,"Funding, business or strategic decision",False,False,False
NCT05172596,Gene editing & gene therapy,Engineered T-cell therapy (CAR-T),PHE885 CAR-T Therapy in Adult Participants With Relapsed and Refractory Multiple Myeloma,TERMINATED,2022.0,PHASE2,Novartis Pharmaceuticals,INDUSTRY,The study was terminated since the sponsor made the decision to discontinue further development of the study drug durcabtagene autoleucel (PHE885).,"Funding, business or strategic decision",False,False,False
NCT06866080,Gene editing & gene therapy,Engineered T-cell therapy (CAR-T),A Study of LCAR-AIO in Subjects With Relapsed/Refractory Autoimmune Diseases,WITHDRAWN,2025.0,EARLY_PHASE1,Nanjing Legend Biotech Co.,INDUSTRY,Discontinue further development of LCAR-AIO program,"Funding, business or strategic decision",False,False,False
NCT07453446,Gene editing & gene therapy,Engineered T-cell therapy (CAR-T),Clinical Study of U29 Injection (CD30-CART) in Patients With CD30-Positive Relapsed/Refractory Lymphoma,WITHDRAWN,2025.0,PHASE1,"Shanghai Unicar-Therapy Bio-medicine Technology Co.,Ltd",INDUSTRY,"The main consideration is the allocation of company resources, We can only terminate this research.","Funding, business or strategic decision",True,True,False
NCT06110208,Gene editing & gene therapy,Engineered T-cell therapy (CAR-T),Study to Evaluate the Safety and Preliminary Efficacy of CLL1 and CD38 Dual CAR-T in r/r AML,TERMINATED,2023.0,EARLY_PHASE1,920th Hospital of Joint Logistics Support Force of People's Liberation Army of China,OTHER,Collaborator's decision,"Funding, business or strategic decision",False,False,False
NCT07338357,Gene editing & gene therapy,Engineered T-cell therapy (CAR-T),Clinical Study of CLL-1 CAR-T in the Treatment of Children With R/R AML,WITHDRAWN,2026.0,EARLY_PHASE1,First Affiliated Hospital of Guangxi Medical University,OTHER,Strategic adjustment.,"Funding, business or strategic decision",False,True,False
NCT07410377,Gene editing & gene therapy,Engineered T-cell therapy (CAR-T),UCAR T-cell Therapy Targeting CD19/ BCMA(QT-019C) in Patients With Relapse/ Refractory Autoimmune Diseases,WITHDRAWN,2026.0,EARLY_PHASE1,The Affiliated Hospital of Xuzhou Medical University,OTHER,Internal decision.,"Funding, business or strategic decision",False,False,False
NCT06752876,Gene editing & gene therapy,Engineered T-cell therapy (CAR-T),"CRISPR-Edited Allogeneic Anti-CD19 CAR-T Cell Therapy, in Patients With Refractory Systemic Lupus Erythematosus (GALLOP)",WITHDRAWN,2027.0,PHASE1,"Caribou Biosciences, Inc.",INDUSTRY,Sponsor Strategic Pipeline Prioritization with Focus on CB-010 and CB-011 Oncology Programs,"Funding, business or strategic decision",False,True,False
NCT02664363,Gene editing & gene therapy,Engineered T-cell therapy (CAR-T),EGFRvIII CAR T Cells for Newly-Diagnosed WHO Grade IV Malignant Glioma,TERMINATED,2017.0,PHASE1,Daniel Landi,OTHER,Study funding ended,"Funding, business or strategic decision",True,True,False
NCT06342960,Gene editing & gene therapy,Engineered T-cell therapy (CAR-T),"KYSA-3: A Study of Anti-CD19 Chimeric Antigen Receptor T-Cell (CD19 CAR T) Therapy, in Subjects With Refractory Lupus Nephritis",TERMINATED,2022.0,PHASE1|PHASE2,Kyverna Therapeutics,INDUSTRY,Study discontinued due to sponsor decision.,"Funding, business or strategic decision",False,False,False
NCT04094766,Gene editing & gene therapy,Engineered T-cell therapy (CAR-T),Safety and Efficacy of Dual Specificity CD19 and CD22 CAR-T Cell Immunotherapy in R/R Acute B Lymphoblastic Leukemia,WITHDRAWN,2017.0,PHASE1,Second Affiliated Hospital of Xi'an Jiaotong University,OTHER,Production plan adjustment,"Funding, business or strategic decision",False,False,False
NCT06248086,Gene editing & gene therapy,Engineered T-cell therapy (CAR-T),A Study to Find a Suitable Dose of ASP2802 in People With CD20-positive B-cell Lymphomas,TERMINATED,2024.0,PHASE1,"Astellas Pharma Global Development, Inc.",INDUSTRY,The termination of the study was a business decision made by the sponsor.,"Funding, business or strategic decision",False,True,False
NCT06009107,Gene editing & gene therapy,Engineered T-cell therapy (CAR-T),A Study of HY004 Treatment in Adult Relapsed/Refractory B-precursor Acute Lymphoblastic Leukemia (r/r B-ALL),WITHDRAWN,2025.0,PHASE1|PHASE2,Juventas Cell Therapy Ltd.,INDUSTRY,Sponsor changed product development plan,"Funding, business or strategic decision",False,False,False
NCT04562298,Gene editing & gene therapy,Engineered T-cell therapy (CAR-T),"A Phase I Clinical Study to Evaluate the Safety, Tolerability, and Efficacy of LCAR-M23, a CAR-T Cell Therapy Targeting MSLN in Patients With Relapsed and Refractory Epithelial Ovarian Cancer",TERMINATED,2020.0,PHASE1,Shanghai East Hospital,OTHER,Both the sponsors and collaborator are considering terminating the study.,"Funding, business or strategic decision",False,False,False
NCT07006805,Gene editing & gene therapy,Engineered T-cell therapy (CAR-T),RESET-MS: A Study to Evaluate the Safety and Efficacy of CABA-201 in Participants With Multiple Sclerosis,WITHDRAWN,2026.0,PHASE1|PHASE2,Cabaletta Bio,INDUSTRY,The study was withdrawn prior to site activation and before enrollment of any participants due to sponsor decision to reprioritize the development portfolio.,"Funding, business or strategic decision",False,True,False
NCT03579927,Gene editing & gene therapy,Engineered T-cell therapy (CAR-T),"CAR.CD19-CD28-zeta-2A-iCasp9-IL15-Transduced Cord Blood NK Cells, High-Dose Chemotherapy, and Stem Cell Transplant in Treating Participants With B-cell Lymphoma",WITHDRAWN,2019.0,PHASE1|PHASE2,M.D. Anderson Cancer Center,OTHER,Lack of Funding,"Funding, business or strategic decision",True,True,False
NCT06128044,Gene editing & gene therapy,Engineered T-cell therapy (CAR-T),CRISPR-Edited Allogeneic Anti-CLL-1 CAR-T Cell Therapy in Patients With Relapsed/Refractory Acute Myeloid Leukemia,TERMINATED,2024.0,PHASE1,"Caribou Biosciences, Inc.",INDUSTRY,Sponsor Decision - Pipeline Reprioritization,"Funding, business or strategic decision",False,True,False
NCT07049081,Gene editing & gene therapy,Engineered T-cell therapy (CAR-T),A Study of LUCAR-G79 in Subjects With Relapsed/Refractory Autoimmune Diseases,TERMINATED,2025.0,PHASE1,Nanjing Legend Biotech Co.,INDUSTRY,pipeline adjustment,"Funding, business or strategic decision",False,False,False
NCT06462144,Gene editing & gene therapy,Engineered T-cell therapy (CAR-T),"IMPT-514 in Systemic Lupus Erythematosus, Anca-associated Vasculitis, and Idiopathic Inflammatory Myopathy",TERMINATED,2024.0,EARLY_PHASE1,The Affiliated Nanjing Drum Tower Hospital of Nanjing University Medical School,OTHER,The collaborating party has adjusted its R\&D strategy and terminated the study.,"Funding, business or strategic decision",False,True,False
NCT06400303,Gene editing & gene therapy,Engineered T-cell therapy (CAR-T),"KYSA-5: A Study of Anti-CD19 Chimeric Antigen Receptor T-Cell (CD19 CAR T) Therapy, in Subjects With Systemic Sclerosis",TERMINATED,2024.0,PHASE1|PHASE2,Kyverna Therapeutics,INDUSTRY,Study discontinued due to sponsor decision,"Funding, business or strategic decision",False,False,False
NCT06153095,Gene editing & gene therapy,Engineered T-cell therapy (CAR-T),A Study of IMPT-514 in Active Refractory Lupus Nephritis (LN) and Systemic Lupus Erythematosus (SLE),WITHDRAWN,2024.0,PHASE1|PHASE2,"Lyell Immunopharma, Inc.",INDUSTRY,Sponsor decision,"Funding, business or strategic decision",False,False,False
NCT07093086,Gene editing & gene therapy,Engineered T-cell therapy (CAR-T),Clinical Study of Multi-targeted CAR-T Therapy in Patients With Relapsed/Refractory B-Cell Lymphoma,WITHDRAWN,2024.0,PHASE1,"Shanghai Unicar-Therapy Bio-medicine Technology Co.,Ltd",INDUSTRY,"The primary consideration is the allocation of company resources, and we have no choice but to terminate this research.","Funding, business or strategic decision",True,True,False
NCT04176913,Gene editing & gene therapy,Engineered T-cell therapy (CAR-T),Study of LUCAR-20S in Patients With R/R NHL,TERMINATED,2020.0,PHASE1,The First Affiliated Hospital with Nanjing Medical University,OTHER,Both the sponsors and collaborator are considering terminating the study,"Funding, business or strategic decision",False,False,False
NCT04318327,Gene editing & gene therapy,Engineered T-cell therapy (CAR-T),BCMA-directed CAR-T Cell Therapy in Adult Patients With Multiple Myeloma,TERMINATED,2020.0,PHASE1,Novartis Pharmaceuticals,INDUSTRY,Business decision,"Funding, business or strategic decision",False,True,False
NCT03060356,Gene editing & gene therapy,Engineered T-cell therapy (CAR-T),Autologous T Cells Expressing MET scFv CAR (RNA CART-cMET),TERMINATED,2016.0,EARLY_PHASE1,University of Pennsylvania,OTHER,Halt in funding,"Funding, business or strategic decision",True,True,False
NCT06940804,Gene editing & gene therapy,Engineered T-cell therapy (CAR-T),A Clinical Study Investigating the Therapeutic Effects and Safety of an Investigational Cell Therapy Given With and Without an Additional Investigational Product in Males With Testicular Cancer or a Form of Cancer That Developed From Sperm,WITHDRAWN,2025.0,PHASE2,BioNTech SE,INDUSTRY,Sponsor decision,"Funding, business or strategic decision",False,False,False
NCT05714345,Gene editing & gene therapy,Engineered T-cell therapy (CAR-T),Evaluation of Lymphodepletion With ALLO-647 in Adults With R/R Large B Cell Lymphoma Receiving ALLO-501A Allogeneic CAR T Cell Therapy,TERMINATED,2023.0,PHASE2,Allogene Therapeutics,INDUSTRY,Terminated early for business reasons.,"Funding, business or strategic decision",False,True,False
NCT05199961,Gene editing & gene therapy,Engineered T-cell therapy (CAR-T),Quality of Life of Adults With Diffuse Large B-cell Lymphoma Treated With Tisagenlecleucel,TERMINATED,2022.0,,Pack Health,INDUSTRY,Sponsor requested early termination,"Funding, business or strategic decision",False,False,False
NCT04855136,Gene editing & gene therapy,Engineered T-cell therapy (CAR-T),Safety and Efficacy of bb2121 (Ide-cel) Combinations in Multiple Myeloma,TERMINATED,2021.0,PHASE1,Celgene,INDUSTRY,Business objectives have changed,"Funding, business or strategic decision",False,True,False
NCT07364487,Gene editing & gene therapy,Engineered T-cell therapy (CAR-T),This is an Open-Label Study to Assess the Safety and Efficacy of GC012F in Patients With Multiple Sclerosis,WITHDRAWN,2026.0,EARLY_PHASE1,Huashan Hospital,OTHER,"Due to the sponsor's adjustment of the research and development strategy for this clinical trial, this study was prematurely terminated, and no subjects were recruited for this study.","Funding, business or strategic decision",False,True,False
NCT03960060,Gene editing & gene therapy,Engineered T-cell therapy (CAR-T),A Study of CCT301-59 CAR T Therapy in Adult Subjects With Recurrent or Refractory Solid Tumors,TERMINATED,2019.0,PHASE1,"Shanghai PerHum Therapeutics Co., Ltd.",INDUSTRY,Adjustment of study strategy,"Funding, business or strategic decision",False,True,False
NCT07196124,Gene editing & gene therapy,Engineered T-cell therapy (CAR-T),BCMA/GPRC5D CAR-T Therapy for Multiple Myeloma,WITHDRAWN,2025.0,EARLY_PHASE1,"Guangzhou Bio-gene Technology Co., Ltd",INDUSTRY,Due to corporate strategic adjustment.,"Funding, business or strategic decision",False,True,False
NCT04037241,Gene editing & gene therapy,Engineered T-cell therapy (CAR-T),Study of Anti-CEA CAR-T + Chemotherapy VS Chemotherapy Alone in Patients With CEA+Pancreatic Cancer & Liver Metastases,WITHDRAWN,2021.0,PHASE2|PHASE3,"Sorrento Therapeutics, Inc.",INDUSTRY,Sponsor terminated,"Funding, business or strategic decision",False,False,False
NCT06912529,Gene editing & gene therapy,Engineered T-cell therapy (CAR-T),Axicabtagene Ciloleucel CAR T-cells in Patients With Relapsed or Refractory Primary Mediastinal B-cell Lymphoma,TERMINATED,2025.0,PHASE2,Universität Münster,OTHER,Funder of the study terminated contract,"Funding, business or strategic decision",True,True,False
NCT04275154,Gene editing & gene therapy,Engineered T-cell therapy (CAR-T),"Immunological Parameters, Neurocognitive Changes, Activity, & Driving Fitness in Patients Undergoing CAR-T Cell Therapy",WITHDRAWN,2021.0,,University of Nebraska,OTHER,"Covid-19 did suspend the study for a period, then when trying to re-open the collaborating department had restructured fees which made it impossible to do the study with the limited grant funds available for this project.","Funding, business or strategic decision",True,True,False
NCT05645744,Gene editing & gene therapy,Engineered T-cell therapy (CAR-T),Long-term Follow-up Study in Patients Previously Treated With a Mustang Bio CAR-T Cell Investigational Product.,TERMINATED,2021.0,,Mustang Bio,INDUSTRY,Business Reasons,"Funding, business or strategic decision",False,True,False
NCT05896163,Gene editing & gene therapy,Engineered T-cell therapy (CAR-T),A Study to Learn About the Effects of Two Study Medicines (Maplirpacept [PF-07901801] And Glofitamab) When Given Together In People With Relapsed Or Refractory Diffuse Large B Cell Lymphoma.,TERMINATED,2023.0,PHASE1|PHASE2,Pfizer,INDUSTRY,Business/Administrative decision to pursue other programs/assets within the oncology portfolio. Not due to any detected safety signals or requests from regulatory authorities.,"Funding, business or strategic decision",False,True,True
NCT06005649,Gene editing & gene therapy,Engineered T-cell therapy (CAR-T),Clinical Trial of HY004 Cell Injection in the Treatment of Relapsed or Refractory B-Cell Non-Hodgkin's Lymphoma,WITHDRAWN,2025.0,PHASE1|PHASE2,Juventas Cell Therapy Ltd.,INDUSTRY,Sponsor changed product development plan,"Funding, business or strategic decision",False,False,False
NCT04390542,Gene editing & gene therapy,Engineered T-cell therapy (CAR-T),Intervention for Caregivers of Patients Undergoing HSCT or CAR T-cell Therapy,WITHDRAWN,2021.0,,Case Comprehensive Cancer Center,OTHER,Funding unavailable,"Funding, business or strategic decision",True,True,False
NCT06561425,Gene editing & gene therapy,Engineered T-cell therapy (CAR-T),A Study Evaluating the Safety and Efficacy of GLPG5101 (19CP02) in Participants With Non-Hodgkin Lymphoma,TERMINATED,2022.0,PHASE1|PHASE2,Lakefront Biotherapeutics NV,INDUSTRY,"Following the decision by Galapagos NV to wind down its cell therapy programs, the study was early terminated at the end of the study treatment period for the last subject (27-May-2026).","Funding, business or strategic decision",False,False,False
NCT06984341,Gene editing & gene therapy,Engineered T-cell therapy (CAR-T),"A Study to Evaluate the Safety, Tolerability, Cellular Kinetics, Pharmacodynamics, and Efficacy of P-CD19CD20-ALLO1 in Participants With Severe, Treatment-refractory Systemic Lupus Erythematosus (SLE)",WITHDRAWN,2026.0,PHASE1,"Genentech, Inc.",INDUSTRY,Decision of Sponsor.,"Funding, business or strategic decision",False,False,False
NCT05664217,Gene editing & gene therapy,Engineered T-cell therapy (CAR-T),NKTR-255 vs Placebo Following CD19-directed CAR-T Therapy in Patients With Relapsed/Refractory Large B-cell Lymphoma,TERMINATED,2022.0,PHASE2|PHASE3,Nektar Therapeutics,INDUSTRY,Sponsor decided to end the study,"Funding, business or strategic decision",False,False,False
NCT04697290,Gene editing & gene therapy,Engineered T-cell therapy (CAR-T),CD19/CD20 Dual-CAR-T in B-cell Non-Hodgkin's Lymphoma Patients.,SUSPENDED,2022.0,EARLY_PHASE1,Beijing Tsinghua Chang Gung Hospital,OTHER,Plan adjustment,"Funding, business or strategic decision",False,False,False
NCT04109482,Gene editing & gene therapy,Engineered T-cell therapy (CAR-T),Trial to Evaluate the Safety and Efficacy of MB-102 in Patients With BPDCN.,TERMINATED,2020.0,PHASE1|PHASE2,Mustang Bio,INDUSTRY,Business reasons.,"Funding, business or strategic decision",False,True,False
NCT05179603,Gene editing & gene therapy,Engineered T-cell therapy (CAR-T),A Study of SAR444245 With or Without Other Anticancer Therapies for the Treatment of Adults and Adolescents With Relapsed or Refractory B Cell Lymphoma (Master Protocol) [Pegathor Lymphoma 205],TERMINATED,2021.0,PHASE2,Sanofi,INDUSTRY,Early discontinuation based on strategic sponsor decision not driven by any safety concerns,"Funding, business or strategic decision",False,True,False
NCT03393936,Gene editing & gene therapy,Engineered T-cell therapy (CAR-T),Safety and Efficacy of CCT301 CAR-T in Adult Subjects With Recurrent or Refractory Stage IV Renal Cell Carcinoma,TERMINATED,2018.0,PHASE1|PHASE2,"Shanghai PerHum Therapeutics Co., Ltd.",INDUSTRY,Adjustment of study strategy,"Funding, business or strategic decision",False,True,False
NCT07195617,Gene editing & gene therapy,Engineered T-cell therapy (CAR-T),Clinical Study on Evaluating the Safety and Effectiveness of BCMA-GPRC5D CAR-T in Patients With Relapsed/Refractory Multiple Myeloma Who Have Received Third-line or Above Treatment,WITHDRAWN,2025.0,,"Guangzhou Bio-gene Technology Co., Ltd",INDUSTRY,Due to corporate strategic adjustment.,"Funding, business or strategic decision",False,True,False
NCT06429800,Gene editing & gene therapy,Engineered T-cell therapy (CAR-T),A Study to Evaluate the Safety and Preliminary Efficacy of ATA3219 in Participants With Systemic Lupus Erythematosus,WITHDRAWN,2025.0,PHASE1,Atara Biotherapeutics,INDUSTRY,Financial,"Funding, business or strategic decision",True,True,False
NCT07108140,Gene editing & gene therapy,Engineered T-cell therapy (CAR-T),Engineered T-cell Therapy for Patients With ALPP-Positive Advanced Solid Tumors,TERMINATED,2025.0,EARLY_PHASE1,TCRCure Biopharma Ltd.,INDUSTRY,Portfolio prioritization,"Funding, business or strategic decision",False,True,False
NCT03768310,Gene editing & gene therapy,Engineered T-cell therapy (CAR-T),CD19.CAR-multiVSTs for Patients With CD19+ B-ALL or NHL Undergoing Related Allogeneic HSCT (CARMA),WITHDRAWN,2022.0,PHASE1,Baylor College of Medicine,OTHER,We decided to move on to another product and as a result will not be moving forward with this study.,"Funding, business or strategic decision",False,False,False
NCT07152210,Gene editing & gene therapy,Engineered T-cell therapy (CAR-T),Clinical Study on the Safety and Preliminary Efficacy of CDH17/GUCY2C CAR-T in the Treatment of Patients With Advanced Colorectal Cancer,WITHDRAWN,2024.0,,"Guangzhou Bio-gene Technology Co., Ltd",INDUSTRY,Due to corporate strategic adjustment.,"Funding, business or strategic decision",False,True,False
NCT05972720,Gene editing & gene therapy,Engineered T-cell therapy (CAR-T),A Phase 2 Study of Firi-cel in Patients With Relapsed/Refractory Large B-cell Lymphoma,TERMINATED,2023.0,PHASE2,CARGO Therapeutics,INDUSTRY,"Company decision to stop trial, withdraw the IND and close down operations.","Funding, business or strategic decision",False,False,False
NCT04219319,Gene editing & gene therapy,Engineered T-cell therapy (CAR-T),LCAR-T2C CAR-T Cells in Relapsed or Refractory CD4+ T-cell Lymphoma,TERMINATED,2021.0,PHASE1,The First Affiliated Hospital with Nanjing Medical University,OTHER,Both the sponsors and collaborator are considering terminating the study,"Funding, business or strategic decision",False,False,False
NCT04142619,Gene editing & gene therapy,Engineered T-cell therapy (CAR-T),Study Evaluating Safety and Efficacy of UCART Targeting CS1 in Patients With Relapsed/Refractory Multiple Myeloma (MELANI-01),TERMINATED,2019.0,PHASE1,Cellectis S.A.,INDUSTRY,The trial was discontinued due to sponsor's decision and not a consequence of any safety concern.,"Funding, business or strategic decision",False,False,False
NCT07315503,Gene editing & gene therapy,Engineered T-cell therapy (CAR-T),An Open-label Study of GC012F in Rheumatoid Arthritis.,WITHDRAWN,2027.0,EARLY_PHASE1,"Institute of Hematology & Blood Diseases Hospital, China",OTHER,"Due to the sponsor's adjustment of the research and development strategy for this clinical trial, this study was prematurely terminated, and no subjects were recruited for this study","Funding, business or strategic decision",False,True,False
NCT03098355,Gene editing & gene therapy,Engineered T-cell therapy (CAR-T),Interleukin-2 Following 4SCAR19/22 T Cells Targeting Refractory and/or Recurrent B Cell Malignancies,WITHDRAWN,2017.0,PHASE1|PHASE2,Zhujiang Hospital,OTHER,The company did not offer the appropriate CART services.,"Funding, business or strategic decision",False,False,False
NCT05943314,Gene editing & gene therapy,Engineered T-cell therapy (CAR-T),Clinical Study on Safety and Efficacy of Anti-CLL1 /+CD33 CAR T Cells in the Treatment of Acute Myeloid Leukemia,WITHDRAWN,2023.0,,"Guangzhou Bio-gene Technology Co., Ltd",INDUSTRY,The clinical trial was terminated due to a change in sponsor strategy.,"Funding, business or strategic decision",False,True,False
NCT03288493,Gene editing & gene therapy,Engineered T-cell therapy (CAR-T),P-BCMA-101 Tscm CAR-T Cells in the Treatment of Patients With Multiple Myeloma (MM),TERMINATED,2017.0,PHASE1|PHASE2,"Poseida Therapeutics, Inc.",INDUSTRY,Phase I portion of the study was completed. The phase II portion of the study was terminated early to focus on an Allogeneic BCMA CAR-T program.,"Funding, business or strategic decision",False,False,False
NCT04973527,Gene editing & gene therapy,Engineered T-cell therapy (CAR-T),LCAR-T2C CAR-T Cells in Relapsed or Refractory CD4+ T Lymphocyte Tumor,TERMINATED,2021.0,PHASE1,Beijing Boren Hospital,OTHER,Both the sponsors and collaborator are considering terminating the study,"Funding, business or strategic decision",False,False,False
NCT07152223,Gene editing & gene therapy,Engineered T-cell therapy (CAR-T),Clinical Study on the Safety and Efficacy of CD19-BCMA CAR-T Cell Therapy for Connective Tissue Diseases,WITHDRAWN,2025.0,,"Guangzhou Bio-gene Technology Co., Ltd",INDUSTRY,Due to corporate strategic adjustment.,"Funding, business or strategic decision",False,True,False
NCT03752541,Gene editing & gene therapy,Engineered T-cell therapy (CAR-T),Efficacy and Safety Evaluation of BCMA-UCART,SUSPENDED,2019.0,,Bioray Laboratories,INDUSTRY,decided by the sponsor,"Funding, business or strategic decision",False,False,False
NCT06068400,Gene editing & gene therapy,Engineered T-cell therapy (CAR-T),Clinical Study to Evaluate the Safety and Efficacy of CAR-T in the Treatment of Relapsed or Refractory Multiple Myeloma,TERMINATED,2023.0,,"Guangzhou Bio-gene Technology Co., Ltd",INDUSTRY,Due to corporate strategic adjustment.,"Funding, business or strategic decision",False,True,False
NCT07071909,Gene editing & gene therapy,Engineered T-cell therapy (CAR-T),Immune Reconstitution Monitoring and Pneumococcal Vaccination in Patients Treated With CAR-T Cells,WITHDRAWN,2025.0,PHASE1|PHASE2,UNC Lineberger Comprehensive Cancer Center,OTHER,Funding unavailable,"Funding, business or strategic decision",True,True,False
NCT03287817,Gene editing & gene therapy,Engineered T-cell therapy (CAR-T),Cluster of Differentiation Antigen 19/22(CD19/22) CAR T Cells (AUTO3) for the Treatment of Diffuse Large B Cell Lymphoma,TERMINATED,2017.0,PHASE1|PHASE2,Autolus Limited,INDUSTRY,"After reviewing the data and taking into consideration the available treatment landscape in r/r DLBCL, Autolus didn't progress into the Phase II part of the study and submitted a Notification of End of Trial (MHRA reference 46113/0003/001-0016).","Funding, business or strategic decision",False,False,False
NCT06362421,Gene editing & gene therapy,CRISPR nuclease editing,Saliva Testing for High-Risk Human Papillomavirus Infection Oral Cavity and Pharynx Cancer,WITHDRAWN,2025.0,,Wake Forest University Health Sciences,OTHER,PI not moving forward with study at our institution,"Investigator, site or administrative",False,False,False
NCT05507996,Gene editing & gene therapy,AAV gene transfer,Recombinant Adeno-associated Virus Administration for Patients With Menkes Syndrome,TERMINATED,2022.0,EARLY_PHASE1,Kunming Hope of Health Hospital,OTHER,The PI decides to stop.,"Investigator, site or administrative",False,False,False
NCT01551043,Gene editing & gene therapy,Lentiviral ex vivo gene therapy,Allo CART-19 Protocol,TERMINATED,2010.0,PHASE1,University of Pennsylvania,OTHER,Administrative Reasons,"Investigator, site or administrative",False,False,False
NCT03323944,Gene editing & gene therapy,Lentiviral ex vivo gene therapy,CAR T Cell Immunotherapy for Pancreatic Cancer,TERMINATED,2017.0,PHASE1,University of Pennsylvania,OTHER,Administrative reasons,"Investigator, site or administrative",False,False,False
NCT03126864,Gene editing & gene therapy,Lentiviral ex vivo gene therapy,Study of Adoptive Cellular Therapy Using Autologous T Cells Transduced With Lentivirus to Express a CD33 Specific Chimeric Antigen Receptor in Patients With Relapsed or Refractory CD33-Positive Acute Myeloid Leukemia,TERMINATED,2017.0,PHASE1,M.D. Anderson Cancer Center,OTHER,Terminated per the PI's request.,"Investigator, site or administrative",False,False,False
NCT02343666,Gene editing & gene therapy,Lentiviral ex vivo gene therapy,HIV-Resistant Gene Modified Stem Cells and Chemotherapy in Treating Patients With Lymphoma With HIV Infection,WITHDRAWN,2016.0,PHASE1,Fred Hutchinson Cancer Center,OTHER,Administrative closure prior to any enrollments,"Investigator, site or administrative",False,False,False
NCT05950113,Gene editing & gene therapy,Lentiviral ex vivo gene therapy,CART-BCMA/CS1 in Treating Patients With Relapsed or Refractory Multiple Myeloma,WITHDRAWN,2024.0,PHASE1,Jonsson Comprehensive Cancer Center,OTHER,The study was withdrawn before opening,"Investigator, site or administrative",False,False,False
NCT04614987,Gene editing & gene therapy,Engineered T-cell therapy (CAR-T),Serum Neurofilament Light (NfL) as a Marker for Brain Injury in Individuals Undergoing Chimeric Antigen Receptor-modified T Therapy,TERMINATED,2021.0,,Washington University School of Medicine,OTHER,PI decided to close study early.,"Investigator, site or administrative",False,False,False
NCT01551043,Gene editing & gene therapy,Engineered T-cell therapy (CAR-T),Allo CART-19 Protocol,TERMINATED,2010.0,PHASE1,University of Pennsylvania,OTHER,Administrative Reasons,"Investigator, site or administrative",False,False,False
NCT04678336,Gene editing & gene therapy,Engineered T-cell therapy (CAR-T),CD123 Redirected T Cells for AML in Pediatric Subjects,TERMINATED,2021.0,PHASE1,University of Pennsylvania,OTHER,Administrative reasons,"Investigator, site or administrative",False,False,False
NCT04160195,Gene editing & gene therapy,Engineered T-cell therapy (CAR-T),T Cells Expressing Fully-human Anti-CD19 and Anti-CD20 Chimeric Antigen Receptors for Treating B-cell Malignancies and Hodgkin Lymphoma,TERMINATED,2019.0,PHASE1,National Cancer Institute (NCI),NIH,The original principal investigator left the National Institutes of Health (NCI) and the decision was made to close the study to enrollment.,"Investigator, site or administrative",True,True,False
NCT03766126,Gene editing & gene therapy,Engineered T-cell therapy (CAR-T),Lentivirally Redirected CD123 Autologous T Cells in AML,TERMINATED,2018.0,PHASE1,University of Pennsylvania,OTHER,Administrative reasons.,"Investigator, site or administrative",False,False,False
NCT03323944,Gene editing & gene therapy,Engineered T-cell therapy (CAR-T),CAR T Cell Immunotherapy for Pancreatic Cancer,TERMINATED,2017.0,PHASE1,University of Pennsylvania,OTHER,Administrative reasons,"Investigator, site or administrative",False,False,False
NCT02935543,Gene editing & gene therapy,Engineered T-cell therapy (CAR-T),CART19 in Adult Patients With Minimal Residual Disease During Upfront Treatment for ALL,TERMINATED,2016.0,PHASE2,University of Pennsylvania,OTHER,Study is terminated because of administrative reasons.,"Investigator, site or administrative",False,False,False
NCT04270461,Gene editing & gene therapy,Engineered T-cell therapy (CAR-T),NKG2D-based CAR T-cells Immunotherapy for Patient With r/r NKG2DL+ Solid Tumors,WITHDRAWN,2020.0,PHASE1,Jiujiang University Affiliated Hospital,OTHER_GOV,Study is withdrawn because of administrative reasons,"Investigator, site or administrative",False,False,False
NCT05571540,Gene editing & gene therapy,Engineered T-cell therapy (CAR-T),Anti-CD19 Universal CAR-T Cells for r/r CD19+ B-ALL,WITHDRAWN,2022.0,PHASE1|PHASE2,Kunming Hope of Health Hospital,OTHER,The PI decides to stop.,"Investigator, site or administrative",False,False,False
NCT02624258,Gene editing & gene therapy,Engineered T-cell therapy (CAR-T),"Pilot Study of Non-Viral, RNA-Redirected Autologous T Cells in Patients With Refractory or Relapsed Hodgkin Lymphoma",TERMINATED,2015.0,EARLY_PHASE1,University of Pennsylvania,OTHER,Principal Investigator decision to stop trial,"Investigator, site or administrative",True,True,False
NCT05442580,Gene editing & gene therapy,Engineered T-cell therapy (CAR-T),CART-38 in Adult AML and MM Patients,TERMINATED,2023.0,PHASE1,University of Pennsylvania,OTHER,Administrative decision,"Investigator, site or administrative",False,False,False
NCT05362331,Gene editing & gene therapy,Engineered T-cell therapy (CAR-T),Companion for CAR-T Web App During Chimeric Antigen Receptor T-cell Therapy,WITHDRAWN,2023.0,,"University of California, San Francisco",OTHER,Contract issues,"Investigator, site or administrative",False,False,False
NCT03126864,Gene editing & gene therapy,Engineered T-cell therapy (CAR-T),Study of Adoptive Cellular Therapy Using Autologous T Cells Transduced With Lentivirus to Express a CD33 Specific Chimeric Antigen Receptor in Patients With Relapsed or Refractory CD33-Positive Acute Myeloid Leukemia,TERMINATED,2017.0,PHASE1,M.D. Anderson Cancer Center,OTHER,Terminated per the PI's request.,"Investigator, site or administrative",False,False,False
NCT04503538,Gene editing & gene therapy,Engineered T-cell therapy (CAR-T),Telemedicine for Early Detection of Cytokine Release Syndrome and Neurotoxicity,WITHDRAWN,2020.0,,Wake Forest University Health Sciences,OTHER,Principal investigator decided not to pursue trial,"Investigator, site or administrative",True,True,False
NCT04877080,Gene editing & gene therapy,Engineered T-cell therapy (CAR-T),CD19 and BCMA Targeted Fast Dual CAR-T for CD19+ Refractory/Relapsed B-NHL,WITHDRAWN,2021.0,PHASE1,920th Hospital of Joint Logistics Support Force of People's Liberation Army of China,OTHER,The PI decides to withdraw the research.,"Investigator, site or administrative",False,False,False
NCT05138458,Gene editing & gene therapy,Engineered T-cell therapy (CAR-T),A Study of MT-101 in Subjects With CD5+ Relapsed/Refractory TCL,SUSPENDED,2021.0,PHASE1|PHASE2,Myeloid Therapeutics,INDUSTRY,Temporary operational pause; no safety concerns.,"Investigator, site or administrative",False,False,True
NCT02794246,Gene editing & gene therapy,Engineered T-cell therapy (CAR-T),CART-19 Post-ASCT for Multiple Myeloma,TERMINATED,2016.0,PHASE2,University of Pennsylvania,OTHER,Study was terminated due to administrative reasons.,"Investigator, site or administrative",False,False,False
NCT06210243,Gene editing & gene therapy,Engineered T-cell therapy (CAR-T),C752 for Refractory/Relapsed B Cell Non-Hodgkin Lymphoma,TERMINATED,2023.0,PHASE1,920th Hospital of Joint Logistics Support Force of People's Liberation Army of China,OTHER,Due to the PI's determination,"Investigator, site or administrative",False,False,False
NCT05929716,Gene editing & gene therapy,Engineered T-cell therapy (CAR-T),"An Open-Label, Single Center Phase 2 Study of Magrolimab, Rituximab and Radiation as Bridging Strategy Before CAR T-Cell Therapy in Patients With Relapsed or Refractory Large B-cell Lymphoma",WITHDRAWN,2023.0,PHASE2,M.D. Anderson Cancer Center,OTHER,Per Principal Investigator request,"Investigator, site or administrative",True,True,False
NCT06767956,Gene editing & gene therapy,Engineered T-cell therapy (CAR-T),Golcadomide and Nivolumab in Patients With Non-Hodgkin Lymphoma With Refractory Disease After Chimeric Antigen T-cell Therapy,WITHDRAWN,2025.0,PHASE1|PHASE2,University of Pittsburgh,OTHER,IND Sponsor-Investigator left institution,"Investigator, site or administrative",True,True,False
NCT05950113,Gene editing & gene therapy,Engineered T-cell therapy (CAR-T),CART-BCMA/CS1 in Treating Patients With Relapsed or Refractory Multiple Myeloma,WITHDRAWN,2024.0,PHASE1,Jonsson Comprehensive Cancer Center,OTHER,The study was withdrawn before opening,"Investigator, site or administrative",False,False,False
NCT02640209,Gene editing & gene therapy,Engineered T-cell therapy (CAR-T),Pilot Trial Of Autologous T Cells Engineered To Express Anti-CD19 Chimeric Antigen Receptor (CART19)In Combination With Ibrutinib In Patients With Relapsed Or Refractory CD19+ Chronic Lymphocytic Leukemia (CLL)Or Small Lymphocytic Lymphoma (SLL),TERMINATED,2016.0,EARLY_PHASE1,University of Pennsylvania,OTHER,Study is terminated due to administrative reasons.,"Investigator, site or administrative",False,False,False
NCT05037669,Gene editing & gene therapy,CRISPR nuclease editing,Programmed Allogeneic CRISPR-edited T Cells Engineered to Express Anti-CD19 Chimeric Antigen Receptor (PACE CART19) in Patients With Relapsed Or Refractory CD19+ Leukemia and Lymphoma,WITHDRAWN,2022.0,PHASE1,University of Pennsylvania,OTHER,No available investigational product,Manufacturing or product supply,True,True,False
NCT05613348,Gene editing & gene therapy,Engineered T-cell therapy (CAR-T),CD19 CAR T-cell Target Relapsed/Refractory Acute B Cell Leukemia/Lymphoma,WITHDRAWN,2022.0,PHASE1|PHASE2,Zhujiang Hospital,OTHER,The company failed to provide corresponding CART services.,Manufacturing or product supply,False,False,False
NCT06709131,Gene editing & gene therapy,Engineered T-cell therapy (CAR-T),A Clinical Study to Explore the Safety and Efficacy of CT0991 in Relapsed/Refractory Acute Myeloid Leukemia,SUSPENDED,2025.0,PHASE1,He Huang,OTHER,Product manufacturing process improvement,Manufacturing or product supply,False,False,False
NCT07049432,Gene editing & gene therapy,Engineered T-cell therapy (CAR-T),N-803 Maintenance Therapy Post CAR T-cell Therapy in Patients With Relapsed or Refractory B-cell Non-Hodgkin Lymphomas,WITHDRAWN,2026.0,PHASE1,University of Utah,OTHER,Drug Unavailable,Manufacturing or product supply,False,False,False
NCT06343376,Gene editing & gene therapy,Engineered T-cell therapy (CAR-T),Genetically Engineered Cells (EGFRt/19-28z/IL-12 CAR T Cells) for the Treatment of Relapsed or Refractory CD19+ Hematologic Malignancies,TERMINATED,2024.0,PHASE1,Roswell Park Cancer Institute,OTHER,Manufacturing issues,Manufacturing or product supply,False,False,False
NCT06926985,Gene editing & gene therapy,Engineered T-cell therapy (CAR-T),An Exploratory Clinical Study of Anti-CD19/BCMA Chimeric Antigen Receptor NK Cell Injection in the Treatment of IgA Nephropathy,WITHDRAWN,2025.0,EARLY_PHASE1,Jieyang People's Hospital,OTHER,Due to limitation of production capacity,Manufacturing or product supply,False,False,False
NCT05312476,Gene editing & gene therapy,Engineered T-cell therapy (CAR-T),Clinical Study on CAR-T Targeting Igβ Targets in Refractory Relapsed Non-Hodgkin's Lymphoma,WITHDRAWN,2026.0,PHASE2,The First Affiliated Hospital of Soochow University,OTHER,The study did not initiate because manufacturing of the CAR-T product failed.,Manufacturing or product supply,False,False,False
NCT02194374,Gene editing & gene therapy,Engineered T-cell therapy (CAR-T),Autologous ROR1R-CAR-T Cells for Chronic Lymphocytic Leukemia (CLL),WITHDRAWN,2015.0,PHASE1,M.D. Anderson Cancer Center,OTHER,Study closed with no enrollment due to unavailability of reagent.,Manufacturing or product supply,False,False,False
NCT05377827,Gene editing & gene therapy,Engineered T-cell therapy (CAR-T),Dose-Escalation and Dose-Expansion Study to Evaluate the Safety and Tolerability of Anti-CD7 Allogeneic CAR T-Cells (WU-CART-007) in Patients With CD7+ Hematologic Malignancies,SUSPENDED,2023.0,PHASE1,Washington University School of Medicine,OTHER,Drugs/Equipment Unavailable,Manufacturing or product supply,False,False,False
NCT03492268,Gene editing & gene therapy,Engineered T-cell therapy (CAR-T),Safety and Efficacy Evaluation of BCMA-CART for Treating Multiple Myeloma,WITHDRAWN,2021.0,,Bioray Laboratories,INDUSTRY,Due to CART processing facility construction,Manufacturing or product supply,False,False,False
NCT05037669,Gene editing & gene therapy,Engineered T-cell therapy (CAR-T),Programmed Allogeneic CRISPR-edited T Cells Engineered to Express Anti-CD19 Chimeric Antigen Receptor (PACE CART19) in Patients With Relapsed Or Refractory CD19+ Leukemia and Lymphoma,WITHDRAWN,2022.0,PHASE1,University of Pennsylvania,OTHER,No available investigational product,Manufacturing or product supply,True,True,False
NCT04844086,Gene editing & gene therapy,Engineered T-cell therapy (CAR-T),RPM CD19-mbIL15-CAR-T Cells in Patient With Advanced Lymphoid Malignancies,TERMINATED,2021.0,PHASE1,Eden BioCell Ltd.,INDUSTRY,CAR-T manufacturing technology can not meet the dose requirement for clinical patients.,Manufacturing or product supply,False,False,False
NCT00073463,Gene editing & gene therapy,AAV gene transfer,Safety and Efficacy of Recombinant Adeno-Associated Virus Containing the CFTR Gene in the Treatment of Cystic Fibrosis,TERMINATED,2003.0,PHASE2|PHASE3,Targeted Genetics Corporation,INDUSTRY,,No reason stated,False,False,False
NCT00076557,Gene editing & gene therapy,AAV gene transfer,Safety of a New Type of Treatment Called Gene Transfer for the Treatment of Severe Hemophilia B,TERMINATED,2004.0,PHASE1|PHASE2,Avigen,INDUSTRY,,No reason stated,False,False,False
NCT01620801,Gene editing & gene therapy,AAV gene transfer,Hemophilia B Gene Therapy With AAV8 Vector,TERMINATED,2012.0,PHASE1,"Spark Therapeutics, Inc.",INDUSTRY,,No reason stated,False,False,False
NCT04299724,Gene editing & gene therapy,Lentiviral ex vivo gene therapy,Safety and Immunity of Covid-19 aAPC Vaccine,TERMINATED,2026.0,PHASE1,Shenzhen Geno-Immune Medical Institute,OTHER,,No reason stated,False,False,False
NCT04430530,Gene editing & gene therapy,Lentiviral ex vivo gene therapy,4SCAR-T Therapy Post CD19-targeted Immunotherapy,TERMINATED,2026.0,PHASE1|PHASE2,Shenzhen Geno-Immune Medical Institute,OTHER,,No reason stated,False,False,False
NCT01123915,Gene editing & gene therapy,Lentiviral ex vivo gene therapy,A Safety and Immunogenicity Study of 3 Doses of Opal Immunotherapy in HIV Infected People,TERMINATED,2010.0,PHASE1,Medicines Development for Global Health,OTHER,,No reason stated,False,False,False
NCT01153646,Gene editing & gene therapy,Lentiviral ex vivo gene therapy,Gene Transfer for HIV Using Autologous T Cells,TERMINATED,2010.0,EARLY_PHASE1,City of Hope Medical Center,OTHER,,No reason stated,False,False,False
NCT03351868,Gene editing & gene therapy,Lentiviral ex vivo gene therapy,"FANCA Gene Transfer for Fanconi Anemia Using a High-safety, High-efficiency, Self-inactivating Lentiviral Vector",TERMINATED,2026.0,,Shenzhen Geno-Immune Medical Institute,OTHER,,No reason stated,False,False,False
NCT03050190,Gene editing & gene therapy,Lentiviral ex vivo gene therapy,A Phase I/II Multiple Center Trial of 4SCAR19 Cells in the Treatment of Relapsed and Refractory B Cell Malignancies,TERMINATED,2025.0,,Shenzhen Geno-Immune Medical Institute,OTHER,,No reason stated,False,False,False
NCT04276896,Gene editing & gene therapy,Lentiviral ex vivo gene therapy,Immunity and Safety of Covid-19 Synthetic Minigene Vaccine,TERMINATED,2026.0,PHASE1|PHASE2,Shenzhen Geno-Immune Medical Institute,OTHER,,No reason stated,False,False,False
NCT03125577,Gene editing & gene therapy,Lentiviral ex vivo gene therapy,Combination CAR-T Cell Therapy Targeting Hematological Malignancies,TERMINATED,2025.0,PHASE1|PHASE2,Shenzhen Geno-Immune Medical Institute,OTHER,,No reason stated,False,False,False
NCT05436509,Gene editing & gene therapy,Engineered T-cell therapy (CAR-T),CD19/79b Bi-specific CAR-T Cell Therapy,TERMINATED,2026.0,PHASE1|PHASE2,Shenzhen Geno-Immune Medical Institute,OTHER,,No reason stated,False,False,False
NCT03185468,Gene editing & gene therapy,Engineered T-cell therapy (CAR-T),Intervention of Bladder Cancer by CAR-T,TERMINATED,2025.0,PHASE1|PHASE2,Shenzhen Geno-Immune Medical Institute,OTHER,,No reason stated,False,False,False
NCT05437341,Gene editing & gene therapy,Engineered T-cell therapy (CAR-T),PSMA/CD70 Bi-specific CAR-T Cell Therapy,TERMINATED,2026.0,PHASE1|PHASE2,Shenzhen Geno-Immune Medical Institute,OTHER,,No reason stated,False,False,False
NCT03170141,Gene editing & gene therapy,Engineered T-cell therapy (CAR-T),Immunogene-modified T (IgT) Cells Against Glioblastoma Multiforme,TERMINATED,2017.0,PHASE1,Shenzhen Geno-Immune Medical Institute,OTHER,,No reason stated,False,False,False
NCT04010877,Gene editing & gene therapy,Engineered T-cell therapy (CAR-T),Multiple CAR-T Cell Therapy Targeting AML,TERMINATED,2025.0,PHASE1|PHASE2,Shenzhen Geno-Immune Medical Institute,OTHER,,No reason stated,False,False,False
NCT02547948,Gene editing & gene therapy,Engineered T-cell therapy (CAR-T),CD19-targeting CAR T Cells for B Cell Lymphoma,WITHDRAWN,2015.0,PHASE1|PHASE2,"Fuda Cancer Hospital, Guangzhou",OTHER,,No reason stated,False,False,False
NCT03356795,Gene editing & gene therapy,Engineered T-cell therapy (CAR-T),Intervention of CAR-T Against Cervical Cancer,TERMINATED,2026.0,PHASE1|PHASE2,Shenzhen Geno-Immune Medical Institute,OTHER,,No reason stated,False,False,False
NCT04085159,Gene editing & gene therapy,Engineered T-cell therapy (CAR-T),Immunotherapy Based on Antigen-specific Immune Effector Cells Targeting Neurofibromatosis or Schwannomatosis,TERMINATED,2026.0,PHASE1|PHASE2,Shenzhen Geno-Immune Medical Institute,OTHER,,No reason stated,False,False,False
NCT04427449,Gene editing & gene therapy,Engineered T-cell therapy (CAR-T),4SCAR-CD44v6 T Cell Therapy Targeting Cancer,TERMINATED,2026.0,PHASE1|PHASE2,Shenzhen Geno-Immune Medical Institute,OTHER,,No reason stated,False,False,False
NCT04430530,Gene editing & gene therapy,Engineered T-cell therapy (CAR-T),4SCAR-T Therapy Post CD19-targeted Immunotherapy,TERMINATED,2026.0,PHASE1|PHASE2,Shenzhen Geno-Immune Medical Institute,OTHER,,No reason stated,False,False,False
NCT05437328,Gene editing & gene therapy,Engineered T-cell therapy (CAR-T),GD2/CD56 Bi-specific CAR-T Cell Therapy,TERMINATED,2026.0,PHASE1|PHASE2,Shenzhen Geno-Immune Medical Institute,OTHER,,No reason stated,False,False,False
NCT02575261,Gene editing & gene therapy,Engineered T-cell therapy (CAR-T),CAR-T Cell Immunotherapy for EphA2 Positive Malignant Glioma Patients,WITHDRAWN,2015.0,PHASE1|PHASE2,"Fuda Cancer Hospital, Guangzhou",OTHER,,No reason stated,False,False,False
NCT07193966,Gene editing & gene therapy,Engineered T-cell therapy (CAR-T),NG2 and DLL3 CAR-T Cells Targeting Melanoma,TERMINATED,2025.0,PHASE1|PHASE2,Shenzhen Geno-Immune Medical Institute,OTHER,,No reason stated,False,False,False
NCT03050190,Gene editing & gene therapy,Engineered T-cell therapy (CAR-T),A Phase I/II Multiple Center Trial of 4SCAR19 Cells in the Treatment of Relapsed and Refractory B Cell Malignancies,TERMINATED,2025.0,,Shenzhen Geno-Immune Medical Institute,OTHER,,No reason stated,False,False,False
NCT05277753,Gene editing & gene therapy,Engineered T-cell therapy (CAR-T),NGS-MRD Assessment of Combination Immunotherapies Targeting T-ALL,TERMINATED,2026.0,PHASE1,Shenzhen Geno-Immune Medical Institute,OTHER,,No reason stated,False,False,False
NCT05262673,Gene editing & gene therapy,Engineered T-cell therapy (CAR-T),NGS-MRD Assessment of Combination Immunotherapies Targeting B-ALL,TERMINATED,2026.0,PHASE1,Shenzhen Geno-Immune Medical Institute,OTHER,,No reason stated,False,False,False
NCT03125577,Gene editing & gene therapy,Engineered T-cell therapy (CAR-T),Combination CAR-T Cell Therapy Targeting Hematological Malignancies,TERMINATED,2025.0,PHASE1|PHASE2,Shenzhen Geno-Immune Medical Institute,OTHER,,No reason stated,False,False,False
NCT06572189,Gene editing & gene therapy,In vivo LNP genetic medicine,The Safety and Efficacy of CD-801 in Patients With Advanced Intrahepatic Cholangiocarcinoma,WITHDRAWN,2024.0,EARLY_PHASE1,Shanghai Changzheng Hospital,OTHER,"Based on the results of another intravenous injection therapy CD-801 for the treatment of hepatocellular carcinoma, we have decided to change the administration method and therefore withdraw this trial protocol.",Protocol redesign or replacement,False,False,False
NCT06586658,Gene editing & gene therapy,Engineered T-cell therapy (CAR-T),Anti-CD70-CAR-T Cell Injection for the Treatment of Locally Advanced or Relapsed/Metastatic CD70+ Inoperable Renal Cells,SUSPENDED,2024.0,EARLY_PHASE1,Shanghai Changzheng Hospital,OTHER,Modifications to the trial design,Protocol redesign or replacement,False,False,False
NCT02713984,Gene editing & gene therapy,Engineered T-cell therapy (CAR-T),A Clinical Research of CAR T Cells Targeting HER2 Positive Cancer,WITHDRAWN,2016.0,PHASE1|PHASE2,Zhi Yang,OTHER,Reform CAR structure due to safety consideration,Protocol redesign or replacement,False,False,False
NCT02439788,Gene editing & gene therapy,Engineered T-cell therapy (CAR-T),3RD GENERATION GD2 SPECIFIC CHIMERIC ANTIGEN RECEPTOR TRANSDUCED AUTOLOGOUS NATURAL KILLER T-CELLS FOR NEUROBLASTOMA,WITHDRAWN,2017.0,PHASE1,Baylor College of Medicine,OTHER,Based on newly available preclinical data we changed the CAR construct to a more effective version and will now study that product on a different protocol.,Protocol redesign or replacement,False,False,False
NCT03349255,Gene editing & gene therapy,Engineered T-cell therapy (CAR-T),Clinical Study of ET1402L1-CAR T Cells in AFP Expressing Hepatocellular Carcinoma,TERMINATED,2017.0,PHASE1,"Aeon Therapeutics (Shanghai) Co., Ltd.",INDUSTRY,Will study new T-cell construct for the same indication,Protocol redesign or replacement,False,False,False
NCT03606486,Gene editing & gene therapy,CRISPR nuclease editing,Lavage of the Uterine Cavity for Diagnosis of Ovarian Cancer,TERMINATED,2018.0,,University of Washington,OTHER,Terminated due to low accrual,Recruitment or feasibility failure,False,False,False
NCT05566223,Gene editing & gene therapy,CRISPR nuclease editing,CISH Inactivated TILs in the Treatment of NSCLC,WITHDRAWN,2023.0,PHASE1|PHASE2,"Intima Bioscience, Inc.",INDUSTRY,No recruitment,Recruitment or feasibility failure,False,False,False
NCT06025032,Gene editing & gene therapy,CRISPR nuclease editing,a Study in Subjects With Otoferlin Mutation-related Hearing Loss Using RNA Base-eDiting Therapy(SOUND),WITHDRAWN,2023.0,EARLY_PHASE1,"HuidaGene Therapeutics Co., Ltd.",INDUSTRY,Huidagene stopped this program as lack of patients in China,Recruitment or feasibility failure,False,False,False
NCT06025032,Gene editing & gene therapy,Base editing,a Study in Subjects With Otoferlin Mutation-related Hearing Loss Using RNA Base-eDiting Therapy(SOUND),WITHDRAWN,2023.0,EARLY_PHASE1,"HuidaGene Therapeutics Co., Ltd.",INDUSTRY,Huidagene stopped this program as lack of patients in China,Recruitment or feasibility failure,False,False,False
NCT05062980,Gene editing & gene therapy,In vivo LNP genetic medicine,Quaratusugene Ozeplasmid (Reqorsa) in Combination With Pembrolizumab in Previously Treated Non-Small Lung Cancer,TERMINATED,2022.0,PHASE1,"Genprex, Inc.",INDUSTRY,"Enrollment was slow, due to competition with the many other clinical trials for the same patient population, which led to the decision to end enrollment in the trial.",Recruitment or feasibility failure,False,False,False
NCT03866109,Gene editing & gene therapy,Lentiviral ex vivo gene therapy,A Study Evaluating Temferon in Patients With Glioblastoma & Unmethylated MGMT,TERMINATED,2019.0,PHASE1|PHASE2,Genenta Science,INDUSTRY,LVLP (pt GBM-01034) took place on 27may2026. The 2 remaining slots allocated by the protocol for the additional cohort to generate safety data prior to study Part B will not be filled. No safety concerns. Benefit-risk profile unchanged.,Recruitment or feasibility failure,False,False,True
NCT03585764,Gene editing & gene therapy,Lentiviral ex vivo gene therapy,"MOv19-BBz CAR T Cells in aFR Expressing Recurrent High Grade Serous Ovarian, Fallopian Tube, or Primary Peritoneal Cancer",TERMINATED,2018.0,PHASE1,University of Pennsylvania,OTHER,This study was halted prematurely due to recruitment barriers,Recruitment or feasibility failure,False,False,False
NCT04525352,Gene editing & gene therapy,Lentiviral ex vivo gene therapy,A Trial to Evaluate Safety and Efficacy of RP-L401-0120 in Subjects With Infantile Malignant Osteopetrosis,TERMINATED,2020.0,PHASE1,Rocket Pharmaceuticals Inc.,INDUSTRY,Study discontinued due to feasibility.,Recruitment or feasibility failure,False,False,False
NCT01855685,Gene editing & gene therapy,Lentiviral ex vivo gene therapy,Gene Therapy for X-linked Chronic Granulomatous Disease (X-CGD),TERMINATED,2013.0,PHASE1|PHASE2,Genethon,OTHER,Last patient withdrawed from the study.,Recruitment or feasibility failure,False,False,False
NCT03710421,Gene editing & gene therapy,Lentiviral ex vivo gene therapy,CS1-CAR T Therapy Following Chemotherapy in Treating Patients With Relapsed or Refractory CS1 Positive Multiple Myeloma,SUSPENDED,2019.0,PHASE1,City of Hope Medical Center,OTHER,Slow/Low Accrual,Recruitment or feasibility failure,False,False,False
NCT02706405,Gene editing & gene therapy,Lentiviral ex vivo gene therapy,JCAR014 and Durvalumab in Treating Patients With Relapsed or Refractory B-cell Non-Hodgkin Lymphoma,TERMINATED,2016.0,PHASE1,Fred Hutchinson Cancer Center,OTHER,Terminated due to slow accrual.,Recruitment or feasibility failure,False,False,False
NCT03875495,Gene editing & gene therapy,Lentiviral ex vivo gene therapy,A Phase I/II Study Evaluating Temferon in Multiple Myeloma Patients With Early Relapse After Front Line Therapy (TEM-MM),TERMINATED,2019.0,PHASE1|PHASE2,Genenta Science,INDUSTRY,Failure to recruit patients,Recruitment or feasibility failure,False,False,False
NCT04091737,Gene editing & gene therapy,Lentiviral ex vivo gene therapy,CSL200 Gene Therapy in Adults With Severe Sickle Cell Disease,TERMINATED,2019.0,PHASE1,CSL Behring,INDUSTRY,"Unanticipated delays, not for safety reasons",Recruitment or feasibility failure,False,False,True
NCT04878484,Gene editing & gene therapy,Lentiviral ex vivo gene therapy,Evaluate TCRT-ESO-A2 Autologous T Cells Expressing TCR Specific for NY-ESO-1 in Subjects With Advanced Solid Tumors,WITHDRAWN,2021.0,PHASE1,"Athenex, Inc.",INDUSTRY,Poor recruitment,Recruitment or feasibility failure,False,False,False
NCT06508346,Gene editing & gene therapy,Engineered T-cell therapy (CAR-T),Study of Therapeutic Efficacy of Anti-CD19 CAR-T Cells in Children With Refractory Refractory AAV,WITHDRAWN,2024.0,,The Children's Hospital of Zhejiang University School of Medicine,OTHER,no participants enrolled,Recruitment or feasibility failure,False,False,False
NCT05626322,Gene editing & gene therapy,Engineered T-cell therapy (CAR-T),"Effects of Maplirpacept (PF-07901801),Tafasitamab, and Lenalidomide in People With Relapsed or Refractory Diffuse Large B-cell Lymphoma",TERMINATED,2023.0,PHASE1|PHASE2,Pfizer,INDUSTRY,The trial terminated due to the inability to recruit the planned number of subjects. The decision was not based on any safety and/or efficacy concerns,Recruitment or feasibility failure,False,False,False
NCT04556266,Gene editing & gene therapy,Engineered T-cell therapy (CAR-T),A Phase I Trial of Donor- Derived 19-28z CAR T Cells Following Allogeneic Transplant for the Treatment of CD19 Malignancies,WITHDRAWN,2021.0,PHASE1,Memorial Sloan Kettering Cancer Center,OTHER,"No patients were enrolled to this study since being open to enrollment. Due to changes in available therapies, there aren't enough people who will be eligible for the study. Therefore, the study was closed.",Recruitment or feasibility failure,False,False,False
NCT03585764,Gene editing & gene therapy,Engineered T-cell therapy (CAR-T),"MOv19-BBz CAR T Cells in aFR Expressing Recurrent High Grade Serous Ovarian, Fallopian Tube, or Primary Peritoneal Cancer",TERMINATED,2018.0,PHASE1,University of Pennsylvania,OTHER,This study was halted prematurely due to recruitment barriers,Recruitment or feasibility failure,False,False,False
NCT05191472,Gene editing & gene therapy,Engineered T-cell therapy (CAR-T),Pembrolizumab for the Treatment of Relapsed or Refractory Multiple Myeloma After Anti-BCMA CAR-T Therapies,TERMINATED,2022.0,PHASE2,"Alfred Chung, MD",OTHER,Slow Accrual,Recruitment or feasibility failure,False,False,False
NCT03370198,Gene editing & gene therapy,Engineered T-cell therapy (CAR-T),Hepatic Transarterial Administrations of NKR-2 in Patients With Unresectable Liver Metastases From Colorectal Cancer,TERMINATED,2017.0,PHASE1,Celyad Oncology SA,INDUSTRY,Difficulties in patient recruitment and clinical strategy modification based on new clinical data generated in the NKR-2 early development.,Recruitment or feasibility failure,False,True,False
NCT03605238,Gene editing & gene therapy,Engineered T-cell therapy (CAR-T),Treatment of Relapsed and/or Refractory AQP4-IgG Seropositive NMOSD by Tandem CAR T Cells Targeting CD19 and CD20,WITHDRAWN,2018.0,PHASE1,Chinese PLA General Hospital,OTHER,It was hard to recruit patients,Recruitment or feasibility failure,False,False,False
NCT04205838,Gene editing & gene therapy,Engineered T-cell therapy (CAR-T),Anakinra in Preventing Severe Chimeric Antigen Receptor T-Cell Related Encephalopathy Syndrome in Patients With Recurrent or Refractory Large B-cell Lymphoma,TERMINATED,2020.0,PHASE2,Jonsson Comprehensive Cancer Center,OTHER,slow accrual,Recruitment or feasibility failure,False,False,False
NCT03392064,Gene editing & gene therapy,Engineered T-cell therapy (CAR-T),"A Phase 1 Study Evaluating the Safety, Tolerability and Efficacy of AMG 119 in Subjects With RR SCLC",SUSPENDED,2018.0,PHASE1,Amgen,INDUSTRY,"Study on enrollment hold, may potentially resume. No active subjects on trial.",Recruitment or feasibility failure,False,False,False
NCT07045727,Gene editing & gene therapy,Engineered T-cell therapy (CAR-T),Prehabilitation With Aerobic and Resistance Exercise for Improving Physical Fitness and Quality of Life Outcomes in Older Patients Undergoing CAR-T Therapy for Relapsed or Refractory Multiple Myeloma,TERMINATED,2025.0,,Mayo Clinic,OTHER,"Limited funding, slow accrual",Recruitment or feasibility failure,True,True,False
NCT04828174,Gene editing & gene therapy,Engineered T-cell therapy (CAR-T),Anti-TRBC1 CAR-T Cell Therapy in Patients With TRBC1 Positive T Cell Malignancies,SUSPENDED,2021.0,PHASE1,"Shanghai General Hospital, Shanghai Jiao Tong University School of Medicine",OTHER,The trial was suspended due to the inability to enroll qualified participants,Recruitment or feasibility failure,False,False,False
NCT03593109,Gene editing & gene therapy,Engineered T-cell therapy (CAR-T),"A Single-center Clinical Study to Evaluate the Safety, Tolerability, and Efficacy of LCAR-L10D Cell Formulations Targeting CD19 and CD22 in Patients With CD19- and/or CD22-Positive Relapsed/Refractory B-cell Lymphoma",TERMINATED,2019.0,PHASE1,Second Affiliated Hospital of Xi'an Jiaotong University,OTHER,Suitable patients were not recruited,Recruitment or feasibility failure,False,False,False
NCT05204160,Gene editing & gene therapy,Engineered T-cell therapy (CAR-T),Pembrolizumab as Salvage Therapy for the Treatment of Multiple Myeloma in Patients Progressing on CAR-T Cell Therapy,WITHDRAWN,2022.0,PHASE2,Emory University,OTHER,slow accrual,Recruitment or feasibility failure,False,False,False
NCT03502577,Gene editing & gene therapy,Engineered T-cell therapy (CAR-T),BCMA-Specific CAR T-Cells Combined With a Gamma Secretase Inhibitor (JSMD194) to Treat Relapsed or Persistent Multiple Myeloma,TERMINATED,2018.0,PHASE1,Fred Hutchinson Cancer Center,OTHER,Closed per SRC Low Accrual Policy,Recruitment or feasibility failure,False,False,False
NCT05416554,Gene editing & gene therapy,Engineered T-cell therapy (CAR-T),"Long-term Cognitive, Neuropsychiatric and Functional Outcomes in Adults Who Have Received Chimeric Antigen-Receptor T-Cell (CAR-T) Therapy for Aggressive Lymphoma at Stanford",WITHDRAWN,2025.0,,Stanford University,OTHER,No participants enrolled,Recruitment or feasibility failure,False,False,False
NCT06842589,Gene editing & gene therapy,Engineered T-cell therapy (CAR-T),Study of Therapeutic Efficacy of Anti-CD19 CAR-T Cell Therapy in Patients With MDR-SRNS,WITHDRAWN,2025.0,PHASE1,The Children's Hospital of Zhejiang University School of Medicine,OTHER,no participants enrolled,Recruitment or feasibility failure,False,False,False
NCT05117008,Gene editing & gene therapy,Engineered T-cell therapy (CAR-T),Maintenance Belantamab Mafodotin (Blenrep®) After B-cell Maturation Antigen-Directed Chimeric Antigen Receptor T-cell Therapy in Patients With Relapsed and/or Refractory Multiple Myeloma,TERMINATED,2022.0,PHASE2,Medical College of Wisconsin,OTHER,Low enrollment.,Recruitment or feasibility failure,False,False,False
NCT06094842,Gene editing & gene therapy,Engineered T-cell therapy (CAR-T),Autologous T Cells Lentivirally Transduced to Express L1CAM-Specific Chimeric Antigen Receptors in Treating Patients With Locally Advanced and Unresectable or Metastatic Small Cell Neuroendocrine Prostate Cancer,WITHDRAWN,2025.0,PHASE1,Fred Hutchinson Cancer Center,OTHER,Study closed before opening to accrual,Recruitment or feasibility failure,False,False,False
NCT05015972,Gene editing & gene therapy,Engineered T-cell therapy (CAR-T),UCAR-T for CD19+ Refractory/Relapsed B Hematologic Malignancies,WITHDRAWN,2021.0,EARLY_PHASE1,920th Hospital of Joint Logistics Support Force of People's Liberation Army of China,OTHER,No proper participant is found.,Recruitment or feasibility failure,False,False,False
NCT04860817,Gene editing & gene therapy,Engineered T-cell therapy (CAR-T),A Study of Anti-CD7 CAR-T Cells in Pediatric and Young Adult Patients With Relapse and Refractory T-ALL/ T-LBL,WITHDRAWN,2021.0,EARLY_PHASE1,920th Hospital of Joint Logistics Support Force of People's Liberation Army of China,OTHER,No proper participant is found.,Recruitment or feasibility failure,False,False,False
NCT05846737,Gene editing & gene therapy,Engineered T-cell therapy (CAR-T),BCMA CAR-T Cell Therapy in High-risk NDMM Patients With Positive MRD After First-line ASCT,WITHDRAWN,2023.0,PHASE2,"Institute of Hematology & Blood Diseases Hospital, China",OTHER,The study was withdrawn due to the inability to enroll participants.,Recruitment or feasibility failure,False,False,False
NCT04952584,Gene editing & gene therapy,Engineered T-cell therapy (CAR-T),Allogeneic CD30 Chimeric Antigen Receptor Epstein-Barr Virus-Specific T Lymphocytes in Relapsed or Refractory CD30-Positive Lymphomas,WITHDRAWN,2024.0,PHASE1,Baylor College of Medicine,OTHER,Study was not activated,Recruitment or feasibility failure,False,False,False
NCT05513612,Gene editing & gene therapy,Engineered T-cell therapy (CAR-T),Novel CAR-T Cell Therapy in the Treatment of Hematopoietic and Lymphoid Malignancies,WITHDRAWN,2020.0,PHASE1,Shanghai Pudong Hospital,OTHER,The study is not initiated and we want it to be withdrawn.,Recruitment or feasibility failure,False,False,False
NCT02277522,Gene editing & gene therapy,Engineered T-cell therapy (CAR-T),CD19 Redirected Autologous T Cells for Hodgkin Lymphoma,TERMINATED,2014.0,EARLY_PHASE1,University of Pennsylvania,OTHER,unable to meet enrollment goal,Recruitment or feasibility failure,False,False,False
NCT03710421,Gene editing & gene therapy,Engineered T-cell therapy (CAR-T),CS1-CAR T Therapy Following Chemotherapy in Treating Patients With Relapsed or Refractory CS1 Positive Multiple Myeloma,SUSPENDED,2019.0,PHASE1,City of Hope Medical Center,OTHER,Slow/Low Accrual,Recruitment or feasibility failure,False,False,False
NCT04029038,Gene editing & gene therapy,Engineered T-cell therapy (CAR-T),"Modified Immune Cells (CD19-CD22 CAR T Cells) in Treating Patients With Recurrent or Refractory CD19 Positive, CD22 Positive Leukemia or Lymphoma",WITHDRAWN,2019.0,PHASE1|PHASE2,M.D. Anderson Cancer Center,OTHER,0 participant accrual,Recruitment or feasibility failure,False,False,False
NCT02706405,Gene editing & gene therapy,Engineered T-cell therapy (CAR-T),JCAR014 and Durvalumab in Treating Patients With Relapsed or Refractory B-cell Non-Hodgkin Lymphoma,TERMINATED,2016.0,PHASE1,Fred Hutchinson Cancer Center,OTHER,Terminated due to slow accrual.,Recruitment or feasibility failure,False,False,False
NCT04049383,Gene editing & gene therapy,Engineered T-cell therapy (CAR-T),CAR-20/19-T Cells in Patients With Relapsed/Refractory B Cell ALL,TERMINATED,2020.0,PHASE1,Medical College of Wisconsin,OTHER,Low accrual,Recruitment or feasibility failure,False,False,False
NCT03818165,Gene editing & gene therapy,Engineered T-cell therapy (CAR-T),Phase 1b Study of CAR2Anti-CEA CAR-T Cell Hepatic Infusions for Pancreatic Carcinoma Patients With CEA+ Liver Metastases,TERMINATED,2019.0,PHASE1,"Sorrento Therapeutics, Inc.",INDUSTRY,Limited enrollment.,Recruitment or feasibility failure,False,False,False
NCT05531708,Gene editing & gene therapy,Engineered T-cell therapy (CAR-T),Exploratory Study of Novel MSLN CAR-T Cell Therapy in Patients With MSLN-positive Advanced Refractory Solid Tumors,WITHDRAWN,2021.0,PHASE1,Shanghai Pudong Hospital,OTHER,The study is not initiated and we want it to be withdrawn.,Recruitment or feasibility failure,False,False,False
NCT05623488,Gene editing & gene therapy,Engineered T-cell therapy (CAR-T),CAR T Cells in Mesothelin-Expressing Breast Cancer,TERMINATED,2023.0,PHASE1,University of Pennsylvania,OTHER,Feasibility Concerns,Recruitment or feasibility failure,False,False,False
NCT05266950,Gene editing & gene therapy,Engineered T-cell therapy (CAR-T),Safety and Efficacy Study of CI-135 CAR-T Cells in Subjects with Relapsed or Refractory Acute Myeloid Leukemia,WITHDRAWN,2021.0,PHASE1,Beijing Boren Hospital,OTHER,Difficulty in joining the group,Recruitment or feasibility failure,False,False,False
NCT04419909,Gene editing & gene therapy,Engineered T-cell therapy (CAR-T),Retreatment With CTL019/CTL119,WITHDRAWN,2026.0,PHASE1,University of Pennsylvania,OTHER,Lack of Eligible Subjects,Recruitment or feasibility failure,False,False,False
NCT02706392,Gene editing & gene therapy,Engineered T-cell therapy (CAR-T),Genetically Modified T-Cell Therapy in Treating Patients With Advanced ROR1+ Malignancies,TERMINATED,2016.0,PHASE1,Fred Hutchinson Cancer Center,OTHER,Terminated due to slow accruals.,Recruitment or feasibility failure,False,False,False
NCT03648372,Gene editing & gene therapy,Engineered T-cell therapy (CAR-T),A Study of TAK-981 in People With Advanced Solid Tumors or Cancers in the Immune System,TERMINATED,2018.0,PHASE1|PHASE2,Takeda,INDUSTRY,Enrolment Challenges,Recruitment or feasibility failure,False,False,False
NCT05936229,Gene editing & gene therapy,Engineered T-cell therapy (CAR-T),Interferon-Beta-1a (FP-1201) to Prevent Toxicities After CD19-Directed CAR T-Cell Therapy,WITHDRAWN,2025.0,PHASE1|PHASE2,Fred Hutchinson Cancer Center,OTHER,"Study closed before opening to accrual, no participants enrolled",Recruitment or feasibility failure,False,False,False
NCT03103971,Gene editing & gene therapy,Engineered T-cell therapy (CAR-T),huJCAR014 CAR-T Cells in Treating Adult Patients With Relapsed or Refractory B-Cell Non-Hodgkin Lymphoma or Acute Lymphoblastic Leukemia,TERMINATED,2017.0,PHASE1,Fred Hutchinson Cancer Center,OTHER,Terminated due to slow enrollment and end of funding,Recruitment or feasibility failure,True,True,False
NCT06003179,Gene editing & gene therapy,Engineered T-cell therapy (CAR-T),Optimizing Lymphodepletion to Improve Outcomes in Patients Receiving Cell Therapy With Kymriah,WITHDRAWN,2024.0,PHASE1,"University Health Network, Toronto",OTHER,recruitment challenges and sites who initially expressed interest declined.,Recruitment or feasibility failure,False,False,False
NCT05248685,Gene editing & gene therapy,Engineered T-cell therapy (CAR-T),Optimized Dual CD33/CLL1 CAR T Cells in Subjects With Refractory or Relapsed Acute Myeloid Leukemia,WITHDRAWN,2022.0,PHASE1,Beijing Boren Hospital,OTHER,no patients,Recruitment or feasibility failure,False,False,False
NCT04097301,Gene editing & gene therapy,Engineered T-cell therapy (CAR-T),Study of CAR T-cell Therapy in Acute Myeloid Leukemia and Multiple Myeloma,TERMINATED,2019.0,PHASE1|PHASE2,AGC Biologics S.p.A.,INDUSTRY,Inability to close the study in a clinically relevant time frame,Recruitment or feasibility failure,False,False,False
NCT07555561,Gene editing & gene therapy,Engineered T-cell therapy (CAR-T),Autologous CD19-CD20-NKG2D-nsBicephali CAR-T for Relapsed/Refractory Central Nervous System Lymphoma,SUSPENDED,2026.0,PHASE1,Beijing Boren Hospital,OTHER,Enrollment temporarily suspended due to temporary operational limitations at the study site.,Recruitment or feasibility failure,False,False,False
NCT03473496,Gene editing & gene therapy,Engineered T-cell therapy (CAR-T),CAR-T Cells Therapy in Relapsed/Refractory Multiple Myeloma,TERMINATED,2018.0,,Zhujiang Hospital,OTHER,"After CAR-T treatment, the benefit is not significant, and it is difficult to enroll.",Recruitment or feasibility failure,False,False,False
NCT03682744,Gene editing & gene therapy,Engineered T-cell therapy (CAR-T),CAR-T Intraperitoneal Infusions for CEA-Expressing Adenocarcinoma Peritoneal Metastases or Malignant Ascites (IPC),WITHDRAWN,2018.0,PHASE1,"Sorrento Therapeutics, Inc.",INDUSTRY,Unable to enroll subjects,Recruitment or feasibility failure,False,False,False
NCT01583686,Gene editing & gene therapy,Engineered T-cell therapy (CAR-T),CAR T Cell Receptor Immunotherapy Targeting Mesothelin for Patients With Metastatic Cancer,TERMINATED,2012.0,PHASE1|PHASE2,National Cancer Institute (NCI),NIH,Study terminated due to slow/insufficient accrual.,Recruitment or feasibility failure,False,False,False
NCT07170254,Gene editing & gene therapy,CRISPR nuclease editing,A Clinical Study on the Evaluation of BD114 for the Treatment HPV-16-Related Cervical HSIL,TERMINATED,2025.0,EARLY_PHASE1,"Shanghai BDgene Co., Ltd.",INDUSTRY,Per China regulation requirement,Regulatory or ethics hold,False,False,False
NCT06465537,Gene editing & gene therapy,CRISPR nuclease editing,CRISPR/Cas9 Instantaneous Gene Editing Therapy to Intraocular Hypertensive POAG With MYOC Mutation,SUSPENDED,2024.0,,"Shanghai BDgene Co., Ltd.",INDUSTRY,Per the requirement of China regulation.,Regulatory or ethics hold,False,False,False
NCT06267872,Gene editing & gene therapy,In vivo LNP genetic medicine,A Clinical Trial in Adult Participants Without HIV and in Overall Good Health to Evaluate the Safety and Immunogenicity of CD4BS CH505M5 Pr-NP1 Followed by CH505 TF chTrimer Boost Both Adjuvanted With Either Lipid Nanoparticles (LNPs) or 3M-052-AF + Alum,WITHDRAWN,2024.0,PHASE1,National Institute of Allergy and Infectious Diseases (NIAID),NIH,FDA Clinical Hold,Regulatory or ethics hold,False,False,False
NCT01512888,Gene editing & gene therapy,Lentiviral ex vivo gene therapy,Gene Transfer for X-Linked Severe Combined Immunodeficiency in Newly Diagnosed Infants,SUSPENDED,2016.0,PHASE1|PHASE2,St. Jude Children's Research Hospital,OTHER,voluntary hold,Regulatory or ethics hold,False,False,False
NCT06355908,Gene editing & gene therapy,Engineered T-cell therapy (CAR-T),IL13Rα2 CAR-T for Patients With r/r Glioma,SUSPENDED,2024.0,PHASE1,Yang Zhang,OTHER,Temporarily suspended for HGRAC filing requirements,Regulatory or ethics hold,False,False,False
NCT03252171,Gene editing & gene therapy,Engineered T-cell therapy (CAR-T),CAR-T Cell Immunotherapy for GD2 Positive Glioma Patients,WITHDRAWN,2015.0,PHASE1|PHASE2,"Fuda Cancer Hospital, Guangzhou",OTHER,Project terminated due to revision of local regulations,Regulatory or ethics hold,False,False,False
NCT02547961,Gene editing & gene therapy,Engineered T-cell therapy (CAR-T),Chimeric Antigen Receptor-Modified T Cells for Breast Cancer,WITHDRAWN,2015.0,PHASE1|PHASE2,"Fuda Cancer Hospital, Guangzhou",OTHER,Project terminated due to revision of local regulations,Regulatory or ethics hold,False,False,False
NCT05627323,Gene editing & gene therapy,Engineered T-cell therapy (CAR-T),CAR T Cells in Patients With MMP2+ Recurrent or Progressive Glioblastoma,TERMINATED,2023.0,PHASE1,Chimeric Therapeutics,INDUSTRY,IND application withdrawn,Regulatory or ethics hold,False,False,False
NCT04340154,Gene editing & gene therapy,Engineered T-cell therapy (CAR-T),Study of Sequential CAR-T Cell Treating Leukemia Children,TERMINATED,2020.0,PHASE2,Beijing Boren Hospital,OTHER,ethic commitee decision,Regulatory or ethics hold,False,False,False
NCT06703216,Gene editing & gene therapy,Engineered T-cell therapy (CAR-T),Pre-emptive Anakinra for Cytokine Event Reduction,WITHDRAWN,2026.0,PHASE1|PHASE2,Kevin McNerney,OTHER,The trial has been stopped pending FDA approval of modifications to the trial protocol.,Regulatory or ethics hold,False,False,False
NCT06653010,Gene editing & gene therapy,Engineered T-cell therapy (CAR-T),Universal CAR-T Cells (REVO-UWD-01) for Metastatic Colorectal Cancer,SUSPENDED,2024.0,EARLY_PHASE1,Wondercel Biotech (ShenZhen),INDUSTRY,Because the implementation of the new regulation policy by the Chinese authority,Regulatory or ethics hold,False,False,False
NCT06653023,Gene editing & gene therapy,Engineered T-cell therapy (CAR-T),Universal CAR-T Cells (REVO-UWD-03) for Advanced Hepatocellular Carcinoma and Lung Cancer,SUSPENDED,2024.0,EARLY_PHASE1,Wondercel Biotech (ShenZhen),INDUSTRY,Because the implementation of the new regulation policy by the Chinese authority,Regulatory or ethics hold,False,False,False
NCT04406610,Gene editing & gene therapy,Engineered T-cell therapy (CAR-T),CAR-T Cell Immunotherapy for GD2 Positive Glioma Patients,WITHDRAWN,2015.0,PHASE1|PHASE2,"Fuda Cancer Hospital, Guangzhou",OTHER,Project terminated due to revision of local regulations,Regulatory or ethics hold,False,False,False
NCT06675513,Gene editing & gene therapy,Engineered T-cell therapy (CAR-T),Autologous CAR-T Cells (WD-01) for Metastatic Colorectal Cancer,SUSPENDED,2025.0,EARLY_PHASE1,Wondercel Biotech (ShenZhen),INDUSTRY,Because the implementation of the new regulation policy by the Chinese authority,Regulatory or ethics hold,False,False,False
NCT06985498,Gene editing & gene therapy,Engineered T-cell therapy (CAR-T),Immunotherapy Combined With Auto-HSCT and CD22/CD19 CAR-T Sandwich Strategy for B-ALL,SUSPENDED,2025.0,PHASE2,The First Affiliated Hospital of Soochow University,OTHER,"According to the new regulations of China, newly launched clinical trials involved CAR-T cells must be apporved first by China National Center for Biotechology Development.",Regulatory or ethics hold,False,False,False
NCT06662227,Gene editing & gene therapy,Engineered T-cell therapy (CAR-T),Universal CAR-T Cells (REVO-UWD-19) for Refractory and Relapsed B-Cell Tumors,SUSPENDED,2024.0,EARLY_PHASE1,Wondercel Biotech (ShenZhen),INDUSTRY,Because the implementation of the new regulation policy by the Chinese authority,Regulatory or ethics hold,False,False,False
NCT07604792,Gene editing & gene therapy,Engineered T-cell therapy (CAR-T),FIT-(BCMA+CD19)-CAR-T Cells in Recurrent/Refractory Autoimmune Diseases Patients.,SUSPENDED,2025.0,EARLY_PHASE1,Beijing Boren Hospital,OTHER,Enrollment is suspended to address regulatory requirements. Follow-up of currently enrolled participants continues as planned.,Regulatory or ethics hold,False,False,False
NCT05032599,Gene editing & gene therapy,Engineered T-cell therapy (CAR-T),Donor-Derived CD5 CAR T Cells in Subjects with Relapsed or Refractory T-Cell Acute Lymphoblastic Leukemia,TERMINATED,2021.0,PHASE1,Beijing Boren Hospital,OTHER,ethic commitee decision,Regulatory or ethics hold,False,False,False
NCT05487495,Gene editing & gene therapy,Engineered T-cell therapy (CAR-T),Donor-Derived CD5 CAR T (CT125B) Cells for Relapsed or Refractory T- Cell Acute Lymphoblastic Leukemia/Lymphoma,WITHDRAWN,2022.0,PHASE1,Beijing Boren Hospital,OTHER,ethic commitee decisiong,Regulatory or ethics hold,False,False,False
NCT02723942,Gene editing & gene therapy,Engineered T-cell therapy (CAR-T),CAR-T Cell Immunotherapy for HCC Targeting GPC3,WITHDRAWN,2015.0,PHASE1|PHASE2,"Fuda Cancer Hospital, Guangzhou",OTHER,Project terminated due to revision of local regulations,Regulatory or ethics hold,False,False,False
NCT06054308,Gene editing & gene therapy,Engineered T-cell therapy (CAR-T),Mesothelin-targeted CAR-T Cells as a Neo-adjuvant Treatment in Patients With Resectable Pancreatic Cancers: a Feasibility Study,WITHDRAWN,2024.0,,Chinese University of Hong Kong,OTHER,Unable to obtain Clinical Trial Certificate due to tech Unable to obtain Clinical Trial Certificate due to technical difficulties,Regulatory or ethics hold,False,False,False
NCT06663046,Gene editing & gene therapy,Engineered T-cell therapy (CAR-T),Universal CAR-T Cells (REVO-UWD-00B) for Refractory and Relapsed Multiple Myeloma,SUSPENDED,2025.0,EARLY_PHASE1,Wondercel Biotech (ShenZhen),INDUSTRY,Because the implementation of the new regulation policy by the Chinese authority,Regulatory or ethics hold,False,False,False
NCT07340853,Gene editing & gene therapy,CRISPR nuclease editing,CRISPR Delivered Anti-BCMA Car-T Therapy for Relapsed or Refractory Multiple Myeloma,SUSPENDED,2026.0,PHASE1,"Thomas Martin, MD",OTHER,Safety Review,Safety or toxicity,False,False,False
NCT06860672,Gene editing & gene therapy,Base editing,Clinical Trial of the Dual Vector Base Editor for the Treatment of the CHD3-R1025W Mutation,TERMINATED,2025.0,EARLY_PHASE1,Yongguo Yu,OTHER,"The single participant died on 31 March 2025 from thrombotic microangiopathy, a serious adverse event assessed as definitely related to the study drug. Planned follow-up was not completed, and the study was terminated.",Safety or toxicity,False,False,False
NCT06860672,Gene editing & gene therapy,AAV gene transfer,Clinical Trial of the Dual Vector Base Editor for the Treatment of the CHD3-R1025W Mutation,TERMINATED,2025.0,EARLY_PHASE1,Yongguo Yu,OTHER,"The single participant died on 31 March 2025 from thrombotic microangiopathy, a serious adverse event assessed as definitely related to the study drug. Planned follow-up was not completed, and the study was terminated.",Safety or toxicity,False,False,False
NCT04797260,Gene editing & gene therapy,Lentiviral ex vivo gene therapy,Phase I/II Clinical Trial Stem Cell Gene Therapy in RAG1-Deficient SCID,SUSPENDED,2021.0,PHASE1|PHASE2,Videja B.V.,INDUSTRY,Trial is on a temporarily recruitment hold as a result of a reported SAE for one of the patients. Further data analysis has started with safety data currently being evaluated to assess a relationship with the IMP.,Safety or toxicity,False,False,False
NCT03330834,Gene editing & gene therapy,Lentiviral ex vivo gene therapy,CAR-T Cell Immunotherapy for Advanced Lung Cancer,TERMINATED,2017.0,PHASE1,Sun Yat-sen University,OTHER,Serious adverse events,Safety or toxicity,False,False,False
NCT04650451,Gene editing & gene therapy,Engineered T-cell therapy (CAR-T),Safety and Activity Study of HER2-Targeted Dual Switch CAR-T Cells (BPX-603) in Subjects With HER2-Positive Solid Tumors,SUSPENDED,2020.0,PHASE1,Bellicum Pharmaceuticals,INDUSTRY,Due to a Dose Limiting Toxicity in another sister trial with same technology.,Safety or toxicity,False,False,False
NCT02535364,Gene editing & gene therapy,Engineered T-cell therapy (CAR-T),Study Evaluating the Efficacy and Safety of JCAR015 in Adult B-cell Acute Lymphoblastic Leukemia (B-ALL),TERMINATED,2015.0,PHASE2,"Juno Therapeutics, a Subsidiary of Celgene",INDUSTRY,Safety reasons,Safety or toxicity,False,False,False
NCT02744287,Gene editing & gene therapy,Engineered T-cell therapy (CAR-T),Safety and Activity Study of PSCA-Targeted CAR-T Cells (BPX-601) in Subjects With Selected Advanced Solid Tumors,TERMINATED,2016.0,PHASE1,Regeneron Pharmaceuticals,INDUSTRY,Due to a Dose Limiting Toxicity.,Safety or toxicity,False,False,False
NCT04539366,Gene editing & gene therapy,Engineered T-cell therapy (CAR-T),"Testing a New Immune Cell Therapy, GD2-Targeted Modified T-cells (GD2CART), in Children, Adolescents, and Young Adults With Relapsed/Refractory Osteosarcoma and Neuroblastoma, GD2-CAR PERSIST Trial",SUSPENDED,2022.0,PHASE1,National Cancer Institute (NCI),NIH,Other - review of safety data,Safety or toxicity,False,False,False
NCT04227275,Gene editing & gene therapy,Engineered T-cell therapy (CAR-T),A Study of CART-PSMA-TGFβRDN in Patients With Metastatic Castration Resistant Prostate Cancer,TERMINATED,2019.0,PHASE1,"Tceleron Therapeutics, Inc.",INDUSTRY,Based on the safety events and evidence of biologic activity without sustained clinical responses the Sponsor finds the risk/benefit analysis unfavorable for patients and has terminated the study.,Safety or toxicity,False,False,False
NCT04025216,Gene editing & gene therapy,Engineered T-cell therapy (CAR-T),A Study of CART-TnMUC1 in Patients With TnMUC1-Positive Advanced Cancers,TERMINATED,2019.0,PHASE1,"Kite, A Gilead Company",INDUSTRY,The sponsor finds the risk/benefit analysis unfavorable and has terminated the study.,Safety or toxicity,False,False,False
NCT03672851,Gene editing & gene therapy,Engineered T-cell therapy (CAR-T),Study Evaluating Safety and Efficacy of CAR-T Cells Targeting CD123 in Patients With Acute Leukemia,TERMINATED,2019.0,PHASE1,Second Affiliated Hospital of Xi'an Jiaotong University,OTHER,adverse effect,Safety or toxicity,False,False,False
NCT07340853,Gene editing & gene therapy,Engineered T-cell therapy (CAR-T),CRISPR Delivered Anti-BCMA Car-T Therapy for Relapsed or Refractory Multiple Myeloma,SUSPENDED,2026.0,PHASE1,"Thomas Martin, MD",OTHER,Safety Review,Safety or toxicity,False,False,False
NCT03330834,Gene editing & gene therapy,Engineered T-cell therapy (CAR-T),CAR-T Cell Immunotherapy for Advanced Lung Cancer,TERMINATED,2017.0,PHASE1,Sun Yat-sen University,OTHER,Serious adverse events,Safety or toxicity,False,False,False
NCT04535648,Gene editing & gene therapy,CRISPR nuclease editing,Detection of Enterovirus Genotypes by CRISPR Technology,WITHDRAWN,2023.0,,Children's Hospital of Fudan University,OTHER,This clinical trial has been terminated。,Unclear,False,False,False
NCT04535505,Gene editing & gene therapy,CRISPR nuclease editing,Pathogenic Bordetella Rapid Detection,WITHDRAWN,2022.0,,Children's Hospital of Fudan University,OTHER,Not as a lead unit,Unclear,False,False,False
NCT03391791,Gene editing & gene therapy,Lentiviral ex vivo gene therapy,Long Term Follow up of Subjects Exposed to Genetically Engineered T Cell Receptors,TERMINATED,2018.0,,Adaptimmune,INDUSTRY,terminated after participants were enrolled,Unclear,False,False,False
NCT03825783,Gene editing & gene therapy,Lentiviral ex vivo gene therapy,A Gene Therapy Trial to Evaluate the Safety and Efficacy of RP-L201 in Subjects With Leukocyte Adhesion Deficiency-I,WITHDRAWN,2019.0,PHASE1,Rocket Pharmaceuticals Inc.,INDUSTRY,Patients were enrolled under global Phase 1/2 protocol RP-L201-0318.,Unclear,False,False,False
NCT06422351,Gene editing & gene therapy,Lentiviral ex vivo gene therapy,Clinical Trial to Evaluate the Efficacy of Gene Therapy for Pyruvate Kinase Deficiency,SUSPENDED,2026.0,PHASE2,Rocket Pharmaceuticals Inc.,INDUSTRY,"Initiation of study has been paused, but may re-start in the future.",Unclear,False,False,False
NCT03283631,Gene editing & gene therapy,Engineered T-cell therapy (CAR-T),Intracerebral EGFR-vIII CAR-T Cells for Recurrent GBM,TERMINATED,2018.0,PHASE1,Gary Archer Ph.D.,OTHER,We are halting enrollment of this study.,Unclear,False,False,False
NCT06968195,Gene editing & gene therapy,Engineered T-cell therapy (CAR-T),Autologous CAR T Cells Targeting GPC3 (RPCAR01) for the Treatment of Advanced or Metastatic GPC3 Expressing Hepatocellular Carcinoma,SUSPENDED,2026.0,PHASE1,Roswell Park Cancer Institute,OTHER,awaiting agreement with Sponsor,Unclear,False,False,False
NCT05000450,Gene editing & gene therapy,Engineered T-cell therapy (CAR-T),Safety and Efficacy of ALLO-605 an Anti-BCMA Allogeneic CAR T Cell Therapy in Patients With Relapsed/Refractory Multiple Myeloma,TERMINATED,2021.0,PHASE1|PHASE2,Allogene Therapeutics,INDUSTRY,Terminated (Halted Prematurely),Unclear,False,False,False
NCT04735471,Gene editing & gene therapy,Engineered T-cell therapy (CAR-T),A Phase 1 Study of ADI-001 in B Cell Malignancies,TERMINATED,2021.0,PHASE1,Adicet Therapeutics,INDUSTRY,Terminated - Halted Prematurely,Unclear,False,False,False
NCT04249947,Gene editing & gene therapy,Engineered T-cell therapy (CAR-T),P-PSMA-101 CAR-T Cells in the Treatment of Subjects With Metastatic Castration-Resistant Prostate Cancer (mCRPC) and Advanced Salivary Gland Cancers (SGC),TERMINATED,2020.0,PHASE1,"Poseida Therapeutics, Inc.",INDUSTRY,Study closed,Unclear,False,False,False
NCT06447987,Gene editing & gene therapy,Engineered T-cell therapy (CAR-T),Humanized CD19-Specific CAR T Cells for the Treatment of Patients With Positive Relapsed or Refractory CD19 Positive B-Cell Acute Lymphoblastic Leukemia,SUSPENDED,2024.0,PHASE1,City of Hope Medical Center,OTHER,Pending Interim Analysis,Unclear,False,False,False
NCT06419166,Gene editing & gene therapy,Engineered T-cell therapy (CAR-T),An Exploratory Clinical Study of GC012F Injection for Refractory gMG,WITHDRAWN,2024.0,EARLY_PHASE1,Zhejiang University,OTHER,"The study stopped early, before enrolling its first participant.",Unclear,False,False,False
NCT06179888,Gene editing & gene therapy,Engineered T-cell therapy (CAR-T),Iberdomide Versus Observation Off Therapy After Idecabtagene Vicleucel CAR-T for Multiple Myeloma,SUSPENDED,2024.0,PHASE2,National Cancer Institute (NCI),NIH,Scheduled Interim Monitoring,Unclear,False,False,False
NCT06572631,Gene editing & gene therapy,Engineered T-cell therapy (CAR-T),Multi-antigen Specific CD8+ T Cells With Decitabine and Lymphodepleting Chemotherapy for the Treatment of Patients With Relapsed or Refractory AML or MDS Following an Allogeneic Hematopoietic Cell Transplantation From a Matched Donor,WITHDRAWN,2025.0,PHASE1,City of Hope Medical Center,OTHER,cprmc withdrawn,Unclear,False,False,False
NCT03590574,Gene editing & gene therapy,Engineered T-cell therapy (CAR-T),Phase I/II Study Evaluating AUTO4 in Patients With T Cell Receptor Beta Constant (TRBC)1 Positive T Cell Lymphoma,TERMINATED,2018.0,PHASE1|PHASE2,Autolus Limited,INDUSTRY,Only Phase I of the study was conducted.,Unclear,False,False,False
NCT03579888,Gene editing & gene therapy,Engineered T-cell therapy (CAR-T),CD19-Specific T Cells Post AlloSCT,TERMINATED,2020.0,PHASE1,M.D. Anderson Cancer Center,OTHER,Study halted prematurely,Unclear,False,False,False
NCT00809692,Precision medicine infrastructure,Pharmacogenomics,In Vivo Assessment of Histamine Pharmacodynamics,WITHDRAWN,2007.0,,Children's Mercy Hospital Kansas City,OTHER,Study withdrawn and combined with a new protocol,Administrative rollover or transfer (not a failure),False,False,False
NCT00377143,Precision medicine infrastructure,Pharmacogenomics,PRospective Evaluation Comparing Initiation of Warfarin StrategiEs (PRECISE): Pharmacogenetic-guided Versus Usual Care,WITHDRAWN,2006.0,PHASE4,University of Florida,OTHER,similar large study planned by NHLBI,Administrative rollover or transfer (not a failure),False,False,False
NCT01591291,Precision medicine infrastructure,Pharmacogenomics,Pharmacogenetic Treatments for Alcoholism,WITHDRAWN,2012.0,PHASE2|PHASE3,University of Virginia,OTHER,Grant was transferred to University of Maryland and results were reported under NCT02354703.,Administrative rollover or transfer (not a failure),False,False,False
NCT06482775,Precision medicine infrastructure,Pharmacogenomics,Dexmedetomidine for Analgosedation to Newborn Infants During Neonatal Intensive Care,WITHDRAWN,2021.0,,Region Skane,OTHER,Problems with the study costs after Covid-19,COVID-19 disruption,True,True,False
NCT02333149,Precision medicine infrastructure,N-of-1 / individualized genetic therapy,Melatonin in Youth: N-of-1 Trials in a Stimulant-treated Attention Deficit Hyperactivity Disorder (ADHD) Population,WITHDRAWN,2019.0,PHASE3,University of Alberta,OTHER,Issues surrounding the current COVID-19 pandemic.,COVID-19 disruption,False,False,False
NCT05381688,Precision medicine infrastructure,N-of-1 / individualized genetic therapy,VIM DBS Respiratory Modulation: N-of-1 Trial,WITHDRAWN,2021.0,,University of Oxford,OTHER,Covid prevented us from performing the study and the funding ran out,COVID-19 disruption,True,True,False
NCT04435457,Precision medicine infrastructure,Clinical WGS/WES,Cardiovascular Implications of COVID-19,TERMINATED,2020.0,,University of Texas Southwestern Medical Center,OTHER,COVID-19 natural history has changed and no further patients meet eligibility as hospitalizations are at a minimum.,COVID-19 disruption,False,False,False
NCT00936832,Precision medicine infrastructure,Pharmacogenomics,Sunitinib Malate and Combination Chemotherapy as Front-Line Therapy in Treating Patients With Metastatic Rectal Cancer That Cannot Be Removed by Surgery,WITHDRAWN,2009.0,PHASE2,Federation Francophone de Cancerologie Digestive,OTHER,because the sunitinib showed futility in anotehr trial,Efficacy failure or futility,False,False,False
NCT01975727,Precision medicine infrastructure,Pharmacogenomics,Dexamethasone for the Treatment of Established Postoperative Nausea and Vomiting,TERMINATED,2012.0,PHASE2,"University Hospital, Geneva",OTHER,Study was halted prematurely for futility after an intermediate analysis,Efficacy failure or futility,False,False,False
NCT00207948,Precision medicine infrastructure,Pharmacogenomics,Optimizing Antiretroviral Therapy in HIV-Infected Children and Adolescents,TERMINATED,2004.0,,Children's National Research Institute,OTHER,no measurable response was detected at the 50% increase threshold.,Efficacy failure or futility,False,False,False
NCT05755269,Precision medicine infrastructure,Polygenic risk scores,Adding a Genetic Risk Evaluation to Standard Breast Cancer Risk Assessment for African American and Hispanic Women,TERMINATED,2023.0,,Mayo Clinic,OTHER,Lack of funding,"Funding, business or strategic decision",True,True,False
NCT02492360,Precision medicine infrastructure,Pharmacogenomics,Establishing of Neuronal-like Cells From Patients With Cisplatin-Induced Peripheral Neuropathy,WITHDRAWN,2017.0,,Costantine Albany,OTHER,Lack of funding,"Funding, business or strategic decision",True,True,False
NCT03150004,Precision medicine infrastructure,Pharmacogenomics,Efficacy and Pharmacogenomics of Cladribine Based Salvage Chemotherapy in Patients With Relapse/Refractory and Secondary Acute Myeloid Leukemia (AML) and High Risk Myelodysplastic Syndrome (MDS),TERMINATED,2017.0,PHASE2,Medical College of Wisconsin,OTHER,No longer have funding support to complete the pharmacogenetics component.,"Funding, business or strategic decision",True,True,False
NCT06385548,Precision medicine infrastructure,Pharmacogenomics,Efficacy and Safety Study of Lurbinectedin and Dostarlimab in Cancer Patients: Protocol VHIO21001 - LiDer,WITHDRAWN,2024.0,PHASE1|PHASE2,Vall d'Hebron Institute of Oncology,OTHER,IMP owner decision,"Funding, business or strategic decision",False,False,False
NCT01192815,Precision medicine infrastructure,Pharmacogenomics,Erlotinib Hydrochloride and Radiation Therapy in Stage III-IV Squamous Cell Cancer of the Head and Neck,TERMINATED,2011.0,PHASE2,Case Comprehensive Cancer Center,OTHER,Funding unavailable,"Funding, business or strategic decision",True,True,False
NCT01305148,Precision medicine infrastructure,Pharmacogenomics,Warfarin Adverse Event Reduction For Adults Receiving Genetic Testing at Therapy INitiation (WARFARIN),SUSPENDED,2011.0,,"Iverson Genetic Diagnostics, Inc.",INDUSTRY,Sponsor is raising funds for the remainder of the study,"Funding, business or strategic decision",True,True,False
NCT02435550,Precision medicine infrastructure,Pharmacogenomics,iCare for Cancer Patients,TERMINATED,2015.0,,University of Florida,OTHER,Halted due to funding issues.,"Funding, business or strategic decision",True,True,False
NCT04450212,Precision medicine infrastructure,Pharmacogenomics,Vitamin K Supplementation Study in Healthy Volunteers (Aim 2B),TERMINATED,2017.0,,University of Washington,OTHER,Insufficient funds to complete the study.,"Funding, business or strategic decision",True,True,False
NCT00706446,Precision medicine infrastructure,Pharmacogenomics,The Effects of Different Long-acting Bronchodilator Medications on Asthma Patients With Different Genetic Variations,TERMINATED,2008.0,,Brigham and Women's Hospital,OTHER,Funding was terminated,"Funding, business or strategic decision",True,True,False
NCT00873366,Precision medicine infrastructure,Pharmacogenomics,Breath Test for Women Receiving Tamoxifen in the Prevention or Treatment of Breast Cancer,TERMINATED,2009.0,,Mayo Clinic,OTHER,Funding issues,"Funding, business or strategic decision",True,True,False
NCT04839237,Precision medicine infrastructure,Pharmacogenomics,The Effect and the Pharmacogenomics Study of Liraglutide in Obese Patients,WITHDRAWN,2017.0,PHASE2,Xiangya Hospital of Central South University,OTHER,The sponsor decides withdrawn this study.,"Funding, business or strategic decision",False,False,False
NCT02542397,Precision medicine infrastructure,Pharmacogenomics,"LCI-NOS-PAIN-001: A Prospective, Pharmacogenomic-Driven Study of Pain Management in Oncology Outpatients",TERMINATED,2015.0,PHASE2,Wake Forest University Health Sciences,OTHER,Early study closure due to limited internal resources to continue enrollment.,"Funding, business or strategic decision",True,True,False
NCT00548327,Precision medicine infrastructure,Pharmacogenomics,The Effects of Atomoxetine on Cognition and Brain Function Based on Catechol-O-methyltransferase(COMT) Genotype,TERMINATED,2007.0,PHASE2,National Institute of Mental Health (NIMH),NIH,The scientific director decided to terminate: low priority study with slow accrual,"Funding, business or strategic decision",False,False,False
NCT03924557,Precision medicine infrastructure,Pharmacogenomics,Genotype-guided Supportive Care in Symptom Treatment of Cancer Patients,TERMINATED,2019.0,,University of Florida,OTHER,funding issues,"Funding, business or strategic decision",True,True,False
NCT00235235,Precision medicine infrastructure,Pharmacogenomics,A Correlative Study for Predicting Response and Toxicity in Patients Receiving Chemotherapy for Breast Cancer,TERMINATED,2005.0,,Hoosier Cancer Research Network,OTHER,Funding terminated,"Funding, business or strategic decision",True,True,False
NCT02293096,Precision medicine infrastructure,Pharmacogenomics,Pharmacogenetic Prediction of Metoprolol Effectiveness,TERMINATED,2014.0,,"University of Colorado, Denver",OTHER,Study was terminated due to the change in funding.,"Funding, business or strategic decision",True,True,False
NCT02559193,Precision medicine infrastructure,Pharmacogenomics,Pharmacogenetic Testing for Medication Management.,WITHDRAWN,2016.0,,First Vitals LLC,INDUSTRY,Loss of funding for the continuation of the Study,"Funding, business or strategic decision",True,True,False
NCT03531268,Precision medicine infrastructure,Pharmacogenomics,Prospective Study to Evaluate the Clinical Utility of Perioperative Pharmacogenomic Testing,WITHDRAWN,2018.0,,Brigham and Women's Hospital,OTHER,Need improve the strategy,"Funding, business or strategic decision",False,True,False
NCT01261299,Precision medicine infrastructure,Pharmacogenomics,Clinical Study of Microdosing Carboplatin in Lung or Bladder Cancer,TERMINATED,2010.0,EARLY_PHASE1,"University of California, Davis",OTHER,Contract ended,"Funding, business or strategic decision",False,False,False
NCT04993443,Precision medicine infrastructure,Pharmacogenomics,"First-In-Human Study to Evaluate the Safety, Tolerability, Immunogenicity, and Pharmacokinetics of LQ036",TERMINATED,2021.0,PHASE1,Syneos Health,OTHER,"Copmeletion of Part A SAD cohorts, sponsor cancelled Part B-D cohorts","Funding, business or strategic decision",False,False,False
NCT01452152,Precision medicine infrastructure,Pharmacogenomics,Pharmacogenomics of Anti-platelet Intervention-2 (PAPI-2) Study,TERMINATED,2012.0,PHASE4,"University of Maryland, Baltimore",OTHER,Terminated by study sponsor.,"Funding, business or strategic decision",False,False,False
NCT00393653,Precision medicine infrastructure,N-of-1 / individualized genetic therapy,Prescription Methods Assessment Project (PMAP),TERMINATED,2006.0,,American Academy of Family Physicians,OTHER,Funding ended early,"Funding, business or strategic decision",True,True,False
NCT01050244,Precision medicine infrastructure,N-of-1 / individualized genetic therapy,The Effect of Soy Protein on Neuropathic Pain,TERMINATED,2011.0,PHASE2,Dr. Yoram Shir,OTHER,Funding ran out\_difficulties with study product (delays in authorization).,"Funding, business or strategic decision",True,True,False
NCT04323553,Precision medicine infrastructure,Clinical WGS/WES,Comparison of Pulsed-field Gel Electrophoresis and Whole Genome Sequencing to Determine Transmission Rate of ESBL-producing E.Coli,TERMINATED,2020.0,,"University Hospital, Basel, Switzerland",OTHER,This study is no longer of interested as one of the technology used is already outdated.,"Funding, business or strategic decision",False,False,False
NCT05221827,Precision medicine infrastructure,Clinical WGS/WES,Clinical Performance Evaluation of the C2i-Test,TERMINATED,2022.0,,C2i Genomics,INDUSTRY,Not in line with company's recently updated clinical development strategy,"Funding, business or strategic decision",False,True,False
NCT02964481,Precision medicine infrastructure,Clinical WGS/WES,Malignant Hyperthermia Registry and Genetic Testing,TERMINATED,2015.0,,"Children's Hospital Medical Center, Cincinnati",OTHER,Lack of funding to enroll additional participants,"Funding, business or strategic decision",True,True,False
NCT02491775,Precision medicine infrastructure,Clinical WGS/WES,Afatinib Genomic Landscape,TERMINATED,2015.0,,Washington University School of Medicine,OTHER,Changes in treatment plan affecting drug therapy choices,"Funding, business or strategic decision",False,False,False
NCT04289259,Precision medicine infrastructure,Clinical WGS/WES,Tumor Mutational Burden in Lung Cancer Patients,TERMINATED,2020.0,,Assistance Publique - Hôpitaux de Paris,OTHER,The funder stopped to fund this study.,"Funding, business or strategic decision",True,True,False
NCT05860543,Precision medicine infrastructure,Clinical WGS/WES,Clinical Performance Evaluation of the C2i Test,WITHDRAWN,2024.0,,University of Texas Southwestern Medical Center,OTHER,C2i genomics was acquired by veracyte,"Funding, business or strategic decision",False,False,False
NCT03361800,Precision medicine infrastructure,Clinical WGS/WES,"Window of Opportunity Trial of Entinostat in Patients With Newly Diagnosed Stage I-IIIC,TNBC",TERMINATED,2018.0,EARLY_PHASE1,UNC Lineberger Comprehensive Cancer Center,OTHER,Funding withdrawn.,"Funding, business or strategic decision",True,True,False
NCT02193152,Precision medicine infrastructure,Clinical WGS/WES,Pazopanib in Molecularly Selected Patients With Advanced NSCLC,TERMINATED,2015.0,PHASE2,Washington University School of Medicine,OTHER,Terminated by sponsor,"Funding, business or strategic decision",False,False,False
NCT02554591,Precision medicine infrastructure,Clinical WGS/WES,Genomic Landscape of Ceritinib,TERMINATED,2015.0,,Washington University School of Medicine,OTHER,Changes in treatment plans affecting drug therapy choices,"Funding, business or strategic decision",False,False,False
NCT03952494,Precision medicine infrastructure,Pharmacogenomics,Individualizing Antidepressant Treatment Using Pharmacogenomics and EHR-driven Clinical Decision Support,WITHDRAWN,2022.0,,Weill Medical College of Cornell University,OTHER,"Due to some administrative issues, the study had to be stopped. There were 0 subjects enrolled.","Investigator, site or administrative",False,False,False
NCT01426516,Precision medicine infrastructure,Pharmacogenomics,Pharmacogenomics for Antidepressant Guidance and Education 1 (PAGE-1_AG1),TERMINATED,2011.0,,"Genomind, LLC",INDUSTRY,Invalid data collection,"Investigator, site or administrative",False,False,False
NCT00216008,Precision medicine infrastructure,Pharmacogenomics,"Pharmacogenomic Study of Docetaxel and Cisplatin, Followed by Docetaxel, Cisplatin and Irradiation.",TERMINATED,2005.0,PHASE2,H. Lee Moffitt Cancer Center and Research Institute,OTHER,IRB Closure,"Investigator, site or administrative",False,False,False
NCT03907124,Precision medicine infrastructure,Pharmacogenomics,Clinical Utility of Pharmacogenomics of Psychotropic Medications,WITHDRAWN,2019.0,PHASE4,Oregon Health and Science University,OTHER,PI left institution prior to recruitment.,"Investigator, site or administrative",False,False,False
NCT04984538,Precision medicine infrastructure,Pharmacogenomics,Implementation of a Pharmacist-led Pharmacogenomic Clinical Service,WITHDRAWN,2021.0,,Tabula Rasa HealthCare,INDUSTRY,Personnel Changes,"Investigator, site or administrative",False,False,False
NCT03228953,Precision medicine infrastructure,Pharmacogenomics,Pharmacogenomic Testing in Major Depressive Disorder,TERMINATED,2017.0,,Columbia University,OTHER,Investigator retired.,"Investigator, site or administrative",True,True,False
NCT03537547,Precision medicine infrastructure,Pharmacogenomics,Combinatorial Pharmacogenomics Testing in Treatment-Naïve Major Depressive Disorder,TERMINATED,2018.0,PHASE4,Washington University School of Medicine,OTHER,Per sponsor and PI institution discussions,"Investigator, site or administrative",False,False,False
NCT01555021,Precision medicine infrastructure,Pharmacogenomics,Pharmacogenomics for Antidepressant Guidance and Education,TERMINATED,2011.0,,Massachusetts General Hospital,OTHER,"The study was an inpatient, but PI left inpatient at MGH on July 1, 2012","Investigator, site or administrative",False,False,False
NCT01677650,Precision medicine infrastructure,Pharmacogenomics,Pharmacogenomics of Methadone in Spine Fusion Surgery,WITHDRAWN,2014.0,PHASE1,Northwestern University,OTHER,Investigator moved to new institution,"Investigator, site or administrative",True,True,False
NCT00641511,Precision medicine infrastructure,Pharmacogenomics,Pharmacogenetic Clinical Trial of Nepicastat for Post Traumatic Stress Disorder (PTSD),WITHDRAWN,2008.0,PHASE2,Michael E. DeBakey VA Medical Center,FED,Houston site withdrew as a study site.,"Investigator, site or administrative",False,False,False
NCT02311322,Precision medicine infrastructure,Clinical WGS/WES,Genetic Causes of Growth Disorders,TERMINATED,2014.0,,Eunice Kennedy Shriver National Institute of Child Health and Human Development (NICHD),NIH,PI left NIH,"Investigator, site or administrative",False,False,False
NCT05014698,Precision medicine infrastructure,Clinical WGS/WES,IDEntification of New Predisposition Genes in Differentiated THYroid Cancer,TERMINATED,2022.0,,Nantes University Hospital,OTHER,end-of-study visit not completed within the protocol timeframe,"Investigator, site or administrative",False,False,False
NCT03108885,Precision medicine infrastructure,Clinical WGS/WES,Measuring Cell Free DNA During the Course of Treatment for Esophageal Cancer as a Marker of Response and Recurrence,TERMINATED,2017.0,,Mayo Clinic,OTHER,Study's Principal Investigator no longer at the institution.,"Investigator, site or administrative",True,True,False
NCT05028621,Precision medicine infrastructure,Clinical WGS/WES,Molecular Basis of Langerhans and Non-Langerhans Cell Histiocytic Neoplasms and Castleman Disease,SUSPENDED,2021.0,,Case Comprehensive Cancer Center,OTHER,Working on changing study vendor,"Investigator, site or administrative",False,False,False
NCT05922995,Precision medicine infrastructure,Clinical WGS/WES,The Effects of Tasimelteon in Participants With REM Behavior Disorder (RBD),TERMINATED,2023.0,EARLY_PHASE1,Brigham and Women's Hospital,OTHER,Study will not longer be done. Terminated due to sponsor noncompliance.,"Investigator, site or administrative",False,False,False
NCT01193868,Precision medicine infrastructure,Pharmacogenomics,RO4929097 in Treating Patients With Advanced Non-Small Cell Lung Cancer Who Have Recently Completed Treatment With Front-Line Chemotherapy,TERMINATED,2010.0,PHASE2,National Cancer Institute (NCI),NIH,Study drug production halted.,Manufacturing or product supply,False,False,False
NCT00665457,Precision medicine infrastructure,Pharmacogenomics,Biomarkers in Women Receiving Chemotherapy & Celecoxib for Stage II or Stage III Breast Cancer Removable by Surgery,TERMINATED,2004.0,PHASE2,University of Nebraska,OTHER,study drug was removed from the market and low enrollment.,Manufacturing or product supply,False,False,False
NCT02883712,Precision medicine infrastructure,Pharmacogenomics,Study of Predictors of Response to Anti Epilepsy in Epilepsy,TERMINATED,2013.0,,"University Hospital, Lille",OTHER,defect inclusion,Manufacturing or product supply,False,False,False
NCT02096172,Precision medicine infrastructure,Pharmacogenomics,Urine Toxicology With Pharmacogenomic Interpretation Assay: UTOPIA,WITHDRAWN,2014.0,,Renaissance RX,INDUSTRY,,No reason stated,False,False,False
NCT00038922,Precision medicine infrastructure,Pharmacogenomics,Study Evaluating rhIL-11 in Left-Sided Ulcerative Colitis,TERMINATED,,PHASE1,Wyeth is now a wholly owned subsidiary of Pfizer,INDUSTRY,,No reason stated,False,False,False
NCT01907802,Precision medicine infrastructure,Pharmacogenomics,Dabrafenib in Treating Patients With Solid Tumors and Kidney or Liver Dysfunction,TERMINATED,2013.0,PHASE1,National Cancer Institute (NCI),NIH,,No reason stated,False,False,False
NCT01281163,Precision medicine infrastructure,Pharmacogenomics,Lapatinib Ditosylate and Akt Inhibitor MK2206 in Treating Women With Metastatic Breast Cancer,TERMINATED,2011.0,PHASE1,National Cancer Institute (NCI),NIH,,No reason stated,False,False,False
NCT00146029,Precision medicine infrastructure,Pharmacogenomics,Companion Pharmacogenetic Study to UMCC 9900/9901,TERMINATED,,,University of Michigan Rogel Cancer Center,OTHER,,No reason stated,False,False,False
NCT01393288,Precision medicine infrastructure,Pharmacogenomics,Developing Individualized Strategies to Prevent Nausea and Vomiting,WITHDRAWN,2013.0,,"University of California, San Francisco",OTHER,,No reason stated,False,False,False
NCT01375556,Precision medicine infrastructure,Pharmacogenomics,Genetics of the Acute Response to Alcohol in Social Drinkers,TERMINATED,2011.0,PHASE1,National Institute on Alcohol Abuse and Alcoholism (NIAAA),NIH,,No reason stated,False,False,False
NCT02856477,Precision medicine infrastructure,Pharmacogenomics,Pharmacogenetic and Antidepressant Treatment in Elderly,TERMINATED,2007.0,,Centre Hospitalier Universitaire de Besancon,OTHER,,No reason stated,False,False,False
NCT01233219,Precision medicine infrastructure,Pharmacogenomics,Association Between Clinical Effect of Continuous Morphine Administration After Surgery and Pharmacogenetics,WITHDRAWN,2010.0,,Fondazione IRCCS Policlinico San Matteo di Pavia,OTHER,,No reason stated,False,False,False
NCT01760356,Precision medicine infrastructure,Pharmacogenomics,Study of PD/PK/PG Relationships of Tacrolimus and Cyclosporin in Liver Transplant Patients,TERMINATED,2011.0,,UDA Centro Nacional Hepato-Bilio-Pancreático,OTHER,,No reason stated,False,False,False
NCT01859182,Precision medicine infrastructure,Pharmacogenomics,Selumetinib and Akt Inhibitor MK-2206 in Treating Patients With Refractory or Advanced Gallbladder or Bile Duct Cancer That Cannot Be Removed By Surgery,WITHDRAWN,2013.0,PHASE2,National Cancer Institute (NCI),NIH,,No reason stated,False,False,False
NCT00112684,Precision medicine infrastructure,Pharmacogenomics,Alvocidib in Treating Patients With Locally Advanced or Metastatic Solid Tumors,TERMINATED,2006.0,PHASE1,National Cancer Institute (NCI),NIH,,No reason stated,False,False,False
NCT01071564,Precision medicine infrastructure,Pharmacogenomics,RO4929097 and Vismodegib in Treating Patients With Breast Cancer That is Metastatic or Cannot Be Removed By Surgery,TERMINATED,2009.0,PHASE1,National Cancer Institute (NCI),NIH,,No reason stated,False,False,False
NCT01013831,Precision medicine infrastructure,Pharmacogenomics,Erlotinib Hydrochloride in Preventing Cancer in Patients With Precancerous Lesions of the Lung,TERMINATED,2009.0,PHASE1,National Cancer Institute (NCI),NIH,,No reason stated,False,False,False
NCT02696954,Precision medicine infrastructure,Pharmacogenomics,"Study of Artemether-lumefantrine, Amodiaquine and Primaquine in Healthy Subjects",TERMINATED,2016.0,PHASE1|PHASE2,University of Oxford,OTHER,,No reason stated,False,False,False
NCT00299845,Precision medicine infrastructure,Pharmacogenomics,Randomized Trial for Pharmacogenomics-based Proton Pump Inhibitor Therapy in Children,WITHDRAWN,,PHASE4,Osaka University,OTHER,,No reason stated,False,False,False
NCT01521780,Precision medicine infrastructure,Pharmacogenomics,Characterization of Baseline Biomarker Variability in Participants With Hepatocellular Carcinoma (MK-0000-215),TERMINATED,2012.0,PHASE1,Merck Sharp & Dohme LLC,INDUSTRY,,No reason stated,False,False,False
NCT02599870,Precision medicine infrastructure,Pharmacogenomics,Clinical Study to Evaluate Clinical Impact of PGx-Guided Treatment for Patients Undergoing Elective Spinal Surgical Procedures,TERMINATED,2015.0,,AltheaDx,INDUSTRY,,No reason stated,False,False,False
NCT00130936,Precision medicine infrastructure,Pharmacogenomics,"Study of Epirubicin (Pharmorubicin®), Carboplatin (Paraplatin®) and Capecitabine (Xeloda®) (ECC) in the Treatment of Unresectable Locally Advanced or Metastatic Gastric/Gastroesophageal Junction Cancer With Pharmacogenetic Correlates",TERMINATED,2005.0,PHASE1|PHASE2,AHS Cancer Control Alberta,OTHER,,No reason stated,False,False,False
NCT02228421,Precision medicine infrastructure,Companion diagnostics,Study to Evaluate Real-world Pharmacoeconomics of Crizotinib in NSCLC Patients,TERMINATED,2015.0,,PeriPharm,OTHER,,No reason stated,False,False,False
NCT02469194,Precision medicine infrastructure,Clinical WGS/WES,Mechanisms and Predictors of Unusual Radiation or Chemotherapy Toxicity,WITHDRAWN,2015.0,,Abramson Cancer Center at Penn Medicine,OTHER,,No reason stated,False,False,False
NCT06280976,Precision medicine infrastructure,Polygenic risk scores,Aggressive Risk-Prevention Therapies for Coronary Atherosclerotic Plaque (ART-CAP),WITHDRAWN,2024.0,PHASE4,University of Louisville,OTHER,"study withdrawn, no participants enrolled, changes in the study design planned",Protocol redesign or replacement,False,False,False
NCT04541381,Precision medicine infrastructure,Pharmacogenomics,The PhOCus Trial: Implementation of Pharmacogenomic Testing in Oncology Care,SUSPENDED,2022.0,,University of Chicago,OTHER,pending study amendment/re-design,Protocol redesign or replacement,False,False,False
NCT06509919,Precision medicine infrastructure,Clinical WGS/WES,Application of a Novel Model Based on Plasma cfDNA Assay and MRl Imaging in the Detection of Prostate Cancer,SUSPENDED,2024.0,,Shanghai Changzheng Hospital,OTHER,Modifications to trial design,Protocol redesign or replacement,False,False,False
NCT03237182,Precision medicine infrastructure,Clinical WGS/WES,The Individualized M(X) Drug-resistant TB Treatment Strategy Study,TERMINATED,2017.0,PHASE4,Centre for the AIDS Programme of Research in South Africa,NETWORK,WHO 2022 guidelines for DR-TB treatment are set to change. These guidelines recommend the use of an all-oral short course BPAL regimen.Therefore ongoing implementation of the study is considered futile.,Protocol redesign or replacement,False,False,False
NCT01071486,Precision medicine infrastructure,Pharmacogenomics,Busulfan Pharmacokinetic Analysis and GST Polymorphism in Adults Undergoing Hematological Stem Cell Transplantation,WITHDRAWN,2009.0,PHASE4,Rambam Health Care Campus,OTHER,lack of participants,Recruitment or feasibility failure,False,False,False
NCT02455362,Precision medicine infrastructure,Pharmacogenomics,Opioids for Refractory Breathlessness in Chronic Obstructive Pulmonary Disease,WITHDRAWN,2015.0,PHASE3,Flinders University,OTHER,'Recruitment not possible given changes to trial criteria,Recruitment or feasibility failure,False,False,False
NCT01088906,Precision medicine infrastructure,Pharmacogenomics,Study of Pemetrexed Plus Cisplatin as First-line Therapy in Patients With Advanced Non-squamous NSCLC,TERMINATED,2010.0,PHASE2,Spanish Lung Cancer Group,OTHER,No safety reasons. Low recruitment.,Recruitment or feasibility failure,False,False,False
NCT00916890,Precision medicine infrastructure,Pharmacogenomics,Prospective Study About Clinical and Pharmacogenetic Safety of Opioid Use for Chronic Pain,SUSPENDED,2009.0,PHASE4,Fondazione IRCCS Policlinico San Matteo di Pavia,OTHER,difficulties in patients enrolment,Recruitment or feasibility failure,False,False,False
NCT03455751,Precision medicine infrastructure,Pharmacogenomics,Precision Pain Management for Major Abdominal Surgery in Colorectal Surgery,TERMINATED,2018.0,,The Cleveland Clinic,OTHER,Failed to meet enrollment goals,Recruitment or feasibility failure,False,False,False
NCT00674414,Precision medicine infrastructure,Pharmacogenomics,Trastuzumab With or Without Everolimus in Treating Women With Breast Cancer That Can Be Removed By Surgery,TERMINATED,2008.0,PHASE2,UNICANCER,OTHER,IDMC decision due to accrual issue (82 pts accrued / 120 expected),Recruitment or feasibility failure,False,False,False
NCT00705549,Precision medicine infrastructure,Pharmacogenomics,"Individualized Therapy Based of Tumoral mRNA Levels of ERCC1, RRM1 and BRCA1 in Advanced Non-Small-Cell Lung Cancer",TERMINATED,2008.0,PHASE2,Hellenic Oncology Research Group,OTHER,Due to poor accrual,Recruitment or feasibility failure,False,False,False
NCT01289938,Precision medicine infrastructure,Pharmacogenomics,Pharmacogenetic Factors and Side Effects of Metoclopramide and Diphenhydramine,TERMINATED,2009.0,PHASE1,Matthias Schwab,OTHER,"To unsuccessful recruitment of rare UM-genotype. All other planned genotype groups are completed (EM, IM and PM).",Recruitment or feasibility failure,False,False,False
NCT00352872,Precision medicine infrastructure,Pharmacogenomics,Pharmacogenetics as a Predictor of Toxicity in Pre-Menopausal Women Receiving Doxorubicin and Cyclophosphamide in Early Breast Cancer,TERMINATED,2005.0,,Indiana University,OTHER,This study has been difficult to recruit.,Recruitment or feasibility failure,False,False,False
NCT04657679,Precision medicine infrastructure,Pharmacogenomics,Pharmacokinetics and Pharmacogenomics of Ribociclib in Race-based Cohorts,TERMINATED,2021.0,PHASE4,Georgetown University,OTHER,Sufficient accrual into the African American/Black patient cohort and insufficient accrual into the NHW patient cohort.,Recruitment or feasibility failure,False,False,False
NCT05210153,Precision medicine infrastructure,Pharmacogenomics,Personalized Sertraline Dosing in Patients With Depression,WITHDRAWN,2020.0,,University of Belgrade,OTHER,"Due to slow rate of recruitment of patients with major depressive disorder in our site, it was not feasible to perform both planned Psycise studies. Therefore, all efforts were put into escitalopram study (Psycise-E).",Recruitment or feasibility failure,False,False,False
NCT00386399,Precision medicine infrastructure,Pharmacogenomics,Study of Mitomycin-C in Patients With Advanced or Recurrent Pancreatic Cancer With Mutated BRCA2 Gene,WITHDRAWN,2006.0,PHASE2,Sidney Kimmel Comprehensive Cancer Center at Johns Hopkins,OTHER,"All consented subjects tested negative for the BRCA2 mutation, therefore, did not meet criteria to start the study, resulting in withdrawal by PI",Recruitment or feasibility failure,False,False,False
NCT01599832,Precision medicine infrastructure,Pharmacogenomics,Dynamic Contrast-Enhanced Magnetic Resonance Imaging in Measuring Effects of Pazopanib Hydrochloride in Patients With Metastatic Kidney Cancer,TERMINATED,2012.0,,University of Chicago,OTHER,Poor accrual,Recruitment or feasibility failure,False,False,False
NCT05965401,Precision medicine infrastructure,Pharmacogenomics,Pharmacogenetic-Guided Antidepressant Prescribing in Adolescents,TERMINATED,2023.0,,University of Calgary,OTHER,Low recruitment,Recruitment or feasibility failure,False,False,False
NCT00537173,Precision medicine infrastructure,Pharmacogenomics,Predicting Response and Toxicity in Patients Receiving Paclitaxel and Avastin for Breast Cancer,TERMINATED,2007.0,,Hoosier Cancer Research Network,OTHER,Lack of Accrual,Recruitment or feasibility failure,False,False,False
NCT05762744,Precision medicine infrastructure,Pharmacogenomics,Pharmacogenomics of GLP1 Receptor Agonists,TERMINATED,2016.0,PHASE1,"University of Maryland, Baltimore",OTHER,We concluded that it would not be possible to meet our recruitment targets within the available budget. The study was ended when the funding ended.,Recruitment or feasibility failure,True,True,False
NCT00701753,Precision medicine infrastructure,Pharmacogenomics,A Pharmacogenetic Investigation of Antipsychotics in Schizophrenia and Schizophrenia-Like Psychoses,TERMINATED,2008.0,,TheraGenetics Limited,INDUSTRY,Insufficient subject recruitment.,Recruitment or feasibility failure,False,False,False
NCT03559985,Precision medicine infrastructure,Pharmacogenomics,Paracetamol and Neuropathic Pain,TERMINATED,2018.0,PHASE2,"University Hospital, Clermont-Ferrand",OTHER,Recruitment difficulties,Recruitment or feasibility failure,False,False,False
NCT01427374,Precision medicine infrastructure,Pharmacogenomics,Risk Factors for Coronary Artery Calcification and Left Ventricular Hypertrophy in Hemodialysis Patients,TERMINATED,2011.0,,University of Alberta,OTHER,low recruitment,Recruitment or feasibility failure,False,False,False
NCT02932579,Precision medicine infrastructure,Pharmacogenomics,Utility of Pharmacogenomic Testing and Postoperative Dental Pain Outcomes,TERMINATED,2017.0,PHASE4,University of Rochester,OTHER,Study was halted permanently due to enrollment and logistic issues.,Recruitment or feasibility failure,False,False,False
NCT04251520,Precision medicine infrastructure,Pharmacogenomics,The Role of the Pharmacist and Pharmacogenomics in the Care of Seriously Ill Patients,TERMINATED,2021.0,,Mayo Clinic,OTHER,Unable to recruit participants,Recruitment or feasibility failure,False,False,False
NCT00330434,Precision medicine infrastructure,Pharmacogenomics,Effect of Ethanol and Genetic Polymorphisms on Bupropion Metabolism,WITHDRAWN,2005.0,,Tufts University,OTHER,Study was a F32 Fellowship. Trial was proposed however Principle Investigator does not believe trial took place.,Recruitment or feasibility failure,True,True,False
NCT00900562,Precision medicine infrastructure,Pharmacogenomics,Clinical Trial of PM00104 (Zalypsis®) in Patients With Advanced and/or Metastatic Endometrial or Cervical Cancer Previously Treated With One Line of Systemic Chemotherapy,TERMINATED,2009.0,PHASE2,PharmaMar,INDUSTRY,Slow and poor recruitment.,Recruitment or feasibility failure,False,False,False
NCT00716833,Precision medicine infrastructure,Pharmacogenomics,Etoricoxibe - Preemptive and Postoperative Analgesia for Abdominal and Thoracic Surgery,TERMINATED,2006.0,PHASE3,Ludwig-Maximilians - University of Munich,OTHER,poor recruitment,Recruitment or feasibility failure,False,False,False
NCT00471653,Precision medicine infrastructure,Pharmacogenomics,Pharmacokinetics in Patients With Newly Diagnosed High-Grade Glioma Receiving Temozolomide and Radiation Therapy,TERMINATED,2006.0,,Sidney Kimmel Comprehensive Cancer Center at Johns Hopkins,OTHER,low accrual,Recruitment or feasibility failure,False,False,False
NCT02462421,Precision medicine infrastructure,Pharmacogenomics,Pharmacogenetics of SGLT2 Inhibitors,TERMINATED,2015.0,PHASE4,"University of Maryland, Baltimore",OTHER,Did not meet recruitment targets.,Recruitment or feasibility failure,False,False,False
NCT02389712,Precision medicine infrastructure,Pharmacogenomics,16-week Comparative Effectiveness Trial of Lamotrigine vs. Fluoxetine for Bipolar Depression,TERMINATED,2015.0,PHASE4,Mayo Clinic,OTHER,Difficulties with recruitment,Recruitment or feasibility failure,False,False,False
NCT01210144,Precision medicine infrastructure,Pharmacogenomics,EXpression PRofile Endometrium Samples Study,TERMINATED,2008.0,PHASE4,"Merck KGaA, Darmstadt, Germany",INDUSTRY,Study terminated due to recruitment failure,Recruitment or feasibility failure,False,False,False
NCT01790516,Precision medicine infrastructure,Pharmacogenomics,Use of Pharmacogenetics to Select Erbitux or Cisplatin to Treat Head and Neck Cancer,TERMINATED,2012.0,,Georgetown University,OTHER,low accruals--2 patients were enrolled in over a year,Recruitment or feasibility failure,False,False,False
NCT03221166,Precision medicine infrastructure,Pharmacogenomics,Thalidomide Versus Infliximab in New Onset Crohn's Disease With Poor Prognostic Factors,TERMINATED,2018.0,PHASE3,IRCCS Burlo Garofolo,OTHER,Difficulty in recruiting subjects who meet the inclusion/exclusion criteria,Recruitment or feasibility failure,False,False,False
NCT02711592,Precision medicine infrastructure,Pharmacogenomics,Pharmacogenomics Information in Enhancing Post-operative Total Joint Replacement Pain Management: a Pilot Study,TERMINATED,2016.0,,TriHealth Inc.,OTHER,Lack of enrollment,Recruitment or feasibility failure,False,False,False
NCT01705106,Precision medicine infrastructure,Pharmacogenomics,Capecitabine and Celecoxib in Patients With Solid Cancers That Have Been Previously Treated With Standard Therapies,TERMINATED,2012.0,PHASE1,University of Chicago,OTHER,The study was terminated early due to slow accrual.,Recruitment or feasibility failure,False,False,False
NCT02955121,Precision medicine infrastructure,Pharmacogenomics,IU Health Krannert Personalized Medicine Study,TERMINATED,2016.0,,Indiana University,OTHER,Slower than anticipated recruitment,Recruitment or feasibility failure,False,False,False
NCT05300490,Precision medicine infrastructure,Pharmacogenomics,Prednisolone Urinary Excretion Kinetics,WITHDRAWN,2023.0,,"University Hospital, Strasbourg, France",OTHER,"As practices had changed by the time this trial was being set up, there was no inclusion in this study.",Recruitment or feasibility failure,False,False,False
NCT00881114,Precision medicine infrastructure,Pharmacogenomics,Study Using Pharmacogenetics to Select Treatment for Head and Neck Cancer,WITHDRAWN,2009.0,PHASE2,Georgetown University,OTHER,Investigator decided it was not feasible to conduct this study,Recruitment or feasibility failure,True,True,False
NCT02758990,Precision medicine infrastructure,Pharmacogenomics,Interventional Testing of Gene-environment Interactions Via the Verifomics Mobile Application,TERMINATED,2016.0,,Verifomics LLC,INDUSTRY,Recruiting and financial constraints,Recruitment or feasibility failure,True,True,False
NCT03722381,Precision medicine infrastructure,Pharmacogenomics,Evaluation of Amlodipine Pharmacokinetics in Patients Receiving Hi Flux Hemodialysis,WITHDRAWN,2020.0,,University of Michigan,OTHER,"Study activities were not initiated, and we do not plan to initiate them in the future.",Recruitment or feasibility failure,False,False,False
NCT04412070,Precision medicine infrastructure,Companion diagnostics,Assessement of the Concordance of Genomic Alterations Between Urine and Tissue in High-Risk NMIBC Patients,TERMINATED,2021.0,,Hopital Foch,OTHER,"The target enrollment was not reached at the end of recrutement period. The presence of a concurrent therapeutic clinical trial in the same department significantly limited patient availability for this study, making further recruitment not feasible.",Recruitment or feasibility failure,False,False,False
NCT04056650,Precision medicine infrastructure,N-of-1 / individualized genetic therapy,Assessing the Effectiveness of an N-of-1 Platform Using Study of Cognitive Enhancers,TERMINATED,2019.0,PHASE4,Icahn School of Medicine at Mount Sinai,OTHER,Low enrollment,Recruitment or feasibility failure,False,False,False
NCT01164956,Precision medicine infrastructure,N-of-1 / individualized genetic therapy,Methylphenidate for Cancer-Related Fatigue,TERMINATED,2011.0,PHASE1,Dana-Farber Cancer Institute,OTHER,Insufficient Resources,Recruitment or feasibility failure,True,True,False
NCT04132011,Precision medicine infrastructure,N-of-1 / individualized genetic therapy,Dosing Intervals of Opioid Medication for Chronic Pain,WITHDRAWN,2019.0,PHASE4,"University Health Network, Toronto",OTHER,No recruitment (Feasibility study).,Recruitment or feasibility failure,False,False,False
NCT04276714,Precision medicine infrastructure,N-of-1 / individualized genetic therapy,Revofit™ System Evaluation on Residual Limb Pain in Amputee Patients,TERMINATED,2021.0,,"University Hospital, Angers",OTHER_GOV,Not enough patients (difficulty in recruiting according to the inclusion criteria),Recruitment or feasibility failure,False,False,False
NCT04603365,Precision medicine infrastructure,Clinical WGS/WES,Pamiparib and Temozolomide for the Treatment of Hereditary Leiomyomatosis and Renal Cell Cancer,WITHDRAWN,2021.0,PHASE2,Jonsson Comprehensive Cancer Center,OTHER,enrollment,Recruitment or feasibility failure,False,False,False
NCT03472807,Precision medicine infrastructure,Clinical WGS/WES,EXOme Rare Cancers in Children (EXOCARE),TERMINATED,2019.0,,"University Hospital, Angers",OTHER_GOV,Inclusions stopped due to lack of inclusions,Recruitment or feasibility failure,False,False,False
NCT05431439,Precision medicine infrastructure,Clinical WGS/WES,Omics of Cancer: OncoGenomics,WITHDRAWN,2023.0,,National Cancer Institute (NCI),NIH,No participants enrolled,Recruitment or feasibility failure,False,False,False
NCT00840567,Precision medicine infrastructure,Clinical WGS/WES,Skin and Blood Research Samples From Healthy Volunteers and Patients With Hematologic Diseases,TERMINATED,2009.0,,Washington University School of Medicine,OTHER,Key samples protocols will be provided by a collaborator and we were not able to produce IPS lines from human fibroblasts.,Recruitment or feasibility failure,False,False,False
NCT04873427,Precision medicine infrastructure,Clinical WGS/WES,In Situ Clonal Heterogeneity in Prostatic Diagnostic Biopsies,TERMINATED,2021.0,,Clinica Luganese Moncucco,OTHER,The results of the genomic analyses were compromised due to the low DNA concentration.,Recruitment or feasibility failure,False,False,False
NCT03480152,Precision medicine infrastructure,Clinical WGS/WES,"Messenger RNA (mRNA)-Based, Personalized Cancer Vaccine Against Neoantigens Expressed by the Autologous Cancer",TERMINATED,2018.0,PHASE1|PHASE2,National Cancer Institute (NCI),NIH,slow accrual,Recruitment or feasibility failure,False,False,False
NCT03300843,Precision medicine infrastructure,Clinical WGS/WES,Ability of a Dendritic Cell Vaccine to Immunize Melanoma or Epithelial Cancer Patients Against Defined Mutated Neoantigens Expressed by the Autologous Cancer,TERMINATED,2018.0,PHASE2,National Cancer Institute (NCI),NIH,slow accrual,Recruitment or feasibility failure,False,False,False
NCT05834621,Precision medicine infrastructure,Clinical WGS/WES,AMNIOmics: A Prenatal Rapid Genome Validation Study,WITHDRAWN,2025.0,,Mayo Clinic,OTHER,No patients were enrolled,Recruitment or feasibility failure,False,False,False
NCT04955808,Precision medicine infrastructure,Clinical WGS/WES,"Biospecimen Collection in Identifying Genetic Changes in Patients With Breast, Prostate, Colorectal, Liver, or Kidney Cancer or Multiple Myeloma Undergoing Surgery",SUSPENDED,2017.0,,National Cancer Institute (NCI),NIH,"Due to slow accrual on this trial, we will allow sites time to work on close-out procedures and filling out necessary paperwork before taking the steps to forma",Recruitment or feasibility failure,False,False,False
NCT00131612,Precision medicine infrastructure,Pharmacogenomics,An Investigation of the Effect of the Promoter Polymorphism in the Glucuronosyltransferase 2B7 in Patients on Breast Cancer Treatment,TERMINATED,2002.0,,AHS Cancer Control Alberta,OTHER,did not apply for ethics renewal,Regulatory or ethics hold,False,False,False
NCT04893395,Precision medicine infrastructure,Pharmacogenomics,Assessment of the Impact of Clinical Pharmacogenomics on Real and Potential Medication Use in Veterans,WITHDRAWN,2021.0,,Auburn University,OTHER,Does not meet criteria for a clinical trial per IRB review.,Regulatory or ethics hold,False,False,False
NCT03347435,Precision medicine infrastructure,Pharmacogenomics,Pharmacogenetics of Clopidogrel in Acute Coronary Syndromes,TERMINATED,2013.0,,Azienda Ospedaliero-Universitaria di Parma,OTHER,Ethics Committe decision,Regulatory or ethics hold,False,False,False
NCT03730870,Precision medicine infrastructure,Pharmacogenomics,Pharmacogenomics for Improving Pediatric ADHD Treatment,TERMINATED,2019.0,,"Clinical and Translational Genome Research Institute, Inc.",OTHER,This study's genetic testing laboratory has suspended operations pending discussions with the FDA concerning clinical interpretation of pharmacogenomics tests.,Regulatory or ethics hold,False,False,False
NCT00738088,Precision medicine infrastructure,Pharmacogenomics,Variation in Sulphonylurea Response in Type 2 Diabetes,TERMINATED,2007.0,PHASE4,NHS Tayside,OTHER_GOV,"Following Regulator inspection in 2009, study terminated as inadequate approvals were in place",Regulatory or ethics hold,False,False,False
NCT05259865,Precision medicine infrastructure,Pharmacogenomics,Pharmacogenetic Testing and Chronic Pain,SUSPENDED,2025.0,,Canadian Forces Health Services Centre Ottawa,OTHER,Working on obtaining approvals,Regulatory or ethics hold,False,False,False
NCT03925428,Precision medicine infrastructure,Clinical WGS/WES,"Testing a New Anti-cancer Drug Combination, Entinostat and GSK525762C, for Advanced and Refractory Solid Tumors and Lymphomas",WITHDRAWN,2020.0,PHASE1,National Cancer Institute (NCI),NIH,Other - Protocol moved to Disapproved,Regulatory or ethics hold,False,False,False
NCT02788214,Precision medicine infrastructure,Biobank-linked genomic cohorts,Helicobacter Pylori Genome Project (HpGP),TERMINATED,2016.0,,National Cancer Institute (NCI),NIH,research determined not to be human subject research,Regulatory or ethics hold,False,False,False
NCT01547923,Precision medicine infrastructure,Pharmacogenomics,Pre-therapeutic Identification of Dihydropyrimidine Dehydrogenase Gene (DPD) Deficiency for Predicting Toxicity to Fluoropyrimidines,TERMINATED,2008.0,,Institut Cancerologie de l'Ouest,OTHER,The study stopped due to a death in the arm control,Safety or toxicity,False,False,False
NCT00396955,Precision medicine infrastructure,Pharmacogenomics,"A Study Comparing 4 Dose Regimens of PLA-695, Naproxen, and Placebo In Subjects With Osteoarthritis Of The Knee",TERMINATED,2006.0,PHASE2,Wyeth is now a wholly owned subsidiary of Pfizer,INDUSTRY,imbalance of gastrointestinal and the lipase events,Safety or toxicity,False,False,False
NCT05494866,Precision medicine infrastructure,Pharmacogenomics,A Trial of Cobicistat and Gemcitabine and Nab-Paclitaxel in Patients with Advanced Stage or Metastatic Pancreatic Ductal Adenocarcinoma,TERMINATED,2022.0,PHASE1,German Cancer Research Center,OTHER,lack of efficacy paired with high toxicity,Safety or toxicity,False,False,False
NCT06060561,Precision medicine infrastructure,Polygenic risk scores,Genetic Testing to Improve Management of Patients Undergoing Breast Biopsy,SUSPENDED,2023.0,,Mayo Clinic,OTHER,on hold for analysis,Unclear,False,False,False
NCT00433953,Precision medicine infrastructure,Pharmacogenomics,Genetic Drug Study of Mycophenolic Acid (CellCept) in Pediatric Kidney Transplant Patients,TERMINATED,2007.0,PHASE1,"Children's Hospital Medical Center, Cincinnati",OTHER,No longer following patient and no plans to publish.,Unclear,False,False,False
NCT03498014,Precision medicine infrastructure,Pharmacogenomics,Comparison of Standard Opioid Prescription Versus Prescription Guided by Pharmacogenetic Analysis in Patients With Non-cancerous Chronic Pain.,WITHDRAWN,2022.0,,Centre Hospitalier Universitaire de Nīmes,OTHER,no started,Unclear,False,False,False
NCT00593905,Precision medicine infrastructure,Pharmacogenomics,Pharmacogenomics in Pulmonary Arterial Hypertension,WITHDRAWN,2005.0,,West Penn Allegheny Health System,OTHER,study not started not an ACT,Unclear,False,False,False
NCT00371605,Precision medicine infrastructure,Pharmacogenomics,An Assessment of Voriconazole Pharmacokinetics and Pharmacogenetics in Liver Transplant Recipients - Pilot Study,TERMINATED,2006.0,,University of Pittsburgh,OTHER,Enrolled requested number of patients and completed study. In analysis,Unclear,False,False,False
NCT00165594,Precision medicine infrastructure,Pharmacogenomics,A Study of E7070 in Patients With Gastric Cancer,TERMINATED,2005.0,PHASE1|PHASE2,"Eisai Co., Ltd.",INDUSTRY,Study was completed.,Unclear,False,False,False
NCT02525887,Precision medicine infrastructure,Pharmacogenomics,Identify Genetic Variations That Affect The Ability of Patients To Metabolize Drugs Through Metabolic Pathways,TERMINATED,2015.0,,Bracane Company,INDUSTRY,Study cancelled,Unclear,False,False,False
NCT01126502,Precision medicine infrastructure,Pharmacogenomics,"Alvespimycin Hydrochloride in Treating Patients With Relapsed Chronic Lymphocytic Leukemia, Small Lymphocytic Lymphoma, or B-Cell Prolymphocytic Leukemia",TERMINATED,2010.0,PHASE1,National Cancer Institute (NCI),NIH,Administratively Complete.,Unclear,False,False,False
NCT01208064,Precision medicine infrastructure,Pharmacogenomics,Pazopanib Hydrochloride or a Placebo in Treating Patients With Non-Small Cell Lung Cancer Who Have Received First-Line Chemotherapy,TERMINATED,2011.0,PHASE2|PHASE3,European Organisation for Research and Treatment of Cancer - EORTC,NETWORK,based on IDMC decision,Unclear,False,False,False
NCT00534456,Precision medicine infrastructure,Pharmacogenomics,An Exploratory Sub-study for the RED-HF™ (Reduction of Events With Darbepoetin Alfa in Heart Failure) Trial,TERMINATED,2007.0,PHASE3,Amgen,INDUSTRY,Study terminated,Unclear,False,False,False
NCT04322279,Precision medicine infrastructure,Clinical WGS/WES,Factors Associated With a Positive SARS-CoV-2 Serology in Contact Subjects at High/Moderate Risk of Coronavirus SARS-CoV-2 Infection. COVID-19.,TERMINATED,2020.0,,"Institut National de la Santé Et de la Recherche Médicale, France",OTHER_GOV,no topics to include,Unclear,False,False,False
NCT02255825,Precision medicine infrastructure,Clinical WGS/WES,Development of an Optimal Approach to Return of Results for Next-generation Sequencing for Prenatal Diagnosis,WITHDRAWN,2014.0,,"University of California, San Diego",OTHER,Awaiting verification of assay,Unclear,False,False,False
NCT02263235,Proteomics & multi-omics dx,Mass-spec / general proteomics,In Vivo Alzheimer Proteomics,TERMINATED,2013.0,,"University Hospital, Montpellier",OTHER,end of the inclusion period,Administrative rollover or transfer (not a failure),False,False,False
NCT03731598,Proteomics & multi-omics dx,Mass-spec / general proteomics,Ceramides in Muscle During Insulin Resistance,WITHDRAWN,2018.0,,University of Utah,OTHER,Difficulty recruiting. Objectives from this protocol added to another protocol collecting the same information.,Administrative rollover or transfer (not a failure),False,False,False
NCT03439046,Proteomics & multi-omics dx,Liquid biopsy / ctDNA,"Study of the Molecular Features of Postmenopausal Women With HR+ HER2-negative aBC on First-line Treatment With Ribociclib and Letrozole and, in Patients With a PIK3CA Mutation, on Second-line Treatment With Alpelisib Plus Fulvestrant",TERMINATED,2018.0,PHASE3,Novartis Pharmaceuticals,INDUSTRY,Novartis terminated the trial early because the collected data were sufficient to perform the analysis stated for the primary endpoint.,Administrative rollover or transfer (not a failure),False,False,False
NCT04910321,Proteomics & multi-omics dx,Mass-spec / general proteomics,Hangzhou Hospital Staff Cohort,WITHDRAWN,2020.0,,Westlake University,OTHER,The study was terminated due to the COVID-19 situation.,COVID-19 disruption,False,False,False
NCT03883880,Proteomics & multi-omics dx,Mass-spec / general proteomics,Salivary Interactions With Chemosensations,TERMINATED,2019.0,,Purdue University,OTHER,COVID (completed first intervention type only),COVID-19 disruption,False,False,False
NCT04076566,Proteomics & multi-omics dx,Liquid biopsy / ctDNA,Malignant Ascites Alfapump® Study,WITHDRAWN,2020.0,,Sequana Medical N.V.,INDUSTRY,Update to clinical strategy - COVID impact,COVID-19 disruption,False,True,False
NCT01728181,Proteomics & multi-omics dx,Mass-spec / general proteomics,A Phase I/II Study of Tivozanib and Erlotinib as Initial Treatment for Metastatic Non-small Cell Lung Cancer Assigned by VeriStrat® Serum Proteomic Evaluation,WITHDRAWN,2013.0,PHASE1|PHASE2,University of Utah,OTHER,Stopped before approval due to ineffective drug,Efficacy failure or futility,False,False,False
NCT03699410,Proteomics & multi-omics dx,Liquid biopsy / ctDNA,Observational Study on Rectal Cancer to Verify if Response After Chemo-radiotherapy Can be Predicted With a Particular Blood Test.,TERMINATED,2018.0,,Dimitri Christoforidis,OTHER,failure to identify complete responders since ctDNA disappears after radiotherapy in most patients.,Efficacy failure or futility,False,False,False
NCT04265534,Proteomics & multi-omics dx,Liquid biopsy / ctDNA,"KEAPSAKE: A Study of Telaglenastat (CB-839) With Standard-of-Care Chemoimmunotherapy in 1L KEAP1/NRF2-Mutated, Nonsquamous NSCLC",TERMINATED,2020.0,PHASE2,"Calithera Biosciences, Inc",INDUSTRY,Lack of Clinical Benefit,Efficacy failure or futility,False,False,False
NCT02778412,Proteomics & multi-omics dx,Liquid biopsy / ctDNA,ctDNA in Patients With Thyroid Nodules,TERMINATED,2016.0,,Pathway Genomics,INDUSTRY,Preliminary results indicated that this test had a number of false-negative results.,Efficacy failure or futility,False,False,False
NCT04698681,Proteomics & multi-omics dx,Liquid biopsy / ctDNA,NGS Screening Protocol to Detect Mutation of KEAP1 or NRF2/NFE2L2 Genes for the KEAPSAKE (CX-839-014) Trial,TERMINATED,2021.0,,"Calithera Biosciences, Inc",INDUSTRY,Lack of Clinical Benefit,Efficacy failure or futility,False,False,False
NCT05809583,Proteomics & multi-omics dx,Affinity proteomics platforms,Define Predictors of Response to Ozanimod in UC Discovering Biomarkers in the Management of Ulcerative Colitis,WITHDRAWN,2023.0,,Beth Israel Deaconess Medical Center,OTHER,Funding withdrawn,"Funding, business or strategic decision",True,True,False
NCT04117165,Proteomics & multi-omics dx,Mass-spec / general proteomics,Assessment of the Clinical and Medico-economic Impact of SinnoTest® in Patients With Rheumatoid Arthritis,WITHDRAWN,2021.0,,"University Hospital, Grenoble",OTHER,No funding,"Funding, business or strategic decision",True,True,False
NCT03674671,Proteomics & multi-omics dx,Mass-spec / general proteomics,Ketamine Versus Electroconvulsive Therapy in Depression,SUSPENDED,2018.0,PHASE3,University of Ottawa,OTHER,insufficient funding,"Funding, business or strategic decision",True,True,False
NCT01521676,Proteomics & multi-omics dx,Mass-spec / general proteomics,Predictive Clinical and Biological Parameters in Breast Cancer,TERMINATED,2010.0,,Institut Paoli-Calmettes,OTHER,strategical decision,"Funding, business or strategic decision",False,True,False
NCT00751309,Proteomics & multi-omics dx,Mass-spec / general proteomics,Lung Allograft Rejection Gene Expression Observational (LARGO) Study,TERMINATED,2004.0,,XDx,INDUSTRY,Restructuring and refocus of company.,"Funding, business or strategic decision",False,False,False
NCT00851552,Proteomics & multi-omics dx,Mass-spec / general proteomics,"Bortezomib, Doxorubicin Hydrochloride Liposome, and Rituximab in Treating Patients With Diffuse Large B-Cell Lymphoma That Has Relapsed or Not Responded to Treatment",TERMINATED,2009.0,PHASE2,Roswell Park Cancer Institute,OTHER,Lack of sponsor support,"Funding, business or strategic decision",False,False,False
NCT02487394,Proteomics & multi-omics dx,Mass-spec / general proteomics,Protein Biomarker Discovery and Validation in Chronic Obstructive Pulmonary Disease (COPD) And Asthma,TERMINATED,2014.0,,"The University of Texas Medical Branch, Galveston",OTHER,NIH Funded Grant Expired,"Funding, business or strategic decision",True,True,False
NCT01455311,Proteomics & multi-omics dx,Mass-spec / general proteomics,Evaluation of Image-guided Brushing of Pancreatic Cyst Wall in Diagnosis of Cystic Pancreatic Tumors,TERMINATED,2010.0,,H. Lee Moffitt Cancer Center and Research Institute,OTHER,funding unavailable,"Funding, business or strategic decision",True,True,False
NCT06982378,Proteomics & multi-omics dx,Mass-spec / general proteomics,GLP-1 RA on Liver OMICS in MASLD,WITHDRAWN,2026.0,,Medical College of Wisconsin,OTHER,no grant approved,"Funding, business or strategic decision",False,False,False
NCT00235235,Proteomics & multi-omics dx,Mass-spec / general proteomics,A Correlative Study for Predicting Response and Toxicity in Patients Receiving Chemotherapy for Breast Cancer,TERMINATED,2005.0,,Hoosier Cancer Research Network,OTHER,Funding terminated,"Funding, business or strategic decision",True,True,False
NCT00601289,Proteomics & multi-omics dx,Mass-spec / general proteomics,Temozolomide in Treating Patients With Invasive Pituitary Tumors,WITHDRAWN,2009.0,PHASE2,Jonsson Comprehensive Cancer Center,OTHER,funding term ended,"Funding, business or strategic decision",True,True,False
NCT03596710,Proteomics & multi-omics dx,Mass-spec / general proteomics,Image-Guided Biopsies in Identifying Mechanisms of Resistance in Participants With Metastatic Castration Resistant Prostate Cancer Undergoing Radioligand Therapy,WITHDRAWN,2018.0,,Jonsson Comprehensive Cancer Center,OTHER,sponsor withdrew study,"Funding, business or strategic decision",False,False,False
NCT00674557,Proteomics & multi-omics dx,Mass-spec / general proteomics,Exemestane With or Without ATN-224 in Treating Postmenopausal Women With Recurrent or Advanced Breast Cancer,TERMINATED,2008.0,PHASE2,Cancer Research UK,OTHER,Withdrawn as the clinical development of ATN-224 was terminated by the drug company who was providing ATN-224 for the study,"Funding, business or strategic decision",False,False,False
NCT00672009,Proteomics & multi-omics dx,Mass-spec / general proteomics,A Study of Ixabepilone Before Surgery for High-Risk Localized Prostate Cancer,TERMINATED,2008.0,PHASE2,Cedars-Sinai Medical Center,OTHER,The sponsor terminated funding for the study.,"Funding, business or strategic decision",True,True,False
NCT01125501,Proteomics & multi-omics dx,Mass-spec / general proteomics,Protandim and the Metabolic Syndrome,WITHDRAWN,2010.0,,"SomaLogic, Inc.",INDUSTRY,funding not available,"Funding, business or strategic decision",True,True,False
NCT02580266,Proteomics & multi-omics dx,Mass-spec / general proteomics,Blood/Urine Markers for Drug Discovery for Renal Disease in Diabetes,WITHDRAWN,2015.0,,Guy's and St Thomas' NHS Foundation Trust,OTHER,funding withdrew,"Funding, business or strategic decision",True,True,False
NCT05062512,Proteomics & multi-omics dx,Mass-spec / general proteomics,"Health in Aging, Neurodegenerative Diseases and Dementias In Ontario",TERMINATED,2021.0,,Ontario Neurodegeneration Disease Research Initiative,OTHER,Funding not renewed.,"Funding, business or strategic decision",True,True,False
NCT00937417,Proteomics & multi-omics dx,Mass-spec / general proteomics,S0716 Vandetanib and Docetaxel in Treating Patients With Advanced Solid Tumors,WITHDRAWN,2008.0,PHASE1,SWOG Cancer Research Network,NETWORK,Withdrawn because SWOG no longer pursuing this study at this time,"Funding, business or strategic decision",False,False,False
NCT04625699,Proteomics & multi-omics dx,Liquid biopsy / ctDNA,Study of Durvalumab + Tremelimumab in NSCLC Patients After Adjuvant Treatment,WITHDRAWN,2022.0,PHASE2,Catherine Shu,OTHER,Contract was never finalized.,"Funding, business or strategic decision",False,False,False
NCT04849364,Proteomics & multi-omics dx,Liquid biopsy / ctDNA,"Circulating Tumor DNA Enriched, Genomically Directed Post-neoadjuvant Trial for Patients With Residual Triple Negative Breast Cancer",TERMINATED,2021.0,PHASE2,"Bryan Schneider, MD",OTHER,Funder Decision,"Funding, business or strategic decision",True,True,False
NCT05221827,Proteomics & multi-omics dx,Liquid biopsy / ctDNA,Clinical Performance Evaluation of the C2i-Test,TERMINATED,2022.0,,C2i Genomics,INDUSTRY,Not in line with company's recently updated clinical development strategy,"Funding, business or strategic decision",False,True,False
NCT04561453,Proteomics & multi-omics dx,Liquid biopsy / ctDNA,Feasibility Study of Multi-Platform Profiling of Resected Biliary Tract Cancer,TERMINATED,2020.0,,University of Washington,OTHER,Study terminated due to end of funding,"Funding, business or strategic decision",True,True,False
NCT05456165,Proteomics & multi-omics dx,Liquid biopsy / ctDNA,Study of an Individualized Vaccine Targeting Neoantigens in Combination With Immune Checkpoint Blockade for Patients With Colon Cancer,WITHDRAWN,2022.0,PHASE2,"Gritstone bio, Inc.",INDUSTRY,terminated due to reprioritization,"Funding, business or strategic decision",False,True,False
NCT05356585,Proteomics & multi-omics dx,Liquid biopsy / ctDNA,Circulating Tumor DNA to Monitor the Efficacy of Total Neoadjuvant Therapy for Rectal Cancer,WITHDRAWN,2023.0,,Case Comprehensive Cancer Center,OTHER,Sponsor already published research that was to be obtained from this study.,"Funding, business or strategic decision",False,False,False
NCT05066776,Proteomics & multi-omics dx,Liquid biopsy / ctDNA,Liquid Biopsy With PET/CT Versus PET/CT Alone in Diagnosis of Small Lung Nodules,TERMINATED,2021.0,,Palo Alto Veterans Institute for Research,OTHER,Withdrawal by sponsor,"Funding, business or strategic decision",False,False,False
NCT04906369,Proteomics & multi-omics dx,Liquid biopsy / ctDNA,Optimizing Treatment of Stage IV Breast Cancer Through Real-Time Disease Monitoring,SUSPENDED,2020.0,,Mayo Clinic,OTHER,lack of funding,"Funding, business or strategic decision",True,True,False
NCT07136493,Proteomics & multi-omics dx,Liquid biopsy / ctDNA,Circulating Tumor DNA Based Minimal Residual Disease Detection for Patients With Early-Stage Breast Cancer,WITHDRAWN,2026.0,,City of Hope Medical Center,OTHER,Funding This study has been closed at City of Hope at the request of the Sponsor due to delays and changes in study timeline.,"Funding, business or strategic decision",True,True,False
NCT05374538,Proteomics & multi-omics dx,Liquid biopsy / ctDNA,VIC-1911 Monotherapy in Combination With Sotorasib for the Treatment of KRAS G12C-Mutant Non-Small Cell Lung Cancer,TERMINATED,2022.0,PHASE1,"Vitrac Therapeutics, LLC",INDUSTRY,Sponsor decision,"Funding, business or strategic decision",False,False,False
NCT05060003,Proteomics & multi-omics dx,Liquid biopsy / ctDNA,Tiragolumab Plus Atezolizumab Versus Atezolizumab in the Treatment of Stage II Melanoma Patients Who Are ctDNA-positive Following Resection,TERMINATED,2022.0,PHASE2,Washington University School of Medicine,OTHER,Sponsor made decision to terminate study.,"Funding, business or strategic decision",False,False,False
NCT04957602,Proteomics & multi-omics dx,Liquid biopsy / ctDNA,Evaluation of a Novel Microfluidic Device to Purify Metastatic Lung Cancer Patients CTC (Circulating Tumoral Cells),TERMINATED,2022.0,,Hospices Civils de Lyon,OTHER,funding ending,"Funding, business or strategic decision",True,True,False
NCT03749083,Proteomics & multi-omics dx,Liquid biopsy / ctDNA,A Study of the Role of Circulating Tumor DNA in Predicting the Likelihood of Organ Preservation After Clinical Complete Response to Neoadjuvant Therapy for Rectal Cancer,WITHDRAWN,2019.0,,Massachusetts General Hospital,OTHER,Funding,"Funding, business or strategic decision",True,True,False
NCT05860543,Proteomics & multi-omics dx,Liquid biopsy / ctDNA,Clinical Performance Evaluation of the C2i Test,WITHDRAWN,2024.0,,University of Texas Southwestern Medical Center,OTHER,C2i genomics was acquired by veracyte,"Funding, business or strategic decision",False,False,False
NCT05934630,Proteomics & multi-omics dx,Liquid biopsy / ctDNA,"Testing Cerebrospinal Fluid for Cell-free Tumor DNA in Children, Adolescents, and Young Adults With Brain Tumors",TERMINATED,2023.0,,Pediatric Brain Tumor Consortium,NETWORK,"The NCI will not extend the PBTC grant beyond March 31, 2026.","Funding, business or strategic decision",False,False,False
NCT03770299,Proteomics & multi-omics dx,Liquid biopsy / ctDNA,An Investigational Immuno-therapy Study of Nivolumab Given After Surgery in Non-Small Cell Lung Cancer (NSCLC) Participants With Minimal Residual Disease,WITHDRAWN,2021.0,PHASE2,Bristol-Myers Squibb,INDUSTRY,Business objectives have changed,"Funding, business or strategic decision",False,True,False
NCT03973918,Proteomics & multi-omics dx,Liquid biopsy / ctDNA,Study of Binimetinib With Encorafenib in Adults With Recurrent BRAF V600-Mutated HGG,TERMINATED,2019.0,PHASE2,Sidney Kimmel Comprehensive Cancer Center at Johns Hopkins,OTHER,NCI decided to terminate ABTC Consortium due to NCI moving in different direction for Brain Cancer,"Funding, business or strategic decision",False,False,False
NCT05082701,Proteomics & multi-omics dx,Liquid biopsy / ctDNA,Sentinel™ Trial: A Prospective Study Evaluating the Performance and Clinical Benefit of Personalized ctDNA-based MRD Testing to Detect Recurrence and Monitor Treatment Response in Patients With Solid Tumors,TERMINATED,2021.0,,Strata Oncology,INDUSTRY,Sentinel MRD test offers no additional or increased benefits to patients compared to current marketed alternatives,"Funding, business or strategic decision",False,False,False
NCT03786107,Proteomics & multi-omics dx,Liquid biopsy / ctDNA,HER-Seq: A Blood-based Screening Study to Identify Patients With HER2 Mutations for Enrollment Into Clinical Research Studies of Neratinib,TERMINATED,2019.0,,"Puma Biotechnology, Inc.",INDUSTRY,The study was stopped early due to increased global access to genomic screening. It is no longer economical to continue with this particular single-gene screening protocol.,"Funding, business or strategic decision",True,True,False
NCT06050954,Proteomics & multi-omics dx,Liquid biopsy / ctDNA,A Pilot Study of Circulating Tumor DNA Adaptive Risk Maintenance Approach for Bladder Cancer (CARMA),WITHDRAWN,2023.0,PHASE2,Fox Chase Cancer Center,OTHER,Change in standard of care.,"Funding, business or strategic decision",False,False,False
NCT03694483,Proteomics & multi-omics dx,Liquid biopsy / ctDNA,Prostasomes as Diagnostic Tool for Prostate Cancer Detection,SUSPENDED,2018.0,,Hackensack Meridian Health,OTHER,"Staffing changes, pending funding renewal","Funding, business or strategic decision",True,True,False
NCT05414123,Proteomics & multi-omics dx,Liquid biopsy / ctDNA,A Therapy Treatment Response Trial in Patients With Leptomeningeal Metastases ((LM) Using CNSide,TERMINATED,2022.0,,"Biocept, Inc.",INDUSTRY,The sponsor can no longer financially support the trial.,"Funding, business or strategic decision",True,True,False
NCT03657251,Proteomics & multi-omics dx,Liquid biopsy / ctDNA,MMRF CureCloud Research Initiative,TERMINATED,2020.0,,Multiple Myeloma Research Foundation,OTHER,"The MMRF has learned of the limitations of using a blood sample to collect genomic data, compared to a bone marrow aspirate. We decided that our resources are best served in other areas at this time.","Funding, business or strategic decision",True,True,False
NCT00899860,Proteomics & multi-omics dx,Mass-spec / general proteomics,Gene Expression in Normal Tissue and Tumor Tissue From Patients Who Have Undergone Surgery For Kidney Cancer,TERMINATED,2003.0,,Wake Forest University Health Sciences,OTHER,PI left institution,"Investigator, site or administrative",False,False,False
NCT00773773,Proteomics & multi-omics dx,Mass-spec / general proteomics,Combination of Serum Measurements of Molecular Biomarkers and Serum Protein Profiling Can be Used to Predict Which Patients Undergoing Prostatic Biopsy Will be Diagnosed With Cancer,TERMINATED,2008.0,,Memorial Sloan Kettering Cancer Center,OTHER,Protocol closed to accrual early due to PI retirement.,"Investigator, site or administrative",False,False,False
NCT01851395,Proteomics & multi-omics dx,Mass-spec / general proteomics,Rapid Autopsy and Procurement of Cancer Tissue,TERMINATED,2013.0,,National Cancer Institute (NCI),NIH,PI departure.,"Investigator, site or administrative",False,False,False
NCT02817815,Proteomics & multi-omics dx,Mass-spec / general proteomics,Atrial Fibrillation and Characterization of Blood Platelet,TERMINATED,2016.0,,"University Hospital, Bordeaux",OTHER,Departure and non-replacement of the person in charge of the biological examinations specific to research carried out within the LIRYC IHU.,"Investigator, site or administrative",False,False,False
NCT02408991,Proteomics & multi-omics dx,Mass-spec / general proteomics,Use Art-assist and Neupogen to Treat Chronic Limb Ischemia,WITHDRAWN,2014.0,PHASE4,University of Chicago,OTHER,PI left University,"Investigator, site or administrative",False,False,False
NCT00948194,Proteomics & multi-omics dx,Mass-spec / general proteomics,Effect of Nitric Oxide (NO) on Ischemic/Reperfusion Injury During Extended Donor Criteria (EDC) Liver Transplantation,TERMINATED,2009.0,,"University of Colorado, Denver",OTHER,This study was terminated when the P.I. left the university.,"Investigator, site or administrative",False,False,False
NCT02457663,Proteomics & multi-omics dx,Mass-spec / general proteomics,Identification and Validation of Biomarkers for Infections in Burns,TERMINATED,2015.0,,"The University of Texas Medical Branch, Galveston",OTHER,"At the request of the study site, this study has been closed and access to study-related data is unavailable. We are unable to submit the results-data.","Investigator, site or administrative",False,False,False
NCT03603587,Proteomics & multi-omics dx,Mass-spec / general proteomics,Bioclinical Study of Scalp Photoaging of a Population Male Over 65 Years Old.,TERMINATED,2019.0,,Centre Hospitalier Universitaire de Saint Etienne,OTHER,Organisation issues,"Investigator, site or administrative",False,False,False
NCT02787954,Proteomics & multi-omics dx,Mass-spec / general proteomics,Prospective Tumor Response Evaluation,TERMINATED,2016.0,,"The University of Texas Health Science Center, Houston",OTHER,PI transferred to another institution and did not take this study with him.,"Investigator, site or administrative",False,False,False
NCT02470819,Proteomics & multi-omics dx,Mass-spec / general proteomics,Genomic and Proteomic Profiling Targets Influenced Treatment in Metastatic Breast Cancer,WITHDRAWN,2014.0,,Avera McKennan Hospital & University Health Center,OTHER,Investigator elected to end the study,"Investigator, site or administrative",True,True,False
NCT00655694,Proteomics & multi-omics dx,Mass-spec / general proteomics,Genomic/ Proteomic/ Metabonomic Profiling in Chronic Obstructive Pulmonary Disease (COPD),WITHDRAWN,2005.0,,Imperial College London,OTHER,Lead Researcher left the Department,"Investigator, site or administrative",False,False,False
NCT05862675,Proteomics & multi-omics dx,Mass-spec / general proteomics,The Role and Mechanism of Immune Regulation in Acute Lung Injury in Children,WITHDRAWN,2023.0,,Children's Hospital of Chongqing Medical University,OTHER,"Due to a time conflict in the research, the project research has been temporarily suspended.","Investigator, site or administrative",False,False,False
NCT02008994,Proteomics & multi-omics dx,Mass-spec / general proteomics,Phase II Study Using Genomic & Proteomic Profiling to Influence Treatments for Patients With Metastatic Breast Cancer,TERMINATED,2013.0,PHASE2,Sanford Health,OTHER,Resignation of Principal Investigator,"Investigator, site or administrative",True,True,False
NCT00897858,Proteomics & multi-omics dx,Mass-spec / general proteomics,Studying Cerebrospinal Fluid Proteins and Angiogenesis Proteins in Young Patients With Newly Diagnosed Central Nervous System Tumors,WITHDRAWN,2006.0,,Pediatric Brain Tumor Consortium,NETWORK,"This non-therapeutic study was registered in error. The PRS team doesn't delete studies once registered, so they recommended changing the status to Withdrawn","Investigator, site or administrative",False,False,False
NCT03515642,Proteomics & multi-omics dx,Mass-spec / general proteomics,"Exercise, Gut Microbiota in Sedentary Adults With Overweight",WITHDRAWN,2018.0,,Universidad Santo Tomas,OTHER,"Study halted prematurely, prior to enrollment of first participant due to PI not employment at University.","Investigator, site or administrative",False,False,False
NCT04776980,Proteomics & multi-omics dx,Liquid biopsy / ctDNA,Multimodality MRI and Liquid Biopsy in GBM,WITHDRAWN,2022.0,EARLY_PHASE1,Abramson Cancer Center at Penn Medicine,OTHER,PI decision to close study,"Investigator, site or administrative",False,False,False
NCT05342350,Proteomics & multi-omics dx,Liquid biopsy / ctDNA,International Study of High-Risk Patients for Hepatocellular Carcinoma Using Liquid Biopsy,TERMINATED,2022.0,,Johns Hopkins University,OTHER,PI moving on from current institution,"Investigator, site or administrative",False,False,False
NCT03874065,Proteomics & multi-omics dx,Liquid biopsy / ctDNA,Medical Data Collection in the Formation of Precision Oncology Registry,TERMINATED,2019.0,,Wake Forest University Health Sciences,OTHER,PI left institution,"Investigator, site or administrative",False,False,False
NCT03161834,Proteomics & multi-omics dx,Liquid biopsy / ctDNA,Plasma Circulating Tumor DNA Analyses in ER+ Metastatic Breast Cancer,WITHDRAWN,2017.0,,UNC Lineberger Comprehensive Cancer Center,OTHER,IRB Study Closure,"Investigator, site or administrative",False,False,False
NCT05062889,Proteomics & multi-omics dx,Liquid biopsy / ctDNA,Exploiting Circulating Tumour DNA to Intensify the Postoperative Treatment Resected Colon Cancer Patients,SUSPENDED,2023.0,PHASE2,Gruppo Oncologico del Nord-Ovest,OTHER,due to earlier termination of the agreement between the Sponsor and Central Laboratory for screening test. Enrollment will reopen as soon as a new laboratory is identified.,"Investigator, site or administrative",False,False,False
NCT03300167,Proteomics & multi-omics dx,Liquid biopsy / ctDNA,Study of the Vascular Response to Percutaneous Coronary Intervention in Patients With Non-ST-elevation Acute Coronary Syndromes Using Intravascular Blood Sampling,WITHDRAWN,2017.0,,Sheffield Teaching Hospitals NHS Foundation Trust,OTHER,Delivery of equipment. PI not had any further interaction with the company so closed study.,"Investigator, site or administrative",False,False,False
NCT05428709,Proteomics & multi-omics dx,Liquid biopsy / ctDNA,Women In Steady Exercise Research - Window of Opportunity for Exercise and Tumor Biology,TERMINATED,2023.0,,Milton S. Hershey Medical Center,OTHER,PI leaving academia,"Investigator, site or administrative",False,False,False
NCT03115138,Proteomics & multi-omics dx,Liquid biopsy / ctDNA,Evaluation of Circulating Tumor DNA as a Theranostic Marker in the Management of Glioblastomas.,TERMINATED,2016.0,,"Centre Hospitalier Universitaire, Amiens",OTHER,investigator choice,"Investigator, site or administrative",True,True,False
NCT03480659,Proteomics & multi-omics dx,Mass-spec / general proteomics,"Detection of Breast Cancer With Non-invasive Method Based on DNA Methylation of Circulated Tumor DNA, PBMC",TERMINATED,2018.0,,HKGepitherapeutics,INDUSTRY,Experienced technical issues with plasma blood samples collected from patients.,Manufacturing or product supply,False,False,False
NCT04581109,Proteomics & multi-omics dx,Liquid biopsy / ctDNA,Detection of Viable CTCs Using the EPIDROP Technology in Metastatic Prostate Cancer (EPIDROP),TERMINATED,2021.0,,"University Hospital, Montpellier",OTHER,Flaw in the analytical technique,Manufacturing or product supply,False,False,False
NCT05178576,Proteomics & multi-omics dx,Liquid biopsy / ctDNA,A Single Arm Phase II Study to Evaluate Treatment With Gevokizumab in Patients With Stage II/III Colon Cancer Who Are ctDNA-positive After Curative Surgery and Adjuvant Chemotherapy,WITHDRAWN,2022.0,PHASE2,NSABP Foundation Inc,NETWORK,Study drug not available for the study duration.,Manufacturing or product supply,False,False,False
NCT01758575,Proteomics & multi-omics dx,Mass-spec / general proteomics,Clinical Evaluation of the Underlying Mechanisms of Targeted Therapy Related Toxicities,TERMINATED,2012.0,,"Amsterdam UMC, location VUmc",OTHER,,No reason stated,False,False,False
NCT02379403,Proteomics & multi-omics dx,Mass-spec / general proteomics,Effects of Tart Cherry and Aroniaberry Supplementation on Endothelial Function and Cardiovascular Measures in Healthy Older Adults: Interactions With Genotype and Proteome,WITHDRAWN,2015.0,,National Institute of Nursing Research (NINR),NIH,,No reason stated,False,False,False
NCT01535807,Proteomics & multi-omics dx,Mass-spec / general proteomics,CorMatrix ECM Study: To Identify Inflammatory Markers Following CABG With/Without ECM,TERMINATED,2012.0,,Inova Health Care Services,OTHER,,No reason stated,False,False,False
NCT00233051,Proteomics & multi-omics dx,Mass-spec / general proteomics,Evaluating Genes in Sputum to Measure Drug Response in COPD,TERMINATED,2003.0,,National Jewish Health,OTHER,,No reason stated,False,False,False
NCT01271959,Proteomics & multi-omics dx,Mass-spec / general proteomics,A Study of ChemoFx® Chemoresponse Assay in Solid Tumors - ChemoFx® Registry Study,TERMINATED,2010.0,,Precision Therapeutics,INDUSTRY,,No reason stated,False,False,False
NCT00122265,Proteomics & multi-omics dx,Mass-spec / general proteomics,"Exploring Genomic, Proteomic and Dosimetric Determinants of Late Toxicity After Three Dimensional Conformal Radiotherapy (RT) for Prostate Cancer",TERMINATED,2003.0,,AHS Cancer Control Alberta,OTHER,,No reason stated,False,False,False
NCT02071719,Proteomics & multi-omics dx,Mass-spec / general proteomics,Prediction of Response to Kinase Inhibitors Based on Protein Phosphorylation Profiles in Tumor Tissue From Advanced Renal Cell Cancer Patients,TERMINATED,2012.0,,M. Labots,OTHER,,No reason stated,False,False,False
NCT00811031,Proteomics & multi-omics dx,Mass-spec / general proteomics,Preoperative Docetaxel for Localized Progressive Castration-resistant Prostate Cancer (CRPC),WITHDRAWN,,PHASE2,M.D. Anderson Cancer Center,OTHER,,No reason stated,False,False,False
NCT00131586,Proteomics & multi-omics dx,Mass-spec / general proteomics,"Cisplatin, Carboplatin, and Oxaliplatin Interactions With Plasma Proteins",TERMINATED,2003.0,,AHS Cancer Control Alberta,OTHER,,No reason stated,False,False,False
NCT00723593,Proteomics & multi-omics dx,Mass-spec / general proteomics,Natural History and Pathophysiology of Gastrointestinal Graft-versus-Host Disease,WITHDRAWN,2008.0,,National Institute of Diabetes and Digestive and Kidney Diseases (NIDDK),NIH,,No reason stated,False,False,False
NCT02469194,Proteomics & multi-omics dx,Mass-spec / general proteomics,Mechanisms and Predictors of Unusual Radiation or Chemotherapy Toxicity,WITHDRAWN,2015.0,,Abramson Cancer Center at Penn Medicine,OTHER,,No reason stated,False,False,False
NCT01903642,Proteomics & multi-omics dx,Mass-spec / general proteomics,Study of the Proteome and Cytokines During Inflammatory Syndromes of Different Etiologies.,TERMINATED,2010.0,,Centre Hospitalier Universitaire Dijon,OTHER,,No reason stated,False,False,False
NCT07325903,Proteomics & multi-omics dx,Mass-spec / general proteomics,Research of Integrated Traditional Chinese and Western Medicine on Precocious Puberty,WITHDRAWN,2026.0,EARLY_PHASE1,Children's Hospital of Fudan University,OTHER,The study was terminated prematurely due to the inapplicability of the primary outcome measure,Protocol redesign or replacement,False,False,False
NCT03974204,Proteomics & multi-omics dx,Mass-spec / general proteomics,Analyses of Exosomes in the Cerebrospinal Fluid for Breast Cancer Patients With Suspicion of Leptomeningeal Metastasis.,WITHDRAWN,2019.0,,Centre Oscar Lambret,OTHER,Modification of the care habits. We believe today that we are no longer able to carry out this study as initially described.,Protocol redesign or replacement,False,False,False
NCT03138395,Proteomics & multi-omics dx,Liquid biopsy / ctDNA,iCare3: Monitoring Circulating Cancer DNA After Chemotherapy in MDS and AML,WITHDRAWN,2017.0,,University of Florida,OTHER,Study design modified to collect specimens from a bank requiring a separate IRB-approved protocol.,Protocol redesign or replacement,False,False,False
NCT06290856,Proteomics & multi-omics dx,Liquid biopsy / ctDNA,Clinical Utility of Selected Circulating Tumor DNA Assays in Patients With Advanced Malignancy,TERMINATED,2024.0,,Oslo University Hospital,OTHER,The platform used for detecting ctDNA was not sensitive enough.,Protocol redesign or replacement,False,False,False
NCT06765954,Proteomics & multi-omics dx,Liquid biopsy / ctDNA,"Immunotherapy With N 803, ETBX-071, and M-CENK in Combination With Radiation for Participants With High-Risk Prostate Cancer.",WITHDRAWN,2025.0,PHASE2,"ImmunityBio, Inc.",INDUSTRY,Study was redeveloped into a new protocol,Protocol redesign or replacement,False,False,False
NCT04585477,Proteomics & multi-omics dx,Liquid biopsy / ctDNA,Adjuvant ctDNA-Adapted Personalized Treatment in Early Stage NSCLC (ADAPT-E),SUSPENDED,2021.0,PHASE2,Stanford University,OTHER,pending protocol amendment,Protocol redesign or replacement,False,False,False
NCT05378698,Proteomics & multi-omics dx,Affinity proteomics platforms,Effects of Tralokinumab in the Skin: an Immunologic and Molecular Investigation,TERMINATED,2022.0,PHASE2|PHASE3,University of Zurich,OTHER,treatment group completed but insufficient recruitment control group,Recruitment or feasibility failure,False,False,False
NCT03768869,Proteomics & multi-omics dx,Mass-spec / general proteomics,Fever and Neutropenia in Pediatric Oncology Patients,WITHDRAWN,2006.0,PHASE3,"University of Colorado, Denver",OTHER,Insufficient data to answer the study question,Recruitment or feasibility failure,False,False,False
NCT02582827,Proteomics & multi-omics dx,Mass-spec / general proteomics,QUILT-3.014: A Trial of ABI-011 Administered Weekly in Patients With Advanced Solid Tumors or Lymphomas,WITHDRAWN,2017.0,PHASE1,"NantBioScience, Inc.",INDUSTRY,Enrollment not initiated,Recruitment or feasibility failure,False,False,False
NCT00453258,Proteomics & multi-omics dx,Mass-spec / general proteomics,Pilot Study of Human Tear Proteins,TERMINATED,2007.0,,"University of Colorado, Denver",OTHER,Stopped due to low enrollment,Recruitment or feasibility failure,False,False,False
NCT00674414,Proteomics & multi-omics dx,Mass-spec / general proteomics,Trastuzumab With or Without Everolimus in Treating Women With Breast Cancer That Can Be Removed By Surgery,TERMINATED,2008.0,PHASE2,UNICANCER,OTHER,IDMC decision due to accrual issue (82 pts accrued / 120 expected),Recruitment or feasibility failure,False,False,False
NCT00898209,Proteomics & multi-omics dx,Mass-spec / general proteomics,Serum and Exhaled Breath Condensate MALDI-MS of Lung Cancer. (SPORE),TERMINATED,2003.0,,Vanderbilt-Ingram Cancer Center,OTHER,This study competed with another VICC study,Recruitment or feasibility failure,False,False,False
NCT01681407,Proteomics & multi-omics dx,Mass-spec / general proteomics,"Peripheral Plasma Micro-RNA and Proteomics Mapping in Depressive Patients, Treated With SSRI Medications",TERMINATED,2011.0,,"HaEmek Medical Center, Israel",OTHER,Insufficient microRNA for the analysis,Recruitment or feasibility failure,False,False,False
NCT00465842,Proteomics & multi-omics dx,Mass-spec / general proteomics,Protein Biomarker in Hepatocellular Carcinoma,TERMINATED,2006.0,,Sidney Kimmel Comprehensive Cancer Center at Johns Hopkins,OTHER,Loss of funding due to difficulty with recruitment and participant retention.,Recruitment or feasibility failure,True,True,False
NCT02524938,Proteomics & multi-omics dx,Mass-spec / general proteomics,Dietary Polyphenols and Glycation in Renal Insufficiency,TERMINATED,2016.0,,NHS Greater Glasgow and Clyde,OTHER,Failure to recruit due to human resourcing,Recruitment or feasibility failure,True,True,False
NCT06491654,Proteomics & multi-omics dx,Mass-spec / general proteomics,Physiotherapy Program Impact on Breast Cancer-Related Lymphedema,SUSPENDED,2024.0,,European University Miguel de Cervantes,OTHER,The study was discontinued because the estimated sample size necessary to obtain adequate statistical power was not reached.,Recruitment or feasibility failure,False,False,False
NCT04115098,Proteomics & multi-omics dx,Mass-spec / general proteomics,Individualizing Anti-Inflammatory Medications for Adults With Axial Spondyloarthritis: A Series of N-of 1 Trials,TERMINATED,2020.0,PHASE2,"The University of Texas Health Science Center, Houston",OTHER,lack of recruitment,Recruitment or feasibility failure,False,False,False
NCT00537173,Proteomics & multi-omics dx,Mass-spec / general proteomics,Predicting Response and Toxicity in Patients Receiving Paclitaxel and Avastin for Breast Cancer,TERMINATED,2007.0,,Hoosier Cancer Research Network,OTHER,Lack of Accrual,Recruitment or feasibility failure,False,False,False
NCT01642563,Proteomics & multi-omics dx,Mass-spec / general proteomics,Italian Platelet Technology Assessment Study,TERMINATED,2010.0,PHASE3,Centro Nazionale Sangue,OTHER_GOV,Patient enrolment below planned schedule,Recruitment or feasibility failure,False,False,False
NCT00355758,Proteomics & multi-omics dx,Mass-spec / general proteomics,UCI 03-72 Prostate Cancer Detection by Serum Proteomic Profiling,TERMINATED,2005.0,,"University of California, Irvine",OTHER,Lack of personnel,Recruitment or feasibility failure,False,False,False
NCT01564316,Proteomics & multi-omics dx,Mass-spec / general proteomics,Proteomics Study by Serum and Platelet With Neurodegeneration Disease Patients,TERMINATED,2005.0,,Seoul National University Hospital,OTHER,The study has been terminated due to difficulties in gathering the patient samples.,Recruitment or feasibility failure,False,False,False
NCT04280471,Proteomics & multi-omics dx,Mass-spec / general proteomics,Fecal Microbiota Transplantation for the Treatment of Severe Acute Gut Graft-Versus-Host Disease,WITHDRAWN,2023.0,PHASE1,Jonsson Comprehensive Cancer Center,OTHER,The study was not opened,Recruitment or feasibility failure,False,False,False
NCT04067908,Proteomics & multi-omics dx,Mass-spec / general proteomics,New Biomarkers Associated With the Risk of Premature Delivery.,TERMINATED,2011.0,,"University Hospital, Bordeaux",OTHER,target number of subjects not reached,Recruitment or feasibility failure,False,False,False
NCT03743428,Proteomics & multi-omics dx,Mass-spec / general proteomics,Biomarkers for Apatinib and Bevacizumab in Second-line Therapy for Colorectal Cancer(BABST-C),SUSPENDED,2020.0,,Shenzhen People's Hospital,OTHER,Too slow speed for recruiting.,Recruitment or feasibility failure,False,False,False
NCT00950820,Proteomics & multi-omics dx,Mass-spec / general proteomics,Study to Evaluate the Effects of Panitumumab if Combined With Chemotherapy for 2nd Treatment of Colorectal Cancer,TERMINATED,2009.0,PHASE2,AIO-Studien-gGmbH,OTHER,Recruitment rate to low; changed environment made protocol in its current state obsolete,Recruitment or feasibility failure,False,False,False
NCT01215578,Proteomics & multi-omics dx,Mass-spec / general proteomics,Predictive Biomarkers of Response to Sunitinib in the Treatment of Poorly-differentiated NEURO-Endocrine Tumors,TERMINATED,2008.0,PHASE2,Assistance Publique - Hôpitaux de Paris,OTHER,lack of recruitement,Recruitment or feasibility failure,False,False,False
NCT02557529,Proteomics & multi-omics dx,Mass-spec / general proteomics,Progressive Resistance Training in Head and Neck Cancer Patients During Concomitant Chemoradiotherapy,TERMINATED,2015.0,,Herlev Hospital,OTHER,Slow recruition,Recruitment or feasibility failure,False,False,False
NCT03827759,Proteomics & multi-omics dx,Mass-spec / general proteomics,Differentiate Children Septic and Inflammatory Arthritis by Comparative Analysis,TERMINATED,2019.0,,"University Hospital, Montpellier",OTHER,End of the inclusion period and difficulty in recruiting the youngest patients,Recruitment or feasibility failure,False,False,False
NCT01677494,Proteomics & multi-omics dx,Mass-spec / general proteomics,Collagen Markers in Heart Failure and Preserved Ejection Fraction,TERMINATED,2010.0,,"University Hospital, Rouen",OTHER,lack of recruitment,Recruitment or feasibility failure,False,False,False
NCT00571792,Proteomics & multi-omics dx,Mass-spec / general proteomics,Evaluation of Airway Gene Expression in COPD and Controlled Populations,TERMINATED,2006.0,,University of Nebraska,OTHER,Insufficient enrollment,Recruitment or feasibility failure,False,False,False
NCT01245985,Proteomics & multi-omics dx,Mass-spec / general proteomics,TPF Followed by Cetuximab and IMRT Plus Carbon Ion Boost for Locally Advanced Head and Neck Tumors,TERMINATED,2010.0,PHASE2,Heidelberg University,OTHER,slow recruitment (only 8 patients recruited and treated until 12/2012),Recruitment or feasibility failure,False,False,False
NCT01182298,Proteomics & multi-omics dx,Mass-spec / general proteomics,Open Label Study to Evaluate Chronic Hepatitis C Treatment in Latino Subjects With and Without HIV Co-infection,TERMINATED,2010.0,,National Institute of Allergy and Infectious Diseases (NIAID),NIH,small number of patients enrolled,Recruitment or feasibility failure,False,False,False
NCT03951012,Proteomics & multi-omics dx,Mass-spec / general proteomics,Use Peripheral Blood Proteomics to Predict the Treatment Response and Toxicities in NSCLC Immunotherapy,TERMINATED,2019.0,,Muhammad Furqan,OTHER,low enrollment and remaining oncologist workload,Recruitment or feasibility failure,False,False,False
NCT00899002,Proteomics & multi-omics dx,Mass-spec / general proteomics,Biomarkers in Stored Tumor Samples From Younger Patients With Liver Cancer,WITHDRAWN,2007.0,,Vanderbilt-Ingram Cancer Center,OTHER,slow accrual,Recruitment or feasibility failure,False,False,False
NCT00203931,Proteomics & multi-omics dx,Mass-spec / general proteomics,Trial Comparing Cetuximab With Pemetrexed/Cetuximab Therapy for Non-Small Cell Lung Cancer,TERMINATED,2005.0,PHASE2,University of Chicago,OTHER,Slow accrual and evidence from other studies showing benefit of early initiation of pemetrexed after first-line therapy,Recruitment or feasibility failure,False,False,False
NCT00813878,Proteomics & multi-omics dx,Mass-spec / general proteomics,"Nipple Secretion Samples in Detecting Breast Cancer in Patients and Healthy Participants Undergoing Breast Cancer Screening, Breast Diagnostic Studies, or Treatment for Benign Breast Disease",TERMINATED,2001.0,,City of Hope Medical Center,OTHER,Closed due to low accrual,Recruitment or feasibility failure,False,False,False
NCT03239587,Proteomics & multi-omics dx,Mass-spec / general proteomics,"Investigating the Effect of Simulated Live Piano Music on Preoperative Cancer Patients, Health Care Providers and Hospital Volunteers Using Validated Questionnaires and Proteomic Analysis",WITHDRAWN,2017.0,,M.D. Anderson Cancer Center,OTHER,No participants,Recruitment or feasibility failure,False,False,False
NCT03233828,Proteomics & multi-omics dx,Mass-spec / general proteomics,Pre-Treatment of Highly Suspicious Pigmented Skin Lesions With Interleukin-2,TERMINATED,2019.0,PHASE3,Carman Giacomantonio,OTHER,Low enrollment numbers.,Recruitment or feasibility failure,False,False,False
NCT02960282,Proteomics & multi-omics dx,Mass-spec / general proteomics,Gut Microbiome in Fecal Samples From Patients With Metastatic Cancer Undergoing Chemotherapy or Immunotherapy,TERMINATED,2016.0,,University of Southern California,OTHER,Slow accrual,Recruitment or feasibility failure,False,False,False
NCT00234559,Proteomics & multi-omics dx,Mass-spec / general proteomics,Trial of Vacuum Assisted Closure® Therapy Versus Control Therapy in Angiogenesis,WITHDRAWN,2005.0,,"KCI USA, Inc",INDUSTRY,Study terminated due to no subject enrollment.,Recruitment or feasibility failure,False,False,False
NCT05378698,Proteomics & multi-omics dx,Mass-spec / general proteomics,Effects of Tralokinumab in the Skin: an Immunologic and Molecular Investigation,TERMINATED,2022.0,PHASE2|PHASE3,University of Zurich,OTHER,treatment group completed but insufficient recruitment control group,Recruitment or feasibility failure,False,False,False
NCT00714246,Proteomics & multi-omics dx,Mass-spec / general proteomics,Bortezomib (PS-341) in Combination With Carboplatin and Docetaxel for Patients With Advanced Non-Small Cell Lung Cancer,TERMINATED,2008.0,PHASE1,Milton S. Hershey Medical Center,OTHER,Low accrual,Recruitment or feasibility failure,False,False,False
NCT02767648,Proteomics & multi-omics dx,Mass-spec / general proteomics,Inter-regional Cohort of Neonatal and Infant Cholestasis in the Greater Southwest Region,TERMINATED,2010.0,,"University Hospital, Toulouse",OTHER,recruitment difficulties,Recruitment or feasibility failure,False,False,False
NCT03499678,Proteomics & multi-omics dx,Mass-spec / general proteomics,Lung Cancer Screening Using DNA Methylation Changes in Circulated Tumor and PBMC DNA,TERMINATED,2018.0,,HKGepitherapeutics,INDUSTRY,Encountered technical issues with blood plasma samples received from the hospital.,Recruitment or feasibility failure,False,False,False
NCT03073473,Proteomics & multi-omics dx,Mass-spec / general proteomics,Evaluation of the NantHealth GPS Cancer Test in Patients With Advanced Cancers,TERMINATED,2017.0,,Cota Inc.,INDUSTRY,Poor accrual,Recruitment or feasibility failure,False,False,False
NCT04510285,Proteomics & multi-omics dx,Liquid biopsy / ctDNA,A Single-Arm Pilot Study of Adjuvant Pembrolizumab Plus Trastuzumab in HER2+ Esophagogastric Tumors With Persistent Circulating Tumor DNA Following Curative Resection,TERMINATED,2020.0,PHASE2,Memorial Sloan Kettering Cancer Center,OTHER,Lack of accrual,Recruitment or feasibility failure,False,False,False
NCT06762808,Proteomics & multi-omics dx,Liquid biopsy / ctDNA,Phase II Study of Atezolizumab and Tiragolumab With ctDNA for HPV-positive SCC,WITHDRAWN,2025.0,PHASE2,M.D. Anderson Cancer Center,OTHER,0 participants,Recruitment or feasibility failure,False,False,False
NCT04412070,Proteomics & multi-omics dx,Liquid biopsy / ctDNA,Assessement of the Concordance of Genomic Alterations Between Urine and Tissue in High-Risk NMIBC Patients,TERMINATED,2021.0,,Hopital Foch,OTHER,"The target enrollment was not reached at the end of recrutement period. The presence of a concurrent therapeutic clinical trial in the same department significantly limited patient availability for this study, making further recruitment not feasible.",Recruitment or feasibility failure,False,False,False
NCT04720729,Proteomics & multi-omics dx,Liquid biopsy / ctDNA,Chemotherapy Monitoring by ctDNA in HER2- Metastatic Breast Cancer,TERMINATED,2021.0,PHASE2,Institut Curie,OTHER,insufficient recruitment,Recruitment or feasibility failure,False,False,False
NCT04474613,Proteomics & multi-omics dx,Liquid biopsy / ctDNA,Liquid Biopsy to Reduce Time to Treatment for Advanced Nonsquamous NSCLC Diagnosed at Outside Sites,TERMINATED,2020.0,,Case Comprehensive Cancer Center,OTHER,Slow accrual,Recruitment or feasibility failure,False,False,False
NCT05790460,Proteomics & multi-omics dx,Liquid biopsy / ctDNA,Telehealth Based Synchronous Navigation to Improve Molecularly-Informed Care for Patients With Lung Cancer,TERMINATED,2023.0,,Abramson Cancer Center at Penn Medicine,OTHER,Insufficient accrual,Recruitment or feasibility failure,False,False,False
NCT02535351,Proteomics & multi-omics dx,Liquid biopsy / ctDNA,Targeted Therapy With or Without Nephrectomy in Metastatic Renal Cell Carcinoma: Liquid Biopsy for Biomarkers Discovery,TERMINATED,2015.0,PHASE3,"Fondazione IRCCS Istituto Nazionale dei Tumori, Milano",OTHER,low enrolment,Recruitment or feasibility failure,False,False,False
NCT04670588,Proteomics & multi-omics dx,Liquid biopsy / ctDNA,Response Assessment by Circulating Tumor DNA in Patients With Locally Advanced Rectal Cancer,WITHDRAWN,2021.0,,Medical College of Wisconsin,OTHER,No accrual.,Recruitment or feasibility failure,False,False,False
NCT05350501,Proteomics & multi-omics dx,Liquid biopsy / ctDNA,"EO2040 in Combination With Nivolumab, for Treatment of Patients With Minimal Residual Disease of Colorectal Cancer",TERMINATED,2023.0,PHASE2,Enterome,INDUSTRY,the study recruitment is significantly behind expectations as only one single patient has started treatment,Recruitment or feasibility failure,False,False,False
NCT04780945,Proteomics & multi-omics dx,Liquid biopsy / ctDNA,Functional Analysis of BRCAness,TERMINATED,2019.0,PHASE2,Leiden University Medical Center,OTHER,recruitment was lower than expected (28/55) due to registration of the IMP in the first and second line treatment,Recruitment or feasibility failure,False,False,False
NCT05067842,Proteomics & multi-omics dx,Liquid biopsy / ctDNA,Circulating Tumor DNA (ctDNA) in Locally Advanced Esophageal and Gastroesophageal (GE) Junction Adenocarcinoma,WITHDRAWN,2022.0,,Medical College of Wisconsin,OTHER,Low accrual and PI leaving institution,Recruitment or feasibility failure,False,False,False
NCT05431439,Proteomics & multi-omics dx,Liquid biopsy / ctDNA,Omics of Cancer: OncoGenomics,WITHDRAWN,2023.0,,National Cancer Institute (NCI),NIH,No participants enrolled,Recruitment or feasibility failure,False,False,False
NCT04944173,Proteomics & multi-omics dx,Liquid biopsy / ctDNA,SCION: SABR and Checkpoint Inhibition of NSCLC,WITHDRAWN,2023.0,PHASE2,University of British Columbia,OTHER,Overestimated pool of eligible patients and the potential participants either declined participation or did not meet eligibility criteria.,Recruitment or feasibility failure,False,False,False
NCT05292443,Proteomics & multi-omics dx,Liquid biopsy / ctDNA,Therapeutic ResistAnce and Clonal Evolution Assessed With Liquid Biopsy in ICIs Treated Primary Liver Cancer,WITHDRAWN,2021.0,,Geneplus-Beijing Co. Ltd.,INDUSTRY,No participants were enrolled,Recruitment or feasibility failure,False,False,False
NCT04523389,Proteomics & multi-omics dx,Liquid biopsy / ctDNA,Contents of Circulating Extracellular Vesicles: Biomarkers in Colorectal Cancer Patients,TERMINATED,2020.0,,Centre Hospitalier Universitaire Dijon,OTHER,"As the laboratory due to carry out the biological analyses withdrew, the project did not go ahead",Recruitment or feasibility failure,False,False,False
NCT03265496,Proteomics & multi-omics dx,Liquid biopsy / ctDNA,Correlation Between Tissue and Plasmatic EGFR in CBNPC With EGFR Mutation or Predictive Factor of EGFR Mutation,TERMINATED,2016.0,,Centre Oscar Lambret,OTHER,The number of recruted patient was not sufficient,Recruitment or feasibility failure,False,False,False
NCT06730100,Proteomics & multi-omics dx,Liquid biopsy / ctDNA,CBX-12 for the Treatment of Metastatic Chemotherapy-Refractory Microsatellite Stable Colorectal Cancer,WITHDRAWN,2026.0,PHASE2,National Cancer Institute (NCI),NIH,no accruals,Recruitment or feasibility failure,False,False,False
NCT04162678,Proteomics & multi-omics dx,Liquid biopsy / ctDNA,Fluid Biopsy for the Diagnosis of Lung Cancer,TERMINATED,2020.0,,University of Southern California,OTHER,insufficient accrual,Recruitment or feasibility failure,False,False,False
NCT03594448,Proteomics & multi-omics dx,Liquid biopsy / ctDNA,Detection of MSI in Circulating Tumor DNA of Colorectal Carcinoma Patients,TERMINATED,2018.0,,University of Southern California,OTHER,Insufficient accrual,Recruitment or feasibility failure,False,False,False
NCT04267237,Proteomics & multi-omics dx,Liquid biopsy / ctDNA,A Study of the Efficacy and Safety of RO7198457 in Combination With Atezolizumab Versus Atezolizumab Alone Following Adjuvant Platinum-Doublet Chemotherapy in Participants Who Are ctDNA Positive After Surgical Resection of Stage II-III Non-Small Cell Lung Cancer,WITHDRAWN,2021.0,PHASE2,Hoffmann-La Roche,INDUSTRY,Accrual timelines,Recruitment or feasibility failure,False,False,False
NCT03393741,Proteomics & multi-omics dx,Liquid biopsy / ctDNA,Pharmacodynamic Biomarkers of Standard Anti-microtubule Drugs as Assessed by Early Tumor Biopsy,TERMINATED,2018.0,,"University of Wisconsin, Madison",OTHER,slow accrual,Recruitment or feasibility failure,False,False,False
NCT05245435,Proteomics & multi-omics dx,Liquid biopsy / ctDNA,Diagnostic and Prognostic Accuracy of FDHT-PET and Liquid Biopsies in Prostate Cancer,WITHDRAWN,2022.0,,Medical University of Vienna,OTHER,Recruitment was not possible with the chosen inclusion/exclusion criteria at our Institution.,Recruitment or feasibility failure,False,False,False
NCT03553550,Proteomics & multi-omics dx,Liquid biopsy / ctDNA,Role of Circulating Tumor DNA (ctDNA) From LIquid Biopsy in Early Stage NSCLC Resected Lung Tumor Investigation,TERMINATED,2018.0,,Addario Lung Cancer Medical Institute,OTHER,Enrollment futility,Recruitment or feasibility failure,False,False,False
NCT05900648,Proteomics & multi-omics dx,Liquid biopsy / ctDNA,Regorafenib and XmAb20717 in Treatment of High-risk Patients With Colorectal Cancer With Radiographic Occult Molecular Residual Disease After End of Established Definitive Therapy (RX-CROME),WITHDRAWN,2023.0,PHASE2,M.D. Anderson Cancer Center,OTHER,0 participant accrual,Recruitment or feasibility failure,False,False,False
NCT02715102,Proteomics & multi-omics dx,Liquid biopsy / ctDNA,Circulating Tumor DNA in Patients at High Risk for Lung Cancer,TERMINATED,2016.0,,Pathway Genomics,INDUSTRY,Patient accrual was slow due to exclusion of patients with prior cancers,Recruitment or feasibility failure,False,False,False
NCT03255252,Proteomics & multi-omics dx,Liquid biopsy / ctDNA,Assessment Study to Evaluate Specific Immune Response in Locally Advanced Cervix Cancer After Radio-chemotherapy,TERMINATED,2017.0,PHASE2,Institut du Cancer de Montpellier - Val d'Aurelle,OTHER,insufficient recruitment,Recruitment or feasibility failure,False,False,False
NCT04256941,Proteomics & multi-omics dx,Liquid biopsy / ctDNA,"Aromatase Inhibitor Therapy With or Without Fulvestrant for the Treatment of HR Positive Metastatic Breast Cancer With an ERS1 Activating Mutation, the INTERACT Study",TERMINATED,2019.0,PHASE2,M.D. Anderson Cancer Center,OTHER,"Despite modifications, accrual was poor and the closed",Recruitment or feasibility failure,False,False,False
NCT03189381,Proteomics & multi-omics dx,Liquid biopsy / ctDNA,Pilot Phase 2 Study Whole Brain Radiation Therapy With Simultaneous Integrated Boost for Patients With Brain Metastases,TERMINATED,2017.0,,Indiana University,OTHER,Early termination leading to no patients enrolled in cohort B.,Recruitment or feasibility failure,False,False,False
NCT03872388,Proteomics & multi-omics dx,Liquid biopsy / ctDNA,Atorvastatin in Treating Patients With Stage IIb-III Triple Negative Breast Cancer Who Did Not Achieve a Pathologic Complete Response After Receiving Neoadjuvant Chemotherapy,TERMINATED,2019.0,PHASE2,M.D. Anderson Cancer Center,OTHER,Due to slow accrual,Recruitment or feasibility failure,False,False,False
NCT04496674,Proteomics & multi-omics dx,Liquid biopsy / ctDNA,Bispecific PSMAxCD3 Antibody CC-1 in Patients With Squamous Cell Carcinoma of the Lung,TERMINATED,2022.0,PHASE1|PHASE2,German Cancer Research Center,OTHER,premature termination of the trial due to bad recruitment,Recruitment or feasibility failure,False,False,False
NCT03158610,Proteomics & multi-omics dx,Liquid biopsy / ctDNA,Biological-guided Metronomic Chemotherapy as Maintenance Strategy in Metastatic Colorectal Cancer,TERMINATED,2018.0,PHASE2|PHASE3,Ruijin Hospital,OTHER,Difficult to enrollment patient,Recruitment or feasibility failure,False,False,False
NCT02700763,Proteomics & multi-omics dx,Liquid biopsy / ctDNA,[18F]Dabrafenib Molecular Imaging in Melanoma Brain Metastasis,TERMINATED,2016.0,,University Medical Center Groningen,OTHER,Due to the very low inlcusion rate and the current COVID-19 pandemic.,Recruitment or feasibility failure,False,False,False
NCT05757843,Proteomics & multi-omics dx,Liquid biopsy / ctDNA,Using Circulating Tumor DNA to Personalize Duration of Consolidation Durvalumab,WITHDRAWN,2024.0,PHASE2,Indiana University,OTHER,Unable to identify patients who meet eligibility requirements of tissue needed for analysis.,Recruitment or feasibility failure,False,False,False
NCT04791215,Proteomics & multi-omics dx,Liquid biopsy / ctDNA,Circulating Tumor DNA Alterations in Non-small Cell Lung Cancer Patients Treated With Pembrolizumab,TERMINATED,2020.0,,Columbia University,OTHER,Low accrual,Recruitment or feasibility failure,False,False,False
NCT05454371,Proteomics & multi-omics dx,Liquid biopsy / ctDNA,Investigation of Urinary Biomarkers for the Detection of Prostate Cancer,WITHDRAWN,2023.0,,Novosanis NV,INDUSTRY,Study is part of PhD trajectory and currently the trajectory is in the final phases without the official start of this recruitment.,Recruitment or feasibility failure,False,False,False
NCT03863301,Proteomics & multi-omics dx,Liquid biopsy / ctDNA,MRI-guided Single Dose Preoperative Radiotherapy in Low-risk Breast Cancer,WITHDRAWN,2019.0,PHASE2,UMC Utrecht,OTHER,no participants enrolled,Recruitment or feasibility failure,False,False,False
NCT03827850,Proteomics & multi-omics dx,Liquid biopsy / ctDNA,FGFR Inhibitor in FGFR Dysregulated Cancer,TERMINATED,2019.0,PHASE2,Lung Cancer Group Cologne,OTHER,"Study-related difficulties faced with patient enrolment, no safety-related reasons",Recruitment or feasibility failure,False,False,False
NCT04806334,Proteomics & multi-omics dx,Single-cell omics,Radiogenomics of Muscle Invasive Bladder Cancer,TERMINATED,2021.0,,Cedars-Sinai Medical Center,OTHER,Slow accrual,Recruitment or feasibility failure,False,False,False
NCT06118749,Proteomics & multi-omics dx,Mass-spec / general proteomics,Leishmania Antigen Rapid Diagnostic Test Proof-of-Concept and Validation Study,TERMINATED,2023.0,,"Foundation for Innovative New Diagnostics, Switzerland",OTHER,Desk review conducted on study documentation revealing certain inconsistencies leading to the recommendation to halt the study.,Regulatory or ethics hold,False,False,False
NCT04590261,Proteomics & multi-omics dx,Mass-spec / general proteomics,Myeloid Cells in Patients With Covid-19 Pneumonia,WITHDRAWN,2023.0,,Assistance Publique - Hôpitaux de Paris,OTHER,The request for an extension was ultimately denied by the CPP because it was submitted after the deadline (the dates on the portal were incorrects).,Regulatory or ethics hold,False,False,False
NCT03027401,Proteomics & multi-omics dx,Mass-spec / general proteomics,Clinical Sequencing of Cancer and Tissue Repository: OncoGenomics,WITHDRAWN,2017.0,,National Cancer Institute (NCI),NIH,closed by PI and FDA,Regulatory or ethics hold,False,False,False
NCT03925428,Proteomics & multi-omics dx,Liquid biopsy / ctDNA,"Testing a New Anti-cancer Drug Combination, Entinostat and GSK525762C, for Advanced and Refractory Solid Tumors and Lymphomas",WITHDRAWN,2020.0,PHASE1,National Cancer Institute (NCI),NIH,Other - Protocol moved to Disapproved,Regulatory or ethics hold,False,False,False
NCT05867901,Proteomics & multi-omics dx,Liquid biopsy / ctDNA,A Prospective Study on Predicting Recurrence Risk of Postoperative High-risk GISTs in NED State Based on MRD Detection Via Liquid Biopsy,SUSPENDED,2023.0,,Peking University People's Hospital,OTHER,Enrollment has been temporarily paused pending ethics review and implementation of the revised study protocol. Follow-up of previously enrolled participants is continuing.,Regulatory or ethics hold,False,False,False
NCT00115661,Proteomics & multi-omics dx,Mass-spec / general proteomics,Use of Rosiglitazone in the Treatment of Endometriosis,TERMINATED,2005.0,PHASE2,Eunice Kennedy Shriver National Institute of Child Health and Human Development (NICHD),NIH,Due to the meta-analysis about CV adverse effects of rosiglitazone.,Safety or toxicity,False,False,False
NCT02768090,Proteomics & multi-omics dx,Mass-spec / general proteomics,Proteomic Analysis of Sweat in Cutaneous Conditions,WITHDRAWN,2016.0,,Larkin Community Hospital,OTHER,Study Period Ended / Not Completed,Unclear,False,False,False
NCT01574300,Proteomics & multi-omics dx,Mass-spec / general proteomics,Collaborative Advanced Stage Tissue Lung Cancer (CASTLE) Network,TERMINATED,2010.0,,Addario Lung Cancer Medical Institute,OTHER,interim assessment by sponsor,Unclear,False,False,False
NCT04072601,Proteomics & multi-omics dx,Mass-spec / general proteomics,Statins for Prevention of Disease Progression and Hospitalization in Liver Cirrhosis,TERMINATED,2019.0,PHASE4,"Copenhagen University Hospital, Hvidovre",OTHER,Study part one completed,Unclear,False,False,False
NCT05695976,Proteomics & multi-omics dx,Liquid biopsy / ctDNA,GRETeL: Tumor Response to Standard Radiotherapy and TMZ Patients With GBM,SUSPENDED,2023.0,,Duke University,OTHER,The study is suspended while preplanned interim analysis is being completed.,Unclear,False,False,False
NCT02771769,Proteomics & multi-omics dx,Liquid biopsy / ctDNA,Analysis of Cell-free DNA (cfDNA) in Men With Elevated PSA Levels,TERMINATED,2016.0,,Chronix Biomedical Corporation,INDUSTRY,Data review,Unclear,False,False,False
NCT02072616,Proteomics & multi-omics dx,Liquid biopsy / ctDNA,Detection of Circulating Tumor Cells for the Diagnostic of Pancreatic Adenocarcinoma.,TERMINATED,2014.0,,"University Hospital, Rouen",OTHER,Analysis not possible at the stage,Unclear,False,False,False
