country,year,registry,count,count_type,population,per_million,per_million_basis,eligible_low,eligible_high,eligible_by_disease,per_100_eligible_low,per_100_eligible_high,status,source_doc,source_url,notes
Algeria,2024,EBMT activity survey,0,patients,,,,,,,,,verified-from-source,"Greco R, Sánchez-Ortega I et al. The 2024 EBMT activity report: crossing one million HCTs and 20,000 CAR-T. A landmark i",https://media.springernature.com/original/springer-static/esm/art%3A10.1038%2Fs41409-026-02919-9/MediaObjects/41409_2026_2919_MOESM3_ESM.pdf,"Country line of Appendix 2024; format per header: Number of reporting centers: total 1st HCT (total all HCT) N allogeneic 1st HCT / N autologous 1st HCT, total 1st CAR-T (total all CAR-T) N allogeneic"
Armenia,2024,EBMT activity survey,0,patients,,,,,,,,,verified-from-source,"Greco R, Sánchez-Ortega I et al. The 2024 EBMT activity report: crossing one million HCTs and 20,000 CAR-T. A landmark i",https://media.springernature.com/original/springer-static/esm/art%3A10.1038%2Fs41409-026-02919-9/MediaObjects/41409_2026_2919_MOESM3_ESM.pdf,"Country line of Appendix 2024; format per header: Number of reporting centers: total 1st HCT (total all HCT) N allogeneic 1st HCT / N autologous 1st HCT, total 1st CAR-T (total all CAR-T) N allogeneic"
Austria,2018,EBMT activity survey,,patients,,0.45,EBMT published rate per 10 million / 10,,,,,,verified-from-source,"Greco R, Sánchez-Ortega I et al. The 2024 EBMT activity report: crossing one million HCTs and 20,000 CAR-T. A landmark i",https://media.springernature.com/original/springer-static/esm/art%3A10.1038%2Fs41409-026-02919-9/MediaObjects/41409_2026_2919_MOESM2_ESM.docx,Rate per 10 million population as printed (decimal comma in source); patient count for this country-year is not printed in any EBMT survey table (2018-2023 appendices list HCT only); count can be deri
Austria,2019,EBMT activity survey,,patients,,0.56,EBMT published rate per 10 million / 10,,,,,,verified-from-source,"Greco R, Sánchez-Ortega I et al. The 2024 EBMT activity report: crossing one million HCTs and 20,000 CAR-T. A landmark i",https://media.springernature.com/original/springer-static/esm/art%3A10.1038%2Fs41409-026-02919-9/MediaObjects/41409_2026_2919_MOESM2_ESM.docx,Rate per 10 million population as printed (decimal comma in source); patient count for this country-year is not printed in any EBMT survey table (2018-2023 appendices list HCT only); count can be deri
Austria,2020,EBMT activity survey,,patients,,1.8,EBMT published rate per 10 million / 10,,,,,,verified-from-source,"Greco R, Sánchez-Ortega I et al. The 2024 EBMT activity report: crossing one million HCTs and 20,000 CAR-T. A landmark i",https://media.springernature.com/original/springer-static/esm/art%3A10.1038%2Fs41409-026-02919-9/MediaObjects/41409_2026_2919_MOESM2_ESM.docx,Rate per 10 million population as printed (decimal comma in source); patient count for this country-year is not printed in any EBMT survey table (2018-2023 appendices list HCT only); count can be deri
Austria,2021,EBMT activity survey,,patients,,4.7,EBMT published rate per 10 million / 10,,,,,,verified-from-source,"Greco R, Sánchez-Ortega I et al. The 2024 EBMT activity report: crossing one million HCTs and 20,000 CAR-T. A landmark i",https://media.springernature.com/original/springer-static/esm/art%3A10.1038%2Fs41409-026-02919-9/MediaObjects/41409_2026_2919_MOESM2_ESM.docx,Rate per 10 million population as printed (decimal comma in source); patient count for this country-year is not printed in any EBMT survey table (2018-2023 appendices list HCT only); count can be deri
Austria,2022,EBMT activity survey,,patients,,7.24,EBMT published rate per 10 million / 10,,,,,,verified-from-source,"Greco R, Sánchez-Ortega I et al. The 2024 EBMT activity report: crossing one million HCTs and 20,000 CAR-T. A landmark i",https://media.springernature.com/original/springer-static/esm/art%3A10.1038%2Fs41409-026-02919-9/MediaObjects/41409_2026_2919_MOESM2_ESM.docx,Rate per 10 million population as printed (decimal comma in source); patient count for this country-year is not printed in any EBMT survey table (2018-2023 appendices list HCT only); count can be deri
Austria,2023,EBMT activity survey,,patients,,9.23,EBMT published rate per 10 million / 10,,,,,,verified-from-source,"Greco R, Sánchez-Ortega I et al. The 2024 EBMT activity report: crossing one million HCTs and 20,000 CAR-T. A landmark i",https://media.springernature.com/original/springer-static/esm/art%3A10.1038%2Fs41409-026-02919-9/MediaObjects/41409_2026_2919_MOESM2_ESM.docx,Rate per 10 million population as printed (decimal comma in source); patient count for this country-year is not printed in any EBMT survey table (2018-2023 appendices list HCT only); count can be deri
Austria,2024,EBMT activity survey,89,patients,,9.72,EBMT published rate per 10 million / 10,,,,,,verified-from-source,"Greco R, Sánchez-Ortega I et al. The 2024 EBMT activity report: crossing one million HCTs and 20,000 CAR-T. A landmark i",https://media.springernature.com/original/springer-static/esm/art%3A10.1038%2Fs41409-026-02919-9/MediaObjects/41409_2026_2919_MOESM3_ESM.pdf,"Country line of Appendix 2024; format per header: Number of reporting centers: total 1st HCT (total all HCT) N allogeneic 1st HCT / N autologous 1st HCT, total 1st CAR-T (total all CAR-T) N allogeneic"
Austria,2024,EBMT activity survey,118,infusions,,,,,,,,,verified-from-source,"Greco R, Sánchez-Ortega I et al. The 2024 EBMT activity report: crossing one million HCTs and 20,000 CAR-T. A landmark i",https://media.springernature.com/original/springer-static/esm/art%3A10.1038%2Fs41409-026-02919-9/MediaObjects/41409_2026_2919_MOESM3_ESM.pdf,Total all CAR-T (first plus additional infusions) for Austria; first CAR-T 89; fetched 2026-09-05
Azerbaijan,2024,EBMT activity survey,0,patients,,,,,,,,,verified-from-source,"Greco R, Sánchez-Ortega I et al. The 2024 EBMT activity report: crossing one million HCTs and 20,000 CAR-T. A landmark i",https://media.springernature.com/original/springer-static/esm/art%3A10.1038%2Fs41409-026-02919-9/MediaObjects/41409_2026_2919_MOESM3_ESM.pdf,"Country line of Appendix 2024; format per header: Number of reporting centers: total 1st HCT (total all HCT) N allogeneic 1st HCT / N autologous 1st HCT, total 1st CAR-T (total all CAR-T) N allogeneic"
Belarus,2020,EBMT activity survey,,patients,,0.11,EBMT published rate per 10 million / 10,,,,,,verified-from-source,"Greco R, Sánchez-Ortega I et al. The 2024 EBMT activity report: crossing one million HCTs and 20,000 CAR-T. A landmark i",https://media.springernature.com/original/springer-static/esm/art%3A10.1038%2Fs41409-026-02919-9/MediaObjects/41409_2026_2919_MOESM2_ESM.docx,Rate per 10 million population as printed (decimal comma in source); patient count for this country-year is not printed in any EBMT survey table (2018-2023 appendices list HCT only); count can be deri
Belarus,2021,EBMT activity survey,,patients,,0.43,EBMT published rate per 10 million / 10,,,,,,verified-from-source,"Greco R, Sánchez-Ortega I et al. The 2024 EBMT activity report: crossing one million HCTs and 20,000 CAR-T. A landmark i",https://media.springernature.com/original/springer-static/esm/art%3A10.1038%2Fs41409-026-02919-9/MediaObjects/41409_2026_2919_MOESM2_ESM.docx,Rate per 10 million population as printed (decimal comma in source); patient count for this country-year is not printed in any EBMT survey table (2018-2023 appendices list HCT only); count can be deri
Belarus,2022,EBMT activity survey,,patients,,0.33,EBMT published rate per 10 million / 10,,,,,,verified-from-source,"Greco R, Sánchez-Ortega I et al. The 2024 EBMT activity report: crossing one million HCTs and 20,000 CAR-T. A landmark i",https://media.springernature.com/original/springer-static/esm/art%3A10.1038%2Fs41409-026-02919-9/MediaObjects/41409_2026_2919_MOESM2_ESM.docx,Rate per 10 million population as printed (decimal comma in source); patient count for this country-year is not printed in any EBMT survey table (2018-2023 appendices list HCT only); count can be deri
Belarus,2023,EBMT activity survey,,patients,,0.76,EBMT published rate per 10 million / 10,,,,,,verified-from-source,"Greco R, Sánchez-Ortega I et al. The 2024 EBMT activity report: crossing one million HCTs and 20,000 CAR-T. A landmark i",https://media.springernature.com/original/springer-static/esm/art%3A10.1038%2Fs41409-026-02919-9/MediaObjects/41409_2026_2919_MOESM2_ESM.docx,Rate per 10 million population as printed (decimal comma in source); patient count for this country-year is not printed in any EBMT survey table (2018-2023 appendices list HCT only); count can be deri
Belarus,2024,EBMT activity survey,0,patients,,,,,,,,,verified-from-source,"Greco R, Sánchez-Ortega I et al. The 2024 EBMT activity report: crossing one million HCTs and 20,000 CAR-T. A landmark i",https://media.springernature.com/original/springer-static/esm/art%3A10.1038%2Fs41409-026-02919-9/MediaObjects/41409_2026_2919_MOESM3_ESM.pdf,"Country line of Appendix 2024; format per header: Number of reporting centers: total 1st HCT (total all HCT) N allogeneic 1st HCT / N autologous 1st HCT, total 1st CAR-T (total all CAR-T) N allogeneic"
Belgium,2018,EBMT activity survey,,patients,,0.88,EBMT published rate per 10 million / 10,,,,,,verified-from-source,"Greco R, Sánchez-Ortega I et al. The 2024 EBMT activity report: crossing one million HCTs and 20,000 CAR-T. A landmark i",https://media.springernature.com/original/springer-static/esm/art%3A10.1038%2Fs41409-026-02919-9/MediaObjects/41409_2026_2919_MOESM2_ESM.docx,Rate per 10 million population as printed (decimal comma in source); patient count for this country-year is not printed in any EBMT survey table (2018-2023 appendices list HCT only); count can be deri
Belgium,2019,EBMT activity survey,,patients,,2.44,EBMT published rate per 10 million / 10,,,,,,verified-from-source,"Greco R, Sánchez-Ortega I et al. The 2024 EBMT activity report: crossing one million HCTs and 20,000 CAR-T. A landmark i",https://media.springernature.com/original/springer-static/esm/art%3A10.1038%2Fs41409-026-02919-9/MediaObjects/41409_2026_2919_MOESM2_ESM.docx,Rate per 10 million population as printed (decimal comma in source); patient count for this country-year is not printed in any EBMT survey table (2018-2023 appendices list HCT only); count can be deri
Belgium,2020,EBMT activity survey,,patients,,3.3,EBMT published rate per 10 million / 10,,,,,,verified-from-source,"Greco R, Sánchez-Ortega I et al. The 2024 EBMT activity report: crossing one million HCTs and 20,000 CAR-T. A landmark i",https://media.springernature.com/original/springer-static/esm/art%3A10.1038%2Fs41409-026-02919-9/MediaObjects/41409_2026_2919_MOESM2_ESM.docx,Rate per 10 million population as printed (decimal comma in source); patient count for this country-year is not printed in any EBMT survey table (2018-2023 appendices list HCT only); count can be deri
Belgium,2021,EBMT activity survey,,patients,,5.45,EBMT published rate per 10 million / 10,,,,,,verified-from-source,"Greco R, Sánchez-Ortega I et al. The 2024 EBMT activity report: crossing one million HCTs and 20,000 CAR-T. A landmark i",https://media.springernature.com/original/springer-static/esm/art%3A10.1038%2Fs41409-026-02919-9/MediaObjects/41409_2026_2919_MOESM2_ESM.docx,Rate per 10 million population as printed (decimal comma in source); patient count for this country-year is not printed in any EBMT survey table (2018-2023 appendices list HCT only); count can be deri
Belgium,2022,EBMT activity survey,,patients,,6.28,EBMT published rate per 10 million / 10,,,,,,verified-from-source,"Greco R, Sánchez-Ortega I et al. The 2024 EBMT activity report: crossing one million HCTs and 20,000 CAR-T. A landmark i",https://media.springernature.com/original/springer-static/esm/art%3A10.1038%2Fs41409-026-02919-9/MediaObjects/41409_2026_2919_MOESM2_ESM.docx,Rate per 10 million population as printed (decimal comma in source); patient count for this country-year is not printed in any EBMT survey table (2018-2023 appendices list HCT only); count can be deri
Belgium,2023,EBMT activity survey,,patients,,7.41,EBMT published rate per 10 million / 10,,,,,,verified-from-source,"Greco R, Sánchez-Ortega I et al. The 2024 EBMT activity report: crossing one million HCTs and 20,000 CAR-T. A landmark i",https://media.springernature.com/original/springer-static/esm/art%3A10.1038%2Fs41409-026-02919-9/MediaObjects/41409_2026_2919_MOESM2_ESM.docx,Rate per 10 million population as printed (decimal comma in source); patient count for this country-year is not printed in any EBMT survey table (2018-2023 appendices list HCT only); count can be deri
Belgium,2024,EBMT activity survey,159,patients,,13.46,EBMT published rate per 10 million / 10,,,,,,verified-from-source,"Greco R, Sánchez-Ortega I et al. The 2024 EBMT activity report: crossing one million HCTs and 20,000 CAR-T. A landmark i",https://media.springernature.com/original/springer-static/esm/art%3A10.1038%2Fs41409-026-02919-9/MediaObjects/41409_2026_2919_MOESM3_ESM.pdf,"Country line of Appendix 2024; format per header: Number of reporting centers: total 1st HCT (total all HCT) N allogeneic 1st HCT / N autologous 1st HCT, total 1st CAR-T (total all CAR-T) N allogeneic"
Belgium,2024,EBMT activity survey,164,infusions,,,,,,,,,verified-from-source,"Greco R, Sánchez-Ortega I et al. The 2024 EBMT activity report: crossing one million HCTs and 20,000 CAR-T. A landmark i",https://media.springernature.com/original/springer-static/esm/art%3A10.1038%2Fs41409-026-02919-9/MediaObjects/41409_2026_2919_MOESM3_ESM.pdf,Total all CAR-T (first plus additional infusions) for Belgium; first CAR-T 159; fetched 2026-09-05
Bosnia and Herzegovina,2024,EBMT activity survey,0,patients,,,,,,,,,verified-from-source,"Greco R, Sánchez-Ortega I et al. The 2024 EBMT activity report: crossing one million HCTs and 20,000 CAR-T. A landmark i",https://media.springernature.com/original/springer-static/esm/art%3A10.1038%2Fs41409-026-02919-9/MediaObjects/41409_2026_2919_MOESM3_ESM.pdf,"Country line of Appendix 2024; format per header: Number of reporting centers: total 1st HCT (total all HCT) N allogeneic 1st HCT / N autologous 1st HCT, total 1st CAR-T (total all CAR-T) N allogeneic"
Bulgaria,2024,EBMT activity survey,0,patients,,,,,,,,,verified-from-source,"Greco R, Sánchez-Ortega I et al. The 2024 EBMT activity report: crossing one million HCTs and 20,000 CAR-T. A landmark i",https://media.springernature.com/original/springer-static/esm/art%3A10.1038%2Fs41409-026-02919-9/MediaObjects/41409_2026_2919_MOESM3_ESM.pdf,"Country line of Appendix 2024; format per header: Number of reporting centers: total 1st HCT (total all HCT) N allogeneic 1st HCT / N autologous 1st HCT, total 1st CAR-T (total all CAR-T) N allogeneic"
Croatia,2020,EBMT activity survey,,patients,,1.52,EBMT published rate per 10 million / 10,,,,,,verified-from-source,"Greco R, Sánchez-Ortega I et al. The 2024 EBMT activity report: crossing one million HCTs and 20,000 CAR-T. A landmark i",https://media.springernature.com/original/springer-static/esm/art%3A10.1038%2Fs41409-026-02919-9/MediaObjects/41409_2026_2919_MOESM2_ESM.docx,Rate per 10 million population as printed (decimal comma in source); patient count for this country-year is not printed in any EBMT survey table (2018-2023 appendices list HCT only); count can be deri
Croatia,2021,EBMT activity survey,,patients,,2.83,EBMT published rate per 10 million / 10,,,,,,verified-from-source,"Greco R, Sánchez-Ortega I et al. The 2024 EBMT activity report: crossing one million HCTs and 20,000 CAR-T. A landmark i",https://media.springernature.com/original/springer-static/esm/art%3A10.1038%2Fs41409-026-02919-9/MediaObjects/41409_2026_2919_MOESM2_ESM.docx,Rate per 10 million population as printed (decimal comma in source); patient count for this country-year is not printed in any EBMT survey table (2018-2023 appendices list HCT only); count can be deri
Croatia,2022,EBMT activity survey,,patients,,2.85,EBMT published rate per 10 million / 10,,,,,,verified-from-source,"Greco R, Sánchez-Ortega I et al. The 2024 EBMT activity report: crossing one million HCTs and 20,000 CAR-T. A landmark i",https://media.springernature.com/original/springer-static/esm/art%3A10.1038%2Fs41409-026-02919-9/MediaObjects/41409_2026_2919_MOESM2_ESM.docx,Rate per 10 million population as printed (decimal comma in source); patient count for this country-year is not printed in any EBMT survey table (2018-2023 appendices list HCT only); count can be deri
Croatia,2023,EBMT activity survey,,patients,,2.34,EBMT published rate per 10 million / 10,,,,,,verified-from-source,"Greco R, Sánchez-Ortega I et al. The 2024 EBMT activity report: crossing one million HCTs and 20,000 CAR-T. A landmark i",https://media.springernature.com/original/springer-static/esm/art%3A10.1038%2Fs41409-026-02919-9/MediaObjects/41409_2026_2919_MOESM2_ESM.docx,Rate per 10 million population as printed (decimal comma in source); patient count for this country-year is not printed in any EBMT survey table (2018-2023 appendices list HCT only); count can be deri
Croatia,2024,EBMT activity survey,9,patients,,2.33,EBMT published rate per 10 million / 10,,,,,,verified-from-source,"Greco R, Sánchez-Ortega I et al. The 2024 EBMT activity report: crossing one million HCTs and 20,000 CAR-T. A landmark i",https://media.springernature.com/original/springer-static/esm/art%3A10.1038%2Fs41409-026-02919-9/MediaObjects/41409_2026_2919_MOESM3_ESM.pdf,"Country line of Appendix 2024; format per header: Number of reporting centers: total 1st HCT (total all HCT) N allogeneic 1st HCT / N autologous 1st HCT, total 1st CAR-T (total all CAR-T) N allogeneic"
Croatia,2024,EBMT activity survey,9,infusions,,,,,,,,,verified-from-source,"Greco R, Sánchez-Ortega I et al. The 2024 EBMT activity report: crossing one million HCTs and 20,000 CAR-T. A landmark i",https://media.springernature.com/original/springer-static/esm/art%3A10.1038%2Fs41409-026-02919-9/MediaObjects/41409_2026_2919_MOESM3_ESM.pdf,Total all CAR-T (first plus additional infusions) for Croatia; first CAR-T 9; fetched 2026-09-05
Cyprus,2024,EBMT activity survey,0,patients,,,,,,,,,verified-from-source,"Greco R, Sánchez-Ortega I et al. The 2024 EBMT activity report: crossing one million HCTs and 20,000 CAR-T. A landmark i",https://media.springernature.com/original/springer-static/esm/art%3A10.1038%2Fs41409-026-02919-9/MediaObjects/41409_2026_2919_MOESM3_ESM.pdf,"Country line of Appendix 2024; format per header: Number of reporting centers: total 1st HCT (total all HCT) N allogeneic 1st HCT / N autologous 1st HCT, total 1st CAR-T (total all CAR-T) N allogeneic"
Czech Republic,2019,EBMT activity survey,,patients,,0.28,EBMT published rate per 10 million / 10,,,,,,verified-from-source,"Greco R, Sánchez-Ortega I et al. The 2024 EBMT activity report: crossing one million HCTs and 20,000 CAR-T. A landmark i",https://media.springernature.com/original/springer-static/esm/art%3A10.1038%2Fs41409-026-02919-9/MediaObjects/41409_2026_2919_MOESM2_ESM.docx,Rate per 10 million population as printed (decimal comma in source); patient count for this country-year is not printed in any EBMT survey table (2018-2023 appendices list HCT only); count can be deri
Czech Republic,2020,EBMT activity survey,,patients,,2.9,EBMT published rate per 10 million / 10,,,,,,verified-from-source,"Greco R, Sánchez-Ortega I et al. The 2024 EBMT activity report: crossing one million HCTs and 20,000 CAR-T. A landmark i",https://media.springernature.com/original/springer-static/esm/art%3A10.1038%2Fs41409-026-02919-9/MediaObjects/41409_2026_2919_MOESM2_ESM.docx,Rate per 10 million population as printed (decimal comma in source); patient count for this country-year is not printed in any EBMT survey table (2018-2023 appendices list HCT only); count can be deri
Czech Republic,2021,EBMT activity survey,,patients,,4.67,EBMT published rate per 10 million / 10,,,,,,verified-from-source,"Greco R, Sánchez-Ortega I et al. The 2024 EBMT activity report: crossing one million HCTs and 20,000 CAR-T. A landmark i",https://media.springernature.com/original/springer-static/esm/art%3A10.1038%2Fs41409-026-02919-9/MediaObjects/41409_2026_2919_MOESM2_ESM.docx,Rate per 10 million population as printed (decimal comma in source); patient count for this country-year is not printed in any EBMT survey table (2018-2023 appendices list HCT only); count can be deri
Czech Republic,2022,EBMT activity survey,,patients,,5.13,EBMT published rate per 10 million / 10,,,,,,verified-from-source,"Greco R, Sánchez-Ortega I et al. The 2024 EBMT activity report: crossing one million HCTs and 20,000 CAR-T. A landmark i",https://media.springernature.com/original/springer-static/esm/art%3A10.1038%2Fs41409-026-02919-9/MediaObjects/41409_2026_2919_MOESM2_ESM.docx,Rate per 10 million population as printed (decimal comma in source); patient count for this country-year is not printed in any EBMT survey table (2018-2023 appendices list HCT only); count can be deri
Czech Republic,2023,EBMT activity survey,,patients,,10.62,EBMT published rate per 10 million / 10,,,,,,verified-from-source,"Greco R, Sánchez-Ortega I et al. The 2024 EBMT activity report: crossing one million HCTs and 20,000 CAR-T. A landmark i",https://media.springernature.com/original/springer-static/esm/art%3A10.1038%2Fs41409-026-02919-9/MediaObjects/41409_2026_2919_MOESM2_ESM.docx,Rate per 10 million population as printed (decimal comma in source); patient count for this country-year is not printed in any EBMT survey table (2018-2023 appendices list HCT only); count can be deri
Czech Republic,2024,EBMT activity survey,98,patients,,8.99,EBMT published rate per 10 million / 10,,,,,,verified-from-source,"Greco R, Sánchez-Ortega I et al. The 2024 EBMT activity report: crossing one million HCTs and 20,000 CAR-T. A landmark i",https://media.springernature.com/original/springer-static/esm/art%3A10.1038%2Fs41409-026-02919-9/MediaObjects/41409_2026_2919_MOESM3_ESM.pdf,"Country line of Appendix 2024; format per header: Number of reporting centers: total 1st HCT (total all HCT) N allogeneic 1st HCT / N autologous 1st HCT, total 1st CAR-T (total all CAR-T) N allogeneic"
Czech Republic,2024,EBMT activity survey,102,infusions,,,,,,,,,verified-from-source,"Greco R, Sánchez-Ortega I et al. The 2024 EBMT activity report: crossing one million HCTs and 20,000 CAR-T. A landmark i",https://media.springernature.com/original/springer-static/esm/art%3A10.1038%2Fs41409-026-02919-9/MediaObjects/41409_2026_2919_MOESM3_ESM.pdf,Total all CAR-T (first plus additional infusions) for Czech Republic; first CAR-T 98; fetched 2026-09-05
Denmark,2019,EBMT activity survey,,patients,,0.17,EBMT published rate per 10 million / 10,,,,,,verified-from-source,"Greco R, Sánchez-Ortega I et al. The 2024 EBMT activity report: crossing one million HCTs and 20,000 CAR-T. A landmark i",https://media.springernature.com/original/springer-static/esm/art%3A10.1038%2Fs41409-026-02919-9/MediaObjects/41409_2026_2919_MOESM2_ESM.docx,Rate per 10 million population as printed (decimal comma in source); patient count for this country-year is not printed in any EBMT survey table (2018-2023 appendices list HCT only); count can be deri
Denmark,2020,EBMT activity survey,,patients,,0.52,EBMT published rate per 10 million / 10,,,,,,verified-from-source,"Greco R, Sánchez-Ortega I et al. The 2024 EBMT activity report: crossing one million HCTs and 20,000 CAR-T. A landmark i",https://media.springernature.com/original/springer-static/esm/art%3A10.1038%2Fs41409-026-02919-9/MediaObjects/41409_2026_2919_MOESM2_ESM.docx,Rate per 10 million population as printed (decimal comma in source); patient count for this country-year is not printed in any EBMT survey table (2018-2023 appendices list HCT only); count can be deri
Denmark,2021,EBMT activity survey,,patients,,0.34,EBMT published rate per 10 million / 10,,,,,,verified-from-source,"Greco R, Sánchez-Ortega I et al. The 2024 EBMT activity report: crossing one million HCTs and 20,000 CAR-T. A landmark i",https://media.springernature.com/original/springer-static/esm/art%3A10.1038%2Fs41409-026-02919-9/MediaObjects/41409_2026_2919_MOESM2_ESM.docx,Rate per 10 million population as printed (decimal comma in source); patient count for this country-year is not printed in any EBMT survey table (2018-2023 appendices list HCT only); count can be deri
Denmark,2022,EBMT activity survey,,patients,,1.19,EBMT published rate per 10 million / 10,,,,,,verified-from-source,"Greco R, Sánchez-Ortega I et al. The 2024 EBMT activity report: crossing one million HCTs and 20,000 CAR-T. A landmark i",https://media.springernature.com/original/springer-static/esm/art%3A10.1038%2Fs41409-026-02919-9/MediaObjects/41409_2026_2919_MOESM2_ESM.docx,Rate per 10 million population as printed (decimal comma in source); patient count for this country-year is not printed in any EBMT survey table (2018-2023 appendices list HCT only); count can be deri
Denmark,2023,EBMT activity survey,,patients,,1.01,EBMT published rate per 10 million / 10,,,,,,verified-from-source,"Greco R, Sánchez-Ortega I et al. The 2024 EBMT activity report: crossing one million HCTs and 20,000 CAR-T. A landmark i",https://media.springernature.com/original/springer-static/esm/art%3A10.1038%2Fs41409-026-02919-9/MediaObjects/41409_2026_2919_MOESM2_ESM.docx,Rate per 10 million population as printed (decimal comma in source); patient count for this country-year is not printed in any EBMT survey table (2018-2023 appendices list HCT only); count can be deri
Denmark,2024,EBMT activity survey,30,patients,,5.03,EBMT published rate per 10 million / 10,,,,,,verified-from-source,"Greco R, Sánchez-Ortega I et al. The 2024 EBMT activity report: crossing one million HCTs and 20,000 CAR-T. A landmark i",https://media.springernature.com/original/springer-static/esm/art%3A10.1038%2Fs41409-026-02919-9/MediaObjects/41409_2026_2919_MOESM3_ESM.pdf,"Country line of Appendix 2024; format per header: Number of reporting centers: total 1st HCT (total all HCT) N allogeneic 1st HCT / N autologous 1st HCT, total 1st CAR-T (total all CAR-T) N allogeneic"
Denmark,2024,EBMT activity survey,30,infusions,,,,,,,,,verified-from-source,"Greco R, Sánchez-Ortega I et al. The 2024 EBMT activity report: crossing one million HCTs and 20,000 CAR-T. A landmark i",https://media.springernature.com/original/springer-static/esm/art%3A10.1038%2Fs41409-026-02919-9/MediaObjects/41409_2026_2919_MOESM3_ESM.pdf,Total all CAR-T (first plus additional infusions) for Denmark; first CAR-T 30; fetched 2026-09-05
EU,2018,EBMT activity survey,301,patients,,,,15200,15200,LBCL:15200-15200,2.0,2.0,verified-from-source,"EBMT Activity Survey Poster 2022 (Baldomero H, Passweg JR; Activity Survey Office, Basel)",https://www.ebmt.org/sites/default/files/2024-09/Activity%20survey%20Poster%202022.pdf,Same series printed in Passweg et al. 2024 (PMC11161408) and Passweg et al. 2025 (2018: 301).
EU,2019,EBMT activity survey,1134,patients,,,,15200,15200,LBCL:15200-15200,7.5,7.5,verified-from-source,"EBMT Activity Survey Poster 2022 (Baldomero H, Passweg JR; Activity Survey Office, Basel)",https://www.ebmt.org/sites/default/files/2024-09/Activity%20survey%20Poster%202022.pdf,"Total 1134 = 826 NHL + 252 ALL + 56 myeloma/other as printed on the poster; Passweg et al. 2024 (PMC11161408) and 2025 list 2019: 1,134."
EU,2020,EBMT activity survey,1875,patients,,,,15200,15200,LBCL:15200-15200,12.3,12.3,verified-from-source,"Passweg JR, Baldomero H et al. Hematopoietic cell transplantation and cellular therapies in Europe 2022. CAR-T activity ",https://pmc.ncbi.nlm.nih.gov/articles/PMC11161408/,"The 2021 report (PMC9987384) gives 1,874 for 2020 (+34.7% to 2,524 in 2021); the 2022 and 2023 reports give 1,875. Paraphrase, not a verbatim sentence."
EU,2021,EBMT activity survey,2524,patients,,,,15200,15200,LBCL:15200-15200,16.6,16.6,verified-from-source,"Passweg JR, Baldomero H et al. Hematopoietic cell transplantation and cellular therapies in Europe 2021. The second year",https://pmc.ncbi.nlm.nih.gov/articles/PMC9987384/,"+34.7% vs 2020. Median patients per country 30; median CAR-T rate 29.3 per 10 million; range 2.0 (Ireland) to 142 (Israel) per 10 million. Median rate 6.98 in countries with GNI < 40,000 USD vs 47.3 w"
EU,2022,EBMT activity survey,3205,patients,,,,15200,15200,LBCL:15200-15200,21.1,21.1,verified-from-source,"Passweg JR, Baldomero H et al. Hematopoietic cell transplantation and cellular therapies in Europe 2022. CAR-T activity ",https://pmc.ncbi.nlm.nih.gov/articles/PMC11161408/,Median patients per country 28 (range 1-221 as printed; the upper bound conflicts with Germany's 659 in the DRST/EBMT survey) and median CAR-T rate 33.1 per 10 million. 52 allogeneic CAR-T patients in
EU,2023,EBMT activity survey,4888,patients,,,,15200,15200,LBCL:15200-15200,32.2,32.2,verified-from-source,"2023 EBMT Activity Survey poster, EBMT 2025 Annual Meeting (Atlija M, Kleovoulou I, Baldomero H, Passweg JR)",https://www.ebmt.org/sites/default/files/2025-12/EBMT%202025%20Annual%20Meeting%20Poster%20Activity%20Survey.pdf,"Paper (PMC11971038) confirms 4,888 in 2023 (+52.5% vs 2022; 16.2-fold since 2018). Median patients per country 47 (range 1-1160; the maximum equals Germany's 1160 in the DRST/EBMT survey); median CAR-"
EU,2024,EBMT activity survey,6082,patients,,,,15200,15200,LBCL:15200-15200,40.0,40.0,verified-from-source,"Passweg JR, Baldomero H, Bader P et al. The 2024 EBMT activity report: crossing one million HCTs and 20,000 CAR-T. A lan",https://www.ebi.ac.uk/europepmc/webservices/rest/PMC13349854/fullTextXML,"Whole survey: 688 centres in 53 countries; number of CAR-T centres not separately extracted. Main text gives lymphoma about 70%, multiple myeloma 18%, ALL 8%; 91 CAR-T for solid tumours; autoimmune CA"
EU,2024,EBMT activity survey,6090,patients,,,,15200,15200,LBCL:15200-15200,40.1,40.1,verified-from-source,"Greco R, Sánchez-Ortega I et al. The 2024 EBMT activity report: crossing one million HCTs and 20,000 CAR-T. A landmark i",https://media.springernature.com/original/springer-static/esm/art%3A10.1038%2Fs41409-026-02919-9/MediaObjects/41409_2026_2919_MOESM3_ESM.pdf,"Appendix header: Number of reporting centers: total 1st HCT (total all HCT) N allogeneic 1st HCT / N autologous 1st HCT, total 1st CAR-T (total all CAR-T) N allogeneic 1st CAR-T / N autologous 1st CAR"
EU,2024,EBMT activity survey,6204,infusions,,,,15200,15200,LBCL:15200-15200,40.8,40.8,verified-from-source,"Greco R, Sánchez-Ortega I et al. The 2024 EBMT activity report: crossing one million HCTs and 20,000 CAR-T. A landmark i",https://media.springernature.com/original/springer-static/esm/art%3A10.1038%2Fs41409-026-02919-9/MediaObjects/41409_2026_2919_MOESM3_ESM.pdf,Total all CAR-T (first plus additional infusions) from appendix Europe line; see notes on the patients row; fetched 2026-09-05
EU,2024,EBMT activity survey,6196,infusions,,,,15200,15200,LBCL:15200-15200,40.8,40.8,verified-from-source,"Greco R, Sánchez-Ortega I et al. The 2024 EBMT activity report: crossing one million HCTs and 20,000 CAR-T. A landmark i",https://www.nature.com/articles/s41409-026-02919-9,Paper body (CAR-T therapy rates section); 6082 first infusions plus 114 subsequent therapies; 278 centres from 30 countries; fetched 2026-09-05
Estonia,2024,EBMT activity survey,0,patients,,,,,,,,,verified-from-source,"Greco R, Sánchez-Ortega I et al. The 2024 EBMT activity report: crossing one million HCTs and 20,000 CAR-T. A landmark i",https://media.springernature.com/original/springer-static/esm/art%3A10.1038%2Fs41409-026-02919-9/MediaObjects/41409_2026_2919_MOESM3_ESM.pdf,"Country line of Appendix 2024; format per header: Number of reporting centers: total 1st HCT (total all HCT) N allogeneic 1st HCT / N autologous 1st HCT, total 1st CAR-T (total all CAR-T) N allogeneic"
Finland,2019,EBMT activity survey,,patients,,0.54,EBMT published rate per 10 million / 10,,,,,,verified-from-source,"Greco R, Sánchez-Ortega I et al. The 2024 EBMT activity report: crossing one million HCTs and 20,000 CAR-T. A landmark i",https://media.springernature.com/original/springer-static/esm/art%3A10.1038%2Fs41409-026-02919-9/MediaObjects/41409_2026_2919_MOESM2_ESM.docx,Rate per 10 million population as printed (decimal comma in source); patient count for this country-year is not printed in any EBMT survey table (2018-2023 appendices list HCT only); count can be deri
Finland,2020,EBMT activity survey,,patients,,1.63,EBMT published rate per 10 million / 10,,,,,,verified-from-source,"Greco R, Sánchez-Ortega I et al. The 2024 EBMT activity report: crossing one million HCTs and 20,000 CAR-T. A landmark i",https://media.springernature.com/original/springer-static/esm/art%3A10.1038%2Fs41409-026-02919-9/MediaObjects/41409_2026_2919_MOESM2_ESM.docx,Rate per 10 million population as printed (decimal comma in source); patient count for this country-year is not printed in any EBMT survey table (2018-2023 appendices list HCT only); count can be deri
Finland,2021,EBMT activity survey,,patients,,1.45,EBMT published rate per 10 million / 10,,,,,,verified-from-source,"Greco R, Sánchez-Ortega I et al. The 2024 EBMT activity report: crossing one million HCTs and 20,000 CAR-T. A landmark i",https://media.springernature.com/original/springer-static/esm/art%3A10.1038%2Fs41409-026-02919-9/MediaObjects/41409_2026_2919_MOESM2_ESM.docx,Rate per 10 million population as printed (decimal comma in source); patient count for this country-year is not printed in any EBMT survey table (2018-2023 appendices list HCT only); count can be deri
Finland,2022,EBMT activity survey,,patients,,1.8,EBMT published rate per 10 million / 10,,,,,,verified-from-source,"Greco R, Sánchez-Ortega I et al. The 2024 EBMT activity report: crossing one million HCTs and 20,000 CAR-T. A landmark i",https://media.springernature.com/original/springer-static/esm/art%3A10.1038%2Fs41409-026-02919-9/MediaObjects/41409_2026_2919_MOESM2_ESM.docx,Rate per 10 million population as printed (decimal comma in source); patient count for this country-year is not printed in any EBMT survey table (2018-2023 appendices list HCT only); count can be deri
Finland,2023,EBMT activity survey,,patients,,2.88,EBMT published rate per 10 million / 10,,,,,,verified-from-source,"Greco R, Sánchez-Ortega I et al. The 2024 EBMT activity report: crossing one million HCTs and 20,000 CAR-T. A landmark i",https://media.springernature.com/original/springer-static/esm/art%3A10.1038%2Fs41409-026-02919-9/MediaObjects/41409_2026_2919_MOESM2_ESM.docx,Rate per 10 million population as printed (decimal comma in source); patient count for this country-year is not printed in any EBMT survey table (2018-2023 appendices list HCT only); count can be deri
Finland,2024,EBMT activity survey,34,patients,,6.07,EBMT published rate per 10 million / 10,,,,,,verified-from-source,"Greco R, Sánchez-Ortega I et al. The 2024 EBMT activity report: crossing one million HCTs and 20,000 CAR-T. A landmark i",https://media.springernature.com/original/springer-static/esm/art%3A10.1038%2Fs41409-026-02919-9/MediaObjects/41409_2026_2919_MOESM3_ESM.pdf,"Country line of Appendix 2024; format per header: Number of reporting centers: total 1st HCT (total all HCT) N allogeneic 1st HCT / N autologous 1st HCT, total 1st CAR-T (total all CAR-T) N allogeneic"
Finland,2024,EBMT activity survey,35,infusions,,,,,,,,,verified-from-source,"Greco R, Sánchez-Ortega I et al. The 2024 EBMT activity report: crossing one million HCTs and 20,000 CAR-T. A landmark i",https://media.springernature.com/original/springer-static/esm/art%3A10.1038%2Fs41409-026-02919-9/MediaObjects/41409_2026_2919_MOESM3_ESM.pdf,Total all CAR-T (first plus additional infusions) for Finland; first CAR-T 34; fetched 2026-09-05
France,2018,EBMT activity survey,,patients,67158348,0.69,EBMT published rate per 10 million / 10,1342,2202,LBCL:602-602; MM:740-1600,,,verified-from-source,"Greco R, Sánchez-Ortega I et al. The 2024 EBMT activity report: crossing one million HCTs and 20,000 CAR-T. A landmark i",https://media.springernature.com/original/springer-static/esm/art%3A10.1038%2Fs41409-026-02919-9/MediaObjects/41409_2026_2919_MOESM2_ESM.docx,Rate per 10 million population as printed (decimal comma in source); patient count for this country-year is not printed in any EBMT survey table (2018-2023 appendices list HCT only); count can be deri
France,2019,EBMT activity survey,,patients,67382061,3.11,EBMT published rate per 10 million / 10,1342,2202,LBCL:602-602; MM:740-1600,,,verified-from-source,"Greco R, Sánchez-Ortega I et al. The 2024 EBMT activity report: crossing one million HCTs and 20,000 CAR-T. A landmark i",https://media.springernature.com/original/springer-static/esm/art%3A10.1038%2Fs41409-026-02919-9/MediaObjects/41409_2026_2919_MOESM2_ESM.docx,Rate per 10 million population as printed (decimal comma in source); patient count for this country-year is not printed in any EBMT survey table (2018-2023 appendices list HCT only); count can be deri
France,2020,EBMT activity survey,,patients,67601110,4.28,EBMT published rate per 10 million / 10,1342,2202,LBCL:602-602; MM:740-1600,,,verified-from-source,"Greco R, Sánchez-Ortega I et al. The 2024 EBMT activity report: crossing one million HCTs and 20,000 CAR-T. A landmark i",https://media.springernature.com/original/springer-static/esm/art%3A10.1038%2Fs41409-026-02919-9/MediaObjects/41409_2026_2919_MOESM2_ESM.docx,Rate per 10 million population as printed (decimal comma in source); patient count for this country-year is not printed in any EBMT survey table (2018-2023 appendices list HCT only); count can be deri
France,2021,EBMT activity survey,,patients,67842811,6.04,EBMT published rate per 10 million / 10,1342,2202,LBCL:602-602; MM:740-1600,,,verified-from-source,"Greco R, Sánchez-Ortega I et al. The 2024 EBMT activity report: crossing one million HCTs and 20,000 CAR-T. A landmark i",https://media.springernature.com/original/springer-static/esm/art%3A10.1038%2Fs41409-026-02919-9/MediaObjects/41409_2026_2919_MOESM2_ESM.docx,Rate per 10 million population as printed (decimal comma in source); patient count for this country-year is not printed in any EBMT survey table (2018-2023 appendices list HCT only); count can be deri
France,2022,EBMT activity survey,,patients,68184457,8.9,EBMT published rate per 10 million / 10,1342,2202,LBCL:602-602; MM:740-1600,,,verified-from-source,"Passweg JR, Baldomero H et al. Hematopoietic cell transplantation and cellular therapies in Europe 2022. CAR-T activity ",https://pmc.ncbi.nlm.nih.gov/articles/PMC11161408/,Only these five countries are named in the text; patient counts per country are not printed. Germany count from the same survey is 659 (see DRST rows).
France,2022,EBMT activity survey,,patients,68184457,8.88,EBMT published rate per 10 million / 10,1342,2202,LBCL:602-602; MM:740-1600,,,verified-from-source,"Greco R, Sánchez-Ortega I et al. The 2024 EBMT activity report: crossing one million HCTs and 20,000 CAR-T. A landmark i",https://media.springernature.com/original/springer-static/esm/art%3A10.1038%2Fs41409-026-02919-9/MediaObjects/41409_2026_2919_MOESM2_ESM.docx,Rate per 10 million population as printed (decimal comma in source); patient count for this country-year is not printed in any EBMT survey table (2018-2023 appendices list HCT only); count can be deri
France,2023,EBMT activity survey,,patients,68372286,12.43,EBMT published rate per 10 million / 10,1342,2202,LBCL:602-602; MM:740-1600,,,verified-from-source,"Greco R, Sánchez-Ortega I et al. The 2024 EBMT activity report: crossing one million HCTs and 20,000 CAR-T. A landmark i",https://media.springernature.com/original/springer-static/esm/art%3A10.1038%2Fs41409-026-02919-9/MediaObjects/41409_2026_2919_MOESM2_ESM.docx,Rate per 10 million population as printed (decimal comma in source); patient count for this country-year is not printed in any EBMT survey table (2018-2023 appendices list HCT only); count can be deri
France,2024,EBMT activity survey,1093,patients,68551653,15.94,count / World Bank population,1342,2202,LBCL:602-602; MM:740-1600,49.6,81.4,verified-from-source,"Greco R, Sánchez-Ortega I et al. The 2024 EBMT activity report: crossing one million HCTs and 20,000 CAR-T. A landmark i",https://media.springernature.com/original/springer-static/esm/art%3A10.1038%2Fs41409-026-02919-9/MediaObjects/41409_2026_2919_MOESM3_ESM.pdf,"Country line of Appendix 2024; format per header: Number of reporting centers: total 1st HCT (total all HCT) N allogeneic 1st HCT / N autologous 1st HCT, total 1st CAR-T (total all CAR-T) N allogeneic"
France,2024,EBMT activity survey,1102,infusions,68551653,16.08,count / World Bank population,1342,2202,LBCL:602-602; MM:740-1600,50.0,82.1,verified-from-source,"Greco R, Sánchez-Ortega I et al. The 2024 EBMT activity report: crossing one million HCTs and 20,000 CAR-T. A landmark i",https://media.springernature.com/original/springer-static/esm/art%3A10.1038%2Fs41409-026-02919-9/MediaObjects/41409_2026_2919_MOESM3_ESM.pdf,Total all CAR-T (first plus additional infusions) for France; first CAR-T 1093; fetched 2026-09-05
Georgia,2024,EBMT activity survey,0,patients,,,,,,,,,verified-from-source,"Greco R, Sánchez-Ortega I et al. The 2024 EBMT activity report: crossing one million HCTs and 20,000 CAR-T. A landmark i",https://media.springernature.com/original/springer-static/esm/art%3A10.1038%2Fs41409-026-02919-9/MediaObjects/41409_2026_2919_MOESM3_ESM.pdf,"Country line of Appendix 2024; format per header: Number of reporting centers: total 1st HCT (total all HCT) N allogeneic 1st HCT / N autologous 1st HCT, total 1st CAR-T (total all CAR-T) N allogeneic"
Germany,2018,EBMT activity survey,,patients,82905782,0.57,EBMT published rate per 10 million / 10,2065,9080,ALL:50-200; FL:370-840; LBCL:440-2640; MCL:105-150; MM:1100-5250,,,verified-from-source,"Greco R, Sánchez-Ortega I et al. The 2024 EBMT activity report: crossing one million HCTs and 20,000 CAR-T. A landmark i",https://media.springernature.com/original/springer-static/esm/art%3A10.1038%2Fs41409-026-02919-9/MediaObjects/41409_2026_2919_MOESM2_ESM.docx,Rate per 10 million population as printed (decimal comma in source); patient count for this country-year is not printed in any EBMT survey table (2018-2023 appendices list HCT only); count can be deri
Germany,2019,EBMT activity survey,,patients,83092962,3.04,EBMT published rate per 10 million / 10,2065,9080,ALL:50-200; FL:370-840; LBCL:440-2640; MCL:105-150; MM:1100-5250,,,verified-from-source,"Greco R, Sánchez-Ortega I et al. The 2024 EBMT activity report: crossing one million HCTs and 20,000 CAR-T. A landmark i",https://media.springernature.com/original/springer-static/esm/art%3A10.1038%2Fs41409-026-02919-9/MediaObjects/41409_2026_2919_MOESM2_ESM.docx,Rate per 10 million population as printed (decimal comma in source); patient count for this country-year is not printed in any EBMT survey table (2018-2023 appendices list HCT only); count can be deri
Germany,2020,EBMT activity survey,,patients,83160871,4.5,EBMT published rate per 10 million / 10,2065,9080,ALL:50-200; FL:370-840; LBCL:440-2640; MCL:105-150; MM:1100-5250,,,verified-from-source,"Greco R, Sánchez-Ortega I et al. The 2024 EBMT activity report: crossing one million HCTs and 20,000 CAR-T. A landmark i",https://media.springernature.com/original/springer-static/esm/art%3A10.1038%2Fs41409-026-02919-9/MediaObjects/41409_2026_2919_MOESM2_ESM.docx,Rate per 10 million population as printed (decimal comma in source); patient count for this country-year is not printed in any EBMT survey table (2018-2023 appendices list HCT only); count can be deri
Germany,2021,DRST / DRST-EBMT activity survey,437,patients,83196078,5.25,count / World Bank population,2065,9080,ALL:50-200; FL:370-840; LBCL:440-2640; MCL:105-150; MM:1100-5250,4.8,21.2,verified-from-source,"DRST (Deutsches Register fuer haematopoetische Stammzelltransplantation und Zelltherapie) Jahresbericht 2025, section 3.",https://drst.de/wp-content/uploads/2026/07/DRST_JB_2025_final.pdf,Source: DRST/EBMT Survey on Transplant and Cellular Therapy Activity (the German input to the EBMT survey). Up to survey 2023 = patients receiving one or more CAR-T in the year; from survey 2024 = fir
Germany,2021,"EBMT Registry (Germany, DRST-documented)",318,infusions,83196078,3.82,count / World Bank population,2065,9080,ALL:50-200; FL:370-840; LBCL:440-2640; MCL:105-150; MM:1100-5250,3.5,15.4,verified-from-source,"DRST (Deutsches Register fuer haematopoetische Stammzelltransplantation und Zelltherapie) Jahresbericht 2025, section 3.",https://drst.de/wp-content/uploads/2026/07/DRST_JB_2025_final.pdf,"Number of first and additional CAR-T therapies documented in the EBMT Registry (patient-level, mandatory under the G-BA decision for commercial products) for Germany; lower than the activity-survey co"
Germany,2021,EBMT activity survey,,patients,83196078,5.17,EBMT published rate per 10 million / 10,2065,9080,ALL:50-200; FL:370-840; LBCL:440-2640; MCL:105-150; MM:1100-5250,,,verified-from-source,"Greco R, Sánchez-Ortega I et al. The 2024 EBMT activity report: crossing one million HCTs and 20,000 CAR-T. A landmark i",https://media.springernature.com/original/springer-static/esm/art%3A10.1038%2Fs41409-026-02919-9/MediaObjects/41409_2026_2919_MOESM2_ESM.docx,Rate per 10 million population as printed (decimal comma in source); patient count for this country-year is not printed in any EBMT survey table (2018-2023 appendices list HCT only); count can be deri
Germany,2022,DRST / DRST-EBMT activity survey,659,patients,83177813,7.92,count / World Bank population,2065,9080,ALL:50-200; FL:370-840; LBCL:440-2640; MCL:105-150; MM:1100-5250,7.3,31.9,verified-from-source,"DRST (Deutsches Register fuer haematopoetische Stammzelltransplantation und Zelltherapie) Jahresbericht 2025, section 3.",https://drst.de/wp-content/uploads/2026/07/DRST_JB_2025_final.pdf,Source: DRST/EBMT Survey on Transplant and Cellular Therapy Activity (the German input to the EBMT survey). Up to survey 2023 = patients receiving one or more CAR-T in the year; from survey 2024 = fir
Germany,2022,"EBMT Registry (Germany, DRST-documented)",554,infusions,83177813,6.66,count / World Bank population,2065,9080,ALL:50-200; FL:370-840; LBCL:440-2640; MCL:105-150; MM:1100-5250,6.1,26.8,verified-from-source,"DRST (Deutsches Register fuer haematopoetische Stammzelltransplantation und Zelltherapie) Jahresbericht 2025, section 3.",https://drst.de/wp-content/uploads/2026/07/DRST_JB_2025_final.pdf,"Number of first and additional CAR-T therapies documented in the EBMT Registry (patient-level, mandatory under the G-BA decision for commercial products) for Germany; lower than the activity-survey co"
Germany,2022,EBMT activity survey,,patients,83177813,7.9,EBMT published rate per 10 million / 10,2065,9080,ALL:50-200; FL:370-840; LBCL:440-2640; MCL:105-150; MM:1100-5250,,,verified-from-source,"Passweg JR, Baldomero H et al. Hematopoietic cell transplantation and cellular therapies in Europe 2022. CAR-T activity ",https://pmc.ncbi.nlm.nih.gov/articles/PMC11161408/,Only these five countries are named in the text; patient counts per country are not printed. Germany count from the same survey is 659 (see DRST rows).
Germany,2022,EBMT activity survey,,patients,83177813,7.92,EBMT published rate per 10 million / 10,2065,9080,ALL:50-200; FL:370-840; LBCL:440-2640; MCL:105-150; MM:1100-5250,,,verified-from-source,"Greco R, Sánchez-Ortega I et al. The 2024 EBMT activity report: crossing one million HCTs and 20,000 CAR-T. A landmark i",https://media.springernature.com/original/springer-static/esm/art%3A10.1038%2Fs41409-026-02919-9/MediaObjects/41409_2026_2919_MOESM2_ESM.docx,Rate per 10 million population as printed (decimal comma in source); patient count for this country-year is not printed in any EBMT survey table (2018-2023 appendices list HCT only); count can be deri
Germany,2023,DRST / DRST-EBMT activity survey,1160,patients,83287273,13.93,count / World Bank population,2065,9080,ALL:50-200; FL:370-840; LBCL:440-2640; MCL:105-150; MM:1100-5250,12.8,56.2,verified-from-source,"DRST (Deutsches Register fuer haematopoetische Stammzelltransplantation und Zelltherapie) Jahresbericht 2025, section 3.",https://drst.de/wp-content/uploads/2026/07/DRST_JB_2025_final.pdf,Source: DRST/EBMT Survey on Transplant and Cellular Therapy Activity (the German input to the EBMT survey). Up to survey 2023 = patients receiving one or more CAR-T in the year; from survey 2024 = fir
Germany,2023,"EBMT Registry (Germany, DRST-documented)",947,infusions,83287273,11.37,count / World Bank population,2065,9080,ALL:50-200; FL:370-840; LBCL:440-2640; MCL:105-150; MM:1100-5250,10.4,45.9,verified-from-source,"DRST (Deutsches Register fuer haematopoetische Stammzelltransplantation und Zelltherapie) Jahresbericht 2025, section 3.",https://drst.de/wp-content/uploads/2026/07/DRST_JB_2025_final.pdf,"Number of first and additional CAR-T therapies documented in the EBMT Registry (patient-level, mandatory under the G-BA decision for commercial products) for Germany; lower than the activity-survey co"
Germany,2023,EBMT activity survey,,patients,83287273,13.96,EBMT published rate per 10 million / 10,2065,9080,ALL:50-200; FL:370-840; LBCL:440-2640; MCL:105-150; MM:1100-5250,,,verified-from-source,"Greco R, Sánchez-Ortega I et al. The 2024 EBMT activity report: crossing one million HCTs and 20,000 CAR-T. A landmark i",https://media.springernature.com/original/springer-static/esm/art%3A10.1038%2Fs41409-026-02919-9/MediaObjects/41409_2026_2919_MOESM2_ESM.docx,Rate per 10 million population as printed (decimal comma in source); patient count for this country-year is not printed in any EBMT survey table (2018-2023 appendices list HCT only); count can be deri
Germany,2024,DRST / DRST-EBMT activity survey,1439,patients,83516593,17.23,count / World Bank population,2065,9080,ALL:50-200; FL:370-840; LBCL:440-2640; MCL:105-150; MM:1100-5250,15.8,69.7,verified-from-source,"DRST (Deutsches Register fuer haematopoetische Stammzelltransplantation und Zelltherapie) Jahresbericht 2025, section 3.",https://drst.de/wp-content/uploads/2026/07/DRST_JB_2025_final.pdf,Source: DRST/EBMT Survey on Transplant and Cellular Therapy Activity (the German input to the EBMT survey). Up to survey 2023 = patients receiving one or more CAR-T in the year; from survey 2024 = fir
Germany,2024,"EBMT Registry (Germany, DRST-documented)",1189,infusions,83516593,14.24,count / World Bank population,2065,9080,ALL:50-200; FL:370-840; LBCL:440-2640; MCL:105-150; MM:1100-5250,13.1,57.6,verified-from-source,"DRST (Deutsches Register fuer haematopoetische Stammzelltransplantation und Zelltherapie) Jahresbericht 2025, section 3.",https://drst.de/wp-content/uploads/2026/07/DRST_JB_2025_final.pdf,"Number of first and additional CAR-T therapies documented in the EBMT Registry (patient-level, mandatory under the G-BA decision for commercial products) for Germany; lower than the activity-survey co"
Germany,2024,EBMT activity survey,1439,patients,83516593,17.23,count / World Bank population,2065,9080,ALL:50-200; FL:370-840; LBCL:440-2640; MCL:105-150; MM:1100-5250,15.8,69.7,verified-from-source,"Greco R, Sánchez-Ortega I et al. The 2024 EBMT activity report: crossing one million HCTs and 20,000 CAR-T. A landmark i",https://media.springernature.com/original/springer-static/esm/art%3A10.1038%2Fs41409-026-02919-9/MediaObjects/41409_2026_2919_MOESM3_ESM.pdf,"Country line of Appendix 2024; format per header: Number of reporting centers: total 1st HCT (total all HCT) N allogeneic 1st HCT / N autologous 1st HCT, total 1st CAR-T (total all CAR-T) N allogeneic"
Germany,2024,EBMT activity survey,1467,infusions,83516593,17.57,count / World Bank population,2065,9080,ALL:50-200; FL:370-840; LBCL:440-2640; MCL:105-150; MM:1100-5250,16.2,71.0,verified-from-source,"Greco R, Sánchez-Ortega I et al. The 2024 EBMT activity report: crossing one million HCTs and 20,000 CAR-T. A landmark i",https://media.springernature.com/original/springer-static/esm/art%3A10.1038%2Fs41409-026-02919-9/MediaObjects/41409_2026_2919_MOESM3_ESM.pdf,Total all CAR-T (first plus additional infusions) for Germany; first CAR-T 1439; fetched 2026-09-05
Germany,2025,DRST / DRST-EBMT activity survey,1820,patients,83491249,21.8,count / World Bank population,2065,9080,ALL:50-200; FL:370-840; LBCL:440-2640; MCL:105-150; MM:1100-5250,20.0,88.1,verified-from-source,"DRST (Deutsches Register fuer haematopoetische Stammzelltransplantation und Zelltherapie) Jahresbericht 2025, section 3.",https://drst.de/wp-content/uploads/2026/07/DRST_JB_2025_final.pdf,Source: DRST/EBMT Survey on Transplant and Cellular Therapy Activity (the German input to the EBMT survey). Up to survey 2023 = patients receiving one or more CAR-T in the year; from survey 2024 = fir
Germany,2025,"EBMT Registry (Germany, DRST-documented)",1357,infusions,83491249,16.25,count / World Bank population,2065,9080,ALL:50-200; FL:370-840; LBCL:440-2640; MCL:105-150; MM:1100-5250,14.9,65.7,verified-from-source,"DRST (Deutsches Register fuer haematopoetische Stammzelltransplantation und Zelltherapie) Jahresbericht 2025, section 3.",https://drst.de/wp-content/uploads/2026/07/DRST_JB_2025_final.pdf,"Number of first and additional CAR-T therapies documented in the EBMT Registry (patient-level, mandatory under the G-BA decision for commercial products) for Germany; lower than the activity-survey co"
Greece,2020,EBMT activity survey,,patients,,1.77,EBMT published rate per 10 million / 10,,,,,,verified-from-source,"Greco R, Sánchez-Ortega I et al. The 2024 EBMT activity report: crossing one million HCTs and 20,000 CAR-T. A landmark i",https://media.springernature.com/original/springer-static/esm/art%3A10.1038%2Fs41409-026-02919-9/MediaObjects/41409_2026_2919_MOESM2_ESM.docx,Rate per 10 million population as printed (decimal comma in source); patient count for this country-year is not printed in any EBMT survey table (2018-2023 appendices list HCT only); count can be deri
Greece,2021,EBMT activity survey,,patients,,1.5,EBMT published rate per 10 million / 10,,,,,,verified-from-source,"Greco R, Sánchez-Ortega I et al. The 2024 EBMT activity report: crossing one million HCTs and 20,000 CAR-T. A landmark i",https://media.springernature.com/original/springer-static/esm/art%3A10.1038%2Fs41409-026-02919-9/MediaObjects/41409_2026_2919_MOESM2_ESM.docx,Rate per 10 million population as printed (decimal comma in source); patient count for this country-year is not printed in any EBMT survey table (2018-2023 appendices list HCT only); count can be deri
Greece,2022,EBMT activity survey,,patients,,3.63,EBMT published rate per 10 million / 10,,,,,,verified-from-source,"Greco R, Sánchez-Ortega I et al. The 2024 EBMT activity report: crossing one million HCTs and 20,000 CAR-T. A landmark i",https://media.springernature.com/original/springer-static/esm/art%3A10.1038%2Fs41409-026-02919-9/MediaObjects/41409_2026_2919_MOESM2_ESM.docx,Rate per 10 million population as printed (decimal comma in source); patient count for this country-year is not printed in any EBMT survey table (2018-2023 appendices list HCT only); count can be deri
Greece,2023,EBMT activity survey,,patients,,5.09,EBMT published rate per 10 million / 10,,,,,,verified-from-source,"Greco R, Sánchez-Ortega I et al. The 2024 EBMT activity report: crossing one million HCTs and 20,000 CAR-T. A landmark i",https://media.springernature.com/original/springer-static/esm/art%3A10.1038%2Fs41409-026-02919-9/MediaObjects/41409_2026_2919_MOESM2_ESM.docx,Rate per 10 million population as printed (decimal comma in source); patient count for this country-year is not printed in any EBMT survey table (2018-2023 appendices list HCT only); count can be deri
Greece,2024,EBMT activity survey,53,patients,,5.1,EBMT published rate per 10 million / 10,,,,,,verified-from-source,"Greco R, Sánchez-Ortega I et al. The 2024 EBMT activity report: crossing one million HCTs and 20,000 CAR-T. A landmark i",https://media.springernature.com/original/springer-static/esm/art%3A10.1038%2Fs41409-026-02919-9/MediaObjects/41409_2026_2919_MOESM3_ESM.pdf,"Country line of Appendix 2024; format per header: Number of reporting centers: total 1st HCT (total all HCT) N allogeneic 1st HCT / N autologous 1st HCT, total 1st CAR-T (total all CAR-T) N allogeneic"
Greece,2024,EBMT activity survey,53,infusions,,,,,,,,,verified-from-source,"Greco R, Sánchez-Ortega I et al. The 2024 EBMT activity report: crossing one million HCTs and 20,000 CAR-T. A landmark i",https://media.springernature.com/original/springer-static/esm/art%3A10.1038%2Fs41409-026-02919-9/MediaObjects/41409_2026_2919_MOESM3_ESM.pdf,Total all CAR-T (first plus additional infusions) for Greece; first CAR-T 53; fetched 2026-09-05
Hungary,2023,EBMT activity survey,,patients,,0.21,EBMT published rate per 10 million / 10,,,,,,verified-from-source,"Greco R, Sánchez-Ortega I et al. The 2024 EBMT activity report: crossing one million HCTs and 20,000 CAR-T. A landmark i",https://media.springernature.com/original/springer-static/esm/art%3A10.1038%2Fs41409-026-02919-9/MediaObjects/41409_2026_2919_MOESM2_ESM.docx,Rate per 10 million population as printed (decimal comma in source); patient count for this country-year is not printed in any EBMT survey table (2018-2023 appendices list HCT only); count can be deri
Hungary,2024,EBMT activity survey,6,patients,,0.63,EBMT published rate per 10 million / 10,,,,,,verified-from-source,"Greco R, Sánchez-Ortega I et al. The 2024 EBMT activity report: crossing one million HCTs and 20,000 CAR-T. A landmark i",https://media.springernature.com/original/springer-static/esm/art%3A10.1038%2Fs41409-026-02919-9/MediaObjects/41409_2026_2919_MOESM3_ESM.pdf,"Country line of Appendix 2024; format per header: Number of reporting centers: total 1st HCT (total all HCT) N allogeneic 1st HCT / N autologous 1st HCT, total 1st CAR-T (total all CAR-T) N allogeneic"
Hungary,2024,EBMT activity survey,6,infusions,,,,,,,,,verified-from-source,"Greco R, Sánchez-Ortega I et al. The 2024 EBMT activity report: crossing one million HCTs and 20,000 CAR-T. A landmark i",https://media.springernature.com/original/springer-static/esm/art%3A10.1038%2Fs41409-026-02919-9/MediaObjects/41409_2026_2919_MOESM3_ESM.pdf,Total all CAR-T (first plus additional infusions) for Hungary; first CAR-T 6; fetched 2026-09-05
Iceland,2024,EBMT activity survey,0,patients,,,,,,,,,verified-from-source,"Greco R, Sánchez-Ortega I et al. The 2024 EBMT activity report: crossing one million HCTs and 20,000 CAR-T. A landmark i",https://media.springernature.com/original/springer-static/esm/art%3A10.1038%2Fs41409-026-02919-9/MediaObjects/41409_2026_2919_MOESM3_ESM.pdf,"Country line of Appendix 2024; format per header: Number of reporting centers: total 1st HCT (total all HCT) N allogeneic 1st HCT / N autologous 1st HCT, total 1st CAR-T (total all CAR-T) N allogeneic"
Iran,2022,EBMT activity survey,,patients,,0.01,EBMT published rate per 10 million / 10,,,,,,verified-from-source,"Greco R, Sánchez-Ortega I et al. The 2024 EBMT activity report: crossing one million HCTs and 20,000 CAR-T. A landmark i",https://media.springernature.com/original/springer-static/esm/art%3A10.1038%2Fs41409-026-02919-9/MediaObjects/41409_2026_2919_MOESM2_ESM.docx,Rate per 10 million population as printed (decimal comma in source); patient count for this country-year is not printed in any EBMT survey table (2018-2023 appendices list HCT only); count can be deri
Iran,2023,EBMT activity survey,,patients,,0.01,EBMT published rate per 10 million / 10,,,,,,verified-from-source,"Greco R, Sánchez-Ortega I et al. The 2024 EBMT activity report: crossing one million HCTs and 20,000 CAR-T. A landmark i",https://media.springernature.com/original/springer-static/esm/art%3A10.1038%2Fs41409-026-02919-9/MediaObjects/41409_2026_2919_MOESM2_ESM.docx,Rate per 10 million population as printed (decimal comma in source); patient count for this country-year is not printed in any EBMT survey table (2018-2023 appendices list HCT only); count can be deri
Iran,2024,EBMT activity survey,3,patients,,0.03,EBMT published rate per 10 million / 10,,,,,,verified-from-source,"Greco R, Sánchez-Ortega I et al. The 2024 EBMT activity report: crossing one million HCTs and 20,000 CAR-T. A landmark i",https://media.springernature.com/original/springer-static/esm/art%3A10.1038%2Fs41409-026-02919-9/MediaObjects/41409_2026_2919_MOESM3_ESM.pdf,"Country line of Appendix 2024; format per header: Number of reporting centers: total 1st HCT (total all HCT) N allogeneic 1st HCT / N autologous 1st HCT, total 1st CAR-T (total all CAR-T) N allogeneic"
Iran,2024,EBMT activity survey,3,infusions,,,,,,,,,verified-from-source,"Greco R, Sánchez-Ortega I et al. The 2024 EBMT activity report: crossing one million HCTs and 20,000 CAR-T. A landmark i",https://media.springernature.com/original/springer-static/esm/art%3A10.1038%2Fs41409-026-02919-9/MediaObjects/41409_2026_2919_MOESM3_ESM.pdf,Total all CAR-T (first plus additional infusions) for Iran; first CAR-T 3; fetched 2026-09-05
Iraq,2024,EBMT activity survey,0,patients,,,,,,,,,verified-from-source,"Greco R, Sánchez-Ortega I et al. The 2024 EBMT activity report: crossing one million HCTs and 20,000 CAR-T. A landmark i",https://media.springernature.com/original/springer-static/esm/art%3A10.1038%2Fs41409-026-02919-9/MediaObjects/41409_2026_2919_MOESM3_ESM.pdf,"Country line of Appendix 2024; format per header: Number of reporting centers: total 1st HCT (total all HCT) N allogeneic 1st HCT / N autologous 1st HCT, total 1st CAR-T (total all CAR-T) N allogeneic"
Ireland,2021,EBMT activity survey,,patients,,0.2,EBMT published rate per 10 million / 10,,,,,,verified-from-source,"Greco R, Sánchez-Ortega I et al. The 2024 EBMT activity report: crossing one million HCTs and 20,000 CAR-T. A landmark i",https://media.springernature.com/original/springer-static/esm/art%3A10.1038%2Fs41409-026-02919-9/MediaObjects/41409_2026_2919_MOESM2_ESM.docx,Rate per 10 million population as printed (decimal comma in source); patient count for this country-year is not printed in any EBMT survey table (2018-2023 appendices list HCT only); count can be deri
Ireland,2022,EBMT activity survey,,patients,,4.66,EBMT published rate per 10 million / 10,,,,,,verified-from-source,"Greco R, Sánchez-Ortega I et al. The 2024 EBMT activity report: crossing one million HCTs and 20,000 CAR-T. A landmark i",https://media.springernature.com/original/springer-static/esm/art%3A10.1038%2Fs41409-026-02919-9/MediaObjects/41409_2026_2919_MOESM2_ESM.docx,Rate per 10 million population as printed (decimal comma in source); patient count for this country-year is not printed in any EBMT survey table (2018-2023 appendices list HCT only); count can be deri
Ireland,2023,EBMT activity survey,,patients,,6.26,EBMT published rate per 10 million / 10,,,,,,verified-from-source,"Greco R, Sánchez-Ortega I et al. The 2024 EBMT activity report: crossing one million HCTs and 20,000 CAR-T. A landmark i",https://media.springernature.com/original/springer-static/esm/art%3A10.1038%2Fs41409-026-02919-9/MediaObjects/41409_2026_2919_MOESM2_ESM.docx,Rate per 10 million population as printed (decimal comma in source); patient count for this country-year is not printed in any EBMT survey table (2018-2023 appendices list HCT only); count can be deri
Ireland,2024,EBMT activity survey,43,patients,,8.04,EBMT published rate per 10 million / 10,,,,,,verified-from-source,"Greco R, Sánchez-Ortega I et al. The 2024 EBMT activity report: crossing one million HCTs and 20,000 CAR-T. A landmark i",https://media.springernature.com/original/springer-static/esm/art%3A10.1038%2Fs41409-026-02919-9/MediaObjects/41409_2026_2919_MOESM3_ESM.pdf,"Country line of Appendix 2024; format per header: Number of reporting centers: total 1st HCT (total all HCT) N allogeneic 1st HCT / N autologous 1st HCT, total 1st CAR-T (total all CAR-T) N allogeneic"
Ireland,2024,EBMT activity survey,43,infusions,,,,,,,,,verified-from-source,"Greco R, Sánchez-Ortega I et al. The 2024 EBMT activity report: crossing one million HCTs and 20,000 CAR-T. A landmark i",https://media.springernature.com/original/springer-static/esm/art%3A10.1038%2Fs41409-026-02919-9/MediaObjects/41409_2026_2919_MOESM3_ESM.pdf,Total all CAR-T (first plus additional infusions) for Ireland; first CAR-T 43; fetched 2026-09-05
Italy,2018,EBMT activity survey,,patients,59877221,0.58,EBMT published rate per 10 million / 10,,,,,,verified-from-source,"Greco R, Sánchez-Ortega I et al. The 2024 EBMT activity report: crossing one million HCTs and 20,000 CAR-T. A landmark i",https://media.springernature.com/original/springer-static/esm/art%3A10.1038%2Fs41409-026-02919-9/MediaObjects/41409_2026_2919_MOESM2_ESM.docx,Rate per 10 million population as printed (decimal comma in source); patient count for this country-year is not printed in any EBMT survey table (2018-2023 appendices list HCT only); count can be deri
Italy,2019,EBMT activity survey,,patients,59729081,0.84,EBMT published rate per 10 million / 10,,,,,,verified-from-source,"Greco R, Sánchez-Ortega I et al. The 2024 EBMT activity report: crossing one million HCTs and 20,000 CAR-T. A landmark i",https://media.springernature.com/original/springer-static/esm/art%3A10.1038%2Fs41409-026-02919-9/MediaObjects/41409_2026_2919_MOESM2_ESM.docx,Rate per 10 million population as printed (decimal comma in source); patient count for this country-year is not printed in any EBMT survey table (2018-2023 appendices list HCT only); count can be deri
Italy,2019,TEHA-Ambrosetti centre survey (GITMO-hosted),49,patients,59729081,0.82,count / World Bank population,,,,,,verified-from-source,"The European House - Ambrosetti / GITMO, Rivoluzione CAR-T (December 2024), Figura 10-11 (centre survey) and page 18-19 ",https://www.gitmo.it/storage/gitmo/article/pdf/388/1535-250121_TEHA_Rivoluzione%20CAR-T_Paper.pdf,"Patients infused per centre survey (commercial incl. compassionate/early access, academic CAR-T and trial patients), data to early December 2024; 9 active centres in 2019. Growth labels +27% (2022), +"
Italy,2020,EBMT activity survey,,patients,59438851,2.35,EBMT published rate per 10 million / 10,,,,,,verified-from-source,"Greco R, Sánchez-Ortega I et al. The 2024 EBMT activity report: crossing one million HCTs and 20,000 CAR-T. A landmark i",https://media.springernature.com/original/springer-static/esm/art%3A10.1038%2Fs41409-026-02919-9/MediaObjects/41409_2026_2919_MOESM2_ESM.docx,Rate per 10 million population as printed (decimal comma in source); patient count for this country-year is not printed in any EBMT survey table (2018-2023 appendices list HCT only); count can be deri
Italy,2020,TEHA-Ambrosetti centre survey (GITMO-hosted),163,patients,59438851,2.74,count / World Bank population,,,,,,verified-from-source,"The European House - Ambrosetti / GITMO, Rivoluzione CAR-T (December 2024), Figura 10-11 (centre survey) and page 18-19 ",https://www.gitmo.it/storage/gitmo/article/pdf/388/1535-250121_TEHA_Rivoluzione%20CAR-T_Paper.pdf,"Patients infused per centre survey (commercial incl. compassionate/early access, academic CAR-T and trial patients), data to early December 2024; 20 active centres in 2020. Growth labels +27% (2022), "
Italy,2021,EBMT activity survey,,patients,59133173,4.76,EBMT published rate per 10 million / 10,,,,,,verified-from-source,"Greco R, Sánchez-Ortega I et al. The 2024 EBMT activity report: crossing one million HCTs and 20,000 CAR-T. A landmark i",https://media.springernature.com/original/springer-static/esm/art%3A10.1038%2Fs41409-026-02919-9/MediaObjects/41409_2026_2919_MOESM2_ESM.docx,Rate per 10 million population as printed (decimal comma in source); patient count for this country-year is not printed in any EBMT survey table (2018-2023 appendices list HCT only); count can be deri
Italy,2021,TEHA-Ambrosetti centre survey (GITMO-hosted),270,patients,59133173,4.57,count / World Bank population,,,,,,verified-from-source,"The European House - Ambrosetti / GITMO, Rivoluzione CAR-T (December 2024), Figura 10-11 (centre survey) and page 18-19 ",https://www.gitmo.it/storage/gitmo/article/pdf/388/1535-250121_TEHA_Rivoluzione%20CAR-T_Paper.pdf,"Patients infused per centre survey (commercial incl. compassionate/early access, academic CAR-T and trial patients), data to early December 2024; 28 active centres in 2021. Growth labels +27% (2022), "
Italy,2022,AIFA ATMP report (secondary),335,patients,59013667,5.68,count / World Bank population,,,,,,provisional-from-snippet,Sanita33 / AIFA VII Rapporto ATMP as summarised in search results,https://www.sanita33.it/speciale-l-impatto-delle-terapie-car-t/4472/l-impatto-delle-terapie-car-t-finanziamenti-accesso-e-domanda-di-salute.html,Unattributed search-summary figure; likely AIFA ATMP monitoring (reimbursed CAR-T) which reports 12 in 2019 and 335 in 2022 and +51.1% in 2023 vs 2022; treat with caution and verify against AIFA repor
Italy,2022,EBMT activity survey,,patients,59013667,4.96,EBMT published rate per 10 million / 10,,,,,,verified-from-source,"Greco R, Sánchez-Ortega I et al. The 2024 EBMT activity report: crossing one million HCTs and 20,000 CAR-T. A landmark i",https://media.springernature.com/original/springer-static/esm/art%3A10.1038%2Fs41409-026-02919-9/MediaObjects/41409_2026_2919_MOESM2_ESM.docx,Rate per 10 million population as printed (decimal comma in source); patient count for this country-year is not printed in any EBMT survey table (2018-2023 appendices list HCT only); count can be deri
Italy,2022,TEHA-Ambrosetti centre survey (GITMO-hosted),342,patients,59013667,5.8,count / World Bank population,,,,,,verified-from-source,"The European House - Ambrosetti / GITMO, Rivoluzione CAR-T (December 2024), Figura 10-11 (centre survey) and page 18-19 ",https://www.gitmo.it/storage/gitmo/article/pdf/388/1535-250121_TEHA_Rivoluzione%20CAR-T_Paper.pdf,"Patients infused per centre survey (commercial incl. compassionate/early access, academic CAR-T and trial patients), data to early December 2024; 32 active centres in 2022. Growth labels +27% (2022), "
Italy,2023,EBMT activity survey,,patients,58984216,6.12,EBMT published rate per 10 million / 10,,,,,,verified-from-source,"Greco R, Sánchez-Ortega I et al. The 2024 EBMT activity report: crossing one million HCTs and 20,000 CAR-T. A landmark i",https://media.springernature.com/original/springer-static/esm/art%3A10.1038%2Fs41409-026-02919-9/MediaObjects/41409_2026_2919_MOESM2_ESM.docx,Rate per 10 million population as printed (decimal comma in source); patient count for this country-year is not printed in any EBMT survey table (2018-2023 appendices list HCT only); count can be deri
Italy,2023,TEHA-Ambrosetti centre survey (GITMO-hosted),461,patients,58984216,7.82,count / World Bank population,,,,,,verified-from-source,"The European House - Ambrosetti / GITMO, Rivoluzione CAR-T (December 2024), Figura 10-11 (centre survey) and page 18-19 ",https://www.gitmo.it/storage/gitmo/article/pdf/388/1535-250121_TEHA_Rivoluzione%20CAR-T_Paper.pdf,"Patients infused per centre survey (commercial incl. compassionate/early access, academic CAR-T and trial patients), data to early December 2024; 34 active centres in 2023. Growth labels +27% (2022), "
Italy,2024,EBMT activity survey,685,patients,58952704,11.62,count / World Bank population,,,,,,verified-from-source,"Greco R, Sánchez-Ortega I et al. The 2024 EBMT activity report: crossing one million HCTs and 20,000 CAR-T. A landmark i",https://media.springernature.com/original/springer-static/esm/art%3A10.1038%2Fs41409-026-02919-9/MediaObjects/41409_2026_2919_MOESM3_ESM.pdf,"Country line of Appendix 2024; format per header: Number of reporting centers: total 1st HCT (total all HCT) N allogeneic 1st HCT / N autologous 1st HCT, total 1st CAR-T (total all CAR-T) N allogeneic"
Italy,2024,EBMT activity survey,689,infusions,58952704,11.69,count / World Bank population,,,,,,verified-from-source,"Greco R, Sánchez-Ortega I et al. The 2024 EBMT activity report: crossing one million HCTs and 20,000 CAR-T. A landmark i",https://media.springernature.com/original/springer-static/esm/art%3A10.1038%2Fs41409-026-02919-9/MediaObjects/41409_2026_2919_MOESM3_ESM.pdf,Total all CAR-T (first plus additional infusions) for Italy; first CAR-T 685; fetched 2026-09-05
Italy,2024,TEHA-Ambrosetti centre survey (GITMO-hosted),756,patients,58952704,12.82,count / World Bank population,,,,,,verified-from-source,"The European House - Ambrosetti / GITMO, Rivoluzione CAR-T (December 2024), Figura 10-11 (centre survey) and page 18-19 ",https://www.gitmo.it/storage/gitmo/article/pdf/388/1535-250121_TEHA_Rivoluzione%20CAR-T_Paper.pdf,"Patients infused per centre survey (commercial incl. compassionate/early access, academic CAR-T and trial patients), data to early December 2024; 41 active centres in 2024. Growth labels +27% (2022), "
Japan,2019,JDCHCT Cellular Therapy Registry (JSTCT),10,infusions,126633000,0.08,count / World Bank population,,,,,,provisional-from-snippet,"JDCHCT / JSTCT, 2024 Nendo Nihon ni okeru saibo chiryo slide-shu (Cellular Therapy Registry slides, data registered to e",http://www.jdchct.or.jp/data/slide/2024/Nationwide_Survey_CTR_fy2024_sep_vol_jpn_pic_20250331.pptx,"CHART-READ ESTIMATE, not a printed number: bars are unlabeled; value measured in pixels against the right-hand axis gridlines (0-1000 infusions), uncertainty about +/-15. Bar sum 2019-2024 ~1,984 vs c"
Japan,2020,JDCHCT Cellular Therapy Registry (JSTCT),136,infusions,126261000,1.08,count / World Bank population,,,,,,provisional-from-snippet,"JDCHCT / JSTCT, 2024 Nendo Nihon ni okeru saibo chiryo slide-shu (Cellular Therapy Registry slides, data registered to e",http://www.jdchct.or.jp/data/slide/2024/Nationwide_Survey_CTR_fy2024_sep_vol_jpn_pic_20250331.pptx,"CHART-READ ESTIMATE, not a printed number: bars are unlabeled; value measured in pixels against the right-hand axis gridlines (0-1000 infusions), uncertainty about +/-15. Bar sum 2019-2024 ~1,984 vs c"
Japan,2021,JDCHCT Cellular Therapy Registry (JSTCT),222,infusions,125681593,1.77,count / World Bank population,,,,,,provisional-from-snippet,"JDCHCT / JSTCT, 2024 Nendo Nihon ni okeru saibo chiryo slide-shu (Cellular Therapy Registry slides, data registered to e",http://www.jdchct.or.jp/data/slide/2024/Nationwide_Survey_CTR_fy2024_sep_vol_jpn_pic_20250331.pptx,"CHART-READ ESTIMATE, not a printed number: bars are unlabeled; value measured in pixels against the right-hand axis gridlines (0-1000 infusions), uncertainty about +/-15. Bar sum 2019-2024 ~1,984 vs c"
Japan,2022,JDCHCT Cellular Therapy Registry (JSTCT),439,infusions,125124989,3.51,count / World Bank population,,,,,,provisional-from-snippet,"JDCHCT / JSTCT, 2024 Nendo Nihon ni okeru saibo chiryo slide-shu (Cellular Therapy Registry slides, data registered to e",http://www.jdchct.or.jp/data/slide/2024/Nationwide_Survey_CTR_fy2024_sep_vol_jpn_pic_20250331.pptx,"CHART-READ ESTIMATE, not a printed number: bars are unlabeled; value measured in pixels against the right-hand axis gridlines (0-1000 infusions), uncertainty about +/-15. Bar sum 2019-2024 ~1,984 vs c"
Japan,2023,JDCHCT Cellular Therapy Registry (JSTCT),674,infusions,124516650,5.41,count / World Bank population,,,,,,provisional-from-snippet,"JDCHCT / JSTCT, 2024 Nendo Nihon ni okeru saibo chiryo slide-shu (Cellular Therapy Registry slides, data registered to e",http://www.jdchct.or.jp/data/slide/2024/Nationwide_Survey_CTR_fy2024_sep_vol_jpn_pic_20250331.pptx,"CHART-READ ESTIMATE, not a printed number: bars are unlabeled; value measured in pixels against the right-hand axis gridlines (0-1000 infusions), uncertainty about +/-15. Bar sum 2019-2024 ~1,984 vs c"
Japan,2024,JDCHCT Cellular Therapy Registry (JSTCT),503,infusions,123975371,4.06,count / World Bank population,,,,,,provisional-from-snippet,"JDCHCT / JSTCT, 2024 Nendo Nihon ni okeru saibo chiryo slide-shu (Cellular Therapy Registry slides, data registered to e",http://www.jdchct.or.jp/data/slide/2024/Nationwide_Survey_CTR_fy2024_sep_vol_jpn_pic_20250331.pptx,"CHART-READ ESTIMATE, not a printed number: bars are unlabeled; value measured in pixels against the right-hand axis gridlines (0-1000 infusions), uncertainty about +/-15. 2024 covers January-September"
Jordan,2024,EBMT activity survey,0,patients,,,,,,,,,verified-from-source,"Greco R, Sánchez-Ortega I et al. The 2024 EBMT activity report: crossing one million HCTs and 20,000 CAR-T. A landmark i",https://media.springernature.com/original/springer-static/esm/art%3A10.1038%2Fs41409-026-02919-9/MediaObjects/41409_2026_2919_MOESM3_ESM.pdf,"Country line of Appendix 2024; format per header: Number of reporting centers: total 1st HCT (total all HCT) N allogeneic 1st HCT / N autologous 1st HCT, total 1st CAR-T (total all CAR-T) N allogeneic"
Kazakhstan,2024,EBMT activity survey,0,patients,,,,,,,,,verified-from-source,"Greco R, Sánchez-Ortega I et al. The 2024 EBMT activity report: crossing one million HCTs and 20,000 CAR-T. A landmark i",https://media.springernature.com/original/springer-static/esm/art%3A10.1038%2Fs41409-026-02919-9/MediaObjects/41409_2026_2919_MOESM3_ESM.pdf,"Country line of Appendix 2024; format per header: Number of reporting centers: total 1st HCT (total all HCT) N allogeneic 1st HCT / N autologous 1st HCT, total 1st CAR-T (total all CAR-T) N allogeneic"
Latvia,2024,EBMT activity survey,0,patients,,,,,,,,,verified-from-source,"Greco R, Sánchez-Ortega I et al. The 2024 EBMT activity report: crossing one million HCTs and 20,000 CAR-T. A landmark i",https://media.springernature.com/original/springer-static/esm/art%3A10.1038%2Fs41409-026-02919-9/MediaObjects/41409_2026_2919_MOESM3_ESM.pdf,"Country line of Appendix 2024; format per header: Number of reporting centers: total 1st HCT (total all HCT) N allogeneic 1st HCT / N autologous 1st HCT, total 1st CAR-T (total all CAR-T) N allogeneic"
Lebanon,2024,EBMT activity survey,0,patients,,,,,,,,,verified-from-source,"Greco R, Sánchez-Ortega I et al. The 2024 EBMT activity report: crossing one million HCTs and 20,000 CAR-T. A landmark i",https://media.springernature.com/original/springer-static/esm/art%3A10.1038%2Fs41409-026-02919-9/MediaObjects/41409_2026_2919_MOESM3_ESM.pdf,"Country line of Appendix 2024; format per header: Number of reporting centers: total 1st HCT (total all HCT) N allogeneic 1st HCT / N autologous 1st HCT, total 1st CAR-T (total all CAR-T) N allogeneic"
Lithuania,2022,EBMT activity survey,,patients,,3.56,EBMT published rate per 10 million / 10,,,,,,verified-from-source,"Greco R, Sánchez-Ortega I et al. The 2024 EBMT activity report: crossing one million HCTs and 20,000 CAR-T. A landmark i",https://media.springernature.com/original/springer-static/esm/art%3A10.1038%2Fs41409-026-02919-9/MediaObjects/41409_2026_2919_MOESM2_ESM.docx,Rate per 10 million population as printed (decimal comma in source); patient count for this country-year is not printed in any EBMT survey table (2018-2023 appendices list HCT only); count can be deri
Lithuania,2023,EBMT activity survey,,patients,,3.15,EBMT published rate per 10 million / 10,,,,,,verified-from-source,"Greco R, Sánchez-Ortega I et al. The 2024 EBMT activity report: crossing one million HCTs and 20,000 CAR-T. A landmark i",https://media.springernature.com/original/springer-static/esm/art%3A10.1038%2Fs41409-026-02919-9/MediaObjects/41409_2026_2919_MOESM2_ESM.docx,Rate per 10 million population as printed (decimal comma in source); patient count for this country-year is not printed in any EBMT survey table (2018-2023 appendices list HCT only); count can be deri
Lithuania,2024,EBMT activity survey,29,patients,,10.05,EBMT published rate per 10 million / 10,,,,,,verified-from-source,"Greco R, Sánchez-Ortega I et al. The 2024 EBMT activity report: crossing one million HCTs and 20,000 CAR-T. A landmark i",https://media.springernature.com/original/springer-static/esm/art%3A10.1038%2Fs41409-026-02919-9/MediaObjects/41409_2026_2919_MOESM3_ESM.pdf,"Country line of Appendix 2024; format per header: Number of reporting centers: total 1st HCT (total all HCT) N allogeneic 1st HCT / N autologous 1st HCT, total 1st CAR-T (total all CAR-T) N allogeneic"
Lithuania,2024,EBMT activity survey,29,infusions,,,,,,,,,verified-from-source,"Greco R, Sánchez-Ortega I et al. The 2024 EBMT activity report: crossing one million HCTs and 20,000 CAR-T. A landmark i",https://media.springernature.com/original/springer-static/esm/art%3A10.1038%2Fs41409-026-02919-9/MediaObjects/41409_2026_2919_MOESM3_ESM.pdf,Total all CAR-T (first plus additional infusions) for Lithuania; first CAR-T 29; fetched 2026-09-05
Luxembourg,2024,EBMT activity survey,0,patients,,,,,,,,,verified-from-source,"Greco R, Sánchez-Ortega I et al. The 2024 EBMT activity report: crossing one million HCTs and 20,000 CAR-T. A landmark i",https://media.springernature.com/original/springer-static/esm/art%3A10.1038%2Fs41409-026-02919-9/MediaObjects/41409_2026_2919_MOESM3_ESM.pdf,"Country line of Appendix 2024; format per header: Number of reporting centers: total 1st HCT (total all HCT) N allogeneic 1st HCT / N autologous 1st HCT, total 1st CAR-T (total all CAR-T) N allogeneic"
Macedonia,2024,EBMT activity survey,0,patients,,,,,,,,,verified-from-source,"Greco R, Sánchez-Ortega I et al. The 2024 EBMT activity report: crossing one million HCTs and 20,000 CAR-T. A landmark i",https://media.springernature.com/original/springer-static/esm/art%3A10.1038%2Fs41409-026-02919-9/MediaObjects/41409_2026_2919_MOESM3_ESM.pdf,"Country line of Appendix 2024; format per header: Number of reporting centers: total 1st HCT (total all HCT) N allogeneic 1st HCT / N autologous 1st HCT, total 1st CAR-T (total all CAR-T) N allogeneic"
Netherlands,2018,EBMT activity survey,,patients,17231624,0.35,EBMT published rate per 10 million / 10,,,,,,verified-from-source,"Greco R, Sánchez-Ortega I et al. The 2024 EBMT activity report: crossing one million HCTs and 20,000 CAR-T. A landmark i",https://media.springernature.com/original/springer-static/esm/art%3A10.1038%2Fs41409-026-02919-9/MediaObjects/41409_2026_2919_MOESM2_ESM.docx,Rate per 10 million population as printed (decimal comma in source); patient count for this country-year is not printed in any EBMT survey table (2018-2023 appendices list HCT only); count can be deri
Netherlands,2019,EBMT activity survey,,patients,17344874,1.62,EBMT published rate per 10 million / 10,,,,,,verified-from-source,"Greco R, Sánchez-Ortega I et al. The 2024 EBMT activity report: crossing one million HCTs and 20,000 CAR-T. A landmark i",https://media.springernature.com/original/springer-static/esm/art%3A10.1038%2Fs41409-026-02919-9/MediaObjects/41409_2026_2919_MOESM2_ESM.docx,Rate per 10 million population as printed (decimal comma in source); patient count for this country-year is not printed in any EBMT survey table (2018-2023 appendices list HCT only); count can be deri
Netherlands,2020,EBMT activity survey,,patients,17441500,5.11,EBMT published rate per 10 million / 10,,,,,,verified-from-source,"Greco R, Sánchez-Ortega I et al. The 2024 EBMT activity report: crossing one million HCTs and 20,000 CAR-T. A landmark i",https://media.springernature.com/original/springer-static/esm/art%3A10.1038%2Fs41409-026-02919-9/MediaObjects/41409_2026_2919_MOESM2_ESM.docx,Rate per 10 million population as printed (decimal comma in source); patient count for this country-year is not printed in any EBMT survey table (2018-2023 appendices list HCT only); count can be deri
Netherlands,2021,EBMT activity survey,,patients,17533044,6.64,EBMT published rate per 10 million / 10,,,,,,verified-from-source,"Greco R, Sánchez-Ortega I et al. The 2024 EBMT activity report: crossing one million HCTs and 20,000 CAR-T. A landmark i",https://media.springernature.com/original/springer-static/esm/art%3A10.1038%2Fs41409-026-02919-9/MediaObjects/41409_2026_2919_MOESM2_ESM.docx,Rate per 10 million population as printed (decimal comma in source); patient count for this country-year is not printed in any EBMT survey table (2018-2023 appendices list HCT only); count can be deri
Netherlands,2022,EBMT activity survey,,patients,17700982,8.0,EBMT published rate per 10 million / 10,,,,,,verified-from-source,"Passweg JR, Baldomero H et al. Hematopoietic cell transplantation and cellular therapies in Europe 2022. CAR-T activity ",https://pmc.ncbi.nlm.nih.gov/articles/PMC11161408/,Only these five countries are named in the text; patient counts per country are not printed. Germany count from the same survey is 659 (see DRST rows).
Netherlands,2022,EBMT activity survey,,patients,17700982,8.02,EBMT published rate per 10 million / 10,,,,,,verified-from-source,"Greco R, Sánchez-Ortega I et al. The 2024 EBMT activity report: crossing one million HCTs and 20,000 CAR-T. A landmark i",https://media.springernature.com/original/springer-static/esm/art%3A10.1038%2Fs41409-026-02919-9/MediaObjects/41409_2026_2919_MOESM2_ESM.docx,Rate per 10 million population as printed (decimal comma in source); patient count for this country-year is not printed in any EBMT survey table (2018-2023 appendices list HCT only); count can be deri
Netherlands,2023,EBMT activity survey,,patients,17877117,8.08,EBMT published rate per 10 million / 10,,,,,,verified-from-source,"Greco R, Sánchez-Ortega I et al. The 2024 EBMT activity report: crossing one million HCTs and 20,000 CAR-T. A landmark i",https://media.springernature.com/original/springer-static/esm/art%3A10.1038%2Fs41409-026-02919-9/MediaObjects/41409_2026_2919_MOESM2_ESM.docx,Rate per 10 million population as printed (decimal comma in source); patient count for this country-year is not printed in any EBMT survey table (2018-2023 appendices list HCT only); count can be deri
Netherlands,2024,EBMT activity survey,198,patients,17993485,11.0,count / World Bank population,,,,,,verified-from-source,"Greco R, Sánchez-Ortega I et al. The 2024 EBMT activity report: crossing one million HCTs and 20,000 CAR-T. A landmark i",https://media.springernature.com/original/springer-static/esm/art%3A10.1038%2Fs41409-026-02919-9/MediaObjects/41409_2026_2919_MOESM3_ESM.pdf,"Country line of Appendix 2024; format per header: Number of reporting centers: total 1st HCT (total all HCT) N allogeneic 1st HCT / N autologous 1st HCT, total 1st CAR-T (total all CAR-T) N allogeneic"
Netherlands,2024,EBMT activity survey,203,infusions,17993485,11.28,count / World Bank population,,,,,,verified-from-source,"Greco R, Sánchez-Ortega I et al. The 2024 EBMT activity report: crossing one million HCTs and 20,000 CAR-T. A landmark i",https://media.springernature.com/original/springer-static/esm/art%3A10.1038%2Fs41409-026-02919-9/MediaObjects/41409_2026_2919_MOESM3_ESM.pdf,Total all CAR-T (first plus additional infusions) for Netherlands; first CAR-T 198; fetched 2026-09-05
Nigeria,2024,EBMT activity survey,0,patients,,,,,,,,,verified-from-source,"Greco R, Sánchez-Ortega I et al. The 2024 EBMT activity report: crossing one million HCTs and 20,000 CAR-T. A landmark i",https://media.springernature.com/original/springer-static/esm/art%3A10.1038%2Fs41409-026-02919-9/MediaObjects/41409_2026_2919_MOESM3_ESM.pdf,"Country line of Appendix 2024; format per header: Number of reporting centers: total 1st HCT (total all HCT) N allogeneic 1st HCT / N autologous 1st HCT, total 1st CAR-T (total all CAR-T) N allogeneic"
Norway,2019,EBMT activity survey,,patients,,1.31,EBMT published rate per 10 million / 10,,,,,,verified-from-source,"Greco R, Sánchez-Ortega I et al. The 2024 EBMT activity report: crossing one million HCTs and 20,000 CAR-T. A landmark i",https://media.springernature.com/original/springer-static/esm/art%3A10.1038%2Fs41409-026-02919-9/MediaObjects/41409_2026_2919_MOESM2_ESM.docx,Rate per 10 million population as printed (decimal comma in source); patient count for this country-year is not printed in any EBMT survey table (2018-2023 appendices list HCT only); count can be deri
Norway,2020,EBMT activity survey,,patients,,1.67,EBMT published rate per 10 million / 10,,,,,,verified-from-source,"Greco R, Sánchez-Ortega I et al. The 2024 EBMT activity report: crossing one million HCTs and 20,000 CAR-T. A landmark i",https://media.springernature.com/original/springer-static/esm/art%3A10.1038%2Fs41409-026-02919-9/MediaObjects/41409_2026_2919_MOESM2_ESM.docx,Rate per 10 million population as printed (decimal comma in source); patient count for this country-year is not printed in any EBMT survey table (2018-2023 appendices list HCT only); count can be deri
Norway,2021,EBMT activity survey,,patients,,1.85,EBMT published rate per 10 million / 10,,,,,,verified-from-source,"Greco R, Sánchez-Ortega I et al. The 2024 EBMT activity report: crossing one million HCTs and 20,000 CAR-T. A landmark i",https://media.springernature.com/original/springer-static/esm/art%3A10.1038%2Fs41409-026-02919-9/MediaObjects/41409_2026_2919_MOESM2_ESM.docx,Rate per 10 million population as printed (decimal comma in source); patient count for this country-year is not printed in any EBMT survey table (2018-2023 appendices list HCT only); count can be deri
Norway,2022,EBMT activity survey,,patients,,0.37,EBMT published rate per 10 million / 10,,,,,,verified-from-source,"Greco R, Sánchez-Ortega I et al. The 2024 EBMT activity report: crossing one million HCTs and 20,000 CAR-T. A landmark i",https://media.springernature.com/original/springer-static/esm/art%3A10.1038%2Fs41409-026-02919-9/MediaObjects/41409_2026_2919_MOESM2_ESM.docx,Rate per 10 million population as printed (decimal comma in source); patient count for this country-year is not printed in any EBMT survey table (2018-2023 appendices list HCT only); count can be deri
Norway,2023,EBMT activity survey,,patients,,5.98,EBMT published rate per 10 million / 10,,,,,,verified-from-source,"Greco R, Sánchez-Ortega I et al. The 2024 EBMT activity report: crossing one million HCTs and 20,000 CAR-T. A landmark i",https://media.springernature.com/original/springer-static/esm/art%3A10.1038%2Fs41409-026-02919-9/MediaObjects/41409_2026_2919_MOESM2_ESM.docx,Rate per 10 million population as printed (decimal comma in source); patient count for this country-year is not printed in any EBMT survey table (2018-2023 appendices list HCT only); count can be deri
Norway,2024,EBMT activity survey,41,patients,,7.36,EBMT published rate per 10 million / 10,,,,,,verified-from-source,"Greco R, Sánchez-Ortega I et al. The 2024 EBMT activity report: crossing one million HCTs and 20,000 CAR-T. A landmark i",https://media.springernature.com/original/springer-static/esm/art%3A10.1038%2Fs41409-026-02919-9/MediaObjects/41409_2026_2919_MOESM3_ESM.pdf,"Country line of Appendix 2024; format per header: Number of reporting centers: total 1st HCT (total all HCT) N allogeneic 1st HCT / N autologous 1st HCT, total 1st CAR-T (total all CAR-T) N allogeneic"
Norway,2024,EBMT activity survey,41,infusions,,,,,,,,,verified-from-source,"Greco R, Sánchez-Ortega I et al. The 2024 EBMT activity report: crossing one million HCTs and 20,000 CAR-T. A landmark i",https://media.springernature.com/original/springer-static/esm/art%3A10.1038%2Fs41409-026-02919-9/MediaObjects/41409_2026_2919_MOESM3_ESM.pdf,Total all CAR-T (first plus additional infusions) for Norway; first CAR-T 41; fetched 2026-09-05
Poland,2019,EBMT activity survey,,patients,,0.03,EBMT published rate per 10 million / 10,,,,,,verified-from-source,"Greco R, Sánchez-Ortega I et al. The 2024 EBMT activity report: crossing one million HCTs and 20,000 CAR-T. A landmark i",https://media.springernature.com/original/springer-static/esm/art%3A10.1038%2Fs41409-026-02919-9/MediaObjects/41409_2026_2919_MOESM2_ESM.docx,Rate per 10 million population as printed (decimal comma in source); patient count for this country-year is not printed in any EBMT survey table (2018-2023 appendices list HCT only); count can be deri
Poland,2020,EBMT activity survey,,patients,,0.18,EBMT published rate per 10 million / 10,,,,,,verified-from-source,"Greco R, Sánchez-Ortega I et al. The 2024 EBMT activity report: crossing one million HCTs and 20,000 CAR-T. A landmark i",https://media.springernature.com/original/springer-static/esm/art%3A10.1038%2Fs41409-026-02919-9/MediaObjects/41409_2026_2919_MOESM2_ESM.docx,Rate per 10 million population as printed (decimal comma in source); patient count for this country-year is not printed in any EBMT survey table (2018-2023 appendices list HCT only); count can be deri
Poland,2021,EBMT activity survey,,patients,,0.32,EBMT published rate per 10 million / 10,,,,,,verified-from-source,"Greco R, Sánchez-Ortega I et al. The 2024 EBMT activity report: crossing one million HCTs and 20,000 CAR-T. A landmark i",https://media.springernature.com/original/springer-static/esm/art%3A10.1038%2Fs41409-026-02919-9/MediaObjects/41409_2026_2919_MOESM2_ESM.docx,Rate per 10 million population as printed (decimal comma in source); patient count for this country-year is not printed in any EBMT survey table (2018-2023 appendices list HCT only); count can be deri
Poland,2022,EBMT activity survey,,patients,,0.95,EBMT published rate per 10 million / 10,,,,,,verified-from-source,"Greco R, Sánchez-Ortega I et al. The 2024 EBMT activity report: crossing one million HCTs and 20,000 CAR-T. A landmark i",https://media.springernature.com/original/springer-static/esm/art%3A10.1038%2Fs41409-026-02919-9/MediaObjects/41409_2026_2919_MOESM2_ESM.docx,Rate per 10 million population as printed (decimal comma in source); patient count for this country-year is not printed in any EBMT survey table (2018-2023 appendices list HCT only); count can be deri
Poland,2023,EBMT activity survey,,patients,,2.75,EBMT published rate per 10 million / 10,,,,,,verified-from-source,"Greco R, Sánchez-Ortega I et al. The 2024 EBMT activity report: crossing one million HCTs and 20,000 CAR-T. A landmark i",https://media.springernature.com/original/springer-static/esm/art%3A10.1038%2Fs41409-026-02919-9/MediaObjects/41409_2026_2919_MOESM2_ESM.docx,Rate per 10 million population as printed (decimal comma in source); patient count for this country-year is not printed in any EBMT survey table (2018-2023 appendices list HCT only); count can be deri
Poland,2024,EBMT activity survey,131,patients,,3.58,EBMT published rate per 10 million / 10,,,,,,verified-from-source,"Greco R, Sánchez-Ortega I et al. The 2024 EBMT activity report: crossing one million HCTs and 20,000 CAR-T. A landmark i",https://media.springernature.com/original/springer-static/esm/art%3A10.1038%2Fs41409-026-02919-9/MediaObjects/41409_2026_2919_MOESM3_ESM.pdf,"Country line of Appendix 2024; format per header: Number of reporting centers: total 1st HCT (total all HCT) N allogeneic 1st HCT / N autologous 1st HCT, total 1st CAR-T (total all CAR-T) N allogeneic"
Poland,2024,EBMT activity survey,131,infusions,,,,,,,,,verified-from-source,"Greco R, Sánchez-Ortega I et al. The 2024 EBMT activity report: crossing one million HCTs and 20,000 CAR-T. A landmark i",https://media.springernature.com/original/springer-static/esm/art%3A10.1038%2Fs41409-026-02919-9/MediaObjects/41409_2026_2919_MOESM3_ESM.pdf,Total all CAR-T (first plus additional infusions) for Poland; first CAR-T 131; fetched 2026-09-05
Portugal,2019,EBMT activity survey,,patients,,0.1,EBMT published rate per 10 million / 10,,,,,,verified-from-source,"Greco R, Sánchez-Ortega I et al. The 2024 EBMT activity report: crossing one million HCTs and 20,000 CAR-T. A landmark i",https://media.springernature.com/original/springer-static/esm/art%3A10.1038%2Fs41409-026-02919-9/MediaObjects/41409_2026_2919_MOESM2_ESM.docx,Rate per 10 million population as printed (decimal comma in source); patient count for this country-year is not printed in any EBMT survey table (2018-2023 appendices list HCT only); count can be deri
Portugal,2020,EBMT activity survey,,patients,,0.19,EBMT published rate per 10 million / 10,,,,,,verified-from-source,"Greco R, Sánchez-Ortega I et al. The 2024 EBMT activity report: crossing one million HCTs and 20,000 CAR-T. A landmark i",https://media.springernature.com/original/springer-static/esm/art%3A10.1038%2Fs41409-026-02919-9/MediaObjects/41409_2026_2919_MOESM2_ESM.docx,Rate per 10 million population as printed (decimal comma in source); patient count for this country-year is not printed in any EBMT survey table (2018-2023 appendices list HCT only); count can be deri
Portugal,2021,EBMT activity survey,,patients,,0.96,EBMT published rate per 10 million / 10,,,,,,verified-from-source,"Greco R, Sánchez-Ortega I et al. The 2024 EBMT activity report: crossing one million HCTs and 20,000 CAR-T. A landmark i",https://media.springernature.com/original/springer-static/esm/art%3A10.1038%2Fs41409-026-02919-9/MediaObjects/41409_2026_2919_MOESM2_ESM.docx,Rate per 10 million population as printed (decimal comma in source); patient count for this country-year is not printed in any EBMT survey table (2018-2023 appendices list HCT only); count can be deri
Portugal,2022,EBMT activity survey,,patients,,0.58,EBMT published rate per 10 million / 10,,,,,,verified-from-source,"Greco R, Sánchez-Ortega I et al. The 2024 EBMT activity report: crossing one million HCTs and 20,000 CAR-T. A landmark i",https://media.springernature.com/original/springer-static/esm/art%3A10.1038%2Fs41409-026-02919-9/MediaObjects/41409_2026_2919_MOESM2_ESM.docx,Rate per 10 million population as printed (decimal comma in source); patient count for this country-year is not printed in any EBMT survey table (2018-2023 appendices list HCT only); count can be deri
Portugal,2023,EBMT activity survey,,patients,,3.99,EBMT published rate per 10 million / 10,,,,,,verified-from-source,"Greco R, Sánchez-Ortega I et al. The 2024 EBMT activity report: crossing one million HCTs and 20,000 CAR-T. A landmark i",https://media.springernature.com/original/springer-static/esm/art%3A10.1038%2Fs41409-026-02919-9/MediaObjects/41409_2026_2919_MOESM2_ESM.docx,Rate per 10 million population as printed (decimal comma in source); patient count for this country-year is not printed in any EBMT survey table (2018-2023 appendices list HCT only); count can be deri
Portugal,2024,EBMT activity survey,25,patients,,2.35,EBMT published rate per 10 million / 10,,,,,,verified-from-source,"Greco R, Sánchez-Ortega I et al. The 2024 EBMT activity report: crossing one million HCTs and 20,000 CAR-T. A landmark i",https://media.springernature.com/original/springer-static/esm/art%3A10.1038%2Fs41409-026-02919-9/MediaObjects/41409_2026_2919_MOESM3_ESM.pdf,"Country line of Appendix 2024; format per header: Number of reporting centers: total 1st HCT (total all HCT) N allogeneic 1st HCT / N autologous 1st HCT, total 1st CAR-T (total all CAR-T) N allogeneic"
Portugal,2024,EBMT activity survey,30,infusions,,,,,,,,,verified-from-source,"Greco R, Sánchez-Ortega I et al. The 2024 EBMT activity report: crossing one million HCTs and 20,000 CAR-T. A landmark i",https://media.springernature.com/original/springer-static/esm/art%3A10.1038%2Fs41409-026-02919-9/MediaObjects/41409_2026_2919_MOESM3_ESM.pdf,Total all CAR-T (first plus additional infusions) for Portugal; first CAR-T 25; fetched 2026-09-05
Romania,2022,EBMT activity survey,,patients,,0.16,EBMT published rate per 10 million / 10,,,,,,verified-from-source,"Greco R, Sánchez-Ortega I et al. The 2024 EBMT activity report: crossing one million HCTs and 20,000 CAR-T. A landmark i",https://media.springernature.com/original/springer-static/esm/art%3A10.1038%2Fs41409-026-02919-9/MediaObjects/41409_2026_2919_MOESM2_ESM.docx,Rate per 10 million population as printed (decimal comma in source); patient count for this country-year is not printed in any EBMT survey table (2018-2023 appendices list HCT only); count can be deri
Romania,2023,EBMT activity survey,,patients,,0.53,EBMT published rate per 10 million / 10,,,,,,verified-from-source,"Greco R, Sánchez-Ortega I et al. The 2024 EBMT activity report: crossing one million HCTs and 20,000 CAR-T. A landmark i",https://media.springernature.com/original/springer-static/esm/art%3A10.1038%2Fs41409-026-02919-9/MediaObjects/41409_2026_2919_MOESM2_ESM.docx,Rate per 10 million population as printed (decimal comma in source); patient count for this country-year is not printed in any EBMT survey table (2018-2023 appendices list HCT only); count can be deri
Romania,2024,EBMT activity survey,11,patients,,0.58,EBMT published rate per 10 million / 10,,,,,,verified-from-source,"Greco R, Sánchez-Ortega I et al. The 2024 EBMT activity report: crossing one million HCTs and 20,000 CAR-T. A landmark i",https://media.springernature.com/original/springer-static/esm/art%3A10.1038%2Fs41409-026-02919-9/MediaObjects/41409_2026_2919_MOESM3_ESM.pdf,"Country line of Appendix 2024; format per header: Number of reporting centers: total 1st HCT (total all HCT) N allogeneic 1st HCT / N autologous 1st HCT, total 1st CAR-T (total all CAR-T) N allogeneic"
Romania,2024,EBMT activity survey,11,infusions,,,,,,,,,verified-from-source,"Greco R, Sánchez-Ortega I et al. The 2024 EBMT activity report: crossing one million HCTs and 20,000 CAR-T. A landmark i",https://media.springernature.com/original/springer-static/esm/art%3A10.1038%2Fs41409-026-02919-9/MediaObjects/41409_2026_2919_MOESM3_ESM.pdf,Total all CAR-T (first plus additional infusions) for Romania; first CAR-T 11; fetched 2026-09-05
Russia,2018,EBMT activity survey,,patients,,0.16,EBMT published rate per 10 million / 10,,,,,,verified-from-source,"Greco R, Sánchez-Ortega I et al. The 2024 EBMT activity report: crossing one million HCTs and 20,000 CAR-T. A landmark i",https://media.springernature.com/original/springer-static/esm/art%3A10.1038%2Fs41409-026-02919-9/MediaObjects/41409_2026_2919_MOESM2_ESM.docx,Rate per 10 million population as printed (decimal comma in source); patient count for this country-year is not printed in any EBMT survey table (2018-2023 appendices list HCT only); count can be deri
Russia,2019,EBMT activity survey,,patients,,0.23,EBMT published rate per 10 million / 10,,,,,,verified-from-source,"Greco R, Sánchez-Ortega I et al. The 2024 EBMT activity report: crossing one million HCTs and 20,000 CAR-T. A landmark i",https://media.springernature.com/original/springer-static/esm/art%3A10.1038%2Fs41409-026-02919-9/MediaObjects/41409_2026_2919_MOESM2_ESM.docx,Rate per 10 million population as printed (decimal comma in source); patient count for this country-year is not printed in any EBMT survey table (2018-2023 appendices list HCT only); count can be deri
Russia,2020,EBMT activity survey,,patients,,0.3,EBMT published rate per 10 million / 10,,,,,,verified-from-source,"Greco R, Sánchez-Ortega I et al. The 2024 EBMT activity report: crossing one million HCTs and 20,000 CAR-T. A landmark i",https://media.springernature.com/original/springer-static/esm/art%3A10.1038%2Fs41409-026-02919-9/MediaObjects/41409_2026_2919_MOESM2_ESM.docx,Rate per 10 million population as printed (decimal comma in source); patient count for this country-year is not printed in any EBMT survey table (2018-2023 appendices list HCT only); count can be deri
Russia,2021,EBMT activity survey,,patients,,0.19,EBMT published rate per 10 million / 10,,,,,,verified-from-source,"Greco R, Sánchez-Ortega I et al. The 2024 EBMT activity report: crossing one million HCTs and 20,000 CAR-T. A landmark i",https://media.springernature.com/original/springer-static/esm/art%3A10.1038%2Fs41409-026-02919-9/MediaObjects/41409_2026_2919_MOESM2_ESM.docx,Rate per 10 million population as printed (decimal comma in source); patient count for this country-year is not printed in any EBMT survey table (2018-2023 appendices list HCT only); count can be deri
Russia,2022,EBMT activity survey,,patients,,0.08,EBMT published rate per 10 million / 10,,,,,,verified-from-source,"Greco R, Sánchez-Ortega I et al. The 2024 EBMT activity report: crossing one million HCTs and 20,000 CAR-T. A landmark i",https://media.springernature.com/original/springer-static/esm/art%3A10.1038%2Fs41409-026-02919-9/MediaObjects/41409_2026_2919_MOESM2_ESM.docx,Rate per 10 million population as printed (decimal comma in source); patient count for this country-year is not printed in any EBMT survey table (2018-2023 appendices list HCT only); count can be deri
Russia,2023,EBMT activity survey,,patients,,0.22,EBMT published rate per 10 million / 10,,,,,,verified-from-source,"Greco R, Sánchez-Ortega I et al. The 2024 EBMT activity report: crossing one million HCTs and 20,000 CAR-T. A landmark i",https://media.springernature.com/original/springer-static/esm/art%3A10.1038%2Fs41409-026-02919-9/MediaObjects/41409_2026_2919_MOESM2_ESM.docx,Rate per 10 million population as printed (decimal comma in source); patient count for this country-year is not printed in any EBMT survey table (2018-2023 appendices list HCT only); count can be deri
Russia,2024,EBMT activity survey,21,patients,,0.15,EBMT published rate per 10 million / 10,,,,,,verified-from-source,"Greco R, Sánchez-Ortega I et al. The 2024 EBMT activity report: crossing one million HCTs and 20,000 CAR-T. A landmark i",https://media.springernature.com/original/springer-static/esm/art%3A10.1038%2Fs41409-026-02919-9/MediaObjects/41409_2026_2919_MOESM3_ESM.pdf,"Country line of Appendix 2024; format per header: Number of reporting centers: total 1st HCT (total all HCT) N allogeneic 1st HCT / N autologous 1st HCT, total 1st CAR-T (total all CAR-T) N allogeneic"
Russia,2024,EBMT activity survey,26,infusions,,,,,,,,,verified-from-source,"Greco R, Sánchez-Ortega I et al. The 2024 EBMT activity report: crossing one million HCTs and 20,000 CAR-T. A landmark i",https://media.springernature.com/original/springer-static/esm/art%3A10.1038%2Fs41409-026-02919-9/MediaObjects/41409_2026_2919_MOESM3_ESM.pdf,Total all CAR-T (first plus additional infusions) for Russia; first CAR-T 21; fetched 2026-09-05
Saudi Arabia,2021,EBMT activity survey,,patients,,0.62,EBMT published rate per 10 million / 10,,,,,,verified-from-source,"Greco R, Sánchez-Ortega I et al. The 2024 EBMT activity report: crossing one million HCTs and 20,000 CAR-T. A landmark i",https://media.springernature.com/original/springer-static/esm/art%3A10.1038%2Fs41409-026-02919-9/MediaObjects/41409_2026_2919_MOESM2_ESM.docx,Rate per 10 million population as printed (decimal comma in source); patient count for this country-year is not printed in any EBMT survey table (2018-2023 appendices list HCT only); count can be deri
Saudi Arabia,2022,EBMT activity survey,,patients,,0.75,EBMT published rate per 10 million / 10,,,,,,verified-from-source,"Greco R, Sánchez-Ortega I et al. The 2024 EBMT activity report: crossing one million HCTs and 20,000 CAR-T. A landmark i",https://media.springernature.com/original/springer-static/esm/art%3A10.1038%2Fs41409-026-02919-9/MediaObjects/41409_2026_2919_MOESM2_ESM.docx,Rate per 10 million population as printed (decimal comma in source); patient count for this country-year is not printed in any EBMT survey table (2018-2023 appendices list HCT only); count can be deri
Saudi Arabia,2023,EBMT activity survey,,patients,,2.31,EBMT published rate per 10 million / 10,,,,,,verified-from-source,"Greco R, Sánchez-Ortega I et al. The 2024 EBMT activity report: crossing one million HCTs and 20,000 CAR-T. A landmark i",https://media.springernature.com/original/springer-static/esm/art%3A10.1038%2Fs41409-026-02919-9/MediaObjects/41409_2026_2919_MOESM2_ESM.docx,Rate per 10 million population as printed (decimal comma in source); patient count for this country-year is not printed in any EBMT survey table (2018-2023 appendices list HCT only); count can be deri
Saudi Arabia,2024,EBMT activity survey,41,patients,,1.16,EBMT published rate per 10 million / 10,,,,,,verified-from-source,"Greco R, Sánchez-Ortega I et al. The 2024 EBMT activity report: crossing one million HCTs and 20,000 CAR-T. A landmark i",https://media.springernature.com/original/springer-static/esm/art%3A10.1038%2Fs41409-026-02919-9/MediaObjects/41409_2026_2919_MOESM3_ESM.pdf,"Country line of Appendix 2024; format per header: Number of reporting centers: total 1st HCT (total all HCT) N allogeneic 1st HCT / N autologous 1st HCT, total 1st CAR-T (total all CAR-T) N allogeneic"
Saudi Arabia,2024,EBMT activity survey,42,infusions,,,,,,,,,verified-from-source,"Greco R, Sánchez-Ortega I et al. The 2024 EBMT activity report: crossing one million HCTs and 20,000 CAR-T. A landmark i",https://media.springernature.com/original/springer-static/esm/art%3A10.1038%2Fs41409-026-02919-9/MediaObjects/41409_2026_2919_MOESM3_ESM.pdf,Total all CAR-T (first plus additional infusions) for Saudi Arabia; first CAR-T 41; fetched 2026-09-05
Serbia,2024,EBMT activity survey,0,patients,,,,,,,,,verified-from-source,"Greco R, Sánchez-Ortega I et al. The 2024 EBMT activity report: crossing one million HCTs and 20,000 CAR-T. A landmark i",https://media.springernature.com/original/springer-static/esm/art%3A10.1038%2Fs41409-026-02919-9/MediaObjects/41409_2026_2919_MOESM3_ESM.pdf,"Country line of Appendix 2024; format per header: Number of reporting centers: total 1st HCT (total all HCT) N allogeneic 1st HCT / N autologous 1st HCT, total 1st CAR-T (total all CAR-T) N allogeneic"
Singapore,2024,EBMT activity survey,12,patients,,,,,,,,,verified-from-source,"Greco R, Sánchez-Ortega I et al. The 2024 EBMT activity report: crossing one million HCTs and 20,000 CAR-T. A landmark i",https://media.springernature.com/original/springer-static/esm/art%3A10.1038%2Fs41409-026-02919-9/MediaObjects/41409_2026_2919_MOESM3_ESM.pdf,"Country line of Appendix 2024; format per header: Number of reporting centers: total 1st HCT (total all HCT) N allogeneic 1st HCT / N autologous 1st HCT, total 1st CAR-T (total all CAR-T) N allogeneic"
Singapore,2024,EBMT activity survey,12,infusions,,,,,,,,,verified-from-source,"Greco R, Sánchez-Ortega I et al. The 2024 EBMT activity report: crossing one million HCTs and 20,000 CAR-T. A landmark i",https://media.springernature.com/original/springer-static/esm/art%3A10.1038%2Fs41409-026-02919-9/MediaObjects/41409_2026_2919_MOESM3_ESM.pdf,Total all CAR-T (first plus additional infusions) for Singapore; first CAR-T 12; fetched 2026-09-05
Slovakia,2023,EBMT activity survey,,patients,,1.47,EBMT published rate per 10 million / 10,,,,,,verified-from-source,"Greco R, Sánchez-Ortega I et al. The 2024 EBMT activity report: crossing one million HCTs and 20,000 CAR-T. A landmark i",https://media.springernature.com/original/springer-static/esm/art%3A10.1038%2Fs41409-026-02919-9/MediaObjects/41409_2026_2919_MOESM2_ESM.docx,Rate per 10 million population as printed (decimal comma in source); patient count for this country-year is not printed in any EBMT survey table (2018-2023 appendices list HCT only); count can be deri
Slovakia,2024,EBMT activity survey,34,patients,,6.27,EBMT published rate per 10 million / 10,,,,,,verified-from-source,"Greco R, Sánchez-Ortega I et al. The 2024 EBMT activity report: crossing one million HCTs and 20,000 CAR-T. A landmark i",https://media.springernature.com/original/springer-static/esm/art%3A10.1038%2Fs41409-026-02919-9/MediaObjects/41409_2026_2919_MOESM3_ESM.pdf,"Country line of Appendix 2024; format per header: Number of reporting centers: total 1st HCT (total all HCT) N allogeneic 1st HCT / N autologous 1st HCT, total 1st CAR-T (total all CAR-T) N allogeneic"
Slovakia,2024,EBMT activity survey,34,infusions,,,,,,,,,verified-from-source,"Greco R, Sánchez-Ortega I et al. The 2024 EBMT activity report: crossing one million HCTs and 20,000 CAR-T. A landmark i",https://media.springernature.com/original/springer-static/esm/art%3A10.1038%2Fs41409-026-02919-9/MediaObjects/41409_2026_2919_MOESM3_ESM.pdf,Total all CAR-T (first plus additional infusions) for Slovakia; first CAR-T 34; fetched 2026-09-05
Slovenia,2020,EBMT activity survey,,patients,,0.95,EBMT published rate per 10 million / 10,,,,,,verified-from-source,"Greco R, Sánchez-Ortega I et al. The 2024 EBMT activity report: crossing one million HCTs and 20,000 CAR-T. A landmark i",https://media.springernature.com/original/springer-static/esm/art%3A10.1038%2Fs41409-026-02919-9/MediaObjects/41409_2026_2919_MOESM2_ESM.docx,Rate per 10 million population as printed (decimal comma in source); patient count for this country-year is not printed in any EBMT survey table (2018-2023 appendices list HCT only); count can be deri
Slovenia,2021,EBMT activity survey,,patients,,0.95,EBMT published rate per 10 million / 10,,,,,,verified-from-source,"Greco R, Sánchez-Ortega I et al. The 2024 EBMT activity report: crossing one million HCTs and 20,000 CAR-T. A landmark i",https://media.springernature.com/original/springer-static/esm/art%3A10.1038%2Fs41409-026-02919-9/MediaObjects/41409_2026_2919_MOESM2_ESM.docx,Rate per 10 million population as printed (decimal comma in source); patient count for this country-year is not printed in any EBMT survey table (2018-2023 appendices list HCT only); count can be deri
Slovenia,2022,EBMT activity survey,,patients,,2.37,EBMT published rate per 10 million / 10,,,,,,verified-from-source,"Greco R, Sánchez-Ortega I et al. The 2024 EBMT activity report: crossing one million HCTs and 20,000 CAR-T. A landmark i",https://media.springernature.com/original/springer-static/esm/art%3A10.1038%2Fs41409-026-02919-9/MediaObjects/41409_2026_2919_MOESM2_ESM.docx,Rate per 10 million population as printed (decimal comma in source); patient count for this country-year is not printed in any EBMT survey table (2018-2023 appendices list HCT only); count can be deri
Slovenia,2023,EBMT activity survey,,patients,,2.83,EBMT published rate per 10 million / 10,,,,,,verified-from-source,"Greco R, Sánchez-Ortega I et al. The 2024 EBMT activity report: crossing one million HCTs and 20,000 CAR-T. A landmark i",https://media.springernature.com/original/springer-static/esm/art%3A10.1038%2Fs41409-026-02919-9/MediaObjects/41409_2026_2919_MOESM2_ESM.docx,Rate per 10 million population as printed (decimal comma in source); patient count for this country-year is not printed in any EBMT survey table (2018-2023 appendices list HCT only); count can be deri
Slovenia,2024,EBMT activity survey,5,patients,,2.35,EBMT published rate per 10 million / 10,,,,,,verified-from-source,"Greco R, Sánchez-Ortega I et al. The 2024 EBMT activity report: crossing one million HCTs and 20,000 CAR-T. A landmark i",https://media.springernature.com/original/springer-static/esm/art%3A10.1038%2Fs41409-026-02919-9/MediaObjects/41409_2026_2919_MOESM3_ESM.pdf,"Country line of Appendix 2024; format per header: Number of reporting centers: total 1st HCT (total all HCT) N allogeneic 1st HCT / N autologous 1st HCT, total 1st CAR-T (total all CAR-T) N allogeneic"
Slovenia,2024,EBMT activity survey,5,infusions,,,,,,,,,verified-from-source,"Greco R, Sánchez-Ortega I et al. The 2024 EBMT activity report: crossing one million HCTs and 20,000 CAR-T. A landmark i",https://media.springernature.com/original/springer-static/esm/art%3A10.1038%2Fs41409-026-02919-9/MediaObjects/41409_2026_2919_MOESM3_ESM.pdf,Total all CAR-T (first plus additional infusions) for Slovenia; first CAR-T 5; fetched 2026-09-05
South Africa,2024,EBMT activity survey,0,patients,,,,,,,,,verified-from-source,"Greco R, Sánchez-Ortega I et al. The 2024 EBMT activity report: crossing one million HCTs and 20,000 CAR-T. A landmark i",https://media.springernature.com/original/springer-static/esm/art%3A10.1038%2Fs41409-026-02919-9/MediaObjects/41409_2026_2919_MOESM3_ESM.pdf,"Country line of Appendix 2024; format per header: Number of reporting centers: total 1st HCT (total all HCT) N allogeneic 1st HCT / N autologous 1st HCT, total 1st CAR-T (total all CAR-T) N allogeneic"
Spain,2018,EBMT activity survey,,patients,46782011,0.92,EBMT published rate per 10 million / 10,,,,,,verified-from-source,"Greco R, Sánchez-Ortega I et al. The 2024 EBMT activity report: crossing one million HCTs and 20,000 CAR-T. A landmark i",https://media.springernature.com/original/springer-static/esm/art%3A10.1038%2Fs41409-026-02919-9/MediaObjects/41409_2026_2919_MOESM2_ESM.docx,Rate per 10 million population as printed (decimal comma in source); patient count for this country-year is not printed in any EBMT survey table (2018-2023 appendices list HCT only); count can be deri
Spain,2019,EBMT activity survey,,patients,47118501,3.11,EBMT published rate per 10 million / 10,,,,,,verified-from-source,"Greco R, Sánchez-Ortega I et al. The 2024 EBMT activity report: crossing one million HCTs and 20,000 CAR-T. A landmark i",https://media.springernature.com/original/springer-static/esm/art%3A10.1038%2Fs41409-026-02919-9/MediaObjects/41409_2026_2919_MOESM2_ESM.docx,Rate per 10 million population as printed (decimal comma in source); patient count for this country-year is not printed in any EBMT survey table (2018-2023 appendices list HCT only); count can be deri
Spain,2019,Spanish Ministry of Health CAR-T expert-group circuit,159,patients,47118501,3.37,count / World Bank population,,,,,,verified-from-source,"Ministerio de Sanidad (Spain), Informe anual Terapias Avanzadas 2025 (solicitudes de tratamiento CAR-T, marzo 2019 - jun",https://www.sanidad.gob.es/areas/farmacia/infoMedicamentos/terapiasAvanzadas/docs/INFORME_ANUAL_FINAL_TA_2025.pdf,"Count = treatment REQUESTS (solicitudes) to the national SNS expert group, including re-evaluations, not infusions; 93.3% of requests were favourable over the period. per_10m converted from Tabla 3 'M"
Spain,2020,EBMT activity survey,,patients,47359424,6.21,EBMT published rate per 10 million / 10,,,,,,verified-from-source,"Greco R, Sánchez-Ortega I et al. The 2024 EBMT activity report: crossing one million HCTs and 20,000 CAR-T. A landmark i",https://media.springernature.com/original/springer-static/esm/art%3A10.1038%2Fs41409-026-02919-9/MediaObjects/41409_2026_2919_MOESM2_ESM.docx,Rate per 10 million population as printed (decimal comma in source); patient count for this country-year is not printed in any EBMT survey table (2018-2023 appendices list HCT only); count can be deri
Spain,2020,Spanish Ministry of Health CAR-T expert-group circuit,268,patients,47359424,5.66,count / World Bank population,,,,,,verified-from-source,"Ministerio de Sanidad (Spain), Informe anual Terapias Avanzadas 2025 (solicitudes de tratamiento CAR-T, marzo 2019 - jun",https://www.sanidad.gob.es/areas/farmacia/infoMedicamentos/terapiasAvanzadas/docs/INFORME_ANUAL_FINAL_TA_2025.pdf,"Count = treatment REQUESTS (solicitudes) to the national SNS expert group, including re-evaluations, not infusions; 93.3% of requests were favourable over the period. per_10m converted from Tabla 3 'M"
Spain,2021,EBMT activity survey,,patients,47443821,7.76,EBMT published rate per 10 million / 10,,,,,,verified-from-source,"Greco R, Sánchez-Ortega I et al. The 2024 EBMT activity report: crossing one million HCTs and 20,000 CAR-T. A landmark i",https://media.springernature.com/original/springer-static/esm/art%3A10.1038%2Fs41409-026-02919-9/MediaObjects/41409_2026_2919_MOESM2_ESM.docx,Rate per 10 million population as printed (decimal comma in source); patient count for this country-year is not printed in any EBMT survey table (2018-2023 appendices list HCT only); count can be deri
Spain,2021,Spanish Ministry of Health CAR-T expert-group circuit,295,patients,47443821,6.22,count / World Bank population,,,,,,verified-from-source,"Ministerio de Sanidad (Spain), Informe anual Terapias Avanzadas 2025 (solicitudes de tratamiento CAR-T, marzo 2019 - jun",https://www.sanidad.gob.es/areas/farmacia/infoMedicamentos/terapiasAvanzadas/docs/INFORME_ANUAL_FINAL_TA_2025.pdf,"Count = treatment REQUESTS (solicitudes) to the national SNS expert group, including re-evaluations, not infusions; 93.3% of requests were favourable over the period. per_10m converted from Tabla 3 'M"
Spain,2022,EBMT activity survey,,patients,47786102,7.71,EBMT published rate per 10 million / 10,,,,,,verified-from-source,"Greco R, Sánchez-Ortega I et al. The 2024 EBMT activity report: crossing one million HCTs and 20,000 CAR-T. A landmark i",https://media.springernature.com/original/springer-static/esm/art%3A10.1038%2Fs41409-026-02919-9/MediaObjects/41409_2026_2919_MOESM2_ESM.docx,Rate per 10 million population as printed (decimal comma in source); patient count for this country-year is not printed in any EBMT survey table (2018-2023 appendices list HCT only); count can be deri
Spain,2022,Spanish Ministry of Health CAR-T expert-group circuit,352,patients,47786102,7.37,count / World Bank population,,,,,,verified-from-source,"Ministerio de Sanidad (Spain), Informe anual Terapias Avanzadas 2025 (solicitudes de tratamiento CAR-T, marzo 2019 - jun",https://www.sanidad.gob.es/areas/farmacia/infoMedicamentos/terapiasAvanzadas/docs/INFORME_ANUAL_FINAL_TA_2025.pdf,"Count = treatment REQUESTS (solicitudes) to the national SNS expert group, including re-evaluations, not infusions; 93.3% of requests were favourable over the period. per_10m converted from Tabla 3 'M"
Spain,2023,EBMT activity survey,,patients,48352528,11.29,EBMT published rate per 10 million / 10,,,,,,verified-from-source,"Greco R, Sánchez-Ortega I et al. The 2024 EBMT activity report: crossing one million HCTs and 20,000 CAR-T. A landmark i",https://media.springernature.com/original/springer-static/esm/art%3A10.1038%2Fs41409-026-02919-9/MediaObjects/41409_2026_2919_MOESM2_ESM.docx,Rate per 10 million population as printed (decimal comma in source); patient count for this country-year is not printed in any EBMT survey table (2018-2023 appendices list HCT only); count can be deri
Spain,2023,Spanish Ministry of Health CAR-T expert-group circuit,430,patients,48352528,8.89,count / World Bank population,,,,,,verified-from-source,"Ministerio de Sanidad (Spain), Informe anual Terapias Avanzadas 2025 (solicitudes de tratamiento CAR-T, marzo 2019 - jun",https://www.sanidad.gob.es/areas/farmacia/infoMedicamentos/terapiasAvanzadas/docs/INFORME_ANUAL_FINAL_TA_2025.pdf,"Count = treatment REQUESTS (solicitudes) to the national SNS expert group, including re-evaluations, not infusions; 93.3% of requests were favourable over the period. per_10m converted from Tabla 3 'M"
Spain,2024,EBMT activity survey,763,patients,48848840,15.62,count / World Bank population,,,,,,verified-from-source,"Greco R, Sánchez-Ortega I et al. The 2024 EBMT activity report: crossing one million HCTs and 20,000 CAR-T. A landmark i",https://media.springernature.com/original/springer-static/esm/art%3A10.1038%2Fs41409-026-02919-9/MediaObjects/41409_2026_2919_MOESM3_ESM.pdf,"Country line of Appendix 2024; format per header: Number of reporting centers: total 1st HCT (total all HCT) N allogeneic 1st HCT / N autologous 1st HCT, total 1st CAR-T (total all CAR-T) N allogeneic"
Spain,2024,EBMT activity survey,776,infusions,48848840,15.89,count / World Bank population,,,,,,verified-from-source,"Greco R, Sánchez-Ortega I et al. The 2024 EBMT activity report: crossing one million HCTs and 20,000 CAR-T. A landmark i",https://media.springernature.com/original/springer-static/esm/art%3A10.1038%2Fs41409-026-02919-9/MediaObjects/41409_2026_2919_MOESM3_ESM.pdf,Total all CAR-T (first plus additional infusions) for Spain; first CAR-T 763; fetched 2026-09-05
Spain,2024,Spanish Ministry of Health CAR-T expert-group circuit,746,patients,48848840,15.27,count / World Bank population,,,,,,verified-from-source,"Ministerio de Sanidad (Spain), Informe anual Terapias Avanzadas 2025 (solicitudes de tratamiento CAR-T, marzo 2019 - jun",https://www.sanidad.gob.es/areas/farmacia/infoMedicamentos/terapiasAvanzadas/docs/INFORME_ANUAL_FINAL_TA_2025.pdf,"Count = treatment REQUESTS (solicitudes) to the national SNS expert group, including re-evaluations, not infusions; 93.3% of requests were favourable over the period. per_10m converted from Tabla 3 'M"
Spain,2025,Spanish Ministry of Health CAR-T expert-group circuit,492,patients,49355143,9.97,count / World Bank population,,,,,,verified-from-source,"Ministerio de Sanidad (Spain), Informe anual Terapias Avanzadas 2025 (solicitudes de tratamiento CAR-T, marzo 2019 - jun",https://www.sanidad.gob.es/areas/farmacia/infoMedicamentos/terapiasAvanzadas/docs/INFORME_ANUAL_FINAL_TA_2025.pdf,"First half of 2025 only (January-June). 40 designated centres (29 adult, 11 paediatric) after 2025 designations; 187 requesting hospitals."
Sweden,2018,EBMT activity survey,,patients,,0.99,EBMT published rate per 10 million / 10,,,,,,verified-from-source,"Greco R, Sánchez-Ortega I et al. The 2024 EBMT activity report: crossing one million HCTs and 20,000 CAR-T. A landmark i",https://media.springernature.com/original/springer-static/esm/art%3A10.1038%2Fs41409-026-02919-9/MediaObjects/41409_2026_2919_MOESM2_ESM.docx,Rate per 10 million population as printed (decimal comma in source); patient count for this country-year is not printed in any EBMT survey table (2018-2023 appendices list HCT only); count can be deri
Sweden,2019,EBMT activity survey,,patients,,1.17,EBMT published rate per 10 million / 10,,,,,,verified-from-source,"Greco R, Sánchez-Ortega I et al. The 2024 EBMT activity report: crossing one million HCTs and 20,000 CAR-T. A landmark i",https://media.springernature.com/original/springer-static/esm/art%3A10.1038%2Fs41409-026-02919-9/MediaObjects/41409_2026_2919_MOESM2_ESM.docx,Rate per 10 million population as printed (decimal comma in source); patient count for this country-year is not printed in any EBMT survey table (2018-2023 appendices list HCT only); count can be deri
Sweden,2020,EBMT activity survey,,patients,,1.65,EBMT published rate per 10 million / 10,,,,,,verified-from-source,"Greco R, Sánchez-Ortega I et al. The 2024 EBMT activity report: crossing one million HCTs and 20,000 CAR-T. A landmark i",https://media.springernature.com/original/springer-static/esm/art%3A10.1038%2Fs41409-026-02919-9/MediaObjects/41409_2026_2919_MOESM2_ESM.docx,Rate per 10 million population as printed (decimal comma in source); patient count for this country-year is not printed in any EBMT survey table (2018-2023 appendices list HCT only); count can be deri
Sweden,2021,EBMT activity survey,,patients,,3.08,EBMT published rate per 10 million / 10,,,,,,verified-from-source,"Greco R, Sánchez-Ortega I et al. The 2024 EBMT activity report: crossing one million HCTs and 20,000 CAR-T. A landmark i",https://media.springernature.com/original/springer-static/esm/art%3A10.1038%2Fs41409-026-02919-9/MediaObjects/41409_2026_2919_MOESM2_ESM.docx,Rate per 10 million population as printed (decimal comma in source); patient count for this country-year is not printed in any EBMT survey table (2018-2023 appendices list HCT only); count can be deri
Sweden,2022,EBMT activity survey,,patients,,3.06,EBMT published rate per 10 million / 10,,,,,,verified-from-source,"Greco R, Sánchez-Ortega I et al. The 2024 EBMT activity report: crossing one million HCTs and 20,000 CAR-T. A landmark i",https://media.springernature.com/original/springer-static/esm/art%3A10.1038%2Fs41409-026-02919-9/MediaObjects/41409_2026_2919_MOESM2_ESM.docx,Rate per 10 million population as printed (decimal comma in source); patient count for this country-year is not printed in any EBMT survey table (2018-2023 appendices list HCT only); count can be deri
Sweden,2023,EBMT activity survey,,patients,,4.94,EBMT published rate per 10 million / 10,,,,,,verified-from-source,"Greco R, Sánchez-Ortega I et al. The 2024 EBMT activity report: crossing one million HCTs and 20,000 CAR-T. A landmark i",https://media.springernature.com/original/springer-static/esm/art%3A10.1038%2Fs41409-026-02919-9/MediaObjects/41409_2026_2919_MOESM2_ESM.docx,Rate per 10 million population as printed (decimal comma in source); patient count for this country-year is not printed in any EBMT survey table (2018-2023 appendices list HCT only); count can be deri
Sweden,2024,EBMT activity survey,70,patients,,6.63,EBMT published rate per 10 million / 10,,,,,,verified-from-source,"Greco R, Sánchez-Ortega I et al. The 2024 EBMT activity report: crossing one million HCTs and 20,000 CAR-T. A landmark i",https://media.springernature.com/original/springer-static/esm/art%3A10.1038%2Fs41409-026-02919-9/MediaObjects/41409_2026_2919_MOESM3_ESM.pdf,"Country line of Appendix 2024; format per header: Number of reporting centers: total 1st HCT (total all HCT) N allogeneic 1st HCT / N autologous 1st HCT, total 1st CAR-T (total all CAR-T) N allogeneic"
Sweden,2024,EBMT activity survey,71,infusions,,,,,,,,,verified-from-source,"Greco R, Sánchez-Ortega I et al. The 2024 EBMT activity report: crossing one million HCTs and 20,000 CAR-T. A landmark i",https://media.springernature.com/original/springer-static/esm/art%3A10.1038%2Fs41409-026-02919-9/MediaObjects/41409_2026_2919_MOESM3_ESM.pdf,Total all CAR-T (first plus additional infusions) for Sweden; first CAR-T 70; fetched 2026-09-05
Tunisia,2024,EBMT activity survey,0,patients,,,,,,,,,verified-from-source,"Greco R, Sánchez-Ortega I et al. The 2024 EBMT activity report: crossing one million HCTs and 20,000 CAR-T. A landmark i",https://media.springernature.com/original/springer-static/esm/art%3A10.1038%2Fs41409-026-02919-9/MediaObjects/41409_2026_2919_MOESM3_ESM.pdf,"Country line of Appendix 2024; format per header: Number of reporting centers: total 1st HCT (total all HCT) N allogeneic 1st HCT / N autologous 1st HCT, total 1st CAR-T (total all CAR-T) N allogeneic"
Turkey,2019,EBMT activity survey,,patients,,0.04,EBMT published rate per 10 million / 10,,,,,,verified-from-source,"Greco R, Sánchez-Ortega I et al. The 2024 EBMT activity report: crossing one million HCTs and 20,000 CAR-T. A landmark i",https://media.springernature.com/original/springer-static/esm/art%3A10.1038%2Fs41409-026-02919-9/MediaObjects/41409_2026_2919_MOESM2_ESM.docx,Rate per 10 million population as printed (decimal comma in source); patient count for this country-year is not printed in any EBMT survey table (2018-2023 appendices list HCT only); count can be deri
Turkey,2022,EBMT activity survey,,patients,,0.05,EBMT published rate per 10 million / 10,,,,,,verified-from-source,"Greco R, Sánchez-Ortega I et al. The 2024 EBMT activity report: crossing one million HCTs and 20,000 CAR-T. A landmark i",https://media.springernature.com/original/springer-static/esm/art%3A10.1038%2Fs41409-026-02919-9/MediaObjects/41409_2026_2919_MOESM2_ESM.docx,Rate per 10 million population as printed (decimal comma in source); patient count for this country-year is not printed in any EBMT survey table (2018-2023 appendices list HCT only); count can be deri
Turkey,2023,EBMT activity survey,,patients,,0.08,EBMT published rate per 10 million / 10,,,,,,verified-from-source,"Greco R, Sánchez-Ortega I et al. The 2024 EBMT activity report: crossing one million HCTs and 20,000 CAR-T. A landmark i",https://media.springernature.com/original/springer-static/esm/art%3A10.1038%2Fs41409-026-02919-9/MediaObjects/41409_2026_2919_MOESM2_ESM.docx,Rate per 10 million population as printed (decimal comma in source); patient count for this country-year is not printed in any EBMT survey table (2018-2023 appendices list HCT only); count can be deri
Turkey,2024,EBMT activity survey,5,patients,,0.06,EBMT published rate per 10 million / 10,,,,,,verified-from-source,"Greco R, Sánchez-Ortega I et al. The 2024 EBMT activity report: crossing one million HCTs and 20,000 CAR-T. A landmark i",https://media.springernature.com/original/springer-static/esm/art%3A10.1038%2Fs41409-026-02919-9/MediaObjects/41409_2026_2919_MOESM3_ESM.pdf,"Country line of Appendix 2024; format per header: Number of reporting centers: total 1st HCT (total all HCT) N allogeneic 1st HCT / N autologous 1st HCT, total 1st CAR-T (total all CAR-T) N allogeneic"
Turkey,2024,EBMT activity survey,6,infusions,,,,,,,,,verified-from-source,"Greco R, Sánchez-Ortega I et al. The 2024 EBMT activity report: crossing one million HCTs and 20,000 CAR-T. A landmark i",https://media.springernature.com/original/springer-static/esm/art%3A10.1038%2Fs41409-026-02919-9/MediaObjects/41409_2026_2919_MOESM3_ESM.pdf,Total all CAR-T (first plus additional infusions) for Turkey; first CAR-T 5; fetched 2026-09-05
UK,2018,EBMT activity survey,,patients,66287000,0.6,EBMT published rate per 10 million / 10,914,3985,MM:914-3985,,,verified-from-source,"Greco R, Sánchez-Ortega I et al. The 2024 EBMT activity report: crossing one million HCTs and 20,000 CAR-T. A landmark i",https://media.springernature.com/original/springer-static/esm/art%3A10.1038%2Fs41409-026-02919-9/MediaObjects/41409_2026_2919_MOESM2_ESM.docx,Rate per 10 million population as printed (decimal comma in source); patient count for this country-year is not printed in any EBMT survey table (2018-2023 appendices list HCT only); count can be deri
UK,2019,EBMT activity survey,,patients,66628000,3.32,EBMT published rate per 10 million / 10,914,3985,MM:914-3985,,,verified-from-source,"Greco R, Sánchez-Ortega I et al. The 2024 EBMT activity report: crossing one million HCTs and 20,000 CAR-T. A landmark i",https://media.springernature.com/original/springer-static/esm/art%3A10.1038%2Fs41409-026-02919-9/MediaObjects/41409_2026_2919_MOESM2_ESM.docx,Rate per 10 million population as printed (decimal comma in source); patient count for this country-year is not printed in any EBMT survey table (2018-2023 appendices list HCT only); count can be deri
UK,2020,EBMT activity survey,,patients,66740000,3.99,EBMT published rate per 10 million / 10,914,3985,MM:914-3985,,,verified-from-source,"Greco R, Sánchez-Ortega I et al. The 2024 EBMT activity report: crossing one million HCTs and 20,000 CAR-T. A landmark i",https://media.springernature.com/original/springer-static/esm/art%3A10.1038%2Fs41409-026-02919-9/MediaObjects/41409_2026_2919_MOESM2_ESM.docx,Rate per 10 million population as printed (decimal comma in source); patient count for this country-year is not printed in any EBMT survey table (2018-2023 appendices list HCT only); count can be deri
UK,2021,EBMT activity survey,,patients,66978000,5.73,EBMT published rate per 10 million / 10,914,3985,MM:914-3985,,,verified-from-source,"Greco R, Sánchez-Ortega I et al. The 2024 EBMT activity report: crossing one million HCTs and 20,000 CAR-T. A landmark i",https://media.springernature.com/original/springer-static/esm/art%3A10.1038%2Fs41409-026-02919-9/MediaObjects/41409_2026_2919_MOESM2_ESM.docx,Rate per 10 million population as printed (decimal comma in source); patient count for this country-year is not printed in any EBMT survey table (2018-2023 appendices list HCT only); count can be deri
UK,2022,EBMT activity survey,,patients,67636000,5.55,EBMT published rate per 10 million / 10,914,3985,MM:914-3985,,,verified-from-source,"Greco R, Sánchez-Ortega I et al. The 2024 EBMT activity report: crossing one million HCTs and 20,000 CAR-T. A landmark i",https://media.springernature.com/original/springer-static/esm/art%3A10.1038%2Fs41409-026-02919-9/MediaObjects/41409_2026_2919_MOESM2_ESM.docx,Rate per 10 million population as printed (decimal comma in source); patient count for this country-year is not printed in any EBMT survey table (2018-2023 appendices list HCT only); count can be deri
UK,2023,EBMT activity survey,,patients,68526000,8.41,EBMT published rate per 10 million / 10,914,3985,MM:914-3985,,,verified-from-source,"Greco R, Sánchez-Ortega I et al. The 2024 EBMT activity report: crossing one million HCTs and 20,000 CAR-T. A landmark i",https://media.springernature.com/original/springer-static/esm/art%3A10.1038%2Fs41409-026-02919-9/MediaObjects/41409_2026_2919_MOESM2_ESM.docx,Rate per 10 million population as printed (decimal comma in source); patient count for this country-year is not printed in any EBMT survey table (2018-2023 appendices list HCT only); count can be deri
UK,2024,BSBMTCT registry,565,infusions,69281000,8.16,count / World Bank population,914,3985,MM:914-3985,14.2,61.8,verified-from-source,BSBMTCT (British Society of Blood and Marrow Transplantation and Cellular Therapy) UK & ROI activity 2024 web page (Tabl,https://bsbmtct.org/2024-activity/,Figures as summarised by the fetch tool from the activity table; internal breakdown is not fully consistent (UK 551 + ROI 0 vs total 565; 'first' CAR-T 562 = 14 allogeneic + 548 autologous; paediatric
UK,2024,EBMT activity survey,562,patients,69281000,8.11,count / World Bank population,914,3985,MM:914-3985,14.1,61.5,verified-from-source,"Greco R, Sánchez-Ortega I et al. The 2024 EBMT activity report: crossing one million HCTs and 20,000 CAR-T. A landmark i",https://media.springernature.com/original/springer-static/esm/art%3A10.1038%2Fs41409-026-02919-9/MediaObjects/41409_2026_2919_MOESM3_ESM.pdf,"Country line of Appendix 2024; format per header: Number of reporting centers: total 1st HCT (total all HCT) N allogeneic 1st HCT / N autologous 1st HCT, total 1st CAR-T (total all CAR-T) N allogeneic"
UK,2024,EBMT activity survey,565,infusions,69281000,8.16,count / World Bank population,914,3985,MM:914-3985,14.2,61.8,verified-from-source,"Greco R, Sánchez-Ortega I et al. The 2024 EBMT activity report: crossing one million HCTs and 20,000 CAR-T. A landmark i",https://media.springernature.com/original/springer-static/esm/art%3A10.1038%2Fs41409-026-02919-9/MediaObjects/41409_2026_2919_MOESM3_ESM.pdf,Total all CAR-T (first plus additional infusions) for United Kingdom; first CAR-T 562; fetched 2026-09-05
US,2016,CIBMTR,63,infusions,,,,6264,41368,ALL:400-3250; LBCL:2984-9678; MM:2880-28440,0.2,1.0,verified-from-source,"CIBMTR US Summary Slides 2025 (Broglie L, Xu K, Oloyede T, Chen M, Allbee-Johnson M), slide 37 'CAR-T infusions by indic",https://cibmtr.org/Files/Summary-Slides--Reports/2025-Summary-Slides-Final-for-WEB.pdf,Sum of the five indication segments read from the stacked bar (slide image OCR + visual check). Includes commercial and non-commercial (trial) CAR-T reported to CIBMTR; CIBMTR states it captures about
US,2017,CIBMTR,137,infusions,326608609,0.42,count / World Bank population,6264,41368,ALL:400-3250; LBCL:2984-9678; MM:2880-28440,0.3,2.2,verified-from-source,"CIBMTR US Summary Slides 2025 (Broglie L, Xu K, Oloyede T, Chen M, Allbee-Johnson M), slide 37 'CAR-T infusions by indic",https://cibmtr.org/Files/Summary-Slides--Reports/2025-Summary-Slides-Final-for-WEB.pdf,Sum of the five indication segments read from the stacked bar (slide image OCR + visual check). Includes commercial and non-commercial (trial) CAR-T reported to CIBMTR; CIBMTR states it captures about
US,2018,CIBMTR,910,infusions,328529577,2.77,count / World Bank population,6264,41368,ALL:400-3250; LBCL:2984-9678; MM:2880-28440,2.2,14.5,verified-from-source,"CIBMTR US Summary Slides 2025 (Broglie L, Xu K, Oloyede T, Chen M, Allbee-Johnson M), slide 37 'CAR-T infusions by indic",https://cibmtr.org/Files/Summary-Slides--Reports/2025-Summary-Slides-Final-for-WEB.pdf,Sum of the five indication segments read from the stacked bar (slide image OCR + visual check). Includes commercial and non-commercial (trial) CAR-T reported to CIBMTR; CIBMTR states it captures about
US,2019,CIBMTR,1525,infusions,330226227,4.62,count / World Bank population,6264,41368,ALL:400-3250; LBCL:2984-9678; MM:2880-28440,3.7,24.3,verified-from-source,"CIBMTR US Summary Slides 2025 (Broglie L, Xu K, Oloyede T, Chen M, Allbee-Johnson M), slide 37 'CAR-T infusions by indic",https://cibmtr.org/Files/Summary-Slides--Reports/2025-Summary-Slides-Final-for-WEB.pdf,Sum of the five indication segments read from the stacked bar (slide image OCR + visual check). Includes commercial and non-commercial (trial) CAR-T reported to CIBMTR; CIBMTR states it captures about
US,2020,CIBMTR,1690,infusions,331578104,5.1,count / World Bank population,6264,41368,ALL:400-3250; LBCL:2984-9678; MM:2880-28440,4.1,27.0,verified-from-source,"CIBMTR US Summary Slides 2025 (Broglie L, Xu K, Oloyede T, Chen M, Allbee-Johnson M), slide 37 'CAR-T infusions by indic",https://cibmtr.org/Files/Summary-Slides--Reports/2025-Summary-Slides-Final-for-WEB.pdf,Sum of the five indication segments read from the stacked bar (slide image OCR + visual check). Includes commercial and non-commercial (trial) CAR-T reported to CIBMTR; CIBMTR states it captures about
US,2021,CIBMTR,2312,infusions,332100166,6.96,count / World Bank population,6264,41368,ALL:400-3250; LBCL:2984-9678; MM:2880-28440,5.6,36.9,verified-from-source,"CIBMTR US Summary Slides 2025 (Broglie L, Xu K, Oloyede T, Chen M, Allbee-Johnson M), slide 37 'CAR-T infusions by indic",https://cibmtr.org/Files/Summary-Slides--Reports/2025-Summary-Slides-Final-for-WEB.pdf,Sum of the five indication segments read from the stacked bar (slide image OCR + visual check). Includes commercial and non-commercial (trial) CAR-T reported to CIBMTR; CIBMTR states it captures about
US,2022,CIBMTR,3761,infusions,333996304,11.26,count / World Bank population,6264,41368,ALL:400-3250; LBCL:2984-9678; MM:2880-28440,9.1,60.0,verified-from-source,"CIBMTR US Summary Slides 2025 (Broglie L, Xu K, Oloyede T, Chen M, Allbee-Johnson M), slide 37 'CAR-T infusions by indic",https://cibmtr.org/Files/Summary-Slides--Reports/2025-Summary-Slides-Final-for-WEB.pdf,Sum of the five indication segments read from the stacked bar (slide image OCR + visual check). Includes commercial and non-commercial (trial) CAR-T reported to CIBMTR; CIBMTR states it captures about
US,2023,CIBMTR,4903,infusions,336755052,14.56,count / World Bank population,6264,41368,ALL:400-3250; LBCL:2984-9678; MM:2880-28440,11.9,78.3,verified-from-source,"CIBMTR US Summary Slides 2025 (Broglie L, Xu K, Oloyede T, Chen M, Allbee-Johnson M), slide 37 'CAR-T infusions by indic",https://cibmtr.org/Files/Summary-Slides--Reports/2025-Summary-Slides-Final-for-WEB.pdf,Sum of the five indication segments read from the stacked bar (slide image OCR + visual check). Includes commercial and non-commercial (trial) CAR-T reported to CIBMTR; CIBMTR states it captures about
US,2024,CIBMTR,5266,infusions,340003797,15.49,count / World Bank population,6264,41368,ALL:400-3250; LBCL:2984-9678; MM:2880-28440,12.7,84.1,verified-from-source,"CIBMTR US Summary Slides 2025 (Broglie L, Xu K, Oloyede T, Chen M, Allbee-Johnson M), slide 37 'CAR-T infusions by indic",https://cibmtr.org/Files/Summary-Slides--Reports/2025-Summary-Slides-Final-for-WEB.pdf,Sum of the five indication segments read from the stacked bar (slide image OCR + visual check). Includes commercial and non-commercial (trial) CAR-T reported to CIBMTR; CIBMTR states it captures about
Ukraine,2024,EBMT activity survey,0,patients,,,,,,,,,verified-from-source,"Greco R, Sánchez-Ortega I et al. The 2024 EBMT activity report: crossing one million HCTs and 20,000 CAR-T. A landmark i",https://media.springernature.com/original/springer-static/esm/art%3A10.1038%2Fs41409-026-02919-9/MediaObjects/41409_2026_2919_MOESM3_ESM.pdf,"Country line of Appendix 2024; format per header: Number of reporting centers: total 1st HCT (total all HCT) N allogeneic 1st HCT / N autologous 1st HCT, total 1st CAR-T (total all CAR-T) N allogeneic"
United Arab Emirates,2024,EBMT activity survey,0,patients,,,,,,,,,verified-from-source,"Greco R, Sánchez-Ortega I et al. The 2024 EBMT activity report: crossing one million HCTs and 20,000 CAR-T. A landmark i",https://media.springernature.com/original/springer-static/esm/art%3A10.1038%2Fs41409-026-02919-9/MediaObjects/41409_2026_2919_MOESM3_ESM.pdf,"Country line of Appendix 2024; format per header: Number of reporting centers: total 1st HCT (total all HCT) N allogeneic 1st HCT / N autologous 1st HCT, total 1st CAR-T (total all CAR-T) N allogeneic"
