product,indication_key,indication_label,geography,measure_type,value_low,value_point,value_high,unit,estimate_year,as_of_date,verbatim,source_doc,source_url,status,notes,source_file,product_key,geography_norm,value_low_n,value_point_n,value_high_n,family,lo,hi,has_number,grade,excluded
Kymriah,ALL_ped,"Paediatric and young adult (up to 25 y) B-cell ALL refractory, in relapse post-transplant or in second or later relapse",US,gatekeeper_eligible,,400,,patients per year,2017,2018-03-23,Applying this estimate results in an annual eligible population for treatment with tisagenlecleucel of 400 patients.,"ICER, Chimeric Antigen Receptor T-Cell Therapy for B-Cell Cancers: Effectiveness and Value, Final Evidence Report, 23 March 2018",https://icer.org/wp-content/uploads/2020/10/ICER_CAR_T_Final_Evidence_Report_032318.pdf,verified-from-source,"Derivation (p.65-66): 2017 US ALL incidence 5,970 (SEER); under-25 cohort 3,651 (all under 20 plus 50% of 20-34); 82.5% B-ALL = 3,012; 3% refractory to initial therapy, 20% relapse; of relapsers 15% refractory to 2L and 36.5% relapse on 2L; result 400 per year.",eligible_E1a.csv,kymriah,US,,400.0,,annual,400.0,400.0,True,A,
Kymriah,ALL_ped,Paediatric and young adult r/r B-cell ALL (ICER executive summary budget-impact table),US,gatekeeper_eligible,,617,,patients per year,2017,2018-03-23,"Table ES21. Estimated Annualized Total Potential Budget Impact (BI) of Tisagenlecleucel Using Different Prices Over a Five-year Time Horizon, Assuming 617 Eligible Patients per Year","ICER, Chimeric Antigen Receptor T-Cell Therapy for B-Cell Cancers: Effectiveness and Value, Final Evidence Report, 23 March 2018",https://icer.org/wp-content/uploads/2020/10/ICER_CAR_T_Final_Evidence_Report_032318.pdf,verified-from-source,Internal inconsistency in the ICER report: executive-summary Table ES21 title assumes 617 eligible per year while the body text derives 400 per year. Treat 400-617 as the ICER range.,eligible_E1a.csv,kymriah,US,,617.0,,annual,617.0,617.0,True,A,
Kymriah,ALL_ped,"All ALL, US, all ages (denominator used by ICER)",US,incidence_rate,,5970,,"new cases per year (count, not rate)",2017,2018-03-23,"we first identified the estimated 2017 incidence of ALL in the US (5,970 patients), based on Surveillance, Epidemiology, and End Results (SEER) data.","ICER, Chimeric Antigen Receptor T-Cell Therapy for B-Cell Cancers: Effectiveness and Value, Final Evidence Report, 23 March 2018",https://icer.org/wp-content/uploads/2020/10/ICER_CAR_T_Final_Evidence_Report_032318.pdf,verified-from-source,"Count not rate. ICER then takes 3,651 under age 25 and 82.5% B-lineage = 3,012 B-ALL under 25 per year: 'Of the 3,651 remaining ALL patients, we estimated that 82.5% would have B-ALL (3,012 patients).'",eligible_E1a.csv,kymriah,US,,5970.0,,annual,5970.0,5970.0,False,A,
Kymriah,ALL_ped,"ALL diagnosed at age 20 and younger, US; share who could benefit from Kymriah",US,company_addressable,465,,620,patients per year,2017,2017-08-31,"roughly 3,100 patients age 20 and younger are diagnosed with ALL annually, and roughly 15% to 20% of them could benefit from Kymriah.","The Motley Fool, 'Novartis' $475,000 Price Tag Sets the Stage for a Price War With Gilead Sciences' (31 Aug 2017), reporting Novartis statements",https://www.fool.com/investing/2017/08/31/novartis-475000-price-tag-sets-the-stage-for-a-price-war-with-gilead-sciences.aspx,derived,"Arithmetic: 3,100 x 15% = 465; 3,100 x 20% = 620. The 3,100 and 15-20% are read in the secondary article (Novartis attribution); Novartis' own 30 Aug 2017 approval release (fetched) gives no patient count. A search summary also paraphrased 'about 600 would be considered candidates'.",eligible_E1a.csv,kymriah,US,465.0,,620.0,annual,465.0,620.0,True,A,
Kymriah,ALL_ped,"Relapsed or refractory B-cell ALL in people 25 years and under (NICE TA975, routine commissioning)",England,gatekeeper_eligible,,,100,patients per year,2024,2024-05-15,It is estimated that less than 100 children and young people in England are eligible for treatment with tisagenlecleucel.,NICE technology appraisal TA975 resource impact statement/summary report,https://www.nice.org.uk/guidance/ta975/resources/resource-impact-statement-13428537661,verified-from-source,"Upper bound only ('less than 100'). Page retrieved by curl (NICE returns 403 to the fetch tool). TA975 replaced TA554 (Dec 2018, CDF); TA554 resources page lists no resource impact document.",eligible_E1a.csv,kymriah,England,,,100.0,annual,,100.0,False,A,
Kymriah,ALL_ped,"Kinder, Jugendliche und junge erwachsene Patienten im Alter bis zu 25 Jahren mit refraktärer oder rezidivierter (Rezidiv nach Transplantation oder zweites oder späteres Rezidiv) akuter lymphatischer B-Zell-Leukämie (ALL)",Germany,gatekeeper_eligible,50,,65,"patients per year (GKV-insured target population, Germany)",2018,2019-03-07,ca. 50 – 65 Patienten,"G-BA Beschluss / Zusammenfassende Dokumentation, Tisagenlecleucel (ALL), D-376, Beschluss vom 7. März 2019",https://www.g-ba.de/downloads/40-268-5774/2019-03-07_AM-RL-XII_Tisagenlecleucel-ALL_D-376_ZD.pdf,verified-from-source,"Company dossier figure adopted by the G-BA; G-BA notes uncertainty (76% B-lineage share, relapse/refractory shares partly non-German). Same document records a stakeholder question citing 'jährliche Patientenzahlen von ca. 500 bis 770 Patienten' in the dossier, apparently across indications; not used.",eligible_E1a.csv,kymriah,Germany,50.0,,65.0,annual,50.0,65.0,True,A,
Kymriah,LBCL_3L,Adult r/r DLBCL after 2 or more lines of systemic therapy (ICER estimate made for axicabtagene ciloleucel; identical label population),US,gatekeeper_eligible,,5902,,patients per year,2016,2018-03-23,"In total, the annual eligible population for axicabtagene ciloleucel was estimated to be 5,902 patients.","ICER, Chimeric Antigen Receptor T-Cell Therapy for B-Cell Cancers: Effectiveness and Value, Final Evidence Report, 23 March 2018",https://icer.org/wp-content/uploads/2020/10/ICER_CAR_T_Final_Evidence_Report_032318.pdf,verified-from-source,"ICER modelled axi-cel but the population (r/r DLBCL after 2+ lines) is the Kymriah 2018 label population. See Yescarta rows for derivation (27,650 DLBCL incident 2016; 35% r/r = 9,678; transplant-ineligible 4,839 of which 49% = 2,371; transplant-eligible 4,839 of which 2,371 + 1,160).",eligible_E1a.csv,kymriah,US,,5902.0,,annual,5902.0,5902.0,True,A,
Kymriah,LBCL_3L,Erwachsene Patienten mit rezidiviertem oder refraktärem diffus großzelligem B-Zell-Lymphom (DLBCL) nach zwei oder mehr Linien einer systemischen Therapie,Germany,gatekeeper_eligible,440,,700,"patients per year (GKV-insured target population, Germany)",2018,2019-03-07,ca. 440 - 700 Patienten,"G-BA Beschluss, Tisagenlecleucel (DLBCL), D-375, Beschluss vom 7. März 2019",https://www.g-ba.de/downloads/39-261-3700/2019-03-07_AM-RL-XII_Tisagenlecleucel-DLBCL_D-375_BAnz.pdf,verified-from-source,Tragende Gründe (https://www.g-ba.de/downloads/40-268-5622/2019-03-07_AM-RL-XII_Tisagenlecleucel-DLBCL_D-375_TrG.pdf) say the company's incidence sources include other diffuse B-cell lymphoma forms and transferability to Germany is uncertain.,eligible_E1a.csv,kymriah,Germany,440.0,,700.0,annual,440.0,700.0,True,A,
Kymriah,LBCL_3L,"Erwachsenen Patienten mit rezidiviertem oder refraktärem diffus großzelligen B-Zell-Lymphom (DLBCL), nach zwei oder mehr Linien einer systemischen Therapie",Germany,gatekeeper_eligible,450,,720,"patients per year (GKV-insured target population, Germany)",2020,2020-09-17,ca. 450 – 720 Patienten,"G-BA Beschluss, Tisagenlecleucel (DLBCL, Neubewertung nach Fristablauf), D-530, Beschluss vom 17. September 2020",https://www.g-ba.de/downloads/39-261-4456/2020-09-17_AM-RL-XII_Tisagenlecleucel_DLBCL_D-530_BAnz.pdf,verified-from-source,Re-assessment after expiry of the 2019 decision; company dossier figure adopted.,eligible_E1a.csv,kymriah,Germany,450.0,,720.0,annual,450.0,720.0,True,A,
Kymriah,LBCL_3L,Diffuse large B-cell lymphoma after 2 or more systemic therapies (NICE TA567),England,gatekeeper_eligible,,,,patients per year,,2019-03-13,,NICE TA567 resources page,https://www.nice.org.uk/guidance/ta567/resources,not-found,"Resources page (retrieved by curl) lists no resource impact document for TA567, so no NICE eligible count is available for tisagenlecleucel in DLBCL. TA567 publication date from memory (March 2019), not verified.",eligible_E1a.csv,kymriah,England,,,,annual,,,False,X,
Kymriah,LBCL_3L,"r/r DLBCL, transformed FL and PMBCL (Australian public funding announcement)",Australia,gatekeeper_eligible,200,,250,patients per year,2020,2020,"Between 200 and 250 additional cancer patients with Diffuse Large B Cell Lymphoma, Transformed Follicular Lymphoma and Primary Mediastinal B Cell Lymphoma, are expected to benefit from access to tisagenlecleucel (Kymriah), each year.","Australian Government Department of Health, media release of the Hon Greg Hunt MP, 'Expanded access to cutting edge CAR T-cell therapy'",https://www.health.gov.au/ministers/the-hon-greg-hunt-mp/media/expanded-access-to-cutting-edge-car-t-cell-therapy,provisional-from-snippet,"Search-snippet text; page fetch timed out. Release date not verified (believed early 2020, when MSAC 1519.1 funding took effect). MSAC PSDs 1519 / 1519.1 / 1587 could not be downloaded (msac.gov.au timed out).",eligible_E1a.csv,kymriah,Australia,200.0,,250.0,annual,200.0,250.0,True,B,
Kymriah,LBCL_3L,"Adult r/r LBCL after 2 or more lines (CADTH review of lisocabtagene maraleucel, same label line)",Canada,gatekeeper_eligible,,,,patients per year,2022,2022-07,"It is estimated that 11,400 people living in Canada will be diagnosed with non-Hodgkin lymphoma each year and 3,000 will die.","CADTH Reimbursement Review, Lisocabtagene Maraleucel (Breyanzi), 3L LBCL, July 2022 (NCBI Bookshelf NBK603593)",https://www.ncbi.nlm.nih.gov/books/NBK603593/,not-found,Review gives NHL incidence and 'DLBCL represents 30% to 40% of all NHL cases' but no count of 3L-eligible patients (budget impact reported in dollars only).,eligible_E1a.csv,kymriah,Canada,,,,annual,,,False,X,
Kymriah,FL_3L,Erwachsene mit rezidiviertem oder refraktärem follikulärem Lymphom (FL) nach zwei oder mehr Linien einer systemischen Therapie,Germany,gatekeeper_eligible,650,,690,"patients per year (GKV-insured target population, Germany)",2022,2022-12-01,ca. 650 – 690 Patientinnen und Patienten,"G-BA Beschluss, Tisagenlecleucel (neues Anwendungsgebiet: follikuläres Lymphom, vorbehandelte Patienten), D-831, Beschluss vom 1. Dezember 2022",https://www.g-ba.de/downloads/91-1385-840/2022-12-01_Geltende-Fassung_Tisagenlecleucel_D-831.pdf,verified-from-source,Geltende Fassung of the Beschluss (valid to 1 Sep 2028). No US or England eligible count for Kymriah in FL was found.,eligible_E1a.csv,kymriah,Germany,650.0,,690.0,annual,650.0,690.0,True,A,
Yescarta,LBCL_3L,Adult r/r DLBCL (incl. transplant-ineligible and post-ASCT relapse) after 2 or more lines of systemic therapy,US,gatekeeper_eligible,,5902,,patients per year,2016,2018-03-23,"In total, the annual eligible population for axicabtagene ciloleucel was estimated to be 5,902 patients.","ICER, Chimeric Antigen Receptor T-Cell Therapy for B-Cell Cancers: Effectiveness and Value, Final Evidence Report, 23 March 2018",https://icer.org/wp-content/uploads/2020/10/ICER_CAR_T_Final_Evidence_Report_032318.pdf,verified-from-source,"Derivation p.66: DLBCL incidence 27,650 (2016, Teras et al.); 35% r/r = 9,678; 50% transplant-ineligible (4,839) of which 49% (2,371) failed salvage and eligible; transplant-eligible 4,839: 2,371 (49%) failed salvage plus 1,160 (47% of ASCT recipients not cured). ICER adds: 'we have not taken into consideration the current annual axicabtagene ciloleucel manufacturing capacity of 4,000 to 5,000 treatments per year.'",eligible_E1a.csv,yescarta,US,,5902.0,,annual,5902.0,5902.0,True,A,
Yescarta,LBCL_3L,"DLBCL, US, all patients (denominator used by ICER)",US,incidence_rate,,27650,,"new cases per year (count, not rate)",2016,2018-03-23,"we first identified the incidence of DLBCL (27,650 patients in 2016) as reported in a 2016 observational study by Teras et al.","ICER, Chimeric Antigen Receptor T-Cell Therapy for B-Cell Cancers: Effectiveness and Value, Final Evidence Report, 23 March 2018",https://icer.org/wp-content/uploads/2020/10/ICER_CAR_T_Final_Evidence_Report_032318.pdf,verified-from-source,"Count not rate. ICER: 'We assumed that 35% of all DLBCL patients relapsed or were refractory to chemotherapy' giving 9,678 r/r DLBCL per year.",eligible_E1a.csv,yescarta,US,,27650.0,,annual,27650.0,27650.0,False,A,
Yescarta,LBCL_3L,"r/r DLBCL after first-line and salvage (US, all r/r DLBCL before fitness filters)",US,annual_incident_eligible,,9678,,patients per year,2016,2018-03-23,"Based on a review by Freidberg, 50% of the 9,678 relapsed/refractory DLBCL patients were transplant ineligible, of which 49% (2,371 patients) did not respond to salvage chemotherapy and were eligible for treatment with axicabtagene ciloleucel.","ICER, Chimeric Antigen Receptor T-Cell Therapy for B-Cell Cancers: Effectiveness and Value, Final Evidence Report, 23 March 2018",https://icer.org/wp-content/uploads/2020/10/ICER_CAR_T_Final_Evidence_Report_032318.pdf,verified-from-source,"Intermediate ICER figure (35% of 27,650). Upper bound for any 2L+ CAR-T-eligible estimate in the US.",eligible_E1a.csv,yescarta,US,,9678.0,,annual,9678.0,9678.0,True,A,
Yescarta,LBCL_3L,"3L+ DLBCL patients in SEER-Medicare (aged 65+, fee-for-service Medicare), 2017-2020",US,annual_incident_eligible,,560,,patients per year (Medicare SEER areas only),2019,2025,"Between 2017 and 2020, 2241 patients were treated for 3L+ DLBCL in the SEER-Medicare data, of whom 122 (5.4%) received CAR-Ts.","Blood Advances 2025, 'Inequalities in CAR T-cell therapy access for US patients with relapsed/refractory DLBCL: a SEER-Medicare data analysis' (PMC12466227)",https://pmc.ncbi.nlm.nih.gov/articles/PMC12466227/,derived,"Arithmetic: 2,241 / 4 years = 560 per year, restricted to SEER-Medicare coverage (about a third of the US population, aged 65+). The fetch summary also paraphrased 'approximately 987 Medicare patients annually receive third-line or later therapy ... 6.3% of the roughly 15,673 total DLBCL cases'; those two numbers were not read verbatim and may belong to PMC12804711 (US claims study) instead.",eligible_E1a.csv,yescarta,US,,560.0,,annual,560.0,560.0,False,A,SEER-Medicare areas only (about a third of the US population aged 65 and over); not a national eligible count
Yescarta,LBCL_3L,"Adult r/r DLBCL, US claims-based incidence and share reaching 3L",US,incidence_rate,,15673,,"new cases per year (count, not rate)",2020,2025,"The incidence of DLBCL in the United States is 4.68 DLBCL cases per 100,000 person-years, resulting in 15,673 DLBCL cases per year ... Of the annual DLBCL cases, 987 (6.3%) received 3L therapy.",Search-result snippet attributed to 'Real-world treatment patterns and clinical outcomes among patients with diffuse large B-cell lymphoma in a US healthcare claims database' (PMC12804711) or PMC12466227,https://www.ncbi.nlm.nih.gov/pmc/articles/PMC12804711/,provisional-from-snippet,"Snippet only; article not fetched. Implies 987 patients per year reach 3L on this base (4.68 per 100,000 x US population). A second snippet in the same search stated 'approximately 22,000 new diagnoses of DLBCL in the United States each year'.",eligible_E1a.csv,yescarta,US,,15673.0,,annual,15673.0,15673.0,False,B,
Yescarta,LBCL_3L,"Diffuse large B-cell lymphoma and PMBCL after 2 or more systemic therapies (NICE TA872, routine commissioning)",England,gatekeeper_eligible,,,,patients per year,2023,2023-02-28,NICE has produced a resource impact template that incorporates the following technology appraisal guidance for diffuse large B-cell lymphoma after 2 or more systemic treatments,NICE TA872 resource impact template page (last updated 11 March 2024),https://www.nice.org.uk/guidance/ta872/resources/resource-impact-template-13309658173,not-found,"Page (retrieved by curl) only points to a combined Excel template covering TA872, TA927, TA947 and TA954; no eligible count is stated on the page. TA559 (Jan 2019, CDF) resources page lists no resource impact document either.",eligible_E1a.csv,yescarta,England,,,,annual,,,False,X,
Yescarta,LBCL_3L,"Erwachsene mit rezidiviertem oder refraktärem (r/r) diffus großzelligem B-Zell-Lymphom (DLBCL) und primär mediastinalem großzelligem B-Zell-Lymphom (PMBCL) nach zwei oder mehr systemischen Therapien, die für eine CAR-T-Zelltherapie oder Stammzelltransplantation infrage kommen",Germany,gatekeeper_eligible,680,,1200,"patients per year (GKV-insured target population, Germany)",2023,2023-12-21,ca. 680 bis 1 200 Patientinnen und Patienten,"G-BA Zusammenfassende Dokumentation, Axicabtagen-Ciloleucel (Neubewertung eines Orphan Drugs nach Überschreitung der 30 Mio. Euro Grenze: DLBCL und PMBCL), D-953, Beschluss vom 21.12.2023 (published 20 March 2024)",https://www.g-ba.de/downloads/40-268-10307/2023-12-21_AM-RL-XII_Axicabtagen-Ciloleucel_D-953_ZD.pdf,verified-from-source,"Population explicitly restricted to patients fit for CAR-T or stem cell transplant, hence comparable to NICE-style eligibility.",eligible_E1a.csv,yescarta,Germany,680.0,,1200.0,annual,680.0,1200.0,True,A,
Yescarta,LBCL_2L,"LBCL diagnosed per year, US, and share needing second-line treatment (Kite boilerplate)",US,incidence_rate,,18000,,"new cases per year (count, not rate)",2022,2022,"In the United States, more than 18,000 people are diagnosed with LBCL each year, and about 30-40% of patients with LBCL will need second-line treatment","Gilead/Kite press-release boilerplate on LBCL (search snippet; exact release not retrieved, Gilead newsroom URLs returned 404)",https://www.gilead.com/news/news-details/2024/new-kite-clinical-research-and-real-world-evidence-for-yescarta-demonstrate-benefit-from-earlier-lines-of-treatment,provisional-from-snippet,"Snippet only. Implied second-line need: 18,000 x 30-40% = 5,400-7,200 per year (see derived row). The 2L label is narrower (refractory to 1L or relapse within 12 months).",eligible_E1a.csv,yescarta,US,,18000.0,,annual,18000.0,18000.0,False,B,
Yescarta,LBCL_2L,"LBCL needing second-line treatment, US (all 2L, before the refractory/early-relapse restriction)",US,company_addressable,5400,,7200,patients per year,2022,2022,,Derived from the Kite boilerplate above,https://www.gilead.com/news/news-details/2024/new-kite-clinical-research-and-real-world-evidence-for-yescarta-demonstrate-benefit-from-earlier-lines-of-treatment,derived,"Arithmetic: 18,000 x 0.30 = 5,400; 18,000 x 0.40 = 7,200. Upper bound for the ZUMA-7 label population, which excludes relapses after 12 months and transplant-unfit patients.",eligible_E1a.csv,yescarta,US,5400.0,,7200.0,annual,5400.0,7200.0,True,A,
Yescarta,LBCL_2L,LBCL diagnosed in Europe in 2020 and share needing second-line treatment,EU,incidence_rate,,38000,,"new cases per year (count, not rate)",2020,2022-10-17,"In Europe it is estimated that up to 38,000 new cases of LBCL were diagnosed in 2020.","Gilead press release, 'Kite's Yescarta First CAR T-cell Therapy to Receive European Marketing Authorization for Use in Second-Line DLBCL and HGBL' (17 Oct 2022)",https://www.gilead.com/news/news-details/2022/kites-yescarta-first-car-t-cell-therapy-to-receive-european-marketing-authorization-for-use-in-second-line-diffuse-large-b-cell-lymphoma-and-high-grade-b-cell-lymphoma,verified-from-source,"Same release: 'Although 60% of newly diagnosed LBCL patients, including those with DLBCL, will respond to their initial treatment, 40% will relapse or will not respond and need second-line treatment.' 'Up to' 38,000 is an upper bound.",eligible_E1a.csv,yescarta,EU,,38000.0,,annual,38000.0,38000.0,False,A,
Yescarta,LBCL_2L,"LBCL needing second-line treatment, Europe (all 2L)",EU,company_addressable,,15200,,patients per year,2020,2022-10-17,,Derived from the Gilead 17 Oct 2022 release,https://www.gilead.com/news/news-details/2022/kites-yescarta-first-car-t-cell-therapy-to-receive-european-marketing-authorization-for-use-in-second-line-diffuse-large-b-cell-lymphoma-and-high-grade-b-cell-lymphoma,derived,"Arithmetic: 38,000 x 40% = 15,200 per year (upper bound; 'up to 38,000').",eligible_E1a.csv,yescarta,EU,,15200.0,,annual,15200.0,15200.0,True,A,
Yescarta,LBCL_2L,Relapsed or refractory diffuse large B-cell lymphoma after first-line chemoimmunotherapy (refractory or relapse within 12 months; NICE TA895),England,gatekeeper_eligible,,540,,patients per year,2023,2023-06-07,It is estimated that around 540 people per year with diffuse large B‑cell lymphoma are eligible for treatment with axicabtagene ciloleucel,NICE technology appraisal TA895 resource impact statement/summary report,https://www.nice.org.uk/guidance/ta895/resources/resource-impact-statement-13069465309,verified-from-source,"Page dated 7 June 2023, retrieved by curl. Same page: 'estimated to have a significant capacity impact when compared to non-CAR T-cell therapy treatment options'.",eligible_E1a.csv,yescarta,England,,540.0,,annual,540.0,540.0,True,A,
Yescarta,LBCL_2L,"DLBCL returned within a year or refractory to at least one therapy (NICE recommendation, April 2023)",England,gatekeeper_eligible,500,,,patients per year,2023,2023-04-27,"More than 500 patients with diffuse large B-cell lymphoma, whose cancer has either returned after a year or has resisted at least one therapy already, will be eligible for axicabtagene ciloleucel in England each year","National Health Executive, 'NHS to expand blood cancer treatment offering following NICE approval of two new CAR-T therapies' (27 April 2023)",https://www.nationalhealthexecutive.com/articles/nhs-expand-blood-cancer-treatment-offering-following-nice-approval-two-new-car-t-therapies,provisional-from-snippet,Secondary reporting of the NICE estimate (lower bound 'more than 500'); consistent with the 540 in the TA895 resource impact statement.,eligible_E1a.csv,yescarta,England,500.0,,,annual,500.0,,False,B,
Yescarta,LBCL_2L,"Erwachsene mit DLBCL oder HGBL, das innerhalb von 12 Monaten nach Abschluss einer Erstlinien-Chemoimmuntherapie rezidiviert oder gegenüber dieser refraktär ist, und für die eine Hochdosistherapie infrage kommt",Germany,gatekeeper_eligible,908,,1394,"patients per year (GKV-insured target population, Germany)",2024,2024-09-24,Tabelle 2: Anzahl der Patientinnen und Patienten in der GKV-Zielpopulation ... 908–1394 Die Angaben des pU zur Anzahl der Patientinnen und Patienten in der GKV-Zielpopulation sind unsicher.,"IQWiG Dossierbewertung A24-71, Axicabtagen-Ciloleucel (DLBCL und HGBL, Zweitlinie), Nutzenbewertung nach Ablauf der Befristung, 24 Sep 2024 (IQWiG-Berichte Nr. 1858)",https://www.g-ba.de/downloads/92-975-7748/2024-07-01_Nutzenbewertung-IQWiG_Axicabtagen-Ciloleucel_D-1078.pdf,verified-from-source,"Company (pU) figure, restricted to patients eligible for high-dose therapy with curative intent; IQWiG judges it uncertain. Steps: r/r after 1L 2838-4257 (30-45%); alive at 2 years 2293-3521; r/r within 12 months 1720-2640 (75%); fit for HDT 1040-1597 (60.5%); GKV share gives 908-1394. The earlier G-BA Beschluss for this indication (2023) was not retrieved.",eligible_E1a.csv,yescarta,Germany,908.0,,1394.0,annual,908.0,1394.0,True,A,
Yescarta,LBCL_2L,"r/r DLBCL or HGBL within 12 months of first-line, Germany, before high-dose-therapy fitness filter",Germany,annual_incident_eligible,1720,,2640,"patients per year (Germany, all insured)",2024,2024-09-24,Unter Annahme dieses Anteilswerts ermittelt der pU eine Spanne von 1720 bis 2640 Patientinnen und Patienten mit rezidivierter oder refraktärer Erkrankung innerhalb von 1 Jahr nach Abschluss der Erstlinientherapie.,IQWiG Dossierbewertung A24-71 (24 Sep 2024),https://www.g-ba.de/downloads/92-975-7748/2024-07-01_Nutzenbewertung-IQWiG_Axicabtagen-Ciloleucel_D-1078.pdf,verified-from-source,Intermediate step of the company derivation; useful as an upper bound for the 2L label population in Germany. 'Daraus resultiert eine Spanne von 2838 bis 4257 Patientinnen und Patienten mit einem Rezidiv oder refraktärer Erkrankung nach einer Erstlinientherapie.',eligible_E1a.csv,yescarta,Germany,1720.0,,2640.0,annual,1720.0,2640.0,True,A,
Yescarta,LBCL_2L,"DLBCL or HGBL refractory to first-line chemoimmunotherapy or relapsing within 12 months, candidates for ASCT (CADTH reimbursement review)",Canada,gatekeeper_eligible,,,,patients per year,2023,2023-02,"An estimated 11,400 people living in Canada will be diagnosed with NHL each year and 3,000 will die","CADTH Reimbursement Review, Axicabtagene Ciloleucel (Yescarta) for 2L LBCL, February 2023 (NCBI Bookshelf NBK601820)",https://www.ncbi.nlm.nih.gov/books/NBK601820/,not-found,"No explicit eligible count in the accessible review. Shares given: LBCL '30% to 40% of all cases' of NHL; '30% to 50% of patients are refractory to or relapse after first-line therapy'; 'Only about half of the patients with relapsed or refractory LBCL are fit enough for transplant'. CADTH market-share reanalysis 77.4%/87.6%/93.8% in years 1-3; budget impact CAD 103.1m, 117.5m, 127.1m.",eligible_E1a.csv,yescarta,Canada,,,,annual,,,False,X,
Yescarta,LBCL_2L,"r/r LBCL after first line, transplant-fit, Canada (arithmetic on CADTH shares)",Canada,annual_incident_eligible,513,,1140,patients per year,2023,2023-02,,Derived from CADTH NBK601820 statements,https://www.ncbi.nlm.nih.gov/books/NBK601820/,derived,"Arithmetic: 11,400 NHL x 30-40% LBCL = 3,420-4,560; x 30-50% r/r after 1L = 1,026-2,280; x 50% transplant-fit = 513-1,140. Not restricted to relapse within 12 months, so an upper bound.",eligible_E1a.csv,yescarta,Canada,513.0,,1140.0,annual,513.0,1140.0,True,A,
Yescarta,FL_3L,Relapsed or refractory follicular lymphoma after 3 or more systemic therapies (NICE TA894),England,gatekeeper_eligible,,,,patients per year,2023,2023-06,,NICE TA894 resources page,https://www.nice.org.uk/guidance/ta894/resources,not-found,Resources page (retrieved by curl) lists no resource impact document for TA894.,eligible_E1a.csv,yescarta,England,,,,annual,,,False,X,
Yescarta,FL_3L,Erwachsene Patienten mit rezidiviertem oder refraktärem (r/r) follikulärem Lymphom (FL) nach drei oder mehr systemischen Therapien,Germany,gatekeeper_eligible,,,,"patients per year (GKV-insured target population, Germany)",2023,2023-12-21,Dem Beschluss werden die Angaben des pharmazeutischen Unternehmers zu den Patientenzahlen zugrunde gelegt. Diese Angaben des pharmazeutischen Unternehmers sind mit Unsicherheiten behaftet.,"G-BA Tragende Gründe, Axicabtagen-Ciloleucel (FL, Neubewertung Orphan > 30 Mio), D-889, Beschluss vom 21.12.2023",https://www.g-ba.de/downloads/40-268-10060/2023-12-21_AM-RL-XII_Axicabtagen-Ciloleucel_D-889_TrG.pdf,not-found,"The Tragende Gründe discuss the derivation (FL prevalence, line-of-therapy shares) but the count itself is printed in the Beschluss text (BAnz PDF), whose URL was not located before the search budget ran out.",eligible_E1a.csv,yescarta,Germany,,,,annual,,,False,X,
Tecartus,MCL,"Adults with relapsed or refractory mantle cell lymphoma who have previously had a BTK inhibitor (NICE TA677, CDF)",England,gatekeeper_eligible,,110,,patients per year,2021,2021-02-24,It is estimated that around 110 adults per year with relapsed or refractory mantle cell lymphoma who have previously had a BTK inhibitor are eligible for treatment with KTE-X19 and around 100 will receive treatment from year 2 onwards once uptake reaches 90%.,NICE technology appraisal TA677 resource impact statement/summary report,https://www.nice.org.uk/guidance/ta677/resources/resource-impact-statement-9019539181,verified-from-source,"Page dated 24 February 2021, retrieved by curl.",eligible_E1a.csv,tecartus,England,,110.0,,annual,110.0,110.0,True,A,
Tecartus,MCL,"Erwachsene Patienten mit rezidiviertem oder refraktärem Mantelzell-Lymphom (MCL) nach zwei oder mehr systemischen Therapien, die einen Bruton-Tyrosinkinase-(BTK-)Inhibitor einschließen",Germany,gatekeeper_eligible,105,,150,"patients per year (GKV-insured target population, Germany)",2021,2021-08-05,ca. 105 – 150 Patienten,"G-BA Beschluss, Autologe Anti-CD19-transduzierte CD3-positive Zellen (Brexucabtagen-Autoleucel, MCL), D-633, Beschluss vom 5. August 2021",https://www.g-ba.de/downloads/39-261-4964/2021-08-05_AM-RL-XII_Autologe-Anti-CD19-transduzierte-CD3-positive-Zellen_D-633_BAnz.pdf,verified-from-source,Tragende Gründe (40-268-7740) note uncertainty about representativeness of the r/r MCL sample used by the company. G-BA restricted use to EMCL-Register centres because of the very small population.,eligible_E1a.csv,tecartus,Germany,105.0,,150.0,annual,105.0,150.0,True,A,
Tecartus,MCL,"Mantle cell lymphoma, US, all new cases (denominator)",US,incidence_rate,3500,,3800,"new cases per year (count, not rate)",2020,2023,"as of 2020, the incidence per 1,000,000 was 10.83 for the general population, which translates to approximately 3,500-3,800 new cases annually in the U.S.","Search-result snippet, ASH 2023 abstract 'A Retrospective Analysis of the Trends in Mantle Cell Lymphomas in the United States' (Blood 142 Suppl 1: 6165)",https://ashpublications.org/blood/article/142/Supplement%201/6165/500835/A-Retrospective-Analysis-of-the-Trends-in-Mantle,provisional-from-snippet,Snippet only. No US estimate of the post-BTK-inhibitor r/r MCL population was found for Tecartus.,eligible_E1a.csv,tecartus,US,3500.0,,3800.0,annual,3500.0,3800.0,False,B,
Tecartus,ALL_adult,"Relapsed or refractory B-cell acute lymphoblastic leukaemia in people 26 years and over (NICE TA893, CDF)",England,gatekeeper_eligible,,90,,patients per year,2023,2023-06-07,"It is estimated that around 90 people per year, with relapsed or refractory B‑cell acute lymphoblastic leukaemia who are 26 years and over are eligible for treatment with brexucabtagene autoleucel.",NICE technology appraisal TA893 resource impact statement/summary report,https://www.nice.org.uk/guidance/ta893/resources/resource-impact-statement-13069430317,verified-from-source,"Page dated 7 June 2023, retrieved by curl. England label age cut (26+) is narrower than the FDA label (18+).",eligible_E1a.csv,tecartus,England,,90.0,,annual,90.0,90.0,True,A,
Tecartus,ALL_adult,"r/r B-cell ALL aged 26 and older (NHS England estimate, April 2023)",England,gatekeeper_eligible,,,75,patients per year,2023,2023-04-27,"brexucabtagene autoleucel has been made available for those aged 26 and older who have returning or untreatable B-cell acute lymphoblastic leukaemia, which NHS England believes could benefit up to 75 patients a year.",National Health Executive (27 April 2023),https://www.nationalhealthexecutive.com/articles/nhs-expand-blood-cancer-treatment-offering-following-nice-approval-two-new-car-t-therapies,provisional-from-snippet,Secondary reporting; 'up to 75' likely reflects expected treated rather than eligible.,eligible_E1a.csv,tecartus,England,,,75.0,annual,,75.0,False,B,
Tecartus,ALL_adult,Erwachsene Patienten ab einem Alter von 26 Jahren mit rezidivierter oder refraktärer B-Zell-Vorläufer akuter lymphatischer Leukämie (ALL),Germany,gatekeeper_eligible,81,,200,"patients per year (GKV-insured target population, Germany)",2023,2023-03-16,ca. 81 – 200 Patientinnen und Patienten,"G-BA Zusammenfassende Dokumentation, Brexucabtagen-Autoleucel (ALL), D-875, Beschluss vom 16. März 2023 (published 15 Nov 2023)",https://www.g-ba.de/downloads/40-268-9952/2023-03-16_AM-RL-XII_Brexucabtagen-Autoleucel_D-875_ZD.pdf,verified-from-source,Based on IQWiG G22-34 and the inotuzumab ozogamicin decision (18 Jan 2018) whose range was '123 bis 200 Patientinnen und Patienten' for all adult r/r B-ALL; the 26+ restriction 'nur eine geringe Auswirkung auf die Patientenzahl hat'.,eligible_E1a.csv,tecartus,Germany,81.0,,200.0,annual,81.0,200.0,True,A,
Tecartus,ALL_adult,"Adult ALL, US, all new cases (denominator; Tecartus US label is adults 18+)",US,incidence_rate,,6500,,"new cases per year (count, not rate)",2023,2025-03,"according to the American Cancer Society is predicted to affect approximately 6,500 adults in the United States in 2023.",Autolus Therapeutics plc Form 10-K for FY2024,https://www.sec.gov/Archives/edgar/data/1730463/000173046325000019/autl-20241231.htm,verified-from-source,Same filing: 'Approximately 50% of all adult ALL patients will relapse'. See Aucatzyl rows for the derived r/r count; the Tecartus and Aucatzyl US label populations are the same (adult r/r B-cell precursor ALL).,eligible_E1a.csv,tecartus,US,,6500.0,,annual,6500.0,6500.0,False,A,
Breyanzi,LBCL_3L,"Rezidiviertes oder refraktäres diffus großzelliges B-Zell-Lymphom (DLBCL), primär mediastinales großzelliges B-Zell-Lymphom (PMBCL) und follikuläres Lymphom Grad 3B (FL3B) bei erwachsenen Patienten nach zwei oder mehr Linien einer systemischen Therapie",Germany,gatekeeper_eligible,1420,,1980,"patients per year (GKV-insured target population, Germany)",2021,2023-04-06,ca. 1420 - 1980 Patientinnen und Patienten,"G-BA Tragende Gründe, Lisocabtagen maraleucel (Breyanzi), D-867, Beschluss vom 06.04.2023",https://www.g-ba.de/downloads/40-268-9410/2023-04-06_AM-RL-XII_Lisocabtagen%20maraleucel_D-867_TrG.pdf,verified-from-source,"Company figure based on ZfKD incidence 2012-2017 projected to 2021; 'Es wird davon ausgegangen, dass 30 – 40 % der Patientinnen und Patienten ein Rezidiv oder einen Progress nach einer Erstlinientherapie erleiden.' Unlike the axi-cel and tisa-cel figures, not restricted to CAR-T-fit patients, which explains the higher range.",eligible_E1a.csv,breyanzi,Germany,1420.0,,1980.0,annual,1420.0,1980.0,True,A,
Breyanzi,LBCL_3L,"Adult r/r LBCL after 2 or more lines of systemic therapy (CADTH review, July 2022)",Canada,gatekeeper_eligible,,,,patients per year,2022,2022-07,"It is estimated that 11,400 people living in Canada will be diagnosed with non-Hodgkin lymphoma each year and 3,000 will die.","CADTH Reimbursement Review, Lisocabtagene Maraleucel (Breyanzi), 3L LBCL (NCBI Bookshelf NBK603593)",https://www.ncbi.nlm.nih.gov/books/NBK603593/,not-found,"No eligible count; CADTH reanalysis 3-year incremental cost CAD 6.88m (years 1-3: 0.66m, 4.01m, 2.21m) at CAD 501,900 per dose, which implies only a few patients per year were expected to be treated. NICE TA (liso-cel 3L, ID1684) was not identified.",eligible_E1a.csv,breyanzi,Canada,,,,annual,,,False,X,
Breyanzi,LBCL_2L,Relapsed or refractory large B-cell lymphoma after first-line chemoimmunotherapy when a stem cell transplant is suitable (NICE TA1048),England,gatekeeper_eligible,565,,592,patients per year,2025,2025-03-26,Table 1 Population expected to be eligible for and have liso-cel in England ... People eligible for liso-cel 565 570 576 581 587 592 ... The following assumptions have been used to calculate the eligible population: 27% of people progress to second-line treatment; an autologous stem cell transplant is suitable for 50% of people.,NICE TA1048 resource impact summary report (26 March 2025),https://www.nice.org.uk/guidance/ta1048/resources/resource-impact-summary-report-15301309501,verified-from-source,"Eligible 565 (current practice), 570 (2024/25), 576, 581, 587, 592 (2028/29). Expected uptake 10-30% giving 'People having liso-cel each year 0 57 86 116 147 178'. Same population as Yescarta TA895 (540), which shares the line.",eligible_E1a.csv,breyanzi,England,565.0,,592.0,annual,565.0,592.0,True,A,
Breyanzi,LBCL_2L,"Relapsed or refractory large B-cell lymphoma (NICE approval, Feb 2025)",England,gatekeeper_eligible,,600,,patients per year,2025,2025-02-21,NICE estimates that approximately 600 patients in England could benefit from the therapy each year.,"AABB News, 'UK's NICE Approves Liso-cel for NHS England' (21 Feb 2025)",https://www.aabb.org/news-resources/news/article/2025/02/21/uk-s-nice-approves-liso-cel-for-nhs-england,provisional-from-snippet,Secondary reporting; rounds the TA1048 figure.,eligible_E1a.csv,breyanzi,England,,600.0,,annual,600.0,600.0,True,B,
Breyanzi,LBCL_2L,"DLBCL, HGBL, PMBCL or FL3B relapsed within 12 months of or refractory to first-line immunochemotherapy (HAS avis, population cible cumulée sur 3 ans)",France,gatekeeper_eligible,,602,,patients per year,2024,,"The budgetary impact associated with the introduction of BREYANZI represents an increase in health insurance spending in the indication of +28% for a target population of 1,805 cumulative patients over 3 years.","HAS, BREYANZI (lisocabtagene maraleucel) LDGCB/LHGCB/LMPGCB/LF3B après échec de première ligne, avis de la Commission de la Transparence (search-result summary of has-sante.fr page)",https://www.has-sante.fr/jcms/p_3465836/fr/breyanzi-lisocabtagene-maraleucel-lymphome-diffus-a-grandes-cellules-b-ldgcb-lymphome-de-haut-grade-a-cellules-b-lhgcb-lymphome-mediastinal-primitif-a-grandes-cellules-b-lmpgcb-et-lymphome-folliculaire-de-grade-3b-lf3b,derived,"1,805 cumulative over 3 years / 3 = 602 per year (arithmetic). Snippet in English paraphrase; the HAS site returned 403 / aborted on every direct fetch, so the avis date and French wording are unverified. Other HAS avis (Kymriah LDGCB CT-19042, Tecartus CT-19043, Yescarta) could not be read.",eligible_E1a.csv,breyanzi,France,,602.0,,annual,602.0,602.0,True,A,
Breyanzi,CLL,"Chronic lymphocytic leukemia, US, all new cases (denominator; Breyanzi CLL/SLL label requires prior BTK inhibitor and BCL-2 inhibitor)",US,incidence_rate,,22760,,"new cases per year (count, not rate)",2026,2026,"For 2026, the American Cancer Society estimates about 22,760 new cases of CLL.","American Cancer Society, Key Statistics for Chronic Lymphocytic Leukemia (search snippet)",https://www.cancer.org/cancer/types/chronic-lymphocytic-leukemia/about/key-statistics.html,provisional-from-snippet,Snippet only. No estimate of the double-refractory (post-BTKi and post-venetoclax) CLL population was found; treat the CLL eligible population as a gap.,eligible_E1a.csv,breyanzi,US,,22760.0,,annual,22760.0,22760.0,False,B,
Breyanzi,FL_3L,"Follicular lymphoma, US, all new cases (denominator; label is r/r FL after 2 or more lines)",US,incidence_rate,,13960,,"new cases per year (count, not rate)",2012,2022,"An estimated incidence of 3.4 per 100,000 population (from 2011 to 2012) translates to about 13,960 new cases per year in the United States.",Search snippet from 'Investigation of the incidence trend of follicular lymphoma from 2008 to 2017 in Taiwan and the United States using population-based data' (PMC8929617),https://www.ncbi.nlm.nih.gov/pmc/articles/PMC8929617/,provisional-from-snippet,"Snippet only. No estimate of the 3L+ FL population eligible for CAR-T in the US was found for Breyanzi, Kymriah or Yescarta.",eligible_E1a.csv,breyanzi,US,,13960.0,,annual,13960.0,13960.0,False,B,
Breyanzi,MCL,"Mantle cell lymphoma, US, all new cases (denominator; label is r/r MCL after 2 or more lines including a BTK inhibitor)",US,incidence_rate,3500,,3800,"new cases per year (count, not rate)",2020,2023,"as of 2020, the incidence per 1,000,000 was 10.83 for the general population, which translates to approximately 3,500-3,800 new cases annually in the U.S.","Search-result snippet, ASH 2023 abstract (Blood 142 Suppl 1: 6165)",https://ashpublications.org/blood/article/142/Supplement%201/6165/500835/A-Retrospective-Analysis-of-the-Trends-in-Mantle,provisional-from-snippet,"Snippet only; see Tecartus MCL rows for England (110) and Germany (105-150), which share the post-BTKi MCL population.",eligible_E1a.csv,breyanzi,US,3500.0,,3800.0,annual,3500.0,3800.0,False,B,
Aucatzyl,ALL_adult,Adults (18+) with relapsed or refractory B-cell precursor ALL (US label); adult ALL new cases as denominator,US,incidence_rate,,6500,,"new cases per year (count, not rate)",2023,2025-03,"according to the American Cancer Society is predicted to affect approximately 6,500 adults in the United States in 2023.",Autolus Therapeutics plc Form 10-K for FY2024,https://www.sec.gov/Archives/edgar/data/1730463/000173046325000019/autl-20241231.htm,verified-from-source,Filing date taken as March 2025 from the accession number; day not verified.,eligible_E1a.csv,aucatzyl,US,,6500.0,,annual,6500.0,6500.0,False,A,
Aucatzyl,ALL_adult,"Adult ALL patients who relapse, US (arithmetic on Autolus 10-K statements)",US,company_addressable,,3250,,patients per year,2023,2025-03,Approximately 50% of all adult ALL patients will relapse,Autolus Therapeutics plc Form 10-K for FY2024,https://www.sec.gov/Archives/edgar/data/1730463/000173046325000019/autl-20241231.htm,derived,"Arithmetic: 6,500 x 50% = 3,250 relapsed adult ALL per year; excludes primary refractory patients and does not subtract those unfit for CAR-T. The 10-K gives no explicit addressable-population figure.",eligible_E1a.csv,aucatzyl,US,,3250.0,,annual,3250.0,3250.0,True,A,
Aucatzyl,ALL_adult,"Adult ALL, US and EU combined: new cases and relapsed/refractory patients per year (Autolus corporate materials)",US and EU,company_addressable,,3000,,patients per year,2024,2024,"Approximately 8,400 new cases of adult ALL are diagnosed every year in the US and EU, with around 3,000 patients in the relapsed refractory setting.",Autolus corporate presentation / investor materials (search-result summary; exact document not retrieved),https://quartr.com/events/autolus-therapeutics-autl-corporate-presentation_FLfrkeW2,provisional-from-snippet,"Snippet only; the 8,400 incident cases is a combined US+EU figure. Applies equally to the Tecartus adult ALL population.",eligible_E1a.csv,aucatzyl,US,,3000.0,,annual,3000.0,3000.0,True,B,
Aucatzyl,ALL_adult,Relapsed or refractory B-cell precursor ALL in adults 26 years and over (NICE TA1116),England,gatekeeper_eligible,,50,,patients per year,2025,2025-12-11,The eligible population is estimated to be around 50 people.,NICE TA1116 resource impact summary report (11 December 2025),https://www.nice.org.uk/guidance/ta1116/resources/resource-impact-summary-report-15546945565,verified-from-source,Page retrieved by curl. Lower than the TA893 brexu-cel figure (90) for the same population two years earlier. NICE guidance (NCBI NBK620353) adds: 'around 22.5% of people having tisagenlecleucel in the NHS are aged 18 to 25 years'. G-BA and HAS assessments of obe-cel were not located before the search budget ran out.,eligible_E1a.csv,aucatzyl,England,,50.0,,annual,50.0,50.0,True,A,
Abecma,MM_5L,r/r MM after 4 or more prior lines (triple-class exposed/refractory); US 2021 Abecma and 2022 Carvykti labels,US,gatekeeper_eligible,,10580,,"patients per year initiating treatment (eligible for BCMA CAR-T, both products combined)",2021,2021-05-11,"We assumed that 20% of these patients would initiate treatment in each of the five years, or approximately 10,580 patients eligible for CAR-T therapy and 4,900 eligible for belantamab each year.","ICER, Anti B-Cell Maturation Antigen CAR T-cell and Antibody Drug Conjugate Therapy for Heavily Pre-Treated Relapsed and Refractory Multiple Myeloma, Final Report, 11 May 2021 (updated 9 July 2021), potential budget impact section",https://icer.org/wp-content/uploads/2020/10/ICER_Multiple-Myeloma_Final-Report_Update_09102021.pdf,verified-from-source,"ICER derivation: 'It is estimated that 140,000 Americans are living with MM' x 70% refractory to CD38 antibodies = 98,000; 54% triple/quad-refractory = 52,900; 20% initiate per year = 10,580. Population is 'at a minimum triple-class refractory' heavily pre-treated MM, matching the 2021/2022 US labels (4+ prior lines). Identical row recorded under both Abecma and Carvykti.",eligible_E1b.csv,abecma,US,,10580.0,,annual,10580.0,10580.0,True,A,
Abecma,MM_5L,r/r MM after 4 or more prior lines (triple-class exposed/refractory); US 2021 Abecma and 2022 Carvykti labels,US,gatekeeper_eligible,,5290,,"patients per year allocated to this CAR-T (ICER split of the 10,580 eligible population in half)",2021,2021-05-11,"Because the CAR-T therapies will be launched (if cilta-cel is approved) within a short period of each other, the eligible population of approximately 10,580 triple or quad-refractory patients per year was split in half between the two interventions (approximately 5,290 per year per CAR-T therapy).","ICER, Anti B-Cell Maturation Antigen CAR T-cell and Antibody Drug Conjugate Therapy for Heavily Pre-Treated Relapsed and Refractory Multiple Myeloma, Final Report, 11 May 2021 (updated 9 July 2021), potential budget impact section",https://icer.org/wp-content/uploads/2020/10/ICER_Multiple-Myeloma_Final-Report_Update_09102021.pdf,verified-from-source,"Modelling allocation, not an epidemiological count; use 10,580 as the class-level eligible population.",eligible_E1b.csv,abecma,US,,5290.0,,annual,5290.0,5290.0,False,A,ICER's arbitrary split of the eligible population between two products; not an eligible count
Abecma,MM_5L,r/r MM after 4 or more prior lines (triple-class exposed/refractory); US 2021 Abecma and 2022 Carvykti labels,US,prevalent_eligible,,52900,,prevalent US patients classified as triple- or quad-refractory (2021),2021,2021-05-11,"Therefore, we estimated approximately 98,000 MM patients are refractory to CD38-targeting antibodies, with approximately 52,900 classified as triple or quad-refractory and 24,500 classified as at least penta-refractory in the US.","ICER, Anti B-Cell Maturation Antigen CAR T-cell and Antibody Drug Conjugate Therapy for Heavily Pre-Treated Relapsed and Refractory Multiple Myeloma, Final Report, 11 May 2021 (updated 9 July 2021), potential budget impact section",https://icer.org/wp-content/uploads/2020/10/ICER_Multiple-Myeloma_Final-Report_Update_09102021.pdf,verified-from-source,"Stock (prevalent pool), not an annual flow; ICER converts it to a flow by assuming 20% initiate treatment each year. | family set by override: prevalent triple- or quad-refractory pool; the annual initiating count (10580) is the eligible flow used for oncology products",eligible_E1b.csv,abecma,US,,52900.0,,disease_prevalence,52900.0,52900.0,True,A,
Abecma,MM_5L,patients reaching a 5th line of therapy (proxy for 'after 4 or more prior lines'),US,annual_incident_eligible,2880,,7920,patients per year (incident cohort reaching 5th line),2026,2020-11-10,Only 8% of total non-transplant patients and 22% of total transplant patients received a fifth LOT.,"Fonseca R et al., Frontline treatment patterns and attrition rates by subsequent lines of therapy in patients with newly diagnosed multiple myeloma, BMC Cancer 2020;20:1087 (PMC7656738); incidence from SEER Cancer Stat Facts: Myeloma (36,000 new cases 2026)",https://pmc.ncbi.nlm.nih.gov/articles/PMC7656738/,derived,"36,000 x 0.08 = 2,880 (all non-transplant) to 36,000 x 0.22 = 7,920 (all transplant); true mix lies between. Attrition data from US claims/EHR databases 2000s-2010s, before modern quadruplets; not restricted to triple-class refractory.",eligible_E1b.csv,abecma,US,2880.0,,7920.0,annual,2880.0,7920.0,True,A,
Abecma,MM_4L,"r/r MM after at least 3 prior therapies incl. IMiD, PI and anti-CD38, progression on last therapy (EU 2021/2022 labels)",UK,annual_incident_eligible,,980,,patients per year reaching a 4th or later line,2022,2016-07,almost all patients diagnosed with symptomatic MM who were treated by haematologists received at least one line of active treatment (95%) whereas only 15% received a fourth or further line,"Yong K et al., Multiple myeloma: patient outcomes in real-world practice, Br J Haematol 2016;175:252-264 (PMC5096152); incidence from Cancer Research UK (6,532 new myeloma cases per year, 2019, 2021-2022)",https://pmc.ncbi.nlm.nih.gov/articles/PMC5096152/,derived,"6,532 x 0.15 = 980. Share from a 2014 retrospective chart review in Belgium, France, Germany, Italy, Spain, Switzerland and UK (4,997 charts), not UK-specific. No NICE figure exists because the Abecma (TA936, TA1084) and Carvykti (TA889) appraisals were terminated.",eligible_E1b.csv,abecma,UK,,980.0,,annual,980.0,980.0,True,A,
Carvykti,MM_5L,r/r MM after 4 or more prior lines (triple-class exposed/refractory); US 2021 Abecma and 2022 Carvykti labels,US,gatekeeper_eligible,,10580,,"patients per year initiating treatment (eligible for BCMA CAR-T, both products combined)",2021,2021-05-11,"We assumed that 20% of these patients would initiate treatment in each of the five years, or approximately 10,580 patients eligible for CAR-T therapy and 4,900 eligible for belantamab each year.","ICER, Anti B-Cell Maturation Antigen CAR T-cell and Antibody Drug Conjugate Therapy for Heavily Pre-Treated Relapsed and Refractory Multiple Myeloma, Final Report, 11 May 2021 (updated 9 July 2021), potential budget impact section",https://icer.org/wp-content/uploads/2020/10/ICER_Multiple-Myeloma_Final-Report_Update_09102021.pdf,verified-from-source,"ICER derivation: 'It is estimated that 140,000 Americans are living with MM' x 70% refractory to CD38 antibodies = 98,000; 54% triple/quad-refractory = 52,900; 20% initiate per year = 10,580. Population is 'at a minimum triple-class refractory' heavily pre-treated MM, matching the 2021/2022 US labels (4+ prior lines). Identical row recorded under both Abecma and Carvykti.",eligible_E1b.csv,carvykti,US,,10580.0,,annual,10580.0,10580.0,True,A,
Carvykti,MM_5L,r/r MM after 4 or more prior lines (triple-class exposed/refractory); US 2021 Abecma and 2022 Carvykti labels,US,gatekeeper_eligible,,5290,,"patients per year allocated to this CAR-T (ICER split of the 10,580 eligible population in half)",2021,2021-05-11,"Because the CAR-T therapies will be launched (if cilta-cel is approved) within a short period of each other, the eligible population of approximately 10,580 triple or quad-refractory patients per year was split in half between the two interventions (approximately 5,290 per year per CAR-T therapy).","ICER, Anti B-Cell Maturation Antigen CAR T-cell and Antibody Drug Conjugate Therapy for Heavily Pre-Treated Relapsed and Refractory Multiple Myeloma, Final Report, 11 May 2021 (updated 9 July 2021), potential budget impact section",https://icer.org/wp-content/uploads/2020/10/ICER_Multiple-Myeloma_Final-Report_Update_09102021.pdf,verified-from-source,"Modelling allocation, not an epidemiological count; use 10,580 as the class-level eligible population.",eligible_E1b.csv,carvykti,US,,5290.0,,annual,5290.0,5290.0,False,A,ICER's arbitrary split of the eligible population between two products; not an eligible count
Carvykti,MM_5L,r/r MM after 4 or more prior lines (triple-class exposed/refractory); US 2021 Abecma and 2022 Carvykti labels,US,prevalent_eligible,,52900,,prevalent US patients classified as triple- or quad-refractory (2021),2021,2021-05-11,"Therefore, we estimated approximately 98,000 MM patients are refractory to CD38-targeting antibodies, with approximately 52,900 classified as triple or quad-refractory and 24,500 classified as at least penta-refractory in the US.","ICER, Anti B-Cell Maturation Antigen CAR T-cell and Antibody Drug Conjugate Therapy for Heavily Pre-Treated Relapsed and Refractory Multiple Myeloma, Final Report, 11 May 2021 (updated 9 July 2021), potential budget impact section",https://icer.org/wp-content/uploads/2020/10/ICER_Multiple-Myeloma_Final-Report_Update_09102021.pdf,verified-from-source,"Stock (prevalent pool), not an annual flow; ICER converts it to a flow by assuming 20% initiate treatment each year. | family set by override: prevalent triple- or quad-refractory pool; the annual initiating count (10580) is the eligible flow used for oncology products",eligible_E1b.csv,carvykti,US,,52900.0,,disease_prevalence,52900.0,52900.0,True,A,
Carvykti,MM_5L,patients reaching a 5th line of therapy (proxy for 'after 4 or more prior lines'),US,annual_incident_eligible,2880,,7920,patients per year (incident cohort reaching 5th line),2026,2020-11-10,Only 8% of total non-transplant patients and 22% of total transplant patients received a fifth LOT.,"Fonseca R et al., Frontline treatment patterns and attrition rates by subsequent lines of therapy in patients with newly diagnosed multiple myeloma, BMC Cancer 2020;20:1087 (PMC7656738); incidence from SEER Cancer Stat Facts: Myeloma (36,000 new cases 2026)",https://pmc.ncbi.nlm.nih.gov/articles/PMC7656738/,derived,"36,000 x 0.08 = 2,880 (all non-transplant) to 36,000 x 0.22 = 7,920 (all transplant); true mix lies between. Attrition data from US claims/EHR databases 2000s-2010s, before modern quadruplets; not restricted to triple-class refractory.",eligible_E1b.csv,carvykti,US,2880.0,,7920.0,annual,2880.0,7920.0,True,A,
Carvykti,MM_4L,"r/r MM after at least 3 prior therapies incl. IMiD, PI and anti-CD38, progression on last therapy (EU 2021/2022 labels)",UK,annual_incident_eligible,,980,,patients per year reaching a 4th or later line,2022,2016-07,almost all patients diagnosed with symptomatic MM who were treated by haematologists received at least one line of active treatment (95%) whereas only 15% received a fourth or further line,"Yong K et al., Multiple myeloma: patient outcomes in real-world practice, Br J Haematol 2016;175:252-264 (PMC5096152); incidence from Cancer Research UK (6,532 new myeloma cases per year, 2019, 2021-2022)",https://pmc.ncbi.nlm.nih.gov/articles/PMC5096152/,derived,"6,532 x 0.15 = 980. Share from a 2014 retrospective chart review in Belgium, France, Germany, Italy, Spain, Switzerland and UK (4,997 charts), not UK-specific. No NICE figure exists because the Abecma (TA936, TA1084) and Carvykti (TA889) appraisals were terminated.",eligible_E1b.csv,carvykti,UK,,980.0,,annual,980.0,980.0,True,A,
Abecma,MM_3L,"r/r MM after at least 2 prior therapies incl. IMiD, PI and anti-CD38 (US and EU 2024 Abecma labels)",US,label_indication,,,,,2024,2024-04-05,"For the treatment of adult patients with relapsed or refractory multiple myeloma after two or more prior lines of therapy including an immunomodulatory agent (IMiD), a proteasome inhibitor (PI), and an anti-CD38 monoclonal antibody","Bristol Myers Squibb press release, U.S. FDA Approves Bristol Myers Squibb and 2seventy bio's Abecma for Triple-Class Exposed Relapsed or Refractory Multiple Myeloma After Two Prior Lines of Therapy, 5 April 2024",https://news.bms.com/news/details/2024/U.S.-FDA-Approves-Bristol-Myers-Squibb-and-2seventy-bios-Abecma-for-Triple-Class-Exposed-Relapsed-or-Refractory-Multiple-Myeloma-After-Two-Prior-Lines-of-Therapy/default.aspx,verified-from-source,Original US label (26 March 2021) required four or more prior lines (MM_5L). The press release gives no eligible-population count; no BMS or 2seventy addressable-population figure was found (2seventy IR site no longer resolves after the 2025 BMS acquisition).,eligible_E1b.csv,abecma,US,,,,prevalent,,,False,A,
Abecma,MM_all,all multiple myeloma (not label-restricted),US,incidence_rate,,36000,,"estimated new cases of myeloma in 2026, US (population base: whole US population; rate 7.4 per 100,000 per year, 2019-2023)",2026,2026-09-05,"Estimated New Cases in 2026: 36,000; Estimated Deaths in 2026: 10,850; rate of new cases 7.4 per 100,000 men and women per year",NCI SEER Cancer Stat Facts: Myeloma (accessed 5 Sep 2026),https://seer.cancer.gov/statfacts/html/mulmy.html,verified-from-source,ACS projections reproduced by SEER. Applies to Carvykti too.,eligible_E1b.csv,abecma,US,,36000.0,,annual,36000.0,36000.0,False,A,
Abecma,MM_all,all multiple myeloma (not label-restricted),US,prevalence_rate,,202793,,people living with myeloma in the US in 2023 (population base: whole US population),2023,2026-09-05,"202,793 people living with myeloma in the United States (2023)",NCI SEER Cancer Stat Facts: Myeloma (accessed 5 Sep 2026),https://seer.cancer.gov/statfacts/html/mulmy.html,verified-from-source,"Compare ICER's 2021 assumption of 140,000 Americans living with MM. Applies to Carvykti too.",eligible_E1b.csv,abecma,US,,202793.0,,prevalent,202793.0,202793.0,False,A,
Abecma,MM_3L,"r/r MM after at least 2 prior therapies incl. IMiD, PI and anti-CD38 (US and EU 2024 Abecma labels)",US,annual_incident_eligible,8530,,19620,patients per year reaching a 3rd line of therapy (incident-cohort basis),2026,2020-11-10,"After frontline therapy, 43% of non-transplant patients and 79% of transplant patients received a second LOT, and of these, only 55% and 69% went on to receiving a third LOT, respectively.","Fonseca R et al., Frontline treatment patterns and attrition rates by subsequent lines of therapy in patients with newly diagnosed multiple myeloma, BMC Cancer 2020;20:1087 (PMC7656738); incidence from SEER Cancer Stat Facts: Myeloma (36,000 new cases 2026)",https://pmc.ncbi.nlm.nih.gov/articles/PMC7656738/,derived,"36,000 x 0.43 x 0.55 = 8,514 (all non-transplant) to 36,000 x 0.79 x 0.69 = 19,624 (all transplant); rounded. Not restricted to triple-class exposed patients, so an upper bound for the 2024 label.",eligible_E1b.csv,abecma,US,8530.0,,19620.0,annual,8530.0,19620.0,True,A,
Abecma,MM_all,all multiple myeloma (not label-restricted),UK,incidence_rate,,6532,,"new myeloma cases per year, UK (average of 2019, 2021-2022; population base whole UK)",2022,2026-09-05,"6,532 new myeloma cases in the UK every year, 2019, 2021-2022, UK.","Cancer Research UK, Myeloma statistics (accessed 5 Sep 2026)",https://www.cancerresearchuk.org/health-professional/cancer-statistics/statistics-by-cancer-type/myeloma,verified-from-source,"England is roughly 84% of the UK population (about 5,500 cases). Applies to Carvykti too.",eligible_E1b.csv,abecma,UK,,6532.0,,annual,6532.0,6532.0,False,A,
Abecma,MM_4L,NICE TA936: after 3 or more treatments; NICE TA1084: after 2 to 4 treatments,England,gatekeeper_eligible,,,,,,2025,Idecabtagene vicleucel for treating relapsed and refractory multiple myeloma after 3 or more treatments (terminated appraisal),"NICE TA936 (terminated appraisal) and TA1084 (terminated appraisal, after 2 to 4 treatments)",https://www.nice.org.uk/guidance/ta936,not-found,"Both NICE appraisals of Abecma were terminated (no committee papers, no resource impact report), so no NICE count of eligible people in England exists. The brief's TA1027 is tebentafusp for uveal melanoma, not Abecma.",eligible_E1b.csv,abecma,England,,,,unspecified,,,False,X,
Abecma,MM_3L,"r/r MM after at least 2 prior therapies incl. IMiD, PI and anti-CD38 (US and EU 2024 Abecma labels)",UK,annual_incident_eligible,914,,2482,patients per year reaching a 3rd line of therapy,2022,2020-11-10,"In similar analyses of European patients with NDMM, 32-61%, 14-38%, 15%, and 1% received a second, third, fourth, and fifth LOT","Fonseca R et al., Frontline treatment patterns and attrition rates by subsequent lines of therapy in patients with newly diagnosed multiple myeloma, BMC Cancer 2020;20:1087 (PMC7656738) (summary of European studies); incidence from Cancer Research UK (6,532 new myeloma cases per year)",https://pmc.ncbi.nlm.nih.gov/articles/PMC7656738/,derived,"6,532 x 0.14 = 914 to 6,532 x 0.38 = 2,482. European shares pooled from several chart reviews; not UK-specific and not restricted to triple-class exposed patients.",eligible_E1b.csv,abecma,UK,914.0,,2482.0,annual,914.0,2482.0,True,A,
Abecma,MM_4L,"Erwachsene mit rezidiviertem und refraktaerem multiplen Myelom, die mindestens drei vorausgegangene Therapien, einschliesslich eines Immunmodulators, eines Proteasominhibitors und eines Anti-CD38-Antikoerpers, erhalten und unter der letzten Therapie eine Krankheitsprogression gezeigt haben",Germany,gatekeeper_eligible,1200,,1300,patients per year in the GKV (statutory health insurance) target population,2022,2022-06-16,ca. 1 200 - 1 300 Patientinnen und Patienten,"G-BA Beschluss ueber eine Aenderung der Arzneimittel-Richtlinie Anlage XII: Idecabtagen vicleucel (Multiples Myelom, mind. 3 Vortherapien), Beschluss vom 16. Juni 2022 (BAnz AT 16.08.2022 B5), section 2 Anzahl der Patientinnen und Patienten",https://www.g-ba.de/downloads/39-261-5470/2022-06-16_AM-RL-XII_Idecabtagen%20vicleucel_D-779_BAnz.pdf,verified-from-source,GKV covers about 88% of the German population; scale by ~1.13 for a national figure. The 2023 Carvykti decision re-used this figure uprated by 0.80%/yr.,eligible_E1b.csv,abecma,Germany,1200.0,,1300.0,annual,1200.0,1300.0,True,A,
Abecma,MM_3L,"Erwachsene mit rezidiviertem und refraktaerem multiplem Myelom, die mindestens 2 vorausgegangene Therapien, einschliesslich eines Immunmodulators, eines Proteasominhibitors und eines Anti-CD38-Antikoerpers, erhalten und unter der letzten Therapie eine Krankheitsprogression gezeigt haben",Germany,gatekeeper_eligible,4900,,5250,patients per year in the GKV (statutory health insurance) target population,2024,2024-09-19,ca. 4 900 bis 5 250 Patientinnen und Patienten,"G-BA Beschluss AM-RL Anlage XII: Idecabtagen vicleucel (Neubewertung Orphan > 30 Mio, mind. 3 Vortherapien; neues Anwendungsgebiet mind. 2 Vortherapien), Beschluss vom 19. September 2024 (BAnz AT 07.11.2024 B3), section 2",https://www.g-ba.de/downloads/39-261-6798/2024-09-19_AM-RL-XII_Idecabtagen-vicleucel_D-1057_BAnz.pdf,verified-from-source,Single count given for the >=2 prior therapies population (which contains the >=3 group). Roughly 4x the 2022 >=3-prior-therapies estimate. Decision amended 19 Dec 2024 (beschluesse/6967) - amendment not checked for changed numbers.,eligible_E1b.csv,abecma,Germany,4900.0,,5250.0,annual,4900.0,5250.0,True,A,
Abecma,MM_4L,"patients adultes atteints d'un myelome multiple en rechute et refractaire ayant recu au moins trois traitements anterieurs, incluant un agent immunomodulateur, un inhibiteur de proteasome et un anticorps anti CD38, et dont la maladie a progresse pendant le dernier traitement",France,gatekeeper_eligible,,740,,patients per year (stated as a maximum),2021,2021-12-15,La population cible d'ABECMA (idecabtagene vicleucel) est estimee au maximum a 740 patients par an.,"HAS Commission de la Transparence, Avis ABECMA (idecabtagene vicleucel), premiere evaluation, 15 decembre 2021 (CT-19358), section Population cible",https://www.has-sante.fr/upload/docs/evamed/CT-19358_ABECMA_PIC_INS_AvisDef_CT19358.pdf,verified-from-source,"Upper bound: 5,442 new MM/plasmacytoma cases in France 2018; 15-20% asymptomatic; 4,352-4,622 need first-line treatment; EMMY real-world study: 16% of patients started a 4th line; assumes all had received anti-CD38, PI and IMiD. HAS server returns 403 to direct fetch; text read from the web.archive.org copy of the PDF.",eligible_E1b.csv,abecma,France,,740.0,,annual,740.0,740.0,True,A,
Abecma,MM_all,all multiple myeloma and plasmacytoma (not label-restricted),France,incidence_rate,,5442,,"new cases of multiple myeloma and plasmacytoma, France, 2018 (population base whole France)",2018,2021-12-15,"En France, en 2018, le nombre de nouveaux cas de myelome multiple et de plasmocytome a ete estime a 5 442","HAS Commission de la Transparence, Avis ABECMA, 15 decembre 2021 (CT-19358), section Population cible",https://www.has-sante.fr/upload/docs/evamed/CT-19358_ABECMA_PIC_INS_AvisDef_CT19358.pdf,verified-from-source,"Same avis: 16% of treated patients start a 4th line (EMMY study, 1,929 patients treated 2017-2018). Applies to Carvykti too.",eligible_E1b.csv,abecma,France,,5442.0,,unspecified,5442.0,5442.0,False,A,
Abecma,MM_4L,"r/r MM after at least 3 prior therapies incl. IMiD, PI and anti-CD38, progression on last therapy (EU 2021/2022 labels)",France,gatekeeper_eligible,,1034,,"patients, cumulative over 3 years (population cible used in the CEESP budget impact)",2022,2021-11-23,"L'impact budgetaire associe a l'introduction d'ide-cel sur le marche represente une augmentation des depenses de l'assurance maladie dans cette indication de 93%, pour une population cible de 1 034 patients cumules sur 3 ans.","HAS page ABECMA (idecabtagene vicleucel), summary of the CEESP avis economique of 23 novembre 2021",https://www.has-sante.fr/jcms/p_3308681/fr/abecma-idecabtagene-vicleucel,verified-from-source,About 345 patients per year if spread evenly - below the CT's 740/yr maximum. Full economic avis PDF: https://www.has-sante.fr/upload/docs/application/pdf/2022-01/abecma_23112021_avis_economique.pdf (not retrieved).,eligible_E1b.csv,abecma,France,,1034.0,,annual,1034.0,1034.0,False,A,"cumulative over three years, not a per-year count (the 740 per year row stands)"
Abecma,MM_3L,"patients adultes atteints d'un myelome multiple en rechute et refractaire ayant recu au moins deux traitements anterieurs, incluant un agent immunomodulateur (IMID), un inhibiteur du proteasome (IP) et un anticorps anti-CD38, et dont la maladie a progresse pendant le dernier traitement",France,gatekeeper_eligible,,1600,,"patients per year (population cible, 'environ')",2024,2024-07-17,La population cible est estimee a environ 1 600 patients.,"HAS Commission de la Transparence, Avis ABECMA extension d'indication, adopte le 17 juillet 2024 (CT-20857)",https://www.has-sante.fr/upload/docs/evamed/CT-20857_ABECMA_PIC_EI_AvisDef_CT20857.pdf,verified-from-source,Roughly 2.2x the 2021 4L+ maximum of 740. Text read through a reader proxy of the HAS PDF (direct fetch 403).,eligible_E1b.csv,abecma,France,,1600.0,,annual,1600.0,1600.0,True,A,
Abecma,MM_4L,"saihatsu mata wa nanjisei no tahatsusei kotsuzuishu, >=3 prior therapies incl. IMiD, PI and anti-CD38 (Japanese label)",Japan,company_addressable,,149,,patients treated per year at peak (applicant market forecast accepted at NHI price listing; peak = 10th fiscal year after listing),2031,2022-04-13,予測年度 １０年度 / 予測本剤投与患者数 １４９人 / 予測販売金額(ピーク時) ４９億円,"MHLW, Chuikyo general assembly 13 April 2022, So-2: 再生医療等製品の保険償還価格の算定について アベクマ点滴静注 (idecabtagene vicleucel)",https://www.mhlw.go.jp/content/12404000/000928315.pdf,verified-from-source,"Forecast of patients treated, not eligible - a lower bound on the Japanese eligible population. Listed 20 Apr 2022 at 32,647,761 yen per patient; approval 20 Jan 2022. Japanese label: no prior BCMA CAR-T; >=3 prior therapies incl. IMiD, PI, anti-CD38; progression or relapse after last therapy.",eligible_E1b.csv,abecma,Japan,,149.0,,annual,149.0,149.0,False,A,"peak treated-per-year forecast accepted at price listing, not an eligible count"
Abecma,MM_4L,"r/r MM after at least 3 prior therapies incl. IMiD, PI and anti-CD38 (Canadian indication)",Canada,gatekeeper_eligible,251,,325,"patients eligible per year (sponsor budget impact estimate; years 1-3: 251, 325, 268)",2023,2022-02,Year 1: 251 patients; Year 2: 325 patients; Year 3: 268 patients (sponsor estimate of the eligible population),"CADTH Reimbursement Review, Idecabtagene Vicleucel (Abecma), Pharmacoeconomic Review Report, February 2022 (NCBI Bookshelf NBK595403)",https://www.ncbi.nlm.nih.gov/books/NBK595403/,provisional-from-snippet,"Figures taken from a fetch summary of the budget impact analysis, exact table cells not seen. CADTH reanalysis removed the sponsor's compassionate-care and ECOG exclusions, giving a larger (uncaptured) population. Sponsor assumed ~30% of prevalent cases aged 20-79 were in 4th-line-or-later settings. A capacity-constrained scenario gives 177, 310 and 354 treatable patients in years 1-3.",eligible_E1b.csv,abecma,Canada,251.0,,325.0,annual,251.0,325.0,True,B,
Carvykti,MM_2L,"r/r MM after at least 1 prior line incl. IMiD and PI, lenalidomide-refractory, progression on last therapy (Carvykti 2024 labels)",US,label_indication,,,,,2024,2024-04-05,"one prior line of therapy including a proteasome inhibitor (""PI"") and an immunomodulatory agent (""IMiD""), have demonstrated disease progression on the last therapy and are refractory to lenalidomide","Legend Biotech Form 20-F for fiscal year 2025 (filed 2026), business description of the April 2024 FDA approval",https://www.sec.gov/Archives/edgar/data/1801198/000180119826000008/legn-20251231.htm,verified-from-source,Original US label (28 Feb 2022): after four or more prior lines (MM_5L). EU label since April 2024 identical in scope to the US 2024 label.,eligible_E1b.csv,carvykti,US,,,,unspecified,,,False,A,
Carvykti,MM_2L,"r/r MM after at least 1 prior line incl. IMiD and PI, lenalidomide-refractory, progression on last therapy (Carvykti 2024 labels)",US,company_addressable,,,,,,2026-03,(no eligible-population or incidence figure in the filing),Legend Biotech Form 20-F FY2025 (filed 2026) and FY2024; Legend JPM 2026 presentation (investors.legendbiotech.com/node/9361/pdf) not retrievable (timeout),https://www.sec.gov/Archives/edgar/data/1801198/000180119826000008/legn-20251231.htm,not-found,"Neither Legend's 20-F filings nor the J&J/Legend 2024 approval releases state an eligible 2L+ population. Legend does state Raritan capacity of 10,000 patients per year, being expanded toward 20,000 doses (per 2025-2026 releases, not verified here).",eligible_E1b.csv,carvykti,US,,,,annual,,,False,X,
Carvykti,MM_2L,"r/r MM after at least 1 prior line incl. IMiD and PI, lenalidomide-refractory, progression on last therapy (Carvykti 2024 labels)",US,annual_incident_eligible,15480,,28440,"patients per year reaching a 2nd line of therapy (incident-cohort basis, not adjusted for lenalidomide refractoriness)",2026,2020-11-10,"After frontline therapy, 43% of non-transplant patients and 79% of transplant patients received a second LOT, and of these, only 55% and 69% went on to receiving a third LOT, respectively.","Fonseca R et al., Frontline treatment patterns and attrition rates by subsequent lines of therapy in patients with newly diagnosed multiple myeloma, BMC Cancer 2020;20:1087 (PMC7656738); incidence from SEER Cancer Stat Facts: Myeloma (36,000 new cases 2026)",https://pmc.ncbi.nlm.nih.gov/articles/PMC7656738/,derived,"36,000 x 0.43 = 15,480 (all non-transplant) to 36,000 x 0.79 = 28,440 (all transplant). Label also requires lenalidomide refractoriness and progression on last therapy; share refractory not sourced here, so treat as an upper bound.",eligible_E1b.csv,carvykti,US,15480.0,,28440.0,annual,15480.0,28440.0,True,A,
Carvykti,MM_2L,NICE TA889 (terminated); GID-TA12518 deferred appraisal: relapsed and lenalidomide-refractory MM after 1 to 3 therapies,England,gatekeeper_eligible,,,,,,2026,NICE is unable to make a recommendation on ciltacabtagene autoleucel (Carvykti) for treating relapsed or refractory multiple myeloma in adults because Janssen withdrew its evidence submission for the appraisal.,NICE TA889 Ciltacabtagene autoleucel for treating relapsed or refractory multiple myeloma (terminated appraisal); NICE GID-TA12518 project page,https://www.nice.org.uk/guidance/indevelopment/gid-ta12518,not-found,"TA889 wording from a search snippet (nice.org.uk returns 403). Deferred appraisal GID-TA12518: committee meeting scheduled 4 Feb 2027, expected publication 7 Apr 2027 - no resource impact report yet. The brief's TA870 and TA1024 are not Carvykti appraisals (TA1024 is toripalimab).",eligible_E1b.csv,carvykti,England,,,,unspecified,,,False,X,
Carvykti,MM_2L,"r/r MM after at least 1 prior line incl. IMiD and PI, lenalidomide-refractory, progression on last therapy (Carvykti 2024 labels)",UK,annual_incident_eligible,2090,,3985,patients per year reaching a 2nd line of therapy (not adjusted for lenalidomide refractoriness),2022,2020-11-10,"In similar analyses of European patients with NDMM, 32-61%, 14-38%, 15%, and 1% received a second, third, fourth, and fifth LOT","Fonseca R et al., Frontline treatment patterns and attrition rates by subsequent lines of therapy in patients with newly diagnosed multiple myeloma, BMC Cancer 2020;20:1087 (PMC7656738) (summary of European studies); incidence from Cancer Research UK (6,532 new myeloma cases per year)",https://pmc.ncbi.nlm.nih.gov/articles/PMC7656738/,derived,"6,532 x 0.32 = 2,090 to 6,532 x 0.61 = 3,985. Upper bound for the label (lenalidomide-refractory subset only).",eligible_E1b.csv,carvykti,UK,2090.0,,3985.0,annual,2090.0,3985.0,True,A,
Carvykti,MM_4L,"Erwachsene mit rezidiviertem und refraktaerem multiplem Myelom, die mindestens drei vorausgegangene Therapien (Immunmodulator, Proteasominhibitor, Anti-CD38-Antikoerper) erhalten und unter der letzten Therapie eine Krankheitsprogression gezeigt haben",Germany,gatekeeper_eligible,1210,,1310,"persons in the GKV (statutory health insurance) target population, 2023",2023,2023-08-17,Daraus ergeben sich etwa 1210 bis 1310 Personen in der GKV-Zielpopulation.,"G-BA Tragende Gruende zum Beschluss AM-RL Anlage XII: Ciltacabtagen autoleucel (Multiples Myelom, mind. 3 Vortherapien), Beschluss vom 3. August 2023, Tragende Gruende vom 17. August 2023, section 2.2",https://www.g-ba.de/downloads/40-268-9716/2023-08-17_AM-RL-XII_Ciltacabtagen%20autoleucel_D-919_TrG.pdf,verified-from-source,"Company took the ide-cel 2022 figure (1,200-1,300) and applied a 0.80%/yr increase in 5-year prevalence (RKI cancer registry); G-BA accepted it as the best available estimate. Decision time-limited to 1 July 2026.",eligible_E1b.csv,carvykti,Germany,1210.0,,1310.0,annual,1210.0,1310.0,True,A,
Carvykti,MM_2L,"a1) Erwachsene mit rezidiviertem und refraktaerem multiplen Myelom, die ein bis drei vorhergehende Therapien erhalten haben, waehrend der letzten Therapie eine Krankheitsprogression gezeigt haben und refraktaer gegenueber Lenalidomid sind; Vorbehandlung umfasst einen Immunmodulator und einen Proteasom-Inhibitor",Germany,gatekeeper_eligible,1180,,2460,"patients per year in the GKV target population (1-3 prior lines, lenalidomide-refractory)",2025,2025-05-15,circa 1 180 bis 2 460 Patientinnen und Patienten,"G-BA Beschluss AM-RL Anlage XII: Ciltacabtagen autoleucel (neues Anwendungsgebiet / Neubewertung Orphan > 30 Mio: Multiples Myelom nach mind. 1 Vortherapie, refraktaer gegenueber Lenalidomid), Beschluss vom 15. Mai 2025 (BAnz AT 01.07.2025 B3), section 2 a1",https://www.g-ba.de/downloads/39-261-7209/2025-05-15_AM-RL-XII_Ciltacabtagen-autoleucel_D-1074_BAnz.pdf,verified-from-source,"Whole lenalidomide-refractory 2L+ label = a1 + a2 = 2,280 to 3,640 GKV patients per year.",eligible_E1b.csv,carvykti,Germany,1180.0,,2460.0,annual,1180.0,2460.0,True,A,
Carvykti,MM_5L,"a2) Erwachsene mit rezidiviertem und refraktaerem multiplen Myelom, die mindestens vier vorhergehende Therapien erhalten haben, waehrend der letzten Therapie eine Krankheitsprogression gezeigt haben und refraktaer gegenueber Lenalidomid sind",Germany,gatekeeper_eligible,1100,,1180,"patients per year in the GKV target population (>=4 prior lines, lenalidomide-refractory)",2025,2025-05-15,circa 1 100 bis 1 180 Patientinnen und Patienten,"G-BA Beschluss AM-RL Anlage XII: Ciltacabtagen autoleucel, Beschluss vom 15. Mai 2025 (BAnz AT 01.07.2025 B3), section 2 a2",https://www.g-ba.de/downloads/39-261-7209/2025-05-15_AM-RL-XII_Ciltacabtagen-autoleucel_D-1074_BAnz.pdf,verified-from-source,"Consistent with the 2022/2023 estimates of 1,200-1,310 for the >=3-prior-therapies population.",eligible_E1b.csv,carvykti,Germany,1100.0,,1180.0,annual,1100.0,1180.0,True,A,
Carvykti,MM_2L,"patients adultes atteints d'un myelome multiple en rechute et refractaire, ayant recu au moins un traitement anterieur, incluant un agent immunomodulateur et un inhibiteur du proteasome, qui sont refractaires au lenalidomide et dont la maladie a progresse pendant le dernier traitement",France,gatekeeper_eligible,,1350,,"patients per year (population cible claimed by the manufacturer, reported by CEESP)",2025,2025-09-09,L'industriel estime la population cible a 1350 patients par an.,"HAS CEESP, Avis economique CARVYKTI (ciltacabtagene autoleucel), 9 septembre 2025 (published November 2025)",https://www.has-sante.fr/upload/docs/application/pdf/2025-11/dir7/carvykti_09092025_avis_economique_ceesp_850.pdf,verified-from-source,"Manufacturer's estimate, not a CEESP recalculation. The CT avis adopted 16 July 2025 (CT-21250) as retrieved contains no population cible figure. Compare G-BA 2,280-3,640 (GKV) for the same label in Germany. Read through a reader proxy of the HAS PDF (direct fetch 403).",eligible_E1b.csv,carvykti,France,,1350.0,,annual,1350.0,1350.0,True,A,
Carvykti,MM_4L,"patients adultes atteints d'un myelome multiple en rechute et refractaire, ayant recu au moins trois traitements anterieurs, incluant un agent immunomodulateur, un inhibiteur du proteasome et un anticorps anti-CD38 et dont la maladie a progresse pendant le dernier traitement",France,gatekeeper_eligible,,,,,,2022-11-23,"Avis favorable au remboursement dans le traitement des patients adultes atteints d'un myelome multiple en rechute et refractaire, ayant recu au moins trois traitements anterieurs, incluant un agent immunomodulateur, un inhibiteur du proteasome et un anticorps anti-CD38 et dont la maladie a progresse pendant le dernier traitement.","HAS Commission de la Transparence, Avis CARVYKTI premiere evaluation, 23 novembre 2022 (CT-19858), page summary",https://www.has-sante.fr/jcms/p_3392179/fr/carvykti-ciltacabtagene-autoleucel-myelome-multiple,not-found,"Avis PDF (CT-19858) could not be retrieved (HAS 403; no web.archive.org copy; reader proxy returned an empty file), so the 2022 population cible is missing. Same 4L+ population as Abecma's 2021 avis (maximum 740 per year).",eligible_E1b.csv,carvykti,France,,,,annual,,,False,X,
Carvykti,MM_4L,"Japanese label: r/r MM, no prior BCMA CAR-T, >=3 prior therapies incl. IMiD, PI and anti-CD38, no response to or relapse after last therapy",Japan,label_indication,,,,,2023,2023-01-18,再発又は難治性の多発性骨髄腫。ただし、以下のいずれも満たす場合に限る。・BCMA抗原を標的としたキメラ抗原受容体発現T細胞輸注療法の治療歴がない ・免疫調節薬、プロテアソーム阻害剤及び抗CD38モノクローナル抗体製剤を含む3つ以上の前治療歴を有し、かつ、直近の前治療に対して奏効が得られなかった又は治療後に再発した,"MHLW, Chuikyo general assembly 18 January 2023, So-4: 再生医療等製品の取扱いについて カービクティ点滴静注 (Janssen)",https://www.mhlw.go.jp/content/12404000/001039396.pdf,verified-from-source,Japanese approval 26 Sep 2022. The later NHI price-listing document with the peak-year treated-patient forecast was not located (web search quota exhausted); Abecma's equivalent forecast is 149 patients per year at peak.,eligible_E1b.csv,carvykti,Japan,,,,annual,,,False,A,
Carvykti,MM_4L,"r/r MM after at least 3 prior lines of therapy incl. PI, IMiD and anti-CD38, refractory to last treatment (Canadian indication)",Canada,gatekeeper_eligible,2493,,5108,"patients eligible per year (CADTH reanalysis; years 1-3: 2,493; 3,647; 5,108)",2025,2023-08,"CADTH reanalysis: Year 1 2,493 patients; Year 2 3,647 patients; Year 3 5,108 patients","CADTH Reimbursement Review, Ciltacabtagene Autoleucel (Carvykti), Pharmacoeconomic Review, August 2023 (NCBI Bookshelf NBK596762)",https://www.ncbi.nlm.nih.gov/books/NBK596762/,provisional-from-snippet,"Figures from a fetch summary, exact table cells not seen. CADTH added prevalent cohorts diagnosed from 2017 onward (median time to 4th line 45.8 months ASCT, 34.7 months non-ASCT), so the population is an accumulating pool - much larger than the Abecma 2022 sponsor estimate (251-325). CADTH assumed 50%, 70%, 90% uptake vs sponsor 5%, 14%, 20%.",eligible_E1b.csv,carvykti,Canada,2493.0,,5108.0,annual,2493.0,5108.0,True,B,
Carvykti,MM_5L,adult patients with relapsed or refractory multiple myeloma who have received at least four prior lines of therapy (5L+ RRMM),Australia,gatekeeper_eligible,,,,,,2024-11,Table 2 Overview of patient numbers and budget impact October 2024 funding proposal: 5L+ MM population patient numbers / Initiating patients / Infused patients [values redacted],"MSAC Public Summary Document, Application 1690.1, Ciltacabtagene autoleucel for refractory or relapsed multiple myeloma, November 2024 MSAC meeting",https://www.msac.gov.au/sites/default/files/2025-01/1690.1_psd_-_november_2024.pdf,not-found,"MSAC supported public funding for 5L+ RRMM but all patient-number cells are redacted in the PSD. Australia assesses CAR-T through MSAC, not PBAC; no MSAC document for Abecma was checked.",eligible_E1b.csv,carvykti,Australia,,,,unspecified,,,False,X,
Tecelra,SS_MAGEA4,"adults with unresectable or metastatic synovial sarcoma who have received prior chemotherapy, are HLA-A*02:01P, -A*02:02P, -A*02:03P or -A*02:06P positive and whose tumour expresses MAGE-A4",US,label_indication,,,,,2024,2024-08-01,"HLA-A*02:01P, -A*02:02P, -A*02:03P, or -A*02:06P positive","Adaptimmune Therapeutics Form 10-K for fiscal year 2024 (filed March 2025), description of the TECELRA accelerated approval of 1 August 2024",https://www.sec.gov/Archives/edgar/data/1621227/000155837025003544/adap-20241231x10k.htm,verified-from-source,Only the HLA clause is quoted verbatim from the filing; the remainder of the label wording is paraphrased from the same source. FDA accelerated approval 1 Aug 2024; later reports indicate conversion to full approval (not verified here).,eligible_E1b.csv,tecelra,US,,,,unspecified,,,False,A,
Tecelra,SS_MAGEA4,newly diagnosed synovial sarcoma patients who are HLA-A*02 and MAGE-A4 biomarker-eligible (all stages),US,company_addressable,,400,,"newly diagnosed patients per year, biomarker-eligible, US",2024,2025-03,approximately 400 newly diagnosed patients per year are biomarker eligible for TECELRA,Adaptimmune Therapeutics Form 10-K FY2024 (filed March 2025),https://www.sec.gov/Archives/edgar/data/1621227/000155837025003544/adap-20241231x10k.htm,verified-from-source,"Counts newly diagnosed patients of all stages, not the labelled population (unresectable/metastatic after chemotherapy), so an upper bound. Same filing: 'approximately 13,400 new soft tissue cases in the U.S. each year' and synovial sarcoma 'approximately 5 to 10% of all soft tissue sarcomas'. Also: an incremental 600 SS and myxoid liposarcoma patients per year biomarker-eligible for lete-cel.",eligible_E1b.csv,tecelra,US,,400.0,,annual,400.0,400.0,True,A,
Tecelra,SS_all,all synovial sarcoma (not label-restricted),US,incidence_rate,650,,1300,"new synovial sarcoma cases per year, US (5-10% of ~13,000 soft tissue sarcomas)",2023,2024-03,"approximately 13,000 new soft tissue sarcoma cases in the U.S. each year ... Synovial sarcoma accounts for approximately 5-10% of these cases",Adaptimmune Therapeutics Form 10-K FY2023 (filed March 2024),https://www.sec.gov/Archives/edgar/data/1621227/000155837024002537/adap-20231231x10k.htm,derived,"13,000 x 0.05 = 650; 13,000 x 0.10 = 1,300. Company framing; SEER-based counts are lower (see Venkataraman 2025 row).",eligible_E1b.csv,tecelra,US,650.0,,1300.0,annual,650.0,1300.0,False,A,
Tecelra,SS_all,all synovial sarcoma (not label-restricted),US,incidence_rate,417,527,601,"new synovial sarcoma cases per year, US (SEER-based, 2001-2014; rate 1.5-1.8 per 1,000,000)",2014,2025,"The range of annual new cases ranged from 417 (in 2001) to 601 (in 2014), with a median new cases of 527 per year.","Venkataraman et al., Effect of HLA restriction on racial and ethnic disparities in access to immune therapies for advanced synovial sarcoma, The Oncologist 2025 (PMC12265472)",https://pmc.ncbi.nlm.nih.gov/articles/PMC12265472/,verified-from-source,"Same paper: 17% present with distant disease at diagnosis; estimated HLA-A*02 eligibility 22.9%-35.4% of patients needing salvage therapy (25.1-38.8% European-descent, 11.0-17.0% Asian/Pacific Islander); MAGE-A4 positivity 53%-82% from prior estimates.",eligible_E1b.csv,tecelra,US,417.0,527.0,601.0,annual,417.0,601.0,False,A,
Tecelra,SS_MAGEA4,biomarker-eligible (HLA-A*02 and MAGE-A4) synovial sarcoma per incident cohort; label additionally requires unresectable/metastatic disease after chemotherapy,US,annual_incident_eligible,64,,153,patients per year (all stages) biomarker-eligible; de novo metastatic subset 11-26,2014,2025,22.9%-35.4% of patients in need of salvage therapy would be expected to be eligible,"Derived from Venkataraman et al., The Oncologist 2025 (PMC12265472)",https://pmc.ncbi.nlm.nih.gov/articles/PMC12265472/,derived,"527 x 0.229 x 0.53 = 64; 527 x 0.354 x 0.82 = 153. De novo metastatic subset: x 0.17 = 11-26 per year; relapsed metastatic patients (the larger share of the advanced pool) are not in the 17%, so the labelled population probably lies between ~30 and ~150 per year. Adaptimmune's ~400 uses a higher incidence base and HLA share (~45% in trial screening, PMC12317396).",eligible_E1b.csv,tecelra,US,64.0,,153.0,annual,64.0,153.0,True,A,
Tecelra,SS_MAGEA4,(no EU or UK marketing authorisation),EU,gatekeeper_eligible,,,,,,2026-09,"(no EMA, NICE, G-BA or HAS assessment found)",none,,not-found,Tecelra is approved in the US only (as of Sep 2026); no European gatekeeper estimate exists. European incidence could be scaled from the US SEER rate of 1.5-1.8 per million.,eligible_E1b.csv,tecelra,EU,,,,unspecified,,,False,X,
Amtagvi,MEL_postPD1,"adult patients with unresectable or metastatic melanoma previously treated with a PD-1 blocking antibody and, if BRAF V600 mutation positive, a BRAF inhibitor with or without a MEK inhibitor",US,label_indication,,,,,2024,2024-02-16,"for treatment of adult patients with unresectable or metastatic melanoma previously treated with a PD-1-blocking antibody and, if BRAF V600 mutation positive, a BRAF inhibitor with or without an MEK inhibitor","FDA Approval Summary: Lifileucel for Unresectable or Metastatic Melanoma Previously Treated with an Anti-PD-1-Based Immunotherapy (PubMed 40699950), summarising the 16 Feb 2024 accelerated approval",https://pubmed.ncbi.nlm.nih.gov/40699950/,provisional-from-snippet,Wording from the search snippet of the FDA approval summary abstract; FDA label itself not fetched. Accelerated approval; confirmatory trial TILVANCE-301.,eligible_E1b.csv,amtagvi,US,,,,unspecified,,,False,B,
Amtagvi,MEL_postPD1,previously treated advanced melanoma (post anti-PD-1),US + targeted global markets,company_addressable,20000,,,"previously treated advanced melanoma patients per year addressable, US and other targeted global markets ('more than')",2024,2025-02-27,"Across the U.S. and other targeted global markets, Amtagvi has the potential to address more than 20,000 previously treated advanced melanoma patients annually.",Iovance Biotherapeutics Form 10-K for fiscal year 2024 (filed February 2025),https://www.sec.gov/Archives/edgar/data/1425205/000155837025001834/iova-20241231x10k.htm,verified-from-source,"No US-only split disclosed. Same filing: 'Melanoma ... accounting for an estimated 100,640 patients diagnosed and 8,290 deaths in 2024 in the U.S. according to the Surveillance, Epidemiology and End Results program.'",eligible_E1b.csv,amtagvi,multi: US+global,20000.0,,,annual,20000.0,,False,A,
Amtagvi,MEL_postPD1,previously treated advanced melanoma (post anti-PD-1),Global,company_addressable,30000,,,previously treated advanced melanoma patients per year addressable globally ('more than'),2025,2026-02,"Globally, Amtagvi has the potential to address more than 30,000 previously treated advanced melanoma patients annually.","Iovance Biotherapeutics Form 10-K for fiscal year 2025 (filed February 2026, accession 0001104659-26-018899)",https://www.sec.gov/Archives/edgar/data/1425205/000110465926018899/iova-20251231x10k.htm,verified-from-source,"Same filing: 'Amtagvi is approved in the U.S. and Canada ... Potential approvals are pending in the United Kingdom, or UK, and Australia'; frontline: 'We estimate a global addressable market of more than 70,000 frontline advanced melanoma patients per year.' Up from the >20,000 US-plus-targeted-markets figure a year earlier.",eligible_E1b.csv,amtagvi,global,30000.0,,,annual,30000.0,,False,A,
Amtagvi,MEL_postPD1,advanced melanoma patients progressing on or after PD-1 treatment (competitor estimate of the same population),US,annual_incident_eligible,,13000,,"patients per year progressing on or after PD-1 treatment, US",2026,2026-05,"We estimate approximately 13,000 patients progress on or after PD-1 treatment annually in the U.S. with approximately 80% of these patients eligible for treatment with RP1 in combination with nivolumab, if approved.",Replimune Group Form 10-K for fiscal year ended 31 March 2026,https://www.sec.gov/Archives/edgar/data/1737953/000162828026045886/repl-20260331.htm,verified-from-source,Replimune (Tudriqev) estimate of the post-anti-PD-1 pool that Amtagvi also addresses; Amtagvi's label further requires prior BRAF inhibitor in BRAF V600-mutant patients and excludes patients unfit for lymphodepletion/IL-2.,eligible_E1b.csv,amtagvi,US,,13000.0,,annual,13000.0,13000.0,True,A,
Amtagvi,MEL_all,all melanoma of the skin (not label-restricted),US,incidence_rate,,112000,,"estimated new cases of melanoma of the skin in 2026, US (population base whole US; 5% distant and 10% regional stage at diagnosis)",2026,2026-09-05,"Estimated New Cases in 2026: 112,000; Estimated Deaths in 2026: 8,510; Percent of cases by stage at diagnosis: regional 10%, distant 5%",NCI SEER Cancer Stat Facts: Melanoma of the Skin (accessed 5 Sep 2026),https://seer.cancer.gov/statfacts/html/melan.html,verified-from-source,"Derived stage counts: distant at diagnosis ~5,600/yr, regional ~11,200/yr. Applies to Imlygic and Tudriqev too.",eligible_E1b.csv,amtagvi,US,,112000.0,,unspecified,112000.0,112000.0,False,A,
Amtagvi,MEL_postPD1,lifileucel for previously treated unresectable or metastatic melanoma (NICE ID3863),England,gatekeeper_eligible,,,,,,2026-01,Status: In progress,"NICE GID-TA10752 project page, Lifileucel for previously treated unresectable or metastatic melanoma [ID3863]",https://www.nice.org.uk/guidance/indevelopment/gid-ta10752,not-found,"Committee meeting 4 Nov 2025; draft guidance consultation 18 Dec 2025 - 22 Jan 2026; no resource impact report published. Company slide deck in the committee papers (documents/1) gives UK epidemiology only: 'Fifth most common cancer in the UK; 17,557 new cases per year on average' and '~16% diagnosed at stage 3 and ~10% diagnosed at stage 4'. UK marketing authorisation still pending per Iovance 10-K FY2025.",eligible_E1b.csv,amtagvi,England,,,,annual,,,False,X,
Amtagvi,MEL_all,all melanoma skin cancer (not label-restricted),UK,incidence_rate,,19392,,"new melanoma skin cancer cases per year, UK (average of 2019, 2021-2022; population base whole UK)",2022,2026-09-05,"19,392 new cases of melanoma skin cancer each year, 2019, 2021-2022, UK.","Cancer Research UK, Melanoma skin cancer statistics (accessed 5 Sep 2026)",https://www.cancerresearchuk.org/health-professional/cancer-statistics/statistics-by-cancer-type/melanoma-skin-cancer,verified-from-source,Applies to Imlygic and Tudriqev too.,eligible_E1b.csv,amtagvi,UK,,19392.0,,annual,19392.0,19392.0,False,A,
Amtagvi,MEL_advanced,"melanoma diagnosed at stage 4 (low) to stage 3 or 4 (high), UK - upper bound on the post-anti-PD-1 pool",UK,annual_incident_eligible,1756,,4565,"patients per year diagnosed at stage 4 (1,756) or stage 3-4 (4,565)",2025,2025-11-04,"Fifth most common cancer in the UK; 17,557 new cases per year on average ... ~16% diagnosed at stage 3 and ~10% diagnosed at stage 4","Iovance company presentation to the NICE appraisal committee, GID-TA10752 committee papers document 1 (Nov 2025)",https://www.nice.org.uk/guidance/gid-ta10752/documents/1,derived,"17,557 x 0.10 = 1,756; 17,557 x 0.26 = 4,565. Excludes later relapses and does not apply the post-anti-PD-1 progression share (>50% within 12 months per Iovance). Document read through a reader proxy (nice.org.uk returns 403). | family set by override: all stage 3 to 4 melanoma diagnoses; the label is progression after PD-1 therapy",eligible_E1b.csv,amtagvi,UK,1756.0,,4565.0,disease_prevalence,1756.0,4565.0,True,A,
Amtagvi,MEL_postPD1,(no EU marketing authorisation),EU,gatekeeper_eligible,,,,,,2026-02,"Amtagvi is approved in the U.S. and Canada, and we plan to launch into additional markets with a high prevalence of advanced melanoma.",Iovance Biotherapeutics Form 10-K FY2025 (filed February 2026),https://www.sec.gov/Archives/edgar/data/1425205/000110465926018899/iova-20251231x10k.htm,not-found,No G-BA or HAS assessment exists. An Austrian AIHTA appraisal-board document (2025) is indexed by INAHTA (database.inahta.org/article/33664) but its PDF returned 404 and the record states no patient numbers.,eligible_E1b.csv,amtagvi,EU,,,,unspecified,,,False,X,
Amtagvi,MEL_postPD1,previously treated advanced melanoma (Canadian approval),Canada,gatekeeper_eligible,,,,,,2026-02,(CDA-AMC review not retrieved),"CDA-AMC (formerly CADTH) reimbursement review of lifileucel, if any",https://www.cda-amc.ca/search?keywords=lifileucel,not-found,Approved in Canada per Iovance 10-K FY2025; cda-amc.ca search page returned a Cloudflare challenge.,eligible_E1b.csv,amtagvi,Canada,,,,unspecified,,,False,X,
Imlygic,MEL_unresectable,"unresectable, regionally or distantly metastatic (Stage IIIB, IIIC and IVM1a) melanoma with no bone, brain, lung or other visceral disease; NICE adds: only if systemic immunotherapy is not suitable",England,label_indication,,,,,2016,2016-07,"recommended, in adults, as an option for treating unresectable, regionally or distantly metastatic (Stage IIIB, IIIC and IVM1a) melanoma that has not spread to bone, brain, lung or other internal organs, only if: treatment with systemically administered immunotherapies is not suitable and the company provides talimogene laherparepvec with the discount agreed in the patient access scheme.","NICE TA410, Talimogene laherparepvec for treating unresectable metastatic melanoma, Final appraisal determination, July 2016 (guidance published September 2016)",https://www.nice.org.uk/guidance/ta410/documents/final-appraisal-determination-document,verified-from-source,"US FDA label (27 Oct 2015) is 'local treatment of unresectable cutaneous, subcutaneous, and nodal lesions in patients with melanoma recurrent after initial surgery' (not fetched). EU label matches the NICE stage wording.",eligible_E1b.csv,imlygic,England,,,,prevalent,,,False,A,
Imlygic,MEL_unresectable,people with unresectable metastatic melanoma for whom T-VEC is suitable in clinical practice,England,gatekeeper_eligible,10,,15,% of people with unresectable metastatic melanoma (clinical expert estimate to the NICE committee); no absolute count,2016,2016-07,"The clinical experts stated that in clinical practice, treatment with talimogene laherparepvec would be suitable for approximately 10 to 15% of people with unresectable metastatic melanoma.","NICE TA410 Final appraisal determination, July 2016, section 4.2",https://www.nice.org.uk/guidance/ta410/documents/final-appraisal-determination-document,verified-from-source,"The NICE costing statement / resource impact for TA410 could not be retrieved (nice.org.uk 403; resources page via proxy showed only the cookie banner). Applying 10-15% to the UK stage 4-at-diagnosis count (~1,756) gives roughly 175-265 per year, before the 'systemic immunotherapy not suitable' restriction.",eligible_E1b.csv,imlygic,England,10.0,,15.0,annual,10.0,15.0,False,A,"a percentage share, not a count"
Imlygic,MEL_unresectable,"1a) Nicht vorbehandelte Patienten (Stadien IIIB, IIIC und IVM1a) mit einem BRAF-V600-mutierten Tumor",Germany,gatekeeper_eligible,35,,100,"GKV patients per year, untreated, BRAF-V600-mutant, stage IIIB-IVM1a",2016,2016-12-15,"1a) Nicht vorbehandelte Patienten (in den Stadien IIIB, IIIC und IVM1a) mit einem BRAF-V600-mutierten Tumor ca. 35 - 100 Patienten","G-BA Beschluss AM-RL Anlage XII: Talimogen laherparepvec, Beschluss vom 15. Dezember 2016 (BAnz AT 30.12.2016 B4), section 2 Anzahl der Patienten",https://www.g-ba.de/downloads/39-261-2799/2016-12-15_AM-RL-XII_Talimogen-laherparepvec_D-237_BAnz.pdf,verified-from-source,GKV population (about 88% of Germany).,eligible_E1b.csv,imlygic,Germany,35.0,,100.0,annual,35.0,100.0,True,A,
Imlygic,MEL_unresectable,"1b) Nicht vorbehandelte Patienten (Stadien IIIB, IIIC und IVM1a) mit einem BRAF-V600-wildtyp Tumor",Germany,gatekeeper_eligible,40,,120,"GKV patients per year, untreated, BRAF wild-type, stage IIIB-IVM1a",2016,2016-12-15,"1b) Nicht vorbehandelte Patienten (in den Stadien IIIB, IIIC und IVM1a) mit einem BRAF-V600-wildtyp Tumor ca. 40 - 120 Patienten","G-BA Beschluss AM-RL Anlage XII: Talimogen laherparepvec, 15. Dezember 2016, section 2",https://www.g-ba.de/downloads/39-261-2799/2016-12-15_AM-RL-XII_Talimogen-laherparepvec_D-237_BAnz.pdf,verified-from-source,,eligible_E1b.csv,imlygic,Germany,40.0,,120.0,annual,40.0,120.0,True,A,
Imlygic,MEL_unresectable,"2) Vorbehandelte Patienten (Stadien IIIB, IIIC und IVM1a)",Germany,gatekeeper_eligible,300,,450,"GKV patients per year, previously treated, stage IIIB-IVM1a",2016,2016-12-15,"2) Vorbehandelte Patienten (in den Stadien IIIB, IIIC und IVM1a) ca. 300 - 450 Patienten","G-BA Beschluss AM-RL Anlage XII: Talimogen laherparepvec, 15. Dezember 2016, section 2",https://www.g-ba.de/downloads/39-261-2799/2016-12-15_AM-RL-XII_Talimogen-laherparepvec_D-237_BAnz.pdf,verified-from-source,Closest to the US label scope (melanoma recurrent after initial surgery).,eligible_E1b.csv,imlygic,Germany,300.0,,450.0,annual,300.0,450.0,True,A,
Imlygic,MEL_unresectable,"all three G-BA subgroups combined (stage IIIB-IVM1a, untreated and pretreated)",Germany,gatekeeper_eligible,375,,670,"GKV patients per year, total label population",2016,2016-12-15,ca. 35 - 100 Patienten; ca. 40 - 120 Patienten; ca. 300 - 450 Patienten,"Sum of the three subgroup ranges in the G-BA Beschluss Talimogen laherparepvec, 15 December 2016",https://www.g-ba.de/downloads/39-261-2799/2016-12-15_AM-RL-XII_Talimogen-laherparepvec_D-237_BAnz.pdf,derived,35+40+300 = 375; 100+120+450 = 670. Secondary reports quote 375-675.,eligible_E1b.csv,imlygic,Germany,375.0,,670.0,annual,375.0,670.0,True,A,
Imlygic,MEL_unresectable,melanome non resecable stade IIIB-IVM1a (EU label),France,gatekeeper_eligible,,,,,,2016,(HAS avis not retrieved),HAS Commission de la Transparence avis IMLYGIC (2016),https://www.has-sante.fr/jcms/fc_2875171/fr/resultat-de-recherche?text=imlygic,not-found,HAS site search is access-protected and direct fetches return 403; the avis URL could not be located without web search.,eligible_E1b.csv,imlygic,France,,,,unspecified,,,False,X,
Imlygic,MEL_unresectable,"unresectable cutaneous, subcutaneous and nodal melanoma lesions recurrent after initial surgery (US label)",US,company_addressable,,,,,,2026-09,(no US eligible-population statement found),none (no ICER review; no Amgen addressable-population statement located),,not-found,"Rough upper bound from SEER: ~11,200 regional-stage and ~5,600 distant-stage new melanoma cases per year (2026), of which only unresectable recurrences with injectable lesions qualify; NICE experts put T-VEC suitability at 10-15% of unresectable metastatic melanoma.",eligible_E1b.csv,imlygic,US,,,,annual,,,False,X,
Tudriqev,MEL_postPD1,"adult patients with unresectable advanced cutaneous melanoma who experienced disease progression with a PD-1-blocking antibody-based regimen, in combination with nivolumab",US,label_indication,,,,,2026,2026-08-06,TUDRIQEV (vusolimogene oderparepvec-wtpg) is indicated in combination with nivolumab for the treatment of adult patients with unresectable advanced cutaneous melanoma who experienced disease progression with a programmed death receptor-1 (PD-1)-blocking antibody-based regimen.,"Replimune press release, Replimune Announces FDA Accelerated Approval of TUDRIQEV in Combination with Nivolumab, 6 August 2026 (Form 8-K Exhibit 99.1); FDA notice 'FDA grants accelerated approval to vusolimogene oderparepvec-wtpg in combination with nivolumab for melanoma'",https://www.fda.gov/drugs/resources-information-approved-drugs/fda-grants-accelerated-approval-vusolimogene-oderparepvec-wtpg-combination-nivolumab-melanoma,verified-from-source,"Accelerated approval on ORR/DoR (IGNYTE: 140 patients, progression on >=8 weeks of anti-PD-1; efficacy population 91 patients with >=1 non-injected lesion). Cutaneous melanoma only; no BRAF-inhibitor prerequisite (unlike Amtagvi); continued approval contingent on IGNYTE-3.",eligible_E1b.csv,tudriqev,US,,,,prevalent,,,False,A,
Tudriqev,MEL_postPD1,"patients progressing on or after PD-1 treatment (all lines), US",US,annual_incident_eligible,,13000,,"patients per year progressing on or after PD-1 treatment, US",2026,2026-05,"We estimate approximately 13,000 patients progress on or after PD-1 treatment annually in the U.S. with approximately 80% of these patients eligible for treatment with RP1 in combination with nivolumab, if approved.",Replimune Group Form 10-K for fiscal year ended 31 March 2026,https://www.sec.gov/Archives/edgar/data/1737953/000162828026045886/repl-20260331.htm,verified-from-source,Company estimate; the 80% eligibility refers to having injectable lesions.,eligible_E1b.csv,tudriqev,US,,13000.0,,annual,13000.0,13000.0,True,A,
Tudriqev,MEL_postPD1,"injectable patients progressing on PD-1, US (label population)",US,company_addressable,,10400,,"patients per year (13,000 x 80%)",2026,2026-05,approximately 80% of these patients eligible for treatment with RP1 in combination with nivolumab,Derived from Replimune Form 10-K FY2026,https://www.sec.gov/Archives/edgar/data/1737953/000162828026045886/repl-20260331.htm,derived,"13,000 x 0.80 = 10,400; matches the '~10K addressable patients' in the approval-day investor deck.",eligible_E1b.csv,tudriqev,US,,10400.0,,annual,10400.0,10400.0,True,A,
Tudriqev,MEL_postPD1,"injectable patients who progress on PD-1 across lines of therapy, US",US,company_addressable,,10000,,"addressable patients per year, US ('~10K')",2026,2026-08-06,~80% of patients who progress on PD-1 across lines of therapy are injectable (~10K addressable patients),"Replimune, TUDRIQEV FDA Accelerated Approval Investor Call slides, 6 August 2026 (Form 8-K Exhibit 99.2)",https://www.sec.gov/Archives/edgar/data/0001737953/000110465926092246/tm2622487d1_ex99-2.htm,verified-from-source,"Slide heading '~10K Addressable Patients Across Lines of Therapy'. Funnel sub-totals as summarised by the fetch (about 2K adjuvant-refractory, 7K with no standard of care, 4K earlier-stage) were not re-verified. Compare Iovance: >20,000 (US plus targeted markets, 2024) and >30,000 (global, 2025) previously treated advanced melanoma patients.",eligible_E1b.csv,tudriqev,US,,10000.0,,annual,10000.0,10000.0,True,A,
Tudriqev,MEL_postPD1,(no EU or UK marketing authorisation),EU,gatekeeper_eligible,,,,,,2026-09,"(no EMA, NICE, G-BA or HAS assessment found)",none,,not-found,"US accelerated approval only (Aug 2026). The G-BA 2016 talimogene laherparepvec ranges (375-670 GKV patients, stage IIIB-IVM1a) are the only German gatekeeper counts for an injectable-melanoma oncolytic.",eligible_E1b.csv,tudriqev,EU,,,,annual,,,False,X,
Hemgenix,HemB_adult,"US label: adults with hemophilia B on FIX prophylaxis, or with current/historical life-threatening bleeding, or repeated serious spontaneous bleeds",US,label_indication,,,,,2022,2023-06-20,"HEMGENIX, etranacogene dezaparvovec-drlb, is a one-time gene therapy for the treatment of adults with hemophilia B who: Currently use Factor IX prophylaxis therapy, or Have current or historical life-threatening bleeding, or Have repeated, serious spontaneous bleeding episodes.","CSL Behring press release, First Patient Has Received FDA-Approved HEMGENIX (2023-06-20)",https://newsroom.csl.com/2023-06-20-CSL-Behring-Announces-the-First-Patient-Has-Received-FDA-Approved-HEMGENIX-R-etranacogene-dezaparvovec-drlb-for-Hemophilia-B,verified-from-source,FDA approval 2022-11-22. US label has no AAV5-antibody or FIX-inhibitor exclusion in the indication statement (inhibitor testing is in the warnings). Registered trademark symbol dropped from quote.,eligible_E2.csv,hemgenix,US,,,,unspecified,,,False,A,
Hemgenix,HemB_adult,"EU label: severe and moderately severe haemophilia B, adults without history of FIX inhibitors",EU,label_indication,,,,,2023,2023-10-19,Hemgenix ist indiziert zur Behandlung von schwerer und mittelschwerer Haemophilie B (angeborener Faktor-IX-Mangel) bei erwachsenen Patienten ohne Faktor-IX-Inhibitoren in ihrer Vorgeschichte.,"G-BA Beschluss Anlage XII Etranacogen Dezaparvovec (Haemophilie B), Beschluss vom 19. Oktober 2023, BAnz AT 24.11.2023 B4, section 2 Anzahl der Patientinnen und Patienten",https://www.g-ba.de/downloads/39-261-6233/2023-10-19_AM-RL-XII_Etranacogen-Dezaparvovec_D-937_BAnz.pdf,verified-from-source,"EU authorisation 2023-02-20 (Anwendungsgebiet laut Zulassung). SmPC adds that pre-existing anti-AAV5 neutralising antibody titre above 1:678 may reduce efficacy (per HAS summary), not an indication exclusion. Umlauts transliterated.",eligible_E2.csv,hemgenix,EU,,,,unspecified,,,False,A,
Hemgenix,HemB_adult,adult severe hemophilia B without inhibitors (ICER budget-impact population),US,gatekeeper_eligible,,860,,patients,2022,2022-12-22,"For PBIA 1, using Centers for Disease Control (CDC) data and other sources, we estimated that approximately 860 adult severe hemophilia B patients without inhibitors would be eligible for treatment with etranacogene dezaparvovec. This equates to approximately 172 patients being treated per year over 5 years when assuming 20% of all eligible patients are treated each year.","ICER, Gene Therapy for Hemophilia B and An Update on Gene Therapy for Hemophilia A: Effectiveness and Value, Final Evidence Report (posted 2022-12-22, unmasked 2024-07-26), section 7 (report p.38) and Appendix F (p.F1)",https://icer.org/wp-content/uploads/2022/05/ICER_Hemophilia_Final_Report_12222022.pdf,verified-from-source,"Derivation (Appendix F): US population ~342,000,000 x 49.5% male x CDC age-adjusted prevalence of hemophilia B 0.0037% x 52.8% adults x 28.7% severe x 90.9% without inhibitors. Counts only severe (FIX <1%); moderately severe patients on prophylaxis, who are in the label, are excluded, so this is a lower bound of the label pool. No AAV5-seropositivity exclusion applied. 20%/yr uptake assumption = ~172 treated/yr.",eligible_E2.csv,hemgenix,US,,860.0,,prevalent,860.0,860.0,True,A,
Hemgenix,HemB_adult,"hemophilia B, all ages and severities (prevalence rate used by ICER)",US,prevalence_rate,,0.0037,,"percent of US males (age-adjusted prevalence of hemophilia B, CDC HTC-based study)",2022,2022-12-22,"a Centers for Disease Control (CDC) epidemiological study for estimates of age-adjusted prevalence of hemophilia B (.0037%),76 proportion of hemophilia B cases occurring in adults (52.8%),76 and proportion with severe disease (28.7%).76","ICER, Gene Therapy for Hemophilia B and An Update on Gene Therapy for Hemophilia A: Effectiveness and Value, Final Evidence Report (posted 2022-12-22, unmasked 2024-07-26), Appendix F",https://icer.org/wp-content/uploads/2022/05/ICER_Hemophilia_Final_Report_12222022.pdf,verified-from-source,"Population base: US males (~342,000,000 x 49.5% = ~169,000,000). Derived count = 169,290,000 x 0.000037 = ~6,260 males with hemophilia B; adults 52.8% = ~3,300; severe 28.7% of adults = ~950 (before inhibitor exclusion).",eligible_E2.csv,hemgenix,US,,0.0037,,prevalent,0.0037,0.0037,False,A,
Hemgenix,HemB_adult,"all hemophilia (A and B), all severities",US,prevalent_eligible,30000,,33000,people with hemophilia,2022,2022-12-22,"Approximately 76% of all male hemophilia patients in the US have hemophilia A and the remainder have hemophilia B.1 The exact prevalence of hemophilia in the United States (US) is not known, but is estimated to be around 30,000 to 33,000.1","ICER, Gene Therapy for Hemophilia B and An Update on Gene Therapy for Hemophilia A: Effectiveness and Value, Final Evidence Report (posted 2022-12-22, unmasked 2024-07-26), Executive Summary",https://icer.org/wp-content/uploads/2022/05/ICER_Hemophilia_Final_Report_12222022.pdf,verified-from-source,"Disease-level base, not the eligible pool. Hemophilia B share = 24%. | family set by override: all people with haemophilia A and B; not the haemophilia B label population",eligible_E2.csv,hemgenix,US,30000.0,,33000.0,disease_prevalence,30000.0,33000.0,True,A,
Hemgenix,HemB_adult,"hemophilia B, all ages and severities",US,prevalent_eligible,7200,,7920,people with hemophilia B,2022,2022-12-22,"(derived) 30,000 x 0.24 = 7,200; 33,000 x 0.24 = 7,920","ICER, Gene Therapy for Hemophilia B and An Update on Gene Therapy for Hemophilia A: Effectiveness and Value, Final Evidence Report (posted 2022-12-22, unmasked 2024-07-26) (derived from the 30,000-33,000 total and the 24% hemophilia B share)",https://icer.org/wp-content/uploads/2022/05/ICER_Hemophilia_Final_Report_12222022.pdf,derived,"Arithmetic: total hemophilia 30,000-33,000 x (1-0.76). All ages and severities; adult severe/moderately severe subset is far smaller (see ICER 860 row). | family set by override: all-severity all-age haemophilia B; the label needs adults on prophylaxis or with bleeding history (ICER 860 row is the eligible estimate)",eligible_E2.csv,hemgenix,US,7200.0,,7920.0,disease_prevalence,7200.0,7920.0,True,A,
Hemgenix,HemB_adult,"all hemophilia, males",US,prevalent_eligible,,33000,,males living with hemophilia,2024,2024-05-15,"As many as 33,000 males are estimated to be living with hemophilia in the United States. | Hemophilia A (low levels of clotting factor VIII [8]) is three to four times as common as hemophilia B. | Among all males with hemophilia, just over 4 in 10 have the severe form of the disorder.","CDC, Data and Statistics on Hemophilia (page last reviewed 2024-05-15)",https://www.cdc.gov/hemophilia/data-research/index.html,verified-from-source,Three separate sentences joined with |. Disease-level base. Severe share (just over 40%) is for hemophilia A and B combined. | family set by override: all males with haemophilia; not the label population,eligible_E2.csv,hemgenix,US,,33000.0,,disease_prevalence,33000.0,33000.0,True,A,
Hemgenix,HemB_adult,"hemophilia B, males, all severities",US,prevalent_eligible,6600,,8250,males with hemophilia B,2024,2024-05-15,"(derived) 33,000 / 5 = 6,600 (if A is four times as common as B); 33,000 / 4 = 8,250 (if A is three times as common)","CDC, Data and Statistics on Hemophilia (page last reviewed 2024-05-15) (derived)",https://www.cdc.gov/hemophilia/data-research/index.html,derived,"Arithmetic from CDC statements: B share = 1/(1+3) to 1/(1+4). Adult (~53%) and severe (~29%, ICER/CDC) subsets much smaller. | family set by override: all-severity all-age males with haemophilia B",eligible_E2.csv,hemgenix,US,6600.0,,8250.0,disease_prevalence,6600.0,8250.0,True,A,
Hemgenix,HemB_adult,"hemophilia B, all severities",Global,prevalent_eligible,38000,,,people living with hemophilia B (WFH-identified),2024,2024-04-26,"According to the World Federation of Hemophilia, more than 38,000 people worldwide are living with hemophilia B.11","Pfizer press release, U.S. FDA Approves Pfizer's BEQVEZ (fidanacogene elaparvovec-dzkt) (2024-04-26), PDF",https://s206.q4cdn.com/795948973/files/doc_news/U.S.-FDA-Approves-Pfizers-BEQVEZ-fidanacogene-elaparvovec-dzkt-a-One-Time-Gene-Therapy-for-Adults-with-Hemophilia-B-2024.pdf,verified-from-source,"Lower bound ('more than'). Identified/registered patients reported to WFH, not true prevalence.",eligible_E2.csv,hemgenix,global,38000.0,,,prevalent,38000.0,,False,A,
Hemgenix,HemB_adult,adults in England with severe to moderately severe or severe haemophilia B (NICE resource impact population),England,gatekeeper_eligible,,300,,adults (upper bound of eligible pool),2024,2024-07-24,It is estimated around 300 adults in England are currently living with severe to moderately severe or severe haemophilia B. The number of people eligible for treatment within this guidance is likely to be lower.,"NICE TA989 Etranacogene dezaparvovec for treating moderately severe or severe haemophilia B, Resource impact summary report (last updated 2024-07-24)",https://www.nice.org.uk/guidance/ta989/resources/resource-impact-summary-report-13485648493,verified-from-source,"NICE recommended with managed access (Innovative Medicines Fund). 300 is the prevalent label-severity adult pool; eligible pool lower after anti-FIX antibodies, AAV5 titre and liver criteria. Page fetched by curl after nice.org.uk returned HTTP 403 to WebFetch.",eligible_E2.csv,hemgenix,England,,300.0,,prevalent,300.0,300.0,True,A,
Hemgenix,HemB_adult,adults eligible for etranacogene dezaparvovec in England (NICE prediction as reported),England,gatekeeper_eligible,,250,,people eligible,2024,2024-07-01,Approximately 2000 people in the UK have haemophilia B. | NICE predicts that around 250 of these patients will be eligible for the gene therapy in England.,"Progress Educational Trust (PET) news, NHS funding approved for haemophilia B gene therapy (2024-07-01), reporting NICE final draft guidance figures",https://www.progress.org.uk/nhs-funding-approved-for-haemophilia-b-gene-therapy/,verified-from-source,"Secondary report of NICE final draft guidance (June 2024); consistent with the NICE resource impact statement of ~300 adults with label-severity disease and 'eligible likely to be lower'. UK prevalent haemophilia B ~2,000 (all ages/severities).",eligible_E2.csv,hemgenix,England,,250.0,,prevalent,250.0,250.0,True,A,
Hemgenix,HemB_adult,"haemophilia B, all ages and severities",UK,prevalent_eligible,,2000,,people with haemophilia B,2024,2024-07-01,Approximately 2000 people in the UK have haemophilia B,"Progress Educational Trust (PET) news, NHS funding approved for haemophilia B gene therapy (2024-07-01), reporting NICE final draft guidance figures",https://www.progress.org.uk/nhs-funding-approved-for-haemophilia-b-gene-therapy/,verified-from-source,"Secondary source; compare WFH AGS 2022 UK hemophilia B count 1,721 (registered).",eligible_E2.csv,hemgenix,UK,,2000.0,,prevalent,2000.0,2000.0,True,A,
Hemgenix,HemB_adult,adults with severe and moderately severe haemophilia B without FIX-inhibitor history (GKV target population),Germany,gatekeeper_eligible,,340,,"patients (statutory health insurance, GKV)",2023,2023-10-19,Erwachsene mit schwerer und mittelschwerer Haemophilie B (angeborener Faktor-IX-Mangel) ohne Faktor-IX-Inhibitoren in ihrer Vorgeschichte ca. 340 Patientinnen und Patienten,"G-BA Beschluss Anlage XII Etranacogen Dezaparvovec (Haemophilie B), Beschluss vom 19. Oktober 2023, BAnz AT 24.11.2023 B4, section 2 Anzahl der Patientinnen und Patienten",https://www.g-ba.de/downloads/39-261-6233/2023-10-19_AM-RL-XII_Etranacogen-Dezaparvovec_D-937_BAnz.pdf,verified-from-source,"Tragende Gruende (same date, https://www.g-ba.de/downloads/40-268-9886/2023-10-19_AM-RL-XII_Etranacogen-Dezaparvovec_D-937_TrG.pdf): figures based on the Deutsches Haemophilieregister (DHR); G-BA used the manufacturer's upper bound (moderate plus severe), applied the FIX-inhibitor share to it and rejected excluding AAV5-seropositive patients ('nicht sachgerecht'). GKV covers ~88% of the German population. Umlauts transliterated. | family set by override: G-BA target population for a one-time therapy is the prevalent pool",eligible_E2.csv,hemgenix,Germany,,340.0,,prevalent,340.0,340.0,True,A,
Hemgenix,HemB_adult,population cible HAS (severe to moderately severe haemophilia B adults without FIX inhibitors),France,gatekeeper_eligible,,304,,patients per year at maturity (budget impact population),2023,2023,"According to the claimed price for a single injection, the introduction of HEMGENIX generates a 63% increase in Social Security spending over 5 years, with the target population reaching 304 patients annually at maturity. (English paraphrase in search result)","HAS, HEMGENIX (etranacogene dezaparvovec) - Hemophilie B, avis de la Commission de la Transparence / avis economique (2023)",https://www.has-sante.fr/jcms/p_3460133/fr/hemgenix-etranacogene-dezaparvovec-hemophilie-b,provisional-from-snippet,has-sante.fr returned HTTP 403 / aborted streams to WebFetch and curl; the figure comes from a search-engine summary of the HAS page and appears to be the budget-impact 'population cible a maturite'. Original French wording and avis date not verified. Needs confirmation against the avis PDF.,eligible_E2.csv,hemgenix,France,,304.0,,annual,304.0,304.0,True,B,
Hemgenix,HemB_adult,haemophilia B (EU orphan designation prevalence),EU,prevalence_rate,,0.2,,"per 10,000 people in the EU",2018,2018,"At the time of designation, haemophilia B affected approximately 0.2 in 10,000 people in the European Union (EU). This was equivalent to a total of around 10,000 people*, and is below the ceiling for orphan designation, which is 5 people in 10,000.","EMA orphan designation page EU/3/18/1999 (etranacogene dezaparvovec, haemophilia B)",https://www.ema.europa.eu/en/medicines/human/orphan-designations/eu-3-18-1999,verified-from-source,"EU-wide, all ages and severities (~10,000 people). Designation year 2018 inferred from the designation number.",eligible_E2.csv,hemgenix,EU,,0.2,,unspecified,0.2,0.2,False,A,
Hemgenix,HemB_adult,"haemophilia B, all ages and severities",EU,prevalent_eligible,,10000,,people in the EU,2018,2018,"This was equivalent to a total of around 10,000 people*",EMA orphan designation page EU/3/18/1999,https://www.ema.europa.eu/en/medicines/human/orphan-designations/eu-3-18-1999,verified-from-source,"Sponsor-estimated at orphan designation; adult severe/moderately severe subset not given. | family set by override: all haemophilia B in the EU, all severities",eligible_E2.csv,hemgenix,EU,,10000.0,,disease_prevalence,10000.0,10000.0,True,A,
Hemgenix,HemB_adult,"adult male hemophilia B, moderately severe to severe, on FIX prophylaxis (sponsor BIA population)",Canada,gatekeeper_eligible,,58,,patients (implied eligible pool),2024,2024-09,(derived) 14 patients treated by end of 2027 at cumulative uptake 3% + 8% + 13% = 24% implies ~58 eligible patients,"CDA-AMC (CADTH) Pharmacoeconomic Review, Etranacogene Dezaparvovec (Hemgenix), NCBI Bookshelf NBK608456 (September 2024)",https://www.ncbi.nlm.nih.gov/books/NBK608456/,derived,"CDA-AMC text: sponsor restricted the BIA to 'adult male hemophilia B patients with moderately severe to severe disease who receive FIX prophylaxis', assumed uptake of '3%, 8%, and 13% in years 1, 2, and 3, respectively', giving 'an estimated 14 patients receiving treatment with etranacogene dezaparvovec by the end of 2027'. Arithmetic assumes the yearly percentages apply to the same fixed pool; CDA-AMC reanalysis broadened the pool to mild/moderate patients on prophylaxis (27% severe, 40% moderate, 32% mild among adult males; 40% of moderate and 19% of mild on prophylaxis) but its patient counts were not extracted.",eligible_E2.csv,hemgenix,Canada,,58.0,,prevalent,58.0,58.0,True,A,
Hemgenix,HemB_adult,adult male hemophilia B severity split (CDA-AMC market assessment),Canada,prevalence_rate,,27,,percent of adult males with hemophilia B who have severe disease,2024,2024-09,"27% of adult males presented with severe disease, 40% presented with moderate disease and 32% presented with mild disease","CDA-AMC (CADTH) Pharmacoeconomic Review, Etranacogene Dezaparvovec (Hemgenix), NCBI Bookshelf NBK608456 (September 2024)",https://www.ncbi.nlm.nih.gov/books/NBK608456/,verified-from-source,Also: 40% of moderate and 19% of mild patients receive FIX prophylaxis (CADTH reanalysis inputs).,eligible_E2.csv,hemgenix,Canada,,27.0,,unspecified,27.0,27.0,False,A,
Hemgenix,HemB_adult,share of haemophilia patients with pre-existing anti-AAV5 antibodies (global),Global,seroprevalence,,34.8,,"percent seropositive for AAV5 (people with hemophilia A, multinational cohort)",2022,2022,global seroprevalence was...34.8% for AAV5,"Klamroth R et al., Global Seroprevalence of Pre-existing Immunity Against AAV5 and Other AAV Serotypes in People with Hemophilia A, Human Gene Therapy 2022, PMID 35156839 (abstract via PubMed)",https://pubmed.ncbi.nlm.nih.gov/35156839/,verified-from-source,"Same AAV5 capsid as Hemgenix; US 26.8%, Germany 28.1%, France 37.2%, Italy 40%, UK 5.9%, Japan 29.8%, Brazil 26.9%, Russia 46.2%, South Africa 51.8% (see Roctavian seroprevalence rows). Note EU Hemgenix label does not exclude seropositive patients; G-BA rejected an AAV5 exclusion when counting patients.",eligible_E2.csv,hemgenix,global,,34.8,,prevalent,34.8,34.8,False,A,
Hemgenix,HemB_adult,"hemophilia B, all ages and severities (patients identified in national registries/reports to WFH)",UK,prevalent_eligible,,1721,,people with hemophilia B (identified),2022,2023-10,"United Kingdom 1,721 4% 14% 7% 37% 38% 0%","WFH, Report on the Annual Global Survey 2022 (published October 2023), country tables: hemophilia A and B counts (p.42-44) and age distribution (p.51-56)",https://www1.wfh.org/publications/files/pdf-2399.pdf,verified-from-source,"Table columns: country, hemophilia B count, then % aged 0-4, 5-13, 14-18, 19-44, 45+, age not known (age table) or hemophilia A, hemophilia B, type unknown, VWD, other factor deficiencies (count table). adults 19+ = 37%+38% = 75% (~1,290). Severity split by country is not reported in AGS 2022 (only by GNI group). The US did not report hemophilia counts to AGS 2022 (inhibitor and emicizumab data only).",eligible_E2.csv,hemgenix,UK,,1721.0,,prevalent,1721.0,1721.0,True,A,
Hemgenix,HemB_adult,"hemophilia B, all ages and severities (patients identified in national registries/reports to WFH)",Germany,prevalent_eligible,,842,,people with hemophilia B (identified),2022,2023-10,"Germany 4,245 842 0 6,629 636 186 479 1,759 177 142 951","WFH, Report on the Annual Global Survey 2022 (published October 2023), country tables: hemophilia A and B counts (p.42-44) and age distribution (p.51-56)",https://www1.wfh.org/publications/files/pdf-2399.pdf,verified-from-source,"Table columns: country, hemophilia B count, then % aged 0-4, 5-13, 14-18, 19-44, 45+, age not known (age table) or hemophilia A, hemophilia B, type unknown, VWD, other factor deficiencies (count table). age distribution row not reported for Germany in the age tables. Severity split by country is not reported in AGS 2022 (only by GNI group). The US did not report hemophilia counts to AGS 2022 (inhibitor and emicizumab data only).",eligible_E2.csv,hemgenix,Germany,,842.0,,prevalent,842.0,842.0,True,A,
Hemgenix,HemB_adult,"hemophilia B, all ages and severities (patients identified in national registries/reports to WFH)",France,prevalent_eligible,,1909,,people with hemophilia B (identified),2022,2023-10,"France 1,909 5% 14% 10% 36% 34% 0%","WFH, Report on the Annual Global Survey 2022 (published October 2023), country tables: hemophilia A and B counts (p.42-44) and age distribution (p.51-56)",https://www1.wfh.org/publications/files/pdf-2399.pdf,verified-from-source,"Table columns: country, hemophilia B count, then % aged 0-4, 5-13, 14-18, 19-44, 45+, age not known (age table) or hemophilia A, hemophilia B, type unknown, VWD, other factor deficiencies (count table). adults 19+ = 36%+34% = 70% (~1,340). Severity split by country is not reported in AGS 2022 (only by GNI group). The US did not report hemophilia counts to AGS 2022 (inhibitor and emicizumab data only).",eligible_E2.csv,hemgenix,France,,1909.0,,prevalent,1909.0,1909.0,True,A,
Hemgenix,HemB_adult,"hemophilia B, all ages and severities (patients identified in national registries/reports to WFH)",Italy,prevalent_eligible,,707,,people with hemophilia B (identified),2022,2023-10,"Italy 2,944 707 2,802 308 13 367 28 1,840 170 553 50","WFH, Report on the Annual Global Survey 2022 (published October 2023), country tables: hemophilia A and B counts (p.42-44) and age distribution (p.51-56)",https://www1.wfh.org/publications/files/pdf-2399.pdf,verified-from-source,"Table columns: country, hemophilia B count, then % aged 0-4, 5-13, 14-18, 19-44, 45+, age not known (age table) or hemophilia A, hemophilia B, type unknown, VWD, other factor deficiencies (count table). age distribution row not reported for Italy. Severity split by country is not reported in AGS 2022 (only by GNI group). The US did not report hemophilia counts to AGS 2022 (inhibitor and emicizumab data only).",eligible_E2.csv,hemgenix,Italy,,707.0,,prevalent,707.0,707.0,True,A,
Hemgenix,HemB_adult,"hemophilia B, all ages and severities (patients identified in national registries/reports to WFH)",Spain,prevalent_eligible,,286,,people with hemophilia B (identified),2022,2023-10,Spain 286 2% 6% 6% 34% 45% 6%,"WFH, Report on the Annual Global Survey 2022 (published October 2023), country tables: hemophilia A and B counts (p.42-44) and age distribution (p.51-56)",https://www1.wfh.org/publications/files/pdf-2399.pdf,verified-from-source,"Table columns: country, hemophilia B count, then % aged 0-4, 5-13, 14-18, 19-44, 45+, age not known (age table) or hemophilia A, hemophilia B, type unknown, VWD, other factor deficiencies (count table). count table gives 287; adults 19+ = 34%+45% = 79%, 6% age unknown. Severity split by country is not reported in AGS 2022 (only by GNI group). The US did not report hemophilia counts to AGS 2022 (inhibitor and emicizumab data only).",eligible_E2.csv,hemgenix,Spain,,286.0,,prevalent,286.0,286.0,True,A,
Hemgenix,HemB_adult,"hemophilia B, all ages and severities (patients identified in national registries/reports to WFH)",Japan,prevalent_eligible,,1294,,people with hemophilia B (identified),2022,2023-10,"Japan 1,294 4% 12% 6% 38% 39% 1%","WFH, Report on the Annual Global Survey 2022 (published October 2023), country tables: hemophilia A and B counts (p.42-44) and age distribution (p.51-56)",https://www1.wfh.org/publications/files/pdf-2399.pdf,verified-from-source,"Table columns: country, hemophilia B count, then % aged 0-4, 5-13, 14-18, 19-44, 45+, age not known (age table) or hemophilia A, hemophilia B, type unknown, VWD, other factor deficiencies (count table). adults 19+ = 38%+39% = 77% (~1,000). Severity split by country is not reported in AGS 2022 (only by GNI group). The US did not report hemophilia counts to AGS 2022 (inhibitor and emicizumab data only).",eligible_E2.csv,hemgenix,Japan,,1294.0,,prevalent,1294.0,1294.0,True,A,
Hemgenix,HemB_adult,"hemophilia B, all ages and severities (patients identified in national registries/reports to WFH)",Canada,prevalent_eligible,,742,,people with hemophilia B (identified),2022,2023-10,Canada 742 3% 10% 7% 41% 40% 0%,"WFH, Report on the Annual Global Survey 2022 (published October 2023), country tables: hemophilia A and B counts (p.42-44) and age distribution (p.51-56)",https://www1.wfh.org/publications/files/pdf-2399.pdf,verified-from-source,"Table columns: country, hemophilia B count, then % aged 0-4, 5-13, 14-18, 19-44, 45+, age not known (age table) or hemophilia A, hemophilia B, type unknown, VWD, other factor deficiencies (count table). adults 19+ = 41%+40% = 81% (~600). Severity split by country is not reported in AGS 2022 (only by GNI group). The US did not report hemophilia counts to AGS 2022 (inhibitor and emicizumab data only).",eligible_E2.csv,hemgenix,Canada,,742.0,,prevalent,742.0,742.0,True,A,
Hemgenix,HemB_adult,"hemophilia B, all ages and severities (patients identified in national registries/reports to WFH)",Australia,prevalent_eligible,,568,,people with hemophilia B (identified),2022,2023-10,Australia 568 5% 9% 10% 36% 40% 0%,"WFH, Report on the Annual Global Survey 2022 (published October 2023), country tables: hemophilia A and B counts (p.42-44) and age distribution (p.51-56)",https://www1.wfh.org/publications/files/pdf-2399.pdf,verified-from-source,"Table columns: country, hemophilia B count, then % aged 0-4, 5-13, 14-18, 19-44, 45+, age not known (age table) or hemophilia A, hemophilia B, type unknown, VWD, other factor deficiencies (count table). adults 19+ = 36%+40% = 76% (~430). Severity split by country is not reported in AGS 2022 (only by GNI group). The US did not report hemophilia counts to AGS 2022 (inhibitor and emicizumab data only).",eligible_E2.csv,hemgenix,Australia,,568.0,,prevalent,568.0,568.0,True,A,
Hemgenix,HemB_adult,"hemophilia B, all ages and severities (patients identified in national registries/reports to WFH)",Saudi Arabia,prevalent_eligible,,262,,people with hemophilia B (identified),2022,2023-10,Saudi Arabia 262 23% 37% 13% 26% 1% 0%,"WFH, Report on the Annual Global Survey 2022 (published October 2023), country tables: hemophilia A and B counts (p.42-44) and age distribution (p.51-56)",https://www1.wfh.org/publications/files/pdf-2399.pdf,verified-from-source,"Table columns: country, hemophilia B count, then % aged 0-4, 5-13, 14-18, 19-44, 45+, age not known (age table) or hemophilia A, hemophilia B, type unknown, VWD, other factor deficiencies (count table). adults 19+ = 26%+1% = 27% (~70). Severity split by country is not reported in AGS 2022 (only by GNI group). The US did not report hemophilia counts to AGS 2022 (inhibitor and emicizumab data only).",eligible_E2.csv,hemgenix,Gulf,,262.0,,prevalent,262.0,262.0,True,A,
Beqvez,HemB_adult,"US label: adults with moderate to severe hemophilia B on FIX prophylaxis or with life-threatening/repeated serious spontaneous bleeding, without neutralizing antibodies to AAVRh74var",US,label_indication,,,,,2024,2024-04-26,"the U.S. Food and Drug Administration (FDA) has approved BEQVEZ (fidanacogene elaparvovec-dzkt) for the treatment of adults with moderate to severe hemophilia B who currently use factor IX (FIX) prophylaxis therapy, or have current or historical life-threatening hemorrhage, or have repeated, serious spontaneous bleeding episodes, and do not have neutralizing antibodies to adeno-associated virus serotype Rh74var (AAVRh74var) capsid as detected by an FDA-approved test.","Pfizer press release, U.S. FDA Approves Pfizer's BEQVEZ (fidanacogene elaparvovec-dzkt) (2024-04-26), PDF",https://s206.q4cdn.com/795948973/files/doc_news/U.S.-FDA-Approves-Pfizers-BEQVEZ-fidanacogene-elaparvovec-dzkt-a-One-Time-Gene-Therapy-for-Adults-with-Hemophilia-B-2024.pdf,verified-from-source,Ligatures (fi) lost in PDF text extraction were restored. Pfizer announced discontinuation of Beqvez in February 2025 citing limited interest; trade press reported no patients treated commercially. Phase 3 defined moderately severe to severe as FIX activity 2% or less.,eligible_E2.csv,beqvez,US,,,,unspecified,,,False,A,
Beqvez,HemB_adult,"adult severe hemophilia B without inhibitors (ICER figure for etranacogene, applied by analogy)",US,gatekeeper_eligible,,860,,patients,2022,2022-12-22,approximately 860 adult severe hemophilia B patients without inhibitors would be eligible for treatment with etranacogene dezaparvovec,"ICER, Gene Therapy for Hemophilia B and An Update on Gene Therapy for Hemophilia A: Effectiveness and Value, Final Evidence Report (posted 2022-12-22, unmasked 2024-07-26)",https://icer.org/wp-content/uploads/2022/05/ICER_Hemophilia_Final_Report_12222022.pdf,verified-from-source,ICER did not review Beqvez; the population (adult severe HemB without inhibitors) is the core of the Beqvez label. Beqvez label also covers moderate HemB (larger pool) but excludes AAVRh74var-seropositive patients (smaller pool; share not found).,eligible_E2.csv,beqvez,US,,860.0,,prevalent,860.0,860.0,True,A,
Beqvez,HemB_adult,"hemophilia B, all severities",Global,prevalent_eligible,38000,,,people living with hemophilia B (WFH-identified),2024,2024-04-26,"According to the World Federation of Hemophilia, more than 38,000 people worldwide are living with hemophilia B.11","Pfizer press release, U.S. FDA Approves Pfizer's BEQVEZ (fidanacogene elaparvovec-dzkt) (2024-04-26), PDF",https://s206.q4cdn.com/795948973/files/doc_news/U.S.-FDA-Approves-Pfizers-BEQVEZ-fidanacogene-elaparvovec-dzkt-a-One-Time-Gene-Therapy-for-Adults-with-Hemophilia-B-2024.pdf,verified-from-source,Lower bound.,eligible_E2.csv,beqvez,global,38000.0,,,prevalent,38000.0,,False,A,
Beqvez,HemB_adult,share excluded by neutralizing antibodies to AAVRh74var,US,seroprevalence,,,,percent,,2026-09-05,,Pfizer BENEGENE-2 screening data / published AAVRh74var seroprevalence,,not-found,No published AAVRh74var seroprevalence figure retrieved within budget (WebSearch quota exhausted). Pfizer press release does not state it.,eligible_E2.csv,beqvez,US,,,,prevalent,,,False,X,
Roctavian,HemA_severe,US label: adults with severe hemophilia A (FVIII <1 IU/dL) without antibodies to AAV5,US,label_indication,,,,,2023,2023-06-29,ROCTAVIAN (valoctocogene roxaparvovec-rvox) gene therapy indicated for the treatment of adults with severe hemophilia A (congenital factor VIII deficiency with factor VIII activity < 1 IU/dL) without antibodies to adeno-associated virus serotype 5 (AAV5) detected by an FDA-approved test.,"BioMarin press release via PR Newswire, U.S. FDA Approves BioMarin's ROCTAVIAN (2023-06-29)",https://www.prnewswire.com/news-releases/us-food-and-drug-administration-approves-biomarins-roctavian-valoctocogene-roxaparvovec-rvox-the-first-and-only-gene-therapy-for-adults-with-severe-hemophilia-a-301867403.html,verified-from-source,Trademark symbol dropped. BioMarin withdrew Roctavian from the market in 2026 (per project brief).,eligible_E2.csv,roctavian,US,,,,unspecified,,,False,A,
Roctavian,HemA_severe,"EU label: severe haemophilia A, adults without FVIII-inhibitor history and without detectable anti-AAV5 antibodies",EU,label_indication,,,,,2022,2023-03-16,ROCTAVIAN wird angewendet in der Behandlung von schwerer Haemophilie A (kongenitalem Faktor-VIII-Mangel) bei erwachsenen Patienten ohne Faktor-VIII-Inhibitoren in der Vorgeschichte und ohne nachweisbare Antikoerper gegen Adeno-assoziiertes Virus Serotyp 5 (AAV5).,"G-BA Beschluss Anlage XII Valoctocogen Roxaparvovec (schwere Haemophilie A), Beschluss vom 16. Maerz 2023, BAnz AT 25.04.2023 (geltende Fassung), section 2",https://www.g-ba.de/downloads/91-1385-877/2023-03-16_Geltende%20Fassung_Valoctocogen%20Roxaparvovec_D-876.pdf,verified-from-source,EU conditional authorisation 2022-08-24. Umlauts transliterated.,eligible_E2.csv,roctavian,EU,,,,unspecified,,,False,A,
Roctavian,HemA_severe,adults with severe hemophilia A in the US (company statement),US,prevalent_eligible,,6500,,adults with severe hemophilia A,2023,2023-06-29,"approximately 6,500 adults living with severe hemophilia A in the U.S.","BioMarin press release via PR Newswire, U.S. FDA Approves BioMarin's ROCTAVIAN (2023-06-29)",https://www.prnewswire.com/news-releases/us-food-and-drug-administration-approves-biomarins-roctavian-valoctocogene-roxaparvovec-rvox-the-first-and-only-gene-therapy-for-adults-with-severe-hemophilia-a-301867403.html,verified-from-source,"Same release: 'Approximately 1 in 10,000 people have hemophilia A' and severe disease is 'approximately 50% of the hemophilia A population'.",eligible_E2.csv,roctavian,US,,6500.0,,prevalent,6500.0,6500.0,True,A,
Roctavian,HemA_severe,"adults eligible to receive Roctavian (company estimate after AAV5 antibodies, inhibitors, liver criteria)",US,company_addressable,,2500,,adults eligible,2023,2023-06-29,"approximately 2,500 of those adults to be eligible to receive ROCTAVIAN","BioMarin press release via PR Newswire, U.S. FDA Approves BioMarin's ROCTAVIAN (2023-06-29)",https://www.prnewswire.com/news-releases/us-food-and-drug-administration-approves-biomarins-roctavian-valoctocogene-roxaparvovec-rvox-the-first-and-only-gene-therapy-for-adults-with-severe-hemophilia-a-301867403.html,verified-from-source,"2,500 / 6,500 = 38% of adult severe HemA; consistent with ~27% AAV5 seropositivity (Klamroth US) plus inhibitor history and other exclusions. | family set by override: BioMarin's eligible adults after antibody and other exclusions",eligible_E2.csv,roctavian,US,,2500.0,,prevalent,2500.0,2500.0,True,A,
Roctavian,HemA_severe,"adult severe hemophilia A without inhibitors, plus 11% for non-severe patients on prophylaxis (ICER budget-impact population)",US,gatekeeper_eligible,,5010,,patients,2022,2022-12-22,"Applying these sources results in an estimate of approximately 5,010 eligible patients in the US. For the purposes of this analysis, we will assume that 20% of these patients in PBIA 2 would initiate treatment in each of the five years, or approximately 1,002 patients per year.","ICER, Gene Therapy for Hemophilia B and An Update on Gene Therapy for Hemophilia A: Effectiveness and Value, Final Evidence Report (posted 2022-12-22, unmasked 2024-07-26), Appendix F (p.F1)",https://icer.org/wp-content/uploads/2022/05/ICER_Hemophilia_Final_Report_12222022.pdf,verified-from-source,"Derivation: US population ~342,000,000 x 49.5% male x CDC HTC-based age-adjusted prevalence of hemophilia A 0.012% x 52.8% adults x 48.2% severe (<1%) x 87.2% without inhibitors, then +11% for non-severe patients eligible for prophylaxis. No AAV5-seropositivity exclusion (label excludes ~27% in the US), so an upper bound of the label pool; BioMarin's 2,500 is the lower bound.",eligible_E2.csv,roctavian,US,,5010.0,,prevalent,5010.0,5010.0,True,A,
Roctavian,HemA_severe,hemophilia A prevalence rate used by ICER (CDC HTC-based),US,prevalence_rate,,0.012,,percent of US males (age-adjusted prevalence of hemophilia A among HTC visitors),2022,2022-12-22,"age-adjusted prevalence of hemophilia A from a Centers for Disease Control (CDC) epidemiological study of individuals visiting hemophilia treatment centers (.012%),76 proportion of hemophilia A cases occurring in adults (52.8%)76 and proportion with severe disease (defined as baseline factor activity level <1%) (48.2%)76","ICER, Gene Therapy for Hemophilia B and An Update on Gene Therapy for Hemophilia A: Effectiveness and Value, Final Evidence Report (posted 2022-12-22, unmasked 2024-07-26), Appendix F",https://icer.org/wp-content/uploads/2022/05/ICER_Hemophilia_Final_Report_12222022.pdf,verified-from-source,"Base: US males ~169,000,000 -> ~20,300 males with hemophilia A; adults 52.8% = ~10,700; severe 48.2% = ~5,170; without inhibitors 87.2% = ~4,510; +11% = ~5,010.",eligible_E2.csv,roctavian,US,,0.012,,prevalent,0.012,0.012,False,A,
Roctavian,HemA_severe,"hemophilia A, all ages and severities",US,prevalent_eligible,22800,,25080,people with hemophilia A,2022,2022-12-22,"(derived) 30,000 x 0.76 = 22,800; 33,000 x 0.76 = 25,080","ICER, Gene Therapy for Hemophilia B and An Update on Gene Therapy for Hemophilia A: Effectiveness and Value, Final Evidence Report (posted 2022-12-22, unmasked 2024-07-26) (derived)",https://icer.org/wp-content/uploads/2022/05/ICER_Hemophilia_Final_Report_12222022.pdf,derived,"Arithmetic from ICER's total hemophilia 30,000-33,000 and 76% hemophilia A share. | family set by override: all-severity haemophilia A; label is severe adults",eligible_E2.csv,roctavian,US,22800.0,,25080.0,disease_prevalence,22800.0,25080.0,True,A,
Roctavian,HemA_severe,"severe hemophilia A, males, all ages",US,prevalent_eligible,9900,,11000,males with severe hemophilia A,2024,2024-05-15,"(derived) hemophilia A = 33,000 x 3/4 to 33,000 x 4/5 = 24,750-26,400 males; severe just over 4 in 10 -> ~9,900-11,000","CDC, Data and Statistics on Hemophilia (page last reviewed 2024-05-15) (derived)",https://www.cdc.gov/hemophilia/data-research/index.html,derived,"Arithmetic from CDC statements (33,000 males; A three to four times as common as B; just over 4 in 10 severe). Adults about half (ICER: 52.8%), giving ~5,200-5,800 adult severe, consistent with BioMarin's 6,500 adults.",eligible_E2.csv,roctavian,US,9900.0,,11000.0,prevalent,9900.0,11000.0,True,A,
Roctavian,HemA_severe,share of people with hemophilia A with pre-existing anti-AAV5 antibodies (excluded by label),Global,seroprevalence,,34.8,,percent AAV5-seropositive (people with hemophilia A),2022,2022,global seroprevalence was...34.8% for AAV5,"Klamroth R et al., Global Seroprevalence of Pre-existing Immunity Against AAV5 and Other AAV Serotypes in People with Hemophilia A, Human Gene Therapy 2022, PMID 35156839 (abstract via PubMed)",https://pubmed.ncbi.nlm.nih.gov/35156839/,verified-from-source,"Abstract figures as returned from PubMed; multinational cohort of people with hemophilia A (BioMarin-sponsored). Other countries: Brazil 26.9%, Russia 46.2%, South Africa 51.8%. Eligible pool = severe adult HemA without inhibitors x (1 - seroprevalence). Applies equally to Hemgenix (AAV5).",eligible_E2.csv,roctavian,global,,34.8,,prevalent,34.8,34.8,False,A,
Roctavian,HemA_severe,share of people with hemophilia A with pre-existing anti-AAV5 antibodies (excluded by label),US,seroprevalence,,26.8,,percent AAV5-seropositive (people with hemophilia A),2022,2022,US: 26.8%,"Klamroth R et al., Global Seroprevalence of Pre-existing Immunity Against AAV5 and Other AAV Serotypes in People with Hemophilia A, Human Gene Therapy 2022, PMID 35156839 (abstract via PubMed)",https://pubmed.ncbi.nlm.nih.gov/35156839/,verified-from-source,"Abstract figures as returned from PubMed; multinational cohort of people with hemophilia A (BioMarin-sponsored). Other countries: Brazil 26.9%, Russia 46.2%, South Africa 51.8%. Eligible pool = severe adult HemA without inhibitors x (1 - seroprevalence). Applies equally to Hemgenix (AAV5).",eligible_E2.csv,roctavian,US,,26.8,,prevalent,26.8,26.8,False,A,
Roctavian,HemA_severe,share of people with hemophilia A with pre-existing anti-AAV5 antibodies (excluded by label),Germany,seroprevalence,,28.1,,percent AAV5-seropositive (people with hemophilia A),2022,2022,Germany: 28.1%,"Klamroth R et al., Global Seroprevalence of Pre-existing Immunity Against AAV5 and Other AAV Serotypes in People with Hemophilia A, Human Gene Therapy 2022, PMID 35156839 (abstract via PubMed)",https://pubmed.ncbi.nlm.nih.gov/35156839/,verified-from-source,"Abstract figures as returned from PubMed; multinational cohort of people with hemophilia A (BioMarin-sponsored). Other countries: Brazil 26.9%, Russia 46.2%, South Africa 51.8%. Eligible pool = severe adult HemA without inhibitors x (1 - seroprevalence). Applies equally to Hemgenix (AAV5).",eligible_E2.csv,roctavian,Germany,,28.1,,prevalent,28.1,28.1,False,A,
Roctavian,HemA_severe,share of people with hemophilia A with pre-existing anti-AAV5 antibodies (excluded by label),France,seroprevalence,,37.2,,percent AAV5-seropositive (people with hemophilia A),2022,2022,France: 37.2%,"Klamroth R et al., Global Seroprevalence of Pre-existing Immunity Against AAV5 and Other AAV Serotypes in People with Hemophilia A, Human Gene Therapy 2022, PMID 35156839 (abstract via PubMed)",https://pubmed.ncbi.nlm.nih.gov/35156839/,verified-from-source,"Abstract figures as returned from PubMed; multinational cohort of people with hemophilia A (BioMarin-sponsored). Other countries: Brazil 26.9%, Russia 46.2%, South Africa 51.8%. Eligible pool = severe adult HemA without inhibitors x (1 - seroprevalence). Applies equally to Hemgenix (AAV5).",eligible_E2.csv,roctavian,France,,37.2,,prevalent,37.2,37.2,False,A,
Roctavian,HemA_severe,share of people with hemophilia A with pre-existing anti-AAV5 antibodies (excluded by label),Italy,seroprevalence,,40,,percent AAV5-seropositive (people with hemophilia A),2022,2022,Italy: 40%,"Klamroth R et al., Global Seroprevalence of Pre-existing Immunity Against AAV5 and Other AAV Serotypes in People with Hemophilia A, Human Gene Therapy 2022, PMID 35156839 (abstract via PubMed)",https://pubmed.ncbi.nlm.nih.gov/35156839/,verified-from-source,"Abstract figures as returned from PubMed; multinational cohort of people with hemophilia A (BioMarin-sponsored). Other countries: Brazil 26.9%, Russia 46.2%, South Africa 51.8%. Eligible pool = severe adult HemA without inhibitors x (1 - seroprevalence). Applies equally to Hemgenix (AAV5).",eligible_E2.csv,roctavian,Italy,,40.0,,prevalent,40.0,40.0,False,A,
Roctavian,HemA_severe,share of people with hemophilia A with pre-existing anti-AAV5 antibodies (excluded by label),UK,seroprevalence,,5.9,,percent AAV5-seropositive (people with hemophilia A),2022,2022,United Kingdom: 5.9%,"Klamroth R et al., Global Seroprevalence of Pre-existing Immunity Against AAV5 and Other AAV Serotypes in People with Hemophilia A, Human Gene Therapy 2022, PMID 35156839 (abstract via PubMed)",https://pubmed.ncbi.nlm.nih.gov/35156839/,verified-from-source,"Abstract figures as returned from PubMed; multinational cohort of people with hemophilia A (BioMarin-sponsored). Other countries: Brazil 26.9%, Russia 46.2%, South Africa 51.8%. Eligible pool = severe adult HemA without inhibitors x (1 - seroprevalence). Applies equally to Hemgenix (AAV5).",eligible_E2.csv,roctavian,UK,,5.9,,prevalent,5.9,5.9,False,A,
Roctavian,HemA_severe,share of people with hemophilia A with pre-existing anti-AAV5 antibodies (excluded by label),Japan,seroprevalence,,29.8,,percent AAV5-seropositive (people with hemophilia A),2022,2022,Japan: 29.8%,"Klamroth R et al., Global Seroprevalence of Pre-existing Immunity Against AAV5 and Other AAV Serotypes in People with Hemophilia A, Human Gene Therapy 2022, PMID 35156839 (abstract via PubMed)",https://pubmed.ncbi.nlm.nih.gov/35156839/,verified-from-source,"Abstract figures as returned from PubMed; multinational cohort of people with hemophilia A (BioMarin-sponsored). Other countries: Brazil 26.9%, Russia 46.2%, South Africa 51.8%. Eligible pool = severe adult HemA without inhibitors x (1 - seroprevalence). Applies equally to Hemgenix (AAV5).",eligible_E2.csv,roctavian,Japan,,29.8,,prevalent,29.8,29.8,False,A,
Roctavian,HemA_severe,adults with severe haemophilia A without FVIII-inhibitor history and without detectable anti-AAV5 antibodies (GKV target population),Germany,gatekeeper_eligible,690,,800,patients (GKV),2023,2023-03-16,Erwachsene mit schwerer Haemophilie A (kongenitalem Faktor-VIII-Mangel) ohne Faktor-VIII-Inhibitoren in der Vorgeschichte und ohne nachweisbare Antikoerper gegen Adeno-assoziiertes Virus Serotyp 5 (AAV5) ca. 690 bis 800 Patientinnen und Patienten,"G-BA Beschluss Anlage XII Valoctocogen Roxaparvovec (schwere Haemophilie A), Beschluss vom 16. Maerz 2023, BAnz AT 25.04.2023 (geltende Fassung), section 2",https://www.g-ba.de/downloads/91-1385-877/2023-03-16_Geltende%20Fassung_Valoctocogen%20Roxaparvovec_D-876.pdf,verified-from-source,Range already nets out AAV5-seropositive patients (label exclusion). IQWiG assessment of patient numbers: https://www.g-ba.de/downloads/92-975-6068/2022-09-15_Bewertung-Therapiekosten-Patientenzahlen-IQWiG_Valoctocogene-roxaparvovec_D-876.pdf (not read). Umlauts transliterated. | family set by override: G-BA target population for a one-time therapy is the prevalent pool,eligible_E2.csv,roctavian,Germany,690.0,,800.0,prevalent,690.0,800.0,True,A,
Roctavian,HemA_severe,haemophilia A (EU orphan designation prevalence),EU,prevalence_rate,,0.7,,"per 10,000 people in the EU",2016,2016,"At the time of designation, haemophilia A affected approximately 0.7 in 10,000 people in the European Union (EU). This was equivalent to a total of around 36,000 people*, and is below the ceiling for orphan designation, which is 5 people in 10,000.","EMA orphan designation page EU/3/16/1622 (valoctocogene roxaparvovec, haemophilia A)",https://www.ema.europa.eu/en/medicines/human/orphan-designations/eu-3-16-1622,verified-from-source,"EU-wide, all ages and severities (~36,000). Severe ~40-50%, adults ~50-75%, minus inhibitors and AAV5-seropositive (~35%).",eligible_E2.csv,roctavian,EU,,0.7,,unspecified,0.7,0.7,False,A,
Roctavian,HemA_severe,"haemophilia A, all ages and severities",EU,prevalent_eligible,,36000,,people in the EU,2016,2016,"This was equivalent to a total of around 36,000 people*",EMA orphan designation page EU/3/16/1622,https://www.ema.europa.eu/en/medicines/human/orphan-designations/eu-3-16-1622,verified-from-source, | family set by override: all haemophilia A in the EU,eligible_E2.csv,roctavian,EU,,36000.0,,disease_prevalence,36000.0,36000.0,True,A,
Roctavian,HemA_severe,severe haemophilia A adults (NICE appraisal),England,gatekeeper_eligible,,,,people eligible,,2026-09-05,,"NICE, Valoctocogene roxaparvovec for treating severe haemophilia A [ID3806] (GID-TA10682), project page",https://www.nice.org.uk/guidance/awaiting-development/gid-ta10682,not-found,"NICE appraisal never published (listed as awaiting development; final scope only). No England eligible count from NICE. TA1073 is marstacimab, not Roctavian. UK pool proxy: WFH UK hemophilia A 7,666 (see WFH rows) with UK AAV5 seroprevalence only 5.9%.",eligible_E2.csv,roctavian,England,,,,prevalent,,,False,X,
Roctavian,HemA_severe,population cible HAS (severe haemophilia A adults without inhibitors and without anti-AAV5 antibodies),France,gatekeeper_eligible,,,,patients,,2026-09-05,,"HAS, ROCTAVIAN (valoctocogene roxaparvovec) - Hemophilie A, avis de la Commission de la Transparence",https://www.has-sante.fr/jcms/p_3461362/fr/roctavian-valoctocogene-roxaparvovec-hemophilie-a,not-found,"has-sante.fr blocked (403/aborted). Search summary: HAS gave a favourable opinion for reimbursement within the MA indication (no progress in management, ASMR V); population cible number not retrieved. Proxy: WFH France hemophilia A 7,893, adults 74%, France AAV5 seroprevalence 37.2%.",eligible_E2.csv,roctavian,France,,,,prevalent,,,False,X,
Roctavian,HemA_severe,"hemophilia A, all ages and severities (patients identified in national registries/reports to WFH)",UK,prevalent_eligible,,7666,,people with hemophilia A (identified),2022,2023-10,"United Kingdom 7,666 5% 12% 7% 39% 37% 0%","WFH, Report on the Annual Global Survey 2022 (published October 2023), country tables: hemophilia A and B counts (p.42-44) and age distribution (p.51-56)",https://www1.wfh.org/publications/files/pdf-2399.pdf,verified-from-source,"Table columns as in Hemgenix WFH rows. adults 19+ = 39%+37% = 76% (~5,830). Severe share not reported per country in AGS 2022; CDC/ICER US severe share for hemophilia A ~48% (<1% FVIII). Eligible = adults x severe x no inhibitors x (1 - AAV5 seroprevalence).",eligible_E2.csv,roctavian,UK,,7666.0,,prevalent,7666.0,7666.0,True,A,
Roctavian,HemA_severe,"hemophilia A, all ages and severities (patients identified in national registries/reports to WFH)",Germany,prevalent_eligible,,4245,,people with hemophilia A (identified),2022,2023-10,"Germany 4,245 842 0 6,629 636 186 479 1,759 177 142 951","WFH, Report on the Annual Global Survey 2022 (published October 2023), country tables: hemophilia A and B counts (p.42-44) and age distribution (p.51-56)",https://www1.wfh.org/publications/files/pdf-2399.pdf,verified-from-source,Table columns as in Hemgenix WFH rows. no age row for Germany; DHR-based G-BA count of eligible adults is 690-800. Severe share not reported per country in AGS 2022; CDC/ICER US severe share for hemophilia A ~48% (<1% FVIII). Eligible = adults x severe x no inhibitors x (1 - AAV5 seroprevalence).,eligible_E2.csv,roctavian,Germany,,4245.0,,prevalent,4245.0,4245.0,True,A,
Roctavian,HemA_severe,"hemophilia A, all ages and severities (patients identified in national registries/reports to WFH)",France,prevalent_eligible,,7893,,people with hemophilia A (identified),2022,2023-10,"France 7,893 4% 13% 9% 40% 34% 0%","WFH, Report on the Annual Global Survey 2022 (published October 2023), country tables: hemophilia A and B counts (p.42-44) and age distribution (p.51-56)",https://www1.wfh.org/publications/files/pdf-2399.pdf,verified-from-source,"Table columns as in Hemgenix WFH rows. adults 19+ = 40%+34% = 74% (~5,840). Severe share not reported per country in AGS 2022; CDC/ICER US severe share for hemophilia A ~48% (<1% FVIII). Eligible = adults x severe x no inhibitors x (1 - AAV5 seroprevalence).",eligible_E2.csv,roctavian,France,,7893.0,,prevalent,7893.0,7893.0,True,A,
Roctavian,HemA_severe,"hemophilia A, all ages and severities (patients identified in national registries/reports to WFH)",Italy,prevalent_eligible,,2944,,people with hemophilia A (identified),2022,2023-10,"Italy 2,944 707 2,802 308 13 367 28 1,840 170 553 50","WFH, Report on the Annual Global Survey 2022 (published October 2023), country tables: hemophilia A and B counts (p.42-44) and age distribution (p.51-56)",https://www1.wfh.org/publications/files/pdf-2399.pdf,verified-from-source,Table columns as in Hemgenix WFH rows. no age row for Italy. Severe share not reported per country in AGS 2022; CDC/ICER US severe share for hemophilia A ~48% (<1% FVIII). Eligible = adults x severe x no inhibitors x (1 - AAV5 seroprevalence).,eligible_E2.csv,roctavian,Italy,,2944.0,,prevalent,2944.0,2944.0,True,A,
Roctavian,HemA_severe,"hemophilia A, all ages and severities (patients identified in national registries/reports to WFH)",Spain,prevalent_eligible,,1842,,people with hemophilia A (identified),2022,2023-10,"Spain 1,842 1% 6% 5% 44% 44% 0%","WFH, Report on the Annual Global Survey 2022 (published October 2023), country tables: hemophilia A and B counts (p.42-44) and age distribution (p.51-56)",https://www1.wfh.org/publications/files/pdf-2399.pdf,verified-from-source,"Table columns as in Hemgenix WFH rows. adults 19+ = 44%+44% = 88% (~1,620). Severe share not reported per country in AGS 2022; CDC/ICER US severe share for hemophilia A ~48% (<1% FVIII). Eligible = adults x severe x no inhibitors x (1 - AAV5 seroprevalence).",eligible_E2.csv,roctavian,Spain,,1842.0,,prevalent,1842.0,1842.0,True,A,
Roctavian,HemA_severe,"hemophilia A, all ages and severities (patients identified in national registries/reports to WFH)",Japan,prevalent_eligible,,5776,,people with hemophilia A (identified),2022,2023-10,"Japan 5,776 4% 12% 6% 38% 39% 1%","WFH, Report on the Annual Global Survey 2022 (published October 2023), country tables: hemophilia A and B counts (p.42-44) and age distribution (p.51-56)",https://www1.wfh.org/publications/files/pdf-2399.pdf,verified-from-source,"Table columns as in Hemgenix WFH rows. adults 19+ = 38%+39% = 77% (~4,450). Severe share not reported per country in AGS 2022; CDC/ICER US severe share for hemophilia A ~48% (<1% FVIII). Eligible = adults x severe x no inhibitors x (1 - AAV5 seroprevalence).",eligible_E2.csv,roctavian,Japan,,5776.0,,prevalent,5776.0,5776.0,True,A,
Roctavian,HemA_severe,"hemophilia A, all ages and severities (patients identified in national registries/reports to WFH)",Canada,prevalent_eligible,,3442,,people with hemophilia A (identified),2022,2023-10,"Canada 3,442 4% 11% 7% 42% 36% 0%","WFH, Report on the Annual Global Survey 2022 (published October 2023), country tables: hemophilia A and B counts (p.42-44) and age distribution (p.51-56)",https://www1.wfh.org/publications/files/pdf-2399.pdf,verified-from-source,"Table columns as in Hemgenix WFH rows. adults 19+ = 42%+36% = 78% (~2,680). Severe share not reported per country in AGS 2022; CDC/ICER US severe share for hemophilia A ~48% (<1% FVIII). Eligible = adults x severe x no inhibitors x (1 - AAV5 seroprevalence).",eligible_E2.csv,roctavian,Canada,,3442.0,,prevalent,3442.0,3442.0,True,A,
Roctavian,HemA_severe,"hemophilia A, all ages and severities (patients identified in national registries/reports to WFH)",Australia,prevalent_eligible,,2445,,people with hemophilia A (identified),2022,2023-10,"Australia 2,445 5% 14% 8% 38% 35% 0%","WFH, Report on the Annual Global Survey 2022 (published October 2023), country tables: hemophilia A and B counts (p.42-44) and age distribution (p.51-56)",https://www1.wfh.org/publications/files/pdf-2399.pdf,verified-from-source,"Table columns as in Hemgenix WFH rows. adults 19+ = 38%+35% = 73% (~1,780). Severe share not reported per country in AGS 2022; CDC/ICER US severe share for hemophilia A ~48% (<1% FVIII). Eligible = adults x severe x no inhibitors x (1 - AAV5 seroprevalence).",eligible_E2.csv,roctavian,Australia,,2445.0,,prevalent,2445.0,2445.0,True,A,
Roctavian,HemA_severe,"hemophilia A, all ages and severities (patients identified in national registries/reports to WFH)",Saudi Arabia,prevalent_eligible,,1134,,people with hemophilia A (identified),2022,2023-10,"Saudi Arabia 1,134 22% 36% 19% 21% 1% 0%","WFH, Report on the Annual Global Survey 2022 (published October 2023), country tables: hemophilia A and B counts (p.42-44) and age distribution (p.51-56)",https://www1.wfh.org/publications/files/pdf-2399.pdf,verified-from-source,Table columns as in Hemgenix WFH rows. adults 19+ = 21%+1% = 22% (~250). Severe share not reported per country in AGS 2022; CDC/ICER US severe share for hemophilia A ~48% (<1% FVIII). Eligible = adults x severe x no inhibitors x (1 - AAV5 seroprevalence).,eligible_E2.csv,roctavian,Gulf,,1134.0,,prevalent,1134.0,1134.0,True,A,
Casgevy,SCD_VOC_12plus,"EU label: severe SCD, patients 12 years and older with recurrent VOCs, eligible for HSCT, no HLA-matched related donor",EU,label_indication,,,,,2024,2025-09-18,"Casgevy wird angewendet zur Behandlung von schwerer Sichelzellkrankheit (SCD) bei Patienten ab 12 Jahren mit rezidivierenden vasookklusiven Krisen (VOC), die fuer eine Transplantation von haematopoetischen Stammzellen (HSZ) geeignet sind und fuer die kein humaner Leukozyten-Antigen (HLA)-kompatibler, verwandter HSZ-Spender zur Verfuegung steht.","G-BA Beschluss Anlage XII Exagamglogen autotemcel (Sichelzellkrankheit mit rezidivierenden VOC, >=12 Jahre), Beschluss vom 3. Juli 2025 / 18. September 2025 (geltende Fassung), section 2",https://www.g-ba.de/downloads/91-1385-1167/2025-09-18_Geltende-Fassung_Exagamglogen-autotemcel_D-1146.pdf,verified-from-source,EU authorisation 2024-02-09. US label (FDA 2023-12-08): SCD aged 12+ with recurrent VOCs; extended to children aged 2 and older in 2026 (see Vertex Q2 2026 row). Umlauts transliterated.,eligible_E2.csv,casgevy,EU,,,,unspecified,,,False,A,
Casgevy,SCD_VOC_12plus,people living with severe SCD in the US likely eligible for exa-cel or lovo-cel (ICER budget-impact population),US,gatekeeper_eligible,20000,,25000,people with severe SCD,2023,2023-08-21,"To estimate the size of the potential candidate populations for treatment, we used manufacturer data submissions and literature to consider those who are likely to be eligible for lovo-cel or exa-cel to be between 20,000 and 25,000 people living with severe SCD in the US.82-84 We used the upper end of this range (25,000) and divide this estimate in two for those eligible for lovo-cel (N=12,500) and separately, exa-cel (N=12,500) as per ICER's Reference Case. For the purposes of this analysis, we assume that 20% of these people would initiate treatment in each of the five years, or 2,500 people per year per gene therapy.","ICER, Gene Therapies for Sickle Cell Disease, Final Evidence Report (2023-08-21), section 7 (report p.49) and Appendix F",https://icer.org/wp-content/uploads/2023/08/ICER_SCD_Final_Report_FOR_PUBLICATION_082123.pdf,verified-from-source,"Sources cited by ICER: DeMartino et al. JAMA Pediatrics 2021 (Medicaid BIA), bluebird bio JPM 2023 presentation, Vertex Q4 2022 earnings call. Pool is shared by Casgevy and Lyfgenia; ICER acknowledges eligible may exceed those who choose treatment.",eligible_E2.csv,casgevy,US,20000.0,,25000.0,prevalent,20000.0,25000.0,True,A,
Casgevy,SCD_VOC_12plus,all SCD (prevalence base),US,prevalent_eligible,,100000,,people living with SCD,2023,2023-08-21,"In the United States (US), it is estimated that approximately 100,000 people are living with SCD, although the exact prevalence is unknown.2","ICER, Gene Therapies for Sickle Cell Disease, Final Evidence Report (2023-08-21)",https://icer.org/wp-content/uploads/2023/08/ICER_SCD_Final_Report_FOR_PUBLICATION_082123.pdf,verified-from-source,Eligible 12+ with recurrent VOCs = 20-25% of this base per ICER. | family set by override: all people living with sickle cell disease; label is age 12 and over with recurrent crises,eligible_E2.csv,casgevy,US,,100000.0,,disease_prevalence,100000.0,100000.0,True,A,
Casgevy,SCD_VOC_12plus,all SCD (prevalence base),US,prevalent_eligible,,100000,,people with SCD,2010,2026-08-07,"Two studies published in 2010 estimated that SCD affects approximately 100,000 people in the United States.","CDC, Data and Statistics on Sickle Cell Disease (page last reviewed 2026-08-07)",https://www.cdc.gov/sickle-cell/data/index.html,verified-from-source,"Estimate year 2010 (studies cited by CDC). Also: 'More than 90% of people in the United States with SCD are non-Hispanic Black or African American (Black), and an estimated 3%-9% are Hispanic or Latino.' | family set by override: all people living with sickle cell disease; label is age 12 and over with recurrent crises",eligible_E2.csv,casgevy,US,,100000.0,,disease_prevalence,100000.0,100000.0,True,A,
Casgevy,SCD_VOC_12plus,SCD birth incidence (annual incident flow base),US,incidence_rate,,,,"1 in 365 Black or African American births; 1 in 16,300 Hispanic American births",,2026-08-07,"SCD occurs in about 1 out of every 365 Black or African American births and about 1 out of every 16,300 Hispanic American births.","CDC, Data and Statistics on Sickle Cell Disease (page last reviewed 2026-08-07)",https://www.cdc.gov/sickle-cell/data/index.html,verified-from-source,"Rate only; CDC page does not give an annual number of births with SCD. Incident flow into the 12+ recurrent-VOC pool is patients turning 12 and meeting the VOC criterion, not births.",eligible_E2.csv,casgevy,US,,,,annual,,,False,A,
Casgevy,SCD_VOC_12plus,"severe SCD patients in the US and Europe (company addressable, before Gulf states)",US and Europe,company_addressable,,30000,,patients with severe SCD,2023,2024-02-05,"approximately 30,000 patients [with severe sickle cell disease in the U.S. and Europe, plus additional patients in Saudi Arabia and Bahrain]","Vertex 8-K Ex-99.1, Vertex Reports Fourth Quarter and Full Year 2023 Financial Results (2024-02-05)",https://www.sec.gov/Archives/edgar/data/875320/000087532024000012/ex-991_q42023.htm,verified-from-source,"Bracketed words paraphrase the surrounding sentence as returned by the fetch; the release also states 'approximately 5,000 patients' with TDT in the US and Europe (total ~35,000, the figure Vertex used at launch) and that 'more than 150,000 people' could become eligible with gentler conditioning. ICER SCD report attributes 20,000-25,000 US severe SCD to Vertex/bluebird data, implying ~5,000-10,000 in Europe.",eligible_E2.csv,casgevy,multi: US+EU,,30000.0,,prevalent,30000.0,30000.0,True,A,
Casgevy,SCD_VOC_12plus,eligible patients (SCD and TDT combined) across approved countries,"North America, Europe and Middle East (approved markets)",company_addressable,60000,,,eligible patients (SCD + TDT),2025,2025-11-03,"In total, there are more than 60,000 eligible patients in these countries, including approximately 37,000 in North America and Europe and more than 23,000 in the Middle East.","Vertex 8-K Ex-99.1, Vertex Reports Third Quarter 2025 Financial Results (2025-11-03)",https://www.sec.gov/Archives/edgar/data/875320/000087532025000230/ex-991_q32025.htm,verified-from-source,"Combined SCD and TDT, ages 12+. Repeated verbatim in the Q4 2025 release (2026-02-12, https://www.sec.gov/Archives/edgar/data/875320/000087532026000034/ex-991_q42025.htm). Q3 2025 activity: ~165 patients had initiated cell collection since launch (50 in Q3 2025); 39 infused (10 in Q3 2025). 2025 full year: 147 first cell collections, 64 infusions (Q4 2025 release).",eligible_E2.csv,casgevy,EU,60000.0,,,unspecified,60000.0,,False,A,
Casgevy,SCD_VOC_12plus,"eligible patients (SCD and TDT combined), North America and Europe",North America and Europe,company_addressable,,37000,,"eligible patients (SCD + TDT, 12+)",2025,2025-11-03,"approximately 37,000 in North America and Europe","Vertex 8-K Ex-99.1, Vertex Reports Third Quarter 2025 Financial Results (2025-11-03)",https://www.sec.gov/Archives/edgar/data/875320/000087532025000230/ex-991_q32025.htm,verified-from-source,"Up from ~35,000 (US and Europe) stated at launch; includes Canada. | family set by override: Vertex eligible SCD plus TDT patients aged 12 and over in Europe",eligible_E2.csv,casgevy,EU,,37000.0,,prevalent,37000.0,37000.0,True,A,
Casgevy,SCD_VOC_12plus,"eligible patients (SCD and TDT combined), Middle East (Saudi Arabia, Bahrain, UAE and other approved Gulf markets)",Middle East,company_addressable,23000,,,"eligible patients (SCD + TDT, 12+)",2025,2025-11-03,"more than 23,000 in the Middle East","Vertex 8-K Ex-99.1, Vertex Reports Third Quarter 2025 Financial Results (2025-11-03)",https://www.sec.gov/Archives/edgar/data/875320/000087532025000230/ex-991_q32025.htm,verified-from-source,"Vertex counts Gulf reimbursed markets (Saudi Arabia, Bahrain, UAE, Qatar, Kuwait) in its addressable base; split by country and by SCD vs TDT not disclosed.",eligible_E2.csv,casgevy,other: Middle East,23000.0,,,prevalent,23000.0,,False,A,
Casgevy,SCD_TDT_2to11,children aged 2 to 11 with SCD or TDT newly eligible after US label expansion,US,company_addressable,,5500,,"additional patients (children 2-11, SCD + TDT)",2026,2026-08-03,"approximately 5,500 patients with SCD or TDT may be eligible for treatment with CASGEVY for the first time","Vertex 8-K Ex-99.1, Vertex Reports Second Quarter 2026 Financial Results (2026-08-03)",https://www.sec.gov/Archives/edgar/data/875320/000087532026000256/ex-991_q22026.htm,verified-from-source,"FDA expanded the label to children aged 2 and older in mid-2026 (scanx.trade 2026-07-02: 'Approximately 5,500 additional children in the U.S. are now eligible for this one-time therapy, which was previously approved for people 12 years and older.'). Adds to, and is outside, the 12+ pool measured in other rows. | indication key set by override: children aged 2 to 11 (SCD and TDT combined) added by the FDA label extension of 2026-07-01; counted from that date through label_events.csv (D012), not part of the launch-label pool | family set by override: Vertex counts children aged 2 to 11 newly eligible at the 2026-07-01 extension: a one-time stock, not a per-year flow",eligible_E2.csv,casgevy,US,,5500.0,,prevalent,5500.0,5500.0,True,A,
Casgevy,SCD_VOC_12plus,"people in England eligible for exa-cel (SCD 12+, at least 2 VOCs/yr in previous 2 years, HSCT suitable, no matched related donor) - NICE estimate",England,gatekeeper_eligible,1794,,1882,people eligible (2024/25 current practice to 2029/30),2025,2025-02-26,"People eligible for exa-cel | 1,794 | 1,811 | 1,829 | 1,846 | 1,864 | 1,882","NICE TA1044 Exagamglogene autotemcel for treating severe sickle cell disease in people 12 years and over, Resource impact summary report (last updated 2025-02-26), Table 1",https://www.nice.org.uk/guidance/ta1044/resources/resource-impact-summary-15250971565,verified-from-source,"Table 1 columns: current practice, 2025-26, 2026-27, 2027-28, 2028-29, 2029-30. Assumptions: ~70% of people with SCD have genotypes bS/bS, bS/b+ or bS/b0; 48% of these have at least 2 VOCs per year in the previous 2 years; 54% fit for the procedure (company). Implied base of ~6,900 people with SCD aged 12+ in England (1,794 / 0.54 / 0.48 / 0.70). Uptake row: 'People selected for treatment each year (intention to treat population) | 0 | 29 | 72 | 90 | 96 | 96'; 81% complete treatment.",eligible_E2.csv,casgevy,England,1794.0,,1882.0,prevalent,1794.0,1882.0,True,A,
Casgevy,SCD_VOC_12plus,"people selected for exa-cel treatment per year in England (NICE uptake assumption, not eligibility)",England,gatekeeper_eligible,29,,96,people selected for treatment per year (2025-26 to 2029-30),2025,2025-02-26,People selected for treatment each year (intention to treat population) | 0 | 29 | 72 | 90 | 96 | 96,"NICE TA1044 Exagamglogene autotemcel for treating severe sickle cell disease in people 12 years and over, Resource impact summary report (last updated 2025-02-26), Table 1",https://www.nice.org.uk/guidance/ta1044/resources/resource-impact-summary-15250971565,verified-from-source,"Annual treated flow assumed by NICE: 29, 72, 90, 96, 96; completers (81%): 23, 58, 73, 78, 78. Use as an uptake benchmark, not as the eligible pool.",eligible_E2.csv,casgevy,England,29.0,,96.0,annual,29.0,96.0,False,A,"people selected for treatment per year: an uptake assumption, not an eligible count"
Casgevy,SCD_VOC_12plus,people eligible for exa-cel in England (company estimate),England,gatekeeper_eligible,,1750,,people eligible,2024,2025-02-26,"The EAG also noted that the estimated uptake of exa-cel treatment was very small relative to the 1,750 people considered eligible for exa-cel by the company.","NICE TA1044, section 3 Committee discussion (guidance published 2025-02-26)",https://www.nice.org.uk/guidance/ta1044/chapter/3-Committee-discussion,verified-from-source,"Company (Vertex) estimate in the NICE submission; NICE's own resource-impact figure is 1,794.",eligible_E2.csv,casgevy,England,,1750.0,,prevalent,1750.0,1750.0,True,A,
Casgevy,SCD_VOC_12plus,"patients 12+ with severe SCD and recurrent VOCs, HSCT-suitable, no HLA-identical related donor (GKV target population)",Germany,gatekeeper_eligible,130,,330,patients (GKV),2025,2025-09-18,"Patientinnen und Patienten ab 12 Jahren mit schwerer Sichelzellkrankheit und rezidivierenden vasookklusiven Krisen, die fuer eine Transplantation von haematopoetischen Stammzellen (HSZ) geeignet sind und fuer die kein verwandter, HLA-identischer Stammzellspender zur Verfuegung steht circa 130 bis 330 Patientinnen und Patienten","G-BA Beschluss Anlage XII Exagamglogen autotemcel (Sichelzellkrankheit mit rezidivierenden VOC, >=12 Jahre), Beschluss vom 3. Juli 2025 / 18. September 2025 (geltende Fassung), section 2",https://www.g-ba.de/downloads/91-1385-1167/2025-09-18_Geltende-Fassung_Exagamglogen-autotemcel_D-1146.pdf,verified-from-source,Patient numbers amended by the 18 September 2025 Beschluss (original Beschluss 3 July 2025). Umlauts transliterated. | family set by override: G-BA target population for a one-time therapy is the prevalent pool,eligible_E2.csv,casgevy,Germany,130.0,,330.0,prevalent,130.0,330.0,True,A,
Casgevy,SCD_VOC_12plus,"population cible HAS (severe SCD, ages 12-35, recurrent VOC despite hydroxycarbamide, HSCT-eligible)",France,gatekeeper_eligible,,,,patients,,2026-09-05,,"HAS, CASGEVY (exagamglogene autotemcel) - Drepanocytose severe chez les patients ages de plus de 12 ans, avis de la Commission de la Transparence (2025)",https://www.has-sante.fr/jcms/p_3541918/fr/casgevy-exagamglogene-autotemcel-drepanocytose-severe-chez-les-patients-ages-de-plus-de-12-ans,not-found,has-sante.fr blocked. Search summary: favourable opinion restricted to 'la drepanocytose severe chez des patients ages de 12 a 35 ans presentant des crises vaso-occlusives recurrentes (CVO) malgre un traitement bien conduit par hydroxycarbamide eligibles a une greffe de cellules souches hematopoietiques'; population cible number not retrieved.,eligible_E2.csv,casgevy,France,,,,unspecified,,,False,X,
Casgevy,SCD_VOC_12plus,people 12+ living with SCD in Italy (company statement at reimbursement),Italy,company_addressable,,2300,,people 12 years and older with SCD,2025,2025-09-16,"In Italy, there are approximately 5,000 people 12 years and older living with TDT and around 2,300 with SCD (search-result paraphrase)","Vertex press release, CASGEVY Reimbursement Agreement ... in Italy (2025-09-16)",https://news.vrtx.com/news-releases/news-release-details/vertex-announces-casgevyr-reimbursement-agreement-treatment-0,provisional-from-snippet,"news.vrtx.com and BusinessWire/BioSpace copies timed out or returned 403; figures from search-engine summary. All SCD aged 12+, not restricted to recurrent VOCs.",eligible_E2.csv,casgevy,Italy,,2300.0,,prevalent,2300.0,2300.0,True,B,
Casgevy,SCD_VOC_12plus,sickle cell disease (EU orphan designation prevalence),EU,prevalence_rate,,1.3,,"per 10,000 people in the EU",2019,2019,"At the time of designation, sickle cell disease affected approximately 1.3 in 10,000 people in the European Union (EU). This was equivalent to a total of around 67,000 people*, and is below the ceiling for orphan designation, which is 5 people in 10,000.","EMA orphan designation page EU/3/19/2242 (exagamglogene autotemcel, sickle cell disease)",https://www.ema.europa.eu/en/medicines/human/orphan-designations/eu-3-19-2242,verified-from-source,"All SCD, all ages (~67,000 in the EU). Eligible 12+ with recurrent VOC and HSCT-fit is a fraction (NICE England ratio ~1,794 of ~15,000-17,000 SCD, i.e. ~11-12%).",eligible_E2.csv,casgevy,EU,,1.3,,unspecified,1.3,1.3,False,A,
Casgevy,SCD_VOC_12plus,all SCD,EU,prevalent_eligible,,67000,,people in the EU,2019,2019,"This was equivalent to a total of around 67,000 people*",EMA orphan designation page EU/3/19/2242,https://www.ema.europa.eu/en/medicines/human/orphan-designations/eu-3-19-2242,verified-from-source, | family set by override: all sickle cell disease in the EU,eligible_E2.csv,casgevy,EU,,67000.0,,disease_prevalence,67000.0,67000.0,True,A,
Casgevy,SCD_VOC_12plus,"CDEC reimbursement criteria (SCD 12+, at least 2 severe VOCs/yr for 2 years, autologous-transplant eligible, no willing 10/10 HLA-matched related donor)",Canada,gatekeeper_eligible,,,,patients,,2025,Casgevy should only be covered to treat patients aged 12 years or older with a diagnosis of severe SCD (defined as documented severe SCD genotype and a history of at least 2 severe VOC events each year for the last 2 years).,"CDA-AMC Reimbursement Recommendation, Exagamglogene Autotemcel (Casgevy) for sickle cell disease with recurrent VOCs, NCBI Bookshelf NBK612159 (2025)",https://www.ncbi.nlm.nih.gov/books/NBK612159/,not-found,"Patient counts not stated in the recommendation summary; CDA-AMC reanalysis budget impact $59,373,150 over 3 years (year 1 $0; year 2 $15,444,927; year 3 $43,928,392). Full pharmacoeconomic review (NBK614938) not parsed for counts.",eligible_E2.csv,casgevy,Canada,,,,unspecified,,,False,X,
Lyfgenia,SCD_VOC_12plus,US label: patients 12 years and older with SCD and a history of vaso-occlusive events,US,label_indication,,,,,2023,2023-12-08,bluebird bio Announces FDA Approval of LYFGENIA (lovotibeglogene autotemcel) for Patients Ages 12 and Older with Sickle Cell Disease and a History of Vaso-Occlusive Events,bluebird bio press release title (2023-12-08),https://investor.bluebirdbio.com/news-releases/news-release-details/bluebird-bio-announces-fda-approval-lyfgeniatm-lovotibeglogene,provisional-from-snippet,Title only (from search results); label wording 'history of vaso-occlusive events' is broader than Casgevy's 'recurrent VOCs'. Boxed warning for hematologic malignancy.,eligible_E2.csv,lyfgenia,US,,,,unspecified,,,False,B,
Lyfgenia,SCD_VOC_12plus,individuals with SCD in the US addressable with Lyfgenia (company),US,company_addressable,,20000,,individuals with SCD,2024,2024-12-31,"approximately 20,000 individuals living with SCD could be addressed with LYFGENIA | In the U.S., there are approximately 100,000 people living with SCD","bluebird bio, Inc. Form 10-K for fiscal year ended 2024-12-31 (filed 2025)",https://www.sec.gov/Archives/edgar/data/1293971/000129397125000009/blue-20241231.htm,verified-from-source,Two sentences joined with |. 20% of the US SCD population; derivation not detailed in the 10-K.,eligible_E2.csv,lyfgenia,US,,20000.0,,prevalent,20000.0,20000.0,True,A,
Lyfgenia,SCD_VOC_12plus,people living with severe SCD in the US likely eligible for lovo-cel or exa-cel (ICER),US,gatekeeper_eligible,20000,,25000,people with severe SCD,2023,2023-08-21,"consider those who are likely to be eligible for lovo-cel or exa-cel to be between 20,000 and 25,000 people living with severe SCD in the US","ICER, Gene Therapies for Sickle Cell Disease, Final Evidence Report (2023-08-21)",https://icer.org/wp-content/uploads/2023/08/ICER_SCD_Final_Report_FOR_PUBLICATION_082123.pdf,verified-from-source,"Shared pool with Casgevy; ICER assigned 12,500 to each product for budget impact and assumed 2,500 treated per year per product.",eligible_E2.csv,lyfgenia,US,20000.0,,25000.0,prevalent,20000.0,25000.0,True,A,
Lyfgenia,SCD_VOC_12plus,all SCD (prevalence base),US,prevalent_eligible,,100000,,people with SCD,2010,2026-08-07,"Two studies published in 2010 estimated that SCD affects approximately 100,000 people in the United States.","CDC, Data and Statistics on Sickle Cell Disease (page last reviewed 2026-08-07)",https://www.cdc.gov/sickle-cell/data/index.html,verified-from-source, | family set by override: all people with sickle cell disease,eligible_E2.csv,lyfgenia,US,,100000.0,,disease_prevalence,100000.0,100000.0,True,A,
Lyfgenia,SCD_VOC_12plus,SCD gene therapy (Lyfgenia is US-only),"England, Germany, France, EU, Japan, Canada, Australia",gatekeeper_eligible,,,,,,2026-09-05,,,,not-found,"Lyfgenia is not approved outside the US; no gatekeeper figures exist. For ex-US SCD pools see the Casgevy rows (NICE 1,794 England; G-BA 130-330 Germany; EMA ~67,000 EU).",eligible_E2.csv,lyfgenia,multi: England+Germany+France+Japan+Canada+Australia,,,,prevalent,,,False,X,
Casgevy,TDT_12plus,"EU label: TDT, patients 12 years and older eligible for HSCT without HLA-matched related donor",EU,label_indication,,,,,2024,2025-07-03,"Casgevy wird angewendet zur Behandlung von transfusionsabhaengiger Beta-Thalassaemie (TDT) bei Patienten ab 12 Jahren, die fuer eine Transplantation von haematopoetischen Stammzellen (HSZ) geeignet sind und fuer die kein humaner Leukozyten-Antigen (HLA)-[kompatibler, verwandter HSZ-Spender zur Verfuegung steht]","G-BA Beschluss Anlage XII Exagamglogen autotemcel (transfusionsabhaengige Beta-Thalassaemie, >=12 Jahre), Beschluss vom 3. Juli 2025, BAnz AT 28.07.2025 B4, section 2",https://www.g-ba.de/downloads/39-261-7305/2025-07-03_AM-RL-XII_Exagamglogen-autotemcel_D-1145_BAnz.pdf,verified-from-source,Bracketed tail completes the sentence truncated in text extraction (identical wording to the SCD Anwendungsgebiet). US label (FDA 2024-01-16): TDT aged 12+; extended to age 2+ in 2026.,eligible_E2.csv,casgevy,EU,,,,unspecified,,,False,A,
Casgevy,TDT_12plus,TDT patients in the US and Europe (company addressable at launch),US and Europe,company_addressable,,5000,,patients with TDT,2023,2024-02-05,"approximately 5,000 patients [with transfusion-dependent beta thalassemia in the U.S. and Europe, plus additional patients in Saudi Arabia and Bahrain]","Vertex 8-K Ex-99.1, Vertex Reports Fourth Quarter and Full Year 2023 Financial Results (2024-02-05)",https://www.sec.gov/Archives/edgar/data/875320/000087532024000012/ex-991_q42023.htm,verified-from-source,"Bracketed words paraphrase context as returned by the fetch. With ~30,000 severe SCD this makes the ~35,000 US+Europe launch figure.",eligible_E2.csv,casgevy,multi: US+EU,,5000.0,,prevalent,5000.0,5000.0,True,A,
Casgevy,TDT_12plus,"people in England eligible for exa-cel (TDT 12+, HSCT suitable, no matched related donor) - NICE estimate",England,gatekeeper_eligible,475,,498,people eligible (2024/25 current practice to 2028/29),2024,2024-09-11,People eligible for exa-cel | 475 | 480 | 484 | 489 | 494 | 498,"NICE TA1003 Exagamglogene autotemcel for treating transfusion-dependent beta-thalassaemia in people 12 years and over, Resource impact summary report (last updated 2024-09-11), Table 1",https://www.nice.org.uk/guidance/ta1003/resources/resource-impact-summary-report-13544709805/chapter/Resource-impact-summary-report,verified-from-source,"Table 1 columns: current practice, 2024 to 2025, 2025 to 2026, 2026 to 2027, 2027 to 2028, 2028 to 2029. Assumptions: 85.00% have no HLA-matched related donor; 62.15% of people aged over 18 have regular transfusions. Uptake: market share 3%, 5%, 7%, 9%, 11%; 'People having treatment each year (change in number of people) | 0 | 14 | 10 | 10 | 10 | 10'. Committee papers: only 12 transplants for thalassaemia in the UK in 2021.",eligible_E2.csv,casgevy,England,475.0,,498.0,prevalent,475.0,498.0,True,A,
Casgevy,TDT_12plus,people having exa-cel for TDT per year in England (NICE uptake assumption),England,gatekeeper_eligible,10,,14,people treated per year (2024/25 to 2028/29),2024,2024-09-11,People having treatment each year (change in number of people) | 0 | 14 | 10 | 10 | 10 | 10,"NICE TA1003 Exagamglogene autotemcel for treating transfusion-dependent beta-thalassaemia in people 12 years and over, Resource impact summary report (last updated 2024-09-11), Table 1",https://www.nice.org.uk/guidance/ta1003/resources/resource-impact-summary-report-13544709805/chapter/Resource-impact-summary-report,verified-from-source,"Uptake benchmark, not eligibility.",eligible_E2.csv,casgevy,England,10.0,,14.0,annual,10.0,14.0,False,A,"people treated per year: an uptake assumption, not an eligible count"
Casgevy,TDT_12plus,"patients 12+ with TDT, HSCT-suitable, no HLA-compatible related donor (GKV target population)",Germany,gatekeeper_eligible,20,,150,patients (GKV),2025,2025-07-03,"Patientinnen und Patienten ab 12 Jahren mit transfusionsabhaengiger Beta-Thalassaemie, die fuer eine Transplantation von haematopoetischen Stammzellen (HSZ) geeignet sind und fuer die kein HLA-kompatibler, verwandter Stammzellspender zur Verfuegung steht circa 20 - 150 Patientinnen und Patienten","G-BA Beschluss Anlage XII Exagamglogen autotemcel (transfusionsabhaengige Beta-Thalassaemie, >=12 Jahre), Beschluss vom 3. Juli 2025, BAnz AT 28.07.2025 B4, section 2",https://www.g-ba.de/downloads/39-261-7305/2025-07-03_AM-RL-XII_Exagamglogen-autotemcel_D-1145_BAnz.pdf,verified-from-source,Umlauts transliterated; en dash rendered as hyphen. | family set by override: G-BA target population for a one-time therapy is the prevalent pool,eligible_E2.csv,casgevy,Germany,20.0,,150.0,prevalent,20.0,150.0,True,A,
Casgevy,TDT_12plus,"population cible HAS (TDT, ages 12-35, HSCT-eligible)",France,gatekeeper_eligible,,,,patients,,2026-09-05,,"HAS, CASGEVY (exagamglogene autotemcel) - beta-thalassemie dependante des transfusions (TDT), avis de la Commission de la Transparence (2025)",https://www.has-sante.fr/jcms/p_3545557/fr/casgevy-exagamglogene-autotemcel-ss-thalassemie-dependante-des-transfusions-tdt,not-found,has-sante.fr blocked. Search summary: favourable opinion only for patients aged 12 to 35 years 'eligibles a une greffe de cellules souches hematopoietiques'; population cible number not retrieved.,eligible_E2.csv,casgevy,France,,,,unspecified,,,False,X,
Casgevy,TDT_12plus,people 12+ living with TDT in Italy (company statement at reimbursement),Italy,company_addressable,,5000,,people 12 years and older with TDT,2025,2025-09-16,"In Italy, there are approximately 5,000 people 12 years and older living with TDT and around 2,300 with SCD (search-result paraphrase)","Vertex press release, CASGEVY Reimbursement Agreement ... in Italy (2025-09-16)",https://news.vrtx.com/news-releases/news-release-details/vertex-announces-casgevyr-reimbursement-agreement-treatment-0,provisional-from-snippet,"Italy alone would then hold the majority of the ~5,000 US+Europe TDT figure Vertex gave in 2024, so the two company figures are not on the same basis (Italy figure is all TDT 12+, not HSCT-eligible/no-donor). Primary page not retrievable.",eligible_E2.csv,casgevy,Italy,,5000.0,,prevalent,5000.0,5000.0,True,B,
Casgevy,TDT_12plus,beta-thalassaemia intermedia and major (EU orphan designation prevalence),EU,prevalence_rate,,0.8,,"per 10,000 people in the EU",2019,2019,"At the time of designation, beta-thalassaemia intermedia and major affected approximately 0.80 in 10,000 people in the European Union (EU). This was equivalent to a total of around 41,000 people*, and is below the ceiling for orphan designation, which is 5 people in 10,000.","EMA orphan designation page EU/3/19/2210 (exagamglogene autotemcel, beta thalassaemia)",https://www.ema.europa.eu/en/medicines/human/orphan-designations/eu-3-19-2210,verified-from-source,Includes non-transfusion-dependent intermedia; TDT 12+ HSCT-eligible without donor is a fraction.,eligible_E2.csv,casgevy,EU,,0.8,,unspecified,0.8,0.8,False,A,
Casgevy,TDT_12plus,"CDEC reimbursement criteria (TDT 12+, transfusions of at least 100 mL/kg/yr or 10 units/yr for 2 years, autologous-transplant eligible, no willing 10/10 HLA-matched related donor)",Canada,gatekeeper_eligible,,,,patients,,2025,"Casgevy should only be covered to treat patients 12 years of age and older with a diagnosis of TDT (defined as documented homozygous or compound heterozygous beta-thalassemia, and having received transfusions of packed red blood cells [RBCs] of at least 100mL/kg/year, or 10 units/year, during the previous 2 years)","CDA-AMC Reimbursement Recommendation, Exagamglogene Autotemcel (Casgevy) for TDT, NCBI Bookshelf NBK612160 (2025)",https://www.ncbi.nlm.nih.gov/books/NBK612160/,not-found,"Counts not stated in summary; CDA-AMC reanalysis budget impact $64,614,557 over 3 years (year 1 $3,052,191; year 2 $18,400,764; year 3 $43,161,602).",eligible_E2.csv,casgevy,Canada,,,,unspecified,,,False,X,
Zynteglo,TDT,people living with TDT in the US (ICER),US,prevalent_eligible,1000,,1500,people with TDT,2022,2022-07-19,"There are likely between 1,000 - 1,500 people in the US living with TDT,1,2 but there are estimated to be about 1.25 million carriers of the genetic defect that is responsible for thalassemia.","ICER, Betibeglogene Autotemcel for Beta Thalassemia: Effectiveness and Value, Final Evidence Report (2022-07-19), Executive Summary",https://icer.org/wp-content/uploads/2021/11/ICER_Beta-Thalassemia_Final-Report_071922.pdf,verified-from-source,"US label for Zynteglo (FDA 2022-08-17) covers adults and children with TDT, all genotypes, so this prevalent pool is close to the label pool before HSCT-fitness screening.",eligible_E2.csv,zynteglo,US,1000.0,,1500.0,prevalent,1000.0,1500.0,True,A,
Zynteglo,TDT,individuals aged 0-50 with TDT eligible for beti-cel (ICER budget-impact population),US,gatekeeper_eligible,,666,,patients,2022,2022-07-19,"This budget impact analysis included the estimated number of individuals ages 0 to 50 years with TDT in the US who would be eligible for treatment with beti-cel. Using this approach, we derived an estimate of 666 patients in the US eligible for treatment with beti-cel. Our estimate begins with prevalent cases of beta thalassemia in the US of roughly 2,100.48 From there, we assumed that about 63% of patients could be classified as having TDT arriving at approximately 1,333 patients.2 Of patients who are diagnosed with transfusion-dependent beta thalassemia, we assumed that 50% would be eligible for treatment with beti-cel, arriving at approximately 666 patients.","ICER, Betibeglogene Autotemcel for Beta Thalassemia: Effectiveness and Value, Final Evidence Report (2022-07-19), section 7.1 (report p.63) and Supplement F",https://icer.org/wp-content/uploads/2021/11/ICER_Beta-Thalassemia_Final-Report_071922.pdf,verified-from-source,"20%/yr uptake assumption = ~133 treated per year. Supplement F uses incidence 1 in 100,000 applied to the US population aged 2-50 and TDT share 63.0%.",eligible_E2.csv,zynteglo,US,,666.0,,annual,666.0,666.0,False,A,ICER budget-impact spreading of the eligible pool over years; not an eligible count
Zynteglo,TDT,TDT worldwide vs US (ICER policy section),Global,prevalent_eligible,,300000,,people living with TDT worldwide,2022,2022-07-19,"Policy-makers and life science companies should consider that there are 300,000 people living with transfusion-dependent beta-thalassemia (TDT) worldwide, but only 1,000 of them reside in the US.","ICER, Betibeglogene Autotemcel for Beta Thalassemia: Effectiveness and Value, Final Evidence Report (2022-07-19)",https://icer.org/wp-content/uploads/2021/11/ICER_Beta-Thalassemia_Final-Report_071922.pdf,verified-from-source,"Gives a US point estimate of 1,000 alongside the 1,000-1,500 range. | family set by override: all transfusion-dependent thalassaemia worldwide",eligible_E2.csv,zynteglo,global,,300000.0,,disease_prevalence,300000.0,300000.0,True,A,
Zynteglo,TDT,individuals with TDT in the US (company),US,company_addressable,1300,,1500,individuals with TDT,2024,2024-12-31,"approximately 1,300-1,500 individuals with transfusion-dependent beta-thalassemia in the U.S.","bluebird bio, Inc. Form 10-K for fiscal year ended 2024-12-31 (filed 2025)",https://www.sec.gov/Archives/edgar/data/1293971/000129397125000009/blue-20241231.htm,verified-from-source,"Greek beta rendered as 'beta'. bluebird's earlier 10-Ks (FY2022, FY2023) carry similar language.",eligible_E2.csv,zynteglo,US,1300.0,,1500.0,prevalent,1300.0,1500.0,True,A,
Zynteglo,TDT,TDT patients in the US and Europe (Vertex figure for the same disease pool),US and Europe,company_addressable,,5000,,patients with TDT,2023,2024-02-05,"approximately 5,000 patients [with transfusion-dependent beta thalassemia in the U.S. and Europe]","Vertex 8-K Ex-99.1, Vertex Reports Fourth Quarter and Full Year 2023 Financial Results (2024-02-05)",https://www.sec.gov/Archives/edgar/data/875320/000087532024000012/ex-991_q42023.htm,verified-from-source,"Competitor statement for the same disease; Zynteglo withdrawn from Europe in 2021, so its commercial pool is US only (~1,300-1,500).",eligible_E2.csv,zynteglo,multi: US+EU,,5000.0,,prevalent,5000.0,5000.0,True,A,
Zynteglo,TDT,people in England eligible for exa-cel for TDT 12+ (proxy for Zynteglo pool; Zynteglo not marketed in the UK),England,gatekeeper_eligible,475,,498,people eligible (2024/25 to 2028/29),2024,2024-09-11,People eligible for exa-cel | 475 | 480 | 484 | 489 | 494 | 498,"NICE TA1003 Exagamglogene autotemcel for treating transfusion-dependent beta-thalassaemia in people 12 years and over, Resource impact summary report (last updated 2024-09-11), Table 1",https://www.nice.org.uk/guidance/ta1003/resources/resource-impact-summary-report-13544709805/chapter/Resource-impact-summary-report,verified-from-source,NICE appraisal of betibeglogene autotemcel (ID968) was terminated after bluebird withdrew from Europe (2021); this exa-cel TDT figure (ages 12+) is the nearest gatekeeper estimate for England. Zynteglo's label (all ages) would be somewhat larger.,eligible_E2.csv,zynteglo,England,475.0,,498.0,prevalent,475.0,498.0,True,A,
Zynteglo,TDT,"TDT patients aged 12+ HSCT-suitable without matched related donor (G-BA figure for exa-cel, proxy)",Germany,gatekeeper_eligible,20,,150,patients (GKV),2025,2025-07-03,circa 20 - 150 Patientinnen und Patienten,"G-BA Beschluss Anlage XII Exagamglogen autotemcel (transfusionsabhaengige Beta-Thalassaemie, >=12 Jahre), Beschluss vom 3. Juli 2025, BAnz AT 28.07.2025 B4, section 2",https://www.g-ba.de/downloads/39-261-7305/2025-07-03_AM-RL-XII_Exagamglogen-autotemcel_D-1145_BAnz.pdf,verified-from-source,"G-BA Beschluss for Zynteglo (betibeglogen autotemcel, 2020/2021) not located (search quota exhausted); exa-cel TDT figure used as proxy. Zynteglo EU label: TDT 12+ non-b0/b0. | family set by override: G-BA target population for a one-time therapy is the prevalent pool",eligible_E2.csv,zynteglo,Germany,20.0,,150.0,prevalent,20.0,150.0,True,A,
Zynteglo,TDT,"HAS restriction and population cible (TDT, 12 to <35 years, non-b0/b0, HSCT-eligible, no matched related donor)",France,gatekeeper_eligible,,,,patients,,2026-09-05,"The HAS issued a favorable opinion for reimbursement of Zynteglo only in patients aged 12 to under 35 years in the treatment of transfusion-dependent beta-thalassemia (TDT), who do not have the beta0/beta0 genotype, are eligible for hematopoietic stem cell transplantation (HSC), but do not have a compatible HLA-matched related donor available. (search-result paraphrase)","HAS, ZYNTEGLO (betibeglogene autotemcel), avis de la Commission de la Transparence (CT-18061, 2020)",https://www.has-sante.fr/upload/docs/evamed/CT-18061_ZYNTEGLO_PIC_INS_AvisDef_CT18061_EPI659.pdf,not-found,has-sante.fr returned 403 to both WebFetch and curl; population cible number in section 'Population cible' of the avis not retrieved. Product never launched in France (bluebird exited Europe 2021).,eligible_E2.csv,zynteglo,France,,,,unspecified,,,False,X,
Zynteglo,TDT,beta-thalassaemia intermedia and major (EU orphan designation prevalence),EU,prevalence_rate,,1,,"per 10,000 people in the EU",2012,2012,"At the time of designation, beta-thalassaemia intermedia and major affected approximately 1 in 10,000 people in the European Union (EU). This was equivalent to a total of around 51,000 people*, and is below the ceiling for orphan designation, which is 5 people in 10,000. At the time of designation, this represented a population of 512,200,000 (Eurostat 2013).","EMA orphan designation page EU/3/12/1091 (betibeglogene autotemcel, beta thalassaemia)",https://www.ema.europa.eu/en/medicines/human/orphan-designations/eu-3-12-1091,verified-from-source,"Includes intermedia; compare EU/3/19/2210 (2019): 0.80 in 10,000, ~41,000.",eligible_E2.csv,zynteglo,EU,,1.0,,unspecified,1.0,1.0,False,A,
Waskyra,WAS,US label: patients aged 6 months and older and adults with WAS (WAS gene mutation) for whom HSCT is appropriate and no suitable HLA-matched related donor is available,US,label_indication,,,,,2025,2025-12-10,Waskyra is an autologous hematopoietic stem cell-based gene therapy indicated for the treatment of pediatric patients aged 6 months and older and adults with Wiskott-Aldrich Syndrome (WAS) who have a mutation in the WAS gene for whom hematopoietic stem cell transplantation (HSCT) is appropriate and no suitable human leukocyte antigen (HLA)-matched related stem cell donor is available.,"Fondazione Telethon press release, FDA approval of Waskyra (etuvetidigene autotemcel) (2025-12-10)",https://www.fondazionetelethon.it/en/stories-and-news/news/from-telethon-foundation/fondazione-telethon-announces-fda-approval-of-waskyra-etuvetidigene-autotemcel-a-gene-therapy-for-the-treatment-of-wiskott-aldrich-syndrome/,verified-from-source,"FDA approval 2025-12-09 (first approval to a non-profit applicant). Label is not restricted to severe WAS (classic phenotype), but HSCT-appropriateness in practice limits use to patients for whom transplant is indicated. Not approved in the EU as of this record.",eligible_E2.csv,waskyra,US,,,,unspecified,,,False,A,
Waskyra,WAS,WAS birth incidence (company statement),Global,incidence_rate,,,,"1 in 250,000 live male births",,2025-12-10,"estimated incidence of 1 in 250,000 live male births","Fondazione Telethon press release, FDA approval of Waskyra (etuvetidigene autotemcel) (2025-12-10)",https://www.fondazionetelethon.it/en/stories-and-news/news/from-telethon-foundation/fondazione-telethon-announces-fda-approval-of-waskyra-etuvetidigene-autotemcel-a-gene-therapy-for-the-treatment-of-wiskott-aldrich-syndrome/,verified-from-source,Rate only. Equivalent to 4 per million male births.,eligible_E2.csv,waskyra,global,,,,annual,,,False,A,
Waskyra,WAS,WAS incidence (MedlinePlus Genetics),Global,incidence_rate,1,,10,cases per million males worldwide,,2026-09-05,The estimated incidence of Wiskott-Aldrich syndrome is between 1 and 10 cases per million males worldwide; this condition is rarer in females.,"MedlinePlus Genetics (NIH/NLM), condition page (accessed 2026-09-05), Wiskott-Aldrich syndrome",https://medlineplus.gov/genetics/condition/wiskott-aldrich-syndrome/,verified-from-source,Orphanet page (ORPHA:906) could not be read (anti-bot verification page).,eligible_E2.csv,waskyra,global,1.0,,10.0,unspecified,1.0,10.0,False,A,
Waskyra,WAS,births with WAS per year (annual incident flow),US,annual_incident_eligible,,7,,births per year,2025,2025-12-10,"(derived) 1 in 250,000 live male births x ~1.84 million US male births per year = ~7 per year","Fondazione Telethon press release, FDA approval of Waskyra (etuvetidigene autotemcel) (2025-12-10) (derived)",https://www.fondazionetelethon.it/en/stories-and-news/news/from-telethon-foundation/fondazione-telethon-announces-fda-approval-of-waskyra-etuvetidigene-autotemcel-a-gene-therapy-for-the-treatment-of-wiskott-aldrich-syndrome/,derived,"ASSUMPTION not fetched: ~3.6 million US births per year, ~51% male (~1.84 million male births). Using the MedlinePlus range 1-10 per million males gives ~2-18 per year. Prevalent pool without a matched related donor (about 70-75% of patients) and not already transplanted was not found.",eligible_E2.csv,waskyra,US,,7.0,,annual,7.0,7.0,True,A,
Waskyra,WAS,births with WAS per year (annual incident flow),EU,annual_incident_eligible,,8,,births per year,2025,2025-12-10,"(derived) 1 in 250,000 live male births x ~2.0 million EU male births per year = ~8 per year","Fondazione Telethon press release, FDA approval of Waskyra (etuvetidigene autotemcel) (2025-12-10) (derived)",https://www.fondazionetelethon.it/en/stories-and-news/news/from-telethon-foundation/fondazione-telethon-announces-fda-approval-of-waskyra-etuvetidigene-autotemcel-a-gene-therapy-for-the-treatment-of-wiskott-aldrich-syndrome/,derived,"ASSUMPTION not fetched: ~3.9 million EU births per year, ~51% male. Not yet EU-approved; Fondazione Telethon supplies patients at Milan (SR-Tiget) under other frameworks.",eligible_E2.csv,waskyra,EU,,8.0,,annual,8.0,8.0,True,A,
Waskyra,WAS,WAS gatekeeper eligible counts (NICE/G-BA/HAS/ICER),"England, Germany, France, US",gatekeeper_eligible,,,,,,2026-09-05,,,,not-found,"No HTA assessment yet (approved December 2025, US only). No ICER review.",eligible_E2.csv,waskyra,multi: England+Germany+France,,,,unspecified,,,False,X,
Kresladi,LAD1,US label: pediatric patients with severe LAD-I due to biallelic ITGB2 variants without an available HLA-matched sibling donor,US,label_indication,,,,,2026,2026-09-05,KRESLADI is an autologous hematopoietic stem cell-based gene therapy indicated for the treatment of pediatric patients with severe leukocyte adhesion deficiency-I (LAD-I) due to biallelic variants in ITGB2 without an available human leukocyte antigen (HLA)-matched sibling donor for allogeneic hematopoietic stem cell transplant.,"KRESLADI (marnetegragene autotemcel) US Prescribing Information, Rocket Pharmaceuticals (accessed 2026-09-05)",https://kresladi.com/prescribing-information,verified-from-source,"FDA accelerated approval 2026-03-27 (Rocket press release, not retrievable: BusinessWire/IR pages returned 403 or timed out). Severe LAD-I = CD18 expression <2% of neutrophils.",eligible_E2.csv,kresladi,US,,,,unspecified,,,False,A,
Kresladi,LAD1,LAD-I frequency (MedlinePlus Genetics),Global,prevalence_rate,,1,,per million people worldwide,,2026-09-05,Leukocyte adhesion deficiency type 1 is estimated to occur in 1 per million people worldwide.,"MedlinePlus Genetics (NIH/NLM), condition page (accessed 2026-09-05), Leukocyte adhesion deficiency type 1",https://medlineplus.gov/genetics/condition/leukocyte-adhesion-deficiency-type-1/,verified-from-source,Ambiguous whether birth incidence or prevalence; severe phenotype is a subset (majority of reported cases). Orphanet page (ORPHA:99842) blocked.,eligible_E2.csv,kresladi,global,,1.0,,prevalent,1.0,1.0,False,A,
Kresladi,LAD1,"births with LAD-I per year (annual incident flow, all severities)",US,annual_incident_eligible,,4,,births per year,,2026-09-05,(derived) 1 per million x ~3.6 million US births per year = ~3.6 per year,"MedlinePlus Genetics (NIH/NLM), condition page (accessed 2026-09-05) (derived)",https://medlineplus.gov/genetics/condition/leukocyte-adhesion-deficiency-type-1/,derived,ASSUMPTION not fetched: ~3.6 million US births per year; treats the MedlinePlus figure as a birth rate. Severe LAD-I without a matched sibling donor is a fraction (roughly 60-75% lack a matched sibling). Rocket has described severe LAD-I as ultra-rare; its patient-count statements were not retrieved.,eligible_E2.csv,kresladi,US,,4.0,,annual,4.0,4.0,True,A,
Kresladi,LAD1,Rocket company statement of LAD-I prevalence/addressable patients,US and Global,company_addressable,,,,patients,,2026-09-05,,"Rocket Pharmaceuticals press release, FDA approval of KRESLADI (2026-03-27)",https://ir.rocketpharma.com/news-releases/news-release-details/rocket-pharmaceuticals-announces-fda-approval-kresladitm,not-found,"ir.rocketpharma.com timed out three times; BusinessWire, BioSpace and Hematology Advisor copies returned 403 or empty content. Search summary only confirms 'ultra-rare, life-threatening pediatric genetic immunodeficiency'.",eligible_E2.csv,kresladi,multi: US+global,,,,unspecified,,,False,X,
Kresladi,LAD1,LAD-I gatekeeper eligible counts (NICE/G-BA/HAS/ICER),"England, Germany, France, US",gatekeeper_eligible,,,,,,2026-09-05,,,,not-found,"No HTA assessment yet (approved March 2026, US only). No ICER review.",eligible_E2.csv,kresladi,multi: England+Germany+France,,,,unspecified,,,False,X,
Strimvelis,ADA_SCID,EU label: ADA-SCID patients with no suitable HLA-matched related stem cell donor,EU,label_indication,,,,,2016,2016-05-26,"Strimvelis is indicated for the treatment of patients with severe combined immunodeficiency due to adenosine deaminase deficiency (ADA-SCID), for whom no suitable human leukocyte antigen (HLA)-matched related stem cell donor is available","EMA, Strimvelis EPAR page and EPAR summary for the public (authorised 2016-05-26)",https://www.ema.europa.eu/en/medicines/human/EPAR/strimvelis,verified-from-source,"Administered only at Ospedale San Raffaele, Milan. EPAR summary: 'Because the number of patients with ADA-SCID is low, the disease is considered rare, and Strimvelis was designated an orphan medicine ... on 26 August 2005.' Main study involved 12 patients aged 6 months to about 6 years.",eligible_E2.csv,strimvelis,EU,,,,prevalent,,,False,A,
Strimvelis,ADA_SCID,people diagnosed with ADA-SCID in England per year (company and NHS England estimate),England,annual_incident_eligible,,3,,people diagnosed per year,2017,2018-02,"The committee was aware that the company and NHS England expected 3 people to be diagnosed with ADA-SCID in England per year, but noted that the submission from the patient group stated that it expected 6 to 10 people to be diagnosed per year.","NICE HST7 Strimvelis for treating adenosine deaminase deficiency-severe combined immunodeficiency, section 4 Consideration of the evidence (guidance published February 2018)",https://www.nice.org.uk/guidance/hst7/chapter/4-Consideration-of-the-evidence,verified-from-source,HST7 published February 2018 (exact day not verified in fetch). Patient-group figure (6-10) reflects patients treated at the two expert centres including those travelling from other European countries. Page fetched by curl (nice.org.uk 403 to WebFetch).,eligible_E2.csv,strimvelis,England,,3.0,,annual,3.0,3.0,True,A,
Strimvelis,ADA_SCID,"people diagnosed with ADA-SCID per year (patient group estimate, includes overseas referrals)",England,annual_incident_eligible,6,,10,people diagnosed per year,2017,2018-02,the submission from the patient group stated that it expected 6 to 10 people to be diagnosed per year,"NICE HST7 Strimvelis for treating adenosine deaminase deficiency-severe combined immunodeficiency, section 4 Consideration of the evidence (guidance published February 2018)",https://www.nice.org.uk/guidance/hst7/chapter/4-Consideration-of-the-evidence,verified-from-source,See company estimate row (3 per year).,eligible_E2.csv,strimvelis,England,6.0,,10.0,annual,6.0,10.0,True,A,
Strimvelis,ADA_SCID,people per year expected to have Strimvelis in England (company assumption),England,gatekeeper_eligible,,1,,people treated per year,2017,2018-02,"The company estimated that, of the 3 people diagnosed each year, 1 will have an MRD and 1 will choose not to have Strimvelis because of the need to travel to Italy. | The committee was aware that the company assumed 1 person a year would have Strimvelis treatment.","NICE HST7 Strimvelis for treating adenosine deaminase deficiency-severe combined immunodeficiency, section 4 Consideration of the evidence (guidance published February 2018)",https://www.nice.org.uk/guidance/hst7/chapter/4-Consideration-of-the-evidence,verified-from-source,Two sentences joined with |. Eligible without a matched related donor = 2 of 3 per year; uptake assumed 1 per year.,eligible_E2.csv,strimvelis,England,,1.0,,annual,1.0,1.0,True,A,
Strimvelis,ADA_SCID,ADA-SCID (EU orphan designation prevalence),EU,prevalence_rate,,0.02,,"per 10,000 people in the EU",2005,2005,"At the time of designation, severe combined immunodeficiency (SCID) due to adenosine deaminase (ADA) deficiency affected approximately 0.02 in 10,000 people in the European Union (EU). This was equivalent to a total of around 900 people*, and is below the threshold for orphan designation, which is 5 people in 10,000. At the time of designation, this represented a population of 466,600,000 (Eurostat 2005).","EMA orphan designation page EU/3/05/313 (ADA-SCID, later Strimvelis)",https://www.ema.europa.eu/en/medicines/human/orphan-designations/eu-3-05-313,verified-from-source,Prevalent (~900 in the EU of 2005); most prevalent patients are already transplanted or on ERT; the treatable pool is essentially the incident flow.,eligible_E2.csv,strimvelis,EU,,0.02,,annual,0.02,0.02,False,A,
Strimvelis,ADA_SCID,ADA deficiency incidence (MedlinePlus Genetics),Global,incidence_rate,,,,"1 in 500,000 newborns worldwide",,2026-09-05,"It is estimated to occur in approximately 1 in 500,000 newborns worldwide.","MedlinePlus Genetics (NIH/NLM), condition page (accessed 2026-09-05), Adenosine deaminase deficiency",https://medlineplus.gov/genetics/condition/adenosine-deaminase-deficiency/,verified-from-source,Orphanet page (ORPHA:277) blocked.,eligible_E2.csv,strimvelis,global,,,,unspecified,,,False,A,
Strimvelis,ADA_SCID,births with ADA-SCID per year (annual incident flow),EU,annual_incident_eligible,,8,,births per year,,2026-09-05,"(derived) ~3.9 million EU births per year / 500,000 = ~8 per year","MedlinePlus Genetics (NIH/NLM), condition page (accessed 2026-09-05) (derived)",https://medlineplus.gov/genetics/condition/adenosine-deaminase-deficiency/,derived,"ASSUMPTION not fetched: ~3.9 million EU births per year. England's 3 per year (NICE) on ~0.6 million births implies a higher rate (~1 in 200,000), so 8 is a low estimate for the EU; range ~8-20 per year. About one third have a matched related donor (NICE company estimate), so eligible ~5-13 per year.",eligible_E2.csv,strimvelis,EU,,8.0,,annual,8.0,8.0,True,A,
Strimvelis,ADA_SCID,births with ADA-SCID per year (annual incident flow),US,annual_incident_eligible,,7,,births per year,,2026-09-05,"(derived) ~3.6 million US births per year / 500,000 = ~7 per year","MedlinePlus Genetics (NIH/NLM), condition page (accessed 2026-09-05) (derived)",https://medlineplus.gov/genetics/condition/adenosine-deaminase-deficiency/,derived,Strimvelis is EU-only; US row for context (US newborn SCID screening identifies cases at birth).,eligible_E2.csv,strimvelis,US,,7.0,,annual,7.0,7.0,True,A,
Strimvelis,ADA_SCID,"ADA-SCID gatekeeper counts (G-BA, HAS)","Germany, France, Italy",gatekeeper_eligible,,,,,,2026-09-05,,,,not-found,No G-BA benefit assessment for Strimvelis found in the G-BA procedure list; HAS pages blocked. GSK 2016 press release URL now 404.,eligible_E2.csv,strimvelis,multi: Germany+France+Italy,,,,unspecified,,,False,X,
Casgevy,SCD_VOC_12plus,"all SCD, Canada excluding Quebec (sponsor prevalence model)",Canada (excl. Quebec),prevalent_eligible,,4391,,people with SCD,2024,2025,"First, the sponsor estimates that there are 4,391 patients in Canada (excluding Quebec) who have SCD, using a model informed by literature-derived prevalence, primary market research, and province-specific race- and ethnicity-based demographic data, which was then applied to province-specific demographic data to estimate the overall prevalence of SCD in CDA-AMC-participating jurisdictions.","CDA-AMC Pharmacoeconomic Review, Exagamglogene Autotemcel (Casgevy) for sickle cell disease with recurrent VOCs, NCBI Bookshelf NBK614941 (2025)",https://www.ncbi.nlm.nih.gov/books/NBK614941/,verified-from-source,"Disease-level base for CDA-AMC-participating drug plans (Quebec excluded). Eligible subset (12+, at least 2 VOCs/yr, fit for myeloablation) derived from proxy US/European inputs (Bionest market research). | family set by override: all sickle cell disease in Canada",eligible_E2.csv,casgevy,Canada,,4391.0,,disease_prevalence,4391.0,4391.0,True,A,
Casgevy,SCD_VOC_12plus,patients 12+ with SCD and recurrent VOCs eligible for exa-cel (implied sponsor pool),Canada (excl. Quebec),gatekeeper_eligible,1100,,1200,patients (implied eligible pool),2025,2025,"(derived) 6 patients at 0.5% market share = ~1,200; 21 patients at 1.9% = ~1,105","CDA-AMC Pharmacoeconomic Review, Exagamglogene Autotemcel (Casgevy) for sickle cell disease with recurrent VOCs, NCBI Bookshelf NBK614941 (2025) (derived)",https://www.ncbi.nlm.nih.gov/books/NBK614941/,derived,"Sponsor text: 'the anticipated market share of exagamglogene autotemcel for SCD was assumed to be 0% in Year 1, 0.5% in Year 2, and 1.9% in Year 3, resulting in 0, 6, and 21 patients receiving exagamglogene autotemcel in each year, respectively.' Market share is applied to the eligible target population, so eligible = patients / share. CDA-AMC scenario 'aligned with expert input obtained by the sponsor': 23, 47 and 65 patients treated in years 1-3. Sponsor 3-year budget impact $59,337,641; CDA-AMC reanalysis $59,373,150.",eligible_E2.csv,casgevy,Canada,1100.0,,1200.0,prevalent,1100.0,1200.0,True,A,
Casgevy,SCD_VOC_12plus,patients treated per year with exa-cel for SCD (sponsor base case vs expert scenario),Canada (excl. Quebec),gatekeeper_eligible,0,,65,patients treated per year (years 1-3),2025,2025,"the anticipated market share of exagamglogene autotemcel for SCD was assumed to be 0% in Year 1, 0.5% in Year 2, and 1.9% in Year 3, resulting in 0, 6, and 21 patients receiving exagamglogene autotemcel in each year, respectively. | Assuming that more patients will receive exagamglogene autotemcel (23 patients in year 1, 47 patients in year 2, and 65 patients in year 3), aligned with expert input obtained by the sponsor.","CDA-AMC Pharmacoeconomic Review, Exagamglogene Autotemcel (Casgevy) for sickle cell disease with recurrent VOCs, NCBI Bookshelf NBK614941 (2025)",https://www.ncbi.nlm.nih.gov/books/NBK614941/,verified-from-source,"Uptake benchmark, not eligibility. Two sentences joined with |.",eligible_E2.csv,casgevy,Canada,0.0,,65.0,annual,0.0,65.0,False,A,"patients treated per year in the budget-impact analysis, not an eligible count"
Casgevy,TDT_12plus,patients 12+ with TDT treated per year with exa-cel (implied from sponsor budget impact at $2.8M per administration),Canada (excl. Quebec),gatekeeper_eligible,1,,15,"patients treated per year (years 1-3, implied)",2025,2025,"(derived) $3,052,191 / $2,800,000 = ~1.1; $18,397,226 / $2,800,000 = ~6.6; $43,135,865 / $2,800,000 = ~15.4 patients per year","CDA-AMC Pharmacoeconomic Review, Exagamglogene Autotemcel (Casgevy) for transfusion-dependent beta-thalassemia, NCBI Bookshelf NBK616627 (2025) (derived)",https://www.ncbi.nlm.nih.gov/books/NBK616627/,derived,"Sponsor text: 'The submitted price is $2,800,000 per administration per patient, regardless of the number of patient-specific vials required.' and 'The sponsor estimated the 3-year budget impact of reimbursing exagamglogene autotemcel for the treatment of patients aged 12 years and older with TDT to be $64,585,283 (year 1: $3,052,191; year 2: $18,397,226; year 3: $43,135,865).' Budget impact includes procedure costs and offsets, so counts are approximate. Sponsor also assumed 'of the patients treated with exagamglogene autotemcel, 2/3 of the anticipated patient numbers would be patients with sickle cell disease and 1/3 would be patients with TDT.' TDT prevalent/eligible pool for Canada not stated in the review summary.",eligible_E2.csv,casgevy,Canada,1.0,,15.0,annual,1.0,15.0,True,A,
ALL,births,live births (population base),US,live_births,,3591328,,live births per year,2023,2024-04-25,"The provisional number of births for the United States in 2023 was 3,591,328, down 2% from 2022.","CDC NCHS Vital Statistics Rapid Release no. 35, Births: Provisional Data for 2023 (April 2024)",https://www.cdc.gov/nchs/data/vsrr/vsrr035.pdf,verified-from-source,measure_type live_births is outside the enumerated list; kept as a separate row so incident flows can be derived. Provisional count; final 2023 count may differ slightly.,eligible_E3a.csv,all,US,,3591328.0,,annual,3591328.0,3591328.0,False,A,
ALL,births,live births (population base),England,live_births,,563561,,live births per year,2023,2024-10-28,"In 2023, 563,561 live births occurred in England","ONS, Births in England and Wales: 2023 (bulletin 28 Oct 2024)",https://www.ons.gov.uk/peoplepopulationandcommunity/birthsdeathsandmarriages/livebirths/bulletins/birthsummarytablesenglandandwales/2023,verified-from-source,"England only. England and Wales combined 591,072 (same bulletin; Wales 27,374).",eligible_E3a.csv,all,England,,563561.0,,annual,563561.0,563561.0,False,A,
ALL,births,live births (population base),England and Wales,live_births,,591072,,live births per year,2023,2024-10-28,"There were 591,072 live births in England and Wales","ONS, Births in England and Wales: 2023 (bulletin 28 Oct 2024)",https://www.ons.gov.uk/peoplepopulationandcommunity/birthsdeathsandmarriages/livebirths/bulletins/birthsummarytablesenglandandwales/2023,verified-from-source,,eligible_E3a.csv,all,England,,591072.0,,annual,591072.0,591072.0,False,A,
ALL,births,live births (population base),EU,live_births,,3550000,,live births per year,2024,2026-09-04,3.55 million babies were born in the EU in 2024.,"Eurostat Statistics Explained, Fertility statistics (accessed 4 Sep 2026)",https://ec.europa.eu/eurostat/statistics-explained/index.php?title=Fertility_statistics,verified-from-source,"EU27. Eurostat 'Population and population change statistics' (accessed same day) gives 3.46 million live births in 2025. Country tables are images and were not captured; Germany, France, Italy and Spain births NOT retrieved (no search budget left).",eligible_E3a.csv,all,EU,,3550000.0,,annual,3550000.0,3550000.0,False,A,
ALL,births,live births (population base),EU,live_births,,3460000,,live births per year,2025,2026-09-04,"In 2025 as in previous years, the number of deaths (4.81 million) continued to outnumber those of live births (3.46 million) in the EU","Eurostat Statistics Explained, Population and population change statistics (accessed 4 Sep 2026)",https://ec.europa.eu/eurostat/statistics-explained/index.php?title=Population_and_population_change_statistics,verified-from-source,,eligible_E3a.csv,all,EU,,3460000.0,,annual,3460000.0,3460000.0,False,A,
ALL,births,live births (population base),Australia,live_births,,292318,,registered births per year,2024,2025-10-15,"There were 292,318 registered births in 2024, an increase of 1.9% (or 5,320 births) from 2023.","ABS, Births, Australia (latest release, 15 Oct 2025)",https://www.abs.gov.au/statistics/people/population/births-australia/latest-release,verified-from-source,,eligible_E3a.csv,all,Australia,,292318.0,,annual,292318.0,292318.0,False,A,
ALL,births,live births (population base),Australia,live_births,,286998,,registered births per year,2023,2025-10-15,,"ABS, Births, Australia (latest release, 15 Oct 2025) - derived",https://www.abs.gov.au/statistics/people/population/births-australia/latest-release,derived,"Derived: 292,318 (2024) minus 5,320 (stated increase from 2023) = 286,998.",eligible_E3a.csv,all,Australia,,286998.0,,annual,286998.0,286998.0,False,A,
ALL,births,live births (population base),Germany,live_births,,,,live births per year,,,,,,not-found,Not retrieved: Eurostat country table not machine-readable and search budget exhausted before Destatis could be fetched. G-BA figures below are absolute counts so no derivation is needed for Germany.,eligible_E3a.csv,all,Germany,,,,annual,,,False,X,
ALL,births,live births (population base),France,live_births,,,,live births per year,,,,,,not-found,Not retrieved (INSEE not fetched). HAS avis PDFs could not be downloaded (HAS server aborted every stream).,eligible_E3a.csv,all,France,,,,annual,,,False,X,
ALL,births,live births (population base),Italy,live_births,,,,live births per year,,,,,,not-found,Not retrieved (ISTAT not fetched).,eligible_E3a.csv,all,Italy,,,,annual,,,False,X,
ALL,births,live births (population base),Spain,live_births,,,,live births per year,,,,,,not-found,Not retrieved (INE not fetched).,eligible_E3a.csv,all,Spain,,,,annual,,,False,X,
ALL,births,live births (population base),Japan,live_births,,,,live births per year,,,,,,not-found,Not retrieved (MHLW not fetched; nippon.com page fetched was the wrong article).,eligible_E3a.csv,all,Japan,,,,annual,,,False,X,
ALL,births,live births (population base),Canada,live_births,,,,live births per year,,,,,,not-found,StatCan Daily (25 Sep 2024) fetched gives fertility rate 1.26 for 2023 but not the birth count.,eligible_E3a.csv,all,Canada,,,,annual,,,False,X,
Zolgensma,SMA_under2,pediatric patients less than 2 years of age with SMA with bi-allelic mutations in the SMN1 gene,US,label_indication,,,,,2019,2019-05-24,Zolgensma (onasemnogene abeparvovec-xioi) is an adeno-associated virus vector-based gene therapy indicated for the treatment of pediatric patient less than 2 years of age with spinal muscular atrophy (SMA) with bi-allelic mutations in the survival motor neuron 1 (SMN1) gene.,"Novartis/AveXis press release, FDA approval of Zolgensma, 24 May 2019",https://www.novartis.com/news/media-releases/avexis-receives-fda-approval-zolgensma-first-and-only-gene-therapy-pediatric-patients-spinal-muscular-atrophy-sma,verified-from-source,US label scope at launch. Label does not restrict by SMA type or SMN2 copy number (all types under 2).,eligible_E3a.csv,zolgensma,US,,,,unspecified,,,False,A,
Zolgensma,SMA_under2,pediatric patients less than 2 years of age with SMA with bi-allelic mutations in the SMN1 gene,US,incidence_rate,,1,,cases per 10000 live births,2019,2019-05-24,"The incidence of SMA is approximately 1 in 10,000 live births and it is the leading genetic cause of infant mortality.","Novartis/AveXis press release, FDA approval of Zolgensma, 24 May 2019",https://www.novartis.com/news/media-releases/avexis-receives-fda-approval-zolgensma-first-and-only-gene-therapy-pediatric-patients-spinal-muscular-atrophy-sma,verified-from-source,Population base: live births. All SMA types.,eligible_E3a.csv,zolgensma,US,,1.0,,annual,1.0,1.0,False,A,
Zolgensma,SMA_under2,"all SMA (all types), infants born per year",US,company_addressable,450,,500,patients per year,2019,2019-05-24,Approximately 450 to 500 infants are born with SMA in the US annually.,"Novartis/AveXis press release, FDA approval of Zolgensma, 24 May 2019",https://www.novartis.com/news/media-releases/avexis-receives-fda-approval-zolgensma-first-and-only-gene-therapy-pediatric-patients-spinal-muscular-atrophy-sma,verified-from-source,Company statement of annual incident SMA births; all types. Upper bound on annual incident label-eligible flow (label covers all types under 2).,eligible_E3a.csv,zolgensma,US,450.0,,500.0,annual,450.0,500.0,True,A,
Zolgensma,SMA_under2,"all SMA, new cases per year",US,annual_incident_eligible,,500,,patients per year,2019,2019-05-24,"In the United States (US), SMA incidence is approximately one in 10,000 live births or about 500 new SMA cases per year.","ICER, Spinraza and Zolgensma for Spinal Muscular Atrophy: Final Evidence Report (updated 24 May 2019; first issued 3 Apr 2019), p.1 and p.ES1",https://icer.org/wp-content/uploads/2020/10/ICER_SMA_Final_Evidence_Report_052419.pdf,verified-from-source,ICER background statement; all SMA types.,eligible_E3a.csv,zolgensma,US,,500.0,,annual,500.0,500.0,True,A,
Zolgensma,SMA_under2,SMA birth prevalence (all types),US,incidence_rate,,9.4,,cases per 100000 live births,2019,2019-05-24,"The incidence was assumed to be the US SMA birth prevalence (9.4 per 100,000 live births) as estimated by Lally et al.","ICER, Spinraza and Zolgensma for SMA: Final Evidence Report, section 7.2 (p.101)",https://icer.org/wp-content/uploads/2020/10/ICER_SMA_Final_Evidence_Report_052419.pdf,verified-from-source,Population base: live births. Lally et al. 2017.,eligible_E3a.csv,zolgensma,US,,9.4,,annual,9.4,9.4,False,A,
Zolgensma,SMA_under2,incident SMA Type I patients eligible for Zolgensma each year,US,gatekeeper_eligible,,215,,patients per year,2019,2019-05-24,The distribution of type-specific birth prevalence indicates that approximately 58% of all SMA cases are Type I. Applying these estimates to the projected 2019 to 2023 US population resulted in an average of 215 new SMA Type I patients eligible to be treated with Zolgensma each year.,"ICER, Spinraza and Zolgensma for SMA: Final Evidence Report, section 7.2 (p.101)",https://icer.org/wp-content/uploads/2020/10/ICER_SMA_Final_Evidence_Report_052419.pdf,verified-from-source,"ICER budget-impact eligible population restricted to Type I (no evidence in presymptomatic/Type II-III at the time). 9.4 per 100,000 x US births x 58%.",eligible_E3a.csv,zolgensma,US,,215.0,,annual,215.0,215.0,True,A,
Zolgensma,SMA_under2,all incident SMA patients (newborn-screening scenario),US,gatekeeper_eligible,,370,,patients per year,2019,2019-05-24,We estimated this incident population size at approximately 370 patients per year.,"ICER, Spinraza and Zolgensma for SMA: Final Evidence Report, section 7.2 (p.102)",https://icer.org/wp-content/uploads/2020/10/ICER_SMA_Final_Evidence_Report_052419.pdf,verified-from-source,"Scenario where all incident SMA patients are identified by newborn screening (applied to Spinraza; ICER did not run Zolgensma in this scenario). 9.4 per 100,000 x US births, all types. Exec summary p.ES35: 'When treating the entire eligible population (approximately 370 patients annually)'.",eligible_E3a.csv,zolgensma,US,,370.0,,annual,370.0,370.0,True,A,
Zolgensma,SMA_under2,SMA birth prevalence from US newborn screening 2018-2022,US,incidence_rate,,6.8,,cases per 100000 live births,2022,2024-07-15,"6 244 825 infants, of whom 425 had a confirmed SMA diagnosis ... approximately 1 in 14 694 (95% CI, 0.00006-0.00007)","Belter L, Taylor JL, Jorgensen E, et al. Newborn Screening and Birth Prevalence for Spinal Muscular Atrophy in the US. JAMA Pediatr. 2024;178(9):946-949",https://pmc.ncbi.nlm.nih.gov/articles/PMC11250364/,verified-from-source,"1 in 14,694 = 6.8 per 100,000 (my conversion). Data Jan 2018-Dec 2022. SMN2 copies among 240 confirmed: 5% 1 copy, 49% 2 copies, 33% 3 copies, 13% 4+ copies. Lower than the historic 1 in 10,000.",eligible_E3a.csv,zolgensma,US,,6.8,,annual,6.8,6.8,False,A,
Zolgensma,SMA_under2,"all SMA infants born per year (label-eligible flow, all types)",US,annual_incident_eligible,244,,359,patients per year,2023,2026-09-04,,Derived from CDC 2023 births and Belter 2024 / historic incidence,https://www.cdc.gov/nchs/data/vsrr/vsrr035.pdf,derived,"Derived: 3,591,328 births (CDC provisional 2023) x 1/14,694 (Belter 2024) = 244; x 1/10,000 (Novartis, ICER) = 359. Middle value at 9.4/100,000 (ICER/Lally) = 338.",eligible_E3a.csv,zolgensma,US,244.0,,359.0,annual,244.0,359.0,True,A,
Zolgensma,SMA_under2,prevalent pool under 2 years at launch (all SMA types),US,prevalent_eligible,490,,1000,patients,2019,2026-09-04,,Derived from incident flow,https://www.novartis.com/news/media-releases/avexis-receives-fda-approval-zolgensma-first-and-only-gene-therapy-pediatric-patients-spinal-muscular-atrophy-sma,derived,"Derived upper bound: two birth cohorts (ages 0 to <2) x 244-500 incident per year = about 490-1,000, before subtracting Type I mortality, prior nusinersen use, anti-AAV9 antibodies (ICER: 6% AAV9-positive in PBAC table) and ventilator-dependent infants. Treat as a ceiling.",eligible_E3a.csv,zolgensma,US,490.0,,1000.0,prevalent,490.0,1000.0,True,A,
Zolgensma,SMA_under2,"all SMA, people living with SMA (all ages)",US,prevalent_eligible,,9000,,patients,2025,2025-11-24,"Approximately 9,000 people in the US live with SMA","Novartis press release, FDA approval of Itvisma, 24 Nov 2025",https://www.novartis.com/news/media-releases/novartis-receives-fda-approval-itvisma-only-gene-replacement-therapy-children-two-years-and-older-teens-and-adults-spinal-muscular-atrophy-sma,verified-from-source,All ages and all types; only the under-2 slice is Zolgensma-eligible. Recorded here for context; primary use is the Itvisma (2+) pool.,eligible_E3a.csv,zolgensma,US,,9000.0,,prevalent,9000.0,9000.0,False,A,all-age US SMA prevalence; the Zolgensma label covers children under 2 years so the under-2 pool is the denominator
Zolgensma,SMA_under2,babies born with SMA per year,England,annual_incident_eligible,,65,,patients per year,2021,2021-07-07,"It is estimated that approximately 1 in 10,000 people are born with SMA, suggesting that about 65 people are born with SMA per year in England.","NICE HST15, Onasemnogene abeparvovec for treating spinal muscular atrophy (published 7 Jul 2021), as quoted in WebSearch snippet",https://www.nice.org.uk/guidance/hst15,provisional-from-snippet,"nice.org.uk returned HTTP 403 on every attempt (guidance page, PDF, chapters); web.archive.org is blocked. Sentence taken from the search-engine snippet of the NICE guidance. NICE recommendation (snippet): 5q SMA with bi-allelic SMN1 mutation and clinical diagnosis of type 1 in babies, and presymptomatic 5q SMA with up to 3 SMN2 copies; excludes permanent ventilation.",eligible_E3a.csv,zolgensma,England,,65.0,,annual,65.0,65.0,True,B,
Zolgensma,SMA_under2,share of infants born with SMA expected to be eligible/benefit under NICE HST15,UK,annual_incident_eligible,65,,80,percent of SMA births per year,2021,2021,Approximately 65-80 of 100 infants born in the UK with the disease each year are expected to benefit from this treatment.,"Editorial, Gene therapy for spinal muscular atrophy: the benefit-cost profile. eClinicalMedicine 2021 (PMC8343260)",https://pmc.ncbi.nlm.nih.gov/articles/PMC8343260/,verified-from-source,Editorial states 'With 1 in 10 000 babies affected by spinal muscular atrophy' and that NICE guidance was published 7 July 2021. Its description of the ventilation criterion is garbled and is not used here.,eligible_E3a.csv,zolgensma,UK,65.0,,80.0,annual,65.0,80.0,True,A,
Zolgensma,SMA_under2,infants eligible per year under NICE HST15 criteria,England,annual_incident_eligible,37,,52,patients per year,2023,2026-09-04,,"Derived from ONS 2023 births, NICE-cited incidence and eClinicalMedicine eligibility share",https://www.ons.gov.uk/peoplepopulationandcommunity/birthsdeathsandmarriages/livebirths/bulletins/birthsummarytablesenglandandwales/2023,derived,"Derived: 563,561 England births (ONS 2023) x 1/10,000 = 56 SMA births (NICE cites about 65); x 65%-80% eligible (eClinicalMedicine 2021) = 56x0.65 = 37 to 65x0.80 = 52.",eligible_E3a.csv,zolgensma,England,37.0,,52.0,annual,37.0,52.0,True,A,
Zolgensma,SMA_under2,"GKV target population, groups a-c: 5q-SMA Typ 1; Typ 2 with up to 3 SMN2 copies; Typ 3 with up to 3 SMN2 copies",Germany,gatekeeper_eligible,45,,65,patients (GKV) per year,2021,2021-11-04,a) Patientinnen und Patienten mit 5q-SMA Typ 1 b) Patientinnen und Patienten mit 5q-SMA Typ 2 und bis zu 3 Kopien des SMN 2 Gens c) Patientinnen und Patienten mit 5q-SMA Typ 3 und bis zu 3 Kopien des SMN 2 Gens ca. 45 bis 65 Patientinnen und Patienten,"G-BA Beschluss AM-RL Anlage XII Onasemnogen-Abeparvovec (Ueberschreitung 50 Mio. EUR Grenze), 4 Nov 2021 (BAnz AT 07.12.2021 B3), section 2",https://www.g-ba.de/downloads/39-261-5111/2021-11-04_AM-RL-XII_Onasemnogen-Abeparvovec_D-679.pdf,verified-from-source,"Single range printed after groups a, b and c (read as combined). Tragende Gruende p.14: figures are the manufacturer's, counted incident patients only (no prevalent), operationalised as SMA type 1 and 2, and 'In der Gesamtschau stellt die angegebene Spanne eine Unterschaetzung dar' (underestimate).",eligible_E3a.csv,zolgensma,Germany,45.0,,65.0,annual,45.0,65.0,True,A,
Zolgensma,SMA_under2,"GKV target population, group d: presymptomatic 5q-SMA with up to 3 SMN2 copies",Germany,gatekeeper_eligible,,,,patients (GKV) per year,2021,2021-11-04,d) praesymptomatische Patientinnen und Patienten mit 5q-SMA und bis zu 3 Kopien des SMN 2 Gens keine Angabe moeglich,"G-BA Beschluss Onasemnogen-Abeparvovec, 4 Nov 2021, section 2; Tragende Gruende p.14",https://www.g-ba.de/downloads/40-268-8006/2021-11-04_AM-RL-XII_Onasemnogen-Abeparvovec_D-679_TrG.pdf,not-found,G-BA declined to state a number: 'Eine verlaessliche Angabe zur Anzahl der GKV-Patienten fuer die Gruppe der praesymptomatischen Patientinnen und Patienten mit 5q-SMA ist derzeit nicht moeglich' because SMA newborn screening was introduced in Germany in 2021 and presymptomatic diagnoses were expected to rise.,eligible_E3a.csv,zolgensma,Germany,,,,annual,,,False,X,
Zolgensma,SMA_under2,SMA incidence in newborns,Germany,incidence_rate,9.1,,16.7,cases per 100000 newborns,2021,2021-11-04,Auf Basis einer Inzidenz zwischen 1:6.000 bis 1:11.000 in Neugeborenen koennte bezogen auf die Gesamtpopulation an SMA Patientinnen und Patienten in Deutschland ein Anhaltspunkt fuer die Anzahl der praesymptomatischen Patientinnen und Patienten abgeleitet werden.,"G-BA Tragende Gruende zum Beschluss Onasemnogen-Abeparvovec, 4 Nov 2021, p.14 (citing Kinder-Richtlinie SMA newborn screening decision 17 Dec 2020)",https://www.g-ba.de/downloads/40-268-8006/2021-11-04_AM-RL-XII_Onasemnogen-Abeparvovec_D-679_TrG.pdf,verified-from-source,"1:11,000 = 9.1 and 1:6,000 = 16.7 per 100,000 (my conversion). Population base: newborns. German births not retrieved, so no derived count.",eligible_E3a.csv,zolgensma,Germany,9.1,,16.7,unspecified,9.1,16.7,False,A,
Zolgensma,SMA_under2,population cible (HAS),France,gatekeeper_eligible,,,,patients per year,2021,2021-09-08,,"HAS Commission de la Transparence, avis ZOLGENSMA CT-19301 (8 Sep 2021) and avis economique (15 Dec 2020)",https://www.has-sante.fr/upload/docs/application/pdf/2022-03/zolgensma_08092021_avis_ct19301.pdf,not-found,"HAS server aborted the stream on 6 attempts (PDF and jcms pages). Search snippet of the HAS economic opinion: target-population calculation 'is based on American data for SMA incidence, which is lower than available French data, generating a probable underestimation'. Number not captured. Indication per snippet: 5q SMA with clinical diagnosis of type 1 or 2, or presymptomatic with up to 3 SMN2 copies.",eligible_E3a.csv,zolgensma,France,,,,annual,,,False,X,
Zolgensma,SMA_under2,"all SMA infants born per year (label-eligible flow, all types)",EU,annual_incident_eligible,242,,355,patients per year,2024,2026-09-04,,Derived from Eurostat 2024 births and incidence range,https://ec.europa.eu/eurostat/statistics-explained/index.php?title=Fertility_statistics,derived,"Derived: 3,550,000 EU births (Eurostat 2024) x 1/14,694 (Belter 2024) = 242; x 1/10,000 = 355. Using G-BA's 1:6,000 upper incidence would give 592.",eligible_E3a.csv,zolgensma,EU,242.0,,355.0,annual,242.0,355.0,True,A,
Zolgensma,SMA_under2,CDEC reimbursement criteria,Canada,label_indication,,,,,2021,2021-03-26,180 days of age or younger; one to three copies of the SMN2 gene; not currently requiring permanent feeding or ventilatory support (either invasive or non-invasive); Genetic documentation of 5q SMA with biallelic mutations in the SMN1 gene,"CADTH Canadian Drug Expert Committee Final Recommendation, onasemnogene abeparvovec (Zolgensma), 26 Mar 2021 (NCBI Bookshelf NBK584044)",https://www.ncbi.nlm.nih.gov/books/NBK584044/,verified-from-source,CDEC recommendation contains no patient-count; the CADTH pharmacoeconomic report (with budget-impact patient numbers) was not retrieved (cda-amc.ca returned 403; search budget exhausted).,eligible_E3a.csv,zolgensma,Canada,,,,unspecified,,,False,A,
Zolgensma,SMA_under2,eligible patients per year (CADTH budget impact),Canada,gatekeeper_eligible,,,,patients per year,2021,2021-03-26,,"CADTH Pharmacoeconomic Review Report, onasemnogene abeparvovec (2021)",,not-found,Not retrieved. See CDEC row for criteria.,eligible_E3a.csv,zolgensma,Canada,,,,annual,,,False,X,
Zolgensma,SMA_under2,"presymptomatic SMA, <9 months, 3 SMN2 copies: incident patients eligible to initiate treatment",Australia,gatekeeper_eligible,12,,13,patients per year,2023,2022-11,"Eligible population Incident patients born from 2023 Yr 1: 12 Yr 2: 13 Yr 3: 13 Yr 4: 13 Yr 5: 13 Yr 6: 13 [corrected] Yr 1: 13 Yr 2: 13 ... Applying the following to the estimated ABS population aged 0 in 2023-2029: - 1 in 10,000 diagnosed with SMA (SMA Australia), - 100% identified with NBS, - 38.1% 3 copies of SMN2 identified with NBS (Feldkotetter 2002), - 94% AAV9 eligible (6% AAV9+ve in ONA trials).","PBAC Public Summary Document, onasemnogene abeparvovec, November 2022 PBAC meeting, section 6 Table 15",https://www.pbs.gov.au/industry/pbac/psd/2022/11/onasemnogene-abebarvovec-psd-11-2022.pdf?variant=3,verified-from-source,"This submission covered only the presymptomatic 3-SMN2-copy extension; symptomatic Type I and 1-2 copy patients were listed earlier (2021) and are not counted here. Total patients eligible to initiate: Yr1 13, Yr2-6 12. Uptake assumed 90%. as_of_date is the meeting month (PSD publication date not captured). Implied all-SMA births = 13/(0.381x0.94) = about 36 per year.",eligible_E3a.csv,zolgensma,Australia,12.0,,13.0,annual,12.0,13.0,True,A,
Zolgensma,SMA_under2,all SMA infants born per year,Australia,annual_incident_eligible,,29,,patients per year,2023,2026-09-04,,Derived from ABS births and PBAC-cited incidence,https://www.abs.gov.au/statistics/people/population/births-australia/latest-release,derived,"Derived: 286,998 births (ABS, 2023 derived) x 1/10,000 (SMA Australia figure cited by PBAC) = 29.",eligible_E3a.csv,zolgensma,Australia,,29.0,,annual,29.0,29.0,True,A,
Zolgensma,SMA_under2,eligible patients per year,Japan,gatekeeper_eligible,,,,patients per year,,,,,,not-found,Not searched: WebSearch budget was exhausted before Japan (Chuikyo forecast patient numbers) could be queried.,eligible_E3a.csv,zolgensma,Japan,,,,annual,,,False,X,
Zolgensma,SMA_under2,eligible patients per year,Italy,gatekeeper_eligible,,,,patients per year,,,,,,not-found,No Italian (AIFA) figure retrieved; derive from EU incidence rows once ISTAT births are added.,eligible_E3a.csv,zolgensma,Italy,,,,annual,,,False,X,
Zolgensma,SMA_under2,eligible patients per year,Spain,gatekeeper_eligible,,,,patients per year,,,,,,not-found,No Spanish figure retrieved; derive from EU incidence rows once INE births are added.,eligible_E3a.csv,zolgensma,Spain,,,,annual,,,False,X,
Itvisma,SMA_2plus,SMA in adult and pediatric patients 2 years of age and older with confirmed mutation in SMN1 gene (intrathecal onasemnogene abeparvovec-brve),US,label_indication,,,,,2025,2025-11-24,"children two years and older, teens and adults living with spinal muscular atrophy (SMA) with a confirmed mutation in the survival motor neuron 1 (SMN1) gene","Novartis press release, FDA approval of Itvisma, 24 Nov 2025",https://www.novartis.com/news/media-releases/novartis-receives-fda-approval-itvisma-only-gene-replacement-therapy-children-two-years-and-older-teens-and-adults-spinal-muscular-atrophy-sma,verified-from-source,"FDA approved 24 Nov 2025; US availability December 2025. Drugs.com approval history (search snippet) words the label as 'adult and pediatric patients 2 years of age and older with confirmed mutation in SMN1 gene'; fixed dose, one-time intrathecal injection. No upper age limit, no SMA-type or SMN2 restriction in the label scope found.",eligible_E3a.csv,itvisma,US,,,,unspecified,,,False,A,
Itvisma,SMA_2plus,"people living with SMA, all ages (ceiling for the 2+ pool)",US,company_addressable,,9000,,patients,2025,2025-11-24,"Approximately 9,000 people in the US live with SMA","Novartis press release, FDA approval of Itvisma, 24 Nov 2025",https://www.novartis.com/news/media-releases/novartis-receives-fda-approval-itvisma-only-gene-replacement-therapy-children-two-years-and-older-teens-and-adults-spinal-muscular-atrophy-sma,verified-from-source,"Prevalent all-age pool; the 2+ label pool is this minus children under 2 (roughly 490-1,000 per Zolgensma derived row) and minus any patients previously treated with IV Zolgensma (excluded from STEER/STRENGTH trials; label exclusion not verified). Novartis gave no explicit Itvisma-eligible count in the release.",eligible_E3a.csv,itvisma,US,,9000.0,,prevalent,9000.0,9000.0,True,A,
Itvisma,SMA_2plus,prevalent patients aged 2 and older,US,prevalent_eligible,8000,,8500,patients,2025,2026-09-04,,"Derived from Novartis 9,000 and under-2 pool",https://www.novartis.com/news/media-releases/novartis-receives-fda-approval-itvisma-only-gene-replacement-therapy-children-two-years-and-older-teens-and-adults-spinal-muscular-atrophy-sma,derived,"Derived: 9,000 (Novartis) minus 490-1,000 under-2 (derived above) = about 8,000-8,500 aged 2+. Ceiling: does not net out prior Zolgensma recipients (>4,000 treated globally by 2025 per Novartis, not verified here) or patients unwilling to switch from nusinersen/risdiplam.",eligible_E3a.csv,itvisma,US,8000.0,,8500.0,prevalent,8000.0,8500.0,True,A,
Itvisma,SMA_2plus,annual cohort ageing into the 2+ pool (children turning 2 with SMA),US,annual_incident_eligible,244,,359,patients per year,2023,2026-09-04,,Derived from US SMA birth prevalence,https://www.cdc.gov/nchs/data/vsrr/vsrr035.pdf,derived,"Derived: same as Zolgensma incident flow (3,591,328 x 1/14,694 to 1/10,000). Ceiling: most children born after 2019 in screening states will already have received Zolgensma IV before age 2.",eligible_E3a.csv,itvisma,US,244.0,,359.0,annual,244.0,359.0,True,A,
Itvisma,SMA_2plus,eligible patients,England,gatekeeper_eligible,,,,patients,,,,,,not-found,No EU/UK marketing authorisation or HTA appraisal for intrathecal onasemnogene abeparvovec located as of this retrieval (no search budget to confirm EMA status).,eligible_E3a.csv,itvisma,England,,,,unspecified,,,False,X,
Itvisma,SMA_2plus,eligible patients,Germany,gatekeeper_eligible,,,,patients,,,,,,not-found,See England row.,eligible_E3a.csv,itvisma,Germany,,,,unspecified,,,False,X,
Itvisma,SMA_2plus,eligible patients,France,gatekeeper_eligible,,,,patients,,,,,,not-found,See England row.,eligible_E3a.csv,itvisma,France,,,,unspecified,,,False,X,
Elevidys,DMD_4to5_amb,ambulatory patients aged 4 through 5 years with DMD with a confirmed mutation in the DMD gene,US,label_indication,,,,,2023,2023-06-21,ELEVIDYS is indicated for the treatment of ambulatory patients aged 4 through 5 years with Duchenne muscular dystrophy (DMD) with a confirmed mutation in the DMD gene. The indication is approved under the Accelerated Approval pathway,"FDA CBER Summary Basis for Regulatory Action, ELEVIDYS, 21 Jun 2023",https://www.fda.gov/media/169746/download,verified-from-source,"Initial (accelerated) label, approval 22 Jun 2023.",eligible_E3a.csv,elevidys,US,,,,unspecified,,,False,A,
Elevidys,DMD_4plus,"DMD with confirmed DMD mutation, at least 4 years of age (ambulatory: traditional approval; non-ambulatory: accelerated approval)",US,label_indication,,,,,2024,2024-06-20,ELEVIDYS...was approved by the FDA in June 2024 for the treatment of ambulatory patients at least four years old with Duchenne with a confirmed mutation in the Duchenne gene. ELEVIDYS is also approved for non-ambulatory patients under the accelerated approval pathway.,"Sarepta Therapeutics Form 10-K for FY2024 (filed Feb 2025), Business section",https://www.sec.gov/Archives/edgar/data/873303/000095017025029973/srpt-20241231.htm,verified-from-source,Expanded label 20 Jun 2024 (Sarepta press release: 'individuals with Duchenne muscular dystrophy with a confirmed mutation in the DMD gene who are at least 4 years of age'). as_of_date is the expansion date; 10-K filing date approx. 2025-02.,eligible_E3a.csv,elevidys,US,,,,unspecified,,,False,A,
Elevidys,DMD_4plus_amb_2025,ambulatory patients (age 4+) only; non-ambulatory shipments under voluntary hold after deaths,US,label_indication,,,,,2025,2025-07-28,"ambulatory patients who may now receive Elevidys ... non ambulatory patients, which remains subject to a voluntary hold","FDA press announcement, FDA Recommends Removal of Voluntary Hold for Elevidys for Ambulatory Patients, 28 Jul 2025",https://www.fda.gov/news-events/press-announcements/fda-recommends-removal-voluntary-hold-elevidys-ambulatory-patients,verified-from-source,"Sequence in 2025: FDA requested suspension of distribution after 3 deaths (Jul 2025, U_FDA hold release); ambulatory shipments resumed after 28 Jul 2025; non-ambulatory remained on hold. A later formal label revision (boxed warning / removal of non-ambulatory indication) was not verified here (Sarepta Q4-2025 release fetch timed out).",eligible_E3a.csv,elevidys,US,,,,unspecified,,,False,A,
Elevidys,DMD_4plus,DMD incidence among boys,US,incidence_rate,,30.3,,cases per 100000 male births,2023,2023-06-21,"DMD affects about 1 in 3,300 boys.","FDA CBER Summary Basis for Regulatory Action, ELEVIDYS, 21 Jun 2023, p.4",https://www.fda.gov/media/169746/download,verified-from-source,"1 in 3,300 = 30.3 per 100,000 (my conversion). Population base: male births. Higher than the Crisafulli pooled estimate.",eligible_E3a.csv,elevidys,US,,30.3,,annual,30.3,30.3,False,A,
Elevidys,DMD_4plus,DMD birth prevalence (global pooled),Global,incidence_rate,16.6,19.8,23.6,cases per 100000 live male births,2019,2020,"19.8 cases (95% CI:16.6-23.6) per 100,000 live male births","Crisafulli S, Sultana J, Fontana A, et al. Global epidemiology of Duchenne muscular dystrophy: an updated systematic review and meta-analysis. Orphanet J Rare Dis 2020;15:141",https://pmc.ncbi.nlm.nih.gov/articles/PMC7275323/,verified-from-source,"Population base: live male births. Same paper: pooled prevalence 7.1 (5.0-10.1) per 100,000 males and 2.8 (1.6-4.6) per 100,000 general population.",eligible_E3a.csv,elevidys,global,16.6,19.8,23.6,annual,16.6,23.6,False,A,
Elevidys,DMD_4plus,DMD prevalence among males (global pooled),Global,prevalence_rate,5.0,7.1,10.1,cases per 100000 males,2019,2020,"7.1 cases (95% CI: 5.0-10.1) per 100,000 males","Crisafulli et al. 2020, Orphanet J Rare Dis 15:141",https://pmc.ncbi.nlm.nih.gov/articles/PMC7275323/,verified-from-source,Population base: males of all ages. Multiply by a sourced US male population to get the prevalent DMD pool (US population not fetched here; not derived).,eligible_E3a.csv,elevidys,global,5.0,7.1,10.1,prevalent,5.0,10.1,False,A,
Elevidys,DMD_4plus,"DMD prevalence, general population (global pooled)",Global,prevalence_rate,1.6,2.8,4.6,cases per 100000 population,2019,2020,"2.8 cases (95% CI: 1.6-4.6) per 100,000 in the general population","Crisafulli et al. 2020, Orphanet J Rare Dis 15:141",https://pmc.ncbi.nlm.nih.gov/articles/PMC7275323/,verified-from-source,Population base: total population.,eligible_E3a.csv,elevidys,global,1.6,2.8,4.6,unspecified,1.6,4.6,False,A,
Elevidys,DMD_4plus,"boys born with DMD per year (annual flow into the 4+ pool, all ambulatory at entry)",US,annual_incident_eligible,364,,557,patients per year,2023,2026-09-04,,"Derived from CDC 2023 births, Crisafulli 2020 and FDA SBRA incidence",https://www.cdc.gov/nchs/data/vsrr/vsrr035.pdf,derived,"Derived: 3,591,328 births x 0.512 male share (assumption: sex ratio at birth about 1.05; not separately sourced) = 1,838,760 male births; x 19.8/100,000 = 364; x 1/3,300 = 557. Crisafulli 95% CI gives 305-434.",eligible_E3a.csv,elevidys,US,364.0,,557.0,annual,364.0,557.0,True,A,
Elevidys,DMD_4to5_amb,prevalent boys aged 4-5 with DMD (2023 label pool at launch),US,prevalent_eligible,728,,1114,patients,2023,2026-09-04,,Derived from annual DMD births,https://www.cdc.gov/nchs/data/vsrr/vsrr035.pdf,derived,"Derived: two single-year age cohorts (4 and 5) x 364-557 per cohort = 728-1,114. Ceiling: assumes every case is diagnosed by age 4 (mean diagnosis age in the US is about 4-5 years, so the diagnosed pool is smaller) and all are ambulatory (nearly all are at 4-5). Anti-AAVrh74 antibody exclusion not applied.",eligible_E3a.csv,elevidys,US,728.0,,1114.0,prevalent,728.0,1114.0,True,A,
Elevidys,DMD_4plus,US Duchenne patients eligible/addressable for ELEVIDYS (company),US,company_addressable,,,,patients,2024,2025-02,,Sarepta Therapeutics Form 10-K FY2024; Sarepta Q2-2024 coverage (BioPharma Dive 8 Aug 2024),https://www.sec.gov/Archives/edgar/data/873303/000095017025029973/srpt-20241231.htm,not-found,"Neither the FY2024 10-K nor Q2-2024 earnings coverage states a count of US patients eligible for ELEVIDYS; the 10-K quantifies only exon-skipping shares (13% exon 51, 8% exon 53, 8% exon 45). Sarepta investor-day slides were not retrieved.",eligible_E3a.csv,elevidys,US,,,,unspecified,,,False,X,
Elevidys,DMD_4plus_amb_2025,share of addressable ambulatory Duchenne population untreated,US,company_addressable,,80,,percent of addressable ambulatory population untreated,2025,,"About 80 percent of the addressable ambulatory Duchenne population remains untreated with Elevidys, according to CEO statements.","Precision Medicine Online, Sarepta CEO signals intent to expand Elevidys to younger Duchenne patients at JPM (Jan 2025), via WebSearch snippet",https://www.precisionmedicineonline.com/business-news/sarepta-ceo-signals-intent-expand-elevidys-younger-duchenne-patients-jpm,provisional-from-snippet,"Snippet only; article not fetched; exact date not captured (JPM conference, January 2025). Implies about 20% penetration of the ambulatory addressable pool at that date.",eligible_E3a.csv,elevidys,US,,80.0,,prevalent,80.0,80.0,False,B,"a percentage (share of the addressable population untreated), not a count"
Elevidys,DMD_4plus,ICER assessment of delandistrogene moxeparvovec (eligible US population),US,gatekeeper_eligible,,,,patients per year,,,,ICER assessment index (Duchenne muscular dystrophy 2019),https://icer.org/assessment/duchenne-muscular-dystrophy-2019/,not-found,"No ICER 2023 report on Elevidys exists; ICER's only DMD assessment is the 2019 review of deflazacort, eteplirsen and golodirsen (not fetched). A 2023 cost-effectiveness paper (JMAHP, PMC10228300) exists but the PMC page returned a reCAPTCHA wall.",eligible_E3a.csv,elevidys,US,,,,annual,,,False,X,
Elevidys,DMD_4plus,eligible patients,England,gatekeeper_eligible,,,,patients,,,,,,not-found,No NICE appraisal located; Elevidys has no EU/UK marketing authorisation as far as could be established without search budget (CHMP negative opinion 2024 known from memory; not verified here).,eligible_E3a.csv,elevidys,England,,,,unspecified,,,False,X,
Elevidys,DMD_4plus,eligible patients,Germany,gatekeeper_eligible,,,,patients,,,,,,not-found,No G-BA procedure located (see England row).,eligible_E3a.csv,elevidys,Germany,,,,unspecified,,,False,X,
Elevidys,DMD_4plus,eligible patients,France,gatekeeper_eligible,,,,patients,,,,,,not-found,No HAS avis located (see England row).,eligible_E3a.csv,elevidys,France,,,,unspecified,,,False,X,
Skysona,CALD,"boys 4-17 years of age with early, active cerebral adrenoleukodystrophy (CALD)",US,label_indication,,,,,2022,2023-03-27,boys 4-17 years of age with early active cerebral adrenoleukodystrophy (CALD),bluebird bio Form 10-K for FY2022 (filed 27 Mar 2023),https://www.sec.gov/Archives/edgar/data/1293971/000129397123000007/blue-20221231.htm,verified-from-source,"FDA accelerated approval 16 Sep 2022 'to slow the progression of neurologic dysfunction'. EU label (2021, later withdrawn) additionally required no matched HSC donor.",eligible_E3a.csv,skysona,US,,,,unspecified,,,False,A,
Skysona,CALD,CALD patients in the US potentially addressable by SKYSONA,US,company_addressable,,40,,patients,2022,2023-03-27,approximately 40 estimated to have CALD,"bluebird bio Form 10-K for FY2022 (filed 27 Mar 2023): 'approximately 22,000 patients living with beta-thalassemia, CALD and SCD in the United States may potentially be addressable by ZYNTEGLO, SKYSONA and lovo-cel ... 40 estimated to have CALD'",https://www.sec.gov/Archives/edgar/data/1293971/000129397123000007/blue-20221231.htm,verified-from-source,"Phrased as 'patients living with' but CALD progresses within months, so effectively an annual addressable count. The FY2023/FY2024 10-Ks were not fetched.",eligible_E3a.csv,skysona,US,,40.0,,annual,40.0,40.0,True,A,
Skysona,CALD,boys born each year who will go on to develop CALD,US,annual_incident_eligible,,50,,patients per year,2022,2022-09-17,"In the U.S., an estimated 50 boys are born each year who will go on to develop CALD.","BioPharma Dive, Bluebird wins FDA approval of gene therapy for rare brain disorder, 17 Sep 2022",https://www.biopharmadive.com/news/bluebird-bio-skysona-fda-accelerated-approval-cald-gene-therapy/631797/,verified-from-source,Same article: 'Bluebird expects to treat about 10 annually.' and 'Skysona is for children aged four to 17 years old who are in the early stages of the disease.',eligible_E3a.csv,skysona,US,,50.0,,annual,50.0,50.0,True,A,
Skysona,CALD,patients bluebird expects to treat per year,US,company_addressable,,10,,patients per year,2022,2022-09-17,Bluebird expects to treat about 10 annually.,"BioPharma Dive, 17 Sep 2022",https://www.biopharmadive.com/news/bluebird-bio-skysona-fda-accelerated-approval-cald-gene-therapy/631797/,verified-from-source,"Company expectation, not eligibility; early-active-CALD-with-no-matched-donor subset of the ~40-50 incident cases.",eligible_E3a.csv,skysona,US,,10.0,,annual,10.0,10.0,True,A,
Skysona,CALD,ALD incidence and CALD proportion (trade press),US,annual_incident_eligible,,40,,patients per year,2022,2022-09,"ALD affects about 1 in 21,000 newborn males in the U.S., and 4 in 10 are expected to develop the cerebral form, which translates into about 40 cases per year in the U.S.","Trade-press coverage of the Skysona FDA approval (Sept 2022), via WebSearch snippet; originating outlet (FiercePharma or Managed Healthcare Executive) not identified",,provisional-from-snippet,Snippet only. Consistent with bluebird's 40.,eligible_E3a.csv,skysona,US,,40.0,,annual,40.0,40.0,True,B,
Skysona,CALD,expected childhood cerebral ALD cases per year among US newborns (ACHDNC evidence review model),US,gatekeeper_eligible,32,46,68,patients per year,2016,2016,"screening all 4 million US newborns annually would identify approximately 143 males with ABCD1 mutations (range: 64-211), with an estimated 46 cases of CCALD expected (range: 32-68), compared to 46 CCALD cases (range: 32-66) through usual clinical detection","Kemper AR, et al. Newborn screening for X-linked adrenoleukodystrophy: evidence summary and advisory committee recommendation. Genet Med 2017;19(1):121-126 (PMC5182180)",https://pmc.ncbi.nlm.nih.gov/articles/PMC5182180/,verified-from-source,"Federal (HRSA/ACHDNC) modelling; treated here as the US gatekeeper-type epidemiological estimate. Same source: incidence 'approximately 1 in 42,000 males' (Bezman minimum estimate) and 'between 31 and 57% of hemizygous males' develop CCALD; onset 2-10 years. 143 males per 2 million male births implies about 1 in 14,000 male births (my arithmetic).",eligible_E3a.csv,skysona,US,32.0,46.0,68.0,annual,32.0,68.0,True,A,
Skysona,CALD,X-ALD incidence (both sexes),US,incidence_rate,,6.8,,cases per 100000 births,2016,2016,"X-linked adrenoleukodystrophy (X-ALD) has an approximate incidence of 1 in 14,700 births","HRSA newborn screening evidence review (X-ALD), via WebSearch snippet; also cited in Illinois NBS experience (PMC8788425)",https://newbornscreening.hrsa.gov/conditions/x-linked-adrenoleukodystrophy,provisional-from-snippet,"1 in 14,700 = 6.8 per 100,000 (my conversion). Population base: all births. Snippet also gives 1 in 17,000 births and 1 in 21,000 males as alternative estimates; 'approximately one-third of affected males develop childhood cerebral ALD'.",eligible_E3a.csv,skysona,US,,6.8,,annual,6.8,6.8,False,B,
Skysona,CALD,boys developing CALD per year (label-eligible flow before donor/stage restrictions),US,annual_incident_eligible,14,,70,patients per year,2023,2026-09-04,,Derived from CDC 2023 births and Kemper 2016 / HRSA incidence,https://pmc.ncbi.nlm.nih.gov/articles/PMC5182180/,derived,"Derived: low = 1,838,760 male births / 42,000 (Kemper 'minimum' incidence) = 44 hemizygous boys x 31% = 14; high = 3,591,328 / 14,700 = 244 ALD births, half male = 122 x 57% = 70. Kemper's own model output (32-68) sits inside this range; company figures 40-50.",eligible_E3a.csv,skysona,US,14.0,,70.0,annual,14.0,70.0,True,A,
Skysona,CALD,boys developing CALD per year,England,annual_incident_eligible,2,,11,patients per year,2023,2026-09-04,,Derived from ONS 2023 births and Kemper/HRSA incidence,https://www.ons.gov.uk/peoplepopulationandcommunity/birthsdeathsandmarriages/livebirths/bulletins/birthsummarytablesenglandandwales/2023,derived,"Derived: 563,561 x 0.512 = 288,543 male births / 42,000 = 7 x 31% = 2; 563,561 / 14,700 = 38 ALD births, half male = 19 x 57% = 11. Skysona is not marketed in the UK/EU (bluebird withdrew from Europe in 2021), so this is an epidemiological pool, not a commercial one.",eligible_E3a.csv,skysona,England,2.0,,11.0,annual,2.0,11.0,True,A,
Skysona,CALD,boys developing CALD per year,EU,annual_incident_eligible,13,,69,patients per year,2024,2026-09-04,,Derived from Eurostat 2024 births and Kemper/HRSA incidence,https://ec.europa.eu/eurostat/statistics-explained/index.php?title=Fertility_statistics,derived,"Derived: 3,550,000 x 0.512 = 1,817,600 male births / 42,000 = 43 x 31% = 13; 3,550,000 / 14,700 = 242, half male = 121 x 57% = 69. EU marketing authorisation for Skysona was withdrawn after bluebird's 2021 exit (not verified here).",eligible_E3a.csv,skysona,EU,13.0,,69.0,annual,13.0,69.0,True,A,
Skysona,CALD,eligible patients (NICE / G-BA / HAS),England,gatekeeper_eligible,,,,patients per year,,,,,,not-found,"No NICE HST, G-BA Beschluss or HAS avis for elivaldogene autotemcel located (searches for G-BA 'Elivaldogen-Autotemcel' returned no procedure before the search budget ran out). bluebird withdrew from Europe in 2021.",eligible_E3a.csv,skysona,England,,,,annual,,,False,X,
Lenmeldy,MLD_early,"pre-symptomatic late infantile (PSLI), pre-symptomatic early juvenile (PSEJ) or early symptomatic early juvenile (ESEJ) MLD",US,label_indication,,,,,2024,2025-12-16,"pre-symptomatic late infantile (PSLI), pre-symptomatic early juvenile (PSEJ) or early symptomatic early juvenile (ESEJ)","Orchard Therapeutics press release, MLD added to the US Recommended Uniform Screening Panel, 16 Dec 2025 (GlobeNewswire)",https://www.globenewswire.com/news-release/2025/12/16/3206511/0/en/Orchard-Therapeutics-Celebrates-Addition-of-Metachromatic-Leukodystrophy-to-the-U-S-Recommended-Uniform-Screening-Panel.html,verified-from-source,"FDA approval of Lenmeldy 18 Mar 2024. EU Libmeldy label (G-BA English TrG): children with LI or EJ MLD without clinical manifestations, and children with EJ MLD with early clinical manifestations who still walk independently, before onset of cognitive decline.",eligible_E3a.csv,lenmeldy,US,,,,unspecified,,,False,A,
Lenmeldy,MLD_early,MLD incidence (assumed),US,incidence_rate,,1,,cases per 100000 live births,2021,2023-09-14,"we used inputs for the number of live births in the US per year (2021 estimate of 3,659,289) and an incidence of 1/100,000 live births resulting in 37 individuals born with MLD in the US per year or 185 individuals over five years.","ICER, Atidarsagene Autotemcel for Metachromatic Leukodystrophy: Evidence Report, 14 Sep 2023, section 7 (Final Evidence Report issued 30 Oct 2023)",https://icer.org/wp-content/uploads/2023/03/ICER_MLD_Evidence-Report_For-Publication_09142023.pdf,verified-from-source,"Population base: live births (2021 US births 3,659,289 per CDC provisional).",eligible_E3a.csv,lenmeldy,US,,1.0,,annual,1.0,1.0,False,A,
Lenmeldy,MLD_early,individuals born with MLD per year (all subtypes),US,annual_incident_eligible,,37,,patients per year,2021,2023-09-14,"an incidence of 1/100,000 live births resulting in 37 individuals born with MLD in the US per year or 185 individuals over five years","ICER MLD Evidence Report, 14 Sep 2023, section 7",https://icer.org/wp-content/uploads/2023/03/ICER_MLD_Evidence-Report_For-Publication_09142023.pdf,verified-from-source,All subtypes; late infantile 40-60% (74-111 of 185 over five years) and early juvenile 35% (65) per manufacturer estimates cited by ICER.,eligible_E3a.csv,lenmeldy,US,,37.0,,annual,37.0,37.0,True,A,
Lenmeldy,MLD_early,"eligible US patients over five years (family-history detection, no newborn screening)",US,gatekeeper_eligible,58,,70,patients per 5 years,2023,2023-09-14,"The manufacturer estimated that 32% of patients (LI: 24 to 36; EJ-PS: 21) will be detected based on a family history (i.e., children of parents who have already had an affected child), and 20% (13) of patients who are early symptomatic will be diagnosed with enough time to be eligible for treatment. Applying these sources results in estimates of 58 to 70 eligible patients in the US over five years. We used the upper end of this range, 70 patients over five years. For the purposes of this analysis, we will assume that 20% of these patients would initiate treatment in each of the five years, or 14 patients per year.","ICER MLD Evidence Report, 14 Sep 2023, section 7 (p.38-39)",https://icer.org/wp-content/uploads/2023/03/ICER_MLD_Evidence-Report_For-Publication_09142023.pdf,verified-from-source,Per year: 58/5 = 12 to 70/5 = 14 (ICER uses 14). Supplement F of the same PDF repeats the paragraph but prints '34 patients per year' - inconsistent with 70 x 20% = 14; treated as a typo. ICER: 'the number of eligible patients is likely to be higher in the presence of a newborn screening program'.,eligible_E3a.csv,lenmeldy,US,58.0,,70.0,annual,58.0,70.0,True,A,
Lenmeldy,MLD_early,"eligible US patients per year (ICER, pre-newborn-screening)",US,gatekeeper_eligible,12,14,14,patients per year,2023,2023-09-14,,"ICER MLD Evidence Report, 14 Sep 2023, section 7 - per-year conversion",https://icer.org/wp-content/uploads/2023/03/ICER_MLD_Evidence-Report_For-Publication_09142023.pdf,derived,"Derived: 58-70 over five years / 5 = 11.6-14; ICER's own annual figure is 14. MLD was added to the US RUSP in Dec 2025, so eligible counts from 2026 should move toward the LI+EJ share of the 37 born per year (about 28-35 per year) as state screening rolls out.",eligible_E3a.csv,lenmeldy,US,12.0,14.0,14.0,annual,12.0,14.0,True,A,
Lenmeldy,MLD_early,MLD incidence range (world),Global,incidence_rate,0.6,,2.5,cases per 100000 people,2023,2023-09-14,"it is estimated that one in 40,000 to 160,000 people are diagnosed with MLD across the world.","ICER MLD Evidence Report, 14 Sep 2023, Background (p.1)",https://icer.org/wp-content/uploads/2023/03/ICER_MLD_Evidence-Report_For-Publication_09142023.pdf,verified-from-source,"1 in 160,000 = 0.6 and 1 in 40,000 = 2.5 per 100,000 (my conversion). ICER also notes higher incidence in Habbanite Jews (1 in 75), western US Navajos (1 in 6,400) and Israeli Arabs (1 in 8,000).",eligible_E3a.csv,lenmeldy,global,0.6,,2.5,unspecified,0.6,2.5,False,A,
Lenmeldy,MLD_early,MLD incidence (company),Global,incidence_rate,,1,,cases per 100000 live births,2025,2025-12-16,"approximately one in every 100,000 live births","Orchard Therapeutics press release, 16 Dec 2025",https://www.globenewswire.com/news-release/2025/12/16/3206511/0/en/Orchard-Therapeutics-Celebrates-Addition-of-Metachromatic-Leukodystrophy-to-the-U-S-Recommended-Uniform-Screening-Panel.html,verified-from-source,,eligible_E3a.csv,lenmeldy,global,,1.0,,annual,1.0,1.0,False,A,
Lenmeldy,MLD_early,MLD incidence observed in newborn-screening pilots (company),Global,incidence_rate,,2,,cases per 100000 live births,2023,2023,"Newborn screening data suggests an incidence rate of approximately one in 50,000 live births, which is higher than previous medical literature estimates. Four confirmed cases of MLD were identified following the screening of approximately 150,000 newborns globally as of June 30, 2023.","Orchard Therapeutics press release, International Neonatal Screening Day (June/July 2023), via WebSearch snippet",https://ir.orchard-tx.com/news-releases/news-release-details/orchard-therapeutics-celebrates-global-progress-toward-advancing,provisional-from-snippet,"Fetch of the release timed out; snippet only. 4/150,000 = 1 in 37,500 (my arithmetic) - the release rounds to 1 in 50,000. Supports a higher incident flow once screening is universal.",eligible_E3a.csv,lenmeldy,global,,2.0,,annual,2.0,2.0,False,B,
Lenmeldy,MLD_early,babies born with MLD per year (all subtypes),US,annual_incident_eligible,22,,90,patients per year,2023,2026-09-04,,Derived from CDC 2023 births and incidence range,https://www.cdc.gov/nchs/data/vsrr/vsrr035.pdf,derived,"Derived: 3,591,328 / 160,000 = 22; / 100,000 = 36; / 50,000 = 72; / 40,000 = 90.",eligible_E3a.csv,lenmeldy,US,22.0,,90.0,annual,22.0,90.0,True,A,
Lenmeldy,MLD_early,label-eligible patients per year (pre-screening detection rates),US,annual_incident_eligible,7,,34,patients per year,2023,2026-09-04,,Derived from birth range and ICER eligibility fraction,https://icer.org/wp-content/uploads/2023/03/ICER_MLD_Evidence-Report_For-Publication_09142023.pdf,derived,"Derived: ICER eligible 58-70 of 185 born = 31-38% (family-history plus timely ESEJ diagnosis); 22 x 0.31 = 7 to 90 x 0.38 = 34. With universal newborn screening the fraction rises toward the LI+EJ share (75-95% per ICER's manufacturer inputs), i.e. up to about 17-85 per year.",eligible_E3a.csv,lenmeldy,US,7.0,,34.0,annual,7.0,34.0,True,A,
Libmeldy,MLD_early,MLD incidence,UK,incidence_rate,,2.5,,cases per 100000 live births,2023,2023,"MLD is a rare, autosomal recessive, lysosomal storage disease with an estimated incidence of 1 case in 40 000 live births.","Horgan C, et al. A retrospective cohort study of Libmeldy (atidarsagene autotemcel) for MLD: What we have accomplished and what opportunities lie ahead. JIMD Reports 2023;64(5):346-352",https://pmc.ncbi.nlm.nih.gov/articles/PMC10494509/,verified-from-source,"1 in 40,000 = 2.5 per 100,000 (my conversion).",eligible_E3a.csv,lenmeldy,UK,,2.5,,annual,2.5,2.5,False,A,
Libmeldy,MLD_early,UK MLD patients referred for Libmeldy in the first year of NHS reimbursement,UK,prevalent_eligible,,17,,patients referred per year,2022,2023,"In the 1 year period, from February 2022 to February 2023, since Libmeldy received approval for NHS reimbursement, 17 UK patients with MLD have been discussed with the team at RMCH for consideration of HSC-GT treatment.","Horgan C, et al. JIMD Reports 2023;64(5):346-352",https://pmc.ncbi.nlm.nih.gov/articles/PMC10494509/,verified-from-source,"Referrals (all subtypes and stages), not eligible patients. Royal Manchester Children's Hospital is the sole UK treatment centre.",eligible_E3a.csv,lenmeldy,UK,,17.0,,annual,17.0,17.0,True,A,
Libmeldy,MLD_early,UK patients meeting NICE HST18 / label eligibility and treated in the first year,UK,annual_incident_eligible,,4,,patients per year,2022,2023,"Four patients (21%), including 1 patient who was screened at birth due to a previously affected sibling and weighed approximately 5 kg at the time of leukapheresis, met eligibility criteria ... Thirteen out of the 17 patients were ineligible on screening, including 10 patients with late infantile disease who were symptomatic on eligibility assessment, one with early juvenile disease and cognitive decline (full-scale intelligence quotient (FSIQ) 70), 1 with late juvenile disease and cognitive decline (FSIQ 51), and a further symptomatic patient with adult-onset disease.","Horgan C, et al. JIMD Reports 2023;64(5):346-352",https://pmc.ncbi.nlm.nih.gov/articles/PMC10494509/,verified-from-source,"Observed real-world eligible flow (Feb 2022-Feb 2023) without newborn screening. Eligibility per NICE/label: asymptomatic LI or EJ, or early-symptomatic EJ still walking independently before cognitive decline.",eligible_E3a.csv,lenmeldy,UK,,4.0,,annual,4.0,4.0,True,A,
Libmeldy,MLD_early,eligible patients per year (NICE HST18),England,gatekeeper_eligible,,,,patients per year,2022,2022-02,,"NICE HST18, Atidarsagene autotemcel for treating metachromatic leukodystrophy (final guidance early 2022; NHS England commercial agreement announced 7 Feb 2022)",https://www.nice.org.uk/guidance/hst18,not-found,"nice.org.uk returned HTTP 403 (overview, chapter 2 'The condition'); the AWTTC (Wales) page carries no numbers. NICE's own eligible-per-year statement therefore not captured. Search snippet of HST18 gave no count.",eligible_E3a.csv,lenmeldy,England,,,,annual,,,False,X,
Libmeldy,MLD_early,babies born with MLD per year and label-eligible flow,England,annual_incident_eligible,1,,5,patients per year,2023,2026-09-04,,"Derived from ONS 2023 births, incidence range and ICER eligibility fraction",https://www.ons.gov.uk/peoplepopulationandcommunity/birthsdeathsandmarriages/livebirths/bulletins/birthsummarytablesenglandandwales/2023,derived,"Derived: 563,561 / 160,000 = 3.5 to / 40,000 = 14 MLD births per year; x 31-38% (ICER pre-screening eligible fraction) = 1.1-5.4, i.e. 1-5 eligible per year. Matches the 4 treated in the first NHS year (Horgan 2023). With newborn screening (not yet UK policy) the pool would approach 3-13 per year.",eligible_E3a.csv,lenmeldy,England,1.0,,5.0,annual,1.0,5.0,True,A,
Libmeldy,MLD_early,"GKV target population: (a) children with LI or EJ MLD without clinical manifestations; (b) children with EJ MLD with early clinical manifestations who can still walk independently, before cognitive decline",Germany,gatekeeper_eligible,1,,3,patients (GKV) per year,2021,2021-11-04,ca. 1-3 Patientinnen und Patienten,"G-BA Beschluss AM-RL Anlage XII Atidarsagen autotemcel (Metachromatische Leukodystrophie mit biallelischer Mutation im ARSA-Gen), 4 Nov 2021, section 2",https://www.g-ba.de/downloads/39-261-5103/2021-11-04_AM-RL-XII_Atidarsagen-autotemcel_D-678.pdf,verified-from-source,"English Tragende Gruende, section 2.2: 'The calculation of the SHI target population refers exclusively to children with MLD who are born each year, thus falling newly into the SHI target population. Under this assumption, the stated range of the SHI target population is plausible overall in the order of magnitude'. Resolution time-limited to 1 Jul 2024 (extended by later Beschluss, 2024).",eligible_E3a.csv,lenmeldy,Germany,1.0,,3.0,annual,1.0,3.0,True,A,
Libmeldy,MLD_early,population cible (HAS),France,gatekeeper_eligible,,,,patients per year,2021,2021-04-21,,"HAS Commission de la Transparence, avis LIBMELDY (21 Apr 2021); later avis for the 30 months-6 years population (p_3602613)",https://www.has-sante.fr/jcms/p_3379875/fr/libmeldy-atidarsagene-autotemcel-leucodystrophie-metachromatique,not-found,HAS server aborted every fetch. Snippet: favourable opinion 21 Apr 2021 for asymptomatic children with the late infantile form (onset before 30 months) or early juvenile form (onset 30 months to 6 years inclusive); the population-cible number was not captured.,eligible_E3a.csv,lenmeldy,France,,,,annual,,,False,X,
Libmeldy,MLD_early,babies born with MLD per year and label-eligible flow,EU,annual_incident_eligible,7,,34,patients per year,2024,2026-09-04,,"Derived from Eurostat 2024 births, incidence range and ICER eligibility fraction",https://ec.europa.eu/eurostat/statistics-explained/index.php?title=Fertility_statistics,derived,"Derived: 3,550,000 / 160,000 = 22 to / 40,000 = 89 MLD births per year; x 31-38% = 7-34 label-eligible per year without newborn screening.",eligible_E3a.csv,lenmeldy,EU,7.0,,34.0,annual,7.0,34.0,True,A,
Libmeldy,MLD_early,eligible patients per year (CDA-AMC / PBAC),Canada,gatekeeper_eligible,,,,patients per year,,,,,,not-found,No Canadian or Australian review located before the search budget ran out; Libmeldy's Health Canada / TGA status not verified.,eligible_E3a.csv,lenmeldy,Canada,,,,annual,,,False,X,
Kebilidi,AADC,"adult and pediatric patients with AADC deficiency (US, accelerated approval)",US,label_indication,,,,,2024,2025-02,"FDA granted accelerated approval of our gene therapy for the treatment of children and adults with AADC deficiency, which is marketed with the brand name Kebilidi",PTC Therapeutics Form 10-K for FY2024 (filed Feb 2025),https://www.sec.gov/Archives/edgar/data/1070081/000107008125000012/tmb-20241231x10k.htm,verified-from-source,FDA approval 13 Nov 2024. US label has no age floor or severity qualifier in the company wording (FDA label: 'adult and pediatric patients with AADC deficiency'). 10-K filing date approx. Feb 2025.,eligible_E3a.csv,kebilidi,US,,,,prevalent,,,False,A,
Upstaza,AADC,"patients aged 18 months and older with a clinically, molecularly and genetically confirmed diagnosis of AADC deficiency with a severe phenotype (EU)",Germany,label_indication,,,,,2022,2023-02-02,"Patientinnen und Patienten im Alter ab 18 Monate mit einer klinisch, molekularbiologisch und genetisch bestaetigten Diagnose eines Aromatische-L-Aminosaeure-Decarboxylase-(AADC)-Mangels mit einem schweren Phaenotyp","G-BA Beschluss Eladocagene Exuparvovec, 2 Feb 2023 (in Zusammenfassende Dokumentation, published 3 Apr 2023)",https://www.g-ba.de/downloads/40-268-9399/2023-02-02_AM-RL-XII_Eladocagene%20Exuparvovec_D-856_ZD.pdf,verified-from-source,EU approval July 2022; UK (MHRA) Nov 2022 with the same 18-months-and-older scope (PTC 10-K).,eligible_E3a.csv,kebilidi,Germany,,,,unspecified,,,False,A,
Kebilidi,AADC,AADC deficiency patients worldwide (company),Global,company_addressable,,5000,,patients,2024,2025-02,"The prevalence of AADC deficiency has been estimated to be approximately 5,000 patients worldwide, with a live-birth incidence of up to 1 in 40,000 worldwide.",PTC Therapeutics Form 10-K for FY2024,https://www.sec.gov/Archives/edgar/data/1070081/000107008125000012/tmb-20241231x10k.htm,verified-from-source,Company prevalence estimate; PTC also says the condition 'remains largely undiagnosed or misdiagnosed and may be confused with cerebral palsy'. No US-specific count in the 10-K.,eligible_E3a.csv,kebilidi,global,,5000.0,,prevalent,5000.0,5000.0,True,A,
Kebilidi,AADC,"AADC deficiency live-birth incidence, upper estimate (company)",Global,incidence_rate,,2.5,,cases per 100000 live births,2024,2025-02,"a live-birth incidence of up to 1 in 40,000 worldwide",PTC Therapeutics Form 10-K for FY2024,https://www.sec.gov/Archives/edgar/data/1070081/000107008125000012/tmb-20241231x10k.htm,verified-from-source,"1 in 40,000 = 2.5 per 100,000 (my conversion). Upper bound.",eligible_E3a.csv,kebilidi,global,,2.5,,annual,2.5,2.5,False,A,
Upstaza,AADC,"GKV target population (prevalent, aged 18 months+, severe phenotype)",Germany,gatekeeper_eligible,4,,30,patients (GKV),2023,2023-02-02,ca. 4 - 30 Patientinnen und Patienten,"G-BA Beschluss Eladocagene Exuparvovec, 2 Feb 2023, section 2 (Zusammenfassende Dokumentation p.6)",https://www.g-ba.de/downloads/40-268-9399/2023-02-02_AM-RL-XII_Eladocagene%20Exuparvovec_D-856_ZD.pdf,verified-from-source,"Prevalent pool, not annual. G-BA's TrG: lower bound derived from Manegold et al. 2009 (9 known German cases across major neuropaediatric centres) and judged an underestimate; upper bound (from gene-defect frequency and birth-prevalence approaches) judged plausible. biopku database listed 4 German patients (born back to 1973).",eligible_E3a.csv,kebilidi,Germany,4.0,,30.0,annual,4.0,30.0,True,A,
Upstaza,AADC,AADC deficiency prevalence (SMC ultra-orphan criterion),Scotland,prevalence_rate,,2,,cases per 100000 (upper bound),2023,2023-09-11,"The prevalence of AADC deficiency is estimated to be <=1 in 50,000.","Scottish Medicines Consortium, eladocagene exuparvovec (Upstaza) ultra-orphan assessment, validated 4 Aug 2023, published 11 Sep 2023",https://scottishmedicines.org.uk/media/7822/umar-eladocagene-exuparvovec-upstaza-final-august-2023-for-website.pdf,verified-from-source,"<=1 in 50,000 = <=2 per 100,000 (my conversion).",eligible_E3a.csv,kebilidi,UK,,2.0,,unspecified,2.0,2.0,False,A,
Upstaza,AADC,predicted birth rate of AADC deficiency in the EU,EU,incidence_rate,,0.85,,cases per 100000 births,2023,2023-09-11,"The global incidence of AADC deficiency is unknown but the predicted birth rates of children with AADC deficiency is 1 in 118,000 births in the European Union; the condition appears to be more prevalent in certain Asian populations, such as in Taiwan and Japan.","SMC, eladocagene exuparvovec (Upstaza), Aug/Sep 2023, p.2",https://scottishmedicines.org.uk/media/7822/umar-eladocagene-exuparvovec-upstaza-final-august-2023-for-website.pdf,verified-from-source,"1 in 118,000 = 0.85 per 100,000 (my conversion). NHS Wales PP281 (Feb 2024) cites the same figure: 'The predicted birth rate is approximately 1 in 118,000 in the European Union'.",eligible_E3a.csv,kebilidi,EU,,0.85,,annual,0.85,0.85,False,A,
Upstaza,AADC,known patients with AADC deficiency (all phenotypes),UK,prevalent_eligible,8,,12,patients,2023,2023-09-11,Clinical experts consulted by SMC advised that there are currently no known patients with AADC deficiency in Scotland; it is estimated that there are between 8 to 12 patients with AADC deficiency in the UK.,"SMC, eladocagene exuparvovec (Upstaza), Aug/Sep 2023, p.2",https://scottishmedicines.org.uk/media/7822/umar-eladocagene-exuparvovec-upstaza-final-august-2023-for-website.pdf,verified-from-source,"Prevalent diagnosed pool, all ages/phenotypes; SMC notes about 80% of patients have the severe phenotype, so the label-eligible (severe, 18 months+) UK pool is roughly 6-10 (my arithmetic).",eligible_E3a.csv,kebilidi,UK,8.0,,12.0,prevalent,8.0,12.0,True,A,
Upstaza,AADC,estimated prevalence in the US based on CSF analysis and genetic testing,US,incidence_rate,1,,3,cases per 100000 live newborns,2024,2024-02,"AADC deficiency is an extremely rare disorder; there are less than 150 patients reported in the literature. AADC deficiency however, is probably underdiagnosed. The estimated prevalence in the U.S. based on cerebrospinal fluid (CSF) analysis and genetic testing is roughly 1-3 in 100,000 live newborns. The predicted birth rate is approximately 1 in 118,000 in the European Union","NHS Wales Joint Commissioning Committee, Specialised Services Policy Position Statement PP281, Eladocagene exuparvovec for treating AADC deficiency in people aged 18 months and over, Feb 2024, p.7",https://jcc.nhs.wales/clinical-policies/children-services/eladocagene-exuparvovec-for-treating-aromatic-l-amino-acid-decarboxylase-deficiency-in-people-aged-18-months-and-over-policy-position-statement-pp281-february-2024-pdf/,verified-from-source,Population base: live newborns.,eligible_E3a.csv,kebilidi,US,1.0,,3.0,unspecified,1.0,3.0,False,A,
Upstaza,AADC,AADC deficiency incidence by region (literature digest),US,incidence_rate,1.1,,2.4,cases per 100000 births,,,"The incidence of AADC deficiency is estimated to range from 1 in 42,000-90,000 in the United States to 1 in 116,000 in Europe, and 1 in 162,000 in Japan.","AADC Insights (aadcinsights.eu) publication digest, Prevalence of AADC deficiency, via WebSearch snippet",https://aadcinsights.eu/resources/aadc-deficiency-publication-digests/prevalence-of-aadc-deficiency/,provisional-from-snippet,"Site fetch failed (TLS certificate mismatch); snippet only, underlying paper not identified. 1 in 90,000 = 1.1 and 1 in 42,000 = 2.4 per 100,000 (my conversion). Same digest: Japan 1 in 162,000 (0.62 per 100,000); Taiwan founder variant IVS6+4A>T predicted 1 in 32,000.",eligible_E3a.csv,kebilidi,US,1.1,,2.4,annual,1.1,2.4,False,B,
Upstaza,AADC,AADC deficiency incidence (literature digest),Japan,incidence_rate,,0.62,,cases per 100000 births,,,"1 in 162,000 in Japan","AADC Insights publication digest, via WebSearch snippet",https://aadcinsights.eu/resources/aadc-deficiency-publication-digests/prevalence-of-aadc-deficiency/,provisional-from-snippet,"Snippet only. Japanese births not retrieved, so no derived count.",eligible_E3a.csv,kebilidi,Japan,,0.62,,annual,0.62,0.62,False,B,
Upstaza,AADC,AADC deficiency carrier frequency (gnomAD),Global,prevalence_rate,,0.17,,percent carriers,2023,2023-06,"The worldwide carrier frequency of AADC deficiency was 0.17%; the highest frequency was observed in East Asians at 0.78%, and the lowest was in Latinos at 0.07%.","Carrier frequency and incidence of aromatic L-amino acid decarboxylase deficiency: a gnomAD-based study. Pediatric Research 2023 (PubMed 37286773), via WebSearch snippet",https://pubmed.ncbi.nlm.nih.gov/37286773/,provisional-from-snippet,Nature.com redirected to an auth page and PubMed showed only a cookie wall; snippet only. Incidence figures from this paper were not captured.,eligible_E3a.csv,kebilidi,global,,0.17,,unspecified,0.17,0.17,False,B,
Kebilidi,AADC,babies born with AADC deficiency per year (all phenotypes),US,annual_incident_eligible,30,,108,patients per year,2023,2026-09-04,,Derived from CDC 2023 births and incidence range,https://www.cdc.gov/nchs/data/vsrr/vsrr035.pdf,derived,"Derived: 3,591,328 / 118,000 (EU predicted rate, SMC) = 30; x 1-3 per 100,000 (NHS Wales, US estimate) = 36-108; / 40,000 (PTC upper bound) = 90. US label has no severity restriction; roughly 80% severe (SMC) if a severe-only pool is wanted (24-86).",eligible_E3a.csv,kebilidi,US,30.0,,108.0,annual,30.0,108.0,True,A,
Upstaza,AADC,"babies born with AADC deficiency per year, and severe-phenotype flow",EU,annual_incident_eligible,24,,71,patients per year,2024,2026-09-04,,"Derived from Eurostat 2024 births, SMC/PTC incidence and SMC severe share",https://ec.europa.eu/eurostat/statistics-explained/index.php?title=Fertility_statistics,derived,"Derived: 3,550,000 / 118,000 = 30 to / 40,000 = 89 born per year; x 80% severe phenotype (SMC) = 24-71 label-eligible flow (18 months+ so entry lags birth by 1.5 years).",eligible_E3a.csv,kebilidi,EU,24.0,,71.0,annual,24.0,71.0,True,A,
Upstaza,AADC,"babies born with AADC deficiency per year, and severe-phenotype flow",England,annual_incident_eligible,4,,11,patients per year,2023,2026-09-04,,"Derived from ONS 2023 births, SMC/PTC incidence and SMC severe share",https://www.ons.gov.uk/peoplepopulationandcommunity/birthsdeathsandmarriages/livebirths/bulletins/birthsummarytablesenglandandwales/2023,derived,"Derived: 563,561 / 118,000 = 4.8 to / 40,000 = 14 born per year; x 80% severe = 4-11. Compare SMC's prevalent UK pool of 8-12 diagnosed patients (all ages), which implies most incident cases are undiagnosed or the true incidence is at the low end.",eligible_E3a.csv,kebilidi,England,4.0,,11.0,annual,4.0,11.0,True,A,
Upstaza,AADC,eligible patients per year (NICE HST26),England,gatekeeper_eligible,,,,patients per year,2023,2023-03,,"NICE HST26, Eladocagene exuparvovec for treating aromatic L-amino acid decarboxylase deficiency (recommended March 2023 for people aged 18 months and over with severe AADC deficiency)",https://www.nice.org.uk/guidance/hst26,not-found,"nice.org.uk returned HTTP 403; NICE's eligible-per-year statement not captured. Note: the guidance number is HST26, not HST30. NHS Wales PP281 (Feb 2024) adopts the NICE criteria but gives no Welsh count.",eligible_E3a.csv,kebilidi,England,,,,annual,,,False,X,
Upstaza,AADC,population cible (HAS),France,gatekeeper_eligible,,,,patients,2023,2023,,"HAS Commission de la Transparence, avis UPSTAZA (2023; listed in the CT 2023 activity report)",https://www.has-sante.fr/jcms/p_3402378/fr/upstaza-eladocagene-exuparvovec-deficit-en-decarboxylase-d-acide-l-amine-aromatique,not-found,HAS server aborted every fetch; number not captured.,eligible_E3a.csv,kebilidi,France,,,,unspecified,,,False,X,
Kebilidi,AADC,eligible patients per year (CDA-AMC / PBAC),Canada,gatekeeper_eligible,,,,patients per year,,,,,,not-found,No CDA-AMC or PBAC review located before the search budget ran out.,eligible_E3a.csv,kebilidi,Canada,,,,annual,,,False,X,
Luxturna,RPE65,"biallelic RPE65-mediated inherited retinal disease (ICER candidate population, no viable-cell restriction)",US,gatekeeper_eligible,,1750,,prevalent eligible individuals,2018,2018-02-14,"The US population represents approximately 50.06% of the total population in the US and the five major European markets (Germany, France, Italy, Spain and the United Kingdom). Applying that proportion to the total of 3,500 patients results in an estimate of approximately 1,750 eligible individuals in the US.","ICER, Voretigene Neparvovec for Biallelic RPE65-Mediated Retinal Disease: Effectiveness and Value, Final Evidence Report, 14 Feb 2018, section 4.3 Potential Budget Impact",https://icer.org/wp-content/uploads/2020/10/MWCEPAC_VORETIGENE_FINAL_EVIDENCE_REPORT_02142018.pdf,verified-from-source,"ICER budget-impact candidate population = all US individuals with biallelic RPE65 IRD, derived from Spark's 10-K figure of 3,500 in US+EU5; no adjustment for 'sufficient viable retinal cells'. Text extracted from the PDF locally.",eligible_E3b.csv,luxturna,US,,1750.0,,prevalent,1750.0,1750.0,True,A,
Luxturna,RPE65,biallelic RPE65-mediated IRD (ICER five-year spread of the prevalent pool),US,gatekeeper_eligible,,350,,patients eligible per year (prevalent pool / 5),2018,2018-02-14,"Assuming equal distribution over five years, this resulted in an estimate of 350 patients eligible for VN in the US per year.","ICER, Voretigene Neparvovec for Biallelic RPE65-Mediated Retinal Disease: Effectiveness and Value, Final Evidence Report, 14 Feb 2018, section 4.3 Potential Budget Impact",https://icer.org/wp-content/uploads/2020/10/MWCEPAC_VORETIGENE_FINAL_EVIDENCE_REPORT_02142018.pdf,verified-from-source,"Budget-impact convention (1,750 / 5), not an incidence estimate. ICER: 'the relatively small number of patients assumed to be treated per year (350)'. Actual US treated numbers (75 vials in 2018) were far below this.",eligible_E3b.csv,luxturna,US,,350.0,,annual,350.0,350.0,False,A,ICER budget-impact assumption spreading the prevalent pool over five years; not an incident inflow
Luxturna,RPE65,persons in the US with RPE65-mediated IRDs (manufacturer preliminary estimate as cited by ICER),US,prevalent_eligible,1000,,3000,persons,2017,2018-02-14,"Preliminary estimates from the manufacturer suggest that there are between 1,000 and 3,000 persons in the US with RPE65-mediated IRDs.","ICER, Voretigene Neparvovec for Biallelic RPE65-Mediated Retinal Disease: Effectiveness and Value, Final Evidence Report, 14 Feb 2018, section 1 Background",https://icer.org/wp-content/uploads/2020/10/MWCEPAC_VORETIGENE_FINAL_EVIDENCE_REPORT_02142018.pdf,verified-from-source,"ICER citing Spark (its reference 9). Wider than Spark's own 1,000-2,000 (3 Jan 2018 release, already in luxturna_disclosures.csv). Not restricted to viable retinal cells.",eligible_E3b.csv,luxturna,US,1000.0,,3000.0,prevalent,1000.0,3000.0,True,A,
Luxturna,RPE65,individuals with RPE65-mediated inherited retinal diseases,"US and EU5 (Germany, France, Italy, Spain, UK)",company_addressable,,3500,,individuals,2017,2018-02-14,"we used inputs from a US Securities and Exchange Commission Form 10-K Annual Report by Spark Therapeutics, Inc., which estimated ""that there are approximately 3,500 individuals with RPE65-mediated inherited retinal diseases in the United States and the five major European markets.""","ICER, Voretigene Neparvovec for Biallelic RPE65-Mediated Retinal Disease: Effectiveness and Value, Final Evidence Report, 14 Feb 2018, section 4.3, quoting Spark Therapeutics Form 10-K",https://icer.org/wp-content/uploads/2020/10/MWCEPAC_VORETIGENE_FINAL_EVIDENCE_REPORT_02142018.pdf,verified-from-source,"Spark 10-K figure as quoted by ICER. By ICER's 50.06% population split this implies about 1,750 in the EU5 as well as 1,750 in the US.",eligible_E3b.csv,luxturna,multi: US+Germany+France+Italy+Spain+EU5,,3500.0,,prevalent,3500.0,3500.0,True,A,
Luxturna,RPE65,"LCA or RP with biallelic RPE65 mutations, GKV-insured (before viable-cell restriction)",Germany (GKV),prevalent_eligible,188,,655,GKV patients,2019,2019-10-17,"Die Zahlen basieren auf Praevalenzdaten von Patienten mit Leberscher kongenitaler Amaurose (LCA) und Retinitis pigmentosa (RP), jeweils mit biallelischen RPE65-Mutationen; es ergibt sich unter Beruecksichtigung der niedrigsten und hoechsten Praevalenz eine Spanne aus dem minimalen und maximalen Anteil von 188 bis 655 Patienten (im Mittel 355 Patienten).","G-BA, Tragende Gruende zum Beschluss ueber die Nutzenbewertung von Voretigen Neparvovec (Luxturna), 17 Oct 2019, section 2.2",https://www.g-ba.de/downloads/40-268-6053/2019-10-17_AM-RL-XII_Voretigen-Neparvovec_D-436_TrG_akt.pdf,verified-from-source,Manufacturer (Novartis) dossier figures adopted by G-BA; mean 355. GKV covers about 88% of the German population. Umlauts transliterated in verbatim.,eligible_E3b.csv,luxturna,Germany,188.0,,655.0,prevalent,188.0,655.0,True,A,
Luxturna,RPE65,"label population incl. 'ausreichend lebensfaehige Netzhautzellen', GKV-insured",Germany (GKV),gatekeeper_eligible,100,,530,"GKV patients (prevalent, at launch)",2019,2019-10-17,"In einem naechsten Schritt findet der minimale und maximale Anteil behandelbarer Patienten Beruecksichtigung; die resultierende Patientenpopulation von ca. 100 bis 530 Patienten ergibt sich aus dem zugelassenen Anwendungsgebiet, das auf diejenigen Patienten mit ""ausreichend lebensfaehigen Netzhautzellen"" einschraenkt. Die Berechnung des Umfangs der Zielpopulation liegt in der Gesamtschau in einer plausiblen Groessenordnung, ist jedoch mit Unsicherheiten behaftet.","G-BA, Tragende Gruende zum Beschluss ueber die Nutzenbewertung von Voretigen Neparvovec (Luxturna), 17 Oct 2019, section 2.2",https://www.g-ba.de/downloads/40-268-6053/2019-10-17_AM-RL-XII_Voretigen-Neparvovec_D-436_TrG_akt.pdf,verified-from-source,Official G-BA eligible count for Germany (statutory insurance). Prevalent pool at EU launch; G-BA calls the order of magnitude plausible but uncertain. | family set by override: G-BA target population for a one-time therapy is the prevalent pool at launch (duplicate of the prevalent row),eligible_E3b.csv,luxturna,Germany,100.0,,530.0,prevalent,100.0,530.0,True,A,
Luxturna,RPE65,"label population incl. sufficient viable retinal cells, GKV-insured (2019 figures retained)",Germany (GKV),gatekeeper_eligible,100,,530,GKV patients,2022,2022-09-15,"Den Angaben werden die Daten des pharmazeutischen Unternehmers aus dem Dossier der Erstbewertung von Voretigen Neparvovec aus dem Jahr 2019 zugrunde gelegt. [...] die resultierende Patientenpopulation von ca. 100 bis 530 Patientinnen und Patienten ergibt sich aus dem zugelassenen Anwendungsgebiet, das auf diejenigen Patientinnen und Patienten mit ""ausreichend lebensfaehigen Netzhautzellen"" einschraenkt.","G-BA, Tragende Gruende zum Beschluss (Neubewertung nach Fristablauf) Voretigen Neparvovec, 15 Sep 2022, section 2.2",https://www.g-ba.de/downloads/40-268-8823/2022-09-15_AM-RL-XII_Voretigen-Neparvovec_D-803_TrG.pdf,verified-from-source,"Re-assessment after the time limit. G-BA explicitly preferred the 2019 numbers over the newer figures in the 2022 dossier, which it judged more uncertain. No separate incident-flow figure given. | family set by override: G-BA target population for a one-time therapy is the prevalent pool at launch (duplicate of the prevalent row)",eligible_E3b.csv,luxturna,Germany,100.0,,530.0,prevalent,100.0,530.0,True,A,
Luxturna,RPE65,adult and paediatric patients with vision loss due to IRD caused by confirmed biallelic RPE65 mutations with sufficient viable retinal cells (public drug plans),Canada,gatekeeper_eligible,,43,,"patients eligible, year 1 of sponsor budget-impact analysis",2021,2021-01-01,Number of patients eligible for the drug under review: 43 / 25 / 18,"CADTH Pharmacoeconomic Report: Voretigene Neparvovec (Luxturna), appendix 'Submitted Budget Impact Analysis and CADTH Appraisal', January 2021 (NCBI Bookshelf NBK569020)",https://www.ncbi.nlm.nih.gov/books/NBK569020/,verified-from-source,"Sponsor BIA years 1-3 = 43, 25, 18. Assumptions: prevalence of RP 0.025%; proportion of RP due to RPE65 mutation 1.404%; incidence of RP 0.0006%; prevalence of LCA 0.003%; proportion of LCA due to RPE65 6.80%; proportion of diagnosed patients with sufficient viable retinal cells 60%. Year 1 includes the prevalent backlog. CADTH reanalysis changed diagnosis rates but did not publish a parallel eligible-count table.",eligible_E3b.csv,luxturna,Canada,,43.0,,prevalent,43.0,43.0,False,A,sponsor budget-impact analysis year-1 treated assumption; not an eligible count
Luxturna,RPE65,as above,Canada,gatekeeper_eligible,,25,,"patients eligible, year 2 of sponsor BIA",2022,2021-01-01,Number of patients eligible for the drug under review: 43 / 25 / 18,"CADTH Pharmacoeconomic Report: Voretigene Neparvovec (Luxturna), appendix 'Submitted Budget Impact Analysis and CADTH Appraisal', January 2021 (NCBI Bookshelf NBK569020)",https://www.ncbi.nlm.nih.gov/books/NBK569020/,verified-from-source,Year 2 of the sponsor's three-year budget impact analysis.,eligible_E3b.csv,luxturna,Canada,,25.0,,unspecified,25.0,25.0,False,A,sponsor budget-impact analysis year-2 treated assumption; not an eligible count
Luxturna,RPE65,as above,Canada,gatekeeper_eligible,,18,,"patients eligible, year 3 of sponsor BIA",2023,2021-01-01,Number of patients eligible for the drug under review: 43 / 25 / 18,"CADTH Pharmacoeconomic Report: Voretigene Neparvovec (Luxturna), appendix 'Submitted Budget Impact Analysis and CADTH Appraisal', January 2021 (NCBI Bookshelf NBK569020)",https://www.ncbi.nlm.nih.gov/books/NBK569020/,verified-from-source,Year 3; approximates the steady-state annual flow (incident plus late-diagnosed) once the backlog is worked through.,eligible_E3b.csv,luxturna,Canada,,18.0,,annual,18.0,18.0,False,A,sponsor budget-impact analysis year-3 treated assumption; not an eligible count
Luxturna,RPE65,people eligible for voretigene neparvovec in England (company estimate accepted in NICE HST11),England,gatekeeper_eligible,,86,,"people eligible (prevalent, at launch)",2019,2019-10-09,[search-result summary] The company estimated that 86 people would be eligible for treatment with voretigene neparvovec in England.,"NICE HST11, final evaluation determination / committee papers (search-result summary)",https://www.nice.org.uk/guidance/hst11/documents/final-evaluation-determination-document-2,provisional-from-snippet,"nice.org.uk returned HTTP 403 for the FED document and for the guidance PDF; web.archive.org is blocked for this tool, so the sentence was not read in the source. Same figure as the provisional row in luxturna_disclosures.csv, but this cites the FED document.",eligible_E3b.csv,luxturna,England,,86.0,,prevalent,86.0,86.0,True,B,
Luxturna,RPE65,population cible (HAS avis de la Commission de la Transparence),France,gatekeeper_eligible,,,,patients,,,,"HAS, avis de la Commission de la Transparence LUXTURNA (voretigene neparvovec), 2019",https://www.has-sante.fr/jcms/c_2964759/fr/luxturna-voretigene-neparvovec,not-found,"has-sante.fr aborted the connection on four attempts (fr, en and pprd pages); archive.org blocked. The avis contains a 'population cible' paragraph that still needs to be read manually.",eligible_E3b.csv,luxturna,France,,,,unspecified,,,False,X,
Luxturna,RPE65,estimated patients per year (MSAC application 1623 public summary document),Australia,gatekeeper_eligible,,,,patients per year,,,,"MSAC Public Summary Document, application 1623, voretigene neparvovec (Luxturna), 2020",https://www.msac.gov.au/applications/1623,not-found,"msac.gov.au timed out on both the legacy (1623-public) and current URL. Luxturna was funded in Australia via MSAC/NHRA rather than PBAC, so the PSD is the gatekeeper document to read.",eligible_E3b.csv,luxturna,Australia,,,,annual,,,False,X,
Encelto,MacTel2,adults with idiopathic macular telangiectasia type 2 (US label),US,label_indication,,,,,2025,2025-03-06,ENCELTO is an allogeneic encapsulated cell-based gene therapy indicated for the treatment of adults with idiopathic macular telangiectasia type 2 (MacTel).,"Neurotech Pharmaceuticals press release with Highlights of Prescribing Information, 'Neurotech's ENCELTO Approved by the FDA for the Treatment of Macular Telangiectasia Type 2', 6 Mar 2025",https://www.neurotechpharmaceuticals.com/wp-content/uploads/Neurotech_Press-Release_BLA_Approval_FINAL.pdf,verified-from-source,"Adults only; one implant per affected eye (disease is usually bilateral), so implants per patient can approach 2. The press release gives no prevalence or patient-number statement. US availability from June 2025. Not approved outside the US as of Sep 2026.",eligible_E3b.csv,encelto,US,,,,prevalent,,,False,A,
Encelto,MacTel2,"MacTel type 2 detected on fundus photographs, adults aged 43-86","US (Beaver Dam, Wisconsin)",prevalence_rate,,0.1,,percent of population aged 43-86,1990,2013-05-01,a prevalence of 0.1% in the age group analyzed,"Charbel Issa P et al., Macular telangiectasia type 2, Prog Retin Eye Res 2013 (PMC3638089), section on prevalence, citing Klein R et al., The prevalence of macular telangiectasia type 2 in the Beaver Dam Eye Study, Am J Ophthalmol 2010",https://pmc.ncbi.nlm.nih.gov/articles/PMC3638089/,verified-from-source,"Population base: 4,790 Beaver Dam Eye Study participants aged 43-86 at baseline (1988-90), regraded from stereoscopic fundus photographs; PubMed abstract (20609708, cookie-walled) gives 95% CI 0.09-0.1. Highest published estimate; the review says photo-based grading likely underestimates true prevalence.",eligible_E3b.csv,encelto,US,,0.1,,prevalent,0.1,0.1,False,A,
Encelto,MacTel2,"MacTel type 2 on non-mydriatic macular images, mean age 65",Australia (Melbourne),prevalence_rate,0.004,,0.022,percent of participants,2010,2013-05-01,"a lower prevalence, estimated to range from 0.004 to 0.022%","Charbel Issa P et al., Macular telangiectasia type 2, Prog Retin Eye Res 2013 (PMC3638089), section on prevalence, citing Aung KZ et al., Melbourne Collaborative Cohort Study, 2010",https://pmc.ncbi.nlm.nih.gov/articles/PMC3638089/,verified-from-source,"Just over 22,000 participants; images were graded for MacTel only if an earlier grading flagged a feature, so probably an undercount. Kenya/Nigeria population studies (Sallo 2012) gave 0.06% (combined 95% CI 0.02-0.14%).",eligible_E3b.csv,encelto,Australia,0.004,,0.022,unspecified,0.004,0.022,False,A,
Encelto,MacTel2,"MacTel type 2, all adults (0.1% prevalence applied to the US population)",US,prevalent_eligible,,165000,,patients,2025,2025-03-06,"MacTel type 2 impacts around 0.1% of the population, translating to approximately 165,000 patients in the United States.","Claritas Rx blog, 'A Breakthrough in Vision Care: The FDA Approval of Neurotech's Encelto', 2025 (citing Endpoints News, endpts.com/fda-approves-neurotech-therapy-for-rare-eye-disease/)",https://www.claritasrx.com/blog/fda-approval-encelto/,verified-from-source,"Trade-press arithmetic, not a Neurotech statement; blog undated (approval date used). 0.1% of the whole US population would be about 335,000, so 165,000 implies 0.1% applied to roughly the population over 40. Upper-bound prevalent pool; most are undiagnosed and many have late disease beyond the trial population.",eligible_E3b.csv,encelto,US,,165000.0,,prevalent,165000.0,165000.0,True,A,
Encelto,MacTel2,"MacTel type 2, US population aged 45 and over, published prevalence range",US,prevalent_eligible,5560,,139000,people (derived),2020,2026-09-05,,"Derived here from Beaver Dam (0.1%) and Melbourne (0.004%) rates x US population aged 45+ (about 139 million: 2020 Census, ages 45-64 plus 65+)",,derived,"0.004% x 139m = 5,560; 0.1% x 139m = 139,000. Neither rate is diagnosis-based; the diagnosed, adult, idiopathic pool eligible under the label is far smaller and undocumented.",eligible_E3b.csv,encelto,US,5560.0,,139000.0,prevalent,5560.0,139000.0,True,A,
Otarmeni,OTOF,"severe-to-profound/profound SNHL with biallelic OTOF variants, preserved outer hair cell function, no prior cochlear implant in the same ear (US label)",US,label_indication,,,,,2026,2026-04-23,"For the treatment of pediatric and adult patients with severe-to-profound and profound sensorineural hearing loss (HL; any frequency >90 dB) associated with molecularly confirmed biallelic variants in the OTOF gene, preserved outer hair cell function, and no prior cochlear implant in the same ear.","FDA, OTARMENI (lunsotogene parvec-cwha) product page, STN 125874, Regeneron Pharmaceuticals, approval 23 Apr 2026",https://www.fda.gov/vaccines-blood-biologics/otarmeni,verified-from-source,"Accelerated approval. The no-prior-implant and preserved-OHC criteria exclude most prevalent OTOF-deaf people (already implanted or with degraded OHC function), so the eligible pool is essentially the annual flow of newly diagnosed infants plus a small backlog of unimplanted ears. Regeneron provides the product free in the US, so treated patients will not appear in revenue. No ex-US approval.",eligible_E3b.csv,otarmeni,US,,,,annual,,,False,A,
Otarmeni,OTOF,newborns per year with OTOF-related hearing loss,US,annual_incident_eligible,,50,,newborns per year,2026,2026-04-24,estimated to affect approximately 50 newborns annually in the United States,"CGTLive, 'Regeneron Nets Accelerated Approval From FDA for Otoferlin-Related Hearing Loss Gene Therapy Lunsotogene Parvec', 24 Apr 2026 (reporting Regeneron's figure)",https://www.cgtlive.com/view/regeneron-nets-accelerated-approval-fda-otoferlin-related-hearing-loss-gene-therapy-lunsotogene-parvec,verified-from-source,Secondary report of the company estimate; Regeneron's own release (investor.regeneron.com and newsroom mirror) timed out on three attempts. CHORD pivotal cohort: 20 participants aged 10 months to 16 years.,eligible_E3b.csv,otarmeni,US,,50.0,,annual,50.0,50.0,True,A,
Otarmeni,OTOF,newborns per year with otoferlin-related hearing loss,US,annual_incident_eligible,20,,50,newborns per year,2025,2025-01-01,"[search-result summary] Otoferlin-related hearing loss is ultra-rare, affecting 20-50 newborns per year in the U.S.",Regeneron DB-OTO press releases 2023-2025 as summarised in search results (e.g. 'DB-OTO Results in the New England Journal of Medicine...'),https://investor.regeneron.com/news-releases/news-release-details/db-oto-results-new-england-journal-medicine-showcase-dramatic,provisional-from-snippet,Company phrasing used before approval; the exact release was not confirmed because investor.regeneron.com timed out. Consistent with the 50/year figure quoted at approval. as_of_date approximate.,eligible_E3b.csv,otarmeni,US,20.0,,50.0,annual,20.0,50.0,True,B,
Otarmeni,OTOF,"people in the US with otoferlin-related deafness, all ages (mostly implanted, so NOT label-eligible)",US,prevalent_eligible,10000,,20000,people,2026,2026-04-23,"[search-result summary] otoferlin-related deafness occurs in about 10-20,000 people in the U.S.","Search-result summary attributing the figure to 'one researcher'; candidate page MedCity News, 'Regeneron Gets Landmark FDA Approval for First Gene Therapy for Hearing Loss', Apr 2026",https://medcitynews.com/2026/04/regeneron-gene-therapy-hearing-loss-otarmeni-fda-approval-otof-otoferlin-db-oto-regn/,provisional-from-snippet,Attribution unverified. Upper bound on the unimplanted backlog only: the label excludes ears with a prior cochlear implant and most prevalent cases are implanted.,eligible_E3b.csv,otarmeni,US,10000.0,,20000.0,prevalent,10000.0,20000.0,False,B,unverified attribution and not the label population (profound biallelic OTOF hearing loss without implant)
Genglycos,GSD1a,"adult and paediatric patients 8 years and older with GSDIa, adjunct to nutritional management (US label)",US,label_indication,,,,,2026,2026-08-19,GENGLYCOS (pariglasgene brecaparvovec-opnr) is indicated to reduce daily cornstarch intake as an adjunct to nutritional management in adult and pediatric patients 8 years of age and older with glycogen storage disease type Ia (GSDIa).,"Ultragenyx press release, 'Ultragenyx Announces U.S. FDA Approval of GENGLYCOS Gene Therapy...', 19 Aug 2026 (GlobeNewswire)",https://www.globenewswire.com/news-release/2026/08/19/3348019/20739/en/ultragenyx-announces-u-s-fda-approval-of-genglycos-gene-therapy-the-first-ever-fda-approved-treatment-designed-to-treat-the-underlying-cause-of-glycogen-storage-disease-type-ia-gsd.html,verified-from-source,Accelerated approval; label age floor 8 years. The post-marketing study excludes patients with anti-AAV8 antibodies and secondary reporting (Yahoo Finance) describes the label as for patients 'who do not have antibodies to AAV8'; confirm in the PI. Pivotal GlucoGene study treated 46 participants aged 8+. No ex-US approval.,eligible_E3b.csv,genglycos,US,,,,prevalent,,,False,A,
Genglycos,GSD1a,"patients with GSDIa, all ages (company estimate)",US,company_addressable,1500,,2500,patients,2026,2026-08-19,"GSDIa affects 1,500-2,500 patients in the U.S. and 6,000-8,000 worldwide within commercially accessible geographies.","Ultragenyx press release, 19 Aug 2026 (GlobeNewswire)",https://www.globenewswire.com/news-release/2026/08/19/3348019/20739/en/ultragenyx-announces-u-s-fda-approval-of-genglycos-gene-therapy-the-first-ever-fda-approved-treatment-designed-to-treat-the-underlying-cause-of-glycogen-storage-disease-type-ia-gsd.html,verified-from-source,"Company estimate, all ages; not restricted to age 8+ or AAV8-seronegative. The statement appears twice in the release. | family set by override: company prevalent count, all ages",eligible_E3b.csv,genglycos,US,1500.0,,2500.0,prevalent,1500.0,2500.0,True,A,
Genglycos,GSD1a,"patients with GSDIa, all ages (company estimate)","Worldwide, commercially accessible geographies",company_addressable,6000,,8000,patients,2026,2026-08-19,"GSDIa affects 1,500-2,500 patients in the U.S. and 6,000-8,000 worldwide within commercially accessible geographies.","Ultragenyx press release, 19 Aug 2026 (GlobeNewswire)",https://www.globenewswire.com/news-release/2026/08/19/3348019/20739/en/ultragenyx-announces-u-s-fda-approval-of-genglycos-gene-therapy-the-first-ever-fda-approved-treatment-designed-to-treat-the-underlying-cause-of-glycogen-storage-disease-type-ia-gsd.html,verified-from-source,"Ex-US commercially accessible pool by subtraction: 3,500-6,500 (6,000-8,000 minus 1,500-2,500).",eligible_E3b.csv,genglycos,global,6000.0,,8000.0,prevalent,6000.0,8000.0,True,A,
Genglycos,GSD1a,glycogen storage disease type I (Ia = 80%),General population,incidence_rate,,1,,"per 100,000 live births (GSD I overall)",2025,2025-04-06,"The incidence of GSD I in the overall population is 1 in 100,000 live births, with GSD Ia being more common (80%) than GSD 1b (20%).","Nana M, Anastasopoulou C, Parikh NS, Ahlawat R, Glycogen Storage Disease Type I, StatPearls (NCBI Bookshelf NBK534196), last update 6 Apr 2025",https://www.ncbi.nlm.nih.gov/books/NBK534196/,verified-from-source,"Population base: live births. GSDIa share 80% gives 0.8 per 100,000 births. Same 1-in-100,000 figure is used in Ultragenyx-funded literature (Ultragenyx page and PMC11716495 were blocked: 403 / reCAPTCHA). Ashkenazi Jewish prevalence about 5x.",eligible_E3b.csv,genglycos,other: General population,,1.0,,annual,1.0,1.0,False,A,
Genglycos,GSD1a,GSDIa births per year (become label-eligible at age 8),US,annual_incident_eligible,,29,,births per year (derived),2023,2026-09-05,,"Derived here: 3.6 million US live births per year (CDC 2023: about 3.59m) x 1/100,000 x 0.8 (GSDIa share, StatPearls)",,derived,"3,600,000 / 100,000 x 0.8 = 28.8. The annual flow into label eligibility is the birth cohort reaching age 8 (about 30/yr), assuming full survival. Company prevalent estimate (1,500-2,500) implies a mean prevalence of roughly 0.5-0.75 per 100,000, consistent with this incidence.",eligible_E3b.csv,genglycos,US,,29.0,,annual,29.0,29.0,True,A,
Glybera,LPLD,"adults with genetically confirmed familial LPLD, severe or multiple pancreatitis attacks despite low-fat diet, detectable LPL protein (EU label)",EU,label_indication,,,,,2015,2015-02-02,"Alipogentiparvovec ist zugelassen fuer erwachsene Personen, bei denen eine familiaere LPLD diagnostiziert wurde und bei denen schwere oder multiple Pankreatitis-Schuebe trotz fettarmer Ernaehrung aufgetreten sind. Die Diagnose LPLD muss durch einen Gentest abgesichert sein. Die Anwendung ist beschraenkt auf Patienten mit nachweisbaren Mengen an LPL-Protein.","G-BA, Nutzenbewertung (Dossierbewertung fuer Orphan Drugs) Alipogentiparvovec, 2 Feb 2015, section 2.1",https://www.g-ba.de/downloads/92-975-703/2015-02-02_Nutzenbewertung-G-BA_Alipogentiparvovec_2014-11-01-D-138.pdf,verified-from-source,"EU approval Oct 2012 (exceptional circumstances); marketing authorisation not renewed, expired Oct 2017. Adults only, with the pancreatitis restriction, so the label pool is a fraction of all LPLD. Search snippet (G-BA press coverage): only one person received Glybera commercially by 2016.",eligible_E3b.csv,glybera,EU,,,,prevalent,,,False,A,
Glybera,LPLD,"adult patients with familial LPLD and severe or multiple pancreatitis attacks despite dietary fat restriction (EU label, EPAR wording)",EU,label_indication,,,,,2012,2012-10-25,Glybera is indicated for adult patients diagnosed with familial lipoprotein lipase deficiency (LPLD) and suffering from severe or multiple pancreatitis attacks despite dietary fat restrictions.,"EMA, Glybera EPAR medicine page (alipogene tiparvovec), authorised 25 Oct 2012, marketing authorisation expired 28 Oct 2017",https://www.ema.europa.eu/en/medicines/human/EPAR/glybera,verified-from-source,"EPAR page carries no prevalence statement (the CHMP assessment report cited by G-BA gives about 2 per million in the EU). Authorisation expired 28 Oct 2017 after uniQure chose not to seek renewal, so the exposure window is Oct 2012 to Oct 2017.",eligible_E3b.csv,glybera,EU,,,,prevalent,,,False,A,
Glybera,LPLD,"familial lipoprotein lipase deficiency, all patients",EU,prevalence_rate,,2,,"per 1,000,000 persons",2012,2015-02-02,"Die Praevalenz der LPLD liegt in der EU bei etwa 2 pro 1 Million Personen (CHMP, 2012).","G-BA, Nutzenbewertung Alipogentiparvovec, 2 Feb 2015, section 2.1, citing the CHMP assessment report 2012",https://www.g-ba.de/downloads/92-975-703/2015-02-02_Nutzenbewertung-G-BA_Alipogentiparvovec_2014-11-01-D-138.pdf,verified-from-source,"Population base: total EU population. All LPLD, not the label subset.",eligible_E3b.csv,glybera,EU,,2.0,,unspecified,2.0,2.0,False,A,
Glybera,LPLD,"people with lipoprotein lipase deficiency, all (orphan designation)",EU,prevalent_eligible,,930,,"people (all LPLD, not label-restricted)",2004,2004-03-09,"lipoprotein lipase deficiency affected approximately 0.02 in 10,000 people in the European Union (EU). This was equivalent to a total of around 930 people","EMA, orphan designation EU/3/04/194, alipogene tiparvovec for treatment of lipoprotein-lipase deficiency, 9 Mar 2004 (sponsor later uniQure biopharma B.V.)",https://www.ema.europa.eu/en/medicines/human/orphan-designations/eu-3-04-194,verified-from-source,"0.02 per 10,000 = 2 per million on an EU population of about 465m (2004). Upper bound for the label pool; the adult, severe/recurrent-pancreatitis, detectable-LPL subset was never quantified by a gatekeeper in the documents retrieved.",eligible_E3b.csv,glybera,EU,,930.0,,prevalent,930.0,930.0,True,A,
Glybera,LPLD,"LPL deficiency, all patients",Worldwide,prevalence_rate,1,,2,"per 1,000,000 persons",2012,2012-11-02,[search-result summary] LPL Deficiency affects 1-2 persons per million,"NORD, 'Glybera Becomes First-ever Gene Therapy Approved in Europe' (and similar 2012 coverage) as summarised in search results",https://rarediseases.org/glybera-becomes-first-ever-gene-therapy-approved-in-europe/,provisional-from-snippet,Snippet only; the exact page carrying this sentence was not fetched. Matches the CHMP 2 per million figure.,eligible_E3b.csv,glybera,global,1.0,,2.0,unspecified,1.0,2.0,False,B,
Glybera,LPLD,"people with LPLD, all (2 per million applied to Germany)",Germany,prevalent_eligible,,166,,people (derived),2022,2026-09-05,,"Derived here: CHMP/G-BA prevalence 2 per million x German population 83,118,501 (Destatis 2022, as cited in IQWiG G25-25)",,derived,166 all-LPLD; GKV share 88.6% gives about 147. Label subset (adults with severe/multiple pancreatitis and detectable LPL protein) unknown; the G-BA 2015 Beschluss count was not retrieved.,eligible_E3b.csv,glybera,Germany,,166.0,,prevalent,166.0,166.0,True,A,
Glybera,LPLD,"people with LPLD, all (2 per million applied to France)",France,prevalent_eligible,,136,,people (derived),2023,2026-09-05,,Derived here: 2 per million x French population about 68.1 million (INSEE 2023),,derived,All LPLD; HAS population cible not retrieved (site unreachable).,eligible_E3b.csv,glybera,France,,136.0,,prevalent,136.0,136.0,True,A,
Glybera,LPLD,Anzahl der Patienten in der GKV-Zielpopulation (G-BA Beschluss 21 May 2015),Germany (GKV),gatekeeper_eligible,,,,GKV patients,,,,"G-BA Beschluss and Tragende Gruende, Alipogentiparvovec, 21 May 2015 (procedure page)",https://www.g-ba.de/bewertungsverfahren/nutzenbewertung/146/,not-found,"The 2015 Beschluss/TrG with the patient count was not retrieved; the 2017 TrG (deadline extension, 18 May 2017) and the 2015 G-BA Nutzenbewertung contain no count. Modul 3 (24 Oct 2014, g-ba.de/downloads/92-975-701/...) would carry the manufacturer's derivation.",eligible_E3b.csv,glybera,Germany,,,,annual,,,False,X,
Glybera,LPLD,population cible (HAS avis),France,gatekeeper_eligible,,,,patients,,,,"HAS, avis de la Commission de la Transparence GLYBERA (alipogene tiparvovec), 2015",https://www.has-sante.fr/jcms/c_2579395/en/glybera-alipogene-tiparvovec-gene-therapy,not-found,has-sante.fr aborted the connection twice; archive.org blocked.,eligible_E3b.csv,glybera,France,,,,unspecified,,,False,X,
Glybera,LPLD,LPLD prevalence or eligible patients (company filing),Europe,company_addressable,,,,patients,2016,2017-03-15,,uniQure N.V. Form 10-K for FY2016 (filed 15 Mar 2017),https://www.sec.gov/Archives/edgar/data/1590560/000104746917001589/a2231181z10-k.htm,not-found,"No prevalence or eligible-patient figure for LPLD in the FY2016 10-K (Glybera already being wound down). Earlier uniQure filings (20-F FY2013/FY2014, 10-K FY2015) not checked; search budget exhausted.",eligible_E3b.csv,glybera,EU,,,,prevalent,,,False,X,
Vyjuvek,DEB,wound treatment from birth in DEB with mutation(s) in COL7A1 (EU label),EU,label_indication,,,,,2025,2025-11-06,Demnach ist Beremagen geperpavec zur Wundbehandlung bei Patientinnen und Patienten ab der Geburt mit dystropher Epidermolysis bullosa (DEB) mit Mutation(en) im Gen fuer die Alpha-1-Kette von Kollagen Typ VII (COL7A1) zugelassen [1].,"IQWiG Dossierbewertung G25-25, Beremagen geperpavec (dystrophe Epidermolysis bullosa), Bewertung von Patientenzahlen und Therapiekosten, Version 1.0, 6 Nov 2025, section 3.1",https://www.iqwig.de/download/g25-25_beremagen-geperpavec_bewertung-35a-absatz-1-satz-11-sgb-v_v1-0.pdf,verified-from-source,"EU label (EC approval Apr 2025) from birth; both dominant and recessive DEB. US label at launch (May 2023) was 6 months and older; Krystal announced an updated FDA label in 2025 (not verified here). Weekly topical gel, so the eligible population is the prevalent DEB pool with wounds, treated continuously.",eligible_E3b.csv,vyjuvek,EU,,,,prevalent,,,False,A,
Vyjuvek,DEB,"patients with wounds due to DEB with COL7A1 mutation, GKV-insured",Germany (GKV),gatekeeper_eligible,240,,900,GKV patients (prevalent),2026,2026-02-19,Patientinnen und Patienten mit Wunden aufgrund dystropher Epidermolysis bullosa (DEB) mit Mutation im Gen fuer die Alpha-1-Kette von Kollagen Typ VII (COL7A1) circa 240 - 900 Patientinnen und Patienten,"G-BA Beschluss ueber die Nutzenbewertung von Beremagen geperpavec (Vyjuvek), 19 Feb 2026 (BAnz AT 23.03.2026 B3), section 2",https://www.g-ba.de/downloads/39-261-7698/2026-02-19_AM-RL-XII_Beremagen-geperpavec_D-1229_BAnz.pdf,verified-from-source,"Official G-BA count (Beschluss section 2). Tragende Gruende (same date): figures taken from the manufacturer dossier, uncertain because of limited German incidence/prevalence data, but 'in einer weitgehend plausiblen Groessenordnung'. GKV = 88.6% of population.",eligible_E3b.csv,vyjuvek,Germany,240.0,,900.0,prevalent,240.0,900.0,True,A,
Vyjuvek,DEB,"dystrophic epidermolysis bullosa, all (prevalence range used in the German dossier)",Germany,prevalence_rate,3.26,,12.16,"per 1,000,000 persons",2022,2025-11-06,"Der pU leitet auf der Basis dieser beiden Publikationen somit eine Spanne der Praevalenzrate von 3,26/1 000 000 Personen [2] bis 12,16/1 000 000 Personen [3] ab.","IQWiG Dossierbewertung G25-25, Beremagen geperpavec (dystrophe Epidermolysis bullosa), Bewertung von Patientenzahlen und Therapiekosten, Version 1.0, 6 Nov 2025, section 3.1",https://www.iqwig.de/download/g25-25_beremagen-geperpavec_bewertung-35a-absatz-1-satz-11-sgb-v_v1-0.pdf,verified-from-source,"Lower bound = Fine 2016 (US National EB Registry, 2002 data); upper bound = Has et al. 2023 (1,779 German EB patients identified via university hospitals, labs and DEBRA Deutschland, Oct 2020-May 2021; the authors treat their estimate as an upper bound). IQWiG: plausible order of magnitude.",eligible_E3b.csv,vyjuvek,Germany,3.26,,12.16,unspecified,3.26,12.16,False,A,
Vyjuvek,DEB,"dystrophic epidermolysis bullosa, all patients in Germany",Germany,prevalent_eligible,271,,1011,patients,2022,2025-11-06,Durch Multiplikation mit der in Schritt 1 abgeleiteten Spanne der Praevalenzrate berechnet der pU eine Anzahl von 271 bis 1011 Patientinnen und Patienten mit dystropher Epidermolysis bullosa in Deutschland im Jahr 2022.,"IQWiG Dossierbewertung G25-25, Beremagen geperpavec (dystrophe Epidermolysis bullosa), Bewertung von Patientenzahlen und Therapiekosten, Version 1.0, 6 Nov 2025, section 3.1",https://www.iqwig.de/download/g25-25_beremagen-geperpavec_bewertung-35a-absatz-1-satz-11-sgb-v_v1-0.pdf,verified-from-source,"Whole-population count (83,118,501) before the GKV share; manufacturer (Krystal) derivation accepted by IQWiG as plausible.",eligible_E3b.csv,vyjuvek,Germany,271.0,,1011.0,prevalent,271.0,1011.0,True,A,
Vyjuvek,DEB,"DEB with COL7A1 mutation and wounds, GKV-insured (manufacturer dossier)",Germany (GKV),gatekeeper_eligible,240,,896,GKV patients,2022,2025-11-06,"Unter Beruecksichtigung eines GKV-Anteils von 88,6 % [4,5] im Jahr 2022 weist der pU eine Anzahl von 240 bis 896 Patientinnen und Patienten in der GKV-Zielpopulation aus.","IQWiG Dossierbewertung G25-25, Beremagen geperpavec (dystrophe Epidermolysis bullosa), Bewertung von Patientenzahlen und Therapiekosten, Version 1.0, 6 Nov 2025, section 3.1",https://www.iqwig.de/download/g25-25_beremagen-geperpavec_bewertung-35a-absatz-1-satz-11-sgb-v_v1-0.pdf,verified-from-source,"Manufacturer figure reviewed by IQWiG; G-BA rounded to 240-900 in the Beschluss. Projection: 244-910 in 2023 and 246-917 in 2030 (constant prevalence, Destatis population projection). | family set by override: chronic therapy: the G-BA per-year target population is the prevalent pool on therapy",eligible_E3b.csv,vyjuvek,Germany,240.0,,896.0,prevalent,240.0,896.0,True,A,
Vyjuvek,DEB,"DEB with COL7A1 mutation and wounds, GKV-insured (projection)",Germany (GKV),gatekeeper_eligible,244,,910,GKV patients,2023,2025-11-06,"Der pU geht somit davon aus, dass die Anzahl der Patientinnen und Patienten mit dystropher Epidermolysis bullosa sowie der gesetzlich Versicherten innerhalb der Zielpopulation (bei Anwendung der Anteilswerte aus der Herleitung) bis zum Jahr 2030 weitgehend konstant bleibt (Fallzahlen in der GKV-Zielpopulation: 244 bis 910 im Jahr 2023 und 246 bis 917 im Jahr 2030).","IQWiG Dossierbewertung G25-25, Beremagen geperpavec (dystrophe Epidermolysis bullosa), Bewertung von Patientenzahlen und Therapiekosten, Version 1.0, 6 Nov 2025, section 3.1",https://www.iqwig.de/download/g25-25_beremagen-geperpavec_bewertung-35a-absatz-1-satz-11-sgb-v_v1-0.pdf,verified-from-source,"Genetic disease, so incidence and prevalence assumed constant; 2030 projection 246-917. | family set by override: chronic therapy: the G-BA per-year target population is the prevalent pool on therapy",eligible_E3b.csv,vyjuvek,Germany,244.0,,910.0,prevalent,244.0,910.0,True,A,
Vyjuvek,DEB,"dystrophic AND junctional EB, age 6 months+, GKV-insured (Filsuvez decision 2022; comparator count)",Germany (GKV),gatekeeper_eligible,270,,860,GKV patients,2022,2025-11-06,Im Rahmen des frueheren Nutzenbewertungsverfahrens zu Birkenrindenextrakt (Epidermolysis bullosa) aus dem Jahr 2022 [6-8] wurde eine Anzahl von ca. 270 bis 860 Patientinnen und Patienten in der GKV-Zielpopulation beschlossen.,"IQWiG Dossierbewertung G25-25, Beremagen geperpavec (dystrophe Epidermolysis bullosa), Bewertung von Patientenzahlen und Therapiekosten, Version 1.0, 6 Nov 2025, section 3.1",https://www.iqwig.de/download/g25-25_beremagen-geperpavec_bewertung-35a-absatz-1-satz-11-sgb-v_v1-0.pdf,verified-from-source,"G-BA count for Filsuvez (birch bark extract), which covers DEB plus junctional EB from 6 months; upper bound there came from Petrof 2022 (England and Wales). Useful cross-check: DEB-only range for Vyjuvek is similar because the German upper-bound source (Has 2023) is higher. | family set by override: chronic therapy: the G-BA per-year target population is the prevalent pool on therapy",eligible_E3b.csv,vyjuvek,Germany,270.0,,860.0,prevalent,270.0,860.0,True,A,
Vyjuvek,DEB,"population cible, wounds in DEB with COL7A1 mutation(s) from birth (HAS avis, manufacturer estimate)",France,gatekeeper_eligible,,522,,patients per year (population cible),2025,2025-11-06,[search-result summary] The industriel estimates the target population at 522 patients per year.,"HAS, avis de la Commission de la Transparence, VYJUVEK (beremagene geperpavec), epidermolyse bulleuse dystrophique des la naissance, Nov 2025 (page p_3704146)",https://www.has-sante.fr/jcms/p_3704146/fr/vyjuvek-beremagene-geperpavec-epidermolyse-bulleuse-dystrophique-des-la-naissance,provisional-from-snippet,"has-sante.fr aborted on three attempts (fr and en pages; OMEDIT mirror carries only the indication) and the CEESP avis economique (p_3894631) was not fetched. Date approximated from HAS's tweet announcing the favourable opinion (6 Nov 2025). An earlier avis for the 6-months-and-older indication (p_3543140, 2024) and an early-access authorisation also exist. For a weekly gel 'per year' is effectively the prevalent treated pool. | family set by override: chronic therapy: the HAS population cible is the prevalent pool",eligible_E3b.csv,vyjuvek,France,,522.0,,prevalent,522.0,522.0,True,B,
Vyjuvek,DEB,"eligible patients in England (NICE technology appraisal ID3959, in development)",England,gatekeeper_eligible,,,,patients,,,,"NICE, Beremagene geperpavec for treating skin wounds associated with dystrophic epidermolysis bullosa [ID3959], GID-TA10868, project information",https://www.nice.org.uk/guidance/indevelopment/gid-ta10868,not-found,"Appraisal still in development (TSOP Sept 2023 kept it in the TA programme); no NICE eligible count published. Search snippet from stakeholder comments: most DDEB patients have low wound burden, so 'only small numbers (likely <10%)' of DDEB would meet a wound-area threshold.",eligible_E3b.csv,vyjuvek,England,,,,unspecified,,,False,X,
Vyjuvek,DEB,"all epidermolysis bullosa (any type), UK; DEB stated as 25% of EB",UK,prevalent_eligible,,5000,,"people with EB (all types, not DEB-only)",2021,2021-04-22,"One in 227 people carry a defective gene that causes EB. One in 17,000 live births will be a baby with EB and around 5,000 people in the UK live with EB.19 25% of the EB population have DEB.14","NIHR Innovation Observatory, Health Technology Briefing: Beremagene geperpavec for dystrophic epidermolysis bullosa, April 2021",https://www.io.nihr.ac.uk/wp-content/uploads/2022/01/24253-TSID_10546-Beremagene-Geperpavec-for-Dystrophic-Epidermolysis-Bullosa-v1.0-APR2021-NON-CONF.pdf,verified-from-source,All EB types; NIHR cites DEBRA UK. Derived DEB pool below. Document contains no B-VEC-specific eligible count.,eligible_E3b.csv,vyjuvek,UK,,5000.0,,prevalent,5000.0,5000.0,False,A,all epidermolysis bullosa types; the label is dystrophic EB only (the derived 1250 row keeps the DEB share)
Vyjuvek,DEB,"dystrophic EB, UK (25% of 5,000 EB patients)",UK,prevalent_eligible,,1250,,people (derived),2021,2026-09-05,,"Derived here from NIHR Innovation Observatory 2021: 5,000 people with EB in the UK x 25% DEB",,derived,"5,000 x 0.25 = 1,250. Higher than the registry-based England and Wales figure (about 640) because the DEBRA 5,000 is a round advocacy estimate.",eligible_E3b.csv,vyjuvek,UK,,1250.0,,prevalent,1250.0,1250.0,True,A,
Vyjuvek,DEB,"dystrophic epidermolysis bullosa, living registered patients",England and Wales,prevalence_rate,,10.7,,"per 1,000,000 population",2021,2022-05-01,"By March 2021, 2594 individuals were registered, of whom 2361 were living, which yielded a prevalence of 34.8 per million of the population for all EB types [EB simplex (EBS) 17 per million, dystrophic EB (DEB) 10.7 per million, junctional EB (JEB) 1 per million and Kindler EB 0.3 per million].","Petrof G, Papanikolaou M, Martinez AE et al., The epidemiology of epidermolysis bullosa in England and Wales: data from the national epidermolysis bullosa database, Br J Dermatol 2022;186(5):843-848 (abstract via KCL Pure)",https://kclpure.kcl.ac.uk/portal/en/publications/the-epidemiology-of-epidermolysis-bullosa-in-england-and-wales-da/,verified-from-source,"National EB database covering all four EB centres (high ascertainment). Population base: England and Wales, about 59.6 million (2021 census). Used by G-BA as the upper bound in the 2022 Filsuvez decision.",eligible_E3b.csv,vyjuvek,England,,10.7,,unspecified,10.7,10.7,False,A,
Vyjuvek,DEB,"dystrophic epidermolysis bullosa, incidence",England and Wales,incidence_rate,,26.1,,"per 1,000,000 live births",2021,2022-05-01,"The average incidence per million live births for EBS, DEB, JEB and Kindler EB was 32.5, 26.1, 8.9 and 0.9, respectively (total incidence for all types of EB was 67.8 per million).","Petrof G, Papanikolaou M, Martinez AE et al., The epidemiology of epidermolysis bullosa in England and Wales: data from the national epidermolysis bullosa database, Br J Dermatol 2022;186(5):843-848 (abstract via KCL Pure)",https://kclpure.kcl.ac.uk/portal/en/publications/the-epidemiology-of-epidermolysis-bullosa-in-england-and-wales-da/,verified-from-source,"Population base: live births in England and Wales (about 625,000 per year in 2021).",eligible_E3b.csv,vyjuvek,England,,26.1,,annual,26.1,26.1,False,A,
Vyjuvek,DEB,"dystrophic EB, living patients (registry rate applied to population)",England and Wales,prevalent_eligible,,638,,people (derived),2021,2026-09-05,,"Derived here: Petrof 2022 DEB prevalence 10.7 per million x England and Wales population 59,597,300 (2021 census)",,derived,"10.7 x 59.6 = 638 (England alone, 56.5m: about 604). Registry-based, so a lower bound on all DEB but close to the diagnosed pool relevant to a prescribed weekly therapy. Compare Krystal's 'over 1,000 identified' in Germany plus France.",eligible_E3b.csv,vyjuvek,England,,638.0,,prevalent,638.0,638.0,True,A,
Vyjuvek,DEB,dystrophic EB births per year,England and Wales,annual_incident_eligible,,16,,births per year (derived),2021,2026-09-05,,"Derived here: 26.1 per million live births x 624,828 live births (ONS, England and Wales 2021)",,derived,26.1 x 0.625 = 16.3 per year; EU label from birth makes these immediately eligible.,eligible_E3b.csv,vyjuvek,England,,16.0,,annual,16.0,16.0,True,A,
Vyjuvek,DEB,"dominant dystrophic EB, all subtypes",US,prevalence_rate,,1.49,,"per 1,000,000 population (incidence 2.12 per million live births)",2002,2016-11-01,DDEB (all subtypes): Prevalence of 1.49 per million population; incidence of 2.12 per million live births,"Fine JD, Epidemiology of Inherited Epidermolysis Bullosa Based on Incidence and Prevalence Estimates From the National Epidermolysis Bullosa Registry, JAMA Dermatology 2016;152(11):1231-1238",https://jamanetwork.com/journals/jamadermatology/fullarticle/2537024,verified-from-source,"US National EB Registry, prevalence as of 2002, incidence 1986-2002 (16 years). Abstract wording as extracted by the fetch tool. Overall inherited EB: incidence 19.57 per million live births, prevalence 11.07 per million.",eligible_E3b.csv,vyjuvek,US,,1.49,,annual,1.49,1.49,False,A,
Vyjuvek,DEB,"recessive dystrophic EB, all subtypes",US,prevalence_rate,,1.35,,"per 1,000,000 population (incidence 3.05 per million live births)",2002,2016-11-01,RDEB (all subtypes): Prevalence of 1.35 per million population; incidence of 3.05 per million live births,"Fine JD, Epidemiology of Inherited Epidermolysis Bullosa Based on Incidence and Prevalence Estimates From the National Epidermolysis Bullosa Registry, JAMA Dermatology 2016;152(11):1231-1238",https://jamanetwork.com/journals/jamadermatology/fullarticle/2537024,verified-from-source,Search snippet adds DEB of unknown mode 0.42 per million (not in the abstract text fetched).,eligible_E3b.csv,vyjuvek,US,,1.35,,annual,1.35,1.35,False,A,
Vyjuvek,DEB,"dystrophic EB (DDEB + RDEB), registry rates applied to US population",US,prevalent_eligible,,951,,people (derived),2023,2026-09-05,,Derived here: (1.49 + 1.35) per million x US population about 335 million (Census 2023),,derived,"2.84 x 335 = 951 (about 1,090 if DEB of unknown mode 0.42 per million is added). Registry-based lower bound; Krystal's claims-based estimate is over 3,000, i.e. the registry captured roughly a third.",eligible_E3b.csv,vyjuvek,US,,951.0,,prevalent,951.0,951.0,True,A,
Vyjuvek,DEB,"dystrophic EB births per year, registry rates",US,annual_incident_eligible,,19,,births per year (derived),2023,2026-09-05,,Derived here: (2.12 + 3.05) per million live births x 3.6 million US births (CDC 2023),,derived,5.17 x 3.6 = 18.6 per year.,eligible_E3b.csv,vyjuvek,US,,19.0,,annual,19.0,19.0,True,A,
Vyjuvek,DEB,DEB patients in the United States (company estimate),US,company_addressable,,3000,,"patients ('over 3,000')",2024,2025-02-19,"We believe that there are, at present, over 3,000 DEB patients in the United States and over 9,000 worldwide.","Krystal Biotech Form 10-K for FY2024 (filed 19 Feb 2025), Business section",https://www.sec.gov/Archives/edgar/data/1711279/000171127925000008/krys-20241231.htm,verified-from-source,"Also: 'We estimate that there are over 3,000 patients in the United States suffering from DEB, of which 1,200 were identified at launch through claims analytics and pre-launch patient identification activities conducted by our commercial field force.' Company figure; value_point is the stated floor. | family set by override: Krystal's count of US patients with DEB is a prevalent pool",eligible_E3b.csv,vyjuvek,US,,3000.0,,prevalent,3000.0,3000.0,True,A,
Vyjuvek,DEB,DEB patients worldwide (company estimate),Worldwide,company_addressable,,9000,,"patients ('over 9,000')",2024,2025-02-19,"We believe that there are, at present, over 3,000 DEB patients in the United States and over 9,000 worldwide.","Krystal Biotech Form 10-K for FY2024 (filed 19 Feb 2025), Business section",https://www.sec.gov/Archives/edgar/data/1711279/000171127925000008/krys-20241231.htm,verified-from-source,Same sentence repeated unchanged in the FY2025 10-K (17 Feb 2026).,eligible_E3b.csv,vyjuvek,global,,9000.0,,unspecified,9000.0,9000.0,True,A,
Vyjuvek,DEB,"DEB patients in the United States (company estimate, repeated)",US,company_addressable,,3000,,"patients ('over 3,000')",2025,2026-02-17,"We believe that there are, at present, over 3,000 DEB patients in the United States and over 9,000 worldwide.","Krystal Biotech Form 10-K for FY2025 (filed 17 Feb 2026), Business section",https://www.sec.gov/Archives/edgar/data/1711279/000171127926000016/krys-20251231.htm,verified-from-source,Unchanged from FY2024. The 10-K gives no Japan-specific figure. | family set by override: Krystal's count of US patients with DEB is a prevalent pool,eligible_E3b.csv,vyjuvek,US,,3000.0,,prevalent,3000.0,3000.0,True,A,
Vyjuvek,DEB,DEB patients identified in Germany and France (first EU launch markets),Germany and France,company_addressable,,1000,,"patients identified ('over 1,000')",2025,2026-02-17,"Over 1,000 DEB patients are already identified across both of these countries.","Krystal Biotech Form 10-K for FY2025 (filed 17 Feb 2026), Business section",https://www.sec.gov/Archives/edgar/data/1711279/000171127926000016/krys-20251231.htm,verified-from-source,"Identified, not on therapy. Consistent with G-BA 240-900 (GKV Germany, so about 270-1,010 whole population) plus HAS 522 per year (France).",eligible_E3b.csv,vyjuvek,multi: Germany+France,,1000.0,,annual,1000.0,1000.0,True,A,
Vyjuvek,DEB,diagnosed DEB patients in the United States (earlier company estimate),US,company_addressable,3000,,3500,diagnosed patients,2018,2019-03-12,"[search-result summary] approximately 3,000 to 3,500 diagnosed DEB patients in the United States",Krystal Biotech Form 10-K (FY2018 or adjacent year) as summarised in search results,https://www.sec.gov/Archives/edgar/data/1711279/000156459019007267/krys-10k_20181231.htm,provisional-from-snippet,"Filing year not confirmed. Same summary attributes to Krystal, citing DEBRA International, 'as many as 52,000 cases worldwide who suffer from DEB' - far above the later 9,000 worldwide figure; treat 52,000 as an unverified outlier. | family set by override: diagnosed prevalent patients",eligible_E3b.csv,vyjuvek,US,3000.0,,3500.0,prevalent,3000.0,3500.0,True,B,
Vyjuvek,DEB,"diagnosed prevalent DEB cases, seven major markets (US, EU4, UK, Japan)","7MM (US, France, Germany, Italy, Spain, UK, Japan)",prevalent_eligible,,6500,,diagnosed prevalent cases,2023,2025-05-27,"[search-result summary] In the 7MM, approximately 6,500 diagnosed prevalent cases of DEB were recorded in 2023, with the United States accounting for about 50% of these cases.","DelveInsight via PR Newswire, 'ZEVASKYN Approval Positions Abeona as Emerging Player in Dystrophic Epidermolysis Bullosa Market', 2025",https://www.prnewswire.com/news-releases/zevaskyn-approval-positions-abeona-as-emerging-player-in-dystrophic-epidermolysis-bullosa-market--delveinsight-302462822.html,provisional-from-snippet,"Market-research estimate; implies about 3,250 in the US and about 3,250 across EU4+UK+Japan. as_of_date approximate.",eligible_E3b.csv,vyjuvek,multi: Germany+France+Italy+Spain+Japan,,6500.0,,prevalent,6500.0,6500.0,True,B,
Vyjuvek,DEB,DEB patients in Japan,Japan,company_addressable,,,,patients,,2026-02-17,,"Krystal Biotech Form 10-K for FY2025 (filed 17 Feb 2026), Business section",https://www.sec.gov/Archives/edgar/data/1711279/000171127926000016/krys-20251231.htm,not-found,No Japan figure in Krystal's FY2024 or FY2025 10-K; Japanese approval/launch materials and a PMDA figure were not reachable after the search budget ran out. DelveInsight 7MM figure above is the only source that spans Japan.,eligible_E3b.csv,vyjuvek,Japan,,,,unspecified,,,False,X,
Zevaskyn,RDEB_wounds,wounds in adult and paediatric patients with RDEB (US label),US,label_indication,,,,,2025,2025-04-29,indicated for the treatment of wounds in adult and pediatric patients with recessive dystrophic epidermolysis bullosa (RDEB),"Abeona Therapeutics press release, 'U.S. FDA Approves ZEVASKYN (prademagene zamikeracel)...', 29 Apr 2025 (approval 28 Apr 2025)",https://investors.abeonatherapeutics.com/press-releases/detail/303/u-s-fda-approves-zevaskyn-prademagene-zamikeracel,verified-from-source,Autologous gene-corrected keratinocyte sheets applied surgically in one session; no age floor. Press release has no prevalence statement. FY2025 10-K: first commercial patient treated Q4 2025; four qualified treatment centres activated as of March 2026. Not approved outside the US.,eligible_E3b.csv,zevaskyn,US,,,,prevalent,,,False,A,
Zevaskyn,RDEB_wounds,"recessive dystrophic epidermolysis bullosa, incidence (literature range)",Various geographies (literature),incidence_rate,0.2,,3.05,"per 1,000,000 births",2019,2026-03-17,"Similar to other rare diseases, the incidence and prevalence of RDEB are not well defined. Incidence of 0.2 to 3.05 per million births and prevalence of 0.14 to 1.35 per million people have been observed across different geographies, primarily estimated by limited population analyses of clinical databases or registries (Eichstadt et al.; Clinical, Cosmetic and Investigational Dermatology, 2019).","Abeona Therapeutics Form 10-K for FY2025 (filed 17 Mar 2026), Business section, RDEB disease overview",https://investors.abeonatherapeutics.com/annual-reports/content/0001493152-26-010413/0001493152-26-010413.pdf,verified-from-source,Company summary of registry literature; upper bound equals Fine 2016 (US).,eligible_E3b.csv,zevaskyn,other: Various geographies (literatur,0.2,,3.05,annual,0.2,3.05,False,A,
Zevaskyn,RDEB_wounds,"recessive dystrophic epidermolysis bullosa, prevalence (literature range)",Various geographies (literature),prevalence_rate,0.14,,1.35,"per 1,000,000 people",2019,2026-03-17,"Incidence of 0.2 to 3.05 per million births and prevalence of 0.14 to 1.35 per million people have been observed across different geographies, primarily estimated by limited population analyses of clinical databases or registries (Eichstadt et al.; Clinical, Cosmetic and Investigational Dermatology, 2019).","Abeona Therapeutics Form 10-K for FY2025 (filed 17 Mar 2026), Business section, RDEB disease overview",https://investors.abeonatherapeutics.com/annual-reports/content/0001493152-26-010413/0001493152-26-010413.pdf,verified-from-source,"Applied to 335m, the range gives 47-452 RDEB patients in the US.",eligible_E3b.csv,zevaskyn,other: Various geographies (literatur,0.14,,1.35,unspecified,0.14,1.35,False,A,
Zevaskyn,RDEB_wounds,RDEB patients in the US whose wounds may benefit from COL7A1-mediated treatment (genetic-modelling upper bound),US,prevalent_eligible,,3850,,patients ('up to'),2025,2026-03-17,"Using genetic modeling of COL7A1 variants, Stanford University estimated the incidence of RDEB to be approximately 63 per million births, and prevalence could be up to 3,850 patients in the U.S., whose wounds may benefit from COL7A1-mediated treatments such as ZEVASKYN.","Abeona Therapeutics Form 10-K for FY2025 (filed 17 Mar 2026), Business section, RDEB disease overview",https://investors.abeonatherapeutics.com/annual-reports/content/0001493152-26-010413/0001493152-26-010413.pdf,verified-from-source,"Carrier-frequency model, not observed cases; 63 per million births is about 20x the registry incidence, so this is an upper bound including undiagnosed and mild cases.",eligible_E3b.csv,zevaskyn,US,,3850.0,,prevalent,3850.0,3850.0,True,A,
Zevaskyn,RDEB_wounds,moderate to severe RDEB patients in the US eligible for ZEVASKYN (claims analysis),US,company_addressable,,750,,patients,2024,2026-03-17,"Based on claims analysis, we estimate that approximately 750 moderate to severe RDEB patients in the U.S. would be ZEVASKYN eligible patients (Clearview Claims Analysis, 2024).","Abeona Therapeutics Form 10-K for FY2025 (filed 17 Mar 2026), Business section, RDEB disease overview",https://investors.abeonatherapeutics.com/annual-reports/content/0001493152-26-010413/0001493152-26-010413.pdf,verified-from-source,"Company's central eligible estimate (diagnosed, moderate-to-severe, with wounds). Same 10-K: about 60% of RDEB patients have active wounds covering more than 30% of body surface (Bruckner 2020). | family set by override: claims-based prevalent count of treatable RDEB patients",eligible_E3b.csv,zevaskyn,US,,750.0,,prevalent,750.0,750.0,True,A,
Zevaskyn,RDEB_wounds,"recessive dystrophic EB, all subtypes (US registry)",US,prevalence_rate,,1.35,,"per 1,000,000 population (incidence 3.05 per million live births)",2002,2016-11-01,RDEB (all subtypes): Prevalence of 1.35 per million population; incidence of 3.05 per million live births,"Fine JD, Epidemiology of Inherited Epidermolysis Bullosa Based on Incidence and Prevalence Estimates From the National Epidermolysis Bullosa Registry, JAMA Dermatology 2016;152(11):1231-1238",https://jamanetwork.com/journals/jamadermatology/fullarticle/2537024,verified-from-source,Same source as the Vyjuvek RDEB row; RDEB is the Zevaskyn label population.,eligible_E3b.csv,zevaskyn,US,,1.35,,annual,1.35,1.35,False,A,
Zevaskyn,RDEB_wounds,RDEB generalized severe (the subtype with the heaviest wound burden),US,prevalence_rate,,0.36,,"per 1,000,000 population (incidence 0.57 per million live births)",2002,2016-11-01,RDEB generalized severe: Prevalence of 0.36 per million population; incidence of 0.57 per million live births,"Fine JD, Epidemiology of Inherited Epidermolysis Bullosa Based on Incidence and Prevalence Estimates From the National Epidermolysis Bullosa Registry, JAMA Dermatology 2016;152(11):1231-1238",https://jamanetwork.com/journals/jamadermatology/fullarticle/2537024,verified-from-source,Applied to 335m: about 121 prevalent RDEB-GS patients in the US; about 2 births per year.,eligible_E3b.csv,zevaskyn,US,,0.36,,annual,0.36,0.36,False,A,
Zevaskyn,RDEB_wounds,"RDEB, all subtypes, registry rate applied to US population",US,prevalent_eligible,,452,,people (derived),2023,2026-09-05,,Derived here: Fine 2016 RDEB prevalence 1.35 per million x US population about 335 million,,derived,"1.35 x 335 = 452. Registry-based lower bound; Abeona's claims-based eligible pool (750) and genetic-model ceiling (3,850) bracket it from above.",eligible_E3b.csv,zevaskyn,US,,452.0,,prevalent,452.0,452.0,True,A,
Zevaskyn,RDEB_wounds,"RDEB births per year, registry rate",US,annual_incident_eligible,,11,,births per year (derived),2023,2026-09-05,,Derived here: Fine 2016 RDEB incidence 3.05 per million live births x 3.6 million US births,,derived,3.05 x 3.6 = 11.0 per year; Stanford genetic model (63 per million) would give about 227 per year.,eligible_E3b.csv,zevaskyn,US,,11.0,,annual,11.0,11.0,True,A,
Luxturna,RPE65,"Orphanet prevalence classes for LCA (ORPHA:65), DEB (ORPHA:303), GSDIa (ORPHA:79258), familial LPLD (ORPHA:309015)",Worldwide / Europe (Orphanet),prevalence_rate,,,,Orphanet prevalence class,,2026-09-05,,"Orphanet disease pages (orpha.net/en/disease/detail/65, /303, /79258, /309015)",https://www.orpha.net/en/disease/detail/65,not-found,"All four Orphanet pages returned only a bot-verification interstitial ('Verification de la connexion... haphash') to this tool, so no Orphanet prevalence class could be read for any product in this batch. Applies to Luxturna, Vyjuvek, Zevaskyn, Genglycos and Glybera.",eligible_E3b.csv,luxturna,multi: EU+global,,,,prevalent,,,False,X,
Adstiladrin (nadofaragene firadenovec-vncg),NMIBC_BCGunresp_CIS,adult patients with high-risk BCG-unresponsive NMIBC with carcinoma in situ (CIS) with or without papillary tumors,US,label_indication,,,,,2022,2025,adult patients with high-risk bacillus Calmette-Guérin (BCG)-unresponsive non-muscle invasive bladder cancer (NMIBC) with carcinoma in situ (CIS),FDA Approval Summary: Nadofaragene firadenovec-vncg for BCG-unresponsive NMIBC (PMC11961324),https://pmc.ncbi.nlm.nih.gov/articles/PMC11961324/,verified-from-source,"FDA approval 16 Dec 2022. Label scope row, no number. The FDA approval summary gives no national incidence figures.",eligible_E4.csv,adstiladrin,US,,,,unspecified,,,False,A,
Adstiladrin (nadofaragene firadenovec-vncg),NMIBC_BCGunresp_CIS,"all bladder cancer (base population, not label-restricted)",US,incidence_rate,,82000,,new bladder cancer diagnoses per year,2023,2023,"The National Cancer Institute estimates that more than 82,000 patients will be diagnosed with bladder cancer in 2023, of which an estimated 70% will be diagnosed with non-muscle-invasive bladder cancer (NMIBC), and approximately 10% of that patient population will have carcinoma in situ (CIS). Additionally, more than 50% of patients who receive initial treatment with BCG will experience disease recurrence and progression within one year, with many developing BCG-unresponsive disease.","Ferring Pharmaceuticals USA press release, NCCN guideline update for ADSTILADRIN in BCG-unresponsive NMIBC (search snippet; page returned HTTP 403)",https://ferringusa.com/?press=ferring-announces-update-to-nccn-guidelines-expanding-category-2a-recommendation-for-nadofaragene-firadenovec-vncg-adstiladrin-in-patients-with-bcg-unresponsive-nmibc,provisional-from-snippet,"Population base = all US bladder cancer; NCI 2023 estimate as quoted by Ferring. Exact release date not captured (BusinessWire id 20230912802578 suggests 12 Sep 2023). Company statement of the framing, not an eligible count.",eligible_E4.csv,adstiladrin,US,,82000.0,,annual,82000.0,82000.0,False,B,
Adstiladrin (nadofaragene firadenovec-vncg),NMIBC_BCGunresp_CIS,NMIBC with CIS at diagnosis (upper bound for label-eligible pool; BCG-unresponsive subset not applied),US,annual_incident_eligible,,5740,,patients per year,2023,2026-09-04,"(derived) 82,000 x 0.70 x 0.10 = 5,740",Derived from Ferring/NCI framing (row above),https://ferringusa.com/?press=ferring-announces-update-to-nccn-guidelines-expanding-category-2a-recommendation-for-nadofaragene-firadenovec-vncg-adstiladrin-in-patients-with-bcg-unresponsive-nmibc,derived,"Arithmetic: 82,000 bladder cancer diagnoses x 70% NMIBC x 10% with CIS = 5,740 NMIBC-with-CIS diagnoses per year. Overstates the label pool because only BCG-treated patients who become BCG-unresponsive qualify; understates slightly because CIS can emerge at recurrence. Treat as ceiling.",eligible_E4.csv,adstiladrin,US,,5740.0,,annual,5740.0,5740.0,True,A,
Adstiladrin (nadofaragene firadenovec-vncg),NMIBC_BCGunresp_CIS,BCG-unresponsive NMIBC with CIS (crude bracket),US,annual_incident_eligible,2870,,5740,patients per year,2023,2026-09-04,"(derived) low = 5,740 x 0.50 = 2,870; high = 5,740",Derived from Ferring/NCI framing and Ferring statement that more than 50% recur within one year after BCG,https://ferringusa.com/?press=ferring-announces-update-to-nccn-guidelines-expanding-category-2a-recommendation-for-nadofaragene-firadenovec-vncg-adstiladrin-in-patients-with-bcg-unresponsive-nmibc,derived,Weak bracket. Recurrence after BCG is not the same as BCG-unresponsive per FDA definition; the true label-eligible incident pool is probably below the low end. No published US eligible count found (Europe PMC query for BCG-unresponsive CIS per-year estimates returned no quantified abstract). Report as range only.,eligible_E4.csv,adstiladrin,US,2870.0,,5740.0,annual,2870.0,5740.0,True,A,
Adstiladrin (nadofaragene firadenovec-vncg),NMIBC_BCGunresp_CIS,BCG response and recurrence rates (rate inputs),US,incidence_rate,,70,,percent initial complete response to BCG; 5-year recurrence approx 40 percent,2025,2025,"BCG results in initial complete response (CR) in approximately 70% of patients, but 5-year rates of tumor recurrence are approximately 40%",FDA Approval Summary: Nadofaragene firadenovec-vncg (PMC11961324),https://pmc.ncbi.nlm.nih.gov/articles/PMC11961324/,verified-from-source,Rate inputs only; population base = BCG-treated high-risk NMIBC. Use with the NMIBC-with-CIS count above.,eligible_E4.csv,adstiladrin,US,,70.0,,unspecified,70.0,70.0,False,A,
Adstiladrin (nadofaragene firadenovec-vncg),NMIBC_BCGunresp_CIS,adult patients with high-risk BCG-unresponsive NMIBC with carcinoma in situ (CIS) with or without papillary tumors,England,gatekeeper_eligible,,,,,,2026-09-04,,None retrieved,,not-found,"No NICE, G-BA or HAS figure retrieved for nadofaragene firadenovec (ferring.com global press release timed out twice; web search budget exhausted before a NICE appraisal for nadofaragene or pembrolizumab in BCG-unresponsive NMIBC could be checked).",eligible_E4.csv,adstiladrin,England,,,,unspecified,,,False,X,
"Papzimeos (zopapogene imadenovec-drba, PRGN-2012)",RRP_adult,adults with recurrent respiratory papillomatosis (RRP),US,label_indication,,,,,2025,2026-03-25,"FDA granted full approval to our product, Papzimeos (zopapogene imadenovec-drba, PRGN-2012), for the treatment of adults with recurrent respiratory papillomatosis (RRP).","Precigen, Inc. Form 10-K for fiscal year 2025 (filed 25 Mar 2026)",https://www.sec.gov/Archives/edgar/data/1356090/000135609026000009/pgen-20251231.htm,verified-from-source,FDA approval August 2025. No severity restriction in the label. Pivotal trial baseline: median 4 surgeries in prior 12 months (range 3 to 10).,eligible_E4.csv,papzimeos,US,,,,unspecified,,,False,A,
"Papzimeos (zopapogene imadenovec-drba, PRGN-2012)",RRP_adult,adults with recurrent respiratory papillomatosis (RRP),US,company_addressable,,27000,,prevalent adults with RRP,2025,2025-02-25,"estimated at more than 27,000 adults in the US","Precigen press release, FDA Grants Priority Review to Precigen's BLA for PRGN-2012 (25 Feb 2025)",https://www.prnewswire.com/news-releases/fda-grants-priority-review-to-precigens-bla-for-prgn-2012-for-the-treatment-of-adults-with-recurrent-respiratory-papillomatosis-with-pdufa-target-action-date-set-for-august-27-2025-302384347.html,verified-from-source,"Prevalent pool (chronic condition); 'more than' so 27,000 is a floor. Same figure appears on investors.precigen.com version of the release (fetch timed out).",eligible_E4.csv,papzimeos,US,,27000.0,,prevalent,27000.0,27000.0,True,A,
"Papzimeos (zopapogene imadenovec-drba, PRGN-2012)",RRP_adult,adults with recurrent respiratory papillomatosis (RRP),US,company_addressable,,27000,,prevalent adults with RRP,2025,2026-03-25,"We estimate that there are approximately 27,000 adults patients in the United States living with RRP.","Precigen, Inc. Form 10-K for fiscal year 2025 (filed 25 Mar 2026)",https://www.sec.gov/Archives/edgar/data/1356090/000135609026000009/pgen-20251231.htm,verified-from-source,"Prevalent pool, whole label population. 10-K gives no severe-disease subset and no count of patients treated since launch ('early demand is consistent with internal expectations').",eligible_E4.csv,papzimeos,US,,27000.0,,prevalent,27000.0,27000.0,True,A,
"Papzimeos (zopapogene imadenovec-drba, PRGN-2012)",RRP_adult,severe RRP subset (frequent surgeries),US,company_addressable,,,,,2025,2026-09-04,None retrieved,,,not-found,Precigen's stated severe subset was not found in the priority-review release or the FY2025 10-K; search budget exhausted before the approval-day release or investor deck could be checked.,eligible_E4.csv,papzimeos,US,,,,unspecified,,,False,X,
Provenge (sipuleucel-T),mCRPC_asymp,asymptomatic or minimally symptomatic metastatic castrate-resistant (hormone-refractory) prostate cancer,England,gatekeeper_eligible,,4600,,patients eligible per licence,2014,2014-10-16,"Around 4,600 patients in England would be eligible for treatment as per its licence.","PharmaTimes, Dendreon's Provenge too expensive for NHS use, says NICE (16 Oct 2014), reporting the NICE appraisal consultation for TA332","https://pharmatimes.com/news/dendreons_provenge_too_expensive_for_nhs_use,_says_nice_1002635/",provisional-from-snippet,"Secondary source read in full; NICE TA332 documents not retrievable (nice.org.uk HTTP 403, web.archive.org blocked). Final guidance TA332 (Feb 2015) did not recommend sipuleucel-T. Figure appears to be a prevalent licence-eligible pool rather than annual incident.",eligible_E4.csv,provenge,England,,4600.0,,annual,4600.0,4600.0,True,B,
Provenge (sipuleucel-T),mCRPC_asymp,asymptomatic or minimally symptomatic metastatic (non-visceral) castration-resistant prostate cancer in which chemotherapy is not yet clinically indicated,Germany,gatekeeper_eligible,13510,,25938,GKV-insured patients in the target population,2014,2015-03-19,Der G-BA legt dem Beschluss die vom IQWiG in der Nutzenbewertung angegebenen Spanne von 13510 bis 25938 GKV-Versicherte in der Zielpopulation zugrunde.,"G-BA, Tragende Gruende zum Beschluss ueber eine Aenderung der Arzneimittel-Richtlinie Anlage XII: Sipuleucel-T, vom 19. Maerz 2015",https://www.g-ba.de/downloads/40-268-3155/2015-03-19_AM-RL-XII_Sipuleucel-T_2014-10-01-D-139_TrG.pdf,verified-from-source,Prevalent GKV pool (about 88-90% of German population). Estimate year taken as dossier year 2014. Text extracted locally with pypdf from the G-BA PDF.,eligible_E4.csv,provenge,Germany,13510.0,,25938.0,annual,13510.0,25938.0,True,A,
Provenge (sipuleucel-T),mCRPC_asymp,asymptomatic or minimally symptomatic metastatic castrate-resistant (hormone-refractory) prostate cancer,Germany,company_addressable,15000,,28800,GKV-insured patients in the target population,2014,2015-03-19,"Bei der vom pharmazeutischen Unternehmer im Dossier angegebene Spanne an Patientenzahlen (15000 bis 28800) ist von einer Ueberschaetzung der Zielpopulation auszugehen, da fuer die Berechnung der Praevalenz auch die Patienten mit viszeraler Metastasierung beruecksichtigt worden sind.","G-BA, Tragende Gruende, Sipuleucel-T, 19 Maerz 2015",https://www.g-ba.de/downloads/40-268-3155/2015-03-19_AM-RL-XII_Sipuleucel-T_2014-10-01-D-139_TrG.pdf,verified-from-source,Dendreon dossier range; G-BA states it overestimates because visceral metastases were included. Use the IQWiG range as the gatekeeper figure.,eligible_E4.csv,provenge,Germany,15000.0,,28800.0,annual,15000.0,28800.0,True,A,
Provenge (sipuleucel-T),mCRPC_asymp,all metastatic castration-resistant prostate cancer (base; asymptomatic/minimally symptomatic non-visceral subset not quantified),US,incidence_rate,,36100,,men newly entering mCRPC state per year,2009,2015,"The base model estimated an mCRPC incidence of 36,100 in 2009.","Scher HI, Solo K, Valant J, Todd MB, Mehra M. Prevalence of Prostate Cancer Clinical States and Mortality in the United States: Estimates Using a Dynamic Progression Model. PLoS One 2015;10(10):e0139440",https://journals.plos.org/plosone/article?id=10.1371/journal.pone.0139440,verified-from-source,"Population base = all US men progressing to mCRPC (dynamic progression model). Provenge label excludes visceral metastases and symptomatic disease, so the eligible share is a fraction of this; no published share found. 86% of inflow to mCRPC came from nmCRPC.",eligible_E4.csv,provenge,US,,36100.0,,annual,36100.0,36100.0,False,A,
Provenge (sipuleucel-T),mCRPC_asymp,all metastatic castration-resistant prostate cancer (base),US,incidence_rate,,42970,,men newly entering mCRPC state per year (model projection),2020,2015,"In 2020, the model estimated mCRPC incidence at 42,970 cases.","Scher HI et al., PLoS One 2015;10(10):e0139440",https://journals.plos.org/plosone/article?id=10.1371/journal.pone.0139440,verified-from-source,Projection made in 2015 for 2020. Same caveat: label-eligible subset is smaller.,eligible_E4.csv,provenge,US,,42970.0,,annual,42970.0,42970.0,False,A,
Provenge (sipuleucel-T),mCRPC_asymp,"all prostate cancer (base, not label-restricted)",US,incidence_rate,,217730,,new prostate cancer cases per year,2010,2011-03,"The American Cancer Society estimated that in 2010 approximately 217,730 new cases of prostate cancer would be diagnosed in the United States, and approximately 32,050 men were expected to die of prostate cancer.",Dendreon Corp. Form 10-K for fiscal year 2010,https://www.sec.gov/Archives/edgar/data/0001107332/000095012311020518/v57497e10vk.htm,verified-from-source,"Dendreon's 10-K gives incidence and mortality only; it does not state an addressable or eligible mCRPC count. Deaths (32,050) are sometimes used as a proxy for annual mCRPC flow.",eligible_E4.csv,provenge,US,,217730.0,,annual,217730.0,217730.0,False,A,
Provenge (sipuleucel-T),mCRPC_asymp,"all prostate cancer (base, not label-restricted)",US,incidence_rate,,240890,,new prostate cancer cases per year,2011,2012-02,"approximately 240,890 new cases of prostate cancer would be diagnosed in the United States, and approximately 33,720 men would die of prostate cancer",Dendreon Corp. Form 10-K for fiscal year 2011,https://www.sec.gov/Archives/edgar/data/0001107332/000119312512086225/d260773d10k.htm,verified-from-source,As above: no addressable mCRPC population stated in the FY2011 10-K.,eligible_E4.csv,provenge,US,,240890.0,,annual,240890.0,240890.0,False,A,
Provenge (sipuleucel-T),mCRPC_asymp,asymptomatic or minimally symptomatic metastatic castrate-resistant (hormone-refractory) prostate cancer,France,gatekeeper_eligible,,,,,2014,2026-09-04,None retrieved,,,not-found,HAS avis for Provenge (EU approval Sep 2013; product withdrawn from EU 2015) not located before the search budget was exhausted.,eligible_E4.csv,provenge,France,,,,unspecified,,,False,X,
Ebvallo (tabelecleucel),PTLD_rr,adult and paediatric patients 2 years and older with relapsed or refractory EBV-positive PTLD who have received at least one prior therapy (for SOT patients prior therapy includes chemotherapy unless inappropriate),US,gatekeeper_eligible,,471,,patients initiating treatment per year (ICER budget-impact assumption),2024,2024-12-16,"Applying these sources resulted in estimates of 2,355 eligible patients in the US over five years. For the purposes of this analysis, we assumed that 20% of these patients would initiate treatment in each of the five years or 471 patients per year.","ICER, Tabelecleucel for Epstein-Barr Virus Positive Post-Transplant Lymphoproliferative Disease: Final Evidence Report, 16 Dec 2024, section 7.1",https://icer.org/wp-content/uploads/2024/12/ICER_EBV-PTLD_Final-Evidence-Report_For-Publication_121624.pdf,verified-from-source,"2,355 over five years = 471 per year. Inputs: 49,187 SOT and 9,299 allogeneic HSCT per year in the US; EBV+ PTLD incidence 2.13% (SOT, OPTN/SRTR weighted) and 2.25% (HSCT, midpoint of 1-3.5%); 50% relapsed/refractory to first-line rituximab. Text extracted locally with pypdf.",eligible_E4.csv,ebvallo,US,,471.0,,annual,471.0,471.0,True,A,
Ebvallo (tabelecleucel),PTLD_rr,EBV+ PTLD incidence inputs after SOT and allogeneic HSCT,US,incidence_rate,,2.13,,percent of SOT recipients developing EBV+ PTLD (HSCT 2.25 percent),2024,2024-12-16,"we used inputs for the incidence of EBV+ PTLD among both SOT (2.13%; ... with a range of 0.83% for adult kidney to 22.5% for multi-organ transplants for children) and allogeneic HSCT recipients (2.25%; midpoint of range reported in Compagno 2020, 1% to 3.5%). We applied these incidence estimates to the number of SOTs and HSCTs that occur each year in the US, approximately 49,187 and 9,299, respectively","ICER Final Evidence Report, tabelecleucel, 16 Dec 2024",https://icer.org/wp-content/uploads/2024/12/ICER_EBV-PTLD_Final-Evidence-Report_For-Publication_121624.pdf,verified-from-source,"Population base: 49,187 SOT and 9,299 allogeneic HSCT per year (US). Implied all-EBV+ PTLD flow about 1,048 + 209 = 1,257 per year before the 50% r/r filter; ICER background also says PTLD has 'only an estimated few hundred cases per year reported in the United States'.",eligible_E4.csv,ebvallo,US,,2.13,,annual,2.13,2.13,False,A,
Ebvallo (tabelecleucel),PTLD_rr,adult and paediatric patients 2 years and older with relapsed or refractory EBV-positive PTLD who have received at least one prior therapy (for SOT patients prior therapy includes chemotherapy unless inappropriate),Germany,gatekeeper_eligible,7,,30,GKV-insured patients per year,2021,2023-07-11,Unter Beruecksichtigung eines erwarteten GKV-Anteils unter den Betroffenen von 88 % ermittelt der pU eine Anzahl von 7 bis 30 Patientinnen und Patienten in der GKV-Zielpopulation. [...] Die angegebene Anzahl der Patientinnen und Patienten in der GKV-Zielpopulation ist unsicher.,"IQWiG Dossierbewertung G23-08, Tabelecleucel (EBV-positives Posttransplantationslymphom), Bewertung Therapiekosten und Patientenzahlen, Version 1.0, 11 Jul 2023, Tabelle 1",https://www.g-ba.de/downloads/92-975-6588/2023-04-15_Bewertung-Therapiekosten-Patientenzahlen-IQWiG_Tabelecleucel_D-939.pdf,verified-from-source,"Company (Pierre Fabre) derivation accepted as range 8-35 before GKV share, 7-30 GKV; IQWiG judges it uncertain. G-BA Beschluss itself not retrieved (procedure-page fetch returned a different drug). Annual incident count based on 2021 transplant activity.",eligible_E4.csv,ebvallo,Germany,7.0,,30.0,annual,7.0,30.0,True,A,
Ebvallo (tabelecleucel),PTLD_rr,transplant base for PTLD derivation (Germany 2021),Germany,incidence_rate,,3379,,"allogeneic stem cell transplants per year (first and subsequent); SOT 3,508 of which 279 in under-16s",2021,2023-07-11,Dem Jahresbericht laesst sich eine Anzahl von 3379 erfolgten allogenen Erst- und Folgetransplantationen entnehmen. [...] eine Anzahl von 3508 erfolgten soliden Organtransplantationen [...] insgesamt 279 Transplantationen bei Kindern und Jugendlichen im Alter von < 16 Jahren,"IQWiG Dossierbewertung G23-08, Tabelecleucel, 11 Jul 2023 (citing DRST and DSO annual reports 2021)",https://www.g-ba.de/downloads/92-975-6588/2023-04-15_Bewertung-Therapiekosten-Patientenzahlen-IQWiG_Tabelecleucel_D-939.pdf,verified-from-source,"Base counts used in the German derivation; useful denominators for Zalmoxis/Tregzi-type products too. EBV-positive shares assumed 37-100% (SOT) and 27-100% (HSCT); r/r share 12-27% (SOT), 30-49% (HSCT).",eligible_E4.csv,ebvallo,Germany,,3379.0,,annual,3379.0,3379.0,False,A,
Ebvallo (tabelecleucel),PTLD_rr,adult and paediatric patients 2 years and older with relapsed or refractory EBV-positive PTLD who have received at least one prior therapy (for SOT patients prior therapy includes chemotherapy unless inappropriate),England,gatekeeper_eligible,,,,,2023,2023-10,NICE is unable to make a recommendation on tabelecleucel (Ebvallo) for treating post-transplant lymphoproliferative disorder caused by the Epstein-Barr virus because Pierre Fabre Ltd did not provide an evidence submission.,"NICE TA923, Tabelecleucel for treating PTLD caused by EBV (terminated appraisal), Oct 2023",https://www.nice.org.uk/guidance/ta923,not-found,Appraisal terminated; no eligible-population figure published. Snippet from search result (nice.org.uk returns 403).,eligible_E4.csv,ebvallo,England,,,,unspecified,,,False,X,
Ebvallo (tabelecleucel),PTLD_rr,adult and paediatric patients 2 years and older with relapsed or refractory EBV-positive PTLD who have received at least one prior therapy (for SOT patients prior therapy includes chemotherapy unless inappropriate),France,gatekeeper_eligible,,,,,2023,2026-09-04,None retrieved,"HAS, EBVALLO (tabelecleucel) avis de la Commission de la Transparence (page p_3447513)",https://www.has-sante.fr/jcms/p_3447513/fr/ebvallo-tabelecleucel,not-found,HAS page and avis PDF fetch aborted three times (has-sante.fr streams abort). Population cible figure exists in the avis but was not read.,eligible_E4.csv,ebvallo,France,,,,unspecified,,,False,X,
"Zalmoxis (allogeneic T cells genetically modified with HSV-TK, MolMed)",haploHSCT,adjunctive treatment in haploidentical haematopoietic stem cell transplantation of adult patients with high-risk haematological malignancies,Germany,gatekeeper_eligible,100,,140,GKV-insured patients per year,2018,2018-07-05,2. Anzahl der Patienten bzw. Abgrenzung der fuer die Behandlung infrage kommenden Patientengruppen [...] ca. 100 bis 140 Patienten,"G-BA Beschluss ueber eine Aenderung der Arzneimittel-Richtlinie Anlage XII: Allogene, genetisch modifizierte T-Zellen (Zalmoxis), vom 5. Juli 2018 (BAnz AT 27.08.2018 B2)",https://www.g-ba.de/downloads/39-261-3396/2018-07-05_AM-RL-XII_allogene_genetisch_modifizierte_T-Zellen_D-333_BAnz.pdf,verified-from-source,"Tragende Gruende: 'Dem Beschluss werden die Angaben aus dem Dossier des pharmazeutischen Unternehmers zugrunde gelegt. Diese sind mit Unsicherheit versehen, liegen aber in einer weitgehend plausiblen Groessenordnung.' Beschluss limited to 1 Apr 2021; EU conditional MA later withdrawn (2019) after TK008 futility. Text extracted locally with pypdf.",eligible_E4.csv,zalmoxis,Germany,100.0,,140.0,annual,100.0,140.0,True,A,
"Zalmoxis (allogeneic T cells genetically modified with HSV-TK, MolMed)",haploHSCT,adjunctive treatment in haploidentical haematopoietic stem cell transplantation of adult patients with high-risk haematological malignancies,EU,label_indication,,,,,2016,2018-07-05,Zalmoxis wird angewendet als Begleittherapie bei haploidentischer haematopoetischer Stammzelltransplantation (HSZT) von erwachsenen Patienten mit malignen haematologischen Hochrisikoerkrankungen.,"G-BA Tragende Gruende, Allogene genetisch modifizierte T-Zellen (Zalmoxis), 5 Jul 2018, section on Anwendungsgebiet",https://www.g-ba.de/downloads/40-268-5102/2018-07-05_AM-RL-XII_allogene_genetisch_modifizierte_T-Zellen_D-333_TrG.pdf,verified-from-source,EU conditional approval Aug 2016; MolMed withdrew the MA in 2019. Label scope row.,eligible_E4.csv,zalmoxis,EU,,,,unspecified,,,False,A,
"Zalmoxis (allogeneic T cells genetically modified with HSV-TK, MolMed)",alloHSCT,all allogeneic HCT in Europe (base; haploidentical share not in abstract),EU,incidence_rate,,19011,,allogeneic HCT per year reported to EBMT (689 centres),2022,2024,"46,143 HCT (19,011 (41.2%) allogeneic and 27,132 (58.8%) autologous) in 41,854 patients were reported by 689 European centers [...] haploidentical donors by -6.3% [...] Overall cord blood HCT decreased by -16.0%","Passweg JR et al., Hematopoietic cell transplantation and cellular therapies in Europe 2022. CAR-T activity continues to grow; transplant activity has slowed. Bone Marrow Transplant 2024 (abstract via Europe PMC REST API)",https://doi.org/10.1038/s41409-024-02248-9,verified-from-source,"EBMT geography = Europe and collaborating countries, not EU27. Haploidentical and cord-blood counts are given as year-on-year percentage changes only in the abstract; full text not fetched (nature.com redirects to login).",eligible_E4.csv,zalmoxis,EU,,19011.0,,annual,19011.0,19011.0,False,A,
"Zalmoxis (allogeneic T cells genetically modified with HSV-TK, MolMed)",alloHSCT,all allogeneic HCT in Europe (base),EU,incidence_rate,,19806,,allogeneic HCT per year reported to EBMT (694 centres),2021,2023,"47,412 HCT (19,806 (42%) allogeneic and 27,606 (58%) autologous) in 43,109 patients were reported by 694 European centers [...] use of haploidentical donors decreased by -0.9% [...] Cord blood HCT decreased by -5.8%","Passweg JR et al., Hematopoietic cell transplantation and cellular therapies in Europe 2021. The second year of the SARS-CoV-2 pandemic. Bone Marrow Transplant 2023 (PMC9987384)",https://doi.org/10.1038/s41409-023-01943-3,verified-from-source,Abstract via Europe PMC REST API.,eligible_E4.csv,zalmoxis,EU,,19806.0,,annual,19806.0,19806.0,False,A,
"Zalmoxis (allogeneic T cells genetically modified with HSV-TK, MolMed)",alloHSCT,all allogeneic HCT in Europe (base),EU,incidence_rate,,18796,,allogeneic HCT per year reported to EBMT,2020,2022,"45,364 HCT in 41,016 patients, 18,796 (41%) allogeneic and 26,568 (59%) autologous [...] use of haploidentical donors increased [...] Cord blood HCT increased by 11.7%","Passweg JR et al., Impact of the SARS-CoV-2 pandemic on hematopoietic cell transplantation and cellular therapies in Europe 2020. Bone Marrow Transplant 2022 (PMC8862400)",https://doi.org/10.1038/s41409-022-01604-x,verified-from-source,Abstract via Europe PMC REST API.,eligible_E4.csv,zalmoxis,EU,,18796.0,,annual,18796.0,18796.0,False,A,
Omisirge (omidubicel-onlv),cordblood_HSCT,adult and paediatric patients 12 years and older with haematologic malignancies planned for umbilical cord blood transplantation following myeloablative conditioning,US,label_indication,,,,,2023,2023-04-17,adult and pediatric patients 12 years and older with hematologic malignancies who are planned for umbilical cord blood transplantation following myeloablative conditioning,"FDA, FDA approves omidubicel to reduce time to neutrophil recovery and infection in patients with hematologic malignancies (17 Apr 2023) (search snippet)",https://www.fda.gov/drugs/resources-information-approved-drugs/fda-approves-omidubicel-reduce-time-neutrophil-recovery-and-infection-patients-hematologic,provisional-from-snippet,Label scope row. Gamida Cell ceased operations in 2024; product availability after that is unclear.,eligible_E4.csv,omisirge,US,,,,unspecified,,,False,B,
Omisirge (omidubicel-onlv),alloHSCT,"allogeneic stem cell transplants for haematologic malignancies, age over 12 (base for cord blood)",US,company_addressable,,8000,,allogeneic SCT per year (CIBMTR-based),2021,2022-03,"According to the CIBMTR, in the U.S., there are approximately 8,000 patients above the age of 12 with hematologic malignancies who undergo an allogeneic stem cell transplant each year",Gamida Cell Ltd. Form 10-K for fiscal year 2021 (filed March 2022),https://www.sec.gov/Archives/edgar/data/0001600847/000121390022014643/f10k2021_gamidacellltd.htm,verified-from-source,"Company framing of the market; the label-eligible pool is the cord-blood subset of this, which the 10-K does not quantify. Filing day not captured (accession 0001213900-22-014643).",eligible_E4.csv,omisirge,US,,8000.0,,annual,8000.0,8000.0,False,A,all allogeneic transplants per year; the label population is the cord-blood subset recorded in the 1000 row
Omisirge (omidubicel-onlv),cordblood_HSCT,patients over 12 eligible for allogeneic SCT but without a suitable donor (company view of omidubicel candidates),US,company_addressable,,1000,,patients per year,2021,2022-03,"We estimate that there are approximately 1,000 patients each year, who are above the age of 12 and are deemed eligible for an allogeneic stem cell transplant but cannot find an appropriate donor.",Gamida Cell Ltd. Form 10-K for fiscal year 2021,https://www.sec.gov/Archives/edgar/data/0001600847/000121390022014643/f10k2021_gamidacellltd.htm,verified-from-source,"Company estimate of the unmet-donor pool; not identical to 'planned for cord blood transplant' but the closest company statement of the addressable population. Search snippet of the same 10-K family also cites 'another 1,700 patients ... eligible for transplant but unable to find a donor' (not verified).",eligible_E4.csv,omisirge,US,,1000.0,,annual,1000.0,1000.0,True,A,
Omisirge (omidubicel-onlv),alloHSCT,all allogeneic HSCT (base),US,incidence_rate,,8500,,allogeneic HSCT per year in the United States,2016,2022-03,"As of 2016, more than 500,000 allogeneic HSCT procedures have been performed worldwide over the past 50 years with over 30,000 being performed per year, of which 8,500 are in the United States.",Gamida Cell Ltd. Form 10-K for fiscal year 2021,https://www.sec.gov/Archives/edgar/data/0001600847/000121390022014643/f10k2021_gamidacellltd.htm,verified-from-source,"Base count; worldwide over 30,000 per year.",eligible_E4.csv,omisirge,US,,8500.0,,annual,8500.0,8500.0,False,A,
Omisirge (omidubicel-onlv),cordblood_HSCT,umbilical cord blood transplants per year (label-eligible base),US,annual_incident_eligible,,,,,2024,2026-09-04,None retrieved,CIBMTR US Summary Slides 2025 (PDF fetched but image-only; text extraction returned no numbers),https://cibmtr.org/Files/Summary-Slides--Reports/2025-Summary-Slides-Final-for-WEB.pdf,not-found,The CIBMTR slides carry allogeneic HCT by graft source (cord blood) and donor type but are rendered as images; need manual reading of the PPTX. US cord blood HCT is a few hundred per year in recent CIBMTR reports (not verified here).,eligible_E4.csv,omisirge,US,,,,annual,,,False,X,
"Tregzi (allogeneic regulatory T cell immunotherapy with HSPC and T cells-vldq, Orca-T)",alloHSCT,adults with haematological malignancies undergoing matched donor HSCT with a myeloablative preparative regimen,US,label_indication,,,,,2026,2026-06-30,"allogeneic regulatory T cell-based immunotherapy with hematopoietic stem and progenitor cell (HSPC) and T cells-vldq (Tregzi, Orca Bio) for use in matched donor hematopoietic stem cell transplantation (HSCT) with a myeloablative preparative regimen, for hematopoietic and immunologic reconstitution and to improve chronic graft-versus-host disease (cGHVD)-free survival, in the treatment of adults with hematological malignancies","FDA, FDA approves allogeneic regulatory T cell-based immunotherapy with HSPC and T cells-vldq ... (30 Jun 2026)",https://www.fda.gov/drugs/resources-information-approved-drugs/fda-approves-allogeneic-regulatory-t-cell-based-immunotherapy-hspc-and-t-cells-vldq-use-matched,verified-from-source,"Label scope: adults, matched donor (related or unrelated not distinguished on the FDA page), myeloablative conditioning, haematological malignancies. Precision-T trial: 187 randomised, acute leukaemias or MDS, median age 43.6 (19-65), 19 US centres. Excludes haploidentical, cord blood, mismatched and reduced-intensity transplants.",eligible_E4.csv,tregzi,US,,,,unspecified,,,False,A,
"Tregzi (allogeneic regulatory T cell immunotherapy with HSPC and T cells-vldq, Orca-T)",alloHSCT,all allogeneic HSCT (base; matched-donor and myeloablative shares not applied),US,incidence_rate,,9299,,allogeneic HSCT per year in the United States (ICER model input),2024,2024-12-16,"the number of SOTs and HSCTs that occur each year in the US, approximately 49,187 and 9,299, respectively","ICER Final Evidence Report, tabelecleucel for EBV+ PTLD, 16 Dec 2024 (input citing CIBMTR/HRSA data)",https://icer.org/wp-content/uploads/2024/12/ICER_EBV-PTLD_Final-Evidence-Report_For-Publication_121624.pdf,verified-from-source,"Base for Tregzi: label pool = adults x matched related/unrelated donor x myeloablative conditioning x haematological malignancy; none of these shares was retrieved (CIBMTR slides image-only). See also Gamida 10-K: about 8,000 allogeneic SCT per year in patients over 12 with haematologic malignancies.",eligible_E4.csv,tregzi,US,,9299.0,,annual,9299.0,9299.0,False,A,
"Tregzi (allogeneic regulatory T cell immunotherapy with HSPC and T cells-vldq, Orca-T)",alloHSCT,adults with haematological malignancies undergoing matched donor HSCT with a myeloablative preparative regimen,US,company_addressable,,,,,2026,2026-06-30,"None stated: press release gives trial size (187 patients, 19 U.S. treatment centers) but no eligible-population count","Orca Bio press release, TREGZI Receives U.S. FDA Approval ... (30 Jun 2026)",https://orcabio.com/orca-bios-tregzi-receives-u-s-fda-approval-as-first-and-only-precision-engineered-cell-therapy-for-allogeneic-transplant-in-adults-with-hematological-malignanciesorca-bio-adds-east/,not-found,"BusinessWire copy returned 403; orcabio.com copy read. No US or European gatekeeper figure exists yet (approved July 2026, US only).",eligible_E4.csv,tregzi,US,,,,unspecified,,,False,X,
Ryoncil (remestemcel-L-rknd),pedSRaGVHD,paediatric patients 2 months of age and older with steroid-refractory acute graft-versus-host disease,US,label_indication,,,,,2024,2024-12-18,the FDA approved Ryoncil for treating steroid-refractory acute GvHD in pediatric patients aged two months and older,"FDA, FDA approves remestemcel-L-rknd for steroid-refractory acute graft versus host disease in pediatric patients (18 Dec 2024) (search snippet)",https://www.fda.gov/drugs/resources-information-approved-drugs/fda-approves-remestemcel-l-rknd-steroid-refractory-acute-graft-versus-host-disease-pediatric,provisional-from-snippet,"Label scope row. Pivotal study: 54 paediatric participants, 70% day-28 response.",eligible_E4.csv,ryoncil,US,,,,unspecified,,,False,B,
Ryoncil (remestemcel-L-rknd),pedSRaGVHD,paediatric allogeneic HSCT (base),US,incidence_rate,,1771,,paediatric allogeneic HSCT procedures per year,2016,2023,"In 2016, 1,771 allo-HSCT procedures were performed in pediatric patients in the United States.",Search-result snippet; most likely from the ASH Blood 2023 abstract 'Efficacy of Treatment Options for Children with Steroid-Refractory Acute GvHD' (Blood 2023;142(Suppl 1):7013) or the PMC review of Ryoncil (PMC12543205); attribution not confirmed,https://ashpublications.org/blood/article/142/Supplement%201/7013/501154/Efficacy-of-Treatment-Options-for-Children-with,provisional-from-snippet,"Base count (CIBMTR-derived, 2016). Paediatric allo-HCT volume in the US has been roughly stable at 1,500-1,900 per year (not verified here).",eligible_E4.csv,ryoncil,US,,1771.0,,annual,1771.0,1771.0,False,B,
Ryoncil (remestemcel-L-rknd),pedSRaGVHD,acute GVHD and steroid-refractory shares (rate inputs),US,incidence_rate,,50,,percent of HSCT patients developing acute GVHD; about half of those steroid-refractory,2024,2024-12-19,"Acute GVHD occurs in approximately half of hematopoietic stem cell transplantation (HSCT) patients, and half of those cases do not respond to treatment with steroids.","pharmaphorum, Mesoblast finally pushes GvHD cell therapy over finish line (Dec 2024) (search snippet)",https://pharmaphorum.com/news/mesoblast-finally-pushes-gvhd-cell-therapy-over-finish-line,provisional-from-snippet,Generic rates quoted by trade press; published paediatric grade II-IV aGVHD and steroid-refractory rates are lower and variable.,eligible_E4.csv,ryoncil,US,,50.0,,unspecified,50.0,50.0,False,B,
Ryoncil (remestemcel-L-rknd),pedSRaGVHD,paediatric patients 2 months of age and older with steroid-refractory acute graft-versus-host disease,US,annual_incident_eligible,,443,,paediatric SR-aGVHD cases per year,2016,2026-09-04,"(derived) 1,771 x 0.50 x 0.50 = 443",Derived from the two rows above,https://ashpublications.org/blood/article/142/Supplement%201/7013/501154/Efficacy-of-Treatment-Options-for-Children-with,derived,"Arithmetic: 1,771 paediatric allo-HSCT (2016) x 50% aGVHD x 50% steroid-refractory = 443. Both rate inputs are from a press snippet and likely overstate; a low end of roughly 200-300 would follow from grade II-IV aGVHD 30-40% and SR 35-50% but those inputs were not sourced here, so only the point is recorded. Mesoblast's own US paediatric SR-aGVHD count not retrieved (mesoblast.com and investor PDF returned 403; 20-F URL from EDGAR JSON returned 404).",eligible_E4.csv,ryoncil,US,,443.0,,annual,443.0,443.0,True,A,
Lantidra (donislecel-jujn),T1D_hypo,"adults with type 1 diabetes unable to approach target HbA1c because of current repeated episodes of severe hypoglycaemia despite intensive diabetes management and education, used with concomitant immunosuppression",US,label_indication,,,,,2023,2023-06-28,an allogeneic pancreatic islet cellular therapy indicated for the treatment of adults with Type 1 diabetes (T1D) who are unable to approach target HbA1c because of current repeated episodes of severe hypoglycemia despite intensive diabetes management and education and for use in conjunction with concomitant immunosuppression,"FDA CBER, Summary Basis for Regulatory Action, LANTIDRA (donislecel), 28 Jun 2023",https://www.fda.gov/media/170457/download,verified-from-source,"FDA calls this 'a limited population of adults with T1D' but gives no count. Text extracted locally with pypdf. Two single-arm studies, 30 subjects with hypoglycaemic unawareness.",eligible_E4.csv,lantidra,US,,,,unspecified,,,False,A,
Lantidra (donislecel-jujn),T1D_hypo,"all type 1 diabetes (base, not label-restricted)",US,prevalence_rate,,2000000,,people with type 1 diabetes,2023,2023,T1D is a lifelong autoimmune disease with no known cure that affects an estimated 2 million people in the U.S.,"diaTribe, First FDA-Approved Islet Cell Transplant Performed (search snippet)",https://diatribe.org/diabetes-research/first-fda-approved-islet-cell-transplant-performed,provisional-from-snippet,"Population base only. Label-eligible share (recurrent severe hypoglycaemia with impaired awareness despite intensive therapy, willing to take lifelong immunosuppression) is a small fraction; no sourced share retrieved. CellTrans has stated no addressable count in documents read.",eligible_E4.csv,lantidra,US,,2000000.0,,prevalent,2000000.0,2000000.0,False,B,
Lantidra (donislecel-jujn),T1D_hypo,"adults with type 1 diabetes unable to approach target HbA1c because of current repeated episodes of severe hypoglycaemia despite intensive diabetes management and education, used with concomitant immunosuppression",US,annual_incident_eligible,,,,,2023,2026-09-04,None retrieved,Utah Medicaid DUR Lantidra criteria review (Jan 2024) would carry prevalence inputs but returned HTTP 403,https://medicaid-documents.dhhs.utah.gov/pharmacy/drugutilization/files/Criteria%20Review%20Documents/2024/2024.01%20Lantidra%20Report.pdf,not-found,No gatekeeper (US-only product) and no company figure found. Candidate epidemiology route: T1D prevalence x share with impaired awareness of hypoglycaemia x share with recurrent severe hypoglycaemia despite optimised therapy; inputs not sourced within budget.,eligible_E4.csv,lantidra,US,,,,annual,,,False,X,
Alofisel (darvadstrocel),CD_fistula,adults with non-active or mildly active luminal Crohn's disease and complex perianal fistulas with inadequate response to at least one conventional or biologic therapy,EU,label_indication,,,,,2018,2018-11-22,"Erwachsene Patienten mit nichtaktivem/gering aktivem luminalem Morbus Crohn mit komplexen perianalen Fisteln, die unzureichend auf mindestens eine konventionelle oder biologische Therapie angesprochen haben","G-BA Beschluss, Arzneimittel-Richtlinie Anlage XII: Darvadstrocel, 22 Nov 2018 (BAnz AT 14.12.2018 B3)",https://www.g-ba.de/downloads/39-261-3571/2018-11-22_AM-RL-XII_Darvadstrocel_D-366_BAnz.pdf,verified-from-source,EU approval Mar 2018; Takeda withdrew the EU marketing authorisation in 2024 after ADMIRE-CD II failed. Never approved in the US.,eligible_E4.csv,alofisel,EU,,,,unspecified,,,False,A,
Alofisel (darvadstrocel),CD_fistula,adults with non-active or mildly active luminal Crohn's disease and complex perianal fistulas with inadequate response to at least one conventional or biologic therapy,Germany,gatekeeper_eligible,90,,230,GKV-insured patients per year,2018,2018-11-22,2. Anzahl der Patienten bzw. Abgrenzung der fuer die Behandlung infrage kommenden Patientengruppen [...] ca. 90 - 230 Patienten,"G-BA Beschluss, Darvadstrocel, 22 Nov 2018",https://www.g-ba.de/downloads/39-261-3571/2018-11-22_AM-RL-XII_Darvadstrocel_D-366_BAnz.pdf,verified-from-source,Text extracted locally with pypdf. Orphan-drug procedure; G-BA adopted the company's derivation.,eligible_E4.csv,alofisel,Germany,90.0,,230.0,annual,90.0,230.0,True,A,
Alofisel (darvadstrocel),CD_fistula,"adults with Crohn's disease and a diagnosis of anal, rectal or anorectal fistula (base, GKV)",Germany,prevalence_rate,,7103,,GKV-insured adults with Crohn's disease and fistula diagnosis,2015,2018-05-31,"According to the data from 2015, there were 7,103 GKV patients aged 18 years and older with Morbus Crohn who had a diagnosis of anal, rectal, or anorectal fistula.","Takeda GmbH, Dossier Modul 3A Darvadstrocel (Alofisel), 31 May 2018 (search-engine paraphrase of the German dossier text)",https://www.g-ba.de/downloads/92-975-2434/2018-05-31_Modul3A_Darvadstrocel.pdf,provisional-from-snippet,"Base population from claims data before restriction to complex, refractory fistulas and non-active luminal disease; the G-BA figure (90-230) is the restricted result.",eligible_E4.csv,alofisel,Germany,,7103.0,,annual,7103.0,7103.0,False,B,
Alofisel (darvadstrocel),CD_fistula,adults with non-active or mildly active luminal Crohn's disease and complex perianal fistulas with inadequate response to at least one conventional or biologic therapy,England,gatekeeper_eligible,,,,,2019,2019-01,"Darvadstrocel is not recommended, within its marketing authorisation, for previously treated complex perianal fistulas in adults with non-active or mildly active luminal Crohn's disease","NICE TA556, Darvadstrocel for treating complex perianal fistulas in Crohn's disease (Jan 2019) (search snippet)",https://www.nice.org.uk/guidance/ta556,not-found,"Eligible-population figure not retrieved: nice.org.uk pages and FAD return HTTP 403; web.archive.org not fetchable. Not recommended, so no resource-impact template was published.",eligible_E4.csv,alofisel,England,,,,unspecified,,,False,X,
Alofisel (darvadstrocel),CD_fistula,adults with non-active or mildly active luminal Crohn's disease and complex perianal fistulas with inadequate response to at least one conventional or biologic therapy,France,gatekeeper_eligible,,,,,2019,2019-02,None retrieved,"HAS, Commission de la Transparence, avis ALOFISEL (darvadstrocel), CT-17069, Feb 2019",https://has-sante.fr/upload/docs/application/pdf/2019-02/alofisel_pic_ins_avis3_ct17069.pdf,not-found,PDF fetch aborted three times (has-sante.fr streams abort). The avis contains a 'Population cible' section that should give a French annual count; recommend manual download.,eligible_E4.csv,alofisel,France,,,,annual,,,False,X,
Elevidys,DMD_4plus_all,"Duchenne muscular dystrophy, all patients 4 years and older (label June 2024 to November 2025, ambulatory and non-ambulatory); base prevalence, males aged 5-24",US,prevalence_rate,,1.02,,"DMD cases per 10,000 males aged 5-24 (point prevalence, 2010); DBMD combined 1.38",2010,2015-03-01,"In 2010, prevalence of DBMD was 1.38 per 10 000 male individuals, ages 5 to 24 years.","Romitti PA, Zhu Y, Puzhankara S, et al. Prevalence of Duchenne and Becker muscular dystrophies in the United States. Pediatrics 2015;135(3):513-521 (MD STARnet, 6 US sites)",https://pmc.ncbi.nlm.nih.gov/articles/PMC4477633/,verified-from-source,"Abstract read via Europe PMC; phenotype split read in the PMC full text: DMD 1.02 and BMD 0.36 per 10,000 males aged 5-24 in 2010; 543 of 765 definite/probable cases (71%) were DMD. Denominator 3,827,532 males aged 5-24 across the 6 sites. Only US population-based DMD prevalence available; CDC data pages (cdc.gov/muscular-dystrophy) blocked to fetch.",eligible_E5_label_expansions.csv,elevidys,US,,1.02,,prevalent,1.02,1.02,False,A,
Elevidys,DMD_4plus_all,"Duchenne muscular dystrophy, prevalent US males aged 5-24 (proxy for the 4-and-older label pool)",US,prevalent_eligible,4481,,6063,"prevalent pool (patients alive, males aged 5-24)",2024,2025-06-01,"In 2010, prevalence of DBMD was 1.38 per 10 000 male individuals, ages 5 to 24 years.",Derived from Romitti 2015 (MD STARnet) prevalence and US Census Bureau Vintage 2024 national population estimates by single year of age and sex (NC-EST2024-AGESEX-RES),https://www2.census.gov/programs-surveys/popest/datasets/2020-2024/national/asrh/nc-est2024-agesex-res.csv,derived,"Arithmetic: US males aged 5-24 on 1 July 2024 = 43,934,374 (Census file, SEX=1, ages 5-24 summed). Low = 1.02/10,000 x 43,934,374 = 4,481 (DMD phenotype only). High = 1.38/10,000 x 43,934,374 = 6,063 (DMD+BMD; Becker is not an Elevidys indication so this is an upper bound). Excludes 4-year-olds (about 1/20 of the 5-24 cohort, roughly +220) and adults 25+ (small, poorly counted). Prevalence is 2010 vintage; corticosteroid and ventilation use have lengthened survival since, so the true 4+ pool is probably somewhat larger.",eligible_E5_label_expansions.csv,elevidys,US,4481.0,,6063.0,prevalent,4481.0,6063.0,True,A,
Elevidys,DMD_4plus_all,"People living with Duchenne in the United States (advocacy estimate, all ages)",US,prevalent_eligible,,15000,,"prevalent pool (people living with Duchenne, all ages, approximate)",2026,2026-09-05,"According to Parent Project Muscular Dystrophy, around 15,000 young men and a small number of young women are currently living with Duchenne in the United States.","Parent Project Muscular Dystrophy, About Duchenne (web page, accessed 5 Sep 2026)",https://www.parentprojectmd.org/about-duchenne/,verified-from-source,"Same page: ""Duchenne muscular dystrophy affects approximately 1 in every 5,000 boys, with an estimated 20,000 children born with the condition worldwide each year."" The 15,000 figure is 2.5-3x the MD STARnet-based 5-24 pool (4,481-6,063); treat 15,000 as an all-ages upper bound and the MD STARnet figure as a lower bound.",eligible_E5_label_expansions.csv,elevidys,US,,15000.0,,prevalent,15000.0,15000.0,True,A,
Elevidys,DMD_4plus_all,"DMD birth incidence, US (MDA)",US,incidence_rate,"1 in 5,000",,"1 in 3,500",male births (rate),2026,2026-09-05,"DMD occurs in approximately 1 in 3,500 to 5,000 male births.","Muscular Dystrophy Association, Duchenne Muscular Dystrophy (DMD) disease page (accessed 5 Sep 2026)",https://www.mda.org/disease/duchenne-muscular-dystrophy,verified-from-source,"MDA page cites Romitti 2015 as its source. Applied to 1,846,708 US male births/age-0 males (Census Vintage 2024) this gives 369-528 DMD births per year, consistent with the existing E3a derived row (364-557).",eligible_E5_label_expansions.csv,elevidys,US,1.0,,1.0,annual,1.0,1.0,False,A,
Elevidys,DMD_4plus_all,"DMD point prevalence and birth prevalence, systematic review (USA point prevalence)",US,prevalence_rate,,1.9,,"DMD cases per 100,000 males (point prevalence, USA study in review); birth prevalence 15.9-19.5 per 100,000 live births",2015,2017-04-26,"Birth prevalence ranged from 15.9 to 19.5 per 100,000 live births. Point prevalence per 100,000 males was for France, USA, UK and Canada, 10.9, 1.9, 2.2 and 6.1 respectively. ... Loss of ambulation occurred at a median age of 12 and ventilation starts at about 20 years.","Ryder S, Leadley RM, Armstrong N, et al. The burden, epidemiology, costs and treatment for Duchenne muscular dystrophy: an evidence review. Orphanet J Rare Dis 2017;12:79",https://www.ebi.ac.uk/europepmc/webservices/rest/search?query=AUTH:Ryder%20AND%20TITLE:%22burden%2C%20epidemiology%2C%20costs%22%20Duchenne&format=json&resultType=core,verified-from-source,"Abstract read via Europe PMC REST (PMID 28446219, PMC5405509); the publisher page redirects to a Springer login. The 1.9 per 100,000 US figure is an all-male-ages point prevalence and is far below MD STARnet 5-24 (10.2 per 100,000); the review itself flags evidence gaps in prevalence. Median loss of ambulation at 12 years is the key input for the ambulatory/non-ambulatory split.",eligible_E5_label_expansions.csv,elevidys,US,,1.9,,annual,1.9,1.9,False,A,
Elevidys,DMD_4plus_amb,"Share of US males with Duchenne (under 35) who are ambulatory (Duchenne Registry, 2007-2016)",US,prevalence_rate,,59.3,,percent of registry participants (ambulatory share),2016,2019-05-02,"Among males with Duchenne, mean age (SD) was 11.3 (6.5) years, the majority (88.9%) were less than 20 years old and Caucasian (87.2%), and most individuals were ambulatory (59.3%), with 40.0% nonambulatory. The mean age (SD) of onset for full-time use of a scooter/wheelchair was 10.8 (2.5) years.","Cowen L, Mancini M, Martin A, Lucas A, Donovan JM. Variability and trends in corticosteroid use by male United States participants with Duchenne muscular dystrophy in the Duchenne Registry. BMC Neurology 2019;19:84",https://www.ebi.ac.uk/europepmc/webservices/rest/PMC6498563/fullTextXML,verified-from-source,"Table 1: ambulatory 892 (59.3%), nonambulatory 602 (40.0%), infant not yet walking 11 (0.7%) of 1,505 US males with Duchenne under 35 (self/parent-reported, PPMD registry). Registry skews young (mean age 11.3) so the ambulatory share of the true 4+ population is probably lower than 59%. Best US split found; no Sarepta statement of the ambulatory share was located.",eligible_E5_label_expansions.csv,elevidys,US,,59.3,,unspecified,59.3,59.3,False,A,
Elevidys,DMD_4plus_nonamb,"Share of US males with Duchenne (under 35) who are non-ambulatory (Duchenne Registry, 2007-2016)",US,prevalence_rate,,40.0,,percent of registry participants (non-ambulatory share),2016,2019-05-02,Nonambulatory Use a wheelchair/other mobility device and rarely/ never walk 602 (40.0),"Cowen L, Mancini M, Martin A, Lucas A, Donovan JM. Variability and trends in corticosteroid use by male United States participants with Duchenne muscular dystrophy in the Duchenne Registry. BMC Neurology 2019;19:84",https://www.ebi.ac.uk/europepmc/webservices/rest/PMC6498563/fullTextXML,verified-from-source,"Table 1 of the paper. Non-ambulatory patients were covered by the Elevidys label only from June 2024 to November 2025 (accelerated approval, removed from Indications after two ALF deaths; shipments to non-ambulatory patients suspended from June 2025).",eligible_E5_label_expansions.csv,elevidys,US,,40.0,,unspecified,40.0,40.0,False,A,
Elevidys,DMD_4plus_amb,"Ambulatory DMD patients aged 4 and older, US (label from June 2024 and again from November 2025)",US,prevalent_eligible,2657,,8895,prevalent pool (patients alive),2024,2026-09-05,"most individuals were ambulatory (59.3%), with 40.0% nonambulatory","Derived from Romitti 2015 x Census 2024 (this file), PPMD ~15,000 (this file) and the Duchenne Registry ambulatory share (Cowen 2019)",https://www.ebi.ac.uk/europepmc/webservices/rest/PMC6498563/fullTextXML,derived,"Arithmetic: 59.3% x 4,481 (MD STARnet DMD-only, males 5-24) = 2,657 (low); 59.3% x 6,063 (DBMD upper bound) = 3,595 (mid); 59.3% x 15,000 (PPMD all-ages) = 8,895 (high). Before anti-AAVrh74 antibody screening (titre >= 1:400 excluded) and prior-treatment attrition. The existing E3a provisional row (80% of the addressable ambulatory population untreated, Sarepta CEO) is consistent with a pool in the low thousands.",eligible_E5_label_expansions.csv,elevidys,US,2657.0,,8895.0,prevalent,2657.0,8895.0,True,A,
Elevidys,DMD_4plus_nonamb,"Non-ambulatory DMD patients aged 4 and older, US (label June 2024 to November 2025 only)",US,prevalent_eligible,1792,,6000,prevalent pool (patients alive),2024,2026-09-05,"most individuals were ambulatory (59.3%), with 40.0% nonambulatory","Derived from Romitti 2015 x Census 2024 (this file), PPMD ~15,000 (this file) and the Duchenne Registry non-ambulatory share (Cowen 2019)",https://www.ebi.ac.uk/europepmc/webservices/rest/PMC6498563/fullTextXML,derived,"Arithmetic: 40.0% x 4,481 = 1,792 (low); 40.0% x 6,063 = 2,425 (mid); 40.0% x 15,000 = 6,000 (high). DMD_4plus_all = amb + nonamb: 4,481-15,000. Registry under-represents adults, so the non-ambulatory share of the real population is likely above 40%.",eligible_E5_label_expansions.csv,elevidys,US,1792.0,,6000.0,prevalent,1792.0,6000.0,True,A,
Elevidys,DMD_4plus_all,Sarepta statement of the US addressable Elevidys population after the June 2024 label expansion,US,company_addressable,,,,patients (prevalent pool),2024,2026-03-02,ELEVIDYS received traditional approval by the FDA in June 2024 for the treatment of ambulatory patients at least four years old with Duchenne with a confirmed mutation in the Duchenne gene. ELEVIDYS was also approved for non-ambulatory patients under the accelerated approval pathway in June 2024.,"Sarepta Therapeutics Form 10-K for FY2025 (filed 2 Mar 2026); Sarepta 8-K Ex-99.1 earnings releases of 13 Jan 2025, 26 Feb 2025, 3 Nov 2025 and 25 Feb 2026 (all full-text grepped)",https://www.sec.gov/Archives/edgar/data/873303/000119312526084144/srpt-20251231.htm,not-found,"None of the Sarepta SEC filings state a US DMD patient count or an addressable-population figure for Elevidys (the 10-K gives prevalent populations only for FSHD ~13,000 and DM1 ~30,000). SEC full-text search for ""Duchenne"" + ""addressable"" in Sarepta 8-Ks 2024-2026 returned 0 hits. Sarepta IR site (investorrelations.sarepta.com), BioSpace and BusinessWire were unreachable from this environment (curl wrote nothing; WebFetch timed out/empty). A search summary attributed ""DMD population estimated at around 14,000, including ambulatory and non-ambulatory patients"" to BioSpace coverage of the June 2024 approval, but the page could not be opened, so it is not recorded as a value.",eligible_E5_label_expansions.csv,elevidys,US,,,,prevalent,,,False,X,
Elevidys,DMD_4plus_all,"Elevidys eligible counts in HTA documents, Germany / England / France",Germany; England; France,gatekeeper_eligible,,,,patients,,2026-09-05,,"G-BA site search, NICE guidance search and HAS (not reachable) - no delandistrogene moxeparvovec procedure located",https://www.g-ba.de/suche/?q=delandistrogene,not-found,"Roche holds ex-US rights; the EMA did not grant a marketing authorisation, so there is no G-BA Nutzenbewertung, NICE appraisal or HAS avis with an ""Anzahl der Patienten""/population cible figure. Existing E3a not-found rows for England, Germany and France remain valid.",eligible_E5_label_expansions.csv,elevidys,multi: England+Germany+France,,,,unspecified,,,False,X,
Breyanzi,FL_3L,Erwachsene mit rezidiviertem oder refraktärem follikulärem Lymphom nach mindestens zwei Linien einer systemischen Therapie,Germany,gatekeeper_eligible,370,,840,"patients per year (GKV-insured target population, statutory health insurance)",2025,2025-10-02,Erwachsene mit rezidiviertem oder refraktärem follikulärem Lymphom nach mindestens zwei Linien einer systemischen Therapie circa 370 bis 840 Patientinnen und Patienten,"G-BA Beschluss über eine Änderung der Arzneimittel-Richtlinie Anlage XII: Lisocabtagen maraleucel (neues Anwendungsgebiet: follikuläres Lymphom, nach >= 2 Vortherapien), D-1196, Beschluss vom 2. Oktober 2025 (BAnz version), section 2",https://www.g-ba.de/downloads/39-261-7459/2025-10-02_AM-RL-XII_Lisocabtagen-maraleucel_D-1196_BAnz.pdf,verified-from-source,Tragende Gründe (https://www.g-ba.de/downloads/40-268-11937/2025-10-02_AM-RL-XII_Lisocabtagen-maraleucel_D-1196_TrG.pdf) section 2.2: the G-BA took the patient numbers from its zanubrutinib decision of 6 June 2024 in the same indication because the Breyanzi dossier figures were judged to be underestimates. Same label population as the US FL_3L indication (May 2024). Compare the existing Kymriah FL_3L Germany row.,eligible_E5_label_expansions.csv,breyanzi,Germany,370.0,,840.0,annual,370.0,840.0,True,A,
Breyanzi,LBCL_2L,"DLBCL und HGBL nach einer Vortherapie, Rezidiv innerhalb von 12 Monaten oder refraktär (Zweitlinie); FL3B and PMBCL counted separately in notes",Germany,gatekeeper_eligible,1605,,2260,patients per year (GKV-insured target population; DLBCL and HGBL only),2023,2023-11-16,Gemäß den Ausführungen des IQWiG ergeben sich basierend auf den vom pharmazeutischen Unternehmer vorgenommenen Berechnungsschritten im Dossier folgende Fallzahlen für die einzelnen Lymphom-Entitäten: - DLBCL und HGBL: ca. 1 605 – 2 260 Patientinnen und Patienten - FL3B: ca. 31 – 44 Patientinnen und Patienten - PMBCL: ca. 34 bis 49 Patientinnen und Patienten,"G-BA Tragende Gründe zum Beschluss AM-RL Anlage XII: Lisocabtagen maraleucel (neues Anwendungsgebiet: DLBCL, HGBL, PMBCL und FL3B nach 1 Vortherapie, Rezidiv innerhalb von 12 Monaten oder refraktär), D-951, Beschluss vom 16. November 2023, section 2.2",https://www.g-ba.de/downloads/40-268-9955/2023-11-16_AM-RL-XII_Lisocabtagen-maraleucel_D-951_TrG.pdf,verified-from-source,"Split by transplant eligibility (50% assumption): HDT-eligible DLBCL/HGBCL/PMBCL/FL3B ca. 835-1,180; HDT-ineligible DLBCL/HGBCL/FL3B ca. 820-1,150; HDT-ineligible PMBCL ca. 20-25. Manufacturer assumed 30-40% relapse/refractory after first line; G-BA notes the cited source implies 30-40% relapse plus 10% refractory. Compare IQWiG A24-71 for Yescarta 2L Germany (908-1,394 GKV, HDT-eligible only) in E1a.",eligible_E5_label_expansions.csv,breyanzi,Germany,1605.0,,2260.0,annual,1605.0,2260.0,True,A,
Breyanzi,LBCL_2L,"All 2L LBCL entities combined (DLBCL, HGBL, FL3B, PMBCL), Germany",Germany,gatekeeper_eligible,1670,,2353,"patients per year (GKV-insured target population, all entities)",2023,2023-11-16,DLBCL und HGBL: ca. 1 605 – 2 260 ... FL3B: ca. 31 – 44 ... PMBCL: ca. 34 bis 49 Patientinnen und Patienten,"Derived from G-BA Tragende Gründe D-951 (16 Nov 2023), section 2.2",https://www.g-ba.de/downloads/40-268-9955/2023-11-16_AM-RL-XII_Lisocabtagen-maraleucel_D-951_TrG.pdf,derived,"Arithmetic: 1,605+31+34 = 1,670; 2,260+44+49 = 2,353. Cross-check: the G-BA split sums to 835+820+20 = 1,675 to 1,180+1,150+25 = 2,355 (rounding).",eligible_E5_label_expansions.csv,breyanzi,Germany,1670.0,,2353.0,annual,1670.0,2353.0,True,A,
Breyanzi,CLL_3L,"Relapsed or refractory CLL/SLL after at least two prior lines including a BTK inhibitor and a BCL-2 inhibitor (US accelerated approval, March 2024)",US,annual_incident_eligible,,,,patients per year,,2026-09-05,"The FDA granted accelerated approval of Breyanzi for the treatment of adult patients with relapsed or refractory chronic lymphocytic leukemia or small lymphocytic lymphoma who have received at least two prior lines of therapy, including a Bruton tyrosine kinase inhibitor and a B-cell lymphoma 2 inhibitor.",BMS 8-K Ex-99.1 Q1-2024 earnings release (25 Apr 2024); BMS ASCO 2024 Breyanzi release boilerplate (news.bms.com); BusinessWire approval release (403); Europe PMC search for US double-exposed CLL population estimates,https://www.sec.gov/Archives/edgar/data/14272/000001427224000094/q12024ex991-filing.htm,not-found,"No BMS statement of a US eligible count was found; BMS boilerplate gives no CLL incidence. ICER has not reviewed Breyanzi in CLL. No G-BA procedure exists for liso-cel in CLL (G-BA lists only LBCL 3L D-867, LBCL 2L D-951 and FL 3L D-1196), so no German count either. Europe PMC query for US real-world double-exposed/double-refractory CLL population estimates returned nothing usable. Existing E1a denominator: ~22,760 new CLL cases per year (ACS).",eligible_E5_label_expansions.csv,breyanzi,US,,,,annual,,,False,X,
Breyanzi,FL_3L,"Relapsed or refractory follicular lymphoma after two or more lines of systemic therapy (US accelerated approval, May 2024)",US,annual_incident_eligible,,,,patients per year,,2026-09-05,"FL is the second most common form of NHL and the most common subtype of indolent NHL, accounting for 20 to 30 percent of all NHL cases.","BMS Breyanzi ASCO 2024 press release boilerplate (news.bms.com, 2024); BMS Q1-2024 8-K; Europe PMC",https://news.bms.com/news/details/2024/Bristol-Myers-Squibbs-Breyanzi-Demonstrates-Clinically-Meaningful-Outcomes-Across-Broad-Range-of-B-Cell-Malignancies-in-New-Data-Presented-at-2024-ASCO-Annual-Meeting/default.aspx,not-found,"No US 3L+ FL flow found from BMS, ICER or NICE (NICE has no liso-cel FL appraisal; TA1159 covers 3L LBCL). Germany figure of 370-840 GKV patients per year (this file) can be scaled: Germany GKV ~74m insured vs US ~340m population implies roughly 1,700-3,900 per year in the US if treatment patterns were identical (not recorded as a value; population-scaling across systems is unreliable).",eligible_E5_label_expansions.csv,breyanzi,US,,,,annual,,,False,X,
Breyanzi,MCL_2L,"Relapsed or refractory mantle cell lymphoma after at least two prior lines including a BTK inhibitor (US accelerated approval, May 2024)",US,annual_incident_eligible,,,,patients per year,,2026-09-05,"MCL is an aggressive, rare form of NHL, representing roughly 3% of all NHL cases.",BMS Breyanzi ASCO 2024 press release boilerplate; BMS Q1-2024 8-K; Europe PMC search for US post-BTKi MCL treatment-pattern studies,https://news.bms.com/news/details/2024/Bristol-Myers-Squibbs-Breyanzi-Demonstrates-Clinically-Meaningful-Outcomes-Across-Broad-Range-of-B-Cell-Malignancies-in-New-Data-Presented-at-2024-ASCO-Annual-Meeting/default.aspx,not-found,"No US count located. Europe PMC returned only a BTKi adherence study (402 community-oncology MCL patients initiating a BTKi 2019-2021), not a national flow. No G-BA procedure for liso-cel in MCL as of the G-BA site listing. Existing E1a denominator: 3,500-3,800 new MCL cases per year (US). The label technically requires at least two prior lines including a BTKi, so MCL_2L is a misnomer inherited from the key list; it is a 3L+ population.",eligible_E5_label_expansions.csv,breyanzi,US,,,,annual,,,False,X,
Casgevy,SCD_TDT_2to11,Children 2 to 11 years of age with severe SCD (recurrent VOCs) or TDT newly eligible under the US paediatric label (SCD and TDT combined),US,company_addressable,,5500,,"patients (prevalent pool newly eligible, SCD + TDT combined, children aged 2-11)",2026,2026-08-03,"The U.S. FDA recently approved CASGEVY in children 2 years of age and older with SCD or TDT, making it the first genetic therapy indicated for children as young as 2 years for both SCD and TDT. With this approval, achieved in just 53 days post filing, approximately 5,500 patients with SCD or TDT may be eligible for treatment with CASGEVY for the first time.","Vertex 8-K Ex-99.1, Vertex Reports Second Quarter 2026 Financial Results (3 Aug 2026), CASGEVY section",https://www.sec.gov/Archives/edgar/data/875320/000087532026000256/ex-991_q22026.htm,verified-from-source,"US only: the sentence refers to the FDA approval; the 10-Q of 4 Aug 2026 repeats it verbatim (""Approximately 5,500 patients with SCD or TDT may be eligible for treatment with CASGEVY for the first time with this approval""). Vertex gives no SCD/TDT split. Duplicates the E2 row filed under SCD_VOC_12plus; re-keyed here to the new indication key. | indication key set by override: children aged 2 to 11 (SCD and TDT combined) added by the FDA label extension of 2026-07-01; counted from that date through label_events.csv (D012), not part of the launch-label pool | family set by override: Vertex counts children aged 2 to 11 newly eligible at the 2026-07-01 extension: a one-time stock, not a per-year flow",eligible_E5_label_expansions.csv,casgevy,US,,5500.0,,prevalent,5500.0,5500.0,True,A,
Casgevy,TDT_2to11,"Children 2 to 11 with TDT newly eligible under the US paediatric label (share of the 5,500 combined figure)",US,company_addressable,,,,patients (prevalent pool),2026,2026-08-03,"approximately 5,500 patients with SCD or TDT may be eligible for treatment with CASGEVY for the first time.","Vertex 8-K Ex-99.1, Vertex Reports Second Quarter 2026 Financial Results (3 Aug 2026), CASGEVY section",https://www.sec.gov/Archives/edgar/data/875320/000087532026000256/ex-991_q22026.htm,not-found,"Vertex states only the combined SCD + TDT figure (5,500). By analogy with the 12+ split Vertex gave in 2023 (~30,000 severe SCD vs ~5,000 TDT in US and Europe, E2 rows), TDT is likely well under 20% of the 5,500, but no source states it.",eligible_E5_label_expansions.csv,casgevy,US,,,,prevalent,,,False,X,
Casgevy,SCD_VOC_2to11,"Children 2 to 11 with severe SCD or TDT, EU (EC decision / Vertex statement)",EU,company_addressable,,,,patients,2026,2026-08-04,"We also completed regulatory submissions in the Kingdom of Saudi Arabia (""Saudi Arabia"") and the United Kingdom for the treatment of children five to eleven years of age.","Vertex Form 10-Q for the quarter ended 30 June 2026 (filed 4 Aug 2026), Recent Developments; and Vertex 8-K Ex-99.1 of 3 Aug 2026",https://www.sec.gov/Archives/edgar/data/875320/000087532026000259/vrtx-20260630.htm,not-found,"As of 4 Aug 2026 Vertex reports paediatric submissions only in Saudi Arabia and the UK (ages 5-11); no EMA submission or EC decision for children is mentioned, so there is no EU paediatric label and no EU eligible count. Also no EU-equivalent of the 5,500 figure.",eligible_E5_label_expansions.csv,casgevy,EU,,,,unspecified,,,False,X,
Casgevy,SCD_VOC_12plus,"Casgevy eligible counts stated by HTA bodies, France and Japan",France; Japan,gatekeeper_eligible,,,,patients,,2026-09-05,"CASGEVY is approved in 39 countries across North America, Europe, and the Middle East.",Vertex 8-K Ex-99.1 of 3 Aug 2026 (approval footprint); HAS site unreachable from this environment; no Japanese approval or Chuikyo listing located,https://www.sec.gov/Archives/edgar/data/875320/000087532026000256/ex-991_q22026.htm,not-found,"France: existing E2 not-found rows (HAS avis for SCD and TDT) stand; has-sante.fr aborts fetches. Japan: Vertex lists approvals only in North America, Europe and the Middle East as of Aug 2026, so no Japanese HTA figure can exist yet.",eligible_E5_label_expansions.csv,casgevy,multi: France+Japan,,,,unspecified,,,False,X,
Carvykti,MM_2L,"Adultos con mieloma múltiple en recaída y refractario tras al menos una línea previa (IMiD y IP), progresión al último tratamiento y refractarios a lenalidomida",Spain,gatekeeper_eligible,,,,patients per year,2025,2025-05-26,"La Comisión Interministerial de Precios de los Medicamentos, en su sesión de 26 de febrero de 2025, acordó proponer a la Dirección General de Cartera Común del SNS y Farmacia la inclusión en la prestación farmacéutica del SNS de este medicamento y su financiación para el tratamiento de pacientes adultos con mieloma múltiple en recaída y refractario que han recibido al menos una línea previa de tratamiento, incluidos un agente inmunomodulador y un inhibidor del proteasoma, han presentado progresión de la enfermedad al último tratamiento y son refractarios a lenalidomida.","Ministerio de Sanidad, Informe público sobre la decisión de inclusión en la prestación farmacéutica de ciltacabtagén autoleucel (Carvykti) (26 May 2025); AEMPS IPT-339/V1/29012025 Carvykti (full text grepped)",https://www.sanidad.gob.es/areas/farmacia/precios/comisionInteministerial/informesPublicos/docs/InformePublicoCarvykti.pdf,not-found,"Neither the CIPM public report nor IPT-339 states an eligible or expected patient number; financing is under a pay-for-results agreement (PFS-based) within the Plan de Abordaje de las Terapias Avanzadas, with a protocolo farmacoclínico dated 1 Apr 2025 (https://www.sanidad.gob.es/areas/farmacia/infoMedicamentos/terapiasAvanzadas/docs/01042025_Protocolo_farmacoclinico_ciltacabtagen_autoleucel_mmrr_2l.pdf, not fetched). IPT-339 gives Spanish MM incidence 5.3-6.9 per 100,000 per year (2020) and 16,307 prevalent cases in 2020 (8,925 men, 7,382 women).",eligible_E5_label_expansions.csv,carvykti,Spain,,,,annual,,,False,X,
Carvykti,MM_all,Multiple myeloma diagnosed per year in Spain (press paraphrase at Carvykti 2L launch),Spain,incidence_rate,,3700,,"new cases per year (count, not rate)",2025,2025-04-03,"Each year, approximately 3,700 patients are diagnosed with multiple myeloma and could benefit from Carvykti in case of initial therapeutic failure.","Diariofarma, ""Mieloma múltiple: los expertos, ilusionados con la llegada de Carvykti en segunda línea"" (3 Apr 2025), as paraphrased in a search summary",https://diariofarma.com/2025/04/03/mieloma-multiple-los-expertos-ilusionados-con-la-llegada-de-carvykti-en-segunda-linea,provisional-from-snippet,"Article not opened; figure is total MM incidence, not the lenalidomide-refractory 2L pool. Cross-check: IPT-339 rate 5.3-6.9/100,000 x 48m population = 2,540-3,310 per year, so 3,700 is at the high end.",eligible_E5_label_expansions.csv,carvykti,Spain,,3700.0,,annual,3700.0,3700.0,False,B,
Abecma,MM_all,"Multiple myeloma incidence, Spain (AEMPS IPT for Abecma)",Spain,incidence_rate,5.3,,6.9,"new cases per 100,000 inhabitants per year (2020)",2020,2023-10-16,"El MM constituye el 1-1,8 % de todos los cánceres y es la segunda neoplasia hematológica más frecuente (10 %) con una incidencia anual en el año 2020 en España de 5,3 -6,9/100.000 habitantes/año, y una mortalidad de 3,9 -4,9/100.000 habitantes/ año","AEMPS, Informe de Posicionamiento Terapéutico IPT-179/V1/16102023, Abecma (idecabtagén vicleucel) en mieloma múltiple",https://www.aemps.gob.es/medicamentosUsoHumano/informesPublicos/docs/2023/IPT-179-Abecma-idecabtagen-vicleucel-mieloma-multiple.pdf,verified-from-source,"IPT-179 (Abecma, 3L+/4L+ label) gives no eligible-patient count for Spain; recorded as denominator. The Spanish Plan de terapias avanzadas protocols were not opened.",eligible_E5_label_expansions.csv,abecma,Spain,5.3,,6.9,annual,5.3,6.9,False,A,
Abecma,MM_3L,"Abecma and Carvykti eligible counts, Italy (AIFA)",Italy,gatekeeper_eligible,,,,patients per year,,2026-09-05,,"Not searched beyond general web search (quota); AIFA determinations (Gazzetta Ufficiale) normally state reimbursement conditions and registry monitoring, not patient counts",,not-found,"Applies to Abecma, Carvykti, Yescarta and Breyanzi in Italy. Existing E2 rows show Vertex quoting Italian pools for Casgevy, but no equivalent company or AIFA statement was located for the CAR-Ts. Flagged as an open gap rather than a confirmed absence.",eligible_E5_label_expansions.csv,abecma,Italy,,,,annual,,,False,X,
Carvykti,MM_4L,Carvykti NHI price-listing sheet with peak-year treated-patient forecast (Chuikyo),Japan,company_addressable,,,,patients treated per year at peak,,2023-01-18,昨年９月26日付で再生医療等製品カービクティ点滴静注が薬事承認され、保険収載を希望する旨の申出がなされております。,"MHLW, Chuikyo general assembly 18 January 2023 (第536回) minutes, item on 再生医療等製品の医療保険上の取扱い (Carvykti classified to be handled like a drug); the later price-listing sheet (予測本剤投与患者数) was not located",https://www.mhlw.go.jp/stf/shingi2/0000205879_00183.html,not-found,"Web search (mhlw.go.jp) and a scan of Chuikyo minutes pages did not surface the Carvykti 保険償還価格 sheet that would carry the peak-year patient forecast (Abecma equivalent: 149 patients, E1b). Japanese label is the 4L+ label; the 2L label expansion is not yet reflected in Japanese listing documents found.",eligible_E5_label_expansions.csv,carvykti,Japan,,,,annual,,,False,X,
Breyanzi,LBCL_3L,"Breyanzi NHI price-listing sheet, Chuikyo 12 May 2021 (総-2-1), with peak-year treated-patient forecast",Japan,company_addressable,,,,patients treated per year at peak,2021,2021-05-12,資料は中医協総－２－１を御覧ください。 再生医療等製品のブレヤンジ静注です。 本製品は、以下の再発または難治性の大細胞型Ｂ細胞リンパ腫、及び再発または難治性の濾胞性リンパ腫を対象とする再生医療等製品です。 本製品は、医薬品の例により算定することとされており、効能や薬理作用等が類似するキムリア点滴静注を最類似薬とした類似薬効比較方式（１）より算定いたしました。,"MHLW, Chuikyo general assembly 12 May 2021 (第479回) minutes; document 総-2-1 (Breyanzi price calculation sheet) identified but the PDF was not located (agenda PDF 000782752.pdf; neighbouring content IDs returned HTML)",https://www.mhlw.go.jp/stf/shingi2/0000205879_00123.html,not-found,"Minutes confirm Breyanzi was priced by 類似薬効比較方式(I) against Kymriah, adjusted price 32,647,761 yen. The 総-2-1 sheet normally carries 予測本剤投与患者数 (peak year); it should be retrievable from the 第479回 資料 page on mhlw.go.jp. Yescarta (approved 22 Jan 2021) was listed in the same period; its sheet was not located either.",eligible_E5_label_expansions.csv,breyanzi,Japan,,,,annual,,,False,X,
Carvykti,MM_2L,US annual flow of lenalidomide-refractory patients starting 2L (independent share estimate),US,annual_incident_eligible,,,,patients per year,,2026-09-05,"The market opportunities for certain of our product candidates may be limited to those patients who are ineligible for or have failed prior treatments and may be small, and our projections regarding the size of the addressable market may be incorrect.","Legend Biotech Form 20-F FY2025 (filed 10 Mar 2026) and FY2024 (full text grepped for ""addressable"", ""lenalidomide-refractory"", ""second line""); SEC full-text search of J&J 8-Ks 2024-2026 for CARVYKTI + lenalidomide + eligible (0 hits); Europe PMC searches for US real-world lenalidomide-refractory share at first relapse",https://www.sec.gov/Archives/edgar/data/1801198/000180119826000008/legn-20251231.htm,not-found,"No company statement of the 2L+ addressable population and no US treatment-pattern paper giving the share of 2L starters who are lenalidomide-refractory was found via Europe PMC. Existing E1b derived row (15,480-28,440 patients per year reaching 2L, Fonseca 2020) remains the only US flow; applying a lenalidomide-refractory share would need a source not yet located (CARTITUDE-4 commentary often cites roughly a third to a half of first relapses).",eligible_E5_label_expansions.csv,carvykti,US,,,,annual,,,False,X,
Yescarta,LBCL_2L,"LBCL refractory to or relapsed within 12 months of first-line therapy and intended for autologous SCT (2L axi-cel eligible), US budget-impact model",US,gatekeeper_eligible,,9,,"patients per 1,000,000 health-plan members per year",2021,2022-08-15,It was estimated that 9 patients in a million member plan would be eligible for axi-cel treatment as 2L LBCL patients.,"Perales MA, Kuruvilla J, Snider JT, Vadgama S, Blissett R, El-Moustaid F, Smith NJ, Patel AR, Johnston PB. The Cost-Effectiveness of Axicabtagene Ciloleucel as Second-Line Therapy in Patients with Large B-Cell Lymphoma in the United States: An Economic Evaluation of the ZUMA-7 Trial. Transplant Cell Ther 2022;28(11):750.e1-750.e6 (doi 10.1016/j.jtct.2022.08.010)",https://www.ebi.ac.uk/europepmc/webservices/rest/PMC10314822/fullTextXML,verified-from-source,"Kite-funded economic evaluation, but the method is published: BIM inputs table gives incidence of LBCL 54 per 1,000,000 (SEER), primary refractory disease 15% and relapsed disease 25% (Sehn 2021), proportion relapsed within 12 months 70% (Maurer 2014), proportion intended for auto-SCT 50% (Friedberg 2011); 54 x (0.15 + 0.25 x 0.70) x 0.50 = 8.8 per million. This is the independent (methods-stated) counterpart to the Kite boilerplate 5,400-7,200 in E1a.",eligible_E5_label_expansions.csv,yescarta,US,,9.0,,annual,9.0,9.0,False,A,"a rate (9 eligible per million plan members, Perales 2022), not a count; the derived national flow from the same source is kept"
Yescarta,LBCL_2L,"LBCL refractory to or relapsed within 12 months of first-line therapy, all-comers (US label population, no transplant-intent filter)",US,annual_incident_eligible,,5969,,patients per year,2024,2026-09-05,"Incidence of LBCL 54/1,000,000 ... SEER; Primary refractory disease 15% ... Sehn 2021; Relapsed disease 25% ... Sehn 2021; Proportion relapsed within 12 months 70% Maurer 2014; Proportion intended for auto-SCT 50% ... Friedberg 2011","Derived from the Perales 2022 BIM inputs (SEER, Sehn 2021, Maurer 2014) and the US Census Bureau Vintage 2024 resident population",https://www.ebi.ac.uk/europepmc/webservices/rest/PMC10314822/fullTextXML,derived,"Arithmetic: 54 per million x 340,110,988 US residents (1 July 2024) = 18,366 LBCL cases per year; early relapse/refractory share = 15% + 25% x 70% = 32.5%; 18,366 x 0.325 = 5,969 per year. The US label (Yescarta Apr 2022, Breyanzi Jun 2022) does not require transplant intent (Breyanzi also covers transplant-ineligible patients), so this is the label flow; the transplant-intended subset is 5,969 x 50% = 2,984 (or 9 per million x 340.1m = 3,061 using the paper rounding). Sits at the low end of the Kite boilerplate 5,400-7,200 range in E1a.",eligible_E5_label_expansions.csv,yescarta,US,,5969.0,,annual,5969.0,5969.0,True,A,
Breyanzi,LBCL_2L,"LBCL refractory to or relapsed within 12 months of first-line therapy, US (same population as the Yescarta 2L label plus transplant-ineligible patients)",US,annual_incident_eligible,2984,5969,5969,patients per year (low = transplant-intended subset; point = all early r/r),2024,2026-09-05,It was estimated that 9 patients in a million member plan would be eligible for axi-cel treatment as 2L LBCL patients.,Derived from Perales 2022 (Transplant Cell Ther) BIM inputs and US Census Vintage 2024; see the Yescarta LBCL_2L rows in this file,https://www.ebi.ac.uk/europepmc/webservices/rest/PMC10314822/fullTextXML,derived,"Mirror of the Yescarta derivation: 18,366 LBCL x 32.5% = 5,969 early r/r per year; x 50% intended for auto-SCT = 2,984. Breyanzi and Yescarta compete for the same US 2L flow (plus Breyanzi for transplant-ineligible patients, PILOT). Germany counterpart in this file: 1,670-2,353 GKV per year.",eligible_E5_label_expansions.csv,breyanzi,US,2984.0,5969.0,5969.0,annual,2984.0,5969.0,True,A,
Luxturna,RPE65,biallelic RPE65 mutation-associated retinal dystrophy,US,company_addressable,1000,,2000,people,2018,2018-01-03,"We estimate that between 1,000-2,000 people in the U.S. have vision loss due to these biallelic RPE65 mutations.","Spark Therapeutics press release, ""Spark Therapeutics Announces First-of-their-kind Programs to Improve Patient Access to LUXTURNA"", 3 Jan 2018",https://www.globenewswire.com/news-release/2018/01/03/1281548/0/en/Spark-Therapeutics-Announces-First-of-their-kind-Programs-to-Improve-Patient-Access-to-LUXTURNA-voretigene-neparvovec-rzyl-a-One-time-Gene-Therapy-Treatment.html,verified-from-source,Company estimate at US launch.,luxturna_disclosures.csv,luxturna,US,1000.0,,2000.0,prevalent,1000.0,2000.0,True,A,
Luxturna,RPE65,biallelic RPE65 mutation-associated retinal dystrophy,US,company_addressable,1000,,2000,prevalent individuals,2018,2018-12-31,"We estimate the United States prevalent population at approximately 1,000 to 2,000 individuals.",Spark Therapeutics Form 10-K for FY2018,https://www.sec.gov/Archives/edgar/data/1609351/000160935119000042/spark-201810xk.htm,verified-from-source,Same estimate repeated in the last Spark 10-K.,luxturna_disclosures.csv,luxturna,US,1000.0,,2000.0,prevalent,1000.0,2000.0,True,A,
Luxturna,RPE65,biallelic RPE65 mutation-associated retinal dystrophy,"US, Europe and select Americas/Asia-Pacific",company_addressable,,6000,,prevalent individuals,2018,2018-12-31,"We believe the prevalent population is up to approximately 6,000 individuals with RPE65 mutations in the United States, Europe and select additional markets in the Americas and Asia/Pacific.",Spark Therapeutics Form 10-K for FY2018,https://www.sec.gov/Archives/edgar/data/1609351/000160935119000042/spark-201810xk.htm,verified-from-source,"Company's global addressable-population estimate. Same filing: ""We estimate that LCA affects approximately one in every 81,000 individuals and RP affects approximately one in every 4,500 individuals.""",luxturna_disclosures.csv,luxturna,multi: US+EU,,6000.0,,prevalent,6000.0,6000.0,True,A,
Luxturna,RPE65,biallelic RPE65 mutation-associated retinal dystrophy,Worldwide,prevalence_rate,,,,prevalence,2018,2018-11-23,"Mutations in both copies of the RPE65 gene affect approximately 1 in 200,000 people.","Novartis media release, ""Novartis announces landmark EU approval for one-time gene therapy Luxturna"", 23 Nov 2018",https://www.novartis.com/news/media-releases/novartis-announces-landmark-eu-approval-one-time-gene-therapy-luxturna-restore-vision-people-rare-inherited-retinal-disease,verified-from-source,"Prevalence rate rather than a headcount; implies ~1,650 in the US and ~2,250 in the EU.",luxturna_disclosures.csv,luxturna,global,,,,prevalent,,,False,A,
Luxturna,RPE65,biallelic RPE65 mutation-associated retinal dystrophy,England,gatekeeper_eligible,,86,,people eligible,2019,2019-10-01,Around 86 people would be eligible for treatment in England,NICE HST11 / press coverage of the NICE recommendation,https://www.nice.org.uk/guidance/hst11,provisional-from-snippet,Figure appears in reporting of the NICE decision; not confirmed verbatim in the NICE committee-discussion chapter that was read.,luxturna_disclosures.csv,luxturna,England,,86.0,,prevalent,86.0,86.0,True,B,
