product,region,quarter,period_start,period_end,regimen,revenue_usd_m,period_as_reported,revenue_status,allocated,list_price_usd,class_factor,patients_low,patients_central,cumulative_low,cumulative_central,coverage,source_doc,source_url
abecma,US,2021Q2,2021-04-01,2021-06-30,one-time,24.0,2021Q2,verified-from-source,False,419500.0,0.76,57.2,75.3,57.2,75.3,quarterly as reported,"Bristol Myers Squibb Reports Second Quarter Financial Results for 2022 (press release, Form 8-K exhibit 99.1, 27 Jul 2022)",https://www.sec.gov/Archives/edgar/data/14272/000001427222000164/q22022ex991.htm
abecma,US,2021Q3,2021-07-01,2021-09-30,one-time,67.0,2021Q3,verified-from-source,False,419500.0,0.76,159.7,210.1,216.9,285.4,quarterly as reported,"Bristol Myers Squibb Reports Third Quarter Financial Results for 2022 (press release, Form 8-K exhibit 99.1, 25 Oct 2022)",https://www.sec.gov/Archives/edgar/data/14272/000001427222000194/q32022ex991.htm
abecma,US,2021Q4,2021-10-01,2021-12-31,one-time,67.0,2021Q4,verified-from-source,False,419500.0,0.76,159.7,210.1,376.6,495.6,quarterly as reported,"Bristol Myers Squibb Reports Fourth Quarter and Full-Year Financial Results for 2022 (press release, Form 8-K exhibit 99.1, 2 Feb 2023)",https://www.sec.gov/Archives/edgar/data/14272/000001427223000018/q42022ex991.htm
abecma,US,2022Q1,2022-01-01,2022-03-31,one-time,56.0,2022Q1,verified-from-source,False,419500.0,0.76,133.5,175.6,510.1,671.2,quarterly as reported,"Bristol Myers Squibb Reports First Quarter Financial Results for 2022 (press release, Form 8-K exhibit 99.1, 29 Apr 2022)",https://www.sec.gov/Archives/edgar/data/14272/000001427222000112/q12022ex991.htm
abecma,US,2022Q2,2022-04-01,2022-06-30,one-time,72.0,2022Q2,verified-from-source,False,419500.0,0.76,171.6,225.8,681.8,897.1,quarterly as reported,"Bristol Myers Squibb Reports Second Quarter Financial Results for 2022 (press release, Form 8-K exhibit 99.1, 27 Jul 2022)",https://www.sec.gov/Archives/edgar/data/14272/000001427222000164/q22022ex991.htm
abecma,US,2022Q3,2022-07-01,2022-09-30,one-time,75.0,2022Q3,verified-from-source,False,419500.0,0.76,178.8,235.2,860.5,1132.3,quarterly as reported,"Bristol Myers Squibb Reports Third Quarter Financial Results for 2022 (press release, Form 8-K exhibit 99.1, 25 Oct 2022)",https://www.sec.gov/Archives/edgar/data/14272/000001427222000194/q32022ex991.htm
abecma,US,2022Q4,2022-10-01,2022-12-31,one-time,94.0,2022Q4,verified-from-source,False,419500.0,0.76,224.1,294.8,1084.6,1427.1,quarterly as reported,"Bristol Myers Squibb Reports Fourth Quarter and Full-Year Financial Results for 2022 (press release, Form 8-K exhibit 99.1, 2 Feb 2023)",https://www.sec.gov/Archives/edgar/data/14272/000001427223000018/q42022ex991.htm
abecma,US,2023Q1,2023-01-01,2023-03-31,one-time,118.0,2023Q1,verified-from-source,False,419500.0,0.76,281.3,370.1,1365.9,1797.3,quarterly as reported,"Bristol Myers Squibb Reports First Quarter Financial Results for 2024 (press release, Form 8-K exhibit 99.1, 25 Apr 2024)",https://www.sec.gov/Archives/edgar/data/14272/000001427224000094/q12024ex991-filing.htm
abecma,US,2023Q2,2023-04-01,2023-06-30,one-time,115.0,2023Q2,verified-from-source,False,419500.0,0.76,274.1,360.7,1640.0,2158.0,quarterly as reported,"Bristol Myers Squibb Reports Second Quarter Financial Results for 2024 (press release, Form 8-K exhibit 99.1, 26 Jul 2024)",https://www.sec.gov/Archives/edgar/data/14272/000001427224000121/q22024ex991-filing.htm
abecma,US,2023Q3,2023-07-01,2023-09-30,one-time,69.0,2023Q3,verified-from-source,False,419500.0,0.76,164.5,216.4,1804.5,2374.4,quarterly as reported,"Bristol Myers Squibb Reports Third Quarter Financial Results for 2024 (press release, Form 8-K exhibit 99.1, 31 Oct 2024)",https://www.sec.gov/Archives/edgar/data/14272/000001427224000145/q32024ex991-filing.htm
abecma,US,2023Q4,2023-10-01,2023-12-31,one-time,56.0,2023Q4,verified-from-source,False,419500.0,0.76,133.5,175.6,1938.0,2550.0,quarterly as reported,"Bristol Myers Squibb Reports Fourth Quarter and Full-Year Financial Results for 2024 (press release, Form 8-K exhibit 99.1, 6 Feb 2025)",https://www.sec.gov/Archives/edgar/data/14272/000001427225000037/a2024ex991-filing.htm
abecma,US,2024Q1,2024-01-01,2024-03-31,one-time,52.0,2024Q1,verified-from-source,False,419500.0,0.76,124.0,163.1,2062.0,2713.1,quarterly as reported,"Bristol Myers Squibb Reports First Quarter Financial Results for 2024 (press release, Form 8-K exhibit 99.1, 25 Apr 2024)",https://www.sec.gov/Archives/edgar/data/14272/000001427224000094/q12024ex991-filing.htm
abecma,US,2024Q2,2024-04-01,2024-06-30,one-time,54.0,2024Q2,verified-from-source,False,419500.0,0.76,128.7,169.4,2190.7,2882.5,quarterly as reported,"Bristol Myers Squibb Reports Second Quarter Financial Results for 2024 (press release, Form 8-K exhibit 99.1, 26 Jul 2024)",https://www.sec.gov/Archives/edgar/data/14272/000001427224000121/q22024ex991-filing.htm
abecma,US,2024Q3,2024-07-01,2024-09-30,one-time,77.0,2024Q3,verified-from-source,False,419500.0,0.76,183.6,241.5,2374.3,3124.0,quarterly as reported,"Bristol Myers Squibb Reports Third Quarter Financial Results for 2024 (press release, Form 8-K exhibit 99.1, 31 Oct 2024)",https://www.sec.gov/Archives/edgar/data/14272/000001427224000145/q32024ex991-filing.htm
abecma,US,2024Q4,2024-10-01,2024-12-31,one-time,59.0,2024Q4,verified-from-source,False,419500.0,0.76,140.6,185.1,2514.9,3309.1,quarterly as reported,"Bristol Myers Squibb Reports Fourth Quarter and Full-Year Financial Results for 2024 (press release, Form 8-K exhibit 99.1, 6 Feb 2025)",https://www.sec.gov/Archives/edgar/data/14272/000001427225000037/a2024ex991-filing.htm
abecma,US,2025Q1,2025-01-01,2025-03-31,one-time,59.0,2025Q1,verified-from-source,False,419500.0,0.76,140.6,185.1,2655.5,3494.1,quarterly as reported,"Bristol Myers Squibb Reports First Quarter Financial Results for 2025 (press release, Form 8-K exhibit 99.1, 24 Apr 2025)",https://www.sec.gov/Archives/edgar/data/14272/000001427225000089/a2025q1ex991-filing.htm
abecma,US,2025Q2,2025-04-01,2025-06-30,one-time,47.0,2025Q2,verified-from-source,False,419500.0,0.76,112.0,147.4,2767.6,3641.6,quarterly as reported,"Bristol Myers Squibb Reports Second Quarter Financial Results for 2025 (press release, Form 8-K exhibit 99.1, 31 Jul 2025)",https://www.sec.gov/Archives/edgar/data/14272/000001427225000129/a2025q2ex991-filing.htm
abecma,US,2025Q3,2025-07-01,2025-09-30,one-time,51.0,2025Q3,verified-from-source,False,419500.0,0.76,121.6,160.0,2889.2,3801.5,quarterly as reported,"Bristol Myers Squibb Reports Third Quarter Financial Results for 2025 (press release, Form 8-K exhibit 99.1, 30 Oct 2025)",https://www.sec.gov/Archives/edgar/data/14272/000001427225000147/a2025q3ex991.htm
abecma,US,2025Q4,2025-10-01,2025-12-31,one-time,52.0,2025Q4,verified-from-source,False,419500.0,0.76,124.0,163.1,3013.1,3964.6,quarterly as reported,"Bristol Myers Squibb Reports Fourth Quarter and Full-Year Financial Results for 2025 (press release, Form 8-K exhibit 99.1, 5 Feb 2026)",https://www.sec.gov/Archives/edgar/data/14272/000001427226000002/a2025q4ex991.htm
abecma,Europe,2021Q2,2021-04-01,2021-06-30,one-time,0.0,2021Q2,derived,False,419500.0,0.76,0.0,0.0,0.0,0.0,quarterly as reported,"Bristol Myers Squibb Reports Second Quarter Financial Results for 2022 (press release, Form 8-K exhibit 99.1, 27 Jul 2022)",https://www.sec.gov/Archives/edgar/data/14272/000001427222000164/q22022ex991.htm
abecma,Europe,2021Q3,2021-07-01,2021-09-30,one-time,4.0,2021Q3,derived,False,419500.0,0.76,9.5,12.5,9.5,12.5,quarterly as reported,"Bristol Myers Squibb Reports Third Quarter Financial Results for 2022 (press release, Form 8-K exhibit 99.1, 25 Oct 2022)",https://www.sec.gov/Archives/edgar/data/14272/000001427222000194/q32022ex991.htm
abecma,Europe,2021Q4,2021-10-01,2021-12-31,one-time,2.0,2021Q4,derived,False,419500.0,0.76,4.8,6.3,14.3,18.8,quarterly as reported,"Bristol Myers Squibb Reports Fourth Quarter and Full-Year Financial Results for 2022 (press release, Form 8-K exhibit 99.1, 2 Feb 2023)",https://www.sec.gov/Archives/edgar/data/14272/000001427223000018/q42022ex991.htm
abecma,Europe,2022Q1,2022-01-01,2022-03-31,one-time,11.0,2022Q1,derived,False,419500.0,0.76,26.2,34.5,40.5,53.3,quarterly as reported,"Bristol Myers Squibb Reports First Quarter Financial Results for 2022 (press release, Form 8-K exhibit 99.1, 29 Apr 2022)",https://www.sec.gov/Archives/edgar/data/14272/000001427222000112/q12022ex991.htm
abecma,Europe,2022Q2,2022-04-01,2022-06-30,one-time,17.0,2022Q2,derived,False,419500.0,0.76,40.5,53.3,81.0,106.6,quarterly as reported,"Bristol Myers Squibb Reports Second Quarter Financial Results for 2022 (press release, Form 8-K exhibit 99.1, 27 Jul 2022)",https://www.sec.gov/Archives/edgar/data/14272/000001427222000164/q22022ex991.htm
abecma,Europe,2022Q3,2022-07-01,2022-09-30,one-time,32.0,2022Q3,derived,False,419500.0,0.76,76.3,100.4,157.3,207.0,quarterly as reported,"Bristol Myers Squibb Reports Third Quarter Financial Results for 2022 (press release, Form 8-K exhibit 99.1, 25 Oct 2022)",https://www.sec.gov/Archives/edgar/data/14272/000001427222000194/q32022ex991.htm
abecma,Europe,2022Q4,2022-10-01,2022-12-31,one-time,31.0,2022Q4,derived,False,419500.0,0.76,73.9,97.2,231.2,304.2,quarterly as reported,"Bristol Myers Squibb Reports Fourth Quarter and Full-Year Financial Results for 2022 (press release, Form 8-K exhibit 99.1, 2 Feb 2023)",https://www.sec.gov/Archives/edgar/data/14272/000001427223000018/q42022ex991.htm
abecma,Europe,2023Q1,2023-01-01,2023-03-31,one-time,29.0,2023Q1,verified-from-source,False,419500.0,0.76,69.1,91.0,300.4,395.2,quarterly as reported,"Bristol Myers Squibb Reports First Quarter Financial Results for 2024 (press release, Form 8-K exhibit 99.1, 25 Apr 2024)",https://www.sec.gov/Archives/edgar/data/14272/000001427224000094/q12024ex991-filing.htm
abecma,Europe,2023Q2,2023-04-01,2023-06-30,one-time,17.0,2023Q2,verified-from-source,False,419500.0,0.76,40.5,53.3,340.9,448.5,quarterly as reported,"Bristol Myers Squibb Reports Second Quarter Financial Results for 2024 (press release, Form 8-K exhibit 99.1, 26 Jul 2024)",https://www.sec.gov/Archives/edgar/data/14272/000001427224000121/q22024ex991-filing.htm
abecma,Europe,2023Q3,2023-07-01,2023-09-30,one-time,24.0,2023Q3,verified-from-source,False,419500.0,0.76,57.2,75.3,398.1,523.8,quarterly as reported,"Bristol Myers Squibb Reports Third Quarter Financial Results for 2024 (press release, Form 8-K exhibit 99.1, 31 Oct 2024)",https://www.sec.gov/Archives/edgar/data/14272/000001427224000145/q32024ex991-filing.htm
abecma,Europe,2023Q4,2023-10-01,2023-12-31,one-time,44.0,2023Q4,verified-from-source,False,419500.0,0.76,104.9,138.0,503.0,661.8,quarterly as reported,"Bristol Myers Squibb Reports Fourth Quarter and Full-Year Financial Results for 2024 (press release, Form 8-K exhibit 99.1, 6 Feb 2025)",https://www.sec.gov/Archives/edgar/data/14272/000001427225000037/a2024ex991-filing.htm
abecma,Europe,2024Q1,2024-01-01,2024-03-31,one-time,30.0,2024Q1,verified-from-source,False,419500.0,0.76,71.5,94.1,574.5,755.9,quarterly as reported,"Bristol Myers Squibb Reports First Quarter Financial Results for 2024 (press release, Form 8-K exhibit 99.1, 25 Apr 2024)",https://www.sec.gov/Archives/edgar/data/14272/000001427224000094/q12024ex991-filing.htm
abecma,Europe,2024Q2,2024-04-01,2024-06-30,one-time,41.0,2024Q2,verified-from-source,False,419500.0,0.76,97.7,128.6,672.2,884.5,quarterly as reported,"Bristol Myers Squibb Reports Second Quarter Financial Results for 2024 (press release, Form 8-K exhibit 99.1, 26 Jul 2024)",https://www.sec.gov/Archives/edgar/data/14272/000001427224000121/q22024ex991-filing.htm
abecma,Europe,2024Q3,2024-07-01,2024-09-30,one-time,47.0,2024Q3,verified-from-source,False,419500.0,0.76,112.0,147.4,784.3,1031.9,quarterly as reported,"Bristol Myers Squibb Reports Third Quarter Financial Results for 2024 (press release, Form 8-K exhibit 99.1, 31 Oct 2024)",https://www.sec.gov/Archives/edgar/data/14272/000001427224000145/q32024ex991-filing.htm
abecma,Europe,2024Q4,2024-10-01,2024-12-31,one-time,46.0,2024Q4,verified-from-source,False,419500.0,0.76,109.7,144.3,893.9,1176.2,quarterly as reported,"Bristol Myers Squibb Reports Fourth Quarter and Full-Year Financial Results for 2024 (press release, Form 8-K exhibit 99.1, 6 Feb 2025)",https://www.sec.gov/Archives/edgar/data/14272/000001427225000037/a2024ex991-filing.htm
abecma,Europe,2025Q1,2025-01-01,2025-03-31,one-time,45.0,2025Q1,verified-from-source,False,419500.0,0.76,107.3,141.1,1001.2,1317.4,quarterly as reported,"Bristol Myers Squibb Reports First Quarter Financial Results for 2025 (press release, Form 8-K exhibit 99.1, 24 Apr 2025)",https://www.sec.gov/Archives/edgar/data/14272/000001427225000089/a2025q1ex991-filing.htm
abecma,Europe,2025Q2,2025-04-01,2025-06-30,one-time,40.0,2025Q2,verified-from-source,False,419500.0,0.76,95.4,125.5,1096.5,1442.8,quarterly as reported,"Bristol Myers Squibb Reports Second Quarter Financial Results for 2025 (press release, Form 8-K exhibit 99.1, 31 Jul 2025)",https://www.sec.gov/Archives/edgar/data/14272/000001427225000129/a2025q2ex991-filing.htm
abecma,Europe,2025Q3,2025-07-01,2025-09-30,one-time,86.0,2025Q3,verified-from-source,False,419500.0,0.76,205.0,269.7,1301.5,1712.6,quarterly as reported,"Bristol Myers Squibb Reports Third Quarter Financial Results for 2025 (press release, Form 8-K exhibit 99.1, 30 Oct 2025)",https://www.sec.gov/Archives/edgar/data/14272/000001427225000147/a2025q3ex991.htm
abecma,Europe,2025Q4,2025-10-01,2025-12-31,one-time,49.0,2025Q4,verified-from-source,False,419500.0,0.76,116.8,153.7,1418.4,1866.3,quarterly as reported,"Bristol Myers Squibb Reports Fourth Quarter and Full-Year Financial Results for 2025 (press release, Form 8-K exhibit 99.1, 5 Feb 2026)",https://www.sec.gov/Archives/edgar/data/14272/000001427226000002/a2025q4ex991.htm
abecma,Total,2021Q2,2021-04-01,2021-06-30,one-time,24.0,2021Q2,verified-from-source,False,419500.0,0.76,57.2,75.3,57.2,75.3,quarterly as reported,"Bristol Myers Squibb Reports Second Quarter Financial Results for 2022 (press release, Form 8-K exhibit 99.1, 27 Jul 2022)",https://www.sec.gov/Archives/edgar/data/14272/000001427222000164/q22022ex991.htm
abecma,Total,2021Q3,2021-07-01,2021-09-30,one-time,71.0,2021Q3,verified-from-source,False,419500.0,0.76,169.2,222.7,226.5,298.0,quarterly as reported,"Bristol Myers Squibb Reports Third Quarter Financial Results for 2022 (press release, Form 8-K exhibit 99.1, 25 Oct 2022)",https://www.sec.gov/Archives/edgar/data/14272/000001427222000194/q32022ex991.htm
abecma,Total,2021Q4,2021-10-01,2021-12-31,one-time,69.0,2021Q4,verified-from-source,False,419500.0,0.76,164.5,216.4,390.9,514.4,quarterly as reported,"Bristol Myers Squibb Reports Fourth Quarter and Full-Year Financial Results for 2022 (press release, Form 8-K exhibit 99.1, 2 Feb 2023)",https://www.sec.gov/Archives/edgar/data/14272/000001427223000018/q42022ex991.htm
abecma,Total,2022Q1,2022-01-01,2022-03-31,one-time,67.0,2022Q1,verified-from-source,False,419500.0,0.76,159.7,210.1,550.7,724.5,quarterly as reported,"Bristol Myers Squibb Reports First Quarter Financial Results for 2022 (press release, Form 8-K exhibit 99.1, 29 Apr 2022)",https://www.sec.gov/Archives/edgar/data/14272/000001427222000112/q12022ex991.htm
abecma,Total,2022Q2,2022-04-01,2022-06-30,one-time,89.0,2022Q2,verified-from-source,False,419500.0,0.76,212.2,279.2,762.8,1003.7,quarterly as reported,"Bristol Myers Squibb Reports Second Quarter Financial Results for 2022 (press release, Form 8-K exhibit 99.1, 27 Jul 2022)",https://www.sec.gov/Archives/edgar/data/14272/000001427222000164/q22022ex991.htm
abecma,Total,2022Q3,2022-07-01,2022-09-30,one-time,107.0,2022Q3,verified-from-source,False,419500.0,0.76,255.1,335.6,1017.9,1339.3,quarterly as reported,"Bristol Myers Squibb Reports Third Quarter Financial Results for 2022 (press release, Form 8-K exhibit 99.1, 25 Oct 2022)",https://www.sec.gov/Archives/edgar/data/14272/000001427222000194/q32022ex991.htm
abecma,Total,2022Q4,2022-10-01,2022-12-31,one-time,125.0,2022Q4,verified-from-source,False,419500.0,0.76,298.0,392.1,1315.9,1731.4,quarterly as reported,"Bristol Myers Squibb Reports Fourth Quarter and Full-Year Financial Results for 2022 (press release, Form 8-K exhibit 99.1, 2 Feb 2023)",https://www.sec.gov/Archives/edgar/data/14272/000001427223000018/q42022ex991.htm
abecma,Total,2023Q1,2023-01-01,2023-03-31,one-time,147.0,2023Q1,verified-from-source,False,419500.0,0.76,350.4,461.1,1666.3,2192.5,quarterly as reported,"Bristol Myers Squibb Reports First Quarter Financial Results for 2024 (press release, Form 8-K exhibit 99.1, 25 Apr 2024)",https://www.sec.gov/Archives/edgar/data/14272/000001427224000094/q12024ex991-filing.htm
abecma,Total,2023Q2,2023-04-01,2023-06-30,one-time,132.0,2023Q2,verified-from-source,False,419500.0,0.76,314.7,414.0,1980.9,2606.5,quarterly as reported,"Bristol Myers Squibb Reports Second Quarter Financial Results for 2024 (press release, Form 8-K exhibit 99.1, 26 Jul 2024)",https://www.sec.gov/Archives/edgar/data/14272/000001427224000121/q22024ex991-filing.htm
abecma,Total,2023Q3,2023-07-01,2023-09-30,one-time,93.0,2023Q3,verified-from-source,False,419500.0,0.76,221.7,291.7,2202.6,2898.2,quarterly as reported,"Bristol Myers Squibb Reports Third Quarter Financial Results for 2024 (press release, Form 8-K exhibit 99.1, 31 Oct 2024)",https://www.sec.gov/Archives/edgar/data/14272/000001427224000145/q32024ex991-filing.htm
abecma,Total,2023Q4,2023-10-01,2023-12-31,one-time,100.0,2023Q4,verified-from-source,False,419500.0,0.76,238.4,313.7,2441.0,3211.8,quarterly as reported,"Bristol Myers Squibb Reports Fourth Quarter and Full-Year Financial Results for 2024 (press release, Form 8-K exhibit 99.1, 6 Feb 2025)",https://www.sec.gov/Archives/edgar/data/14272/000001427225000037/a2024ex991-filing.htm
abecma,Total,2024Q1,2024-01-01,2024-03-31,one-time,82.0,2024Q1,verified-from-source,False,419500.0,0.76,195.5,257.2,2636.5,3469.0,quarterly as reported,"Bristol Myers Squibb Reports First Quarter Financial Results for 2024 (press release, Form 8-K exhibit 99.1, 25 Apr 2024)",https://www.sec.gov/Archives/edgar/data/14272/000001427224000094/q12024ex991-filing.htm
abecma,Total,2024Q2,2024-04-01,2024-06-30,one-time,95.0,2024Q2,verified-from-source,False,419500.0,0.76,226.5,298.0,2862.9,3767.0,quarterly as reported,"Bristol Myers Squibb Reports Second Quarter Financial Results for 2024 (press release, Form 8-K exhibit 99.1, 26 Jul 2024)",https://www.sec.gov/Archives/edgar/data/14272/000001427224000121/q22024ex991-filing.htm
abecma,Total,2024Q3,2024-07-01,2024-09-30,one-time,124.0,2024Q3,verified-from-source,False,419500.0,0.76,295.6,388.9,3158.5,4156.0,quarterly as reported,"Bristol Myers Squibb Reports Third Quarter Financial Results for 2024 (press release, Form 8-K exhibit 99.1, 31 Oct 2024)",https://www.sec.gov/Archives/edgar/data/14272/000001427224000145/q32024ex991-filing.htm
abecma,Total,2024Q4,2024-10-01,2024-12-31,one-time,105.0,2024Q4,verified-from-source,False,419500.0,0.76,250.3,329.3,3408.8,4485.3,quarterly as reported,"Bristol Myers Squibb Reports Fourth Quarter and Full-Year Financial Results for 2024 (press release, Form 8-K exhibit 99.1, 6 Feb 2025)",https://www.sec.gov/Archives/edgar/data/14272/000001427225000037/a2024ex991-filing.htm
abecma,Total,2025Q1,2025-01-01,2025-03-31,one-time,103.0,2025Q1,verified-from-source,False,419500.0,0.76,245.5,323.1,3654.4,4808.4,quarterly as reported,"Bristol Myers Squibb Reports First Quarter Financial Results for 2025 (press release, Form 8-K exhibit 99.1, 24 Apr 2025)",https://www.sec.gov/Archives/edgar/data/14272/000001427225000089/a2025q1ex991-filing.htm
abecma,Total,2025Q2,2025-04-01,2025-06-30,one-time,87.0,2025Q2,verified-from-source,False,419500.0,0.76,207.4,272.9,3861.7,5081.2,quarterly as reported,"Bristol Myers Squibb Reports Second Quarter Financial Results for 2025 (press release, Form 8-K exhibit 99.1, 31 Jul 2025)",https://www.sec.gov/Archives/edgar/data/14272/000001427225000129/a2025q2ex991-filing.htm
abecma,Total,2025Q3,2025-07-01,2025-09-30,one-time,137.0,2025Q3,verified-from-source,False,419500.0,0.76,326.6,429.7,4188.3,5510.9,quarterly as reported,"Bristol Myers Squibb Reports Third Quarter Financial Results for 2025 (press release, Form 8-K exhibit 99.1, 30 Oct 2025)",https://www.sec.gov/Archives/edgar/data/14272/000001427225000147/a2025q3ex991.htm
abecma,Total,2025Q4,2025-10-01,2025-12-31,one-time,100.0,2025Q4,verified-from-source,False,419500.0,0.76,238.4,313.7,4426.7,5824.6,quarterly as reported,"Bristol Myers Squibb Reports Fourth Quarter and Full-Year Financial Results for 2025 (press release, Form 8-K exhibit 99.1, 5 Feb 2026)",https://www.sec.gov/Archives/edgar/data/14272/000001427226000002/a2025q4ex991.htm
amtagvi,US,2024Q2,2024-04-01,2024-06-30,one-time,12.8,2024Q2,verified-from-source,False,515000.0,0.76,24.9,32.7,24.9,32.7,quarterly as reported,"Iovance 8-K Ex-99.1, Second Quarter and First Half 2025 Financial Results (2025-08-07)",https://www.sec.gov/Archives/edgar/data/1425205/000110465925075175/tm2522769d1_ex99-1.htm
amtagvi,US,2024Q3,2024-07-01,2024-09-30,one-time,42.1,2024Q3,verified-from-source,False,515000.0,0.76,81.7,107.6,106.6,140.3,quarterly as reported,"Iovance 8-K Ex-99.1, Third Quarter and Year to Date 2024 Financial Results (2024-11-07)",https://www.sec.gov/Archives/edgar/data/1425205/000110465924115300/tm2427769d1_ex99-1.htm
amtagvi,US,2024Q4,2024-10-01,2024-12-31,one-time,48.7,2024Q4,verified-from-source,False,515000.0,0.76,94.6,124.4,201.2,264.7,quarterly as reported,"Iovance 8-K Ex-99.1, Fourth Quarter and Full Year 2024 Financial Results (2025-02-27)",https://www.sec.gov/Archives/edgar/data/1425205/000110465925018212/tm257755d1_ex99-1.htm
amtagvi,US,2025Q1,2025-01-01,2025-03-31,one-time,43.6,2025Q1,derived,False,515000.0,0.76,84.7,111.4,285.8,376.1,quarterly as reported,"Iovance 8-K Ex-99.1, Second Quarter and First Half 2025 Financial Results (2025-08-07)",https://www.sec.gov/Archives/edgar/data/1425205/000110465925075175/tm2522769d1_ex99-1.htm
amtagvi,US,2025Q2,2025-04-01,2025-06-30,one-time,54.1,2025Q2,verified-from-source,False,515000.0,0.76,105.0,138.2,390.9,514.3,quarterly as reported,"Iovance 8-K Ex-99.1, Second Quarter and First Half 2025 Financial Results (2025-08-07)",https://www.sec.gov/Archives/edgar/data/1425205/000110465925075175/tm2522769d1_ex99-1.htm
amtagvi,US,2025Q3,2025-07-01,2025-09-30,one-time,58.0,2025Q3,verified-from-source,False,515000.0,0.76,112.6,148.2,503.5,662.5,quarterly as reported,"Iovance 8-K Ex-99.1, Third Quarter 2025 Results (2025-11-06)",https://www.sec.gov/Archives/edgar/data/1425205/000110465925107426/tm2530236d1_ex99-1.htm
amtagvi,US,2025Q4,2025-10-01,2025-12-31,one-time,65.0,2025Q4,verified-from-source,False,515000.0,0.76,126.2,166.1,629.7,828.6,quarterly as reported,"Iovance 8-K Ex-99.1, Fourth Quarter and Full Year 2025 (2026-02-24)",https://www.sec.gov/Archives/edgar/data/1425205/000110465926018837/tm266992d1_ex99-1.htm
amtagvi,US,2026Q1,2026-01-01,2026-03-31,one-time,60.0,2026Q1,verified-from-source,False,515000.0,0.76,116.5,153.3,746.2,981.9,quarterly as reported,"Iovance 8-K Ex-99.1, First Quarter 2026 Results (2026-05-07)",https://www.sec.gov/Archives/edgar/data/1425205/000110465926056782/tm2613648d1_ex99-1.htm
amtagvi,US,2026Q2,2026-04-01,2026-06-30,one-time,91.0,2026Q2,verified-from-source,False,515000.0,0.76,176.7,232.5,922.9,1214.4,quarterly as reported,"Iovance 8-K Ex-99.1, Record Second Quarter 2026 (2026-08-06)",https://www.sec.gov/Archives/edgar/data/1425205/000110465926091619/tm2622322d1_ex99-1.htm
amtagvi,Total,2024Q1,2024-01-01,2024-03-31,one-time,0.0,2024Q1,verified-from-source,False,515000.0,0.76,0.0,0.0,0.0,0.0,quarterly as reported,"Iovance 8-K Ex-99.1, First Quarter 2024 Financial Results and Corporate Updates (2024-05-09)",https://www.sec.gov/Archives/edgar/data/1425205/000110465924059322/tm2413980d1_ex99-1.htm
amtagvi,Total,2024Q2,2024-04-01,2024-06-30,one-time,12.8,2024Q2,verified-from-source,False,515000.0,0.76,24.9,32.7,24.9,32.7,quarterly as reported,"Iovance 8-K Ex-99.1, Second Quarter and First Half 2025 Financial Results (2025-08-07)",https://www.sec.gov/Archives/edgar/data/1425205/000110465925075175/tm2522769d1_ex99-1.htm
amtagvi,Total,2024Q3,2024-07-01,2024-09-30,one-time,42.1,2024Q3,verified-from-source,False,515000.0,0.76,81.7,107.6,106.6,140.3,quarterly as reported,"Iovance 8-K Ex-99.1, Third Quarter and Year to Date 2024 Financial Results (2024-11-07)",https://www.sec.gov/Archives/edgar/data/1425205/000110465924115300/tm2427769d1_ex99-1.htm
amtagvi,Total,2024Q4,2024-10-01,2024-12-31,one-time,48.7,2024Q4,verified-from-source,False,515000.0,0.76,94.6,124.4,201.2,264.7,quarterly as reported,"Iovance 8-K Ex-99.1, Fourth Quarter and Full Year 2024 Financial Results (2025-02-27)",https://www.sec.gov/Archives/edgar/data/1425205/000110465925018212/tm257755d1_ex99-1.htm
amtagvi,Total,2025Q1,2025-01-01,2025-03-31,one-time,43.6,2025Q1,derived,False,515000.0,0.76,84.7,111.4,285.8,376.1,quarterly as reported,"Iovance 8-K Ex-99.1, Second Quarter and First Half 2025 Financial Results (2025-08-07)",https://www.sec.gov/Archives/edgar/data/1425205/000110465925075175/tm2522769d1_ex99-1.htm
amtagvi,Total,2025Q2,2025-04-01,2025-06-30,one-time,54.1,2025Q2,verified-from-source,False,515000.0,0.76,105.0,138.2,390.9,514.3,quarterly as reported,"Iovance 8-K Ex-99.1, Second Quarter and First Half 2025 Financial Results (2025-08-07)",https://www.sec.gov/Archives/edgar/data/1425205/000110465925075175/tm2522769d1_ex99-1.htm
amtagvi,Total,2025Q3,2025-07-01,2025-09-30,one-time,58.0,2025Q3,verified-from-source,False,515000.0,0.76,112.6,148.2,503.5,662.5,quarterly as reported,"Iovance 8-K Ex-99.1, Third Quarter 2025 Results (2025-11-06)",https://www.sec.gov/Archives/edgar/data/1425205/000110465925107426/tm2530236d1_ex99-1.htm
amtagvi,Total,2025Q4,2025-10-01,2025-12-31,one-time,65.0,2025Q4,verified-from-source,False,515000.0,0.76,126.2,166.1,629.7,828.6,quarterly as reported,"Iovance 8-K Ex-99.1, Fourth Quarter and Full Year 2025 (2026-02-24)",https://www.sec.gov/Archives/edgar/data/1425205/000110465926018837/tm266992d1_ex99-1.htm
amtagvi,Total,2026Q1,2026-01-01,2026-03-31,one-time,60.0,2026Q1,verified-from-source,False,515000.0,0.76,116.5,153.3,746.2,981.9,quarterly as reported,"Iovance 8-K Ex-99.1, First Quarter 2026 Results (2026-05-07)",https://www.sec.gov/Archives/edgar/data/1425205/000110465926056782/tm2613648d1_ex99-1.htm
amtagvi,Total,2026Q2,2026-04-01,2026-06-30,one-time,91.0,2026Q2,verified-from-source,False,515000.0,0.76,176.7,232.5,922.9,1214.4,quarterly as reported,"Iovance 8-K Ex-99.1, Record Second Quarter 2026 (2026-08-06)",https://www.sec.gov/Archives/edgar/data/1425205/000110465926091619/tm2622322d1_ex99-1.htm
aucatzyl,Total,2024Q4,2024-10-01,2024-12-31,one-time,0.0,2024Q4,verified-from-source,False,525000.0,0.76,0.0,0.0,0.0,0.0,quarterly as reported,"Autolus Therapeutics 8-K Ex-99.1, Fourth Quarter and Full Year 2025 Financial Results and Business Updates (2026-03-27)",https://www.sec.gov/Archives/edgar/data/1730463/000173046326000032/autlex-991pr270326.htm
aucatzyl,Total,2025Q1,2025-01-01,2025-03-31,one-time,9.0,2025Q1,verified-from-source,False,525000.0,0.76,17.1,22.6,17.1,22.6,quarterly as reported,"Autolus Therapeutics 8-K Ex-99.1, First Quarter 2025 Financial Results and Business Updates (2025-05-08)",https://www.sec.gov/Archives/edgar/data/1730463/000173046325000032/autlex-991pr080525.htm
aucatzyl,Total,2025Q2,2025-04-01,2025-06-30,one-time,20.9,2025Q2,verified-from-source,False,525000.0,0.76,39.8,52.4,57.0,74.9,quarterly as reported,"Autolus Therapeutics 8-K Ex-99.1, Second Quarter 2025 Financial Results and Business Updates (2025-08-12)",https://www.sec.gov/Archives/edgar/data/1730463/000173046325000064/autlex-991pr120825.htm
aucatzyl,Total,2025Q3,2025-07-01,2025-09-30,one-time,21.1,2025Q3,verified-from-source,False,525000.0,0.76,40.2,52.9,97.1,127.8,quarterly as reported,"Autolus Therapeutics 8-K Ex-99.1, Third Quarter 2025 Financial Results and Business Updates (2025-11-12)",https://www.sec.gov/Archives/edgar/data/1730463/000173046325000081/autlex-991pr121125.htm
aucatzyl,Total,2025Q4,2025-10-01,2025-12-31,one-time,23.3,2025Q4,verified-from-source,False,525000.0,0.76,44.4,58.4,141.5,186.2,quarterly as reported,"Autolus Therapeutics 8-K Ex-99.1, Fourth Quarter and Full Year 2025 Financial Results and Business Updates (2026-03-27)",https://www.sec.gov/Archives/edgar/data/1730463/000173046326000032/autlex-991pr270326.htm
aucatzyl,Total,2026Q1,2026-01-01,2026-03-31,one-time,26.2,2026Q1,verified-from-source,False,525000.0,0.76,49.9,65.7,191.4,251.9,quarterly as reported,"Autolus Therapeutics 8-K Ex-99.1, First Quarter 2026 Financial Results and Business Updates (2026-05-14)",https://www.sec.gov/Archives/edgar/data/1730463/000173046326000058/autlex-991pr140526.htm
aucatzyl,Total,2026Q2,2026-04-01,2026-06-30,one-time,45.7,2026Q2,verified-from-source,False,525000.0,0.76,87.0,114.5,278.5,366.4,quarterly as reported,"Autolus Therapeutics 8-K Ex-99.1, Second Quarter 2026 Financial Results and Business Updates (2026-08-11)",https://www.sec.gov/Archives/edgar/data/1730463/000173046326000119/autlex-991pr110826a01.htm
breyanzi,US,2021Q2,2021-04-01,2021-06-30,one-time,17.0,2021Q2,verified-from-source,False,410300.0,0.76,41.4,54.5,41.4,54.5,quarterly as reported,"Bristol Myers Squibb Reports Second Quarter Financial Results for 2022 (press release, Form 8-K exhibit 99.1, 27 Jul 2022)",https://www.sec.gov/Archives/edgar/data/14272/000001427222000164/q22022ex991.htm
breyanzi,US,2021Q3,2021-07-01,2021-09-30,one-time,29.0,2021Q3,verified-from-source,False,410300.0,0.76,70.7,93.0,112.1,147.5,quarterly as reported,"Bristol Myers Squibb Reports Third Quarter Financial Results for 2022 (press release, Form 8-K exhibit 99.1, 25 Oct 2022)",https://www.sec.gov/Archives/edgar/data/14272/000001427222000194/q32022ex991.htm
breyanzi,US,2021Q4,2021-10-01,2021-12-31,one-time,38.0,2021Q4,verified-from-source,False,410300.0,0.76,92.6,121.9,204.7,269.4,quarterly as reported,"Bristol Myers Squibb Reports Fourth Quarter and Full-Year Financial Results for 2022 (press release, Form 8-K exhibit 99.1, 2 Feb 2023)",https://www.sec.gov/Archives/edgar/data/14272/000001427223000018/q42022ex991.htm
breyanzi,US,2022Q1,2022-01-01,2022-03-31,one-time,41.0,2022Q1,verified-from-source,False,410300.0,0.76,99.9,131.5,304.7,400.9,quarterly as reported,"Bristol Myers Squibb Reports First Quarter Financial Results for 2022 (press release, Form 8-K exhibit 99.1, 29 Apr 2022)",https://www.sec.gov/Archives/edgar/data/14272/000001427222000112/q12022ex991.htm
breyanzi,US,2022Q2,2022-04-01,2022-06-30,one-time,33.0,2022Q2,verified-from-source,False,410300.0,0.76,80.4,105.8,385.1,506.7,quarterly as reported,"Bristol Myers Squibb Reports Second Quarter Financial Results for 2022 (press release, Form 8-K exhibit 99.1, 27 Jul 2022)",https://www.sec.gov/Archives/edgar/data/14272/000001427222000164/q22022ex991.htm
breyanzi,US,2022Q3,2022-07-01,2022-09-30,one-time,35.0,2022Q3,verified-from-source,False,410300.0,0.76,85.3,112.2,470.4,618.9,quarterly as reported,"Bristol Myers Squibb Reports Third Quarter Financial Results for 2022 (press release, Form 8-K exhibit 99.1, 25 Oct 2022)",https://www.sec.gov/Archives/edgar/data/14272/000001427222000194/q32022ex991.htm
breyanzi,US,2022Q4,2022-10-01,2022-12-31,one-time,42.0,2022Q4,verified-from-source,False,410300.0,0.76,102.4,134.7,572.8,753.6,quarterly as reported,"Bristol Myers Squibb Reports Fourth Quarter and Full-Year Financial Results for 2022 (press release, Form 8-K exhibit 99.1, 2 Feb 2023)",https://www.sec.gov/Archives/edgar/data/14272/000001427223000018/q42022ex991.htm
breyanzi,US,2023Q1,2023-01-01,2023-03-31,one-time,58.0,2023Q1,verified-from-source,False,410300.0,0.76,141.4,186.0,714.1,939.6,quarterly as reported,"Bristol Myers Squibb Reports First Quarter Financial Results for 2024 (press release, Form 8-K exhibit 99.1, 25 Apr 2024)",https://www.sec.gov/Archives/edgar/data/14272/000001427224000094/q12024ex991-filing.htm
breyanzi,US,2023Q2,2023-04-01,2023-06-30,one-time,83.0,2023Q2,verified-from-source,False,410300.0,0.76,202.3,266.2,916.4,1205.8,quarterly as reported,"Bristol Myers Squibb Reports Second Quarter Financial Results for 2024 (press release, Form 8-K exhibit 99.1, 26 Jul 2024)",https://www.sec.gov/Archives/edgar/data/14272/000001427224000121/q22024ex991-filing.htm
breyanzi,US,2023Q3,2023-07-01,2023-09-30,one-time,77.0,2023Q3,verified-from-source,False,410300.0,0.76,187.7,246.9,1104.1,1452.7,quarterly as reported,"Bristol Myers Squibb Reports Third Quarter Financial Results for 2024 (press release, Form 8-K exhibit 99.1, 31 Oct 2024)",https://www.sec.gov/Archives/edgar/data/14272/000001427224000145/q32024ex991-filing.htm
breyanzi,US,2023Q4,2023-10-01,2023-12-31,one-time,85.0,2023Q4,verified-from-source,False,410300.0,0.76,207.2,272.6,1311.2,1725.3,quarterly as reported,"Bristol Myers Squibb Reports Fourth Quarter and Full-Year Financial Results for 2024 (press release, Form 8-K exhibit 99.1, 6 Feb 2025)",https://www.sec.gov/Archives/edgar/data/14272/000001427225000037/a2024ex991-filing.htm
breyanzi,US,2024Q1,2024-01-01,2024-03-31,one-time,87.0,2024Q1,verified-from-source,False,410300.0,0.76,212.0,279.0,1523.3,2004.3,quarterly as reported,"Bristol Myers Squibb Reports First Quarter Financial Results for 2024 (press release, Form 8-K exhibit 99.1, 25 Apr 2024)",https://www.sec.gov/Archives/edgar/data/14272/000001427224000094/q12024ex991-filing.htm
breyanzi,US,2024Q2,2024-04-01,2024-06-30,one-time,122.0,2024Q2,verified-from-source,False,410300.0,0.76,297.3,391.2,1820.6,2395.6,quarterly as reported,"Bristol Myers Squibb Reports Second Quarter Financial Results for 2024 (press release, Form 8-K exhibit 99.1, 26 Jul 2024)",https://www.sec.gov/Archives/edgar/data/14272/000001427224000121/q22024ex991-filing.htm
breyanzi,US,2024Q3,2024-07-01,2024-09-30,one-time,173.0,2024Q3,verified-from-source,False,410300.0,0.76,421.6,554.8,2242.3,2950.3,quarterly as reported,"Bristol Myers Squibb Reports Third Quarter Financial Results for 2024 (press release, Form 8-K exhibit 99.1, 31 Oct 2024)",https://www.sec.gov/Archives/edgar/data/14272/000001427224000145/q32024ex991-filing.htm
breyanzi,US,2024Q4,2024-10-01,2024-12-31,one-time,209.0,2024Q4,verified-from-source,False,410300.0,0.76,509.4,670.2,2751.6,3620.6,quarterly as reported,"Bristol Myers Squibb Reports Fourth Quarter and Full-Year Financial Results for 2024 (press release, Form 8-K exhibit 99.1, 6 Feb 2025)",https://www.sec.gov/Archives/edgar/data/14272/000001427225000037/a2024ex991-filing.htm
breyanzi,US,2025Q1,2025-01-01,2025-03-31,one-time,204.0,2025Q1,verified-from-source,False,410300.0,0.76,497.2,654.2,3248.8,4274.8,quarterly as reported,"Bristol Myers Squibb Reports First Quarter Financial Results for 2025 (press release, Form 8-K exhibit 99.1, 24 Apr 2025)",https://www.sec.gov/Archives/edgar/data/14272/000001427225000089/a2025q1ex991-filing.htm
breyanzi,US,2025Q2,2025-04-01,2025-06-30,one-time,255.0,2025Q2,verified-from-source,False,410300.0,0.76,621.5,817.8,3870.3,5092.6,quarterly as reported,"Bristol Myers Squibb Reports Second Quarter Financial Results for 2025 (press release, Form 8-K exhibit 99.1, 31 Jul 2025)",https://www.sec.gov/Archives/edgar/data/14272/000001427225000129/a2025q2ex991-filing.htm
breyanzi,US,2025Q3,2025-07-01,2025-09-30,one-time,251.0,2025Q3,verified-from-source,False,410300.0,0.76,611.7,804.9,4482.1,5897.5,quarterly as reported,"Bristol Myers Squibb Reports Third Quarter Financial Results for 2025 (press release, Form 8-K exhibit 99.1, 30 Oct 2025)",https://www.sec.gov/Archives/edgar/data/14272/000001427225000147/a2025q3ex991.htm
breyanzi,US,2025Q4,2025-10-01,2025-12-31,one-time,284.0,2025Q4,verified-from-source,False,410300.0,0.76,692.2,910.8,5174.3,6808.2,quarterly as reported,"Bristol Myers Squibb Reports Fourth Quarter and Full-Year Financial Results for 2025 (press release, Form 8-K exhibit 99.1, 5 Feb 2026)",https://www.sec.gov/Archives/edgar/data/14272/000001427226000002/a2025q4ex991.htm
breyanzi,US,2026Q1,2026-01-01,2026-03-31,one-time,292.0,2026Q1,verified-from-source,False,410300.0,0.76,711.7,936.4,5885.9,7744.7,quarterly as reported,"Bristol Myers Squibb Reports First Quarter Financial Results for 2026 (press release, Form 8-K exhibit 99.1, 30 Apr 2026)",https://www.sec.gov/Archives/edgar/data/14272/000001427226000008/a2026q1ex991.htm
breyanzi,US,2026Q2,2026-04-01,2026-06-30,one-time,354.0,2026Q2,verified-from-source,False,410300.0,0.76,862.8,1135.2,6748.7,8879.9,quarterly as reported,"Bristol Myers Squibb Reports Second Quarter Financial Results for 2026 and Raises Full-Year Outlook (press release, Form 8-K exhibit 99.1, 30 Jul 2026)",https://www.sec.gov/Archives/edgar/data/14272/000001427226000018/a2026q2ex991-filing.htm
breyanzi,Europe,2021Q2,2021-04-01,2021-06-30,one-time,0.0,2021Q2,derived,False,410300.0,0.76,0.0,0.0,0.0,0.0,quarterly as reported,"Bristol Myers Squibb Reports Second Quarter Financial Results for 2022 (press release, Form 8-K exhibit 99.1, 27 Jul 2022)",https://www.sec.gov/Archives/edgar/data/14272/000001427222000164/q22022ex991.htm
breyanzi,Europe,2021Q3,2021-07-01,2021-09-30,one-time,1.0,2021Q3,derived,False,410300.0,0.76,2.4,3.2,2.4,3.2,quarterly as reported,"Bristol Myers Squibb Reports Third Quarter Financial Results for 2022 (press release, Form 8-K exhibit 99.1, 25 Oct 2022)",https://www.sec.gov/Archives/edgar/data/14272/000001427222000194/q32022ex991.htm
breyanzi,Europe,2021Q4,2021-10-01,2021-12-31,one-time,2.0,2021Q4,derived,False,410300.0,0.76,4.9,6.4,7.3,9.6,quarterly as reported,"Bristol Myers Squibb Reports Fourth Quarter and Full-Year Financial Results for 2022 (press release, Form 8-K exhibit 99.1, 2 Feb 2023)",https://www.sec.gov/Archives/edgar/data/14272/000001427223000018/q42022ex991.htm
breyanzi,Europe,2022Q1,2022-01-01,2022-03-31,one-time,3.0,2022Q1,derived,False,410300.0,0.76,7.3,9.6,14.6,19.2,quarterly as reported,"Bristol Myers Squibb Reports First Quarter Financial Results for 2022 (press release, Form 8-K exhibit 99.1, 29 Apr 2022)",https://www.sec.gov/Archives/edgar/data/14272/000001427222000112/q12022ex991.htm
breyanzi,Europe,2022Q2,2022-04-01,2022-06-30,one-time,6.0,2022Q2,derived,False,410300.0,0.76,14.6,19.2,29.2,38.5,quarterly as reported,"Bristol Myers Squibb Reports Second Quarter Financial Results for 2022 (press release, Form 8-K exhibit 99.1, 27 Jul 2022)",https://www.sec.gov/Archives/edgar/data/14272/000001427222000164/q22022ex991.htm
breyanzi,Europe,2022Q3,2022-07-01,2022-09-30,one-time,9.0,2022Q3,derived,False,410300.0,0.76,21.9,28.9,51.2,67.3,quarterly as reported,"Bristol Myers Squibb Reports Third Quarter Financial Results for 2022 (press release, Form 8-K exhibit 99.1, 25 Oct 2022)",https://www.sec.gov/Archives/edgar/data/14272/000001427222000194/q32022ex991.htm
breyanzi,Europe,2022Q4,2022-10-01,2022-12-31,one-time,13.0,2022Q4,derived,False,410300.0,0.76,31.7,41.7,82.9,109.0,quarterly as reported,"Bristol Myers Squibb Reports Fourth Quarter and Full-Year Financial Results for 2022 (press release, Form 8-K exhibit 99.1, 2 Feb 2023)",https://www.sec.gov/Archives/edgar/data/14272/000001427223000018/q42022ex991.htm
breyanzi,Europe,2023Q1,2023-01-01,2023-03-31,one-time,13.0,2023Q1,verified-from-source,False,410300.0,0.76,31.7,41.7,114.6,150.7,quarterly as reported,"Bristol Myers Squibb Reports First Quarter Financial Results for 2024 (press release, Form 8-K exhibit 99.1, 25 Apr 2024)",https://www.sec.gov/Archives/edgar/data/14272/000001427224000094/q12024ex991-filing.htm
breyanzi,Europe,2023Q2,2023-04-01,2023-06-30,one-time,17.0,2023Q2,verified-from-source,False,410300.0,0.76,41.4,54.5,156.0,205.2,quarterly as reported,"Bristol Myers Squibb Reports Second Quarter Financial Results for 2024 (press release, Form 8-K exhibit 99.1, 26 Jul 2024)",https://www.sec.gov/Archives/edgar/data/14272/000001427224000121/q22024ex991-filing.htm
breyanzi,Europe,2023Q3,2023-07-01,2023-09-30,one-time,15.0,2023Q3,verified-from-source,False,410300.0,0.76,36.6,48.1,192.5,253.3,quarterly as reported,"Bristol Myers Squibb Reports Third Quarter Financial Results for 2024 (press release, Form 8-K exhibit 99.1, 31 Oct 2024)",https://www.sec.gov/Archives/edgar/data/14272/000001427224000145/q32024ex991-filing.htm
breyanzi,Europe,2023Q4,2023-10-01,2023-12-31,one-time,16.0,2023Q4,verified-from-source,False,410300.0,0.76,39.0,51.3,231.5,304.7,quarterly as reported,"Bristol Myers Squibb Reports Fourth Quarter and Full-Year Financial Results for 2024 (press release, Form 8-K exhibit 99.1, 6 Feb 2025)",https://www.sec.gov/Archives/edgar/data/14272/000001427225000037/a2024ex991-filing.htm
breyanzi,Europe,2024Q1,2024-01-01,2024-03-31,one-time,20.0,2024Q1,verified-from-source,False,410300.0,0.76,48.7,64.1,280.3,368.8,quarterly as reported,"Bristol Myers Squibb Reports First Quarter Financial Results for 2024 (press release, Form 8-K exhibit 99.1, 25 Apr 2024)",https://www.sec.gov/Archives/edgar/data/14272/000001427224000094/q12024ex991-filing.htm
breyanzi,Europe,2024Q2,2024-04-01,2024-06-30,one-time,31.0,2024Q2,verified-from-source,False,410300.0,0.76,75.6,99.4,355.8,468.2,quarterly as reported,"Bristol Myers Squibb Reports Second Quarter Financial Results for 2024 (press release, Form 8-K exhibit 99.1, 26 Jul 2024)",https://www.sec.gov/Archives/edgar/data/14272/000001427224000121/q22024ex991-filing.htm
breyanzi,Europe,2024Q3,2024-07-01,2024-09-30,one-time,51.0,2024Q3,verified-from-source,False,410300.0,0.76,124.3,163.6,480.1,631.8,quarterly as reported,"Bristol Myers Squibb Reports Third Quarter Financial Results for 2024 (press release, Form 8-K exhibit 99.1, 31 Oct 2024)",https://www.sec.gov/Archives/edgar/data/14272/000001427224000145/q32024ex991-filing.htm
breyanzi,Europe,2024Q4,2024-10-01,2024-12-31,one-time,54.0,2024Q4,verified-from-source,False,410300.0,0.76,131.6,173.2,611.7,804.9,quarterly as reported,"Bristol Myers Squibb Reports Fourth Quarter and Full-Year Financial Results for 2024 (press release, Form 8-K exhibit 99.1, 6 Feb 2025)",https://www.sec.gov/Archives/edgar/data/14272/000001427225000037/a2024ex991-filing.htm
breyanzi,Europe,2025Q1,2025-01-01,2025-03-31,one-time,60.0,2025Q1,verified-from-source,False,410300.0,0.76,146.2,192.4,758.0,997.3,quarterly as reported,"Bristol Myers Squibb Reports First Quarter Financial Results for 2025 (press release, Form 8-K exhibit 99.1, 24 Apr 2025)",https://www.sec.gov/Archives/edgar/data/14272/000001427225000089/a2025q1ex991-filing.htm
breyanzi,Europe,2025Q2,2025-04-01,2025-06-30,one-time,88.0,2025Q2,verified-from-source,False,410300.0,0.76,214.5,282.2,972.5,1279.6,quarterly as reported,"Bristol Myers Squibb Reports Second Quarter Financial Results for 2025 (press release, Form 8-K exhibit 99.1, 31 Jul 2025)",https://www.sec.gov/Archives/edgar/data/14272/000001427225000129/a2025q2ex991-filing.htm
breyanzi,Europe,2025Q3,2025-07-01,2025-09-30,one-time,109.0,2025Q3,verified-from-source,False,410300.0,0.76,265.7,349.6,1238.1,1629.1,quarterly as reported,"Bristol Myers Squibb Reports Third Quarter Financial Results for 2025 (press release, Form 8-K exhibit 99.1, 30 Oct 2025)",https://www.sec.gov/Archives/edgar/data/14272/000001427225000147/a2025q3ex991.htm
breyanzi,Europe,2025Q4,2025-10-01,2025-12-31,one-time,107.0,2025Q4,verified-from-source,False,410300.0,0.76,260.8,343.1,1498.9,1972.2,quarterly as reported,"Bristol Myers Squibb Reports Fourth Quarter and Full-Year Financial Results for 2025 (press release, Form 8-K exhibit 99.1, 5 Feb 2026)",https://www.sec.gov/Archives/edgar/data/14272/000001427226000002/a2025q4ex991.htm
breyanzi,Europe,2026Q1,2026-01-01,2026-03-31,one-time,120.0,2026Q1,verified-from-source,False,410300.0,0.76,292.5,384.8,1791.4,2357.1,quarterly as reported,"Bristol Myers Squibb Reports First Quarter Financial Results for 2026 (press release, Form 8-K exhibit 99.1, 30 Apr 2026)",https://www.sec.gov/Archives/edgar/data/14272/000001427226000008/a2026q1ex991.htm
breyanzi,Europe,2026Q2,2026-04-01,2026-06-30,one-time,131.0,2026Q2,verified-from-source,False,410300.0,0.76,319.3,420.1,2110.7,2777.2,quarterly as reported,"Bristol Myers Squibb Reports Second Quarter Financial Results for 2026 and Raises Full-Year Outlook (press release, Form 8-K exhibit 99.1, 30 Jul 2026)",https://www.sec.gov/Archives/edgar/data/14272/000001427226000018/a2026q2ex991-filing.htm
breyanzi,Total,2021Q2,2021-04-01,2021-06-30,one-time,17.0,2021Q2,verified-from-source,False,410300.0,0.76,41.4,54.5,41.4,54.5,quarterly as reported,"Bristol Myers Squibb Reports Second Quarter Financial Results for 2022 (press release, Form 8-K exhibit 99.1, 27 Jul 2022)",https://www.sec.gov/Archives/edgar/data/14272/000001427222000164/q22022ex991.htm
breyanzi,Total,2021Q3,2021-07-01,2021-09-30,one-time,30.0,2021Q3,verified-from-source,False,410300.0,0.76,73.1,96.2,114.6,150.7,quarterly as reported,"Bristol Myers Squibb Reports Third Quarter Financial Results for 2022 (press release, Form 8-K exhibit 99.1, 25 Oct 2022)",https://www.sec.gov/Archives/edgar/data/14272/000001427222000194/q32022ex991.htm
breyanzi,Total,2021Q4,2021-10-01,2021-12-31,one-time,40.0,2021Q4,verified-from-source,False,410300.0,0.76,97.5,128.3,212.0,279.0,quarterly as reported,"Bristol Myers Squibb Reports Fourth Quarter and Full-Year Financial Results for 2022 (press release, Form 8-K exhibit 99.1, 2 Feb 2023)",https://www.sec.gov/Archives/edgar/data/14272/000001427223000018/q42022ex991.htm
breyanzi,Total,2022Q1,2022-01-01,2022-03-31,one-time,44.0,2022Q1,verified-from-source,False,410300.0,0.76,107.2,141.1,319.3,420.1,quarterly as reported,"Bristol Myers Squibb Reports First Quarter Financial Results for 2022 (press release, Form 8-K exhibit 99.1, 29 Apr 2022)",https://www.sec.gov/Archives/edgar/data/14272/000001427222000112/q12022ex991.htm
breyanzi,Total,2022Q2,2022-04-01,2022-06-30,one-time,39.0,2022Q2,verified-from-source,False,410300.0,0.76,95.1,125.1,414.3,545.2,quarterly as reported,"Bristol Myers Squibb Reports Second Quarter Financial Results for 2022 (press release, Form 8-K exhibit 99.1, 27 Jul 2022)",https://www.sec.gov/Archives/edgar/data/14272/000001427222000164/q22022ex991.htm
breyanzi,Total,2022Q3,2022-07-01,2022-09-30,one-time,44.0,2022Q3,verified-from-source,False,410300.0,0.76,107.2,141.1,521.6,686.3,quarterly as reported,"Bristol Myers Squibb Reports Third Quarter Financial Results for 2022 (press release, Form 8-K exhibit 99.1, 25 Oct 2022)",https://www.sec.gov/Archives/edgar/data/14272/000001427222000194/q32022ex991.htm
breyanzi,Total,2022Q4,2022-10-01,2022-12-31,one-time,55.0,2022Q4,verified-from-source,False,410300.0,0.76,134.0,176.4,655.6,862.7,quarterly as reported,"Bristol Myers Squibb Reports Fourth Quarter and Full-Year Financial Results for 2022 (press release, Form 8-K exhibit 99.1, 2 Feb 2023)",https://www.sec.gov/Archives/edgar/data/14272/000001427223000018/q42022ex991.htm
breyanzi,Total,2023Q1,2023-01-01,2023-03-31,one-time,71.0,2023Q1,verified-from-source,False,410300.0,0.76,173.0,227.7,828.7,1090.3,quarterly as reported,"Bristol Myers Squibb Reports First Quarter Financial Results for 2024 (press release, Form 8-K exhibit 99.1, 25 Apr 2024)",https://www.sec.gov/Archives/edgar/data/14272/000001427224000094/q12024ex991-filing.htm
breyanzi,Total,2023Q2,2023-04-01,2023-06-30,one-time,100.0,2023Q2,verified-from-source,False,410300.0,0.76,243.7,320.7,1072.4,1411.0,quarterly as reported,"Bristol Myers Squibb Reports Second Quarter Financial Results for 2024 (press release, Form 8-K exhibit 99.1, 26 Jul 2024)",https://www.sec.gov/Archives/edgar/data/14272/000001427224000121/q22024ex991-filing.htm
breyanzi,Total,2023Q3,2023-07-01,2023-09-30,one-time,92.0,2023Q3,verified-from-source,False,410300.0,0.76,224.2,295.0,1296.6,1706.1,quarterly as reported,"Bristol Myers Squibb Reports Third Quarter Financial Results for 2024 (press release, Form 8-K exhibit 99.1, 31 Oct 2024)",https://www.sec.gov/Archives/edgar/data/14272/000001427224000145/q32024ex991-filing.htm
breyanzi,Total,2023Q4,2023-10-01,2023-12-31,one-time,101.0,2023Q4,verified-from-source,False,410300.0,0.76,246.2,323.9,1542.8,2030.0,quarterly as reported,"Bristol Myers Squibb Reports Fourth Quarter and Full-Year Financial Results for 2024 (press release, Form 8-K exhibit 99.1, 6 Feb 2025)",https://www.sec.gov/Archives/edgar/data/14272/000001427225000037/a2024ex991-filing.htm
breyanzi,Total,2024Q1,2024-01-01,2024-03-31,one-time,107.0,2024Q1,verified-from-source,False,410300.0,0.76,260.8,343.1,1803.6,2373.1,quarterly as reported,"Bristol Myers Squibb Reports First Quarter Financial Results for 2024 (press release, Form 8-K exhibit 99.1, 25 Apr 2024)",https://www.sec.gov/Archives/edgar/data/14272/000001427224000094/q12024ex991-filing.htm
breyanzi,Total,2024Q2,2024-04-01,2024-06-30,one-time,153.0,2024Q2,verified-from-source,False,410300.0,0.76,372.9,490.7,2176.5,2863.8,quarterly as reported,"Bristol Myers Squibb Reports Second Quarter Financial Results for 2024 (press release, Form 8-K exhibit 99.1, 26 Jul 2024)",https://www.sec.gov/Archives/edgar/data/14272/000001427224000121/q22024ex991-filing.htm
breyanzi,Total,2024Q3,2024-07-01,2024-09-30,one-time,224.0,2024Q3,verified-from-source,False,410300.0,0.76,545.9,718.3,2722.4,3582.1,quarterly as reported,"Bristol Myers Squibb Reports Third Quarter Financial Results for 2024 (press release, Form 8-K exhibit 99.1, 31 Oct 2024)",https://www.sec.gov/Archives/edgar/data/14272/000001427224000145/q32024ex991-filing.htm
breyanzi,Total,2024Q4,2024-10-01,2024-12-31,one-time,263.0,2024Q4,verified-from-source,False,410300.0,0.76,641.0,843.4,3363.4,4425.5,quarterly as reported,"Bristol Myers Squibb Reports Fourth Quarter and Full-Year Financial Results for 2024 (press release, Form 8-K exhibit 99.1, 6 Feb 2025)",https://www.sec.gov/Archives/edgar/data/14272/000001427225000037/a2024ex991-filing.htm
breyanzi,Total,2025Q1,2025-01-01,2025-03-31,one-time,263.0,2025Q1,verified-from-source,False,410300.0,0.76,641.0,843.4,4004.4,5268.9,quarterly as reported,"Bristol Myers Squibb Reports First Quarter Financial Results for 2025 (press release, Form 8-K exhibit 99.1, 24 Apr 2025)",https://www.sec.gov/Archives/edgar/data/14272/000001427225000089/a2025q1ex991-filing.htm
breyanzi,Total,2025Q2,2025-04-01,2025-06-30,one-time,344.0,2025Q2,verified-from-source,False,410300.0,0.76,838.4,1103.2,4842.8,6372.1,quarterly as reported,"Bristol Myers Squibb Reports Second Quarter Financial Results for 2025 (press release, Form 8-K exhibit 99.1, 31 Jul 2025)",https://www.sec.gov/Archives/edgar/data/14272/000001427225000129/a2025q2ex991-filing.htm
breyanzi,Total,2025Q3,2025-07-01,2025-09-30,one-time,359.0,2025Q3,verified-from-source,False,410300.0,0.76,875.0,1151.3,5717.8,7523.4,quarterly as reported,"Bristol Myers Squibb Reports Third Quarter Financial Results for 2025 (press release, Form 8-K exhibit 99.1, 30 Oct 2025)",https://www.sec.gov/Archives/edgar/data/14272/000001427225000147/a2025q3ex991.htm
breyanzi,Total,2025Q4,2025-10-01,2025-12-31,one-time,392.0,2025Q4,verified-from-source,False,410300.0,0.76,955.4,1257.1,6673.2,8780.5,quarterly as reported,"Bristol Myers Squibb Reports Fourth Quarter and Full-Year Financial Results for 2025 (press release, Form 8-K exhibit 99.1, 5 Feb 2026)",https://www.sec.gov/Archives/edgar/data/14272/000001427226000002/a2025q4ex991.htm
breyanzi,Total,2026Q1,2026-01-01,2026-03-31,one-time,411.0,2026Q1,verified-from-source,False,410300.0,0.76,1001.7,1318.0,7674.9,10098.5,quarterly as reported,"Bristol Myers Squibb Reports First Quarter Financial Results for 2026 (press release, Form 8-K exhibit 99.1, 30 Apr 2026)",https://www.sec.gov/Archives/edgar/data/14272/000001427226000008/a2026q1ex991.htm
breyanzi,Total,2026Q2,2026-04-01,2026-06-30,one-time,484.0,2026Q2,verified-from-source,False,410300.0,0.76,1179.6,1552.1,8854.5,11650.7,quarterly as reported,"Bristol Myers Squibb Reports Second Quarter Financial Results for 2026 and Raises Full-Year Outlook (press release, Form 8-K exhibit 99.1, 30 Jul 2026)",https://www.sec.gov/Archives/edgar/data/14272/000001427226000018/a2026q2ex991-filing.htm
carvykti,US,2022Q2,2022-04-01,2022-06-30,one-time,24.0,2022Q2,verified-from-source,False,465000.0,0.76,51.6,67.9,51.6,67.9,quarterly as reported,"Johnson & Johnson Supplementary Sales Data, second quarter and six months 2023 (Form 8-K exhibit 99.2, 20 Jul 2023)",https://www.sec.gov/Archives/edgar/data/200406/000020040623000073/a2023q2exhibit992.htm
carvykti,US,2022Q3,2022-07-01,2022-09-30,one-time,55.0,2022Q3,verified-from-source,False,465000.0,0.76,118.3,155.6,169.9,223.5,quarterly as reported,"Johnson & Johnson Supplementary Sales Data, third quarter and nine months 2023 (Form 8-K exhibit 99.2, 17 Oct 2023)",https://www.sec.gov/Archives/edgar/data/200406/000020040623000094/a2023q3exhibit992.htm
carvykti,US,2022Q4,2022-10-01,2022-12-31,one-time,54.0,2022Q4,verified-from-source,False,465000.0,0.76,116.1,152.8,286.0,376.3,quarterly as reported,"Johnson & Johnson Supplementary Sales Data, fourth quarter and twelve months 2023 (Form 8-K exhibit 99.2, 23 Jan 2024)",https://www.sec.gov/Archives/edgar/data/200406/000020040624000004/a2023q4exhibit992.htm
carvykti,US,2023Q1,2023-01-01,2023-03-31,one-time,70.0,2023Q1,verified-from-source,False,465000.0,0.76,150.5,198.1,436.6,574.4,quarterly as reported,"Johnson & Johnson Supplementary Sales Data, first quarter 2024 (Form 8-K exhibit 99.2, 16 Apr 2024)",https://www.sec.gov/Archives/edgar/data/200406/000020040624000031/a2024q1exhibit992.htm
carvykti,US,2023Q2,2023-04-01,2023-06-30,one-time,114.0,2023Q2,verified-from-source,False,465000.0,0.76,245.2,322.6,681.7,897.0,quarterly as reported,"Johnson & Johnson Supplementary Sales Data, second quarter and six months 2023 (Form 8-K exhibit 99.2, 20 Jul 2023)",https://www.sec.gov/Archives/edgar/data/200406/000020040623000073/a2023q2exhibit992.htm
carvykti,US,2023Q3,2023-07-01,2023-09-30,one-time,140.0,2023Q3,verified-from-source,False,465000.0,0.76,301.1,396.2,982.8,1293.2,quarterly as reported,"Johnson & Johnson Supplementary Sales Data, third quarter and nine months 2023 (Form 8-K exhibit 99.2, 17 Oct 2023)",https://www.sec.gov/Archives/edgar/data/200406/000020040623000094/a2023q3exhibit992.htm
carvykti,US,2023Q4,2023-10-01,2023-12-31,one-time,145.0,2023Q4,verified-from-source,False,465000.0,0.76,311.8,410.3,1294.6,1703.5,quarterly as reported,"Johnson & Johnson Supplementary Sales Data, fourth quarter and twelve months 2023 (Form 8-K exhibit 99.2, 23 Jan 2024)",https://www.sec.gov/Archives/edgar/data/200406/000020040624000004/a2023q4exhibit992.htm
carvykti,US,2024Q1,2024-01-01,2024-03-31,one-time,140.0,2024Q1,verified-from-source,False,465000.0,0.76,301.1,396.2,1595.7,2099.6,quarterly as reported,"Johnson & Johnson Supplementary Sales Data, first quarter 2024 (Form 8-K exhibit 99.2, 16 Apr 2024)",https://www.sec.gov/Archives/edgar/data/200406/000020040624000031/a2024q1exhibit992.htm
carvykti,US,2024Q2,2024-04-01,2024-06-30,one-time,167.0,2024Q2,verified-from-source,False,465000.0,0.76,359.1,472.6,1954.8,2572.2,quarterly as reported,"Johnson & Johnson Supplementary Sales Data, second quarter and six months 2025 (Form 8-K exhibit 99.2, 16 Jul 2025)",https://www.sec.gov/Archives/edgar/data/200406/000020040625000170/a2025q2exhibit992.htm
carvykti,US,2024Q3,2024-07-01,2024-09-30,one-time,258.0,2024Q3,verified-from-source,False,465000.0,0.76,554.8,730.1,2509.7,3302.2,quarterly as reported,"Johnson & Johnson Supplementary Sales Data, third quarter and nine months 2025 (Form 8-K exhibit 99.2, 14 Oct 2025)",https://www.sec.gov/Archives/edgar/data/200406/000020040625000201/a2025q3exhibit992.htm
carvykti,US,2024Q4,2024-10-01,2024-12-31,one-time,304.0,2024Q4,verified-from-source,False,465000.0,0.76,653.8,860.2,3163.4,4162.4,quarterly as reported,"Johnson & Johnson Supplementary Sales Data, fourth quarter and twelve months 2025 (Form 8-K exhibit 99.2, 21 Jan 2026)",https://www.sec.gov/Archives/edgar/data/200406/000020040626000002/a2025q4exhibit992.htm
carvykti,US,2025Q1,2025-01-01,2025-03-31,one-time,318.0,2025Q1,verified-from-source,False,465000.0,0.76,683.9,899.8,3847.3,5062.3,quarterly as reported,"Johnson & Johnson Supplementary Sales Data, first quarter 2026 (Form 8-K exhibit 99.2, 14 Apr 2026)",https://www.sec.gov/Archives/edgar/data/200406/000020040626000076/a2026q1exhibit992.htm
carvykti,US,2025Q2,2025-04-01,2025-06-30,one-time,358.0,2025Q2,verified-from-source,False,465000.0,0.76,769.9,1013.0,4617.2,6075.3,quarterly as reported,"Johnson & Johnson Supplementary Sales Data, second quarter and six months 2025 (Form 8-K exhibit 99.2, 16 Jul 2025)",https://www.sec.gov/Archives/edgar/data/200406/000020040625000170/a2025q2exhibit992.htm
carvykti,US,2025Q3,2025-07-01,2025-09-30,one-time,396.0,2025Q3,verified-from-source,False,465000.0,0.76,851.6,1120.5,5468.8,7195.8,quarterly as reported,"Johnson & Johnson Supplementary Sales Data, third quarter and nine months 2025 (Form 8-K exhibit 99.2, 14 Oct 2025)",https://www.sec.gov/Archives/edgar/data/200406/000020040625000201/a2025q3exhibit992.htm
carvykti,US,2025Q4,2025-10-01,2025-12-31,one-time,420.0,2025Q4,verified-from-source,False,465000.0,0.76,903.2,1188.5,6372.0,8384.3,quarterly as reported,"Johnson & Johnson Supplementary Sales Data, fourth quarter and twelve months 2025 (Form 8-K exhibit 99.2, 21 Jan 2026)",https://www.sec.gov/Archives/edgar/data/200406/000020040626000002/a2025q4exhibit992.htm
carvykti,US,2026Q1,2026-01-01,2026-03-31,one-time,433.0,2026Q1,verified-from-source,False,465000.0,0.76,931.2,1225.2,7303.2,9609.5,quarterly as reported,"Johnson & Johnson Supplementary Sales Data, first quarter 2026 (Form 8-K exhibit 99.2, 14 Apr 2026)",https://www.sec.gov/Archives/edgar/data/200406/000020040626000076/a2026q1exhibit992.htm
carvykti,US,2026Q2,2026-04-01,2026-06-30,one-time,472.0,2026Q2,verified-from-source,False,465000.0,0.76,1015.1,1335.6,8318.3,10945.1,quarterly as reported,"Johnson & Johnson Supplementary Sales Data, second quarter and six months 2026 (Form 8-K exhibit 99.2, 15 Jul 2026)",https://www.sec.gov/Archives/edgar/data/200406/000020040626000146/a2026q2exhibit992.htm
carvykti,Europe,2023Q1,2023-01-01,2023-03-31,one-time,2.0,2023Q1,verified-from-source,False,465000.0,0.76,4.3,5.7,4.3,5.7,quarterly as reported,"Johnson & Johnson Supplementary Sales Data, first quarter 2024 (Form 8-K exhibit 99.2, 16 Apr 2024)",https://www.sec.gov/Archives/edgar/data/200406/000020040624000031/a2024q1exhibit992.htm
carvykti,Europe,2023Q2,2023-04-01,2023-06-30,one-time,3.0,2023Q2,verified-from-source,False,465000.0,0.76,6.5,8.5,10.8,14.1,quarterly as reported,"Johnson & Johnson Supplementary Sales Data, second quarter and six months 2023 (Form 8-K exhibit 99.2, 20 Jul 2023)",https://www.sec.gov/Archives/edgar/data/200406/000020040623000073/a2023q2exhibit992.htm
carvykti,Europe,2023Q3,2023-07-01,2023-09-30,one-time,12.0,2023Q3,verified-from-source,False,465000.0,0.76,25.8,34.0,36.6,48.1,quarterly as reported,"Johnson & Johnson Supplementary Sales Data, third quarter and nine months 2023 (Form 8-K exhibit 99.2, 17 Oct 2023)",https://www.sec.gov/Archives/edgar/data/200406/000020040623000094/a2023q3exhibit992.htm
carvykti,Europe,2023Q4,2023-10-01,2023-12-31,one-time,13.0,2023Q4,verified-from-source,False,465000.0,0.76,28.0,36.8,64.5,84.9,quarterly as reported,"Johnson & Johnson Supplementary Sales Data, fourth quarter and twelve months 2023 (Form 8-K exhibit 99.2, 23 Jan 2024)",https://www.sec.gov/Archives/edgar/data/200406/000020040624000004/a2023q4exhibit992.htm
carvykti,Europe,2024Q1,2024-01-01,2024-03-31,one-time,16.0,2024Q1,verified-from-source,False,465000.0,0.76,34.4,45.3,98.9,130.2,quarterly as reported,"Johnson & Johnson Supplementary Sales Data, first quarter 2024 (Form 8-K exhibit 99.2, 16 Apr 2024)",https://www.sec.gov/Archives/edgar/data/200406/000020040624000031/a2024q1exhibit992.htm
carvykti,Europe,2024Q2,2024-04-01,2024-06-30,one-time,20.0,2024Q2,verified-from-source,False,465000.0,0.76,43.0,56.6,141.9,186.8,quarterly as reported,"Johnson & Johnson Supplementary Sales Data, second quarter and six months 2025 (Form 8-K exhibit 99.2, 16 Jul 2025)",https://www.sec.gov/Archives/edgar/data/200406/000020040625000170/a2025q2exhibit992.htm
carvykti,Europe,2024Q3,2024-07-01,2024-09-30,one-time,27.0,2024Q3,verified-from-source,False,465000.0,0.76,58.1,76.4,200.0,263.2,quarterly as reported,"Johnson & Johnson Supplementary Sales Data, third quarter and nine months 2025 (Form 8-K exhibit 99.2, 14 Oct 2025)",https://www.sec.gov/Archives/edgar/data/200406/000020040625000201/a2025q3exhibit992.htm
carvykti,Europe,2024Q4,2024-10-01,2024-12-31,one-time,31.0,2024Q4,verified-from-source,False,465000.0,0.76,66.7,87.7,266.7,350.9,quarterly as reported,"Johnson & Johnson Supplementary Sales Data, fourth quarter and twelve months 2025 (Form 8-K exhibit 99.2, 21 Jan 2026)",https://www.sec.gov/Archives/edgar/data/200406/000020040626000002/a2025q4exhibit992.htm
carvykti,Europe,2025Q1,2025-01-01,2025-03-31,one-time,51.0,2025Q1,verified-from-source,False,465000.0,0.76,109.7,144.3,376.3,495.2,quarterly as reported,"Johnson & Johnson Supplementary Sales Data, first quarter 2026 (Form 8-K exhibit 99.2, 14 Apr 2026)",https://www.sec.gov/Archives/edgar/data/200406/000020040626000076/a2026q1exhibit992.htm
carvykti,Europe,2025Q2,2025-04-01,2025-06-30,one-time,81.0,2025Q2,verified-from-source,False,465000.0,0.76,174.2,229.2,550.5,724.4,quarterly as reported,"Johnson & Johnson Supplementary Sales Data, second quarter and six months 2025 (Form 8-K exhibit 99.2, 16 Jul 2025)",https://www.sec.gov/Archives/edgar/data/200406/000020040625000170/a2025q2exhibit992.htm
carvykti,Europe,2025Q3,2025-07-01,2025-09-30,one-time,128.0,2025Q3,verified-from-source,False,465000.0,0.76,275.3,362.2,825.8,1086.6,quarterly as reported,"Johnson & Johnson Supplementary Sales Data, third quarter and nine months 2025 (Form 8-K exhibit 99.2, 14 Oct 2025)",https://www.sec.gov/Archives/edgar/data/200406/000020040625000201/a2025q3exhibit992.htm
carvykti,Europe,2025Q4,2025-10-01,2025-12-31,one-time,135.0,2025Q4,verified-from-source,False,465000.0,0.76,290.3,382.0,1116.1,1468.6,quarterly as reported,"Johnson & Johnson Supplementary Sales Data, fourth quarter and twelve months 2025 (Form 8-K exhibit 99.2, 21 Jan 2026)",https://www.sec.gov/Archives/edgar/data/200406/000020040626000002/a2025q4exhibit992.htm
carvykti,Europe,2026Q1,2026-01-01,2026-03-31,one-time,164.0,2026Q1,verified-from-source,False,465000.0,0.76,352.7,464.1,1468.8,1932.7,quarterly as reported,"Johnson & Johnson Supplementary Sales Data, first quarter 2026 (Form 8-K exhibit 99.2, 14 Apr 2026)",https://www.sec.gov/Archives/edgar/data/200406/000020040626000076/a2026q1exhibit992.htm
carvykti,Europe,2026Q2,2026-04-01,2026-06-30,one-time,185.0,2026Q2,verified-from-source,False,465000.0,0.76,397.8,523.5,1866.7,2456.1,quarterly as reported,"Johnson & Johnson Supplementary Sales Data, second quarter and six months 2026 (Form 8-K exhibit 99.2, 15 Jul 2026)",https://www.sec.gov/Archives/edgar/data/200406/000020040626000146/a2026q2exhibit992.htm
carvykti,Total,2022Q2,2022-04-01,2022-06-30,one-time,24.0,2022Q2,verified-from-source,False,465000.0,0.76,51.6,67.9,51.6,67.9,quarterly as reported,"Johnson & Johnson Supplementary Sales Data, second quarter and six months 2023 (Form 8-K exhibit 99.2, 20 Jul 2023)",https://www.sec.gov/Archives/edgar/data/200406/000020040623000073/a2023q2exhibit992.htm
carvykti,Total,2022Q3,2022-07-01,2022-09-30,one-time,55.0,2022Q3,verified-from-source,False,465000.0,0.76,118.3,155.6,169.9,223.5,quarterly as reported,"Johnson & Johnson Supplementary Sales Data, third quarter and nine months 2023 (Form 8-K exhibit 99.2, 17 Oct 2023)",https://www.sec.gov/Archives/edgar/data/200406/000020040623000094/a2023q3exhibit992.htm
carvykti,Total,2022Q4,2022-10-01,2022-12-31,one-time,54.0,2022Q4,verified-from-source,False,465000.0,0.76,116.1,152.8,286.0,376.3,quarterly as reported,"Johnson & Johnson Supplementary Sales Data, fourth quarter and twelve months 2023 (Form 8-K exhibit 99.2, 23 Jan 2024)",https://www.sec.gov/Archives/edgar/data/200406/000020040624000004/a2023q4exhibit992.htm
carvykti,Total,2023Q1,2023-01-01,2023-03-31,one-time,72.0,2023Q1,verified-from-source,False,465000.0,0.76,154.8,203.7,440.9,580.1,quarterly as reported,"Johnson & Johnson Supplementary Sales Data, first quarter 2024 (Form 8-K exhibit 99.2, 16 Apr 2024)",https://www.sec.gov/Archives/edgar/data/200406/000020040624000031/a2024q1exhibit992.htm
carvykti,Total,2023Q2,2023-04-01,2023-06-30,one-time,117.0,2023Q2,verified-from-source,False,465000.0,0.76,251.6,331.1,692.5,911.1,quarterly as reported,"Johnson & Johnson Supplementary Sales Data, second quarter and six months 2023 (Form 8-K exhibit 99.2, 20 Jul 2023)",https://www.sec.gov/Archives/edgar/data/200406/000020040623000073/a2023q2exhibit992.htm
carvykti,Total,2023Q3,2023-07-01,2023-09-30,one-time,152.0,2023Q3,verified-from-source,False,465000.0,0.76,326.9,430.1,1019.4,1341.3,quarterly as reported,"Johnson & Johnson Supplementary Sales Data, third quarter and nine months 2023 (Form 8-K exhibit 99.2, 17 Oct 2023)",https://www.sec.gov/Archives/edgar/data/200406/000020040623000094/a2023q3exhibit992.htm
carvykti,Total,2023Q4,2023-10-01,2023-12-31,one-time,159.0,2023Q4,verified-from-source,False,465000.0,0.76,341.9,449.9,1361.3,1791.2,quarterly as reported,"Johnson & Johnson Supplementary Sales Data, fourth quarter and twelve months 2023 (Form 8-K exhibit 99.2, 23 Jan 2024)",https://www.sec.gov/Archives/edgar/data/200406/000020040624000004/a2023q4exhibit992.htm
carvykti,Total,2024Q1,2024-01-01,2024-03-31,one-time,157.0,2024Q1,verified-from-source,False,465000.0,0.76,337.6,444.3,1698.9,2235.4,quarterly as reported,"Johnson & Johnson Supplementary Sales Data, first quarter 2024 (Form 8-K exhibit 99.2, 16 Apr 2024)",https://www.sec.gov/Archives/edgar/data/200406/000020040624000031/a2024q1exhibit992.htm
carvykti,Total,2024Q2,2024-04-01,2024-06-30,one-time,186.0,2024Q2,verified-from-source,False,465000.0,0.76,400.0,526.3,2098.9,2761.7,quarterly as reported,"Johnson & Johnson Supplementary Sales Data, second quarter and six months 2025 (Form 8-K exhibit 99.2, 16 Jul 2025)",https://www.sec.gov/Archives/edgar/data/200406/000020040625000170/a2025q2exhibit992.htm
carvykti,Total,2024Q3,2024-07-01,2024-09-30,one-time,286.0,2024Q3,verified-from-source,False,465000.0,0.76,615.1,809.3,2714.0,3571.0,quarterly as reported,"Johnson & Johnson Supplementary Sales Data, third quarter and nine months 2025 (Form 8-K exhibit 99.2, 14 Oct 2025)",https://www.sec.gov/Archives/edgar/data/200406/000020040625000201/a2025q3exhibit992.htm
carvykti,Total,2024Q4,2024-10-01,2024-12-31,one-time,334.0,2024Q4,verified-from-source,False,465000.0,0.76,718.3,945.1,3432.3,4516.1,quarterly as reported,"Johnson & Johnson Supplementary Sales Data, fourth quarter and twelve months 2025 (Form 8-K exhibit 99.2, 21 Jan 2026)",https://www.sec.gov/Archives/edgar/data/200406/000020040626000002/a2025q4exhibit992.htm
carvykti,Total,2025Q1,2025-01-01,2025-03-31,one-time,369.0,2025Q1,verified-from-source,False,465000.0,0.76,793.5,1044.1,4225.8,5560.3,quarterly as reported,"Johnson & Johnson Supplementary Sales Data, first quarter 2026 (Form 8-K exhibit 99.2, 14 Apr 2026)",https://www.sec.gov/Archives/edgar/data/200406/000020040626000076/a2026q1exhibit992.htm
carvykti,Total,2025Q2,2025-04-01,2025-06-30,one-time,439.0,2025Q2,verified-from-source,False,465000.0,0.76,944.1,1242.2,5169.9,6802.5,quarterly as reported,"Johnson & Johnson Supplementary Sales Data, second quarter and six months 2025 (Form 8-K exhibit 99.2, 16 Jul 2025)",https://www.sec.gov/Archives/edgar/data/200406/000020040625000170/a2025q2exhibit992.htm
carvykti,Total,2025Q3,2025-07-01,2025-09-30,one-time,524.0,2025Q3,verified-from-source,False,465000.0,0.76,1126.9,1482.7,6296.8,8285.2,quarterly as reported,"Johnson & Johnson Supplementary Sales Data, third quarter and nine months 2025 (Form 8-K exhibit 99.2, 14 Oct 2025)",https://www.sec.gov/Archives/edgar/data/200406/000020040625000201/a2025q3exhibit992.htm
carvykti,Total,2025Q4,2025-10-01,2025-12-31,one-time,555.0,2025Q4,verified-from-source,False,465000.0,0.76,1193.5,1570.5,7490.3,9855.7,quarterly as reported,"Johnson & Johnson Supplementary Sales Data, fourth quarter and twelve months 2025 (Form 8-K exhibit 99.2, 21 Jan 2026)",https://www.sec.gov/Archives/edgar/data/200406/000020040626000002/a2025q4exhibit992.htm
carvykti,Total,2026Q1,2026-01-01,2026-03-31,one-time,597.0,2026Q1,verified-from-source,False,465000.0,0.76,1283.9,1689.3,8774.2,11545.0,quarterly as reported,"Johnson & Johnson Supplementary Sales Data, first quarter 2026 (Form 8-K exhibit 99.2, 14 Apr 2026)",https://www.sec.gov/Archives/edgar/data/200406/000020040626000076/a2026q1exhibit992.htm
carvykti,Total,2026Q2,2026-04-01,2026-06-30,one-time,657.0,2026Q2,verified-from-source,False,465000.0,0.76,1412.9,1859.1,10187.1,13404.1,quarterly as reported,"Johnson & Johnson Supplementary Sales Data, second quarter and six months 2026 (Form 8-K exhibit 99.2, 15 Jul 2026)",https://www.sec.gov/Archives/edgar/data/200406/000020040626000146/a2026q2exhibit992.htm
casgevy,Total,2023Q4,2023-10-01,2023-12-31,one-time,0.0,2023Q4,verified-from-source,False,2200000.0,0.76,0.0,0.0,0.0,0.0,quarterly as reported,"Vertex 8-K Ex-99.1, Vertex Reports Fourth Quarter and Full Year 2023 Financial Results (2024-02-05)",https://www.sec.gov/Archives/edgar/data/875320/000087532024000012/ex-991_q42023.htm
casgevy,Total,2024Q1,2024-01-01,2024-03-31,one-time,0.0,2024Q1,verified-from-source,False,2200000.0,0.76,0.0,0.0,0.0,0.0,quarterly as reported,"Vertex 8-K Ex-99.1, Vertex Reports First Quarter 2025 Financial Results (2025-05-05) prior-year comparative",https://www.sec.gov/Archives/edgar/data/875320/000087532025000171/ex-991_q12025.htm
casgevy,Total,2024Q2,2024-04-01,2024-06-30,one-time,0.0,2024Q2,verified-from-source,False,2200000.0,0.76,0.0,0.0,0.0,0.0,quarterly as reported,"Vertex 8-K Ex-99.1, Vertex Reports Second Quarter 2025 Financial Results (2025-08-04) prior-year comparative",https://www.sec.gov/Archives/edgar/data/875320/000087532025000213/ex-991_q22025.htm
casgevy,Total,2024Q3,2024-07-01,2024-09-30,one-time,2.0,2024Q3,verified-from-source,False,2200000.0,0.76,0.9,1.2,0.9,1.2,quarterly as reported,"Vertex 8-K Ex-99.1, Vertex Reports Third Quarter 2025 Financial Results (2025-11-03) prior-year comparative",https://www.sec.gov/Archives/edgar/data/875320/000087532025000230/ex-991_q32025.htm
casgevy,Total,2024Q4,2024-10-01,2024-12-31,one-time,8.0,2024Q4,verified-from-source,False,2200000.0,0.76,3.6,4.8,4.5,6.0,quarterly as reported,"Vertex 8-K Ex-99.1, Vertex Reports Fourth Quarter and Full Year 2025 Financial Results (2026-02-12) prior-year comparative",https://www.sec.gov/Archives/edgar/data/875320/000087532026000034/ex-991_q42025.htm
casgevy,Total,2025Q1,2025-01-01,2025-03-31,one-time,14.2,2025Q1,verified-from-source,False,2200000.0,0.76,6.5,8.5,11.0,14.5,quarterly as reported,"Vertex 8-K Ex-99.1, Vertex Reports First Quarter 2025 Financial Results (2025-05-05)",https://www.sec.gov/Archives/edgar/data/875320/000087532025000171/ex-991_q12025.htm
casgevy,Total,2025Q2,2025-04-01,2025-06-30,one-time,30.4,2025Q2,verified-from-source,False,2200000.0,0.76,13.8,18.2,24.8,32.7,quarterly as reported,"Vertex 8-K Ex-99.1, Vertex Reports Second Quarter 2025 Financial Results (2025-08-04)",https://www.sec.gov/Archives/edgar/data/875320/000087532025000213/ex-991_q22025.htm
casgevy,Total,2025Q3,2025-07-01,2025-09-30,one-time,16.9,2025Q3,verified-from-source,False,2200000.0,0.76,7.7,10.1,32.5,42.8,quarterly as reported,"Vertex 8-K Ex-99.1, Vertex Reports Third Quarter 2025 Financial Results (2025-11-03)",https://www.sec.gov/Archives/edgar/data/875320/000087532025000230/ex-991_q32025.htm
casgevy,Total,2025Q4,2025-10-01,2025-12-31,one-time,54.3,2025Q4,verified-from-source,False,2200000.0,0.76,24.7,32.5,57.2,75.2,quarterly as reported,"Vertex 8-K Ex-99.1, Vertex Reports Fourth Quarter and Full Year 2025 Financial Results (2026-02-12)",https://www.sec.gov/Archives/edgar/data/875320/000087532026000034/ex-991_q42025.htm
casgevy,Total,2026Q1,2026-01-01,2026-03-31,one-time,42.9,2026Q1,verified-from-source,False,2200000.0,0.76,19.5,25.7,76.7,100.9,quarterly as reported,"Vertex 8-K Ex-99.1, Vertex Reports First Quarter 2026 Financial Results (2026-05-04)",https://www.sec.gov/Archives/edgar/data/875320/000087532026000171/ex-991_q12026.htm
casgevy,Total,2026Q2,2026-04-01,2026-06-30,one-time,76.4,2026Q2,verified-from-source,False,2200000.0,0.76,34.7,45.7,111.4,146.6,quarterly as reported,"Vertex 8-K Ex-99.1, Vertex Reports Second Quarter 2026 Financial Results (2026-08-03)",https://www.sec.gov/Archives/edgar/data/875320/000087532026000256/ex-991_q22026.htm
elevidys,US,2023Q3,2023-07-01,2023-09-30,one-time,69.11,2023Q3,verified-from-source,False,3200000.0,0.76,21.6,28.4,21.6,28.4,quarterly as reported,"Sarepta Form 10-Q for the quarter ended 2023-09-30, net product revenues by product (XBRL R51) (filed 2023-11-01)",https://www.sec.gov/Archives/edgar/data/873303/000095017023057414/R51.htm
elevidys,US,2023Q4,2023-10-01,2023-12-31,one-time,131.25,2023Q4,derived,False,3200000.0,0.76,41.0,54.0,62.6,82.4,quarterly as reported,"Sarepta Form 10-K for fiscal 2024, Summary of Product Revenues (XBRL R66) (filed 2025-02-28)",https://www.sec.gov/Archives/edgar/data/873303/000095017025029973/R66.htm
elevidys,US,2024Q1,2024-01-01,2024-03-31,one-time,133.94,2024Q1,verified-from-source,False,3200000.0,0.76,41.9,55.1,104.5,137.5,quarterly as reported,"Sarepta Form 10-Q for the quarter ended 2025-03-31, Summary of Product Revenues (XBRL R50) (filed 2025-05-06)",https://www.sec.gov/Archives/edgar/data/873303/000095017025064412/R50.htm
elevidys,US,2024Q2,2024-04-01,2024-06-30,one-time,121.72,2024Q2,verified-from-source,False,3200000.0,0.76,38.0,50.0,142.5,187.5,quarterly as reported,"Sarepta Form 10-Q for the quarter ended 2025-06-30, Summary of Product Revenues (XBRL R52) (filed 2025-08-06)",https://www.sec.gov/Archives/edgar/data/873303/000095017025103971/R52.htm
elevidys,US,2024Q3,2024-07-01,2024-09-30,one-time,180.93,2024Q3,derived,False,3200000.0,0.76,56.5,74.4,199.0,261.9,quarterly as reported,"Sarepta Form 10-K for fiscal 2024, Summary of Product Revenues (XBRL R66) (filed 2025-02-28)",https://www.sec.gov/Archives/edgar/data/873303/000095017025029973/R66.htm
elevidys,US,2024Q4,2024-10-01,2024-12-31,one-time,384.2,2024Q4,verified-from-source,False,3200000.0,0.76,120.1,158.0,319.1,419.9,quarterly as reported,"Sarepta 8-K Ex-99.1, Sarepta Therapeutics Announces Fourth Quarter and Full-Year 2024 Financial Results and Recent Corporate Developments (2025-02-26)",https://www.sec.gov/Archives/edgar/data/873303/000095017025027717/srpt-ex99_1.htm
elevidys,US,2025Q1,2025-01-01,2025-03-31,one-time,374.99,2025Q1,verified-from-source,False,3200000.0,0.76,117.2,154.2,436.3,574.1,quarterly as reported,"Sarepta Form 10-Q for the quarter ended 2025-03-31, Summary of Product Revenues (XBRL R50) (filed 2025-05-06)",https://www.sec.gov/Archives/edgar/data/873303/000095017025064412/R50.htm
elevidys,US,2025Q2,2025-04-01,2025-06-30,one-time,281.85,2025Q2,verified-from-source,False,3200000.0,0.76,88.1,115.9,524.4,690.0,quarterly as reported,"Sarepta Form 10-Q for the quarter ended 2025-06-30, Summary of Product Revenues (XBRL R52) (filed 2025-08-06)",https://www.sec.gov/Archives/edgar/data/873303/000095017025103971/R52.htm
elevidys,US,2025Q3,2025-07-01,2025-09-30,one-time,131.5,2025Q3,verified-from-source,False,3200000.0,0.76,41.1,54.1,565.5,744.0,quarterly as reported,"Sarepta 8-K Ex-99.1, Sarepta Therapeutics Announces Third Quarter 2025 Financial Results and Recent Corporate Developments, Including Completion of Its Confirmatory Study, ESSENCE (2025-11-03)",https://www.sec.gov/Archives/edgar/data/873303/000119312525262591/srpt-ex99_1.htm
elevidys,US,2025Q4,2025-10-01,2025-12-31,one-time,110.4,2025Q4,verified-from-source,False,3200000.0,0.76,34.5,45.4,600.0,789.4,quarterly as reported,"Sarepta 8-K Ex-99.1, Sarepta Therapeutics Announces Fourth Quarter and Full-Year 2025 Financial Results and Recent Corporate Developments (2026-02-25)",https://www.sec.gov/Archives/edgar/data/873303/000119312526071566/srpt-ex99_1.htm
elevidys,US,2026Q1,2026-01-01,2026-03-31,one-time,102.0,2026Q1,verified-from-source,False,3200000.0,0.76,31.9,41.9,631.8,831.4,quarterly as reported,"Sarepta 8-K Ex-99.1, Sarepta Therapeutics Announces First Quarter 2026 Financial Results and Recent Corporate Developments (2026-05-06)",https://www.sec.gov/Archives/edgar/data/873303/000119312526208966/srpt-ex99_1.htm
elevidys,US,2026Q2,2026-04-01,2026-06-30,one-time,98.1,2026Q2,verified-from-source,False,3200000.0,0.76,30.7,40.3,662.5,871.7,quarterly as reported,"Sarepta 8-K Ex-99.1, Sarepta Therapeutics Announces Second Quarter 2026 Financial Results and Recent Corporate Developments (2026-08-05)",https://www.sec.gov/Archives/edgar/data/873303/000119312526335056/srpt-ex99_1.htm
elevidys,Total,2023Q3,2023-07-01,2023-09-30,one-time,69.11,2023Q3,verified-from-source,False,3200000.0,0.76,21.6,28.4,21.6,28.4,quarterly as reported,"Sarepta Form 10-Q for the quarter ended 2023-09-30, net product revenues by product (XBRL R51) (filed 2023-11-01)",https://www.sec.gov/Archives/edgar/data/873303/000095017023057414/R51.htm
elevidys,Total,2023Q4,2023-10-01,2023-12-31,one-time,131.25,2023Q4,derived,False,3200000.0,0.76,41.0,54.0,62.6,82.4,quarterly as reported,"Sarepta Form 10-K for fiscal 2024, Summary of Product Revenues (XBRL R66) (filed 2025-02-28)",https://www.sec.gov/Archives/edgar/data/873303/000095017025029973/R66.htm
elevidys,Total,2024Q1,2024-01-01,2024-03-31,one-time,133.94,2024Q1,verified-from-source,False,3200000.0,0.76,41.9,55.1,104.5,137.5,quarterly as reported,"Sarepta Form 10-Q for the quarter ended 2025-03-31, Summary of Product Revenues (XBRL R50) (filed 2025-05-06)",https://www.sec.gov/Archives/edgar/data/873303/000095017025064412/R50.htm
elevidys,Total,2024Q2,2024-04-01,2024-06-30,one-time,121.72,2024Q2,verified-from-source,False,3200000.0,0.76,38.0,50.0,142.5,187.5,quarterly as reported,"Sarepta Form 10-Q for the quarter ended 2025-06-30, Summary of Product Revenues (XBRL R52) (filed 2025-08-06)",https://www.sec.gov/Archives/edgar/data/873303/000095017025103971/R52.htm
elevidys,Total,2024Q3,2024-07-01,2024-09-30,one-time,180.93,2024Q3,derived,False,3200000.0,0.76,56.5,74.4,199.0,261.9,quarterly as reported,"Sarepta Form 10-K for fiscal 2024, Summary of Product Revenues (XBRL R66) (filed 2025-02-28)",https://www.sec.gov/Archives/edgar/data/873303/000095017025029973/R66.htm
elevidys,Total,2024Q4,2024-10-01,2024-12-31,one-time,384.2,2024Q4,verified-from-source,False,3200000.0,0.76,120.1,158.0,319.1,419.9,quarterly as reported,"Sarepta 8-K Ex-99.1, Sarepta Therapeutics Announces Fourth Quarter and Full-Year 2024 Financial Results and Recent Corporate Developments (2025-02-26)",https://www.sec.gov/Archives/edgar/data/873303/000095017025027717/srpt-ex99_1.htm
elevidys,Total,2025Q1,2025-01-01,2025-03-31,one-time,374.99,2025Q1,verified-from-source,False,3200000.0,0.76,117.2,154.2,436.3,574.1,quarterly as reported,"Sarepta Form 10-Q for the quarter ended 2025-03-31, Summary of Product Revenues (XBRL R50) (filed 2025-05-06)",https://www.sec.gov/Archives/edgar/data/873303/000095017025064412/R50.htm
elevidys,Total,2025Q2,2025-04-01,2025-06-30,one-time,281.85,2025Q2,verified-from-source,False,3200000.0,0.76,88.1,115.9,524.4,690.0,quarterly as reported,"Sarepta Form 10-Q for the quarter ended 2025-06-30, Summary of Product Revenues (XBRL R52) (filed 2025-08-06)",https://www.sec.gov/Archives/edgar/data/873303/000095017025103971/R52.htm
elevidys,Total,2025Q3,2025-07-01,2025-09-30,one-time,131.5,2025Q3,verified-from-source,False,3200000.0,0.76,41.1,54.1,565.5,744.0,quarterly as reported,"Sarepta 8-K Ex-99.1, Sarepta Therapeutics Announces Third Quarter 2025 Financial Results and Recent Corporate Developments, Including Completion of Its Confirmatory Study, ESSENCE (2025-11-03)",https://www.sec.gov/Archives/edgar/data/873303/000119312525262591/srpt-ex99_1.htm
elevidys,Total,2025Q4,2025-10-01,2025-12-31,one-time,110.4,2025Q4,verified-from-source,False,3200000.0,0.76,34.5,45.4,600.0,789.4,quarterly as reported,"Sarepta 8-K Ex-99.1, Sarepta Therapeutics Announces Fourth Quarter and Full-Year 2025 Financial Results and Recent Corporate Developments (2026-02-25)",https://www.sec.gov/Archives/edgar/data/873303/000119312526071566/srpt-ex99_1.htm
elevidys,Total,2026Q1,2026-01-01,2026-03-31,one-time,102.0,2026Q1,verified-from-source,False,3200000.0,0.76,31.9,41.9,631.8,831.4,quarterly as reported,"Sarepta 8-K Ex-99.1, Sarepta Therapeutics Announces First Quarter 2026 Financial Results and Recent Corporate Developments (2026-05-06)",https://www.sec.gov/Archives/edgar/data/873303/000119312526208966/srpt-ex99_1.htm
elevidys,Total,2026Q2,2026-04-01,2026-06-30,one-time,98.1,2026Q2,verified-from-source,False,3200000.0,0.76,30.7,40.3,662.5,871.7,quarterly as reported,"Sarepta 8-K Ex-99.1, Sarepta Therapeutics Announces Second Quarter 2026 Financial Results and Recent Corporate Developments (2026-08-05)",https://www.sec.gov/Archives/edgar/data/873303/000119312526335056/srpt-ex99_1.htm
hemgenix,Total,2023Q3,2023-07-01,2023-09-30,one-time,7.95,FY2024 (12m to 30 Jun 2024),derived,True,3500000.0,0.76,2.3,3.0,2.3,3.0,allocated evenly from a longer reporting period,Derived from CSL FY25 Results Presentation Appendix A (FY25 $92m at +189% constant currency),https://investors.csl.com/pdf/c72789c6-778d-4b88-8657-be40cf97e2b3/CSL-Results-Presentation.pdf
hemgenix,Total,2023Q4,2023-10-01,2023-12-31,one-time,7.95,FY2024 (12m to 30 Jun 2024),derived,True,3500000.0,0.76,2.3,3.0,4.5,6.0,allocated evenly from a longer reporting period,Derived from CSL FY25 Results Presentation Appendix A (FY25 $92m at +189% constant currency),https://investors.csl.com/pdf/c72789c6-778d-4b88-8657-be40cf97e2b3/CSL-Results-Presentation.pdf
hemgenix,Total,2024Q1,2024-01-01,2024-03-31,one-time,7.95,FY2024 (12m to 30 Jun 2024),derived,True,3500000.0,0.76,2.3,3.0,6.8,9.0,allocated evenly from a longer reporting period,Derived from CSL FY25 Results Presentation Appendix A (FY25 $92m at +189% constant currency),https://investors.csl.com/pdf/c72789c6-778d-4b88-8657-be40cf97e2b3/CSL-Results-Presentation.pdf
hemgenix,Total,2024Q2,2024-04-01,2024-06-30,one-time,7.95,FY2024 (12m to 30 Jun 2024),derived,True,3500000.0,0.76,2.3,3.0,9.1,12.0,allocated evenly from a longer reporting period,Derived from CSL FY25 Results Presentation Appendix A (FY25 $92m at +189% constant currency),https://investors.csl.com/pdf/c72789c6-778d-4b88-8657-be40cf97e2b3/CSL-Results-Presentation.pdf
hemgenix,Total,2024Q3,2024-07-01,2024-09-30,one-time,24.55,FY2025H1 (6m to 31 Dec 2024),derived,True,3500000.0,0.76,7.0,9.2,16.1,21.2,allocated evenly from a longer reporting period,Derived from CSL H1 FY26 Investor Presentation Appendix A (H1 FY26 $57m at +16% constant currency),https://investors.csl.com/pdf/b30755df-b842-48c2-96ed-0075efe35fc0/CSL-Half-Year-Results-Investor-Presentation.pdf?Platform=ListPage
hemgenix,Total,2024Q4,2024-10-01,2024-12-31,one-time,24.55,FY2025H1 (6m to 31 Dec 2024),derived,True,3500000.0,0.76,7.0,9.2,23.1,30.4,allocated evenly from a longer reporting period,Derived from CSL H1 FY26 Investor Presentation Appendix A (H1 FY26 $57m at +16% constant currency),https://investors.csl.com/pdf/b30755df-b842-48c2-96ed-0075efe35fc0/CSL-Half-Year-Results-Investor-Presentation.pdf?Platform=ListPage
hemgenix,Total,2025Q1,2025-01-01,2025-03-31,one-time,21.45,FY2025H2 (6m to 30 Jun 2025),derived,True,3500000.0,0.76,6.1,8.1,29.2,38.5,allocated evenly from a longer reporting period,Derived: FY2025 $92m minus derived H1 FY2025 $49.1m,https://investors.csl.com/pdf/c72789c6-778d-4b88-8657-be40cf97e2b3/CSL-Results-Presentation.pdf
hemgenix,Total,2025Q2,2025-04-01,2025-06-30,one-time,21.45,FY2025H2 (6m to 30 Jun 2025),derived,True,3500000.0,0.76,6.1,8.1,35.4,46.5,allocated evenly from a longer reporting period,Derived: FY2025 $92m minus derived H1 FY2025 $49.1m,https://investors.csl.com/pdf/c72789c6-778d-4b88-8657-be40cf97e2b3/CSL-Results-Presentation.pdf
hemgenix,Total,2025Q3,2025-07-01,2025-09-30,one-time,28.5,FY2026H1 (6m to 31 Dec 2025),verified-from-source,True,3500000.0,0.76,8.1,10.7,43.5,57.3,allocated evenly from a longer reporting period,CSL Half Year Results Investor Presentation 11 Feb 2026 - Appendix CSL Behring Key Products,https://investors.csl.com/pdf/b30755df-b842-48c2-96ed-0075efe35fc0/CSL-Half-Year-Results-Investor-Presentation.pdf?Platform=ListPage
hemgenix,Total,2025Q4,2025-10-01,2025-12-31,one-time,28.5,FY2026H1 (6m to 31 Dec 2025),verified-from-source,True,3500000.0,0.76,8.1,10.7,51.7,68.0,allocated evenly from a longer reporting period,CSL Half Year Results Investor Presentation 11 Feb 2026 - Appendix CSL Behring Key Products,https://investors.csl.com/pdf/b30755df-b842-48c2-96ed-0075efe35fc0/CSL-Half-Year-Results-Investor-Presentation.pdf?Platform=ListPage
hemgenix,Total,2026Q1,2026-01-01,2026-03-31,one-time,30.5,FY2026H2 (6m to 30 Jun 2026),derived,True,3500000.0,0.76,8.7,11.5,60.4,79.4,allocated evenly from a longer reporting period,Derived: FY2026 $118m minus H1 FY2026 $57m,https://investors.csl.com/pdf/3d18fc4f-6133-41c7-9188-ec992e930ca3/Platform/ListPage/CSL-Results-Presentation-for-FY2026.pdf
hemgenix,Total,2026Q2,2026-04-01,2026-06-30,one-time,30.5,FY2026H2 (6m to 30 Jun 2026),derived,True,3500000.0,0.76,8.7,11.5,69.1,90.9,allocated evenly from a longer reporting period,Derived: FY2026 $118m minus H1 FY2026 $57m,https://investors.csl.com/pdf/3d18fc4f-6133-41c7-9188-ec992e930ca3/Platform/ListPage/CSL-Results-Presentation-for-FY2026.pdf
kresladi,Total,2026Q1,2026-01-01,2026-03-31,one-time,0.0,2026Q1,verified-from-source,False,,0.76,,,,,quarterly as reported,"Rocket Pharmaceuticals 8-K Ex-99.1, Second Quarter 2026 Financial Results and Highlights Recent Progress (2026-08-10)",https://www.sec.gov/Archives/edgar/data/1281895/000114036126032028/ef20079821_ex99-1.htm
kresladi,Total,2026Q2,2026-04-01,2026-06-30,one-time,0.0,2026Q2,verified-from-source,False,,0.76,,,,,quarterly as reported,"Rocket Pharmaceuticals 8-K Ex-99.1, Second Quarter 2026 Financial Results and Highlights Recent Progress (2026-08-10)",https://www.sec.gov/Archives/edgar/data/1281895/000114036126032028/ef20079821_ex99-1.htm
kymriah,US,2020Q1,2020-01-01,2020-03-31,one-time,46.0,2020Q1,derived,False,475000.0,0.76,96.8,127.4,96.8,127.4,quarterly as reported,"Novartis First Quarter 2021 Condensed Interim Financial Report - Supplementary Data (Form 6-K exhibit 99.2, 27 Apr 2021)",https://www.sec.gov/Archives/edgar/data/1114448/000137036821000041/a210427-99_2.htm
kymriah,US,2020Q2,2020-04-01,2020-06-30,,,,not-covered,,475000.0,0.76,,,96.8,127.4,gap: no total revenue row covers this quarter,,
kymriah,US,2020Q3,2020-07-01,2020-09-30,,,,not-covered,,475000.0,0.76,,,96.8,127.4,gap: no total revenue row covers this quarter,,
kymriah,US,2020Q4,2020-10-01,2020-12-31,,,,not-covered,,475000.0,0.76,,,96.8,127.4,gap: no total revenue row covers this quarter,,
kymriah,US,2021Q1,2021-01-01,2021-03-31,one-time,62.0,2021Q1,verified-from-source,False,475000.0,0.76,130.5,171.7,227.4,299.2,quarterly as reported,"Novartis First Quarter 2021 Condensed Interim Financial Report - Supplementary Data (Form 6-K exhibit 99.2, 27 Apr 2021)",https://www.sec.gov/Archives/edgar/data/1114448/000137036821000041/a210427-99_2.htm
kymriah,Total,2017Q4,2017-10-01,2017-12-31,one-time,6.0,2017Q4,verified-from-source,False,475000.0,0.76,12.6,16.6,12.6,16.6,quarterly as reported,"Novartis Q4 and FY 2018 Condensed Financial Report - Supplementary Data (Form 6-K exhibit 99.2, 30 Jan 2019)",https://www.sec.gov/Archives/edgar/data/1114448/000137036819000006/a190130-99_2.htm
kymriah,Total,2018Q1,2018-01-01,2018-03-31,one-time,12.0,2018Q1,verified-from-source,False,475000.0,0.76,25.3,33.2,37.9,49.9,quarterly as reported,"Novartis Q1 2019 Condensed Interim Financial Report - Supplementary Data (Form 6-K exhibit 99.2, 24 Apr 2019)",https://www.sec.gov/Archives/edgar/data/1114448/000137036819000028/a190424-99_2.htm
kymriah,Total,2018Q2,2018-04-01,2018-06-30,one-time,16.0,2018Q2,verified-from-source,False,475000.0,0.76,33.7,44.3,71.6,94.2,quarterly as reported,"Novartis Q2 and H1 2019 Condensed Interim Financial Report - Supplementary Data (Form 6-K exhibit 99.2, 18 Jul 2019)",https://www.sec.gov/Archives/edgar/data/1114448/000137036819000049/a190718-99_2.htm
kymriah,Total,2018Q3,2018-07-01,2018-09-30,one-time,20.0,2018Q3,verified-from-source,False,475000.0,0.76,42.1,55.4,113.7,149.6,quarterly as reported,"Novartis Q3 and 9M 2019 Condensed Interim Financial Report - Supplementary Data (Form 6-K exhibit 99.2, 22 Oct 2019)",https://www.sec.gov/Archives/edgar/data/1114448/000137036819000062/a191022-99_2.htm
kymriah,Total,2018Q4,2018-10-01,2018-12-31,one-time,28.0,2018Q4,verified-from-source,False,475000.0,0.76,58.9,77.6,172.6,227.1,quarterly as reported,"Novartis Q4 and FY 2018 Condensed Financial Report - Supplementary Data (Form 6-K exhibit 99.2, 30 Jan 2019)",https://www.sec.gov/Archives/edgar/data/1114448/000137036819000006/a190130-99_2.htm
kymriah,Total,2019Q1,2019-01-01,2019-03-31,one-time,45.0,2019Q1,verified-from-source,False,475000.0,0.76,94.7,124.7,267.4,351.8,quarterly as reported,"Novartis Q1 2019 Condensed Interim Financial Report - Supplementary Data (Form 6-K exhibit 99.2, 24 Apr 2019)",https://www.sec.gov/Archives/edgar/data/1114448/000137036819000028/a190424-99_2.htm
kymriah,Total,2019Q2,2019-04-01,2019-06-30,one-time,58.0,2019Q2,verified-from-source,False,475000.0,0.76,122.1,160.7,389.5,512.5,quarterly as reported,"Novartis Q2 and H1 2019 Condensed Interim Financial Report - Supplementary Data (Form 6-K exhibit 99.2, 18 Jul 2019)",https://www.sec.gov/Archives/edgar/data/1114448/000137036819000049/a190718-99_2.htm
kymriah,Total,2019Q3,2019-07-01,2019-09-30,one-time,79.0,2019Q3,verified-from-source,False,475000.0,0.76,166.3,218.8,555.8,731.3,quarterly as reported,"Novartis Q3 and 9M 2019 Condensed Interim Financial Report - Supplementary Data (Form 6-K exhibit 99.2, 22 Oct 2019)",https://www.sec.gov/Archives/edgar/data/1114448/000137036819000062/a191022-99_2.htm
kymriah,Total,2019Q4,2019-10-01,2019-12-31,one-time,96.0,2019Q4,verified-from-source,False,475000.0,0.76,202.1,265.9,757.9,997.2,quarterly as reported,"Novartis Fourth Quarter and Full Year 2020 Condensed Financial Report - Supplementary Data (Form 6-K exhibit 99.2, 26 Jan 2021)",https://www.sec.gov/Archives/edgar/data/1114448/000137036821000008/a210126-99_2.htm
kymriah,Total,2020Q1,2020-01-01,2020-03-31,one-time,93.0,2020Q1,verified-from-source,False,475000.0,0.76,195.8,257.6,953.7,1254.8,quarterly as reported,"Novartis First Quarter 2021 Condensed Interim Financial Report - Supplementary Data (Form 6-K exhibit 99.2, 27 Apr 2021)",https://www.sec.gov/Archives/edgar/data/1114448/000137036821000041/a210427-99_2.htm
kymriah,Total,2020Q2,2020-04-01,2020-06-30,one-time,118.0,2020Q2,verified-from-source,False,475000.0,0.76,248.4,326.9,1202.1,1581.7,quarterly as reported,"Novartis Second Quarter and Half Year 2020 Condensed Interim Financial Report - Supplementary Data (Form 6-K exhibit 99.2, 21 Jul 2020)",https://www.sec.gov/Archives/edgar/data/1114448/000137036820000069/a200721-99_2.htm
kymriah,Total,2020Q3,2020-07-01,2020-09-30,one-time,122.0,2020Q3,verified-from-source,False,475000.0,0.76,256.8,338.0,1458.9,1919.7,quarterly as reported,"Novartis Third Quarter and Nine Months 2021 Condensed Interim Financial Report - Supplementary Data (Form 6-K exhibit 99.2, 26 Oct 2021)",https://www.sec.gov/Archives/edgar/data/1114448/000137036821000072/a211026-99_2.htm
kymriah,Total,2020Q4,2020-10-01,2020-12-31,one-time,141.0,2020Q4,verified-from-source,False,475000.0,0.76,296.8,390.6,1755.8,2310.2,quarterly as reported,"Novartis Fourth Quarter and Full Year 2020 Condensed Financial Report - Supplementary Data (Form 6-K exhibit 99.2, 26 Jan 2021)",https://www.sec.gov/Archives/edgar/data/1114448/000137036821000008/a210126-99_2.htm
kymriah,Total,2021Q1,2021-01-01,2021-03-31,one-time,89.0,2021Q1,verified-from-source,False,475000.0,0.76,187.4,246.5,1943.2,2556.8,quarterly as reported,"Novartis First Quarter 2021 Condensed Interim Financial Report - Supplementary Data (Form 6-K exhibit 99.2, 27 Apr 2021)",https://www.sec.gov/Archives/edgar/data/1114448/000137036821000041/a210427-99_2.htm
kymriah,Total,2021Q2,2021-04-01,2021-06-30,one-time,147.0,2021Q2,verified-from-source,False,475000.0,0.76,309.5,407.2,2252.6,2964.0,quarterly as reported,"Novartis Q2 2021 Condensed Financial Report, press release (Form 6-K exhibit 99.1, 21 Jul 2021)",https://www.sec.gov/Archives/edgar/data/1114448/000137036821000055/nvs-20210630-99_1.htm
kymriah,Total,2021Q3,2021-07-01,2021-09-30,one-time,146.0,2021Q3,verified-from-source,False,475000.0,0.76,307.4,404.4,2560.0,3368.4,quarterly as reported,"Novartis Third Quarter and Nine Months 2021 Condensed Interim Financial Report - Supplementary Data (Form 6-K exhibit 99.2, 26 Oct 2021)",https://www.sec.gov/Archives/edgar/data/1114448/000137036821000072/a211026-99_2.htm
kymriah,Total,2021Q4,2021-10-01,2021-12-31,one-time,143.0,2021Q4,verified-from-source,False,475000.0,0.76,301.1,396.1,2861.1,3764.5,quarterly as reported,"Novartis Fourth Quarter and Full Year 2021 Condensed Financial Report - Supplementary Data (Form 6-K exhibit 99.2, 2 Feb 2022)",https://www.sec.gov/Archives/edgar/data/1114448/000137036822000009/a220202-99_2.htm
kymriah,Total,2022Q1,2022-01-01,2022-03-31,one-time,127.0,2022Q1,verified-from-source,False,475000.0,0.76,267.4,351.8,3128.4,4116.3,quarterly as reported,"Novartis First Quarter 2023 Condensed Interim Financial Report - Supplementary Data (Form 6-K exhibit 99.2, 25 Apr 2023)",https://www.sec.gov/Archives/edgar/data/1114448/000137036823000046/a230425-99_2.htm
kymriah,Total,2022Q2,2022-04-01,2022-06-30,one-time,136.0,2022Q2,verified-from-source,False,475000.0,0.76,286.3,376.7,3414.7,4493.1,quarterly as reported,"Novartis Q2 2022 Condensed Financial Report, press release (Form 6-K exhibit 99.1, 19 Jul 2022)",https://www.sec.gov/Archives/edgar/data/1114448/000137036822000059/nvs-20220630-99_1.htm
kymriah,Total,2022Q3,2022-07-01,2022-09-30,one-time,134.0,2022Q3,verified-from-source,False,475000.0,0.76,282.1,371.2,3696.8,4864.3,quarterly as reported,"Novartis Third Quarter and Nine Months 2023 Condensed Interim Financial Report - Supplementary Data (Form 6-K exhibit 99.2, 24 Oct 2023)",https://www.sec.gov/Archives/edgar/data/1114448/000137036823000068/a231024-99_2.htm
kymriah,Total,2022Q4,2022-10-01,2022-12-31,one-time,139.0,2022Q4,verified-from-source,False,475000.0,0.76,292.6,385.0,3989.5,5249.3,quarterly as reported,"Novartis Fourth Quarter and Full Year 2022 Condensed Financial Report - Supplementary Data (Form 6-K exhibit 99.2, 1 Feb 2023)",https://www.sec.gov/Archives/edgar/data/1114448/000137036823000008/a230201-99_2.htm
kymriah,Total,2023Q1,2023-01-01,2023-03-31,one-time,135.0,2023Q1,verified-from-source,False,475000.0,0.76,284.2,374.0,4273.7,5623.3,quarterly as reported,"Novartis First Quarter 2023 Condensed Interim Financial Report - Supplementary Data (Form 6-K exhibit 99.2, 25 Apr 2023)",https://www.sec.gov/Archives/edgar/data/1114448/000137036823000046/a230425-99_2.htm
kymriah,Total,2023Q2,2023-04-01,2023-06-30,one-time,129.0,2023Q2,derived,False,475000.0,0.76,271.6,357.3,4545.3,5980.6,quarterly as reported,"Novartis Third Quarter and Nine Months 2023 Condensed Interim Financial Report - Supplementary Data (Form 6-K exhibit 99.2, 24 Oct 2023)",https://www.sec.gov/Archives/edgar/data/1114448/000137036823000068/a231024-99_2.htm
kymriah,Total,2023Q3,2023-07-01,2023-09-30,one-time,124.0,2023Q3,verified-from-source,False,475000.0,0.76,261.1,343.5,4806.3,6324.1,quarterly as reported,"Novartis Third Quarter and Nine Months 2023 Condensed Interim Financial Report - Supplementary Data (Form 6-K exhibit 99.2, 24 Oct 2023)",https://www.sec.gov/Archives/edgar/data/1114448/000137036823000068/a231024-99_2.htm
kymriah,Total,2023Q4,2023-10-01,2023-12-31,one-time,120.0,2023Q4,verified-from-source,False,475000.0,0.76,252.6,332.4,5058.9,6656.5,quarterly as reported,"Novartis Fourth Quarter and Full Year 2024 Condensed Financial Report - Supplementary Data (Form 6-K exhibit 99.2, 31 Jan 2025)",https://www.sec.gov/Archives/edgar/data/1114448/000137036825000007/a250131-99_2.htm
kymriah,Total,2024Q1,2024-01-01,2024-03-31,one-time,120.0,2024Q1,verified-from-source,False,475000.0,0.76,252.6,332.4,5311.6,6988.9,quarterly as reported,"Novartis First Quarter 2025 Condensed Interim Financial Report - Supplementary Data (Form 6-K exhibit 99.2, 29 Apr 2025)",https://www.sec.gov/Archives/edgar/data/1114448/000137036825000010/a250429-99_2.htm
kymriah,Total,2024Q2,2024-04-01,2024-06-30,one-time,113.0,2024Q2,verified-from-source,False,475000.0,0.76,237.9,313.0,5549.5,7301.9,quarterly as reported,"Novartis Second Quarter and Half Year 2025 Condensed Interim Financial Report - Supplementary Data (Form 6-K exhibit 99.2, 17 Jul 2025)",https://www.sec.gov/Archives/edgar/data/1114448/000137036825000012/nvs-20250630-99_2.htm
kymriah,Total,2024Q3,2024-07-01,2024-09-30,one-time,102.0,2024Q3,verified-from-source,False,475000.0,0.76,214.7,282.5,5764.2,7584.5,quarterly as reported,"Novartis Third Quarter and Nine Months 2025 Condensed Interim Financial Report - Supplementary Data (Form 6-K exhibit 99.2, 28 Oct 2025)",https://www.sec.gov/Archives/edgar/data/1114448/000111444825000003/a251028-99_2.htm
kymriah,Total,2024Q4,2024-10-01,2024-12-31,one-time,108.0,2024Q4,verified-from-source,False,475000.0,0.76,227.4,299.2,5991.6,7883.7,quarterly as reported,"Novartis Fourth Quarter and Full Year 2024 Condensed Financial Report - Supplementary Data (Form 6-K exhibit 99.2, 31 Jan 2025)",https://www.sec.gov/Archives/edgar/data/1114448/000137036825000007/a250131-99_2.htm
kymriah,Total,2025Q1,2025-01-01,2025-03-31,one-time,100.0,2025Q1,verified-from-source,False,475000.0,0.76,210.5,277.0,6202.1,8160.7,quarterly as reported,"Novartis First Quarter 2025 Condensed Interim Financial Report - Supplementary Data (Form 6-K exhibit 99.2, 29 Apr 2025)",https://www.sec.gov/Archives/edgar/data/1114448/000137036825000010/a250429-99_2.htm
kymriah,Total,2025Q2,2025-04-01,2025-06-30,one-time,99.0,2025Q2,verified-from-source,False,475000.0,0.76,208.4,274.2,6410.5,8434.9,quarterly as reported,"Novartis Second Quarter and Half Year 2025 Condensed Interim Financial Report - Supplementary Data (Form 6-K exhibit 99.2, 17 Jul 2025)",https://www.sec.gov/Archives/edgar/data/1114448/000137036825000012/nvs-20250630-99_2.htm
kymriah,Total,2025Q3,2025-07-01,2025-09-30,one-time,97.0,2025Q3,verified-from-source,False,475000.0,0.76,204.2,268.7,6614.7,8703.6,quarterly as reported,"Novartis Third Quarter and Nine Months 2025 Condensed Interim Financial Report - Supplementary Data (Form 6-K exhibit 99.2, 28 Oct 2025)",https://www.sec.gov/Archives/edgar/data/1114448/000111444825000003/a251028-99_2.htm
kymriah,Total,2025Q4,2025-10-01,2025-12-31,one-time,85.0,2025Q4,verified-from-source,False,475000.0,0.76,178.9,235.5,6793.7,8939.1,quarterly as reported,"Novartis Fourth Quarter and Full Year 2025 Condensed Financial Report - Supplementary Data (Form 6-K exhibit 99.2, 4 Feb 2026)",https://www.sec.gov/Archives/edgar/data/1114448/000111444826000007/a260204-99_2.htm
kymriah,Total,2026Q1,2026-01-01,2026-03-31,one-time,81.0,2026Q1,verified-from-source,False,475000.0,0.76,170.5,224.4,6964.2,9163.4,quarterly as reported,"Novartis First Quarter 2026 Condensed Interim Financial Report - Supplementary Data (Form 6-K exhibit 99.2, 28 Apr 2026)",https://www.sec.gov/Archives/edgar/data/1114448/000111444826000010/a260428-99_2.htm
kymriah,Total,2026Q2,2026-04-01,2026-06-30,one-time,88.0,2026Q2,verified-from-source,False,475000.0,0.76,185.3,243.8,7149.5,9407.2,quarterly as reported,"Novartis Second Quarter and Half Year 2026 Condensed Interim Financial Report - Supplementary Data (Form 6-K exhibit 99.2, 21 Jul 2026)",https://www.sec.gov/Archives/edgar/data/1114448/000111444826000012/nvs-20260630-99_2.htm
lenmeldy,Total,2021Q1,2021-01-01,2021-03-31,one-time,0.0,2021Q1,verified-from-source,False,4250000.0,0.76,0.0,0.0,0.0,0.0,quarterly as reported,"Orchard Therapeutics 8-K Ex-99.1, First Quarter 2022 Financial Results and Recent Commercial Progress (2022-05-12)",https://www.sec.gov/Archives/edgar/data/1748907/000156459022019670/ortx-ex991_18.htm
lenmeldy,Total,2021Q2,2021-04-01,2021-06-30,one-time,0.0,2021Q2,verified-from-source,False,4250000.0,0.76,0.0,0.0,0.0,0.0,quarterly as reported,"Orchard Therapeutics 8-K Ex-99.1, Second Quarter 2022 Financial Results (2022-08-04)",https://www.sec.gov/Archives/edgar/data/1748907/000095017022014462/ortx-ex99_1.htm
lenmeldy,Total,2021Q3,2021-07-01,2021-09-30,one-time,0.0,2021Q3,verified-from-source,False,4250000.0,0.76,0.0,0.0,0.0,0.0,quarterly as reported,"Orchard Therapeutics 8-K Ex-99.1, Third Quarter 2022 Financial Results (2022-11-14)",https://www.sec.gov/Archives/edgar/data/1748907/000119312522283656/d367331dex991.htm
lenmeldy,Total,2021Q4,2021-10-01,2021-12-31,one-time,0.0,2021Q4,verified-from-source,False,4250000.0,0.76,0.0,0.0,0.0,0.0,quarterly as reported,"Orchard Therapeutics 8-K Ex-99.1, Business Update and 2022 Financial Results (2023-03-06)",https://www.sec.gov/Archives/edgar/data/1748907/000095017023006091/ortx-ex99_1.htm
lenmeldy,Total,2022Q1,2022-01-01,2022-03-31,one-time,5.06,2022Q1,verified-from-source,False,4250000.0,0.76,1.2,1.6,1.2,1.6,quarterly as reported,"Orchard Therapeutics 8-K Ex-99.1, First Quarter 2022 Financial Results and Recent Commercial Progress (2022-05-12)",https://www.sec.gov/Archives/edgar/data/1748907/000156459022019670/ortx-ex991_18.htm
lenmeldy,Total,2022Q2,2022-04-01,2022-06-30,one-time,3.1,2022Q2,verified-from-source,False,4250000.0,0.76,0.7,1.0,1.9,2.5,quarterly as reported,"Orchard Therapeutics 8-K Ex-99.1, Second Quarter 2022 Financial Results (2022-08-04)",https://www.sec.gov/Archives/edgar/data/1748907/000095017022014462/ortx-ex99_1.htm
lenmeldy,Total,2022Q3,2022-07-01,2022-09-30,one-time,4.78,2022Q3,verified-from-source,False,4250000.0,0.76,1.1,1.5,3.0,4.0,quarterly as reported,"Orchard Therapeutics 8-K Ex-99.1, Third Quarter 2022 Financial Results (2022-11-14)",https://www.sec.gov/Archives/edgar/data/1748907/000119312522283656/d367331dex991.htm
lenmeldy,Total,2022Q4,2022-10-01,2022-12-31,one-time,5.81,2022Q4,verified-from-source,False,4250000.0,0.76,1.4,1.8,4.4,5.8,quarterly as reported,"Orchard Therapeutics 8-K Ex-99.1, Business Update and 2022 Financial Results (2023-03-06)",https://www.sec.gov/Archives/edgar/data/1748907/000095017023006091/ortx-ex99_1.htm
lenmeldy,Total,2023Q1,2023-01-01,2023-03-31,one-time,0.53,2023Q1,verified-from-source,False,4250000.0,0.76,0.1,0.2,4.5,6.0,quarterly as reported,"Orchard Therapeutics 8-K Ex-99.1, First Quarter 2023 Financial Results (2023-05-15)",https://www.sec.gov/Archives/edgar/data/1748907/000095017023021956/ortx-ex99_1.htm
lenmeldy,Total,2023Q2,2023-04-01,2023-06-30,one-time,6.65,2023Q2,verified-from-source,False,4250000.0,0.76,1.6,2.1,6.1,8.0,quarterly as reported,"Orchard Therapeutics 8-K Ex-99.1, BLA submission completed for OTL-200 / Second Quarter 2023 Financial Results (2023-08-03)",https://www.sec.gov/Archives/edgar/data/1748907/000095017023037575/ortx-ex99_1.htm
lenmeldy,Total,2023Q3,2023-07-01,2023-09-30,one-time,5.56,2023Q3,verified-from-source,False,4250000.0,0.76,1.3,1.7,7.4,9.8,quarterly as reported,"Orchard Therapeutics 8-K Ex-99.1, Third Quarter 2023 Financial Results (2023-11-13)",https://www.sec.gov/Archives/edgar/data/1748907/000095017023062423/ortx-ex99_1.htm
lenmeldy,Total,2023Q4,2023-10-01,2023-12-31,,,,not-covered,,4250000.0,0.76,,,7.4,9.8,gap: no total revenue row covers this quarter,,
lenmeldy,Total,2024Q1,2024-01-01,2024-03-31,one-time,7.37,2024Q1,verified-from-source,False,4250000.0,0.76,1.7,2.3,9.1,12.0,quarterly as reported,"Kyowa Kirin Summary of Consolidated Financial Statements (IFRS) for Three Months Ended March 31, 2025 (2025-05-01)",https://ir.kyowakirin.com/en/library/earnings/earnings0/main/0111117/teaserItems1/00/linkList/0/link/summary_2025_q1_en_rev.pdf
lenmeldy,Total,2024Q2,2024-04-01,2024-06-30,,,,not-covered,,4250000.0,0.76,,,9.1,12.0,gap: no total revenue row covers this quarter,,
lenmeldy,Total,2024Q3,2024-07-01,2024-09-30,,,,not-covered,,4250000.0,0.76,,,9.1,12.0,gap: no total revenue row covers this quarter,,
lenmeldy,Total,2024Q4,2024-10-01,2024-12-31,one-time,7.37,2024Q4,derived,False,4250000.0,0.76,1.7,2.3,10.9,14.3,quarterly as reported,"Kyowa Kirin Consolidated Financial Summary (IFRS) Fiscal 2025, Kessan Tanshin, table 'Revenue from overseas regions and Others' (2026-02-09)",https://ir.kyowakirin.com/en/library/earnings/earnings0/main/01111113/teaserItems1/00/linkList/0/link/summary_2025_q4_en_rev.pdf
lenmeldy,Total,2025Q1,2025-01-01,2025-03-31,one-time,14.07,2025Q1,verified-from-source,False,4250000.0,0.76,3.3,4.4,14.2,18.7,quarterly as reported,"Kyowa Kirin Summary of Consolidated Financial Statements (IFRS) for Three Months Ended March 31, 2025 (2025-05-01)",https://ir.kyowakirin.com/en/library/earnings/earnings0/main/0111117/teaserItems1/00/linkList/0/link/summary_2025_q1_en_rev.pdf
lenmeldy,Total,2025Q2,2025-04-01,2025-06-30,one-time,15.41,2025Q2,derived,False,4250000.0,0.76,3.6,4.8,17.8,23.4,quarterly as reported,"Kyowa Kirin Consolidated Financial Summary (IFRS) Fiscal 2026 Semi Annual, table 'Revenue by product' (2026-08-03)",https://ir.kyowakirin.com/en/library/earnings/earnings0/main/0118/teaserItems1/00/linkList/0/link/summary_2026_q2_en.pdf
lenmeldy,Total,2025Q3,2025-07-01,2025-09-30,one-time,0.0,2025Q3,derived,False,4250000.0,0.76,0.0,0.0,17.8,23.4,quarterly as reported,"Kyowa Kirin Summary of Consolidated Financial Statements (IFRS) for Nine Months Ended September 30, 2025 (2025-10-30)",https://ir.kyowakirin.com/en/library/earnings/earnings0/main/01111110/teaserItems1/00/linkList/0/link/summary_2025_q3_en.pdf
lenmeldy,Total,2025Q4,2025-10-01,2025-12-31,one-time,13.4,2025Q4,derived,False,4250000.0,0.76,3.2,4.1,21.0,27.6,quarterly as reported,"Kyowa Kirin Consolidated Financial Summary (IFRS) Fiscal 2025, Kessan Tanshin, table 'Revenue from overseas regions and Others' (2026-02-09)",https://ir.kyowakirin.com/en/library/earnings/earnings0/main/01111113/teaserItems1/00/linkList/0/link/summary_2025_q4_en_rev.pdf
lenmeldy,Total,2026Q1,2026-01-01,2026-03-31,one-time,10.05,2026Q1,verified-from-source,False,4250000.0,0.76,2.4,3.1,23.3,30.7,quarterly as reported,"Kyowa Kirin Summary of Consolidated Financial Statements (IFRS) for Three Months Ended March 31, 2026, table 'Revenue by product' (2026-05-07)",https://ir.kyowakirin.com/en/library/earnings/earnings0/main/01111114/teaserItems1/00/linkList/0/link/summary_2026_q1_en.pdf
lenmeldy,Total,2026Q2,2026-04-01,2026-06-30,one-time,22.78,2026Q2,derived,False,4250000.0,0.76,5.4,7.1,28.7,37.8,quarterly as reported,"Kyowa Kirin Consolidated Financial Summary (IFRS) Fiscal 2026 Semi Annual, table 'Revenue by product' (2026-08-03)",https://ir.kyowakirin.com/en/library/earnings/earnings0/main/0118/teaserItems1/00/linkList/0/link/summary_2026_q2_en.pdf
luxturna,Total,2018Q1,2018-01-01,2018-03-31,one-time,2.4,2018Q1,verified-from-source,False,850000.0,0.76,2.8,3.7,2.8,3.7,quarterly as reported,"Spark Therapeutics 8-K Ex 99.1, Q1 2018 results (2018-05-08)",https://www.sec.gov/Archives/edgar/data/1609351/000160935118000042/spark-exhibit991q12018.htm
luxturna,Total,2018Q2,2018-04-01,2018-06-30,one-time,4.31,2018Q2,verified-from-source,False,850000.0,0.76,5.1,6.7,7.9,10.4,quarterly as reported,"Spark Therapeutics Form 10-Q, period 2018-06-30",https://www.sec.gov/Archives/edgar/data/1609351/000160935119000070/spark-201963010xq.htm
luxturna,Total,2018Q3,2018-07-01,2018-09-30,one-time,8.87,2018Q3,verified-from-source,False,850000.0,0.76,10.4,13.7,18.3,24.1,quarterly as reported,"Spark Therapeutics Form 10-Q, period 2018-09-30",https://www.sec.gov/Archives/edgar/data/0001609351/000160935118000076/spark-201893010xq.htm
luxturna,Total,2018Q4,2018-10-01,2018-12-31,one-time,11.4,2018Q4,verified-from-source,False,850000.0,0.76,13.4,17.6,31.7,41.8,quarterly as reported,Derived: Spark FY2018 8-K Ex 99.1 less Q3 2018 10-Q nine-month figure,https://www.sec.gov/Archives/edgar/data/1609351/000160935119000035/spark-exhibit991fullyear20.htm
luxturna,Total,2019Q1,2019-01-01,2019-03-31,one-time,9.78,2019Q1,verified-from-source,False,850000.0,0.76,11.5,15.1,43.3,56.9,quarterly as reported,"Spark Therapeutics Form 10-Q, period 2019-03-31",https://www.sec.gov/Archives/edgar/data/1609351/000160935119000047/spark-201933110xq.htm
luxturna,Total,2019Q2,2019-04-01,2019-06-30,one-time,11.46,2019Q2,verified-from-source,False,850000.0,0.76,13.5,17.7,56.7,74.6,quarterly as reported,"Spark Therapeutics Form 10-Q, period 2019-06-30",https://www.sec.gov/Archives/edgar/data/1609351/000160935119000070/spark-201963010xq.htm
luxturna,Total,2019Q3,2019-07-01,2019-09-30,one-time,6.92,2019Q3,verified-from-source,False,850000.0,0.76,8.1,10.7,64.9,85.4,quarterly as reported,"Spark Therapeutics Form 10-Q, period 2019-09-30",https://www.sec.gov/Archives/edgar/data/1609351/000160935119000072/spark-201993010xq.htm
luxturna,Total,2019Q4,2019-10-01,2019-12-31,,,,not-covered,,850000.0,0.76,,,64.9,85.4,gap: no total revenue row covers this quarter,,
luxturna,Total,2020Q1,2020-01-01,2020-03-31,,,,not-covered,,850000.0,0.76,,,64.9,85.4,gap: no total revenue row covers this quarter,,
luxturna,Total,2020Q2,2020-04-01,2020-06-30,,,,not-covered,,850000.0,0.76,,,64.9,85.4,gap: no total revenue row covers this quarter,,
luxturna,Total,2020Q3,2020-07-01,2020-09-30,,,,not-covered,,850000.0,0.76,,,64.9,85.4,gap: no total revenue row covers this quarter,,
luxturna,Total,2020Q4,2020-10-01,2020-12-31,,,,not-covered,,850000.0,0.76,,,64.9,85.4,gap: no total revenue row covers this quarter,,
luxturna,Total,2021Q1,2021-01-01,2021-03-31,,,,not-covered,,850000.0,0.76,,,64.9,85.4,gap: no total revenue row covers this quarter,,
luxturna,Total,2021Q2,2021-04-01,2021-06-30,,,,not-covered,,850000.0,0.76,,,64.9,85.4,gap: no total revenue row covers this quarter,,
luxturna,Total,2021Q3,2021-07-01,2021-09-30,,,,not-covered,,850000.0,0.76,,,64.9,85.4,gap: no total revenue row covers this quarter,,
luxturna,Total,2021Q4,2021-10-01,2021-12-31,,,,not-covered,,850000.0,0.76,,,64.9,85.4,gap: no total revenue row covers this quarter,,
luxturna,Total,2022Q1,2022-01-01,2022-03-31,one-time,6.72,2022H1,verified-from-source,True,850000.0,0.76,7.9,10.4,72.8,95.8,allocated evenly from a longer reporting period,"Roche Half-Year Report 2023, note on therapeutic-area restatement",https://assets.roche.com/f/176343/x/40d59063c5/hy23e.pdf
luxturna,Total,2022Q2,2022-04-01,2022-06-30,one-time,6.72,2022H1,verified-from-source,True,850000.0,0.76,7.9,10.4,80.7,106.2,allocated evenly from a longer reporting period,"Roche Half-Year Report 2023, note on therapeutic-area restatement",https://assets.roche.com/f/176343/x/40d59063c5/hy23e.pdf
luxturna,Total,2022Q3,2022-07-01,2022-09-30,,,,not-covered,,850000.0,0.76,,,80.7,106.2,gap: no total revenue row covers this quarter,,
luxturna,Total,2022Q4,2022-10-01,2022-12-31,,,,not-covered,,850000.0,0.76,,,80.7,106.2,gap: no total revenue row covers this quarter,,
luxturna,Total,2023Q1,2023-01-01,2023-03-31,one-time,4.48,2023H1,verified-from-source,True,850000.0,0.76,5.3,6.9,86.0,113.1,allocated evenly from a longer reporting period,"Roche Appendix Tables HY 2023, Table 3 (Product sales Pharmaceuticals Division YTD June 2023 vs YTD June 2022)",https://assets.roche.com/f/176343/c9bacfaf34/appendix-tables-hy-2023.pdf
luxturna,Total,2023Q2,2023-04-01,2023-06-30,one-time,4.48,2023H1,verified-from-source,True,850000.0,0.76,5.3,6.9,91.2,120.0,allocated evenly from a longer reporting period,"Roche Appendix Tables HY 2023, Table 3 (Product sales Pharmaceuticals Division YTD June 2023 vs YTD June 2022)",https://assets.roche.com/f/176343/c9bacfaf34/appendix-tables-hy-2023.pdf
luxturna,Total,2023Q3,2023-07-01,2023-09-30,one-time,20.16,FY2023 minus 2023H1,derived,True,850000.0,0.76,23.7,31.2,114.9,151.2,allocated evenly from a longer reporting period,"Roche Investor Update FY2023 (2024-02-01), Table 3 YTD December 2023 vs YTD December 2022",https://assets.roche.com/f/176343/x/5a5b5d48d1/240201_ir_fy23_en.pdf
luxturna,Total,2023Q4,2023-10-01,2023-12-31,one-time,20.16,FY2023 minus 2023H1,derived,True,850000.0,0.76,23.7,31.2,138.7,182.4,allocated evenly from a longer reporting period,"Roche Investor Update FY2023 (2024-02-01), Table 3 YTD December 2023 vs YTD December 2022",https://assets.roche.com/f/176343/x/5a5b5d48d1/240201_ir_fy23_en.pdf
luxturna,Total,2024Q1,2024-01-01,2024-03-31,one-time,5.6,2024H1,verified-from-source,True,850000.0,0.76,6.6,8.7,145.2,191.1,allocated evenly from a longer reporting period,"Roche Investor Update HY 2024 (2024-07-25), Table 3 YTD June 2024 vs YTD June 2023",https://assets.roche.com/f/176343/x/ca635dfd8b/240725_ir_hy.pdf
luxturna,Total,2024Q2,2024-04-01,2024-06-30,one-time,5.6,2024H1,verified-from-source,True,850000.0,0.76,6.6,8.7,151.8,199.8,allocated evenly from a longer reporting period,"Roche Investor Update HY 2024 (2024-07-25), Table 3 YTD June 2024 vs YTD June 2023",https://assets.roche.com/f/176343/x/ca635dfd8b/240725_ir_hy.pdf
luxturna,Total,2024Q3,2024-07-01,2024-09-30,one-time,4.48,FY2024 minus 2024H1,derived,True,850000.0,0.76,5.3,6.9,157.1,206.7,allocated evenly from a longer reporting period,"Roche Investor Update FY2024 (2025-01-30), Table 3 YTD December 2024 vs YTD December 2023",https://assets.roche.com/f/176343/x/774e29fc44/250130_ir_fy24_en.pdf
luxturna,Total,2024Q4,2024-10-01,2024-12-31,one-time,4.48,FY2024 minus 2024H1,derived,True,850000.0,0.76,5.3,6.9,162.4,213.7,allocated evenly from a longer reporting period,"Roche Investor Update FY2024 (2025-01-30), Table 3 YTD December 2024 vs YTD December 2023",https://assets.roche.com/f/176343/x/774e29fc44/250130_ir_fy24_en.pdf
luxturna,Total,2025Q1,2025-01-01,2025-03-31,one-time,20.16,2025H1,verified-from-source,True,850000.0,0.76,23.7,31.2,186.1,244.9,allocated evenly from a longer reporting period,"Roche Investor Update HY 2025 (2025-07-24), Table 3 YTD June 2025 vs YTD June 2024",https://assets.roche.com/f/176343/x/3e163d97e6/250724_ir_hy.pdf
luxturna,Total,2025Q2,2025-04-01,2025-06-30,one-time,20.16,2025H1,verified-from-source,True,850000.0,0.76,23.7,31.2,209.8,276.1,allocated evenly from a longer reporting period,"Roche Investor Update HY 2025 (2025-07-24), Table 3 YTD June 2025 vs YTD June 2024",https://assets.roche.com/f/176343/x/3e163d97e6/250724_ir_hy.pdf
luxturna,Total,2025Q3,2025-07-01,2025-09-30,one-time,2.8,FY2025 minus 2025H1,derived,True,850000.0,0.76,3.3,4.3,213.1,280.4,allocated evenly from a longer reporting period,"Roche Investor Update FY2025 (2026-01-29), Table 3 YTD December 2025 vs YTD December 2024",https://assets.roche.com/f/176343/x/7bf0314a2a/260129_ir_fy25_en.pdf
luxturna,Total,2025Q4,2025-10-01,2025-12-31,one-time,2.8,FY2025 minus 2025H1,derived,True,850000.0,0.76,3.3,4.3,216.4,284.7,allocated evenly from a longer reporting period,"Roche Investor Update FY2025 (2026-01-29), Table 3 YTD December 2025 vs YTD December 2024",https://assets.roche.com/f/176343/x/7bf0314a2a/260129_ir_fy25_en.pdf
luxturna,Total,2026Q1,2026-01-01,2026-03-31,one-time,12.32,2026H1,verified-from-source,True,850000.0,0.76,14.5,19.1,230.9,303.8,allocated evenly from a longer reporting period,"Roche Investor Update HY 2026 (2026-07-23), Table 3 YTD June 2026 vs YTD June 2025",https://assets.roche.com/f/176343/x/1ba0693bc5/260723_ir_hy.pdf
luxturna,Total,2026Q2,2026-04-01,2026-06-30,one-time,12.32,2026H1,verified-from-source,True,850000.0,0.76,14.5,19.1,245.4,322.9,allocated evenly from a longer reporting period,"Roche Investor Update HY 2026 (2026-07-23), Table 3 YTD June 2026 vs YTD June 2025",https://assets.roche.com/f/176343/x/1ba0693bc5/260723_ir_hy.pdf
lyfgenia,US,2023Q4,2023-10-01,2023-12-31,one-time,0.0,2023Q4,verified-from-source,False,3100000.0,0.76,0.0,0.0,0.0,0.0,quarterly as reported,"bluebird bio Form 10-K for fiscal 2024, Product revenue and reserves - Summary of Product Revenue (XBRL R54) (filed 2025-03-27)",https://www.sec.gov/Archives/edgar/data/1293971/000129397125000009/R54.htm
lyfgenia,US,2024Q1,2024-01-01,2024-03-31,one-time,0.0,2024Q1,verified-from-source,False,3100000.0,0.76,0.0,0.0,0.0,0.0,quarterly as reported,"bluebird bio Form 10-Q for the quarter ended 2025-03-31, Note 3 Product revenue and reserves (filed 2025-05-14)",https://www.sec.gov/Archives/edgar/data/1293971/000129397125000014/blue-20250331.htm
lyfgenia,US,2024Q2,2024-04-01,2024-06-30,one-time,0.0,2024Q2,verified-from-source,False,3100000.0,0.76,0.0,0.0,0.0,0.0,quarterly as reported,"bluebird bio Form 10-Q for the quarter ended 2024-06-30, Note 3 Product revenue and reserves (filed 2024-09-27)",https://www.sec.gov/Archives/edgar/data/1293971/000129397124000058/blue-20240630.htm
lyfgenia,US,2024Q3,2024-07-01,2024-09-30,one-time,2.63,2024Q3,verified-from-source,False,3100000.0,0.76,0.8,1.1,0.8,1.1,quarterly as reported,"bluebird bio Form 10-Q for the quarter ended 2024-09-30, Note 3 Product revenue and reserves (filed 2024-11-14)",https://www.sec.gov/Archives/edgar/data/1293971/000129397124000079/blue-20240930.htm
lyfgenia,US,2024Q4,2024-10-01,2024-12-31,one-time,8.97,2024Q4,derived,False,3100000.0,0.76,2.9,3.8,3.7,4.9,quarterly as reported,"bluebird bio Form 10-K for fiscal 2024, Product revenue and reserves - Summary of Product Revenue (XBRL R54) (filed 2025-03-27)",https://www.sec.gov/Archives/edgar/data/1293971/000129397125000009/R54.htm
lyfgenia,US,2025Q1,2025-01-01,2025-03-31,one-time,12.4,2025Q1,verified-from-source,False,3100000.0,0.76,4.0,5.3,7.7,10.2,quarterly as reported,"bluebird bio Form 10-Q for the quarter ended 2025-03-31, Note 3 Product revenue and reserves (filed 2025-05-14)",https://www.sec.gov/Archives/edgar/data/1293971/000129397125000014/blue-20250331.htm
lyfgenia,Total,2023Q4,2023-10-01,2023-12-31,one-time,0.0,2023Q4,verified-from-source,False,3100000.0,0.76,0.0,0.0,0.0,0.0,quarterly as reported,"bluebird bio Form 10-K for fiscal 2024, Product revenue and reserves - Summary of Product Revenue (XBRL R54) (filed 2025-03-27)",https://www.sec.gov/Archives/edgar/data/1293971/000129397125000009/R54.htm
lyfgenia,Total,2024Q1,2024-01-01,2024-03-31,one-time,0.0,2024Q1,verified-from-source,False,3100000.0,0.76,0.0,0.0,0.0,0.0,quarterly as reported,"bluebird bio Form 10-Q for the quarter ended 2025-03-31, Note 3 Product revenue and reserves (filed 2025-05-14)",https://www.sec.gov/Archives/edgar/data/1293971/000129397125000014/blue-20250331.htm
lyfgenia,Total,2024Q2,2024-04-01,2024-06-30,one-time,0.0,2024Q2,verified-from-source,False,3100000.0,0.76,0.0,0.0,0.0,0.0,quarterly as reported,"bluebird bio Form 10-Q for the quarter ended 2024-06-30, Note 3 Product revenue and reserves (filed 2024-09-27)",https://www.sec.gov/Archives/edgar/data/1293971/000129397124000058/blue-20240630.htm
lyfgenia,Total,2024Q3,2024-07-01,2024-09-30,one-time,2.63,2024Q3,verified-from-source,False,3100000.0,0.76,0.8,1.1,0.8,1.1,quarterly as reported,"bluebird bio Form 10-Q for the quarter ended 2024-09-30, Note 3 Product revenue and reserves (filed 2024-11-14)",https://www.sec.gov/Archives/edgar/data/1293971/000129397124000079/blue-20240930.htm
lyfgenia,Total,2024Q4,2024-10-01,2024-12-31,one-time,8.97,2024Q4,derived,False,3100000.0,0.76,2.9,3.8,3.7,4.9,quarterly as reported,"bluebird bio Form 10-K for fiscal 2024, Product revenue and reserves - Summary of Product Revenue (XBRL R54) (filed 2025-03-27)",https://www.sec.gov/Archives/edgar/data/1293971/000129397125000009/R54.htm
lyfgenia,Total,2025Q1,2025-01-01,2025-03-31,one-time,12.4,2025Q1,verified-from-source,False,3100000.0,0.76,4.0,5.3,7.7,10.2,quarterly as reported,"bluebird bio Form 10-Q for the quarter ended 2025-03-31, Note 3 Product revenue and reserves (filed 2025-05-14)",https://www.sec.gov/Archives/edgar/data/1293971/000129397125000014/blue-20250331.htm
omisirge,Total,2023Q2,2023-04-01,2023-06-30,one-time,0.0,2023Q2,derived,False,338000.0,0.76,0.0,0.0,0.0,0.0,quarterly as reported,"Gamida Cell 10-Q for the quarter ended September 30, 2023 (2023-11-14)",https://www.sec.gov/Archives/edgar/data/1600847/000121390023086948/f10q0923_gamidacell.htm
omisirge,Total,2023Q3,2023-07-01,2023-09-30,one-time,0.67,2023Q3,verified-from-source,False,338000.0,0.76,2.0,2.6,2.0,2.6,quarterly as reported,"Gamida Cell 10-Q for the quarter ended September 30, 2023 (2023-11-14)",https://www.sec.gov/Archives/edgar/data/1600847/000121390023086948/f10q0923_gamidacell.htm
omisirge,Total,2023Q4,2023-10-01,2023-12-31,one-time,1.11,2023Q4,derived,False,338000.0,0.76,3.3,4.3,5.3,6.9,quarterly as reported,"Gamida Cell 10-K FY2023 (2024-03-27), XBRL Consolidated Statements of Operations (R5)",https://www.sec.gov/Archives/edgar/data/1600847/000121390024026229/R5.htm
omisirge,Total,2024Q1,2024-01-01,2024-03-31,one-time,0.89,2024Q1,verified-from-source,False,338000.0,0.76,2.6,3.5,7.9,10.4,quarterly as reported,"Gamida Cell 10-Q for the quarter ended March 31, 2024 (2024-05-23)",https://www.sec.gov/Archives/edgar/data/1600847/000121390024046302/ea0206597-10q_gamidacell.htm
papzimeos,Total,2025Q4,2025-10-01,2025-12-31,one-time,3.4,2025Q4,verified-from-source,False,1000000.0,0.76,3.4,4.5,3.4,4.5,quarterly as reported,"Precigen 8-K Ex-99.1, Full Year 2025 Financial Results and Business Updates (2026-03-25)",https://www.sec.gov/Archives/edgar/data/1356090/000095010326004648/dp244075_ex9901.htm
papzimeos,Total,2026Q1,2026-01-01,2026-03-31,one-time,21.6,2026Q1,verified-from-source,False,1000000.0,0.76,21.6,28.4,25.0,32.9,quarterly as reported,"Precigen 8-K Ex-99.1, First Quarter 2026 Financial Results and Business Updates (2026-05-13)",https://www.sec.gov/Archives/edgar/data/1356090/000095010326007158/dp246650_ex9901.htm
papzimeos,Total,2026Q2,2026-04-01,2026-06-30,one-time,53.1,2026Q2,verified-from-source,False,1000000.0,0.76,53.1,69.9,78.1,102.8,quarterly as reported,"Precigen 8-K Ex-99.1, Second Quarter 2026 Financial Results Highlighted by Accelerating PAPZIMEOS Revenue Growth (2026-08-04)",https://www.sec.gov/Archives/edgar/data/1356090/000095010326011876/dp251262_ex9901.htm
provenge,Total,2010Q2,2010-04-01,2010-06-30,course,2.79,2010Q2,verified-from-source,False,93000.0,0.76,30.0,39.5,30.0,39.5,quarterly as reported,"Dendreon 10-Q for the quarter ended June 30, 2011 (2011-08-03)",https://www.sec.gov/Archives/edgar/data/1107332/000119312511208151/d10q.htm
provenge,Total,2010Q3,2010-07-01,2010-09-30,course,20.22,2010Q3,verified-from-source,False,93000.0,0.76,217.4,286.1,247.4,325.5,quarterly as reported,"Dendreon 10-Q for the quarter ended September 30, 2011 (2011-11-02)",https://www.sec.gov/Archives/edgar/data/1107332/000119312511292830/d237118d10q.htm
provenge,Total,2010Q4,2010-10-01,2010-12-31,course,24.95,2010Q4,derived,False,93000.0,0.76,268.3,353.0,515.7,678.5,quarterly as reported,"Dendreon 10-K for the year ended December 31, 2010 (2011-03-01)",https://www.sec.gov/Archives/edgar/data/1107332/000095012311020518/v57497e10vk.htm
provenge,Total,2011Q1,2011-01-01,2011-03-31,course,28.04,2011Q1,derived,False,93000.0,0.76,301.5,396.7,817.2,1075.3,quarterly as reported,"Dendreon 10-Q for the quarter ended June 30, 2011 (2011-08-03)",https://www.sec.gov/Archives/edgar/data/1107332/000119312511208151/d10q.htm
provenge,Total,2011Q2,2011-04-01,2011-06-30,course,49.53,2011Q2,verified-from-source,False,93000.0,0.76,532.6,700.8,1349.8,1776.1,quarterly as reported,"Dendreon 10-Q for the quarter ended June 30, 2011 (2011-08-03)",https://www.sec.gov/Archives/edgar/data/1107332/000119312511208151/d10q.htm
provenge,Total,2011Q3,2011-07-01,2011-09-30,course,64.29,2011Q3,verified-from-source,False,93000.0,0.76,691.3,909.6,2041.1,2685.6,quarterly as reported,"Dendreon 10-Q for the quarter ended September 30, 2011 (2011-11-02)",https://www.sec.gov/Archives/edgar/data/1107332/000119312511292830/d237118d10q.htm
provenge,Total,2011Q4,2011-10-01,2011-12-31,course,76.95,2011Q4,derived,False,93000.0,0.76,827.4,1088.7,2868.5,3774.3,quarterly as reported,"Dendreon 10-K for the year ended December 31, 2011 (2012-02-29)",https://www.sec.gov/Archives/edgar/data/1107332/000119312512086225/d260773d10k.htm
provenge,Total,2012Q1,2012-01-01,2012-03-31,course,81.97,2012Q1,derived,False,93000.0,0.76,881.4,1159.8,3749.9,4934.1,quarterly as reported,"Dendreon 10-Q for the quarter ended June 30, 2012 (2012-07-31)",https://www.sec.gov/Archives/edgar/data/1107332/000119312512323922/d377194d10q.htm
provenge,Total,2012Q2,2012-04-01,2012-06-30,course,79.96,2012Q2,verified-from-source,False,93000.0,0.76,859.8,1131.4,4609.8,6065.5,quarterly as reported,"Dendreon 10-Q for the quarter ended June 30, 2012 (2012-07-31)",https://www.sec.gov/Archives/edgar/data/1107332/000119312512323922/d377194d10q.htm
provenge,Total,2012Q3,2012-07-01,2012-09-30,course,77.94,2012Q3,verified-from-source,False,93000.0,0.76,838.1,1102.7,5447.8,7168.2,quarterly as reported,"Dendreon 10-Q for the quarter ended September 30, 2012 (2012-11-02)",https://www.sec.gov/Archives/edgar/data/1107332/000119312512448006/d425623d10q.htm
provenge,Total,2012Q4,2012-10-01,2012-12-31,course,85.42,2012Q4,derived,False,93000.0,0.76,918.5,1208.6,6366.4,8376.8,quarterly as reported,"Dendreon 10-K for the year ended December 31, 2013 (2014-03-03)",https://www.sec.gov/Archives/edgar/data/1107332/000119312514079705/d650543d10k.htm
provenge,Total,2013Q1,2013-01-01,2013-03-31,course,67.58,2013Q1,verified-from-source,False,93000.0,0.76,726.7,956.1,7093.0,9332.9,quarterly as reported,"Dendreon 10-Q for the quarter ended March 31, 2014 (2014-05-08)",https://www.sec.gov/Archives/edgar/data/1107332/000119312514190026/d722939d10q.htm
provenge,Total,2013Q2,2013-04-01,2013-06-30,course,73.29,2013Q2,verified-from-source,False,93000.0,0.76,788.0,1036.9,7881.0,10369.8,quarterly as reported,"Dendreon 10-Q for the quarter ended June 30, 2014 (2014-08-11)",https://www.sec.gov/Archives/edgar/data/1107332/000119312514305042/d774769d10q.htm
provenge,Total,2013Q3,2013-07-01,2013-09-30,course,67.98,2013Q3,verified-from-source,False,93000.0,0.76,731.0,961.8,8612.0,11331.6,quarterly as reported,"Dendreon 10-Q for the quarter ended September 30, 2014 (2014-11-10)",https://www.sec.gov/Archives/edgar/data/1107332/000119312514404506/d818121d10q.htm
provenge,Total,2013Q4,2013-10-01,2013-12-31,course,74.85,2013Q4,derived,False,93000.0,0.76,804.9,1059.0,9416.9,12390.6,quarterly as reported,"Dendreon 10-K for the year ended December 31, 2013 (2014-03-03)",https://www.sec.gov/Archives/edgar/data/1107332/000119312514079705/d650543d10k.htm
provenge,Total,2014Q1,2014-01-01,2014-03-31,course,68.78,2014Q1,verified-from-source,False,93000.0,0.76,739.6,973.1,10156.5,13363.8,quarterly as reported,"Dendreon 10-Q for the quarter ended March 31, 2014 (2014-05-08)",https://www.sec.gov/Archives/edgar/data/1107332/000119312514190026/d722939d10q.htm
provenge,Total,2014Q2,2014-04-01,2014-06-30,course,82.16,2014Q2,verified-from-source,False,93000.0,0.76,883.5,1162.5,11039.9,14526.2,quarterly as reported,"Dendreon 10-Q for the quarter ended June 30, 2014 (2014-08-11)",https://www.sec.gov/Archives/edgar/data/1107332/000119312514305042/d774769d10q.htm
provenge,Total,2014Q3,2014-07-01,2014-09-30,course,73.12,2014Q3,verified-from-source,False,93000.0,0.76,786.2,1034.5,11826.2,15560.7,quarterly as reported,"Dendreon 10-Q for the quarter ended September 30, 2014 (2014-11-10)",https://www.sec.gov/Archives/edgar/data/1107332/000119312514404506/d818121d10q.htm
provenge,Total,2014Q4,2014-10-01,2014-12-31,,,,not-covered,,93000.0,0.76,,,11826.2,15560.7,gap: no total revenue row covers this quarter,,
provenge,Total,2015Q1,2015-01-01,2015-03-31,course,62.5,2015FY,verified-from-source,True,93000.0,0.76,672.0,884.3,12498.2,16445.0,allocated evenly from a longer reporting period,"Valeant Pharmaceuticals International 10-K for the year ended December 31, 2016 (2017-03-01)",https://www.sec.gov/Archives/edgar/data/885590/000088559017000015/valeant2016form10-k.htm
provenge,Total,2015Q2,2015-04-01,2015-06-30,course,62.5,2015FY,verified-from-source,True,93000.0,0.76,672.0,884.3,13170.2,17329.3,allocated evenly from a longer reporting period,"Valeant Pharmaceuticals International 10-K for the year ended December 31, 2016 (2017-03-01)",https://www.sec.gov/Archives/edgar/data/885590/000088559017000015/valeant2016form10-k.htm
provenge,Total,2015Q3,2015-07-01,2015-09-30,course,62.5,2015FY,verified-from-source,True,93000.0,0.76,672.0,884.3,13842.3,18213.5,allocated evenly from a longer reporting period,"Valeant Pharmaceuticals International 10-K for the year ended December 31, 2016 (2017-03-01)",https://www.sec.gov/Archives/edgar/data/885590/000088559017000015/valeant2016form10-k.htm
provenge,Total,2015Q4,2015-10-01,2015-12-31,course,62.5,2015FY,verified-from-source,True,93000.0,0.76,672.0,884.3,14514.3,19097.8,allocated evenly from a longer reporting period,"Valeant Pharmaceuticals International 10-K for the year ended December 31, 2016 (2017-03-01)",https://www.sec.gov/Archives/edgar/data/885590/000088559017000015/valeant2016form10-k.htm
provenge,Total,2016Q1,2016-01-01,2016-03-31,course,75.75,2016FY,verified-from-source,True,93000.0,0.76,814.5,1071.7,15328.8,20169.5,allocated evenly from a longer reporting period,"Valeant Pharmaceuticals International 10-K for the year ended December 31, 2016 (2017-03-01)",https://www.sec.gov/Archives/edgar/data/885590/000088559017000015/valeant2016form10-k.htm
provenge,Total,2016Q2,2016-04-01,2016-06-30,course,75.75,2016FY,verified-from-source,True,93000.0,0.76,814.5,1071.7,16143.4,21241.3,allocated evenly from a longer reporting period,"Valeant Pharmaceuticals International 10-K for the year ended December 31, 2016 (2017-03-01)",https://www.sec.gov/Archives/edgar/data/885590/000088559017000015/valeant2016form10-k.htm
provenge,Total,2016Q3,2016-07-01,2016-09-30,course,75.75,2016FY,verified-from-source,True,93000.0,0.76,814.5,1071.7,16957.9,22313.0,allocated evenly from a longer reporting period,"Valeant Pharmaceuticals International 10-K for the year ended December 31, 2016 (2017-03-01)",https://www.sec.gov/Archives/edgar/data/885590/000088559017000015/valeant2016form10-k.htm
provenge,Total,2016Q4,2016-10-01,2016-12-31,course,75.75,2016FY,verified-from-source,True,93000.0,0.76,814.5,1071.7,17772.4,23384.7,allocated evenly from a longer reporting period,"Valeant Pharmaceuticals International 10-K for the year ended December 31, 2016 (2017-03-01)",https://www.sec.gov/Archives/edgar/data/885590/000088559017000015/valeant2016form10-k.htm
roctavian,Total,2022Q4,2022-10-01,2022-12-31,one-time,0.0,2022Q4,verified-from-source,False,2900000.0,0.76,0.0,0.0,0.0,0.0,quarterly as reported,"BioMarin 8-K Ex-99.1, BioMarin Reports Record Financial Results for the Fourth Quarter and Full-year 2023 and Provides Financial Guidance for 2024 (2024-02-22)",https://www.sec.gov/Archives/edgar/data/1048477/000104847724000013/earningsrelease-22feb24ex9.htm
roctavian,Total,2023Q1,2023-01-01,2023-03-31,one-time,0.0,2023Q1,verified-from-source,False,2900000.0,0.76,0.0,0.0,0.0,0.0,quarterly as reported,"BioMarin 8-K Ex-99.1, BioMarin Reports Record Financial Results for the First Quarter 2024 (2024-04-24)",https://www.sec.gov/Archives/edgar/data/1048477/000104847724000066/earningsrelease-24apr24ex9.htm
roctavian,Total,2023Q2,2023-04-01,2023-06-30,one-time,0.0,2023Q2,verified-from-source,False,2900000.0,0.76,0.0,0.0,0.0,0.0,quarterly as reported,"BioMarin 8-K Ex-99.1, BioMarin Announces Strong Second Quarter 2023 Results and Record Breaking Revenues for the First Half of 2023 (2023-07-31)",https://www.sec.gov/Archives/edgar/data/1048477/000104847723000026/earningsrelease-31jul23ex9.htm
roctavian,Total,2023Q3,2023-07-01,2023-09-30,one-time,0.8,2023Q3,verified-from-source,False,2900000.0,0.76,0.3,0.4,0.3,0.4,quarterly as reported,"BioMarin 8-K Ex-99.1, BioMarin Announces Strong Third Quarter 2023 Results, Including Continued Profitability, and 15% Total Revenue Growth Year Over Year (2023-11-01)",https://www.sec.gov/Archives/edgar/data/1048477/000104847723000041/earningsrelease-01nov23ex9.htm
roctavian,Total,2023Q4,2023-10-01,2023-12-31,one-time,2.7,2023Q4,verified-from-source,False,2900000.0,0.76,0.9,1.2,1.2,1.6,quarterly as reported,"BioMarin 8-K Ex-99.1, BioMarin Reports Record Financial Results for the Fourth Quarter and Full-year 2023 and Provides Financial Guidance for 2024 (2024-02-22)",https://www.sec.gov/Archives/edgar/data/1048477/000104847724000013/earningsrelease-22feb24ex9.htm
roctavian,Total,2024Q1,2024-01-01,2024-03-31,one-time,0.8,2024Q1,verified-from-source,False,2900000.0,0.76,0.3,0.4,1.5,2.0,quarterly as reported,"BioMarin 8-K Ex-99.1, BioMarin Reports Record Financial Results for the First Quarter 2024 (2024-04-24)",https://www.sec.gov/Archives/edgar/data/1048477/000104847724000066/earningsrelease-24apr24ex9.htm
roctavian,Total,2024Q2,2024-04-01,2024-06-30,one-time,7.4,2024Q2,verified-from-source,False,2900000.0,0.76,2.6,3.4,4.0,5.3,quarterly as reported,"BioMarin 8-K Ex-99.1, BioMarin Announces 20% Y/Y Total Revenue Growth in the Second Quarter and Increase in Full-year 2024 Guidance (2024-08-05)",https://www.sec.gov/Archives/edgar/data/1048477/000104847724000125/earningsrelease-05aug24ex9.htm
roctavian,Total,2024Q3,2024-07-01,2024-09-30,one-time,7.2,2024Q3,verified-from-source,False,2900000.0,0.76,2.5,3.3,6.5,8.6,quarterly as reported,BioMarin Form 10-Q for the quarter ended 2025-09-30 (filed 2025-10-28),https://www.sec.gov/Archives/edgar/data/1048477/000104847725000107/bmrn-20250930.htm
roctavian,Total,2024Q4,2024-10-01,2024-12-31,one-time,11.0,2024Q4,verified-from-source,False,2900000.0,0.76,3.8,5.0,10.3,13.6,quarterly as reported,"BioMarin 8-K Ex-99.1, BioMarin Reports Fourth Quarter and Full Year 2024 Results; Sets Full Year 2025 Guidance (2025-02-19)",https://www.sec.gov/Archives/edgar/data/1048477/000104847725000004/earningsrelease-19feb25ex9.htm
roctavian,Total,2025Q1,2025-01-01,2025-03-31,one-time,11.0,2025Q1,verified-from-source,False,2900000.0,0.76,3.8,5.0,14.1,18.6,quarterly as reported,"BioMarin 8-K Ex-99.1, BioMarin Reports First Quarter 2025 Results and Reaffirms Full-year Guidance (2025-05-01)",https://www.sec.gov/Archives/edgar/data/1048477/000104847725000049/earningsrelease-1may25ex991.htm
roctavian,Total,2025Q2,2025-04-01,2025-06-30,one-time,9.0,2025Q2,verified-from-source,False,2900000.0,0.76,3.1,4.1,17.2,22.6,quarterly as reported,"BioMarin 8-K Ex-99.1, BioMarin Reports Strong Second Quarter 2025 Results and Raises Full-year Guidance (2025-08-04)",https://www.sec.gov/Archives/edgar/data/1048477/000104847725000088/earningsrelease-04aug25ex9.htm
roctavian,Total,2025Q3,2025-07-01,2025-09-30,one-time,3.2,2025Q3,verified-from-source,False,2900000.0,0.76,1.1,1.5,18.3,24.1,quarterly as reported,BioMarin Form 10-Q for the quarter ended 2025-09-30 (filed 2025-10-28),https://www.sec.gov/Archives/edgar/data/1048477/000104847725000107/bmrn-20250930.htm
roctavian,Total,2025Q4,2025-10-01,2025-12-31,one-time,13.0,2025Q4,verified-from-source,False,2900000.0,0.76,4.5,5.9,22.8,30.0,quarterly as reported,"BioMarin 8-K Ex-99.1, BioMarin Reports Fourth Quarter and Full-year 2025 Financial and Operating Results (2026-02-23)",https://www.sec.gov/Archives/edgar/data/1048477/000104847726000002/earningsrelease-23feb26ex9.htm
roctavian,Total,2026Q1,2026-01-01,2026-03-31,one-time,3.0,2026Q1,verified-from-source,False,2900000.0,0.76,1.0,1.4,23.8,31.4,quarterly as reported,"BioMarin 8-K Ex-99.1, BioMarin Reports First Quarter 2026 Financial and Operating Results (2026-05-04)",https://www.sec.gov/Archives/edgar/data/1048477/000104847726000006/earningsrelease-4may26ex991.htm
roctavian,Total,2026Q2,2026-04-01,2026-06-30,one-time,12.0,2026Q2,verified-from-source,False,2900000.0,0.76,4.1,5.4,28.0,36.8,quarterly as reported,"BioMarin 8-K Ex-99.1, BioMarin Reports Second Quarter 2026 Financial and Operating Results (2026-08-06)",https://www.sec.gov/Archives/edgar/data/1048477/000104847726000015/earningsrelease-6aug26ex991.htm
ryoncil,Total,2025Q1,2025-01-01,2025-03-31,course,0.0,2025Q1,derived,False,1550000.0,0.76,0.0,0.0,0.0,0.0,quarterly as reported,"Mesoblast 6-K Ex-99.1, Financial Results and Operational Update for the Full Year Ended June 30, 2025 (2025-08-29)",https://www.sec.gov/Archives/edgar/data/1345099/000134509925000068/exhibit991.htm
ryoncil,Total,2025Q2,2025-04-01,2025-06-30,course,11.3,2025Q2,verified-from-source,False,1550000.0,0.76,7.3,9.6,7.3,9.6,quarterly as reported,"Mesoblast 6-K Ex-99.1, Financial Results and Operational Update for the Full Year Ended June 30, 2025 (2025-08-29)",https://www.sec.gov/Archives/edgar/data/1345099/000134509925000068/exhibit991.htm
ryoncil,Total,2025Q3,2025-07-01,2025-09-30,course,21.9,2025Q3,verified-from-source,False,1550000.0,0.76,14.1,18.6,21.4,28.2,quarterly as reported,"Mesoblast 6-K Ex-99.1, 'Ryoncil revenues increase 66% in second quarter post launch' (2025-10-07)",https://www.sec.gov/Archives/edgar/data/1345099/000134509925000084/exhibit991ryoncilsalesup.htm
ryoncil,Total,2025Q4,2025-10-01,2025-12-31,course,35.1,2025Q4,verified-from-source,False,1550000.0,0.76,22.6,29.8,44.1,58.0,quarterly as reported,"Mesoblast 6-K Ex-99.1, Ryoncil sales update for quarter ended December 31, 2025 (2026-01-09)",https://www.sec.gov/Archives/edgar/data/1345099/000134509926000007/exhibit991ryoncilsalesde.htm
ryoncil,Total,2026Q1,2026-01-01,2026-03-31,course,30.3,2026Q1,verified-from-source,False,1550000.0,0.76,19.5,25.7,63.6,83.7,quarterly as reported,"Mesoblast 6-K Ex-99.1, ASX CEO Connect presentation dated 1 June 2026 (filed 2026-06-10)",https://www.sec.gov/Archives/edgar/data/1345099/000134509926000058/exhibit991asxceoconnectp.htm
ryoncil,Total,2026Q2,2026-04-01,2026-06-30,course,36.0,2026Q2,verified-from-source,False,1550000.0,0.76,23.2,30.6,86.8,114.3,quarterly as reported,"Mesoblast 6-K Ex-99.2, Financial Results & Operational Update presentation for period ended June 30, 2026 (2026-08-27)",https://www.sec.gov/Archives/edgar/data/1345099/000134509926000083/exhibit992financialresul.htm
skysona,US,2023Q1,2023-01-01,2023-03-31,one-time,2.3,2023Q1,derived,False,3000000.0,0.76,0.8,1.0,0.8,1.0,quarterly as reported,"bluebird bio Form 10-Q for the quarter ended 2024-06-30, Note 3 Product revenue and reserves (filed 2024-09-27)",https://www.sec.gov/Archives/edgar/data/1293971/000129397124000058/blue-20240630.htm
skysona,US,2023Q2,2023-04-01,2023-06-30,one-time,2.66,2023Q2,verified-from-source,False,3000000.0,0.76,0.9,1.2,1.7,2.2,quarterly as reported,"bluebird bio Form 10-Q for the quarter ended 2024-06-30, Note 3 Product revenue and reserves (filed 2024-09-27)",https://www.sec.gov/Archives/edgar/data/1293971/000129397124000058/blue-20240630.htm
skysona,US,2023Q3,2023-07-01,2023-09-30,one-time,7.43,2023Q3,verified-from-source,False,3000000.0,0.76,2.5,3.3,4.1,5.4,quarterly as reported,"bluebird bio Form 10-Q for the quarter ended 2024-09-30, Note 3 Product revenue and reserves (filed 2024-11-14)",https://www.sec.gov/Archives/edgar/data/1293971/000129397124000079/blue-20240930.htm
skysona,US,2023Q4,2023-10-01,2023-12-31,one-time,-0.01,2023Q4,derived,False,3000000.0,0.76,-0.0,-0.0,4.1,5.4,quarterly as reported,"bluebird bio Form 10-K for fiscal 2024, Product revenue and reserves - Summary of Product Revenue (XBRL R54) (filed 2025-03-27)",https://www.sec.gov/Archives/edgar/data/1293971/000129397125000009/R54.htm
skysona,US,2024Q1,2024-01-01,2024-03-31,one-time,0.0,2024Q1,verified-from-source,False,3000000.0,0.76,0.0,0.0,4.1,5.4,quarterly as reported,"bluebird bio Form 10-Q for the quarter ended 2025-03-31, Note 3 Product revenue and reserves (filed 2025-05-14)",https://www.sec.gov/Archives/edgar/data/1293971/000129397125000014/blue-20250331.htm
skysona,US,2024Q2,2024-04-01,2024-06-30,one-time,4.94,2024Q2,verified-from-source,False,3000000.0,0.76,1.6,2.2,5.8,7.6,quarterly as reported,"bluebird bio Form 10-Q for the quarter ended 2024-06-30, Note 3 Product revenue and reserves (filed 2024-09-27)",https://www.sec.gov/Archives/edgar/data/1293971/000129397124000058/blue-20240630.htm
skysona,US,2024Q3,2024-07-01,2024-09-30,one-time,2.49,2024Q3,verified-from-source,False,3000000.0,0.76,0.8,1.1,6.6,8.7,quarterly as reported,"bluebird bio Form 10-Q for the quarter ended 2024-09-30, Note 3 Product revenue and reserves (filed 2024-11-14)",https://www.sec.gov/Archives/edgar/data/1293971/000129397124000079/blue-20240930.htm
skysona,US,2024Q4,2024-10-01,2024-12-31,one-time,2.49,2024Q4,derived,False,3000000.0,0.76,0.8,1.1,7.4,9.8,quarterly as reported,"bluebird bio Form 10-K for fiscal 2024, Product revenue and reserves - Summary of Product Revenue (XBRL R54) (filed 2025-03-27)",https://www.sec.gov/Archives/edgar/data/1293971/000129397125000009/R54.htm
skysona,US,2025Q1,2025-01-01,2025-03-31,one-time,0.0,2025Q1,verified-from-source,False,3000000.0,0.76,0.0,0.0,7.4,9.8,quarterly as reported,"bluebird bio Form 10-Q for the quarter ended 2025-03-31, Note 3 Product revenue and reserves (filed 2025-05-14)",https://www.sec.gov/Archives/edgar/data/1293971/000129397125000014/blue-20250331.htm
skysona,Total,2023Q1,2023-01-01,2023-03-31,one-time,2.3,2023Q1,derived,False,3000000.0,0.76,0.8,1.0,0.8,1.0,quarterly as reported,"bluebird bio Form 10-Q for the quarter ended 2024-06-30, Note 3 Product revenue and reserves (filed 2024-09-27)",https://www.sec.gov/Archives/edgar/data/1293971/000129397124000058/blue-20240630.htm
skysona,Total,2023Q2,2023-04-01,2023-06-30,one-time,2.66,2023Q2,verified-from-source,False,3000000.0,0.76,0.9,1.2,1.7,2.2,quarterly as reported,"bluebird bio Form 10-Q for the quarter ended 2024-06-30, Note 3 Product revenue and reserves (filed 2024-09-27)",https://www.sec.gov/Archives/edgar/data/1293971/000129397124000058/blue-20240630.htm
skysona,Total,2023Q3,2023-07-01,2023-09-30,one-time,7.43,2023Q3,verified-from-source,False,3000000.0,0.76,2.5,3.3,4.1,5.4,quarterly as reported,"bluebird bio Form 10-Q for the quarter ended 2024-09-30, Note 3 Product revenue and reserves (filed 2024-11-14)",https://www.sec.gov/Archives/edgar/data/1293971/000129397124000079/blue-20240930.htm
skysona,Total,2023Q4,2023-10-01,2023-12-31,one-time,-0.01,2023Q4,derived,False,3000000.0,0.76,-0.0,-0.0,4.1,5.4,quarterly as reported,"bluebird bio Form 10-K for fiscal 2024, Product revenue and reserves - Summary of Product Revenue (XBRL R54) (filed 2025-03-27)",https://www.sec.gov/Archives/edgar/data/1293971/000129397125000009/R54.htm
skysona,Total,2024Q1,2024-01-01,2024-03-31,one-time,0.0,2024Q1,verified-from-source,False,3000000.0,0.76,0.0,0.0,4.1,5.4,quarterly as reported,"bluebird bio Form 10-Q for the quarter ended 2025-03-31, Note 3 Product revenue and reserves (filed 2025-05-14)",https://www.sec.gov/Archives/edgar/data/1293971/000129397125000014/blue-20250331.htm
skysona,Total,2024Q2,2024-04-01,2024-06-30,one-time,4.94,2024Q2,verified-from-source,False,3000000.0,0.76,1.6,2.2,5.8,7.6,quarterly as reported,"bluebird bio Form 10-Q for the quarter ended 2024-06-30, Note 3 Product revenue and reserves (filed 2024-09-27)",https://www.sec.gov/Archives/edgar/data/1293971/000129397124000058/blue-20240630.htm
skysona,Total,2024Q3,2024-07-01,2024-09-30,one-time,2.49,2024Q3,verified-from-source,False,3000000.0,0.76,0.8,1.1,6.6,8.7,quarterly as reported,"bluebird bio Form 10-Q for the quarter ended 2024-09-30, Note 3 Product revenue and reserves (filed 2024-11-14)",https://www.sec.gov/Archives/edgar/data/1293971/000129397124000079/blue-20240930.htm
skysona,Total,2024Q4,2024-10-01,2024-12-31,one-time,2.49,2024Q4,derived,False,3000000.0,0.76,0.8,1.1,7.4,9.8,quarterly as reported,"bluebird bio Form 10-K for fiscal 2024, Product revenue and reserves - Summary of Product Revenue (XBRL R54) (filed 2025-03-27)",https://www.sec.gov/Archives/edgar/data/1293971/000129397125000009/R54.htm
skysona,Total,2025Q1,2025-01-01,2025-03-31,one-time,0.0,2025Q1,verified-from-source,False,3000000.0,0.76,0.0,0.0,7.4,9.8,quarterly as reported,"bluebird bio Form 10-Q for the quarter ended 2025-03-31, Note 3 Product revenue and reserves (filed 2025-05-14)",https://www.sec.gov/Archives/edgar/data/1293971/000129397125000014/blue-20250331.htm
tecartus,US,2020Q3,2020-07-01,2020-09-30,one-time,5.0,2020Q3,verified-from-source,False,373000.0,0.76,13.4,17.6,13.4,17.6,quarterly as reported,"Gilead Sciences Announces Third Quarter 2021 Financial Results (press release, 28 Oct 2021)",https://www.gilead.com/news-and-press/press-room/press-releases/2021/10/gilead-sciences-announces-third-quarter-2021-financial-results
tecartus,US,2020Q4,2020-10-01,2020-12-31,one-time,29.0,2020Q4,verified-from-source,False,373000.0,0.76,77.7,102.3,91.2,119.9,quarterly as reported,"Gilead Sciences Announces Fourth Quarter and Full Year 2021 Financial Results (press release, 1 Feb 2022)",https://www.gilead.com/news-and-press/press-room/press-releases/2022/2/gilead-sciences-announces-fourth-quarter-and-full-year-2021-financial-results
tecartus,US,2021Q1,2021-01-01,2021-03-31,one-time,27.0,2021Q1,verified-from-source,False,373000.0,0.76,72.4,95.2,163.5,215.2,quarterly as reported,"Gilead Sciences Announces First Quarter 2021 Financial Results (press release, 29 Apr 2021)",https://www.gilead.com/news-and-press/press-room/press-releases/2021/4/gilead-sciences-announces-first-quarter-2021-financial-results
tecartus,US,2021Q2,2021-04-01,2021-06-30,one-time,32.0,2021Q2,verified-from-source,False,373000.0,0.76,85.8,112.9,249.3,328.1,quarterly as reported,"Gilead Sciences Announces Second Quarter 2021 Financial Results (press release, 29 Jul 2021)",https://www.gilead.com/news-and-press/press-room/press-releases/2021/7/gilead-sciences-announces-second-quarter-2021-financial-results
tecartus,US,2021Q3,2021-07-01,2021-09-30,one-time,35.0,2021Q3,verified-from-source,False,373000.0,0.76,93.8,123.5,343.2,451.5,quarterly as reported,"Gilead Sciences Announces Third Quarter 2021 Financial Results (press release, 28 Oct 2021)",https://www.gilead.com/news-and-press/press-room/press-releases/2021/10/gilead-sciences-announces-third-quarter-2021-financial-results
tecartus,US,2021Q4,2021-10-01,2021-12-31,one-time,42.0,2021Q4,verified-from-source,False,373000.0,0.76,112.6,148.2,455.8,599.7,quarterly as reported,"Gilead Sciences Announces Fourth Quarter and Full Year 2021 Financial Results (press release, 1 Feb 2022)",https://www.gilead.com/news-and-press/press-room/press-releases/2022/2/gilead-sciences-announces-fourth-quarter-and-full-year-2021-financial-results
tecartus,US,2022Q1,2022-01-01,2022-03-31,one-time,47.0,2022Q1,verified-from-source,False,373000.0,0.76,126.0,165.8,581.8,765.5,quarterly as reported,"Gilead Sciences Announces First Quarter 2023 Financial Results (press release, 27 Apr 2023)",https://investors.gilead.com/news/news-details/2023/Gilead-Sciences-Announces-First-Quarter-2023-Financial-Results/default.aspx
tecartus,US,2022Q2,2022-04-01,2022-06-30,one-time,53.0,2022Q2,verified-from-source,False,373000.0,0.76,142.1,187.0,723.9,952.4,quarterly as reported,"Gilead Sciences Announces Second Quarter 2023 Financial Results (press release, 3 Aug 2023)",https://investors.gilead.com/news/news-details/2023/Gilead-Sciences-Announces-Second-Quarter-2023-Financial-Results/default.aspx
tecartus,US,2022Q3,2022-07-01,2022-09-30,one-time,60.0,2022Q3,verified-from-source,False,373000.0,0.76,160.9,211.7,884.7,1164.1,quarterly as reported,"Gilead Sciences Announces Third Quarter 2023 Financial Results (press release, 7 Nov 2023)",https://investors.gilead.com/news/news-details/2023/Gilead-Sciences-Announces-Third-Quarter-2023-Financial-Results/default.aspx
tecartus,US,2022Q4,2022-10-01,2022-12-31,one-time,61.0,2022Q4,verified-from-source,False,373000.0,0.76,163.5,215.2,1048.3,1379.3,quarterly as reported,"Gilead Sciences Announces Fourth Quarter and Full Year 2023 Financial Results (press release, 6 Feb 2024)",https://investors.gilead.com/news/news-details/2024/Gilead-Sciences-Announces-Fourth-Quarter-and-Full-Year-2023-Financial-Results/default.aspx
tecartus,US,2023Q1,2023-01-01,2023-03-31,one-time,59.0,2023Q1,verified-from-source,False,373000.0,0.76,158.2,208.1,1206.4,1587.4,quarterly as reported,"Gilead Sciences Announces First Quarter 2023 Financial Results (press release, 27 Apr 2023)",https://investors.gilead.com/news/news-details/2023/Gilead-Sciences-Announces-First-Quarter-2023-Financial-Results/default.aspx
tecartus,US,2023Q2,2023-04-01,2023-06-30,one-time,56.0,2023Q2,verified-from-source,False,373000.0,0.76,150.1,197.5,1356.6,1785.0,quarterly as reported,"Gilead Sciences Announces Second Quarter 2023 Financial Results (press release, 3 Aug 2023)",https://investors.gilead.com/news/news-details/2023/Gilead-Sciences-Announces-Second-Quarter-2023-Financial-Results/default.aspx
tecartus,US,2023Q3,2023-07-01,2023-09-30,one-time,64.0,2023Q3,verified-from-source,False,373000.0,0.76,171.6,225.8,1528.2,2010.7,quarterly as reported,"Gilead Sciences Announces Third Quarter 2023 Financial Results (press release, 7 Nov 2023)",https://investors.gilead.com/news/news-details/2023/Gilead-Sciences-Announces-Third-Quarter-2023-Financial-Results/default.aspx
tecartus,US,2023Q4,2023-10-01,2023-12-31,one-time,66.0,2023Q4,verified-from-source,False,373000.0,0.76,176.9,232.8,1705.1,2243.5,quarterly as reported,"Gilead Sciences Announces Fourth Quarter and Full Year 2023 Financial Results (press release, 6 Feb 2024)",https://investors.gilead.com/news/news-details/2024/Gilead-Sciences-Announces-Fourth-Quarter-and-Full-Year-2023-Financial-Results/default.aspx
tecartus,US,2024Q1,2024-01-01,2024-03-31,one-time,55.0,2024Q1,verified-from-source,False,373000.0,0.76,147.5,194.0,1852.5,2437.6,quarterly as reported,"Gilead Sciences Announces First Quarter 2025 Financial Results (press release, 24 Apr 2025)",https://investors.gilead.com/news/news-details/2025/Gilead-Sciences-Announces-First-Quarter-2025-Financial-Results/default.aspx
tecartus,US,2024Q2,2024-04-01,2024-06-30,one-time,63.0,2024Q2,verified-from-source,False,373000.0,0.76,168.9,222.2,2021.4,2659.8,quarterly as reported,"Gilead Sciences Announces Second Quarter 2025 Financial Results (press release, 7 Aug 2025)",https://investors.gilead.com/news/news-details/2025/Gilead-Sciences-Announces-Second-Quarter-2025-Financial-Results/default.aspx
tecartus,US,2024Q3,2024-07-01,2024-09-30,one-time,63.0,2024Q3,verified-from-source,False,373000.0,0.76,168.9,222.2,2190.3,2882.0,quarterly as reported,Gilead Sciences Announces Third Quarter 2025 Financial Results (press release),https://investors.gilead.com/news/news-details/2025/Gilead-Sciences-Announces-Third-Quarter-2025-Financial-Results/default.aspx
tecartus,US,2024Q4,2024-10-01,2024-12-31,one-time,53.0,2024Q4,verified-from-source,False,373000.0,0.76,142.1,187.0,2332.4,3069.0,quarterly as reported,"Gilead Sciences Announces Fourth Quarter and Full Year 2025 Financial Results (press release, Feb 2026)",https://investors.gilead.com/news/news-details/2026/Gilead-Sciences-Announces-Fourth-Quarter-and-Full-Year-2025-Financial-Results/default.aspx
tecartus,US,2025Q1,2025-01-01,2025-03-31,one-time,40.0,2025Q1,verified-from-source,False,373000.0,0.76,107.2,141.1,2439.7,3210.1,quarterly as reported,"Gilead Sciences Announces First Quarter 2025 Financial Results (press release, 24 Apr 2025)",https://investors.gilead.com/news/news-details/2025/Gilead-Sciences-Announces-First-Quarter-2025-Financial-Results/default.aspx
tecartus,US,2025Q2,2025-04-01,2025-06-30,one-time,41.0,2025Q2,verified-from-source,False,373000.0,0.76,109.9,144.6,2549.6,3354.7,quarterly as reported,"Gilead Sciences Announces Second Quarter 2025 Financial Results (press release, 7 Aug 2025)",https://investors.gilead.com/news/news-details/2025/Gilead-Sciences-Announces-Second-Quarter-2025-Financial-Results/default.aspx
tecartus,US,2025Q3,2025-07-01,2025-09-30,one-time,40.0,2025Q3,verified-from-source,False,373000.0,0.76,107.2,141.1,2656.8,3495.8,quarterly as reported,Gilead Sciences Announces Third Quarter 2025 Financial Results (press release),https://investors.gilead.com/news/news-details/2025/Gilead-Sciences-Announces-Third-Quarter-2025-Financial-Results/default.aspx
tecartus,US,2025Q4,2025-10-01,2025-12-31,one-time,32.0,2025Q4,verified-from-source,False,373000.0,0.76,85.8,112.9,2742.6,3608.7,quarterly as reported,"Gilead Sciences Announces Fourth Quarter and Full Year 2025 Financial Results (press release, Feb 2026)",https://investors.gilead.com/news/news-details/2026/Gilead-Sciences-Announces-Fourth-Quarter-and-Full-Year-2025-Financial-Results/default.aspx
tecartus,US,2026Q1,2026-01-01,2026-03-31,one-time,30.0,2026Q1,verified-from-source,False,373000.0,0.76,80.4,105.8,2823.1,3714.5,quarterly as reported,"GILEAD SCIENCES ANNOUNCES FIRST QUARTER FINANCIAL RESULTS, earnings press release PDF, 7 May 2026",https://s29.q4cdn.com/585078350/files/doc_financials/2026/q1/GILD-Q126-Earnings-Press-Release-7-May-2026.pdf
tecartus,US,2026Q2,2026-04-01,2026-06-30,one-time,29.0,2026Q2,verified-from-source,False,373000.0,0.76,77.7,102.3,2900.8,3816.8,quarterly as reported,"Gilead Sciences Announces Second Quarter 2026 Financial Results (press release, 4 Aug 2026)",https://investors.gilead.com/news/news-details/2026/Gilead-Sciences-Announces-Second-Quarter-2026-Financial-Results/default.aspx
tecartus,Europe,2020Q3,2020-07-01,2020-09-30,one-time,4.0,2020Q3,verified-from-source,False,373000.0,0.76,10.7,14.1,10.7,14.1,quarterly as reported,"Gilead Sciences Announces Third Quarter 2021 Financial Results (press release, 28 Oct 2021)",https://www.gilead.com/news-and-press/press-room/press-releases/2021/10/gilead-sciences-announces-third-quarter-2021-financial-results
tecartus,Europe,2020Q4,2020-10-01,2020-12-31,one-time,5.0,2020Q4,verified-from-source,False,373000.0,0.76,13.4,17.6,24.1,31.7,quarterly as reported,"Gilead Sciences Announces Fourth Quarter and Full Year 2021 Financial Results (press release, 1 Feb 2022)",https://www.gilead.com/news-and-press/press-room/press-releases/2022/2/gilead-sciences-announces-fourth-quarter-and-full-year-2021-financial-results
tecartus,Europe,2021Q1,2021-01-01,2021-03-31,one-time,4.0,2021Q1,verified-from-source,False,373000.0,0.76,10.7,14.1,34.9,45.9,quarterly as reported,"Gilead Sciences Announces First Quarter 2021 Financial Results (press release, 29 Apr 2021)",https://www.gilead.com/news-and-press/press-room/press-releases/2021/4/gilead-sciences-announces-first-quarter-2021-financial-results
tecartus,Europe,2021Q2,2021-04-01,2021-06-30,one-time,9.0,2021Q2,verified-from-source,False,373000.0,0.76,24.1,31.7,59.0,77.6,quarterly as reported,"Gilead Sciences Announces Second Quarter 2021 Financial Results (press release, 29 Jul 2021)",https://www.gilead.com/news-and-press/press-room/press-releases/2021/7/gilead-sciences-announces-second-quarter-2021-financial-results
tecartus,Europe,2021Q3,2021-07-01,2021-09-30,one-time,12.0,2021Q3,verified-from-source,False,373000.0,0.76,32.2,42.3,91.2,119.9,quarterly as reported,"Gilead Sciences Announces Third Quarter 2021 Financial Results (press release, 28 Oct 2021)",https://www.gilead.com/news-and-press/press-room/press-releases/2021/10/gilead-sciences-announces-third-quarter-2021-financial-results
tecartus,Europe,2021Q4,2021-10-01,2021-12-31,one-time,15.0,2021Q4,verified-from-source,False,373000.0,0.76,40.2,52.9,131.4,172.9,quarterly as reported,"Gilead Sciences Announces Fourth Quarter and Full Year 2021 Financial Results (press release, 1 Feb 2022)",https://www.gilead.com/news-and-press/press-room/press-releases/2022/2/gilead-sciences-announces-fourth-quarter-and-full-year-2021-financial-results
tecartus,Europe,2022Q1,2022-01-01,2022-03-31,one-time,15.0,2022Q1,verified-from-source,False,373000.0,0.76,40.2,52.9,171.6,225.8,quarterly as reported,"Gilead Sciences Announces First Quarter 2023 Financial Results (press release, 27 Apr 2023)",https://investors.gilead.com/news/news-details/2023/Gilead-Sciences-Announces-First-Quarter-2023-Financial-Results/default.aspx
tecartus,Europe,2022Q2,2022-04-01,2022-06-30,one-time,20.0,2022Q2,verified-from-source,False,373000.0,0.76,53.6,70.6,225.2,296.3,quarterly as reported,"Gilead Sciences Announces Second Quarter 2023 Financial Results (press release, 3 Aug 2023)",https://investors.gilead.com/news/news-details/2023/Gilead-Sciences-Announces-Second-Quarter-2023-Financial-Results/default.aspx
tecartus,Europe,2022Q3,2022-07-01,2022-09-30,one-time,20.0,2022Q3,verified-from-source,False,373000.0,0.76,53.6,70.6,278.8,366.9,quarterly as reported,"Gilead Sciences Announces Third Quarter 2023 Financial Results (press release, 7 Nov 2023)",https://investors.gilead.com/news/news-details/2023/Gilead-Sciences-Announces-Third-Quarter-2023-Financial-Results/default.aspx
tecartus,Europe,2022Q4,2022-10-01,2022-12-31,one-time,19.0,2022Q4,verified-from-source,False,373000.0,0.76,50.9,67.0,329.8,433.9,quarterly as reported,"Gilead Sciences Announces Fourth Quarter and Full Year 2023 Financial Results (press release, 6 Feb 2024)",https://investors.gilead.com/news/news-details/2024/Gilead-Sciences-Announces-Fourth-Quarter-and-Full-Year-2023-Financial-Results/default.aspx
tecartus,Europe,2023Q1,2023-01-01,2023-03-31,one-time,27.0,2023Q1,verified-from-source,False,373000.0,0.76,72.4,95.2,402.1,529.1,quarterly as reported,"Gilead Sciences Announces First Quarter 2023 Financial Results (press release, 27 Apr 2023)",https://investors.gilead.com/news/news-details/2023/Gilead-Sciences-Announces-First-Quarter-2023-Financial-Results/default.aspx
tecartus,Europe,2023Q2,2023-04-01,2023-06-30,one-time,29.0,2023Q2,verified-from-source,False,373000.0,0.76,77.7,102.3,479.9,631.4,quarterly as reported,"Gilead Sciences Announces Second Quarter 2023 Financial Results (press release, 3 Aug 2023)",https://investors.gilead.com/news/news-details/2023/Gilead-Sciences-Announces-Second-Quarter-2023-Financial-Results/default.aspx
tecartus,Europe,2023Q3,2023-07-01,2023-09-30,one-time,27.0,2023Q3,verified-from-source,False,373000.0,0.76,72.4,95.2,552.3,726.7,quarterly as reported,"Gilead Sciences Announces Third Quarter 2023 Financial Results (press release, 7 Nov 2023)",https://investors.gilead.com/news/news-details/2023/Gilead-Sciences-Announces-Third-Quarter-2023-Financial-Results/default.aspx
tecartus,Europe,2023Q4,2023-10-01,2023-12-31,one-time,27.0,2023Q4,verified-from-source,False,373000.0,0.76,72.4,95.2,624.7,821.9,quarterly as reported,"Gilead Sciences Announces Fourth Quarter and Full Year 2023 Financial Results (press release, 6 Feb 2024)",https://investors.gilead.com/news/news-details/2024/Gilead-Sciences-Announces-Fourth-Quarter-and-Full-Year-2023-Financial-Results/default.aspx
tecartus,Europe,2024Q1,2024-01-01,2024-03-31,one-time,36.0,2024Q1,verified-from-source,False,373000.0,0.76,96.5,127.0,721.2,948.9,quarterly as reported,"Gilead Sciences Announces First Quarter 2025 Financial Results (press release, 24 Apr 2025)",https://investors.gilead.com/news/news-details/2025/Gilead-Sciences-Announces-First-Quarter-2025-Financial-Results/default.aspx
tecartus,Europe,2024Q2,2024-04-01,2024-06-30,one-time,37.0,2024Q2,verified-from-source,False,373000.0,0.76,99.2,130.5,820.4,1079.4,quarterly as reported,"Gilead Sciences Announces Second Quarter 2025 Financial Results (press release, 7 Aug 2025)",https://investors.gilead.com/news/news-details/2025/Gilead-Sciences-Announces-Second-Quarter-2025-Financial-Results/default.aspx
tecartus,Europe,2024Q3,2024-07-01,2024-09-30,one-time,29.0,2024Q3,verified-from-source,False,373000.0,0.76,77.7,102.3,898.1,1181.7,quarterly as reported,Gilead Sciences Announces Third Quarter 2025 Financial Results (press release),https://investors.gilead.com/news/news-details/2025/Gilead-Sciences-Announces-Third-Quarter-2025-Financial-Results/default.aspx
tecartus,Europe,2024Q4,2024-10-01,2024-12-31,one-time,36.0,2024Q4,verified-from-source,False,373000.0,0.76,96.5,127.0,994.6,1308.7,quarterly as reported,"Gilead Sciences Announces Fourth Quarter and Full Year 2025 Financial Results (press release, Feb 2026)",https://investors.gilead.com/news/news-details/2026/Gilead-Sciences-Announces-Fourth-Quarter-and-Full-Year-2025-Financial-Results/default.aspx
tecartus,Europe,2025Q1,2025-01-01,2025-03-31,one-time,31.0,2025Q1,verified-from-source,False,373000.0,0.76,83.1,109.4,1077.7,1418.1,quarterly as reported,"Gilead Sciences Announces First Quarter 2025 Financial Results (press release, 24 Apr 2025)",https://investors.gilead.com/news/news-details/2025/Gilead-Sciences-Announces-First-Quarter-2025-Financial-Results/default.aspx
tecartus,Europe,2025Q2,2025-04-01,2025-06-30,one-time,41.0,2025Q2,verified-from-source,False,373000.0,0.76,109.9,144.6,1187.7,1562.7,quarterly as reported,"Gilead Sciences Announces Second Quarter 2025 Financial Results (press release, 7 Aug 2025)",https://investors.gilead.com/news/news-details/2025/Gilead-Sciences-Announces-Second-Quarter-2025-Financial-Results/default.aspx
tecartus,Europe,2025Q3,2025-07-01,2025-09-30,one-time,35.0,2025Q3,verified-from-source,False,373000.0,0.76,93.8,123.5,1281.5,1686.2,quarterly as reported,Gilead Sciences Announces Third Quarter 2025 Financial Results (press release),https://investors.gilead.com/news/news-details/2025/Gilead-Sciences-Announces-Third-Quarter-2025-Financial-Results/default.aspx
tecartus,Europe,2025Q4,2025-10-01,2025-12-31,one-time,51.0,2025Q4,verified-from-source,False,373000.0,0.76,136.7,179.9,1418.2,1866.1,quarterly as reported,"Gilead Sciences Announces Fourth Quarter and Full Year 2025 Financial Results (press release, Feb 2026)",https://investors.gilead.com/news/news-details/2026/Gilead-Sciences-Announces-Fourth-Quarter-and-Full-Year-2025-Financial-Results/default.aspx
tecartus,Europe,2026Q1,2026-01-01,2026-03-31,one-time,37.0,2026Q1,verified-from-source,False,373000.0,0.76,99.2,130.5,1517.4,1996.6,quarterly as reported,"GILEAD SCIENCES ANNOUNCES FIRST QUARTER FINANCIAL RESULTS, earnings press release PDF, 7 May 2026",https://s29.q4cdn.com/585078350/files/doc_financials/2026/q1/GILD-Q126-Earnings-Press-Release-7-May-2026.pdf
tecartus,Europe,2026Q2,2026-04-01,2026-06-30,one-time,34.0,2026Q2,verified-from-source,False,373000.0,0.76,91.2,119.9,1608.6,2116.6,quarterly as reported,"Gilead Sciences Announces Second Quarter 2026 Financial Results (press release, 4 Aug 2026)",https://investors.gilead.com/news/news-details/2026/Gilead-Sciences-Announces-Second-Quarter-2026-Financial-Results/default.aspx
tecartus,Total,2020Q3,2020-07-01,2020-09-30,one-time,9.0,2020Q3,verified-from-source,False,373000.0,0.76,24.1,31.7,24.1,31.7,quarterly as reported,"Gilead Sciences Announces Third Quarter 2021 Financial Results (press release, 28 Oct 2021)",https://www.gilead.com/news-and-press/press-room/press-releases/2021/10/gilead-sciences-announces-third-quarter-2021-financial-results
tecartus,Total,2020Q4,2020-10-01,2020-12-31,one-time,34.0,2020Q4,verified-from-source,False,373000.0,0.76,91.2,119.9,115.3,151.7,quarterly as reported,"Gilead Sciences Announces Fourth Quarter and Full Year 2021 Financial Results (press release, 1 Feb 2022)",https://www.gilead.com/news-and-press/press-room/press-releases/2022/2/gilead-sciences-announces-fourth-quarter-and-full-year-2021-financial-results
tecartus,Total,2021Q1,2021-01-01,2021-03-31,one-time,31.0,2021Q1,verified-from-source,False,373000.0,0.76,83.1,109.4,198.4,261.0,quarterly as reported,"Gilead Sciences Announces First Quarter 2021 Financial Results (press release, 29 Apr 2021)",https://www.gilead.com/news-and-press/press-room/press-releases/2021/4/gilead-sciences-announces-first-quarter-2021-financial-results
tecartus,Total,2021Q2,2021-04-01,2021-06-30,one-time,41.0,2021Q2,verified-from-source,False,373000.0,0.76,109.9,144.6,308.3,405.7,quarterly as reported,"Gilead Sciences Announces Second Quarter 2021 Financial Results (press release, 29 Jul 2021)",https://www.gilead.com/news-and-press/press-room/press-releases/2021/7/gilead-sciences-announces-second-quarter-2021-financial-results
tecartus,Total,2021Q3,2021-07-01,2021-09-30,one-time,47.0,2021Q3,verified-from-source,False,373000.0,0.76,126.0,165.8,434.3,571.5,quarterly as reported,"Gilead Sciences Announces Third Quarter 2021 Financial Results (press release, 28 Oct 2021)",https://www.gilead.com/news-and-press/press-room/press-releases/2021/10/gilead-sciences-announces-third-quarter-2021-financial-results
tecartus,Total,2021Q4,2021-10-01,2021-12-31,one-time,57.0,2021Q4,verified-from-source,False,373000.0,0.76,152.8,201.1,587.1,772.5,quarterly as reported,"Gilead Sciences Announces Fourth Quarter and Full Year 2021 Financial Results (press release, 1 Feb 2022)",https://www.gilead.com/news-and-press/press-room/press-releases/2022/2/gilead-sciences-announces-fourth-quarter-and-full-year-2021-financial-results
tecartus,Total,2022Q1,2022-01-01,2022-03-31,one-time,63.0,2022Q1,verified-from-source,False,373000.0,0.76,168.9,222.2,756.0,994.8,quarterly as reported,"Gilead Sciences Announces First Quarter 2023 Financial Results (press release, 27 Apr 2023)",https://investors.gilead.com/news/news-details/2023/Gilead-Sciences-Announces-First-Quarter-2023-Financial-Results/default.aspx
tecartus,Total,2022Q2,2022-04-01,2022-06-30,one-time,73.0,2022Q2,verified-from-source,False,373000.0,0.76,195.7,257.5,951.7,1252.3,quarterly as reported,"Gilead Sciences Announces Second Quarter 2023 Financial Results (press release, 3 Aug 2023)",https://investors.gilead.com/news/news-details/2023/Gilead-Sciences-Announces-Second-Quarter-2023-Financial-Results/default.aspx
tecartus,Total,2022Q3,2022-07-01,2022-09-30,one-time,81.0,2022Q3,verified-from-source,False,373000.0,0.76,217.2,285.7,1168.9,1538.0,quarterly as reported,"Gilead Sciences Announces Third Quarter 2023 Financial Results (press release, 7 Nov 2023)",https://investors.gilead.com/news/news-details/2023/Gilead-Sciences-Announces-Third-Quarter-2023-Financial-Results/default.aspx
tecartus,Total,2022Q4,2022-10-01,2022-12-31,one-time,82.0,2022Q4,verified-from-source,False,373000.0,0.76,219.8,289.3,1388.7,1827.3,quarterly as reported,"Gilead Sciences Announces Fourth Quarter and Full Year 2023 Financial Results (press release, 6 Feb 2024)",https://investors.gilead.com/news/news-details/2024/Gilead-Sciences-Announces-Fourth-Quarter-and-Full-Year-2023-Financial-Results/default.aspx
tecartus,Total,2023Q1,2023-01-01,2023-03-31,one-time,89.0,2023Q1,verified-from-source,False,373000.0,0.76,238.6,314.0,1627.3,2141.2,quarterly as reported,"Gilead Sciences Announces First Quarter 2023 Financial Results (press release, 27 Apr 2023)",https://investors.gilead.com/news/news-details/2023/Gilead-Sciences-Announces-First-Quarter-2023-Financial-Results/default.aspx
tecartus,Total,2023Q2,2023-04-01,2023-06-30,one-time,88.0,2023Q2,verified-from-source,False,373000.0,0.76,235.9,310.4,1863.3,2451.7,quarterly as reported,"Gilead Sciences Announces Second Quarter 2023 Financial Results (press release, 3 Aug 2023)",https://investors.gilead.com/news/news-details/2023/Gilead-Sciences-Announces-Second-Quarter-2023-Financial-Results/default.aspx
tecartus,Total,2023Q3,2023-07-01,2023-09-30,one-time,96.0,2023Q3,verified-from-source,False,373000.0,0.76,257.4,338.6,2120.6,2790.3,quarterly as reported,"Gilead Sciences Announces Third Quarter 2023 Financial Results (press release, 7 Nov 2023)",https://investors.gilead.com/news/news-details/2023/Gilead-Sciences-Announces-Third-Quarter-2023-Financial-Results/default.aspx
tecartus,Total,2023Q4,2023-10-01,2023-12-31,one-time,98.0,2023Q4,verified-from-source,False,373000.0,0.76,262.7,345.7,2383.4,3136.0,quarterly as reported,"Gilead Sciences Announces Fourth Quarter and Full Year 2023 Financial Results (press release, 6 Feb 2024)",https://investors.gilead.com/news/news-details/2024/Gilead-Sciences-Announces-Fourth-Quarter-and-Full-Year-2023-Financial-Results/default.aspx
tecartus,Total,2024Q1,2024-01-01,2024-03-31,one-time,100.0,2024Q1,verified-from-source,False,373000.0,0.76,268.1,352.8,2651.5,3488.8,quarterly as reported,"Gilead Sciences Announces First Quarter 2025 Financial Results (press release, 24 Apr 2025)",https://investors.gilead.com/news/news-details/2025/Gilead-Sciences-Announces-First-Quarter-2025-Financial-Results/default.aspx
tecartus,Total,2024Q2,2024-04-01,2024-06-30,one-time,107.0,2024Q2,verified-from-source,False,373000.0,0.76,286.9,377.5,2938.3,3866.2,quarterly as reported,"Gilead Sciences Announces Second Quarter 2025 Financial Results (press release, 7 Aug 2025)",https://investors.gilead.com/news/news-details/2025/Gilead-Sciences-Announces-Second-Quarter-2025-Financial-Results/default.aspx
tecartus,Total,2024Q3,2024-07-01,2024-09-30,one-time,98.0,2024Q3,verified-from-source,False,373000.0,0.76,262.7,345.7,3201.1,4211.9,quarterly as reported,Gilead Sciences Announces Third Quarter 2025 Financial Results (press release),https://investors.gilead.com/news/news-details/2025/Gilead-Sciences-Announces-Third-Quarter-2025-Financial-Results/default.aspx
tecartus,Total,2024Q4,2024-10-01,2024-12-31,one-time,98.0,2024Q4,verified-from-source,False,373000.0,0.76,262.7,345.7,3463.8,4557.6,quarterly as reported,"Gilead Sciences Announces Fourth Quarter and Full Year 2025 Financial Results (press release, Feb 2026)",https://investors.gilead.com/news/news-details/2026/Gilead-Sciences-Announces-Fourth-Quarter-and-Full-Year-2025-Financial-Results/default.aspx
tecartus,Total,2025Q1,2025-01-01,2025-03-31,one-time,78.0,2025Q1,verified-from-source,False,373000.0,0.76,209.1,275.2,3672.9,4832.8,quarterly as reported,"Gilead Sciences Announces First Quarter 2025 Financial Results (press release, 24 Apr 2025)",https://investors.gilead.com/news/news-details/2025/Gilead-Sciences-Announces-First-Quarter-2025-Financial-Results/default.aspx
tecartus,Total,2025Q2,2025-04-01,2025-06-30,one-time,92.0,2025Q2,verified-from-source,False,373000.0,0.76,246.6,324.5,3919.6,5157.3,quarterly as reported,"Gilead Sciences Announces Second Quarter 2025 Financial Results (press release, 7 Aug 2025)",https://investors.gilead.com/news/news-details/2025/Gilead-Sciences-Announces-Second-Quarter-2025-Financial-Results/default.aspx
tecartus,Total,2025Q3,2025-07-01,2025-09-30,one-time,83.0,2025Q3,verified-from-source,False,373000.0,0.76,222.5,292.8,4142.1,5450.1,quarterly as reported,Gilead Sciences Announces Third Quarter 2025 Financial Results (press release),https://investors.gilead.com/news/news-details/2025/Gilead-Sciences-Announces-Third-Quarter-2025-Financial-Results/default.aspx
tecartus,Total,2025Q4,2025-10-01,2025-12-31,one-time,90.0,2025Q4,verified-from-source,False,373000.0,0.76,241.3,317.5,4383.4,5767.6,quarterly as reported,"Gilead Sciences Announces Fourth Quarter and Full Year 2025 Financial Results (press release, Feb 2026)",https://investors.gilead.com/news/news-details/2026/Gilead-Sciences-Announces-Fourth-Quarter-and-Full-Year-2025-Financial-Results/default.aspx
tecartus,Total,2026Q1,2026-01-01,2026-03-31,one-time,75.0,2026Q1,verified-from-source,False,373000.0,0.76,201.1,264.6,4584.5,6032.2,quarterly as reported,"GILEAD SCIENCES ANNOUNCES FIRST QUARTER FINANCIAL RESULTS, earnings press release PDF, 7 May 2026",https://s29.q4cdn.com/585078350/files/doc_financials/2026/q1/GILD-Q126-Earnings-Press-Release-7-May-2026.pdf
tecartus,Total,2026Q2,2026-04-01,2026-06-30,one-time,70.0,2026Q2,verified-from-source,False,373000.0,0.76,187.7,246.9,4772.1,6279.1,quarterly as reported,"Gilead Sciences Announces Second Quarter 2026 Financial Results (press release, 4 Aug 2026)",https://investors.gilead.com/news/news-details/2026/Gilead-Sciences-Announces-Second-Quarter-2026-Financial-Results/default.aspx
tecelra,Total,2024Q3,2024-07-01,2024-09-30,one-time,0.0,2024Q3,derived,False,727000.0,0.76,0.0,0.0,0.0,0.0,quarterly as reported,"Adaptimmune 8-K Ex-99.1, Adaptimmune Provides Q4 and Full Year 2024 Business Update (2025-03-20)",https://www.sec.gov/Archives/edgar/data/1621227/000155837025003340/adap-20250320xex99d1.htm
tecelra,Total,2024Q4,2024-10-01,2024-12-31,one-time,1.2,2024Q4,verified-from-source,False,727000.0,0.76,1.7,2.2,1.7,2.2,quarterly as reported,"Adaptimmune 8-K Ex-99.1, Adaptimmune Provides Q4 and Full Year 2024 Business Update (2025-03-20)",https://www.sec.gov/Archives/edgar/data/1621227/000155837025003340/adap-20250320xex99d1.htm
tecelra,Total,2025Q1,2025-01-01,2025-03-31,one-time,4.0,2025Q1,verified-from-source,False,727000.0,0.76,5.5,7.2,7.2,9.4,quarterly as reported,"Adaptimmune 8-K Ex-99.1, Adaptimmune Reports Q1 Financial Results and Provides Business Update (2025-05-13)",https://www.sec.gov/Archives/edgar/data/1621227/000155837025007493/adap-20250513xex99d1.htm
tecelra,Total,2025Q2,2025-04-01,2025-06-30,one-time,11.1,2025Q2,verified-from-source,False,727000.0,0.76,15.3,20.1,22.4,29.5,quarterly as reported,"Adaptimmune 8-K Ex-99.1, Adaptimmune Reports Q2 Financial Results and Provides Business Update (2025-08-13)",https://www.sec.gov/Archives/edgar/data/1621227/000155837025011304/adap-20250813xex99d1.htm
tudriqev,Total,2026Q2,2026-04-01,2026-06-30,one-time,0.0,2026Q2,verified-from-source,False,,0.76,,,,,quarterly as reported,"Replimune 8-K Ex-99.1, Fiscal First Quarter 2027 Financial Results and Corporate Update (2026-08-14)",https://www.sec.gov/Archives/edgar/data/1737953/000110465926096483/tm2623208d1_ex99-1.htm
vyjuvek,US,2025Q1,2025-01-01,2025-03-31,chronic,88.18,2025Q1,verified-from-source,False,631000.0,0.76,139.8,183.9,139.8,183.9,quarterly as reported,"Krystal Biotech 10-Q for the quarter ended 2026-03-31, Note 3 product revenue by geography (2026-05-04)",https://www.sec.gov/Archives/edgar/data/1711279/000171127926000043/krys-20260331.htm
vyjuvek,US,2025Q2,2025-04-01,2025-06-30,chronic,96.04,2025Q2,verified-from-source,False,631000.0,0.76,152.2,200.3,292.0,384.2,quarterly as reported,"Krystal Biotech 10-Q for the quarter ended 2026-06-30, Note 3 product revenue by geography (2026-08-03)",https://www.sec.gov/Archives/edgar/data/1711279/000171127926000057/krys-20260630.htm
vyjuvek,US,2025Q3,2025-07-01,2025-09-30,,,,not-covered,,631000.0,0.76,,,292.0,384.2,gap: no total revenue row covers this quarter,,
vyjuvek,US,2025Q4,2025-10-01,2025-12-31,,,,not-covered,,631000.0,0.76,,,292.0,384.2,gap: no total revenue row covers this quarter,,
vyjuvek,US,2026Q1,2026-01-01,2026-03-31,chronic,87.49,2026Q1,verified-from-source,False,631000.0,0.76,138.7,182.4,430.6,566.6,quarterly as reported,"Krystal Biotech 10-Q for the quarter ended 2026-03-31, Note 3 product revenue by geography (2026-05-04)",https://www.sec.gov/Archives/edgar/data/1711279/000171127926000043/krys-20260331.htm
vyjuvek,US,2026Q2,2026-04-01,2026-06-30,chronic,91.63,2026Q2,verified-from-source,False,631000.0,0.76,145.2,191.1,575.8,757.7,quarterly as reported,"Krystal Biotech 10-Q for the quarter ended 2026-06-30, Note 3 product revenue by geography (2026-08-03)",https://www.sec.gov/Archives/edgar/data/1711279/000171127926000057/krys-20260630.htm
vyjuvek,Europe,2026Q1,2026-01-01,2026-03-31,chronic,20.68,2026Q1,verified-from-source,False,631000.0,0.76,32.8,43.1,32.8,43.1,quarterly as reported,"Krystal Biotech 10-Q for the quarter ended 2026-03-31, Note 3 product revenue by geography (2026-05-04)",https://www.sec.gov/Archives/edgar/data/1711279/000171127926000043/krys-20260331.htm
vyjuvek,Europe,2026Q2,2026-04-01,2026-06-30,chronic,19.28,2026Q2,verified-from-source,False,631000.0,0.76,30.6,40.2,63.3,83.3,quarterly as reported,"Krystal Biotech 10-Q for the quarter ended 2026-06-30, Note 3 product revenue by geography (2026-08-03)",https://www.sec.gov/Archives/edgar/data/1711279/000171127926000057/krys-20260630.htm
vyjuvek,Total,2023Q3,2023-07-01,2023-09-30,chronic,8.6,2023Q3,verified-from-source,False,631000.0,0.76,13.6,17.9,13.6,17.9,quarterly as reported,"Krystal Biotech 8-K Ex-99.1, Third Quarter 2023 Financial Results and Business Update (2023-11-06)",https://www.sec.gov/Archives/edgar/data/1711279/000171127923000074/exhibit9912023-3q23pr.htm
vyjuvek,Total,2023Q4,2023-10-01,2023-12-31,chronic,42.1,2023Q4,verified-from-source,False,631000.0,0.76,66.7,87.8,80.3,105.7,quarterly as reported,"Krystal Biotech 8-K Ex-99.1, Fourth Quarter and Full Year 2023 Financial Results and Business Updates (2024-02-26)",https://www.sec.gov/Archives/edgar/data/1711279/000171127924000009/krys12312023ex991pressrele.htm
vyjuvek,Total,2024Q1,2024-01-01,2024-03-31,chronic,45.3,2024Q1,verified-from-source,False,631000.0,0.76,71.8,94.5,152.1,200.2,quarterly as reported,"Krystal Biotech 8-K Ex-99.1, First Quarter 2024 Financial Results and Business Updates (2024-05-06)",https://www.sec.gov/Archives/edgar/data/1711279/000171127924000018/exhibit9912024-1q24pr.htm
vyjuvek,Total,2024Q2,2024-04-01,2024-06-30,chronic,70.3,2024Q2,verified-from-source,False,631000.0,0.76,111.4,146.6,263.5,346.8,quarterly as reported,"Krystal Biotech 8-K Ex-99.1, Second Quarter 2024 Financial Results and Business Updates (2024-08-05)",https://www.sec.gov/Archives/edgar/data/1711279/000171127924000038/a2q24exhibit991prjune.htm
vyjuvek,Total,2024Q3,2024-07-01,2024-09-30,chronic,83.8,2024Q3,verified-from-source,False,631000.0,0.76,132.8,174.7,396.4,521.5,quarterly as reported,"Krystal Biotech 8-K Ex-99.1, Third Quarter 2024 Financial Results and Business Updates (2024-11-04)",https://www.sec.gov/Archives/edgar/data/1711279/000171127924000055/a3q24exhibit991pr.htm
vyjuvek,Total,2024Q4,2024-10-01,2024-12-31,chronic,91.1,2024Q4,verified-from-source,False,631000.0,0.76,144.4,190.0,540.7,711.5,quarterly as reported,"Krystal Biotech 8-K Ex-99.1, Fourth Quarter and Full Year 2024 Financial and Operating Results (2025-02-19)",https://www.sec.gov/Archives/edgar/data/1711279/000171127925000009/a4q24exhibit991pr.htm
vyjuvek,Total,2025Q1,2025-01-01,2025-03-31,chronic,88.2,2025Q1,verified-from-source,False,631000.0,0.76,139.8,183.9,680.5,895.4,quarterly as reported,"Krystal Biotech 8-K Ex-99.1, First Quarter 2025 Financial and Operating Results (2025-05-06)",https://www.sec.gov/Archives/edgar/data/1711279/000171127925000045/a1q25exhibit991pr.htm
vyjuvek,Total,2025Q2,2025-04-01,2025-06-30,chronic,96.0,2025Q2,verified-from-source,False,631000.0,0.76,152.1,200.2,832.6,1095.6,quarterly as reported,"Krystal Biotech 8-K Ex-99.1, Second Quarter 2025 Financial and Operating Results (2025-08-04)",https://www.sec.gov/Archives/edgar/data/1711279/000171127925000078/a2q25exhibit991pr.htm
vyjuvek,Total,2025Q3,2025-07-01,2025-09-30,chronic,97.8,2025Q3,verified-from-source,False,631000.0,0.76,155.0,203.9,987.6,1299.5,quarterly as reported,"Krystal Biotech 8-K Ex-99.1, Third Quarter 2025 Financial and Operating Results (2025-11-03)",https://www.sec.gov/Archives/edgar/data/1711279/000171127925000088/a3q25exhibit991pr.htm
vyjuvek,Total,2025Q4,2025-10-01,2025-12-31,chronic,107.1,2025Q4,verified-from-source,False,631000.0,0.76,169.7,223.3,1157.4,1522.9,quarterly as reported,"Krystal Biotech 8-K Ex-99.1, Fourth Quarter and Full Year 2025 Financial and Operating Results (2026-02-17)",https://www.sec.gov/Archives/edgar/data/1711279/000171127926000018/a4q25exhibit991pr.htm
vyjuvek,Total,2026Q1,2026-01-01,2026-03-31,chronic,116.4,2026Q1,verified-from-source,False,631000.0,0.76,184.5,242.7,1341.8,1765.6,quarterly as reported,"Krystal Biotech 8-K Ex-99.1, First Quarter 2026 Financial and Operating Results (2026-05-04)",https://www.sec.gov/Archives/edgar/data/1711279/000171127926000044/a1q26exhibit991pr.htm
vyjuvek,Total,2026Q2,2026-04-01,2026-06-30,chronic,119.2,2026Q2,verified-from-source,False,631000.0,0.76,188.9,248.6,1530.7,2014.1,quarterly as reported,"Krystal Biotech 8-K Ex-99.1, Second Quarter 2026 Financial and Operating Results (2026-08-03)",https://www.sec.gov/Archives/edgar/data/1711279/000171127926000058/a2q26-ex991xpressrelease.htm
yescarta,US,2017Q4,2017-10-01,2017-12-31,one-time,7.0,2017Q4,verified-from-source,False,373000.0,0.76,18.8,24.7,18.8,24.7,quarterly as reported,"Gilead Sciences Announces Fourth Quarter and Full Year 2018 Financial Results (press release, 4 Feb 2019)",https://www.gilead.com/news-and-press/press-room/press-releases/2019/2/gilead-sciences-announces-fourth-quarter-and-full-year-2018-financial-results
yescarta,US,2018Q1,2018-01-01,2018-03-31,one-time,40.0,2018Q1,verified-from-source,False,373000.0,0.76,107.2,141.1,126.0,165.8,quarterly as reported,"Gilead Sciences Announces First Quarter 2019 Financial Results (press release, 30 Apr 2019)",https://www.gilead.com/news-and-press/press-room/press-releases/2019/5/gilead-sciences-announces-first-quarter-2019-financial-results
yescarta,US,2018Q2,2018-04-01,2018-06-30,one-time,68.0,2018Q2,verified-from-source,False,373000.0,0.76,182.3,239.9,308.3,405.7,quarterly as reported,"Gilead Sciences Announces Second Quarter 2019 Financial Results (press release, 30 Jul 2019)",https://www.gilead.com/news-and-press/press-room/press-releases/2019/7/gilead-sciences-announces-second-quarter-2019-financial-results
yescarta,US,2018Q3,2018-07-01,2018-09-30,one-time,75.0,2018Q3,verified-from-source,False,373000.0,0.76,201.1,264.6,509.4,670.2,quarterly as reported,"Gilead Sciences Announces Third Quarter 2019 Financial Results (press release, 29 Oct 2019)",https://www.gilead.com/news-and-press/press-room/press-releases/2019/10/gilead-sciences-announces-third-quarter-2019-financial-results
yescarta,US,2018Q4,2018-10-01,2018-12-31,one-time,80.0,2018Q4,verified-from-source,False,373000.0,0.76,214.5,282.2,723.9,952.4,quarterly as reported,"Gilead Sciences Announces Fourth Quarter and Full Year 2018 Financial Results (press release, 4 Feb 2019)",https://www.gilead.com/news-and-press/press-room/press-releases/2019/2/gilead-sciences-announces-fourth-quarter-and-full-year-2018-financial-results
yescarta,US,2019Q1,2019-01-01,2019-03-31,one-time,90.0,2019Q1,verified-from-source,False,373000.0,0.76,241.3,317.5,965.1,1269.9,quarterly as reported,"Gilead Sciences Announces First Quarter 2019 Financial Results (press release, 30 Apr 2019)",https://www.gilead.com/news-and-press/press-room/press-releases/2019/5/gilead-sciences-announces-first-quarter-2019-financial-results
yescarta,US,2019Q2,2019-04-01,2019-06-30,one-time,99.0,2019Q2,verified-from-source,False,373000.0,0.76,265.4,349.2,1230.6,1619.2,quarterly as reported,"Gilead Sciences Announces Second Quarter 2019 Financial Results (press release, 30 Jul 2019)",https://www.gilead.com/news-and-press/press-room/press-releases/2019/7/gilead-sciences-announces-second-quarter-2019-financial-results
yescarta,US,2019Q3,2019-07-01,2019-09-30,one-time,86.0,2019Q3,verified-from-source,False,373000.0,0.76,230.6,303.4,1461.1,1922.5,quarterly as reported,"Gilead Sciences Announces Third Quarter 2019 Financial Results (press release, 29 Oct 2019)",https://www.gilead.com/news-and-press/press-room/press-releases/2019/10/gilead-sciences-announces-third-quarter-2019-financial-results
yescarta,US,2019Q4,2019-10-01,2019-12-31,one-time,98.0,2019Q4,verified-from-source,False,373000.0,0.76,262.7,345.7,1723.9,2268.2,quarterly as reported,"Gilead Sciences Announces Fourth Quarter and Full Year 2019 Financial Results (press release, 4 Feb 2020)",https://www.gilead.com/news-and-press/press-room/press-releases/2020/2/gilead-sciences-announces-fourth-quarter-and-full-year-2019-financial-results
yescarta,US,2020Q1,2020-01-01,2020-03-31,one-time,103.0,2020Q1,verified-from-source,False,373000.0,0.76,276.1,363.3,2000.0,2631.6,quarterly as reported,"Gilead Sciences Announces First Quarter 2021 Financial Results (press release, 29 Apr 2021)",https://www.gilead.com/news-and-press/press-room/press-releases/2021/4/gilead-sciences-announces-first-quarter-2021-financial-results
yescarta,US,2020Q2,2020-04-01,2020-06-30,one-time,95.0,2020Q2,verified-from-source,False,373000.0,0.76,254.7,335.1,2254.7,2966.7,quarterly as reported,"Gilead Sciences Announces Second Quarter 2021 Financial Results (press release, 29 Jul 2021)",https://www.gilead.com/news-and-press/press-room/press-releases/2021/7/gilead-sciences-announces-second-quarter-2021-financial-results
yescarta,US,2020Q3,2020-07-01,2020-09-30,one-time,85.0,2020Q3,verified-from-source,False,373000.0,0.76,227.9,299.8,2482.6,3266.5,quarterly as reported,"Gilead Sciences Announces Third Quarter 2021 Financial Results (press release, 28 Oct 2021)",https://www.gilead.com/news-and-press/press-room/press-releases/2021/10/gilead-sciences-announces-third-quarter-2021-financial-results
yescarta,US,2020Q4,2020-10-01,2020-12-31,one-time,79.0,2020Q4,verified-from-source,False,373000.0,0.76,211.8,278.7,2694.4,3545.2,quarterly as reported,"Gilead Sciences Announces Fourth Quarter and Full Year 2021 Financial Results (press release, 1 Feb 2022)",https://www.gilead.com/news-and-press/press-room/press-releases/2022/2/gilead-sciences-announces-fourth-quarter-and-full-year-2021-financial-results
yescarta,US,2021Q1,2021-01-01,2021-03-31,one-time,92.0,2021Q1,verified-from-source,False,373000.0,0.76,246.6,324.5,2941.0,3869.8,quarterly as reported,"Gilead Sciences Announces First Quarter 2021 Financial Results (press release, 29 Apr 2021)",https://www.gilead.com/news-and-press/press-room/press-releases/2021/4/gilead-sciences-announces-first-quarter-2021-financial-results
yescarta,US,2021Q2,2021-04-01,2021-06-30,one-time,108.0,2021Q2,verified-from-source,False,373000.0,0.76,289.5,381.0,3230.6,4250.7,quarterly as reported,"Gilead Sciences Announces Second Quarter 2021 Financial Results (press release, 29 Jul 2021)",https://www.gilead.com/news-and-press/press-room/press-releases/2021/7/gilead-sciences-announces-second-quarter-2021-financial-results
yescarta,US,2021Q3,2021-07-01,2021-09-30,one-time,100.0,2021Q3,verified-from-source,False,373000.0,0.76,268.1,352.8,3498.7,4603.5,quarterly as reported,"Gilead Sciences Announces Third Quarter 2021 Financial Results (press release, 28 Oct 2021)",https://www.gilead.com/news-and-press/press-room/press-releases/2021/10/gilead-sciences-announces-third-quarter-2021-financial-results
yescarta,US,2021Q4,2021-10-01,2021-12-31,one-time,106.0,2021Q4,verified-from-source,False,373000.0,0.76,284.2,373.9,3782.8,4977.4,quarterly as reported,"Gilead Sciences Announces Fourth Quarter and Full Year 2021 Financial Results (press release, 1 Feb 2022)",https://www.gilead.com/news-and-press/press-room/press-releases/2022/2/gilead-sciences-announces-fourth-quarter-and-full-year-2021-financial-results
yescarta,US,2022Q1,2022-01-01,2022-03-31,one-time,125.0,2022Q1,verified-from-source,False,373000.0,0.76,335.1,440.9,4118.0,5418.4,quarterly as reported,"Gilead Sciences Announces First Quarter 2023 Financial Results (press release, 27 Apr 2023)",https://investors.gilead.com/news/news-details/2023/Gilead-Sciences-Announces-First-Quarter-2023-Financial-Results/default.aspx
yescarta,US,2022Q2,2022-04-01,2022-06-30,one-time,193.0,2022Q2,verified-from-source,False,373000.0,0.76,517.4,680.8,4635.4,6099.2,quarterly as reported,"Gilead Sciences Announces Second Quarter 2023 Financial Results (press release, 3 Aug 2023)",https://investors.gilead.com/news/news-details/2023/Gilead-Sciences-Announces-Second-Quarter-2023-Financial-Results/default.aspx
yescarta,US,2022Q3,2022-07-01,2022-09-30,one-time,210.0,2022Q3,verified-from-source,False,373000.0,0.76,563.0,740.8,5198.4,6840.0,quarterly as reported,"Gilead Sciences Announces Third Quarter 2023 Financial Results (press release, 7 Nov 2023)",https://investors.gilead.com/news/news-details/2023/Gilead-Sciences-Announces-Third-Quarter-2023-Financial-Results/default.aspx
yescarta,US,2022Q4,2022-10-01,2022-12-31,one-time,219.0,2022Q4,verified-from-source,False,373000.0,0.76,587.1,772.5,5785.5,7612.5,quarterly as reported,"Gilead Sciences Announces Fourth Quarter and Full Year 2023 Financial Results (press release, 6 Feb 2024)",https://investors.gilead.com/news/news-details/2024/Gilead-Sciences-Announces-Fourth-Quarter-and-Full-Year-2023-Financial-Results/default.aspx
yescarta,US,2023Q1,2023-01-01,2023-03-31,one-time,210.0,2023Q1,verified-from-source,False,373000.0,0.76,563.0,740.8,6348.5,8353.3,quarterly as reported,"Gilead Sciences Announces First Quarter 2023 Financial Results (press release, 27 Apr 2023)",https://investors.gilead.com/news/news-details/2023/Gilead-Sciences-Announces-First-Quarter-2023-Financial-Results/default.aspx
yescarta,US,2023Q2,2023-04-01,2023-06-30,one-time,217.0,2023Q2,verified-from-source,False,373000.0,0.76,581.8,765.5,6930.3,9118.8,quarterly as reported,"Gilead Sciences Announces Second Quarter 2023 Financial Results (press release, 3 Aug 2023)",https://investors.gilead.com/news/news-details/2023/Gilead-Sciences-Announces-Second-Quarter-2023-Financial-Results/default.aspx
yescarta,US,2023Q3,2023-07-01,2023-09-30,one-time,197.0,2023Q3,verified-from-source,False,373000.0,0.76,528.2,694.9,7458.4,9813.7,quarterly as reported,"Gilead Sciences Announces Third Quarter 2023 Financial Results (press release, 7 Nov 2023)",https://investors.gilead.com/news/news-details/2023/Gilead-Sciences-Announces-Third-Quarter-2023-Financial-Results/default.aspx
yescarta,US,2023Q4,2023-10-01,2023-12-31,one-time,187.0,2023Q4,verified-from-source,False,373000.0,0.76,501.3,659.7,7959.8,10473.4,quarterly as reported,"Gilead Sciences Announces Fourth Quarter and Full Year 2023 Financial Results (press release, 6 Feb 2024)",https://investors.gilead.com/news/news-details/2024/Gilead-Sciences-Announces-Fourth-Quarter-and-Full-Year-2023-Financial-Results/default.aspx
yescarta,US,2024Q1,2024-01-01,2024-03-31,one-time,170.0,2024Q1,verified-from-source,False,373000.0,0.76,455.8,599.7,8415.5,11073.1,quarterly as reported,"Gilead Sciences Announces First Quarter 2025 Financial Results (press release, 24 Apr 2025)",https://investors.gilead.com/news/news-details/2025/Gilead-Sciences-Announces-First-Quarter-2025-Financial-Results/default.aspx
yescarta,US,2024Q2,2024-04-01,2024-06-30,one-time,186.0,2024Q2,verified-from-source,False,373000.0,0.76,498.7,656.1,8914.2,11729.2,quarterly as reported,"Gilead Sciences Announces Second Quarter 2025 Financial Results (press release, 7 Aug 2025)",https://investors.gilead.com/news/news-details/2025/Gilead-Sciences-Announces-Second-Quarter-2025-Financial-Results/default.aspx
yescarta,US,2024Q3,2024-07-01,2024-09-30,one-time,145.0,2024Q3,verified-from-source,False,373000.0,0.76,388.7,511.5,9302.9,12240.7,quarterly as reported,Gilead Sciences Announces Third Quarter 2025 Financial Results (press release),https://investors.gilead.com/news/news-details/2025/Gilead-Sciences-Announces-Third-Quarter-2025-Financial-Results/default.aspx
yescarta,US,2024Q4,2024-10-01,2024-12-31,one-time,161.0,2024Q4,verified-from-source,False,373000.0,0.76,431.6,567.9,9734.6,12808.7,quarterly as reported,"Gilead Sciences Announces Fourth Quarter and Full Year 2025 Financial Results (press release, Feb 2026)",https://investors.gilead.com/news/news-details/2026/Gilead-Sciences-Announces-Fourth-Quarter-and-Full-Year-2025-Financial-Results/default.aspx
yescarta,US,2025Q1,2025-01-01,2025-03-31,one-time,160.0,2025Q1,verified-from-source,False,373000.0,0.76,429.0,564.4,10163.5,13373.1,quarterly as reported,"Gilead Sciences Announces First Quarter 2025 Financial Results (press release, 24 Apr 2025)",https://investors.gilead.com/news/news-details/2025/Gilead-Sciences-Announces-First-Quarter-2025-Financial-Results/default.aspx
yescarta,US,2025Q2,2025-04-01,2025-06-30,one-time,162.0,2025Q2,verified-from-source,False,373000.0,0.76,434.3,571.5,10597.9,13944.5,quarterly as reported,"Gilead Sciences Announces Second Quarter 2025 Financial Results (press release, 7 Aug 2025)",https://investors.gilead.com/news/news-details/2025/Gilead-Sciences-Announces-Second-Quarter-2025-Financial-Results/default.aspx
yescarta,US,2025Q3,2025-07-01,2025-09-30,one-time,123.0,2025Q3,verified-from-source,False,373000.0,0.76,329.8,433.9,10927.6,14378.4,quarterly as reported,Gilead Sciences Announces Third Quarter 2025 Financial Results (press release),https://investors.gilead.com/news/news-details/2025/Gilead-Sciences-Announces-Third-Quarter-2025-Financial-Results/default.aspx
yescarta,US,2025Q4,2025-10-01,2025-12-31,one-time,151.0,2025Q4,verified-from-source,False,373000.0,0.76,404.8,532.7,11332.4,14911.1,quarterly as reported,"Gilead Sciences Announces Fourth Quarter and Full Year 2025 Financial Results (press release, Feb 2026)",https://investors.gilead.com/news/news-details/2026/Gilead-Sciences-Announces-Fourth-Quarter-and-Full-Year-2025-Financial-Results/default.aspx
yescarta,US,2026Q1,2026-01-01,2026-03-31,one-time,120.0,2026Q1,verified-from-source,False,373000.0,0.76,321.7,423.3,11654.2,15334.4,quarterly as reported,"GILEAD SCIENCES ANNOUNCES FIRST QUARTER FINANCIAL RESULTS, earnings press release PDF, 7 May 2026",https://s29.q4cdn.com/585078350/files/doc_financials/2026/q1/GILD-Q126-Earnings-Press-Release-7-May-2026.pdf
yescarta,US,2026Q2,2026-04-01,2026-06-30,one-time,132.0,2026Q2,verified-from-source,False,373000.0,0.76,353.9,465.6,12008.0,15800.1,quarterly as reported,"Gilead Sciences Announces Second Quarter 2026 Financial Results (press release, 4 Aug 2026)",https://investors.gilead.com/news/news-details/2026/Gilead-Sciences-Announces-Second-Quarter-2026-Financial-Results/default.aspx
yescarta,Europe,2018Q1,2018-01-01,2018-03-31,one-time,0.0,2018Q1,verified-from-source,False,373000.0,0.76,0.0,0.0,0.0,0.0,quarterly as reported,"Gilead Sciences Announces First Quarter 2019 Financial Results (press release, 30 Apr 2019)",https://www.gilead.com/news-and-press/press-room/press-releases/2019/5/gilead-sciences-announces-first-quarter-2019-financial-results
yescarta,Europe,2018Q2,2018-04-01,2018-06-30,one-time,0.0,2018Q2,verified-from-source,False,373000.0,0.76,0.0,0.0,0.0,0.0,quarterly as reported,"Gilead Sciences Announces Second Quarter 2019 Financial Results (press release, 30 Jul 2019)",https://www.gilead.com/news-and-press/press-room/press-releases/2019/7/gilead-sciences-announces-second-quarter-2019-financial-results
yescarta,Europe,2018Q3,2018-07-01,2018-09-30,one-time,0.0,2018Q3,verified-from-source,False,373000.0,0.76,0.0,0.0,0.0,0.0,quarterly as reported,"Gilead Sciences Announces Third Quarter 2019 Financial Results (press release, 29 Oct 2019)",https://www.gilead.com/news-and-press/press-room/press-releases/2019/10/gilead-sciences-announces-third-quarter-2019-financial-results
yescarta,Europe,2018Q4,2018-10-01,2018-12-31,one-time,1.0,2018Q4,verified-from-source,False,373000.0,0.76,2.7,3.5,2.7,3.5,quarterly as reported,"Gilead Sciences Announces Fourth Quarter and Full Year 2018 Financial Results (press release, 4 Feb 2019)",https://www.gilead.com/news-and-press/press-room/press-releases/2019/2/gilead-sciences-announces-fourth-quarter-and-full-year-2018-financial-results
yescarta,Europe,2019Q1,2019-01-01,2019-03-31,one-time,6.0,2019Q1,verified-from-source,False,373000.0,0.76,16.1,21.2,18.8,24.7,quarterly as reported,"Gilead Sciences Announces First Quarter 2019 Financial Results (press release, 30 Apr 2019)",https://www.gilead.com/news-and-press/press-room/press-releases/2019/5/gilead-sciences-announces-first-quarter-2019-financial-results
yescarta,Europe,2019Q2,2019-04-01,2019-06-30,one-time,21.0,2019Q2,verified-from-source,False,373000.0,0.76,56.3,74.1,75.1,98.8,quarterly as reported,"Gilead Sciences Announces Second Quarter 2019 Financial Results (press release, 30 Jul 2019)",https://www.gilead.com/news-and-press/press-room/press-releases/2019/7/gilead-sciences-announces-second-quarter-2019-financial-results
yescarta,Europe,2019Q3,2019-07-01,2019-09-30,one-time,32.0,2019Q3,verified-from-source,False,373000.0,0.76,85.8,112.9,160.9,211.7,quarterly as reported,"Gilead Sciences Announces Third Quarter 2019 Financial Results (press release, 29 Oct 2019)",https://www.gilead.com/news-and-press/press-room/press-releases/2019/10/gilead-sciences-announces-third-quarter-2019-financial-results
yescarta,Europe,2019Q4,2019-10-01,2019-12-31,one-time,24.0,2019Q4,verified-from-source,False,373000.0,0.76,64.3,84.7,225.2,296.3,quarterly as reported,"Gilead Sciences Announces Fourth Quarter and Full Year 2019 Financial Results (press release, 4 Feb 2020)",https://www.gilead.com/news-and-press/press-room/press-releases/2020/2/gilead-sciences-announces-fourth-quarter-and-full-year-2019-financial-results
yescarta,Europe,2020Q1,2020-01-01,2020-03-31,one-time,37.0,2020Q1,verified-from-source,False,373000.0,0.76,99.2,130.5,324.4,426.8,quarterly as reported,"Gilead Sciences Announces First Quarter 2021 Financial Results (press release, 29 Apr 2021)",https://www.gilead.com/news-and-press/press-room/press-releases/2021/4/gilead-sciences-announces-first-quarter-2021-financial-results
yescarta,Europe,2020Q2,2020-04-01,2020-06-30,one-time,56.0,2020Q2,verified-from-source,False,373000.0,0.76,150.1,197.5,474.5,624.4,quarterly as reported,"Gilead Sciences Announces Second Quarter 2021 Financial Results (press release, 29 Jul 2021)",https://www.gilead.com/news-and-press/press-room/press-releases/2021/7/gilead-sciences-announces-second-quarter-2021-financial-results
yescarta,Europe,2020Q3,2020-07-01,2020-09-30,one-time,51.0,2020Q3,verified-from-source,False,373000.0,0.76,136.7,179.9,611.3,804.3,quarterly as reported,"Gilead Sciences Announces Third Quarter 2021 Financial Results (press release, 28 Oct 2021)",https://www.gilead.com/news-and-press/press-room/press-releases/2021/10/gilead-sciences-announces-third-quarter-2021-financial-results
yescarta,Europe,2020Q4,2020-10-01,2020-12-31,one-time,47.0,2020Q4,verified-from-source,False,373000.0,0.76,126.0,165.8,737.3,970.1,quarterly as reported,"Gilead Sciences Announces Fourth Quarter and Full Year 2021 Financial Results (press release, 1 Feb 2022)",https://www.gilead.com/news-and-press/press-room/press-releases/2022/2/gilead-sciences-announces-fourth-quarter-and-full-year-2021-financial-results
yescarta,Europe,2021Q1,2021-01-01,2021-03-31,one-time,61.0,2021Q1,verified-from-source,False,373000.0,0.76,163.5,215.2,900.8,1185.3,quarterly as reported,"Gilead Sciences Announces First Quarter 2021 Financial Results (press release, 29 Apr 2021)",https://www.gilead.com/news-and-press/press-room/press-releases/2021/4/gilead-sciences-announces-first-quarter-2021-financial-results
yescarta,Europe,2021Q2,2021-04-01,2021-06-30,one-time,61.0,2021Q2,verified-from-source,False,373000.0,0.76,163.5,215.2,1064.3,1400.5,quarterly as reported,"Gilead Sciences Announces Second Quarter 2021 Financial Results (press release, 29 Jul 2021)",https://www.gilead.com/news-and-press/press-room/press-releases/2021/7/gilead-sciences-announces-second-quarter-2021-financial-results
yescarta,Europe,2021Q3,2021-07-01,2021-09-30,one-time,66.0,2021Q3,verified-from-source,False,373000.0,0.76,176.9,232.8,1241.3,1633.3,quarterly as reported,"Gilead Sciences Announces Third Quarter 2021 Financial Results (press release, 28 Oct 2021)",https://www.gilead.com/news-and-press/press-room/press-releases/2021/10/gilead-sciences-announces-third-quarter-2021-financial-results
yescarta,Europe,2021Q4,2021-10-01,2021-12-31,one-time,65.0,2021Q4,verified-from-source,False,373000.0,0.76,174.3,229.3,1415.5,1862.6,quarterly as reported,"Gilead Sciences Announces Fourth Quarter and Full Year 2021 Financial Results (press release, 1 Feb 2022)",https://www.gilead.com/news-and-press/press-room/press-releases/2022/2/gilead-sciences-announces-fourth-quarter-and-full-year-2021-financial-results
yescarta,Europe,2022Q1,2022-01-01,2022-03-31,one-time,77.0,2022Q1,verified-from-source,False,373000.0,0.76,206.4,271.6,1622.0,2134.2,quarterly as reported,"Gilead Sciences Announces First Quarter 2023 Financial Results (press release, 27 Apr 2023)",https://investors.gilead.com/news/news-details/2023/Gilead-Sciences-Announces-First-Quarter-2023-Financial-Results/default.aspx
yescarta,Europe,2022Q2,2022-04-01,2022-06-30,one-time,85.0,2022Q2,verified-from-source,False,373000.0,0.76,227.9,299.8,1849.9,2434.0,quarterly as reported,"Gilead Sciences Announces Second Quarter 2023 Financial Results (press release, 3 Aug 2023)",https://investors.gilead.com/news/news-details/2023/Gilead-Sciences-Announces-Second-Quarter-2023-Financial-Results/default.aspx
yescarta,Europe,2022Q3,2022-07-01,2022-09-30,one-time,91.0,2022Q3,verified-from-source,False,373000.0,0.76,244.0,321.0,2093.8,2755.0,quarterly as reported,"Gilead Sciences Announces Third Quarter 2023 Financial Results (press release, 7 Nov 2023)",https://investors.gilead.com/news/news-details/2023/Gilead-Sciences-Announces-Third-Quarter-2023-Financial-Results/default.aspx
yescarta,Europe,2022Q4,2022-10-01,2022-12-31,one-time,103.0,2022Q4,verified-from-source,False,373000.0,0.76,276.1,363.3,2370.0,3118.4,quarterly as reported,"Gilead Sciences Announces Fourth Quarter and Full Year 2023 Financial Results (press release, 6 Feb 2024)",https://investors.gilead.com/news/news-details/2024/Gilead-Sciences-Announces-Fourth-Quarter-and-Full-Year-2023-Financial-Results/default.aspx
yescarta,Europe,2023Q1,2023-01-01,2023-03-31,one-time,121.0,2023Q1,verified-from-source,False,373000.0,0.76,324.4,426.8,2694.4,3545.2,quarterly as reported,"Gilead Sciences Announces First Quarter 2023 Financial Results (press release, 27 Apr 2023)",https://investors.gilead.com/news/news-details/2023/Gilead-Sciences-Announces-First-Quarter-2023-Financial-Results/default.aspx
yescarta,Europe,2023Q2,2023-04-01,2023-06-30,one-time,133.0,2023Q2,verified-from-source,False,373000.0,0.76,356.6,469.2,3050.9,4014.4,quarterly as reported,"Gilead Sciences Announces Second Quarter 2023 Financial Results (press release, 3 Aug 2023)",https://investors.gilead.com/news/news-details/2023/Gilead-Sciences-Announces-Second-Quarter-2023-Financial-Results/default.aspx
yescarta,Europe,2023Q3,2023-07-01,2023-09-30,one-time,154.0,2023Q3,verified-from-source,False,373000.0,0.76,412.9,543.2,3463.8,4557.6,quarterly as reported,"Gilead Sciences Announces Third Quarter 2023 Financial Results (press release, 7 Nov 2023)",https://investors.gilead.com/news/news-details/2023/Gilead-Sciences-Announces-Third-Quarter-2023-Financial-Results/default.aspx
yescarta,Europe,2023Q4,2023-10-01,2023-12-31,one-time,140.0,2023Q4,verified-from-source,False,373000.0,0.76,375.3,493.9,3839.1,5051.5,quarterly as reported,"Gilead Sciences Announces Fourth Quarter and Full Year 2023 Financial Results (press release, 6 Feb 2024)",https://investors.gilead.com/news/news-details/2024/Gilead-Sciences-Announces-Fourth-Quarter-and-Full-Year-2023-Financial-Results/default.aspx
yescarta,Europe,2024Q1,2024-01-01,2024-03-31,one-time,158.0,2024Q1,verified-from-source,False,373000.0,0.76,423.6,557.4,4262.7,5608.9,quarterly as reported,"Gilead Sciences Announces First Quarter 2025 Financial Results (press release, 24 Apr 2025)",https://investors.gilead.com/news/news-details/2025/Gilead-Sciences-Announces-First-Quarter-2025-Financial-Results/default.aspx
yescarta,Europe,2024Q2,2024-04-01,2024-06-30,one-time,169.0,2024Q2,verified-from-source,False,373000.0,0.76,453.1,596.2,4715.8,6205.0,quarterly as reported,"Gilead Sciences Announces Second Quarter 2025 Financial Results (press release, 7 Aug 2025)",https://investors.gilead.com/news/news-details/2025/Gilead-Sciences-Announces-Second-Quarter-2025-Financial-Results/default.aspx
yescarta,Europe,2024Q3,2024-07-01,2024-09-30,one-time,182.0,2024Q3,verified-from-source,False,373000.0,0.76,487.9,642.0,5203.8,6847.0,quarterly as reported,Gilead Sciences Announces Third Quarter 2025 Financial Results (press release),https://investors.gilead.com/news/news-details/2025/Gilead-Sciences-Announces-Third-Quarter-2025-Financial-Results/default.aspx
yescarta,Europe,2024Q4,2024-10-01,2024-12-31,one-time,156.0,2024Q4,verified-from-source,False,373000.0,0.76,418.2,550.3,5622.0,7397.3,quarterly as reported,"Gilead Sciences Announces Fourth Quarter and Full Year 2025 Financial Results (press release, Feb 2026)",https://investors.gilead.com/news/news-details/2026/Gilead-Sciences-Announces-Fourth-Quarter-and-Full-Year-2025-Financial-Results/default.aspx
yescarta,Europe,2025Q1,2025-01-01,2025-03-31,one-time,149.0,2025Q1,verified-from-source,False,373000.0,0.76,399.5,525.6,6021.4,7923.0,quarterly as reported,"Gilead Sciences Announces First Quarter 2025 Financial Results (press release, 24 Apr 2025)",https://investors.gilead.com/news/news-details/2025/Gilead-Sciences-Announces-First-Quarter-2025-Financial-Results/default.aspx
yescarta,Europe,2025Q2,2025-04-01,2025-06-30,one-time,154.0,2025Q2,verified-from-source,False,373000.0,0.76,412.9,543.2,6434.3,8466.2,quarterly as reported,"Gilead Sciences Announces Second Quarter 2025 Financial Results (press release, 7 Aug 2025)",https://investors.gilead.com/news/news-details/2025/Gilead-Sciences-Announces-Second-Quarter-2025-Financial-Results/default.aspx
yescarta,Europe,2025Q3,2025-07-01,2025-09-30,one-time,151.0,2025Q3,verified-from-source,False,373000.0,0.76,404.8,532.7,6839.1,8998.9,quarterly as reported,Gilead Sciences Announces Third Quarter 2025 Financial Results (press release),https://investors.gilead.com/news/news-details/2025/Gilead-Sciences-Announces-Third-Quarter-2025-Financial-Results/default.aspx
yescarta,Europe,2025Q4,2025-10-01,2025-12-31,one-time,143.0,2025Q4,verified-from-source,False,373000.0,0.76,383.4,504.4,7222.5,9503.3,quarterly as reported,"Gilead Sciences Announces Fourth Quarter and Full Year 2025 Financial Results (press release, Feb 2026)",https://investors.gilead.com/news/news-details/2026/Gilead-Sciences-Announces-Fourth-Quarter-and-Full-Year-2025-Financial-Results/default.aspx
yescarta,Europe,2026Q1,2026-01-01,2026-03-31,one-time,146.0,2026Q1,verified-from-source,False,373000.0,0.76,391.4,515.0,7613.9,10018.3,quarterly as reported,"GILEAD SCIENCES ANNOUNCES FIRST QUARTER FINANCIAL RESULTS, earnings press release PDF, 7 May 2026",https://s29.q4cdn.com/585078350/files/doc_financials/2026/q1/GILD-Q126-Earnings-Press-Release-7-May-2026.pdf
yescarta,Europe,2026Q2,2026-04-01,2026-06-30,one-time,139.0,2026Q2,verified-from-source,False,373000.0,0.76,372.7,490.3,7986.6,10508.7,quarterly as reported,"Gilead Sciences Announces Second Quarter 2026 Financial Results (press release, 4 Aug 2026)",https://investors.gilead.com/news/news-details/2026/Gilead-Sciences-Announces-Second-Quarter-2026-Financial-Results/default.aspx
yescarta,Total,2017Q4,2017-10-01,2017-12-31,one-time,7.0,2017Q4,verified-from-source,False,373000.0,0.76,18.8,24.7,18.8,24.7,quarterly as reported,"Gilead Sciences Announces Fourth Quarter and Full Year 2018 Financial Results (press release, 4 Feb 2019)",https://www.gilead.com/news-and-press/press-room/press-releases/2019/2/gilead-sciences-announces-fourth-quarter-and-full-year-2018-financial-results
yescarta,Total,2018Q1,2018-01-01,2018-03-31,one-time,40.0,2018Q1,verified-from-source,False,373000.0,0.76,107.2,141.1,126.0,165.8,quarterly as reported,"Gilead Sciences Announces First Quarter 2019 Financial Results (press release, 30 Apr 2019)",https://www.gilead.com/news-and-press/press-room/press-releases/2019/5/gilead-sciences-announces-first-quarter-2019-financial-results
yescarta,Total,2018Q2,2018-04-01,2018-06-30,one-time,68.0,2018Q2,verified-from-source,False,373000.0,0.76,182.3,239.9,308.3,405.7,quarterly as reported,"Gilead Sciences Announces Second Quarter 2019 Financial Results (press release, 30 Jul 2019)",https://www.gilead.com/news-and-press/press-room/press-releases/2019/7/gilead-sciences-announces-second-quarter-2019-financial-results
yescarta,Total,2018Q3,2018-07-01,2018-09-30,one-time,75.0,2018Q3,verified-from-source,False,373000.0,0.76,201.1,264.6,509.4,670.2,quarterly as reported,"Gilead Sciences Announces Third Quarter 2019 Financial Results (press release, 29 Oct 2019)",https://www.gilead.com/news-and-press/press-room/press-releases/2019/10/gilead-sciences-announces-third-quarter-2019-financial-results
yescarta,Total,2018Q4,2018-10-01,2018-12-31,one-time,81.0,2018Q4,verified-from-source,False,373000.0,0.76,217.2,285.7,726.5,956.0,quarterly as reported,"Gilead Sciences Announces Fourth Quarter and Full Year 2018 Financial Results (press release, 4 Feb 2019)",https://www.gilead.com/news-and-press/press-room/press-releases/2019/2/gilead-sciences-announces-fourth-quarter-and-full-year-2018-financial-results
yescarta,Total,2019Q1,2019-01-01,2019-03-31,one-time,96.0,2019Q1,verified-from-source,False,373000.0,0.76,257.4,338.6,983.9,1294.6,quarterly as reported,"Gilead Sciences Announces First Quarter 2019 Financial Results (press release, 30 Apr 2019)",https://www.gilead.com/news-and-press/press-room/press-releases/2019/5/gilead-sciences-announces-first-quarter-2019-financial-results
yescarta,Total,2019Q2,2019-04-01,2019-06-30,one-time,120.0,2019Q2,verified-from-source,False,373000.0,0.76,321.7,423.3,1305.6,1717.9,quarterly as reported,"Gilead Sciences Announces Second Quarter 2019 Financial Results (press release, 30 Jul 2019)",https://www.gilead.com/news-and-press/press-room/press-releases/2019/7/gilead-sciences-announces-second-quarter-2019-financial-results
yescarta,Total,2019Q3,2019-07-01,2019-09-30,one-time,118.0,2019Q3,verified-from-source,False,373000.0,0.76,316.4,416.3,1622.0,2134.2,quarterly as reported,"Gilead Sciences Announces Third Quarter 2019 Financial Results (press release, 29 Oct 2019)",https://www.gilead.com/news-and-press/press-room/press-releases/2019/10/gilead-sciences-announces-third-quarter-2019-financial-results
yescarta,Total,2019Q4,2019-10-01,2019-12-31,one-time,122.0,2019Q4,verified-from-source,False,373000.0,0.76,327.1,430.4,1949.1,2564.6,quarterly as reported,"Gilead Sciences Announces Fourth Quarter and Full Year 2019 Financial Results (press release, 4 Feb 2020)",https://www.gilead.com/news-and-press/press-room/press-releases/2020/2/gilead-sciences-announces-fourth-quarter-and-full-year-2019-financial-results
yescarta,Total,2020Q1,2020-01-01,2020-03-31,one-time,140.0,2020Q1,verified-from-source,False,373000.0,0.76,375.3,493.9,2324.4,3058.4,quarterly as reported,"Gilead Sciences Announces First Quarter 2021 Financial Results (press release, 29 Apr 2021)",https://www.gilead.com/news-and-press/press-room/press-releases/2021/4/gilead-sciences-announces-first-quarter-2021-financial-results
yescarta,Total,2020Q2,2020-04-01,2020-06-30,one-time,156.0,2020Q2,verified-from-source,False,373000.0,0.76,418.2,550.3,2742.6,3608.7,quarterly as reported,"Gilead Sciences Announces Second Quarter 2021 Financial Results (press release, 29 Jul 2021)",https://www.gilead.com/news-and-press/press-room/press-releases/2021/7/gilead-sciences-announces-second-quarter-2021-financial-results
yescarta,Total,2020Q3,2020-07-01,2020-09-30,one-time,138.0,2020Q3,verified-from-source,False,373000.0,0.76,370.0,486.8,3112.6,4095.5,quarterly as reported,"Gilead Sciences Announces Third Quarter 2021 Financial Results (press release, 28 Oct 2021)",https://www.gilead.com/news-and-press/press-room/press-releases/2021/10/gilead-sciences-announces-third-quarter-2021-financial-results
yescarta,Total,2020Q4,2020-10-01,2020-12-31,one-time,129.0,2020Q4,verified-from-source,False,373000.0,0.76,345.8,455.1,3458.4,4550.6,quarterly as reported,"Gilead Sciences Announces Fourth Quarter and Full Year 2021 Financial Results (press release, 1 Feb 2022)",https://www.gilead.com/news-and-press/press-room/press-releases/2022/2/gilead-sciences-announces-fourth-quarter-and-full-year-2021-financial-results
yescarta,Total,2021Q1,2021-01-01,2021-03-31,one-time,160.0,2021Q1,verified-from-source,False,373000.0,0.76,429.0,564.4,3887.4,5115.0,quarterly as reported,"Gilead Sciences Announces First Quarter 2021 Financial Results (press release, 29 Apr 2021)",https://www.gilead.com/news-and-press/press-room/press-releases/2021/4/gilead-sciences-announces-first-quarter-2021-financial-results
yescarta,Total,2021Q2,2021-04-01,2021-06-30,one-time,178.0,2021Q2,verified-from-source,False,373000.0,0.76,477.2,627.9,4364.6,5742.9,quarterly as reported,"Gilead Sciences Announces Second Quarter 2021 Financial Results (press release, 29 Jul 2021)",https://www.gilead.com/news-and-press/press-room/press-releases/2021/7/gilead-sciences-announces-second-quarter-2021-financial-results
yescarta,Total,2021Q3,2021-07-01,2021-09-30,one-time,175.0,2021Q3,verified-from-source,False,373000.0,0.76,469.2,617.3,4833.8,6360.2,quarterly as reported,"Gilead Sciences Announces Third Quarter 2021 Financial Results (press release, 28 Oct 2021)",https://www.gilead.com/news-and-press/press-room/press-releases/2021/10/gilead-sciences-announces-third-quarter-2021-financial-results
yescarta,Total,2021Q4,2021-10-01,2021-12-31,one-time,182.0,2021Q4,verified-from-source,False,373000.0,0.76,487.9,642.0,5321.7,7002.3,quarterly as reported,"Gilead Sciences Announces Fourth Quarter and Full Year 2021 Financial Results (press release, 1 Feb 2022)",https://www.gilead.com/news-and-press/press-room/press-releases/2022/2/gilead-sciences-announces-fourth-quarter-and-full-year-2021-financial-results
yescarta,Total,2022Q1,2022-01-01,2022-03-31,one-time,211.0,2022Q1,verified-from-source,False,373000.0,0.76,565.7,744.3,5887.4,7746.6,quarterly as reported,"Gilead Sciences Announces First Quarter 2023 Financial Results (press release, 27 Apr 2023)",https://investors.gilead.com/news/news-details/2023/Gilead-Sciences-Announces-First-Quarter-2023-Financial-Results/default.aspx
yescarta,Total,2022Q2,2022-04-01,2022-06-30,one-time,295.0,2022Q2,verified-from-source,False,373000.0,0.76,790.9,1040.6,6678.3,8787.2,quarterly as reported,"Gilead Sciences Announces Second Quarter 2023 Financial Results (press release, 3 Aug 2023)",https://investors.gilead.com/news/news-details/2023/Gilead-Sciences-Announces-Second-Quarter-2023-Financial-Results/default.aspx
yescarta,Total,2022Q3,2022-07-01,2022-09-30,one-time,317.0,2022Q3,verified-from-source,False,373000.0,0.76,849.9,1118.2,7528.2,9905.5,quarterly as reported,"Gilead Sciences Announces Third Quarter 2023 Financial Results (press release, 7 Nov 2023)",https://investors.gilead.com/news/news-details/2023/Gilead-Sciences-Announces-Third-Quarter-2023-Financial-Results/default.aspx
yescarta,Total,2022Q4,2022-10-01,2022-12-31,one-time,337.0,2022Q4,verified-from-source,False,373000.0,0.76,903.5,1188.8,8431.6,11094.3,quarterly as reported,"Gilead Sciences Announces Fourth Quarter and Full Year 2023 Financial Results (press release, 6 Feb 2024)",https://investors.gilead.com/news/news-details/2024/Gilead-Sciences-Announces-Fourth-Quarter-and-Full-Year-2023-Financial-Results/default.aspx
yescarta,Total,2023Q1,2023-01-01,2023-03-31,one-time,359.0,2023Q1,verified-from-source,False,373000.0,0.76,962.5,1266.4,9394.1,12360.7,quarterly as reported,"Gilead Sciences Announces First Quarter 2023 Financial Results (press release, 27 Apr 2023)",https://investors.gilead.com/news/news-details/2023/Gilead-Sciences-Announces-First-Quarter-2023-Financial-Results/default.aspx
yescarta,Total,2023Q2,2023-04-01,2023-06-30,one-time,380.0,2023Q2,verified-from-source,False,373000.0,0.76,1018.8,1340.5,10412.9,13701.1,quarterly as reported,"Gilead Sciences Announces Second Quarter 2023 Financial Results (press release, 3 Aug 2023)",https://investors.gilead.com/news/news-details/2023/Gilead-Sciences-Announces-Second-Quarter-2023-Financial-Results/default.aspx
yescarta,Total,2023Q3,2023-07-01,2023-09-30,one-time,391.0,2023Q3,verified-from-source,False,373000.0,0.76,1048.3,1379.3,11461.1,15080.4,quarterly as reported,"Gilead Sciences Announces Third Quarter 2023 Financial Results (press release, 7 Nov 2023)",https://investors.gilead.com/news/news-details/2023/Gilead-Sciences-Announces-Third-Quarter-2023-Financial-Results/default.aspx
yescarta,Total,2023Q4,2023-10-01,2023-12-31,one-time,368.0,2023Q4,verified-from-source,False,373000.0,0.76,986.6,1298.2,12447.7,16378.6,quarterly as reported,"Gilead Sciences Announces Fourth Quarter and Full Year 2023 Financial Results (press release, 6 Feb 2024)",https://investors.gilead.com/news/news-details/2024/Gilead-Sciences-Announces-Fourth-Quarter-and-Full-Year-2023-Financial-Results/default.aspx
yescarta,Total,2024Q1,2024-01-01,2024-03-31,one-time,380.0,2024Q1,verified-from-source,False,373000.0,0.76,1018.8,1340.5,13466.5,17719.1,quarterly as reported,"Gilead Sciences Announces First Quarter 2025 Financial Results (press release, 24 Apr 2025)",https://investors.gilead.com/news/news-details/2025/Gilead-Sciences-Announces-First-Quarter-2025-Financial-Results/default.aspx
yescarta,Total,2024Q2,2024-04-01,2024-06-30,one-time,414.0,2024Q2,verified-from-source,False,373000.0,0.76,1109.9,1460.4,14576.4,19179.5,quarterly as reported,"Gilead Sciences Announces Second Quarter 2025 Financial Results (press release, 7 Aug 2025)",https://investors.gilead.com/news/news-details/2025/Gilead-Sciences-Announces-Second-Quarter-2025-Financial-Results/default.aspx
yescarta,Total,2024Q3,2024-07-01,2024-09-30,one-time,387.0,2024Q3,verified-from-source,False,373000.0,0.76,1037.5,1365.2,15613.9,20544.7,quarterly as reported,Gilead Sciences Announces Third Quarter 2025 Financial Results (press release),https://investors.gilead.com/news/news-details/2025/Gilead-Sciences-Announces-Third-Quarter-2025-Financial-Results/default.aspx
yescarta,Total,2024Q4,2024-10-01,2024-12-31,one-time,390.0,2024Q4,verified-from-source,False,373000.0,0.76,1045.6,1375.8,16659.5,21920.4,quarterly as reported,"Gilead Sciences Announces Fourth Quarter and Full Year 2025 Financial Results (press release, Feb 2026)",https://investors.gilead.com/news/news-details/2026/Gilead-Sciences-Announces-Fourth-Quarter-and-Full-Year-2025-Financial-Results/default.aspx
yescarta,Total,2025Q1,2025-01-01,2025-03-31,one-time,386.0,2025Q1,verified-from-source,False,373000.0,0.76,1034.9,1361.6,17694.4,23282.1,quarterly as reported,"Gilead Sciences Announces First Quarter 2025 Financial Results (press release, 24 Apr 2025)",https://investors.gilead.com/news/news-details/2025/Gilead-Sciences-Announces-First-Quarter-2025-Financial-Results/default.aspx
yescarta,Total,2025Q2,2025-04-01,2025-06-30,one-time,393.0,2025Q2,verified-from-source,False,373000.0,0.76,1053.6,1386.3,18748.0,24668.4,quarterly as reported,"Gilead Sciences Announces Second Quarter 2025 Financial Results (press release, 7 Aug 2025)",https://investors.gilead.com/news/news-details/2025/Gilead-Sciences-Announces-Second-Quarter-2025-Financial-Results/default.aspx
yescarta,Total,2025Q3,2025-07-01,2025-09-30,one-time,349.0,2025Q3,verified-from-source,False,373000.0,0.76,935.7,1231.1,19683.6,25899.5,quarterly as reported,Gilead Sciences Announces Third Quarter 2025 Financial Results (press release),https://investors.gilead.com/news/news-details/2025/Gilead-Sciences-Announces-Third-Quarter-2025-Financial-Results/default.aspx
yescarta,Total,2025Q4,2025-10-01,2025-12-31,one-time,368.0,2025Q4,verified-from-source,False,373000.0,0.76,986.6,1298.2,20670.2,27197.7,quarterly as reported,"Gilead Sciences Announces Fourth Quarter and Full Year 2025 Financial Results (press release, Feb 2026)",https://investors.gilead.com/news/news-details/2026/Gilead-Sciences-Announces-Fourth-Quarter-and-Full-Year-2025-Financial-Results/default.aspx
yescarta,Total,2026Q1,2026-01-01,2026-03-31,one-time,332.0,2026Q1,verified-from-source,False,373000.0,0.76,890.1,1171.2,21560.3,28368.8,quarterly as reported,"GILEAD SCIENCES ANNOUNCES FIRST QUARTER FINANCIAL RESULTS, earnings press release PDF, 7 May 2026",https://s29.q4cdn.com/585078350/files/doc_financials/2026/q1/GILD-Q126-Earnings-Press-Release-7-May-2026.pdf
yescarta,Total,2026Q2,2026-04-01,2026-06-30,one-time,346.0,2026Q2,verified-from-source,False,373000.0,0.76,927.6,1220.5,22487.9,29589.4,quarterly as reported,"Gilead Sciences Announces Second Quarter 2026 Financial Results (press release, 4 Aug 2026)",https://investors.gilead.com/news/news-details/2026/Gilead-Sciences-Announces-Second-Quarter-2026-Financial-Results/default.aspx
zevaskyn,Total,2025Q2,2025-04-01,2025-06-30,one-time,0.0,2025Q2,verified-from-source,False,3100000.0,0.76,0.0,0.0,0.0,0.0,quarterly as reported,"Abeona Therapeutics 8-K Ex-99.1, Second Quarter 2026 Results and Business Update (2026-08-13)",https://www.sec.gov/Archives/edgar/data/318306/000149315226037575/ex99-1.htm
zevaskyn,Total,2025Q3,2025-07-01,2025-09-30,one-time,0.0,2025Q3,verified-from-source,False,3100000.0,0.76,0.0,0.0,0.0,0.0,quarterly as reported,"Abeona Therapeutics 8-K Ex-99.1, Third Quarter 2025 Financial Results and Corporate Updates (2025-11-12)",https://www.sec.gov/Archives/edgar/data/318306/000149315225021721/ex99-1.htm
zevaskyn,Total,2025Q4,2025-10-01,2025-12-31,one-time,2.42,2025Q4,verified-from-source,False,3100000.0,0.76,0.8,1.0,0.8,1.0,quarterly as reported,"Abeona Therapeutics 8-K Ex-99.1, Full Year 2025 Financial Results and Corporate Updates (2026-03-17)",https://www.sec.gov/Archives/edgar/data/318306/000149315226010408/ex99-1.htm
zevaskyn,Total,2026Q1,2026-01-01,2026-03-31,one-time,8.7,2026Q1,verified-from-source,False,3100000.0,0.76,2.8,3.7,3.6,4.7,quarterly as reported,"Abeona Therapeutics 8-K Ex-99.1, First Quarter 2026 Results and Pipeline Update (2026-05-13)",https://www.sec.gov/Archives/edgar/data/318306/000149315226022610/ex99-1.htm
zevaskyn,Total,2026Q2,2026-04-01,2026-06-30,one-time,11.4,2026Q2,verified-from-source,False,3100000.0,0.76,3.7,4.8,7.3,9.6,quarterly as reported,"Abeona Therapeutics 8-K Ex-99.1, Second Quarter 2026 Results and Business Update (2026-08-13)",https://www.sec.gov/Archives/edgar/data/318306/000149315226037575/ex99-1.htm
zolgensma,Total,2019Q2,2019-04-01,2019-06-30,one-time,15.0,2019Q2,verified-from-source,False,2125000.0,0.76,7.1,9.3,7.1,9.3,quarterly as reported,"Novartis Interim Financial Report Q2 2020 (Form 6-K Ex-99.2), prior-year column",https://www.sec.gov/Archives/edgar/data/1114448/000137036820000069/a200721-99_2.htm
zolgensma,Total,2019Q3,2019-07-01,2019-09-30,one-time,160.0,2019Q3,verified-from-source,False,2125000.0,0.76,75.3,99.1,82.4,108.4,quarterly as reported,"Novartis Interim Financial Report Q3 2020 (Form 6-K Ex-99.2), prior-year column",https://www.sec.gov/Archives/edgar/data/1114448/000137036820000086/a201027-99_2.htm
zolgensma,Total,2019Q4,2019-10-01,2019-12-31,one-time,186.0,2019Q4,verified-from-source,False,2125000.0,0.76,87.5,115.2,169.9,223.5,quarterly as reported,"Novartis Interim Financial Report Q4/FY2020 (Form 6-K Ex-99.2), prior-year column",https://www.sec.gov/Archives/edgar/data/1114448/000137036821000008/a210126-99_2.htm
zolgensma,Total,2020Q1,2020-01-01,2020-03-31,one-time,170.0,2020Q1,verified-from-source,False,2125000.0,0.76,80.0,105.3,249.9,328.8,quarterly as reported,Novartis Interim Financial Report Q1 2020 (Form 6-K Ex-99.2),https://www.sec.gov/Archives/edgar/data/1114448/000137036820000061/a200428-99_2.htm
zolgensma,Total,2020Q2,2020-04-01,2020-06-30,one-time,205.0,2020Q2,verified-from-source,False,2125000.0,0.76,96.5,126.9,346.4,455.7,quarterly as reported,Novartis Interim Financial Report Q2 2020 (Form 6-K Ex-99.2),https://www.sec.gov/Archives/edgar/data/1114448/000137036820000069/a200721-99_2.htm
zolgensma,Total,2020Q3,2020-07-01,2020-09-30,one-time,291.0,2020Q3,verified-from-source,False,2125000.0,0.76,136.9,180.2,483.3,635.9,quarterly as reported,Novartis Interim Financial Report Q3 2020 (Form 6-K Ex-99.2),https://www.sec.gov/Archives/edgar/data/1114448/000137036820000086/a201027-99_2.htm
zolgensma,Total,2020Q4,2020-10-01,2020-12-31,one-time,254.0,2020Q4,verified-from-source,False,2125000.0,0.76,119.5,157.3,602.8,793.2,quarterly as reported,Novartis Interim Financial Report Q4/FY2020 (Form 6-K Ex-99.2),https://www.sec.gov/Archives/edgar/data/1114448/000137036821000008/a210126-99_2.htm
zolgensma,Total,2021Q1,2021-01-01,2021-03-31,one-time,319.0,2021Q1,verified-from-source,False,2125000.0,0.76,150.1,197.5,752.9,990.7,quarterly as reported,"Novartis Financial Report Q1 2021 (Form 6-K Ex-99.1), Net sales of the top 20 Innovative Medicines products",https://www.sec.gov/Archives/edgar/data/1114448/000137036821000041/a210427-99_1.htm
zolgensma,Total,2021Q2,2021-04-01,2021-06-30,one-time,315.0,2021Q2,verified-from-source,False,2125000.0,0.76,148.2,195.0,901.2,1185.8,quarterly as reported,"Novartis Financial Report Q2 2021 (Form 6-K Ex-99.1), Net sales of the top 20 Innovative Medicines products",https://www.sec.gov/Archives/edgar/data/1114448/000137036821000055/nvs-20210630-99_1.htm
zolgensma,Total,2021Q3,2021-07-01,2021-09-30,one-time,375.0,2021Q3,verified-from-source,False,2125000.0,0.76,176.5,232.2,1077.6,1418.0,quarterly as reported,"Novartis Financial Report Q3 2021 (Form 6-K Ex-99.1), Net sales of the top 20 Innovative Medicines products",https://www.sec.gov/Archives/edgar/data/1114448/000137036821000072/a211026-99_1.htm
zolgensma,Total,2021Q4,2021-10-01,2021-12-31,one-time,342.0,2021Q4,verified-from-source,False,2125000.0,0.76,160.9,211.8,1238.6,1629.7,quarterly as reported,"Novartis Financial Report Q4/FY2021 (Form 6-K Ex-99.1), Net sales of the top 20 Innovative Medicines products",https://www.sec.gov/Archives/edgar/data/1114448/000137036822000009/a220202-99_1.htm
zolgensma,Total,2022Q1,2022-01-01,2022-03-31,one-time,363.0,2022Q1,verified-from-source,False,2125000.0,0.76,170.8,224.8,1409.4,1854.5,quarterly as reported,"Novartis Financial Report Q1 2022 (Form 6-K Ex-99.1), Net sales of the top 20 Innovative Medicines products",https://www.sec.gov/Archives/edgar/data/1114448/000137036822000038/a220426-99_1.htm
zolgensma,Total,2022Q2,2022-04-01,2022-06-30,one-time,379.0,2022Q2,verified-from-source,False,2125000.0,0.76,178.4,234.7,1587.8,2089.2,quarterly as reported,"Novartis Financial Report Q2 2022 (Form 6-K Ex-99.1), Net sales of the top 20 Innovative Medicines products",https://www.sec.gov/Archives/edgar/data/1114448/000137036822000059/nvs-20220630-99_1.htm
zolgensma,Total,2022Q3,2022-07-01,2022-09-30,one-time,319.0,2022Q3,verified-from-source,False,2125000.0,0.76,150.1,197.5,1737.9,2286.7,quarterly as reported,"Novartis Financial Report Q3 2022 (Form 6-K Ex-99.1), Net sales of the top 20 Innovative Medicines products",https://www.sec.gov/Archives/edgar/data/1114448/000137036822000077/a221025-99_1.htm
zolgensma,Total,2022Q4,2022-10-01,2022-12-31,one-time,309.0,2022Q4,verified-from-source,False,2125000.0,0.76,145.4,191.3,1883.3,2478.0,quarterly as reported,"Novartis Interim Financial Report Q4/FY2023 (Form 6-K Ex-99.2), prior-year column",https://www.sec.gov/Archives/edgar/data/1114448/000137036824000007/a240131-99_2.htm
zolgensma,Total,2023Q1,2023-01-01,2023-03-31,one-time,309.0,2023Q1,verified-from-source,False,2125000.0,0.76,145.4,191.3,2028.7,2669.3,quarterly as reported,Novartis Interim Financial Report Q1 2023 (Form 6-K Ex-99.2),https://www.sec.gov/Archives/edgar/data/1114448/000137036823000046/a230425-99_2.htm
zolgensma,Total,2023Q2,2023-04-01,2023-06-30,one-time,311.0,2023Q2,verified-from-source,False,2125000.0,0.76,146.4,192.6,2175.1,2861.9,quarterly as reported,"Novartis Financial Report Q2 2023 (Form 6-K Ex-99.1), Net sales of the top 20 brands",https://www.sec.gov/Archives/edgar/data/1114448/000137036823000059/nvs-20230630-99_1.htm
zolgensma,Total,2023Q3,2023-07-01,2023-09-30,one-time,308.0,2023Q3,verified-from-source,False,2125000.0,0.76,144.9,190.7,2320.0,3052.6,quarterly as reported,Novartis Interim Financial Report Q3 2023 (Form 6-K Ex-99.2),https://www.sec.gov/Archives/edgar/data/1114448/000137036823000068/a231024-99_2.htm
zolgensma,Total,2023Q4,2023-10-01,2023-12-31,one-time,286.0,2023Q4,verified-from-source,False,2125000.0,0.76,134.6,177.1,2454.6,3229.7,quarterly as reported,Novartis Interim Financial Report Q4/FY2023 (Form 6-K Ex-99.2),https://www.sec.gov/Archives/edgar/data/1114448/000137036824000007/a240131-99_2.htm
zolgensma,Total,2024Q1,2024-01-01,2024-03-31,one-time,295.0,2024Q1,verified-from-source,False,2125000.0,0.76,138.8,182.7,2593.4,3412.4,quarterly as reported,Novartis Interim Financial Report Q1 2024 (Form 6-K Ex-99.2),https://www.sec.gov/Archives/edgar/data/1114448/000137036824000017/a240423-99_2.htm
zolgensma,Total,2024Q2,2024-04-01,2024-06-30,one-time,349.0,2024Q2,verified-from-source,False,2125000.0,0.76,164.2,216.1,2757.6,3628.5,quarterly as reported,"Novartis Financial Report Q2 2024 (Form 6-K Ex-99.1), Net sales of the top 20 brands",https://www.sec.gov/Archives/edgar/data/1114448/000137036824000019/nvs-20240630-99_1.htm
zolgensma,Total,2024Q3,2024-07-01,2024-09-30,one-time,308.0,2024Q3,verified-from-source,False,2125000.0,0.76,144.9,190.7,2902.6,3819.2,quarterly as reported,Novartis Interim Financial Report Q3 2024 (Form 6-K Ex-99.2),https://www.sec.gov/Archives/edgar/data/1114448/000137036824000022/a241029-99_2.htm
zolgensma,Total,2024Q4,2024-10-01,2024-12-31,one-time,262.0,2024Q4,verified-from-source,False,2125000.0,0.76,123.3,162.2,3025.9,3981.4,quarterly as reported,Novartis Interim Financial Report Q4/FY2024 (Form 6-K Ex-99.2),https://www.sec.gov/Archives/edgar/data/1114448/000137036825000007/a250131-99_2.htm
zolgensma,Total,2025Q1,2025-01-01,2025-03-31,one-time,327.0,2025Q1,verified-from-source,False,2125000.0,0.76,153.9,202.5,3179.8,4183.9,quarterly as reported,"Novartis Interim Financial Report Q1 2026 (Form 6-K Ex-99.2), prior-year column",https://www.sec.gov/Archives/edgar/data/1114448/000111444826000010/a260428-99_2.htm
zolgensma,Total,2025Q2,2025-04-01,2025-06-30,one-time,297.0,2025Q2,verified-from-source,False,2125000.0,0.76,139.8,183.9,3319.5,4367.8,quarterly as reported,Novartis Interim Financial Report Q2 2025 (Form 6-K Ex-99.2),https://www.sec.gov/Archives/edgar/data/1114448/000137036825000012/nvs-20250630-99_2.htm
zolgensma,Total,2025Q3,2025-07-01,2025-09-30,one-time,301.0,2025Q3,verified-from-source,False,2125000.0,0.76,141.6,186.4,3461.2,4554.2,quarterly as reported,Novartis Interim Financial Report Q3 2025 (Form 6-K Ex-99.2),https://www.sec.gov/Archives/edgar/data/1114448/000111444825000003/a251028-99_2.htm
zolgensma,Total,2025Q4,2025-10-01,2025-12-31,one-time,307.0,2025Q4,verified-from-source,False,2125000.0,0.76,144.5,190.1,3605.6,4744.3,quarterly as reported,"Novartis Financial Report Q4/FY2025 (Form 6-K Ex-99.1), Net sales of the top 20 brands",https://www.sec.gov/Archives/edgar/data/1114448/000111444826000007/a260204-99_1.htm
zolgensma,Total,2026Q1,2026-01-01,2026-03-31,one-time,302.0,2026Q1,verified-from-source,False,2125000.0,0.76,142.1,187.0,3747.8,4931.3,quarterly as reported,Novartis Interim Financial Report Q1 2026 (Form 6-K Ex-99.2),https://www.sec.gov/Archives/edgar/data/1114448/000111444826000010/a260428-99_2.htm
zolgensma,Total,2026Q2,2026-04-01,2026-06-30,one-time,365.0,2026Q2,verified-from-source,False,2125000.0,0.76,171.8,226.0,3919.5,5157.3,quarterly as reported,"Novartis Financial Report Q2 2026 (Form 6-K Ex-99.1), Net sales of the top 20 brands",https://www.sec.gov/Archives/edgar/data/1114448/000111444826000012/nvs-20260630-99_1.htm
zynteglo,US,2023Q1,2023-01-01,2023-03-31,one-time,0.0,2023Q1,derived,False,2800000.0,0.76,0.0,0.0,0.0,0.0,quarterly as reported,"bluebird bio Form 10-Q for the quarter ended 2024-06-30, Note 3 Product revenue and reserves (filed 2024-09-27)",https://www.sec.gov/Archives/edgar/data/1293971/000129397124000058/blue-20240630.htm
zynteglo,US,2023Q2,2023-04-01,2023-06-30,one-time,4.18,2023Q2,verified-from-source,False,2800000.0,0.76,1.5,2.0,1.5,2.0,quarterly as reported,"bluebird bio Form 10-Q for the quarter ended 2024-06-30, Note 3 Product revenue and reserves (filed 2024-09-27)",https://www.sec.gov/Archives/edgar/data/1293971/000129397124000058/blue-20240630.htm
zynteglo,US,2023Q3,2023-07-01,2023-09-30,one-time,4.85,2023Q3,verified-from-source,False,2800000.0,0.76,1.7,2.3,3.2,4.2,quarterly as reported,"bluebird bio Form 10-Q for the quarter ended 2024-09-30, Note 3 Product revenue and reserves (filed 2024-11-14)",https://www.sec.gov/Archives/edgar/data/1293971/000129397124000079/blue-20240930.htm
zynteglo,US,2023Q4,2023-10-01,2023-12-31,one-time,7.66,2023Q4,derived,False,2800000.0,0.76,2.7,3.6,6.0,7.8,quarterly as reported,"bluebird bio Form 10-K for fiscal 2024, Product revenue and reserves - Summary of Product Revenue (XBRL R54) (filed 2025-03-27)",https://www.sec.gov/Archives/edgar/data/1293971/000129397125000009/R54.htm
zynteglo,US,2024Q1,2024-01-01,2024-03-31,one-time,18.56,2024Q1,verified-from-source,False,2800000.0,0.76,6.6,8.7,12.6,16.6,quarterly as reported,"bluebird bio Form 10-Q for the quarter ended 2025-03-31, Note 3 Product revenue and reserves (filed 2025-05-14)",https://www.sec.gov/Archives/edgar/data/1293971/000129397125000014/blue-20250331.htm
zynteglo,US,2024Q2,2024-04-01,2024-06-30,one-time,11.16,2024Q2,verified-from-source,False,2800000.0,0.76,4.0,5.2,16.6,21.8,quarterly as reported,"bluebird bio Form 10-Q for the quarter ended 2024-06-30, Note 3 Product revenue and reserves (filed 2024-09-27)",https://www.sec.gov/Archives/edgar/data/1293971/000129397124000058/blue-20240630.htm
zynteglo,US,2024Q3,2024-07-01,2024-09-30,one-time,5.49,2024Q3,verified-from-source,False,2800000.0,0.76,2.0,2.6,18.5,24.4,quarterly as reported,"bluebird bio Form 10-Q for the quarter ended 2024-09-30, Note 3 Product revenue and reserves (filed 2024-11-14)",https://www.sec.gov/Archives/edgar/data/1293971/000129397124000079/blue-20240930.htm
zynteglo,US,2024Q4,2024-10-01,2024-12-31,one-time,27.06,2024Q4,derived,False,2800000.0,0.76,9.7,12.7,28.2,37.1,quarterly as reported,"bluebird bio Form 10-K for fiscal 2024, Product revenue and reserves - Summary of Product Revenue (XBRL R54) (filed 2025-03-27)",https://www.sec.gov/Archives/edgar/data/1293971/000129397125000009/R54.htm
zynteglo,US,2025Q1,2025-01-01,2025-03-31,one-time,26.31,2025Q1,verified-from-source,False,2800000.0,0.76,9.4,12.4,37.6,49.5,quarterly as reported,"bluebird bio Form 10-Q for the quarter ended 2025-03-31, Note 3 Product revenue and reserves (filed 2025-05-14)",https://www.sec.gov/Archives/edgar/data/1293971/000129397125000014/blue-20250331.htm
zynteglo,Total,2023Q1,2023-01-01,2023-03-31,one-time,0.0,2023Q1,derived,False,2800000.0,0.76,0.0,0.0,0.0,0.0,quarterly as reported,"bluebird bio Form 10-Q for the quarter ended 2024-06-30, Note 3 Product revenue and reserves (filed 2024-09-27)",https://www.sec.gov/Archives/edgar/data/1293971/000129397124000058/blue-20240630.htm
zynteglo,Total,2023Q2,2023-04-01,2023-06-30,one-time,4.18,2023Q2,verified-from-source,False,2800000.0,0.76,1.5,2.0,1.5,2.0,quarterly as reported,"bluebird bio Form 10-Q for the quarter ended 2024-06-30, Note 3 Product revenue and reserves (filed 2024-09-27)",https://www.sec.gov/Archives/edgar/data/1293971/000129397124000058/blue-20240630.htm
zynteglo,Total,2023Q3,2023-07-01,2023-09-30,one-time,4.85,2023Q3,verified-from-source,False,2800000.0,0.76,1.7,2.3,3.2,4.2,quarterly as reported,"bluebird bio Form 10-Q for the quarter ended 2024-09-30, Note 3 Product revenue and reserves (filed 2024-11-14)",https://www.sec.gov/Archives/edgar/data/1293971/000129397124000079/blue-20240930.htm
zynteglo,Total,2023Q4,2023-10-01,2023-12-31,one-time,7.66,2023Q4,derived,False,2800000.0,0.76,2.7,3.6,6.0,7.8,quarterly as reported,"bluebird bio Form 10-K for fiscal 2024, Product revenue and reserves - Summary of Product Revenue (XBRL R54) (filed 2025-03-27)",https://www.sec.gov/Archives/edgar/data/1293971/000129397125000009/R54.htm
zynteglo,Total,2024Q1,2024-01-01,2024-03-31,one-time,18.56,2024Q1,verified-from-source,False,2800000.0,0.76,6.6,8.7,12.6,16.6,quarterly as reported,"bluebird bio Form 10-Q for the quarter ended 2025-03-31, Note 3 Product revenue and reserves (filed 2025-05-14)",https://www.sec.gov/Archives/edgar/data/1293971/000129397125000014/blue-20250331.htm
zynteglo,Total,2024Q2,2024-04-01,2024-06-30,one-time,11.16,2024Q2,verified-from-source,False,2800000.0,0.76,4.0,5.2,16.6,21.8,quarterly as reported,"bluebird bio Form 10-Q for the quarter ended 2024-06-30, Note 3 Product revenue and reserves (filed 2024-09-27)",https://www.sec.gov/Archives/edgar/data/1293971/000129397124000058/blue-20240630.htm
zynteglo,Total,2024Q3,2024-07-01,2024-09-30,one-time,5.49,2024Q3,verified-from-source,False,2800000.0,0.76,2.0,2.6,18.5,24.4,quarterly as reported,"bluebird bio Form 10-Q for the quarter ended 2024-09-30, Note 3 Product revenue and reserves (filed 2024-11-14)",https://www.sec.gov/Archives/edgar/data/1293971/000129397124000079/blue-20240930.htm
zynteglo,Total,2024Q4,2024-10-01,2024-12-31,one-time,27.06,2024Q4,derived,False,2800000.0,0.76,9.7,12.7,28.2,37.1,quarterly as reported,"bluebird bio Form 10-K for fiscal 2024, Product revenue and reserves - Summary of Product Revenue (XBRL R54) (filed 2025-03-27)",https://www.sec.gov/Archives/edgar/data/1293971/000129397125000009/R54.htm
zynteglo,Total,2025Q1,2025-01-01,2025-03-31,one-time,26.31,2025Q1,verified-from-source,False,2800000.0,0.76,9.4,12.4,37.6,49.5,quarterly as reported,"bluebird bio Form 10-Q for the quarter ended 2025-03-31, Note 3 Product revenue and reserves (filed 2025-05-14)",https://www.sec.gov/Archives/edgar/data/1293971/000129397125000014/blue-20250331.htm
