product,period,region,revenue_musd,currency,source_doc,source_url,status,notes,product_key,fx_applied,revenue_usd_m,period_start,period_end,is_total,is_proxy,usable
Casgevy,2023Q4,Total,0.0,USD,"Vertex 8-K Ex-99.1, Vertex Reports Fourth Quarter and Full Year 2023 Financial Results (2024-02-05)",https://www.sec.gov/Archives/edgar/data/875320/000087532024000012/ex-991_q42023.htm,verified-from-source,No CASGEVY line in product revenue table; product approved Dec 2023 but no commercial infusions yet. Zero inferred from absence of line item.,casgevy,1.0,0.0,2023-10-01,2023-12-31,True,False,True
Casgevy,2024Q1,Total,0.0,USD,"Vertex 8-K Ex-99.1, Vertex Reports First Quarter 2025 Financial Results (2025-05-05) prior-year comparative",https://www.sec.gov/Archives/edgar/data/875320/000087532025000171/ex-991_q12025.htm,verified-from-source,Q1 2024 comparative column shows no CASGEVY revenue.,casgevy,1.0,0.0,2024-01-01,2024-03-31,True,False,True
Casgevy,2024Q2,Total,0.0,USD,"Vertex 8-K Ex-99.1, Vertex Reports Second Quarter 2025 Financial Results (2025-08-04) prior-year comparative",https://www.sec.gov/Archives/edgar/data/875320/000087532025000213/ex-991_q22025.htm,verified-from-source,CASGEVY generated zero revenue in the comparable 2024 periods.,casgevy,1.0,0.0,2024-04-01,2024-06-30,True,False,True
Casgevy,2024Q3,Total,2.0,USD,"Vertex 8-K Ex-99.1, Vertex Reports Third Quarter 2025 Financial Results (2025-11-03) prior-year comparative",https://www.sec.gov/Archives/edgar/data/875320/000087532025000230/ex-991_q32025.htm,verified-from-source,First commercial CASGEVY revenue; Q3 2024 release states product revenue included revenue from the first patient infused with CASGEVY. Reported within Other product revenues.,casgevy,1.0,2.0,2024-07-01,2024-09-30,True,False,True
Casgevy,2024Q4,Total,8.0,USD,"Vertex 8-K Ex-99.1, Vertex Reports Fourth Quarter and Full Year 2025 Financial Results (2026-02-12) prior-year comparative",https://www.sec.gov/Archives/edgar/data/875320/000087532026000034/ex-991_q42025.htm,verified-from-source,Also stated in the Q4 2024 release (2025-02-10).,casgevy,1.0,8.0,2024-10-01,2024-12-31,True,False,True
Casgevy,2024FY,Total,10.0,USD,"Vertex 8-K Ex-99.1, Vertex Reports Fourth Quarter and Full Year 2025 Financial Results (2026-02-12)",https://www.sec.gov/Archives/edgar/data/875320/000087532026000034/ex-991_q42025.htm,verified-from-source,Annual aggregate row - do not double count with quarterly rows.,casgevy,1.0,10.0,2024-01-01,2024-12-31,True,False,True
Casgevy,2025Q1,Total,14.2,USD,"Vertex 8-K Ex-99.1, Vertex Reports First Quarter 2025 Financial Results (2025-05-05)",https://www.sec.gov/Archives/edgar/data/875320/000087532025000171/ex-991_q12025.htm,verified-from-source,Included in Other product revenues footnote.,casgevy,1.0,14.2,2025-01-01,2025-03-31,True,False,True
Casgevy,2025Q2,Total,30.4,USD,"Vertex 8-K Ex-99.1, Vertex Reports Second Quarter 2025 Financial Results (2025-08-04)",https://www.sec.gov/Archives/edgar/data/875320/000087532025000213/ex-991_q22025.htm,verified-from-source,Six months ended 2025-06-30 = 44.6.,casgevy,1.0,30.4,2025-04-01,2025-06-30,True,False,True
Casgevy,2025Q3,Total,16.9,USD,"Vertex 8-K Ex-99.1, Vertex Reports Third Quarter 2025 Financial Results (2025-11-03)",https://www.sec.gov/Archives/edgar/data/875320/000087532025000230/ex-991_q32025.htm,verified-from-source,Nine months 2025 = 61.5. Sequential decline vs Q2 despite more collections - consistent with recognition at infusion (10 infusions in Q3 vs 16 in Q2).,casgevy,1.0,16.9,2025-07-01,2025-09-30,True,False,True
Casgevy,2025Q4,Total,54.3,USD,"Vertex 8-K Ex-99.1, Vertex Reports Fourth Quarter and Full Year 2025 Financial Results (2026-02-12)",https://www.sec.gov/Archives/edgar/data/875320/000087532026000034/ex-991_q42025.htm,verified-from-source,Press release narrative rounds this to $54 million. 30 patients infused in Q4 2025.,casgevy,1.0,54.3,2025-10-01,2025-12-31,True,False,True
Casgevy,2025FY,Total,115.8,USD,"Vertex 8-K Ex-99.1, Vertex Reports Fourth Quarter and Full Year 2025 Financial Results (2026-02-12)",https://www.sec.gov/Archives/edgar/data/875320/000087532026000034/ex-991_q42025.htm,verified-from-source,Annual aggregate row - do not double count. Narrative rounds to $116 million. 64 patients infused in 2025.,casgevy,1.0,115.8,2025-01-01,2025-12-31,True,False,True
Casgevy,2026Q1,Total,42.9,USD,"Vertex 8-K Ex-99.1, Vertex Reports First Quarter 2026 Financial Results (2026-05-04)",https://www.sec.gov/Archives/edgar/data/875320/000087532026000171/ex-991_q12026.htm,verified-from-source,Narrative: Vertex recorded first quarter 2026 CASGEVY revenue of $43 million.,casgevy,1.0,42.9,2026-01-01,2026-03-31,True,False,True
Casgevy,2026Q2,Total,76.4,USD,"Vertex 8-K Ex-99.1, Vertex Reports Second Quarter 2026 Financial Results (2026-08-03)",https://www.sec.gov/Archives/edgar/data/875320/000087532026000256/ex-991_q22026.htm,verified-from-source,"78% sequential growth, 151% YoY. Latest reported quarter as of 2026-09-04.",casgevy,1.0,76.4,2026-04-01,2026-06-30,True,False,True
Casgevy,2026H1,Total,119.3,USD,"Vertex 8-K Ex-99.1, Vertex Reports Second Quarter 2026 Financial Results (2026-08-03)",https://www.sec.gov/Archives/edgar/data/875320/000087532026000256/ex-991_q22026.htm,verified-from-source,Half-year aggregate row - do not double count with 2026Q1 and 2026Q2.,casgevy,1.0,119.3,2026-01-01,2026-06-30,True,False,True
Hemgenix,FY2023 (12m to 30 Jun 2023),Global,,USD,CSL FY23 Results Presentation (13 Aug 2023) - Appendix A CSL Behring Key Products,https://investors.csl.com/pdf/a3d2b8d7-dd1c-4259-a846-bba6fe063bef/CSL-Results-Announcement.pdf,not-disclosed,"Hemgenix not listed in CSL key-product table. First US commercial patient dosed 20 Jun 2023, so FY23 commercial sales effectively nil.",hemgenix,1.0,,2022-07-01,2023-06-30,True,False,False
Hemgenix,FY2024 (12m to 30 Jun 2024),Global,,USD,CSL FY24 Results Presentation 13 Aug 2024 - Appendix A CSL Behring Key Products,https://investors.csl.com/pdf/78576f85-4598-455b-80c1-16c391c56445/Results-Presentation.pdf?Platform=ListPage,not-disclosed,"Read full appendix table (Privigen 3624 / Hizentra 1961 / Albumin 1209 / Idelvion 777 / Kcentra 702 / Haegarda 491 / Berinert 242 / Haemocomplettan 233 / Humate 184 / Haemate 118). Hemgenix absent - below CSL disclosure threshold. Haemophilia therapy group total $1,313m (FY24 recombinants coag $883m + plasma coag $398m).",hemgenix,1.0,,2023-07-01,2024-06-30,True,False,False
Hemgenix,FY2024 (12m to 30 Jun 2024),Global,31.8,USD,Derived from CSL FY25 Results Presentation Appendix A (FY25 $92m at +189% constant currency),https://investors.csl.com/pdf/c72789c6-778d-4b88-8657-be40cf97e2b3/CSL-Results-Presentation.pdf,derived,Back-calculated: 92 / 2.89 = 31.8. Growth rate is constant-currency so this is approximate.,hemgenix,1.0,31.8,2023-07-01,2024-06-30,True,False,True
Hemgenix,FY2025H1 (6m to 31 Dec 2024),Global,,USD,CSL Half Year Results Investor Presentation 11 Feb 2025 - Appendix CSL Behring Key Products,https://investors.csl.com/pdf/620d5c37-52cd-42d2-998d-074edae85026/CSL-Half-Year-Results-Investor-Presentation.pdf,not-disclosed,Read full appendix table (Idelvion 413 / Kcentra 293 / Haegarda 247 / Berinert 127 / Haemocomplettan 119 / Humate 99 / Haemate 66). Hemgenix absent. Narrative only: 'HEMGENIX uptake accelerating'.,hemgenix,1.0,,2024-07-01,2024-12-31,True,False,False
Hemgenix,FY2025H1 (6m to 31 Dec 2024),Global,49.1,USD,Derived from CSL H1 FY26 Investor Presentation Appendix A (H1 FY26 $57m at +16% constant currency),https://investors.csl.com/pdf/b30755df-b842-48c2-96ed-0075efe35fc0/CSL-Half-Year-Results-Investor-Presentation.pdf?Platform=ListPage,derived,Back-calculated: 57 / 1.16 = 49.1. Constant-currency growth so approximate.,hemgenix,1.0,49.1,2024-07-01,2024-12-31,True,False,True
Hemgenix,FY2025 (12m to 30 Jun 2025),Global,92.0,USD,CSL FY2025 Results Presentation 19 Aug 2025 - Appendix A CSL Behring Key Products (FY25 Revenue By Therapy Group $m),https://investors.csl.com/pdf/c72789c6-778d-4b88-8657-be40cf97e2b3/CSL-Results-Presentation.pdf,verified-from-source,"Table row: 'Hemgenix | Haemophilia | 92 | 189%'. Growth % is constant currency vs pcp. Haemophilia therapy group total $1,488m (+13%). First year CSL broke Hemgenix out as a key product.",hemgenix,1.0,92.0,2024-07-01,2025-06-30,True,False,True
Hemgenix,FY2025H2 (6m to 30 Jun 2025),Global,42.9,USD,Derived: FY2025 $92m minus derived H1 FY2025 $49.1m,https://investors.csl.com/pdf/c72789c6-778d-4b88-8657-be40cf97e2b3/CSL-Results-Presentation.pdf,derived,Arithmetic residual; inherits error from the derived H1 figure.,hemgenix,1.0,42.9,2025-01-01,2025-06-30,True,False,True
Hemgenix,FY2026H1 (6m to 31 Dec 2025),Global,57.0,USD,CSL Half Year Results Investor Presentation 11 Feb 2026 - Appendix CSL Behring Key Products,https://investors.csl.com/pdf/b30755df-b842-48c2-96ed-0075efe35fc0/CSL-Half-Year-Results-Investor-Presentation.pdf?Platform=ListPage,verified-from-source,Table row: 'Hemgenix | Haemophilia | 57 | 16%'. Haemophilia therapy group $746m.,hemgenix,1.0,57.0,2025-07-01,2025-12-31,True,False,True
Hemgenix,FY2026H1 (6m to 31 Dec 2025),US and Europe,,USD,CSL Half Year Results Announcement 11 Feb 2026 (ASX),https://investors.csl.com/pdf/753b8b95-2309-44f3-83e6-d796717a5575/CSL-Half-Year-Results-Announcement.pdf?Platform=ListPage,verified-from-source,Verbatim: 'Haemophilia product sales of $746 million were stable. IDELVION achieved growth of 1% while there was continued strong growth of HEMGENIX sales in the U.S. and Europe of 16%.' Growth only - no separate dollar figure in the announcement.,hemgenix,1.0,,2025-07-01,2025-12-31,False,False,False
Hemgenix,FY2026 (12m to 30 Jun 2026),Global,118.0,USD,CSL FY2026 Results Presentation 18 Aug 2026 - Appendix A CSL Behring Key Products (FY26 Revenue By Therapy Group $m),https://investors.csl.com/pdf/3d18fc4f-6133-41c7-9188-ec992e930ca3/Platform/ListPage/CSL-Results-Presentation-for-FY2026.pdf,verified-from-source,"Table row: 'Hemgenix | Haemophilia | 118 | 25%'. Slide also: 'Haemophilia 1,515 (1%) - Strong growth in HEMGENIX up 25% - Decline in legacy FVIII portfolio'. Latest reported period.",hemgenix,1.0,118.0,2025-07-01,2026-06-30,True,False,True
Hemgenix,FY2026H2 (6m to 30 Jun 2026),Global,61.0,USD,Derived: FY2026 $118m minus H1 FY2026 $57m,https://investors.csl.com/pdf/3d18fc4f-6133-41c7-9188-ec992e930ca3/Platform/ListPage/CSL-Results-Presentation-for-FY2026.pdf,derived,"Both inputs are CSL-reported. Period spans the Mar-Apr 2026 global stockout, so H2 was supply-constrained.",hemgenix,1.0,61.0,2026-01-01,2026-06-30,True,False,True
Hemgenix,CY2023 9M (to 30 Sep 2023),Global (royalty),1.3,USD,uniQure Form 10-Q Q3 2023,https://www.sec.gov/Archives/edgar/data/1590560/000155837023017867/qure-20230930x10q.htm,verified-from-source,"PROXY not sales. 'The Company recognized $0.5 million and $1.3 million of royalty revenue in each of the three and nine months ended September 30, 2023... Royalties on the sale of the HEMGENIX are recorded once earned and are presented as license revenue.'",hemgenix,1.0,1.3,,,True,True,False
Hemgenix,CY2024 9M (to 30 Sep 2024),Global (royalty),5.182,USD,uniQure Form 10-Q Q3 2025 (comparative column),https://www.sec.gov/Archives/edgar/data/1590560/000110465925108813/qure-20250930x10q.htm,verified-from-source,"PROXY not sales. License revenues line = $5,182k for nine months ended 30 Sep 2024 ($2,111k for Q3 2024). uniQure license revenue is predominantly Hemgenix royalties but is NOT a clean multiplier of CSL net sales - see notes.",hemgenix,1.0,5.182,,,True,True,False
Hemgenix,CY2025 9M (to 30 Sep 2025),Global (royalty),10.411,USD,uniQure Form 10-Q Q3 2025,https://www.sec.gov/Archives/edgar/data/1590560/000110465925108813/qure-20250930x10q.htm,verified-from-source,"PROXY not sales. License revenues $10,411k for 9M 2025 ($3,582k in Q3 2025). Roughly doubled yoy, directionally consistent with CSL's reported Hemgenix growth.",hemgenix,1.0,10.411,,,True,True,False
Hemgenix,CY2025 FY (to 31 Dec 2025),Global (receivable),5.9,USD,uniQure Form 10-K FY2025,https://www.sec.gov/Archives/edgar/data/1590560/000110465926021898/qure-20251231x10k.htm,provisional-from-snippet,"'As of December 31, 2025, accounts receivable totaled $5.9 million, and related to royalty revenue due from CSL Behring.' Receivable balance, not revenue. Not re-read in full text of the 10-K.",hemgenix,1.0,5.9,,,True,True,False
Hemgenix,CY2026 H1 (to 30 Jun 2026),Global (royalty),9.4,USD,uniQure Form 10-Q Q2 2026,https://www.sec.gov/Archives/edgar/data/0001590560/000110465926087815/qure-20260630x10q.htm,verified-from-source,"PROXY not sales. License revenues $9.4m for H1 2026 ($5.8m in Q2 2026), reported in aggregate with no Hemgenix-specific breakout in the filing.",hemgenix,1.0,9.4,,,True,True,False
Luxturna,2018Q1,US,2.4,USD,"Spark Therapeutics 8-K Ex 99.1, Q1 2018 results (2018-05-08)",https://www.sec.gov/Archives/edgar/data/1609351/000160935118000042/spark-exhibit991q12018.htm,verified-from-source,"Net product sales; ""of which $2.4 million was net sales of LUXTURNA"". Three patients treated in the quarter.",luxturna,1.0,2.4,2018-01-01,2018-03-31,True,False,True
Luxturna,2018Q2,US,4.314,USD,"Spark Therapeutics Form 10-Q, period 2018-06-30",https://www.sec.gov/Archives/edgar/data/1609351/000160935119000070/spark-201963010xq.htm,verified-from-source,"$4,314 thousand shown as prior-year comparative in the 2019 Q2 10-Q; Q2 2018 press release states $4.3m. 12 vials shipped in the quarter.",luxturna,1.0,4.314,2018-04-01,2018-06-30,True,False,True
Luxturna,2018Q3,US,8.866,USD,"Spark Therapeutics Form 10-Q, period 2018-09-30",https://www.sec.gov/Archives/edgar/data/0001609351/000160935118000076/spark-201893010xq.htm,verified-from-source,$8.9m Q3 2018; nine-month 2018 total $15.599m. 24 vials shipped in the quarter.,luxturna,1.0,8.866,2018-07-01,2018-09-30,True,False,True
Luxturna,2018Q4,US,11.401,USD,Derived: Spark FY2018 8-K Ex 99.1 less Q3 2018 10-Q nine-month figure,https://www.sec.gov/Archives/edgar/data/1609351/000160935119000035/spark-exhibit991fullyear20.htm,verified-from-source,Derived = FY2018 27.0 minus 9M2018 15.599. Not separately reported by Spark.,luxturna,1.0,11.401,2018-10-01,2018-12-31,True,False,True
Luxturna,FY2018,US,27.0,USD,"Spark Therapeutics 8-K Ex 99.1, FY2018 results (2019-02-19)",https://www.sec.gov/Archives/edgar/data/1609351/000160935119000035/spark-exhibit991fullyear20.htm,verified-from-source,"Verbatim: ""In the year ended December 31, 2018, we recognized $64.7 million in total revenue, of which $27.0 million was net product sales of LUXTURNA""; 75 vials shipped in the US in 2018.",luxturna,1.0,27.0,2018-01-01,2018-12-31,True,False,True
Luxturna,2019Q1,US,9.782,USD,"Spark Therapeutics Form 10-Q, period 2019-03-31",https://www.sec.gov/Archives/edgar/data/1609351/000160935119000047/spark-201933110xq.htm,verified-from-source,"Reported as $9.8m in the 10-Q; exact 9,782 = 6M 21,242 less Q2 11,460. Gross sales $12.3m less allowances $2.5m.",luxturna,1.0,9.782,2019-01-01,2019-03-31,True,False,True
Luxturna,2019Q2,US,11.46,USD,"Spark Therapeutics Form 10-Q, period 2019-06-30",https://www.sec.gov/Archives/edgar/data/1609351/000160935119000070/spark-201963010xq.htm,verified-from-source,"$11,460 thousand.",luxturna,1.0,11.46,2019-04-01,2019-06-30,True,False,True
Luxturna,2019H1,US,21.242,USD,"Spark Therapeutics Form 10-Q, period 2019-06-30",https://www.sec.gov/Archives/edgar/data/1609351/000160935119000070/spark-201963010xq.htm,verified-from-source,Six months ended 30 June 2019.,luxturna,1.0,21.242,2019-01-01,2019-06-30,True,False,True
Luxturna,2019Q3,US,6.918,USD,"Spark Therapeutics Form 10-Q, period 2019-09-30",https://www.sec.gov/Archives/edgar/data/1609351/000160935119000072/spark-201993010xq.htm,verified-from-source,"$6,918 thousand.",luxturna,1.0,6.918,2019-07-01,2019-09-30,True,False,True
Luxturna,2019 9M,US,28.16,USD,"Spark Therapeutics Form 10-Q, period 2019-09-30",https://www.sec.gov/Archives/edgar/data/1609351/000160935119000072/spark-201993010xq.htm,verified-from-source,Nine months ended 30 September 2019.,luxturna,1.0,28.16,,,True,False,False
Luxturna,2019Q4,US,,USD,No filing - Roche completed acquisition of Spark 2019-12-17/19,https://www.sec.gov/cgi-bin/browse-edgar?action=getcompany&CIK=0001609351&type=8-K,gap,GAP: Spark's last public report was the Q3 2019 10-Q. No FY2019 10-K was filed and Roche did not disclose FY2019 Luxturna sales. FY2019 US total is not public (>=28.160).,luxturna,1.0,,2019-10-01,2019-12-31,True,False,False
Luxturna,FY2020,Worldwide,,CHF,Roche investor updates / finance reports FY2020,https://www.roche.com/investors/reports,gap,GAP: Luxturna is not broken out as a separate line in Roche product sales tables before the FY2023 report.,luxturna,1.12,,2020-01-01,2020-12-31,True,False,False
Luxturna,FY2021,Worldwide,,CHF,Roche investor updates / finance reports FY2021,https://www.roche.com/investors/reports,gap,GAP: not separately disclosed.,luxturna,1.12,,2021-01-01,2021-12-31,True,False,False
Luxturna,2022H1,US,12.0,CHF,"Roche Half-Year Report 2023, note on therapeutic-area restatement",https://assets.roche.com/f/176343/x/40d59063c5/hy23e.pdf,verified-from-source,"Verbatim: ""Interim sales of Luxturna for 2022 were CHF 12 million."" Only restated comparative Roche has published for 2022.",luxturna,1.12,13.440000000000001,2022-01-01,2022-06-30,True,False,True
Luxturna,FY2022,US,,CHF,Roche Investor Update FY2022 (2023-02-02),https://assets.cwp.roche.com/f/126832/x/3e5a7ac72b/230202_ir_fy22_en.pdf,gap,GAP: Luxturna does not appear in the YTD December 2022 product sales table. Implied ~CHF 42m at CER from the FY2023 +4% growth rate.,luxturna,1.12,,2022-01-01,2022-12-31,True,False,False
Luxturna,2023H1,US,8.0,CHF,"Roche Appendix Tables HY 2023, Table 3 (Product sales Pharmaceuticals Division YTD June 2023 vs YTD June 2022)",https://assets.roche.com/f/176343/c9bacfaf34/appendix-tables-hy-2023.pdf,verified-from-source,Row: Luxturna 8 -31 | US 8 -31 | Europe - | Japan - | International -. Roche books Luxturna 100% in the United States.,luxturna,1.12,8.96,2023-01-01,2023-06-30,True,False,True
Luxturna,FY2023,US,44.0,CHF,"Roche Investor Update FY2023 (2024-02-01), Table 3 YTD December 2023 vs YTD December 2022",https://assets.roche.com/f/176343/x/5a5b5d48d1/240201_ir_fy23_en.pdf,verified-from-source,Row: Luxturna 44 4 | US 44 4 | all other regions nil. First year Luxturna appears as a named line.,luxturna,1.12,49.28,2023-01-01,2023-12-31,True,False,True
Luxturna,2024H1,US,10.0,CHF,"Roche Investor Update HY 2024 (2024-07-25), Table 3 YTD June 2024 vs YTD June 2023",https://assets.roche.com/f/176343/x/ca635dfd8b/240725_ir_hy.pdf,verified-from-source,Row: Luxturna 10 26 | US 10 26 | all other regions nil. Not in the Top-20 quarterly table.,luxturna,1.12,11.200000000000001,2024-01-01,2024-06-30,True,False,True
Luxturna,FY2024,US,18.0,CHF,"Roche Investor Update FY2024 (2025-01-30), Table 3 YTD December 2024 vs YTD December 2023",https://assets.roche.com/f/176343/x/774e29fc44/250130_ir_fy24_en.pdf,verified-from-source,Row: Luxturna 18 -59 | US 18 -59 | all other regions nil. Implies H2 2024 = CHF 8m.,luxturna,1.12,20.160000000000004,2024-01-01,2024-12-31,True,False,True
Luxturna,2025H1,US,36.0,CHF,"Roche Investor Update HY 2025 (2025-07-24), Table 3 YTD June 2025 vs YTD June 2024",https://assets.roche.com/f/176343/x/3e163d97e6/250724_ir_hy.pdf,verified-from-source,Row: Luxturna 36 292 | US 36 292 | all other regions nil.,luxturna,1.12,40.32000000000001,2025-01-01,2025-06-30,True,False,True
Luxturna,2025 9M,US,39.0,CHF,"Roche Appendix Tables Q3 2025, Table 3 YTD September 2025 vs YTD September 2024",https://assets.roche.com/f/176343/x/0f79cb4886/appendix-tables-q3-2025.pdf,verified-from-source,Row: Luxturna 39 178 | US 39 178 | all other regions nil.,luxturna,1.12,43.68000000000001,,,True,False,False
Luxturna,FY2025,US,41.0,CHF,"Roche Investor Update FY2025 (2026-01-29), Table 3 YTD December 2025 vs YTD December 2024",https://assets.roche.com/f/176343/x/7bf0314a2a/260129_ir_fy25_en.pdf,verified-from-source,Row: Luxturna 41 146 | US 41 146 | all other regions nil. Implies H2 2025 = CHF 5m.,luxturna,1.12,45.92,2025-01-01,2025-12-31,True,False,True
Luxturna,2026H1,US,22.0,CHF,"Roche Investor Update HY 2026 (2026-07-23), Table 3 YTD June 2026 vs YTD June 2025",https://assets.roche.com/f/176343/x/1ba0693bc5/260723_ir_hy.pdf,verified-from-source,Latest reported period. Row: Luxturna 22 -32 | US 22 -32 | all other regions nil.,luxturna,1.12,24.64,2026-01-01,2026-06-30,True,False,True
Luxturna,2018-2026,Ex-US (Novartis),,USD,Novartis quarterly / 20-F product sales tables,https://www.novartis.com/investors/financial-data,gap,"GAP: Luxturna is never listed in Novartis product sales tables - it is far below the top-20 cut-off. EDGAR full-text search shows Luxturna in Novartis 6-K/20-F filings only as narrative (licence, approvals), with no sales figure. Consistent with Roche reporting Luxturna sales as 100% United States.",luxturna,1.0,,,,False,False,False
Tecartus,2020Q3,US,5.0,USD,"Gilead Sciences Announces Third Quarter 2021 Financial Results (press release, 28 Oct 2021)",https://www.gilead.com/news-and-press/press-room/press-releases/2021/10/gilead-sciences-announces-third-quarter-2021-financial-results,verified-from-source,Prior-year comparative column. US launch quarter (FDA accelerated approval 24 Jul 2020). Other International em-dash. Region labels in source: United States / Europe / Other International / Total,tecartus,1.0,5.0,2020-07-01,2020-09-30,False,False,False
Tecartus,2020Q3,Europe,4.0,USD,"Gilead Sciences Announces Third Quarter 2021 Financial Results (press release, 28 Oct 2021)",https://www.gilead.com/news-and-press/press-room/press-releases/2021/10/gilead-sciences-announces-third-quarter-2021-financial-results,verified-from-source,,tecartus,1.0,4.0,2020-07-01,2020-09-30,False,False,False
Tecartus,2020Q3,Other,,USD,"Gilead Sciences Announces Third Quarter 2021 Financial Results (press release, 28 Oct 2021)",https://www.gilead.com/news-and-press/press-room/press-releases/2021/10/gilead-sciences-announces-third-quarter-2021-financial-results,verified-from-source,reported as em-dash (nil),tecartus,1.0,,2020-07-01,2020-09-30,False,False,False
Tecartus,2020Q3,Total,9.0,USD,"Gilead Sciences Announces Third Quarter 2021 Financial Results (press release, 28 Oct 2021)",https://www.gilead.com/news-and-press/press-room/press-releases/2021/10/gilead-sciences-announces-third-quarter-2021-financial-results,verified-from-source,,tecartus,1.0,9.0,2020-07-01,2020-09-30,True,False,True
Tecartus,2020Q4,US,29.0,USD,"Gilead Sciences Announces Fourth Quarter and Full Year 2021 Financial Results (press release, 1 Feb 2022)",https://www.gilead.com/news-and-press/press-room/press-releases/2022/2/gilead-sciences-announces-fourth-quarter-and-full-year-2021-financial-results,verified-from-source,Prior-year comparative column. Other International em-dash. Region labels in source: United States / Europe / Other International / Total,tecartus,1.0,29.0,2020-10-01,2020-12-31,False,False,False
Tecartus,2020Q4,Europe,5.0,USD,"Gilead Sciences Announces Fourth Quarter and Full Year 2021 Financial Results (press release, 1 Feb 2022)",https://www.gilead.com/news-and-press/press-room/press-releases/2022/2/gilead-sciences-announces-fourth-quarter-and-full-year-2021-financial-results,verified-from-source,,tecartus,1.0,5.0,2020-10-01,2020-12-31,False,False,False
Tecartus,2020Q4,Other,,USD,"Gilead Sciences Announces Fourth Quarter and Full Year 2021 Financial Results (press release, 1 Feb 2022)",https://www.gilead.com/news-and-press/press-room/press-releases/2022/2/gilead-sciences-announces-fourth-quarter-and-full-year-2021-financial-results,verified-from-source,reported as em-dash (nil),tecartus,1.0,,2020-10-01,2020-12-31,False,False,False
Tecartus,2020Q4,Total,34.0,USD,"Gilead Sciences Announces Fourth Quarter and Full Year 2021 Financial Results (press release, 1 Feb 2022)",https://www.gilead.com/news-and-press/press-room/press-releases/2022/2/gilead-sciences-announces-fourth-quarter-and-full-year-2021-financial-results,verified-from-source,,tecartus,1.0,34.0,2020-10-01,2020-12-31,True,False,True
Tecartus,2021Q1,US,27.0,USD,"Gilead Sciences Announces First Quarter 2021 Financial Results (press release, 29 Apr 2021)",https://www.gilead.com/news-and-press/press-room/press-releases/2021/4/gilead-sciences-announces-first-quarter-2021-financial-results,verified-from-source,Region labels in source: United States / Europe / Other International / Total,tecartus,1.0,27.0,2021-01-01,2021-03-31,False,False,False
Tecartus,2021Q1,Europe,4.0,USD,"Gilead Sciences Announces First Quarter 2021 Financial Results (press release, 29 Apr 2021)",https://www.gilead.com/news-and-press/press-room/press-releases/2021/4/gilead-sciences-announces-first-quarter-2021-financial-results,verified-from-source,,tecartus,1.0,4.0,2021-01-01,2021-03-31,False,False,False
Tecartus,2021Q1,Other,,USD,"Gilead Sciences Announces First Quarter 2021 Financial Results (press release, 29 Apr 2021)",https://www.gilead.com/news-and-press/press-room/press-releases/2021/4/gilead-sciences-announces-first-quarter-2021-financial-results,verified-from-source,reported as em-dash (nil),tecartus,1.0,,2021-01-01,2021-03-31,False,False,False
Tecartus,2021Q1,Total,31.0,USD,"Gilead Sciences Announces First Quarter 2021 Financial Results (press release, 29 Apr 2021)",https://www.gilead.com/news-and-press/press-room/press-releases/2021/4/gilead-sciences-announces-first-quarter-2021-financial-results,verified-from-source,,tecartus,1.0,31.0,2021-01-01,2021-03-31,True,False,True
Tecartus,2021Q2,US,32.0,USD,"Gilead Sciences Announces Second Quarter 2021 Financial Results (press release, 29 Jul 2021)",https://www.gilead.com/news-and-press/press-room/press-releases/2021/7/gilead-sciences-announces-second-quarter-2021-financial-results,verified-from-source,Region labels in source: United States / Europe / Other International / Total,tecartus,1.0,32.0,2021-04-01,2021-06-30,False,False,False
Tecartus,2021Q2,Europe,9.0,USD,"Gilead Sciences Announces Second Quarter 2021 Financial Results (press release, 29 Jul 2021)",https://www.gilead.com/news-and-press/press-room/press-releases/2021/7/gilead-sciences-announces-second-quarter-2021-financial-results,verified-from-source,,tecartus,1.0,9.0,2021-04-01,2021-06-30,False,False,False
Tecartus,2021Q2,Other,,USD,"Gilead Sciences Announces Second Quarter 2021 Financial Results (press release, 29 Jul 2021)",https://www.gilead.com/news-and-press/press-room/press-releases/2021/7/gilead-sciences-announces-second-quarter-2021-financial-results,verified-from-source,reported as em-dash (nil),tecartus,1.0,,2021-04-01,2021-06-30,False,False,False
Tecartus,2021Q2,Total,41.0,USD,"Gilead Sciences Announces Second Quarter 2021 Financial Results (press release, 29 Jul 2021)",https://www.gilead.com/news-and-press/press-room/press-releases/2021/7/gilead-sciences-announces-second-quarter-2021-financial-results,verified-from-source,,tecartus,1.0,41.0,2021-04-01,2021-06-30,True,False,True
Tecartus,2021Q3,US,35.0,USD,"Gilead Sciences Announces Third Quarter 2021 Financial Results (press release, 28 Oct 2021)",https://www.gilead.com/news-and-press/press-room/press-releases/2021/10/gilead-sciences-announces-third-quarter-2021-financial-results,verified-from-source,Region labels in source: United States / Europe / Other International / Total,tecartus,1.0,35.0,2021-07-01,2021-09-30,False,False,False
Tecartus,2021Q3,Europe,12.0,USD,"Gilead Sciences Announces Third Quarter 2021 Financial Results (press release, 28 Oct 2021)",https://www.gilead.com/news-and-press/press-room/press-releases/2021/10/gilead-sciences-announces-third-quarter-2021-financial-results,verified-from-source,,tecartus,1.0,12.0,2021-07-01,2021-09-30,False,False,False
Tecartus,2021Q3,Other,,USD,"Gilead Sciences Announces Third Quarter 2021 Financial Results (press release, 28 Oct 2021)",https://www.gilead.com/news-and-press/press-room/press-releases/2021/10/gilead-sciences-announces-third-quarter-2021-financial-results,verified-from-source,reported as em-dash (nil),tecartus,1.0,,2021-07-01,2021-09-30,False,False,False
Tecartus,2021Q3,Total,47.0,USD,"Gilead Sciences Announces Third Quarter 2021 Financial Results (press release, 28 Oct 2021)",https://www.gilead.com/news-and-press/press-room/press-releases/2021/10/gilead-sciences-announces-third-quarter-2021-financial-results,verified-from-source,,tecartus,1.0,47.0,2021-07-01,2021-09-30,True,False,True
Tecartus,2021Q4,US,42.0,USD,"Gilead Sciences Announces Fourth Quarter and Full Year 2021 Financial Results (press release, 1 Feb 2022)",https://www.gilead.com/news-and-press/press-room/press-releases/2022/2/gilead-sciences-announces-fourth-quarter-and-full-year-2021-financial-results,verified-from-source,Region labels in source: United States / Europe / Other International / Total,tecartus,1.0,42.0,2021-10-01,2021-12-31,False,False,False
Tecartus,2021Q4,Europe,15.0,USD,"Gilead Sciences Announces Fourth Quarter and Full Year 2021 Financial Results (press release, 1 Feb 2022)",https://www.gilead.com/news-and-press/press-room/press-releases/2022/2/gilead-sciences-announces-fourth-quarter-and-full-year-2021-financial-results,verified-from-source,,tecartus,1.0,15.0,2021-10-01,2021-12-31,False,False,False
Tecartus,2021Q4,Other,,USD,"Gilead Sciences Announces Fourth Quarter and Full Year 2021 Financial Results (press release, 1 Feb 2022)",https://www.gilead.com/news-and-press/press-room/press-releases/2022/2/gilead-sciences-announces-fourth-quarter-and-full-year-2021-financial-results,verified-from-source,reported as em-dash (nil),tecartus,1.0,,2021-10-01,2021-12-31,False,False,False
Tecartus,2021Q4,Total,57.0,USD,"Gilead Sciences Announces Fourth Quarter and Full Year 2021 Financial Results (press release, 1 Feb 2022)",https://www.gilead.com/news-and-press/press-room/press-releases/2022/2/gilead-sciences-announces-fourth-quarter-and-full-year-2021-financial-results,verified-from-source,,tecartus,1.0,57.0,2021-10-01,2021-12-31,True,False,True
Tecartus,2022Q1,US,47.0,USD,"Gilead Sciences Announces First Quarter 2023 Financial Results (press release, 27 Apr 2023)",https://investors.gilead.com/news/news-details/2023/Gilead-Sciences-Announces-First-Quarter-2023-Financial-Results/default.aspx,verified-from-source,Prior-year comparative column. Region labels in source: United States / Europe / Other International / Total,tecartus,1.0,47.0,2022-01-01,2022-03-31,False,False,False
Tecartus,2022Q1,Europe,15.0,USD,"Gilead Sciences Announces First Quarter 2023 Financial Results (press release, 27 Apr 2023)",https://investors.gilead.com/news/news-details/2023/Gilead-Sciences-Announces-First-Quarter-2023-Financial-Results/default.aspx,verified-from-source,,tecartus,1.0,15.0,2022-01-01,2022-03-31,False,False,False
Tecartus,2022Q1,Other,1.0,USD,"Gilead Sciences Announces First Quarter 2023 Financial Results (press release, 27 Apr 2023)",https://investors.gilead.com/news/news-details/2023/Gilead-Sciences-Announces-First-Quarter-2023-Financial-Results/default.aspx,verified-from-source,,tecartus,1.0,1.0,2022-01-01,2022-03-31,False,False,False
Tecartus,2022Q1,Total,63.0,USD,"Gilead Sciences Announces First Quarter 2023 Financial Results (press release, 27 Apr 2023)",https://investors.gilead.com/news/news-details/2023/Gilead-Sciences-Announces-First-Quarter-2023-Financial-Results/default.aspx,verified-from-source,,tecartus,1.0,63.0,2022-01-01,2022-03-31,True,False,True
Tecartus,2022Q2,US,53.0,USD,"Gilead Sciences Announces Second Quarter 2023 Financial Results (press release, 3 Aug 2023)",https://investors.gilead.com/news/news-details/2023/Gilead-Sciences-Announces-Second-Quarter-2023-Financial-Results/default.aspx,verified-from-source,Prior-year comparative column. Region labels in source: United States / Europe / Other International / Total,tecartus,1.0,53.0,2022-04-01,2022-06-30,False,False,False
Tecartus,2022Q2,Europe,20.0,USD,"Gilead Sciences Announces Second Quarter 2023 Financial Results (press release, 3 Aug 2023)",https://investors.gilead.com/news/news-details/2023/Gilead-Sciences-Announces-Second-Quarter-2023-Financial-Results/default.aspx,verified-from-source,,tecartus,1.0,20.0,2022-04-01,2022-06-30,False,False,False
Tecartus,2022Q2,Other,0.0,USD,"Gilead Sciences Announces Second Quarter 2023 Financial Results (press release, 3 Aug 2023)",https://investors.gilead.com/news/news-details/2023/Gilead-Sciences-Announces-Second-Quarter-2023-Financial-Results/default.aspx,verified-from-source,,tecartus,1.0,0.0,2022-04-01,2022-06-30,False,False,False
Tecartus,2022Q2,Total,73.0,USD,"Gilead Sciences Announces Second Quarter 2023 Financial Results (press release, 3 Aug 2023)",https://investors.gilead.com/news/news-details/2023/Gilead-Sciences-Announces-Second-Quarter-2023-Financial-Results/default.aspx,verified-from-source,,tecartus,1.0,73.0,2022-04-01,2022-06-30,True,False,True
Tecartus,2022Q3,US,60.0,USD,"Gilead Sciences Announces Third Quarter 2023 Financial Results (press release, 7 Nov 2023)",https://investors.gilead.com/news/news-details/2023/Gilead-Sciences-Announces-Third-Quarter-2023-Financial-Results/default.aspx,verified-from-source,Prior-year comparative column. Region labels in source: United States / Europe / Other International / Total,tecartus,1.0,60.0,2022-07-01,2022-09-30,False,False,False
Tecartus,2022Q3,Europe,20.0,USD,"Gilead Sciences Announces Third Quarter 2023 Financial Results (press release, 7 Nov 2023)",https://investors.gilead.com/news/news-details/2023/Gilead-Sciences-Announces-Third-Quarter-2023-Financial-Results/default.aspx,verified-from-source,,tecartus,1.0,20.0,2022-07-01,2022-09-30,False,False,False
Tecartus,2022Q3,Other,1.0,USD,"Gilead Sciences Announces Third Quarter 2023 Financial Results (press release, 7 Nov 2023)",https://investors.gilead.com/news/news-details/2023/Gilead-Sciences-Announces-Third-Quarter-2023-Financial-Results/default.aspx,verified-from-source,,tecartus,1.0,1.0,2022-07-01,2022-09-30,False,False,False
Tecartus,2022Q3,Total,81.0,USD,"Gilead Sciences Announces Third Quarter 2023 Financial Results (press release, 7 Nov 2023)",https://investors.gilead.com/news/news-details/2023/Gilead-Sciences-Announces-Third-Quarter-2023-Financial-Results/default.aspx,verified-from-source,,tecartus,1.0,81.0,2022-07-01,2022-09-30,True,False,True
Tecartus,2022Q4,US,61.0,USD,"Gilead Sciences Announces Fourth Quarter and Full Year 2023 Financial Results (press release, 6 Feb 2024)",https://investors.gilead.com/news/news-details/2024/Gilead-Sciences-Announces-Fourth-Quarter-and-Full-Year-2023-Financial-Results/default.aspx,verified-from-source,Prior-year comparative column. Region labels in source: United States / Europe / Other International / Total,tecartus,1.0,61.0,2022-10-01,2022-12-31,False,False,False
Tecartus,2022Q4,Europe,19.0,USD,"Gilead Sciences Announces Fourth Quarter and Full Year 2023 Financial Results (press release, 6 Feb 2024)",https://investors.gilead.com/news/news-details/2024/Gilead-Sciences-Announces-Fourth-Quarter-and-Full-Year-2023-Financial-Results/default.aspx,verified-from-source,,tecartus,1.0,19.0,2022-10-01,2022-12-31,False,False,False
Tecartus,2022Q4,Other,1.0,USD,"Gilead Sciences Announces Fourth Quarter and Full Year 2023 Financial Results (press release, 6 Feb 2024)",https://investors.gilead.com/news/news-details/2024/Gilead-Sciences-Announces-Fourth-Quarter-and-Full-Year-2023-Financial-Results/default.aspx,verified-from-source,,tecartus,1.0,1.0,2022-10-01,2022-12-31,False,False,False
Tecartus,2022Q4,Total,82.0,USD,"Gilead Sciences Announces Fourth Quarter and Full Year 2023 Financial Results (press release, 6 Feb 2024)",https://investors.gilead.com/news/news-details/2024/Gilead-Sciences-Announces-Fourth-Quarter-and-Full-Year-2023-Financial-Results/default.aspx,verified-from-source,,tecartus,1.0,82.0,2022-10-01,2022-12-31,True,False,True
Tecartus,2023Q1,US,59.0,USD,"Gilead Sciences Announces First Quarter 2023 Financial Results (press release, 27 Apr 2023)",https://investors.gilead.com/news/news-details/2023/Gilead-Sciences-Announces-First-Quarter-2023-Financial-Results/default.aspx,verified-from-source,Region labels in source: United States / Europe / Other International / Total,tecartus,1.0,59.0,2023-01-01,2023-03-31,False,False,False
Tecartus,2023Q1,Europe,27.0,USD,"Gilead Sciences Announces First Quarter 2023 Financial Results (press release, 27 Apr 2023)",https://investors.gilead.com/news/news-details/2023/Gilead-Sciences-Announces-First-Quarter-2023-Financial-Results/default.aspx,verified-from-source,,tecartus,1.0,27.0,2023-01-01,2023-03-31,False,False,False
Tecartus,2023Q1,Other,3.0,USD,"Gilead Sciences Announces First Quarter 2023 Financial Results (press release, 27 Apr 2023)",https://investors.gilead.com/news/news-details/2023/Gilead-Sciences-Announces-First-Quarter-2023-Financial-Results/default.aspx,verified-from-source,,tecartus,1.0,3.0,2023-01-01,2023-03-31,False,False,False
Tecartus,2023Q1,Total,89.0,USD,"Gilead Sciences Announces First Quarter 2023 Financial Results (press release, 27 Apr 2023)",https://investors.gilead.com/news/news-details/2023/Gilead-Sciences-Announces-First-Quarter-2023-Financial-Results/default.aspx,verified-from-source,,tecartus,1.0,89.0,2023-01-01,2023-03-31,True,False,True
Tecartus,2023Q2,US,56.0,USD,"Gilead Sciences Announces Second Quarter 2023 Financial Results (press release, 3 Aug 2023)",https://investors.gilead.com/news/news-details/2023/Gilead-Sciences-Announces-Second-Quarter-2023-Financial-Results/default.aspx,verified-from-source,Region labels in source: United States / Europe / Other International / Total,tecartus,1.0,56.0,2023-04-01,2023-06-30,False,False,False
Tecartus,2023Q2,Europe,29.0,USD,"Gilead Sciences Announces Second Quarter 2023 Financial Results (press release, 3 Aug 2023)",https://investors.gilead.com/news/news-details/2023/Gilead-Sciences-Announces-Second-Quarter-2023-Financial-Results/default.aspx,verified-from-source,,tecartus,1.0,29.0,2023-04-01,2023-06-30,False,False,False
Tecartus,2023Q2,Other,4.0,USD,"Gilead Sciences Announces Second Quarter 2023 Financial Results (press release, 3 Aug 2023)",https://investors.gilead.com/news/news-details/2023/Gilead-Sciences-Announces-Second-Quarter-2023-Financial-Results/default.aspx,verified-from-source,,tecartus,1.0,4.0,2023-04-01,2023-06-30,False,False,False
Tecartus,2023Q2,Total,88.0,USD,"Gilead Sciences Announces Second Quarter 2023 Financial Results (press release, 3 Aug 2023)",https://investors.gilead.com/news/news-details/2023/Gilead-Sciences-Announces-Second-Quarter-2023-Financial-Results/default.aspx,verified-from-source,,tecartus,1.0,88.0,2023-04-01,2023-06-30,True,False,True
Tecartus,2023Q3,US,64.0,USD,"Gilead Sciences Announces Third Quarter 2023 Financial Results (press release, 7 Nov 2023)",https://investors.gilead.com/news/news-details/2023/Gilead-Sciences-Announces-Third-Quarter-2023-Financial-Results/default.aspx,verified-from-source,Regions sum to 95 vs reported total 96 (rounding). Region labels in source: United States / Europe / Other International / Total,tecartus,1.0,64.0,2023-07-01,2023-09-30,False,False,False
Tecartus,2023Q3,Europe,27.0,USD,"Gilead Sciences Announces Third Quarter 2023 Financial Results (press release, 7 Nov 2023)",https://investors.gilead.com/news/news-details/2023/Gilead-Sciences-Announces-Third-Quarter-2023-Financial-Results/default.aspx,verified-from-source,,tecartus,1.0,27.0,2023-07-01,2023-09-30,False,False,False
Tecartus,2023Q3,Other,4.0,USD,"Gilead Sciences Announces Third Quarter 2023 Financial Results (press release, 7 Nov 2023)",https://investors.gilead.com/news/news-details/2023/Gilead-Sciences-Announces-Third-Quarter-2023-Financial-Results/default.aspx,verified-from-source,,tecartus,1.0,4.0,2023-07-01,2023-09-30,False,False,False
Tecartus,2023Q3,Total,96.0,USD,"Gilead Sciences Announces Third Quarter 2023 Financial Results (press release, 7 Nov 2023)",https://investors.gilead.com/news/news-details/2023/Gilead-Sciences-Announces-Third-Quarter-2023-Financial-Results/default.aspx,verified-from-source,,tecartus,1.0,96.0,2023-07-01,2023-09-30,True,False,True
Tecartus,2023Q4,US,66.0,USD,"Gilead Sciences Announces Fourth Quarter and Full Year 2023 Financial Results (press release, 6 Feb 2024)",https://investors.gilead.com/news/news-details/2024/Gilead-Sciences-Announces-Fourth-Quarter-and-Full-Year-2023-Financial-Results/default.aspx,verified-from-source,Region labels in source: United States / Europe / Other International / Total,tecartus,1.0,66.0,2023-10-01,2023-12-31,False,False,False
Tecartus,2023Q4,Europe,27.0,USD,"Gilead Sciences Announces Fourth Quarter and Full Year 2023 Financial Results (press release, 6 Feb 2024)",https://investors.gilead.com/news/news-details/2024/Gilead-Sciences-Announces-Fourth-Quarter-and-Full-Year-2023-Financial-Results/default.aspx,verified-from-source,,tecartus,1.0,27.0,2023-10-01,2023-12-31,False,False,False
Tecartus,2023Q4,Other,5.0,USD,"Gilead Sciences Announces Fourth Quarter and Full Year 2023 Financial Results (press release, 6 Feb 2024)",https://investors.gilead.com/news/news-details/2024/Gilead-Sciences-Announces-Fourth-Quarter-and-Full-Year-2023-Financial-Results/default.aspx,verified-from-source,,tecartus,1.0,5.0,2023-10-01,2023-12-31,False,False,False
Tecartus,2023Q4,Total,98.0,USD,"Gilead Sciences Announces Fourth Quarter and Full Year 2023 Financial Results (press release, 6 Feb 2024)",https://investors.gilead.com/news/news-details/2024/Gilead-Sciences-Announces-Fourth-Quarter-and-Full-Year-2023-Financial-Results/default.aspx,verified-from-source,,tecartus,1.0,98.0,2023-10-01,2023-12-31,True,False,True
Tecartus,2024Q1,US,55.0,USD,"Gilead Sciences Announces First Quarter 2025 Financial Results (press release, 24 Apr 2025)",https://investors.gilead.com/news/news-details/2025/Gilead-Sciences-Announces-First-Quarter-2025-Financial-Results/default.aspx,verified-from-source,Prior-year comparative column. Regions sum to 99 vs reported total 100 (rounding). Region labels in source: U.S. / Europe / Rest of World / Total,tecartus,1.0,55.0,2024-01-01,2024-03-31,False,False,False
Tecartus,2024Q1,Europe,36.0,USD,"Gilead Sciences Announces First Quarter 2025 Financial Results (press release, 24 Apr 2025)",https://investors.gilead.com/news/news-details/2025/Gilead-Sciences-Announces-First-Quarter-2025-Financial-Results/default.aspx,verified-from-source,,tecartus,1.0,36.0,2024-01-01,2024-03-31,False,False,False
Tecartus,2024Q1,Other,8.0,USD,"Gilead Sciences Announces First Quarter 2025 Financial Results (press release, 24 Apr 2025)",https://investors.gilead.com/news/news-details/2025/Gilead-Sciences-Announces-First-Quarter-2025-Financial-Results/default.aspx,verified-from-source,,tecartus,1.0,8.0,2024-01-01,2024-03-31,False,False,False
Tecartus,2024Q1,Total,100.0,USD,"Gilead Sciences Announces First Quarter 2025 Financial Results (press release, 24 Apr 2025)",https://investors.gilead.com/news/news-details/2025/Gilead-Sciences-Announces-First-Quarter-2025-Financial-Results/default.aspx,verified-from-source,,tecartus,1.0,100.0,2024-01-01,2024-03-31,True,False,True
Tecartus,2024Q2,US,63.0,USD,"Gilead Sciences Announces Second Quarter 2025 Financial Results (press release, 7 Aug 2025)",https://investors.gilead.com/news/news-details/2025/Gilead-Sciences-Announces-Second-Quarter-2025-Financial-Results/default.aspx,verified-from-source,Prior-year comparative column. Region labels in source: U.S. / Europe / Rest of World / Total,tecartus,1.0,63.0,2024-04-01,2024-06-30,False,False,False
Tecartus,2024Q2,Europe,37.0,USD,"Gilead Sciences Announces Second Quarter 2025 Financial Results (press release, 7 Aug 2025)",https://investors.gilead.com/news/news-details/2025/Gilead-Sciences-Announces-Second-Quarter-2025-Financial-Results/default.aspx,verified-from-source,,tecartus,1.0,37.0,2024-04-01,2024-06-30,False,False,False
Tecartus,2024Q2,Other,7.0,USD,"Gilead Sciences Announces Second Quarter 2025 Financial Results (press release, 7 Aug 2025)",https://investors.gilead.com/news/news-details/2025/Gilead-Sciences-Announces-Second-Quarter-2025-Financial-Results/default.aspx,verified-from-source,,tecartus,1.0,7.0,2024-04-01,2024-06-30,False,False,False
Tecartus,2024Q2,Total,107.0,USD,"Gilead Sciences Announces Second Quarter 2025 Financial Results (press release, 7 Aug 2025)",https://investors.gilead.com/news/news-details/2025/Gilead-Sciences-Announces-Second-Quarter-2025-Financial-Results/default.aspx,verified-from-source,,tecartus,1.0,107.0,2024-04-01,2024-06-30,True,False,True
Tecartus,2024Q3,US,63.0,USD,Gilead Sciences Announces Third Quarter 2025 Financial Results (press release),https://investors.gilead.com/news/news-details/2025/Gilead-Sciences-Announces-Third-Quarter-2025-Financial-Results/default.aspx,verified-from-source,Prior-year comparative column. Region labels in source: U.S. / Europe / Rest of World / Total,tecartus,1.0,63.0,2024-07-01,2024-09-30,False,False,False
Tecartus,2024Q3,Europe,29.0,USD,Gilead Sciences Announces Third Quarter 2025 Financial Results (press release),https://investors.gilead.com/news/news-details/2025/Gilead-Sciences-Announces-Third-Quarter-2025-Financial-Results/default.aspx,verified-from-source,,tecartus,1.0,29.0,2024-07-01,2024-09-30,False,False,False
Tecartus,2024Q3,Other,6.0,USD,Gilead Sciences Announces Third Quarter 2025 Financial Results (press release),https://investors.gilead.com/news/news-details/2025/Gilead-Sciences-Announces-Third-Quarter-2025-Financial-Results/default.aspx,verified-from-source,,tecartus,1.0,6.0,2024-07-01,2024-09-30,False,False,False
Tecartus,2024Q3,Total,98.0,USD,Gilead Sciences Announces Third Quarter 2025 Financial Results (press release),https://investors.gilead.com/news/news-details/2025/Gilead-Sciences-Announces-Third-Quarter-2025-Financial-Results/default.aspx,verified-from-source,,tecartus,1.0,98.0,2024-07-01,2024-09-30,True,False,True
Tecartus,2024Q4,US,53.0,USD,"Gilead Sciences Announces Fourth Quarter and Full Year 2025 Financial Results (press release, Feb 2026)",https://investors.gilead.com/news/news-details/2026/Gilead-Sciences-Announces-Fourth-Quarter-and-Full-Year-2025-Financial-Results/default.aspx,verified-from-source,Prior-year comparative column. Regions sum to 99 vs reported total 98 (rounding). Region labels in source: U.S. / Europe / Rest of World / Total,tecartus,1.0,53.0,2024-10-01,2024-12-31,False,False,False
Tecartus,2024Q4,Europe,36.0,USD,"Gilead Sciences Announces Fourth Quarter and Full Year 2025 Financial Results (press release, Feb 2026)",https://investors.gilead.com/news/news-details/2026/Gilead-Sciences-Announces-Fourth-Quarter-and-Full-Year-2025-Financial-Results/default.aspx,verified-from-source,,tecartus,1.0,36.0,2024-10-01,2024-12-31,False,False,False
Tecartus,2024Q4,Other,10.0,USD,"Gilead Sciences Announces Fourth Quarter and Full Year 2025 Financial Results (press release, Feb 2026)",https://investors.gilead.com/news/news-details/2026/Gilead-Sciences-Announces-Fourth-Quarter-and-Full-Year-2025-Financial-Results/default.aspx,verified-from-source,,tecartus,1.0,10.0,2024-10-01,2024-12-31,False,False,False
Tecartus,2024Q4,Total,98.0,USD,"Gilead Sciences Announces Fourth Quarter and Full Year 2025 Financial Results (press release, Feb 2026)",https://investors.gilead.com/news/news-details/2026/Gilead-Sciences-Announces-Fourth-Quarter-and-Full-Year-2025-Financial-Results/default.aspx,verified-from-source,,tecartus,1.0,98.0,2024-10-01,2024-12-31,True,False,True
Tecartus,2025Q1,US,40.0,USD,"Gilead Sciences Announces First Quarter 2025 Financial Results (press release, 24 Apr 2025)",https://investors.gilead.com/news/news-details/2025/Gilead-Sciences-Announces-First-Quarter-2025-Financial-Results/default.aspx,verified-from-source,Regions sum to 79 vs reported total 78 (rounding). Region labels in source: U.S. / Europe / Rest of World / Total,tecartus,1.0,40.0,2025-01-01,2025-03-31,False,False,False
Tecartus,2025Q1,Europe,31.0,USD,"Gilead Sciences Announces First Quarter 2025 Financial Results (press release, 24 Apr 2025)",https://investors.gilead.com/news/news-details/2025/Gilead-Sciences-Announces-First-Quarter-2025-Financial-Results/default.aspx,verified-from-source,,tecartus,1.0,31.0,2025-01-01,2025-03-31,False,False,False
Tecartus,2025Q1,Other,8.0,USD,"Gilead Sciences Announces First Quarter 2025 Financial Results (press release, 24 Apr 2025)",https://investors.gilead.com/news/news-details/2025/Gilead-Sciences-Announces-First-Quarter-2025-Financial-Results/default.aspx,verified-from-source,,tecartus,1.0,8.0,2025-01-01,2025-03-31,False,False,False
Tecartus,2025Q1,Total,78.0,USD,"Gilead Sciences Announces First Quarter 2025 Financial Results (press release, 24 Apr 2025)",https://investors.gilead.com/news/news-details/2025/Gilead-Sciences-Announces-First-Quarter-2025-Financial-Results/default.aspx,verified-from-source,,tecartus,1.0,78.0,2025-01-01,2025-03-31,True,False,True
Tecartus,2025Q2,US,41.0,USD,"Gilead Sciences Announces Second Quarter 2025 Financial Results (press release, 7 Aug 2025)",https://investors.gilead.com/news/news-details/2025/Gilead-Sciences-Announces-Second-Quarter-2025-Financial-Results/default.aspx,verified-from-source,Regions sum to 91 vs reported total 92 (rounding). Region labels in source: U.S. / Europe / Rest of World / Total,tecartus,1.0,41.0,2025-04-01,2025-06-30,False,False,False
Tecartus,2025Q2,Europe,41.0,USD,"Gilead Sciences Announces Second Quarter 2025 Financial Results (press release, 7 Aug 2025)",https://investors.gilead.com/news/news-details/2025/Gilead-Sciences-Announces-Second-Quarter-2025-Financial-Results/default.aspx,verified-from-source,,tecartus,1.0,41.0,2025-04-01,2025-06-30,False,False,False
Tecartus,2025Q2,Other,9.0,USD,"Gilead Sciences Announces Second Quarter 2025 Financial Results (press release, 7 Aug 2025)",https://investors.gilead.com/news/news-details/2025/Gilead-Sciences-Announces-Second-Quarter-2025-Financial-Results/default.aspx,verified-from-source,,tecartus,1.0,9.0,2025-04-01,2025-06-30,False,False,False
Tecartus,2025Q2,Total,92.0,USD,"Gilead Sciences Announces Second Quarter 2025 Financial Results (press release, 7 Aug 2025)",https://investors.gilead.com/news/news-details/2025/Gilead-Sciences-Announces-Second-Quarter-2025-Financial-Results/default.aspx,verified-from-source,,tecartus,1.0,92.0,2025-04-01,2025-06-30,True,False,True
Tecartus,2025Q3,US,40.0,USD,Gilead Sciences Announces Third Quarter 2025 Financial Results (press release),https://investors.gilead.com/news/news-details/2025/Gilead-Sciences-Announces-Third-Quarter-2025-Financial-Results/default.aspx,verified-from-source,Region labels in source: U.S. / Europe / Rest of World / Total,tecartus,1.0,40.0,2025-07-01,2025-09-30,False,False,False
Tecartus,2025Q3,Europe,35.0,USD,Gilead Sciences Announces Third Quarter 2025 Financial Results (press release),https://investors.gilead.com/news/news-details/2025/Gilead-Sciences-Announces-Third-Quarter-2025-Financial-Results/default.aspx,verified-from-source,,tecartus,1.0,35.0,2025-07-01,2025-09-30,False,False,False
Tecartus,2025Q3,Other,8.0,USD,Gilead Sciences Announces Third Quarter 2025 Financial Results (press release),https://investors.gilead.com/news/news-details/2025/Gilead-Sciences-Announces-Third-Quarter-2025-Financial-Results/default.aspx,verified-from-source,,tecartus,1.0,8.0,2025-07-01,2025-09-30,False,False,False
Tecartus,2025Q3,Total,83.0,USD,Gilead Sciences Announces Third Quarter 2025 Financial Results (press release),https://investors.gilead.com/news/news-details/2025/Gilead-Sciences-Announces-Third-Quarter-2025-Financial-Results/default.aspx,verified-from-source,,tecartus,1.0,83.0,2025-07-01,2025-09-30,True,False,True
Tecartus,2025Q4,US,32.0,USD,"Gilead Sciences Announces Fourth Quarter and Full Year 2025 Financial Results (press release, Feb 2026)",https://investors.gilead.com/news/news-details/2026/Gilead-Sciences-Announces-Fourth-Quarter-and-Full-Year-2025-Financial-Results/default.aspx,verified-from-source,Region labels in source: U.S. / Europe / Rest of World / Total,tecartus,1.0,32.0,2025-10-01,2025-12-31,False,False,False
Tecartus,2025Q4,Europe,51.0,USD,"Gilead Sciences Announces Fourth Quarter and Full Year 2025 Financial Results (press release, Feb 2026)",https://investors.gilead.com/news/news-details/2026/Gilead-Sciences-Announces-Fourth-Quarter-and-Full-Year-2025-Financial-Results/default.aspx,verified-from-source,,tecartus,1.0,51.0,2025-10-01,2025-12-31,False,False,False
Tecartus,2025Q4,Other,7.0,USD,"Gilead Sciences Announces Fourth Quarter and Full Year 2025 Financial Results (press release, Feb 2026)",https://investors.gilead.com/news/news-details/2026/Gilead-Sciences-Announces-Fourth-Quarter-and-Full-Year-2025-Financial-Results/default.aspx,verified-from-source,,tecartus,1.0,7.0,2025-10-01,2025-12-31,False,False,False
Tecartus,2025Q4,Total,90.0,USD,"Gilead Sciences Announces Fourth Quarter and Full Year 2025 Financial Results (press release, Feb 2026)",https://investors.gilead.com/news/news-details/2026/Gilead-Sciences-Announces-Fourth-Quarter-and-Full-Year-2025-Financial-Results/default.aspx,verified-from-source,,tecartus,1.0,90.0,2025-10-01,2025-12-31,True,False,True
Tecartus,2026Q1,US,30.0,USD,"GILEAD SCIENCES ANNOUNCES FIRST QUARTER FINANCIAL RESULTS, earnings press release PDF, 7 May 2026",https://s29.q4cdn.com/585078350/files/doc_financials/2026/q1/GILD-Q126-Earnings-Press-Release-7-May-2026.pdf,verified-from-source,Read from the Gilead earnings press release PDF; release text: 'Tecartus (brexucabtagene autoleucel) sales decreased 4% to $75 million in the first quarter 2026'. Region labels in source: U.S. / Europe / Rest of World / Total,tecartus,1.0,30.0,2026-01-01,2026-03-31,False,False,False
Tecartus,2026Q1,Europe,37.0,USD,"GILEAD SCIENCES ANNOUNCES FIRST QUARTER FINANCIAL RESULTS, earnings press release PDF, 7 May 2026",https://s29.q4cdn.com/585078350/files/doc_financials/2026/q1/GILD-Q126-Earnings-Press-Release-7-May-2026.pdf,verified-from-source,,tecartus,1.0,37.0,2026-01-01,2026-03-31,False,False,False
Tecartus,2026Q1,Other,8.0,USD,"GILEAD SCIENCES ANNOUNCES FIRST QUARTER FINANCIAL RESULTS, earnings press release PDF, 7 May 2026",https://s29.q4cdn.com/585078350/files/doc_financials/2026/q1/GILD-Q126-Earnings-Press-Release-7-May-2026.pdf,verified-from-source,,tecartus,1.0,8.0,2026-01-01,2026-03-31,False,False,False
Tecartus,2026Q1,Total,75.0,USD,"GILEAD SCIENCES ANNOUNCES FIRST QUARTER FINANCIAL RESULTS, earnings press release PDF, 7 May 2026",https://s29.q4cdn.com/585078350/files/doc_financials/2026/q1/GILD-Q126-Earnings-Press-Release-7-May-2026.pdf,verified-from-source,,tecartus,1.0,75.0,2026-01-01,2026-03-31,True,False,True
Tecartus,2026Q2,US,29.0,USD,"Gilead Sciences Announces Second Quarter 2026 Financial Results (press release, 4 Aug 2026)",https://investors.gilead.com/news/news-details/2026/Gilead-Sciences-Announces-Second-Quarter-2026-Financial-Results/default.aspx,verified-from-source,Latest reported quarter as of 2026-09-04. Regions sum to 71 vs reported total 70 (rounding). Region labels in source: U.S. / Europe / Rest of World / Total,tecartus,1.0,29.0,2026-04-01,2026-06-30,False,False,False
Tecartus,2026Q2,Europe,34.0,USD,"Gilead Sciences Announces Second Quarter 2026 Financial Results (press release, 4 Aug 2026)",https://investors.gilead.com/news/news-details/2026/Gilead-Sciences-Announces-Second-Quarter-2026-Financial-Results/default.aspx,verified-from-source,,tecartus,1.0,34.0,2026-04-01,2026-06-30,False,False,False
Tecartus,2026Q2,Other,8.0,USD,"Gilead Sciences Announces Second Quarter 2026 Financial Results (press release, 4 Aug 2026)",https://investors.gilead.com/news/news-details/2026/Gilead-Sciences-Announces-Second-Quarter-2026-Financial-Results/default.aspx,verified-from-source,,tecartus,1.0,8.0,2026-04-01,2026-06-30,False,False,False
Tecartus,2026Q2,Total,70.0,USD,"Gilead Sciences Announces Second Quarter 2026 Financial Results (press release, 4 Aug 2026)",https://investors.gilead.com/news/news-details/2026/Gilead-Sciences-Announces-Second-Quarter-2026-Financial-Results/default.aspx,verified-from-source,,tecartus,1.0,70.0,2026-04-01,2026-06-30,True,False,True
Tecartus,FY2020,US,34.0,USD,"Gilead Sciences Announces Fourth Quarter and Full Year 2021 Financial Results (press release, 1 Feb 2022)",https://www.gilead.com/news-and-press/press-room/press-releases/2022/2/gilead-sciences-announces-fourth-quarter-and-full-year-2021-financial-results,verified-from-source,"Prior-year comparative column. Reported FY2020 total is 44; 2020Q3+2020Q4 sum to 43, i.e. about $1M was reported before the Q3 2020 US launch quarter (Europe). Region labels in source: United States / Europe / Other International / Total",tecartus,1.0,34.0,2020-01-01,2020-12-31,False,False,False
Tecartus,FY2020,Europe,10.0,USD,"Gilead Sciences Announces Fourth Quarter and Full Year 2021 Financial Results (press release, 1 Feb 2022)",https://www.gilead.com/news-and-press/press-room/press-releases/2022/2/gilead-sciences-announces-fourth-quarter-and-full-year-2021-financial-results,verified-from-source,,tecartus,1.0,10.0,2020-01-01,2020-12-31,False,False,False
Tecartus,FY2020,Other,,USD,"Gilead Sciences Announces Fourth Quarter and Full Year 2021 Financial Results (press release, 1 Feb 2022)",https://www.gilead.com/news-and-press/press-room/press-releases/2022/2/gilead-sciences-announces-fourth-quarter-and-full-year-2021-financial-results,verified-from-source,reported as em-dash (nil),tecartus,1.0,,2020-01-01,2020-12-31,False,False,False
Tecartus,FY2020,Total,44.0,USD,"Gilead Sciences Announces Fourth Quarter and Full Year 2021 Financial Results (press release, 1 Feb 2022)",https://www.gilead.com/news-and-press/press-room/press-releases/2022/2/gilead-sciences-announces-fourth-quarter-and-full-year-2021-financial-results,verified-from-source,,tecartus,1.0,44.0,2020-01-01,2020-12-31,True,False,True
Tecartus,FY2021,US,136.0,USD,"Gilead Sciences Announces Fourth Quarter and Full Year 2021 Financial Results (press release, 1 Feb 2022)",https://www.gilead.com/news-and-press/press-room/press-releases/2022/2/gilead-sciences-announces-fourth-quarter-and-full-year-2021-financial-results,verified-from-source,Region labels in source: United States / Europe / Other International / Total,tecartus,1.0,136.0,2021-01-01,2021-12-31,False,False,False
Tecartus,FY2021,Europe,40.0,USD,"Gilead Sciences Announces Fourth Quarter and Full Year 2021 Financial Results (press release, 1 Feb 2022)",https://www.gilead.com/news-and-press/press-room/press-releases/2022/2/gilead-sciences-announces-fourth-quarter-and-full-year-2021-financial-results,verified-from-source,,tecartus,1.0,40.0,2021-01-01,2021-12-31,False,False,False
Tecartus,FY2021,Other,,USD,"Gilead Sciences Announces Fourth Quarter and Full Year 2021 Financial Results (press release, 1 Feb 2022)",https://www.gilead.com/news-and-press/press-room/press-releases/2022/2/gilead-sciences-announces-fourth-quarter-and-full-year-2021-financial-results,verified-from-source,reported as em-dash (nil),tecartus,1.0,,2021-01-01,2021-12-31,False,False,False
Tecartus,FY2021,Total,176.0,USD,"Gilead Sciences Announces Fourth Quarter and Full Year 2021 Financial Results (press release, 1 Feb 2022)",https://www.gilead.com/news-and-press/press-room/press-releases/2022/2/gilead-sciences-announces-fourth-quarter-and-full-year-2021-financial-results,verified-from-source,,tecartus,1.0,176.0,2021-01-01,2021-12-31,True,False,True
Tecartus,FY2022,US,221.0,USD,"Gilead Sciences Announces Fourth Quarter and Full Year 2023 Financial Results (press release, 6 Feb 2024)",https://investors.gilead.com/news/news-details/2024/Gilead-Sciences-Announces-Fourth-Quarter-and-Full-Year-2023-Financial-Results/default.aspx,verified-from-source,Prior-year comparative column. Europe quarters sum to 74 (rounding). Region labels in source: United States / Europe / Other International / Total,tecartus,1.0,221.0,2022-01-01,2022-12-31,False,False,False
Tecartus,FY2022,Europe,75.0,USD,"Gilead Sciences Announces Fourth Quarter and Full Year 2023 Financial Results (press release, 6 Feb 2024)",https://investors.gilead.com/news/news-details/2024/Gilead-Sciences-Announces-Fourth-Quarter-and-Full-Year-2023-Financial-Results/default.aspx,verified-from-source,,tecartus,1.0,75.0,2022-01-01,2022-12-31,False,False,False
Tecartus,FY2022,Other,3.0,USD,"Gilead Sciences Announces Fourth Quarter and Full Year 2023 Financial Results (press release, 6 Feb 2024)",https://investors.gilead.com/news/news-details/2024/Gilead-Sciences-Announces-Fourth-Quarter-and-Full-Year-2023-Financial-Results/default.aspx,verified-from-source,,tecartus,1.0,3.0,2022-01-01,2022-12-31,False,False,False
Tecartus,FY2022,Total,299.0,USD,"Gilead Sciences Announces Fourth Quarter and Full Year 2023 Financial Results (press release, 6 Feb 2024)",https://investors.gilead.com/news/news-details/2024/Gilead-Sciences-Announces-Fourth-Quarter-and-Full-Year-2023-Financial-Results/default.aspx,verified-from-source,,tecartus,1.0,299.0,2022-01-01,2022-12-31,True,False,True
Tecartus,FY2023,US,245.0,USD,"Gilead Sciences Announces Fourth Quarter and Full Year 2023 Financial Results (press release, 6 Feb 2024)",https://investors.gilead.com/news/news-details/2024/Gilead-Sciences-Announces-Fourth-Quarter-and-Full-Year-2023-Financial-Results/default.aspx,verified-from-source,Quarters sum to 371 total / 16 Other (rounding). Region labels in source: United States / Europe / Other International / Total,tecartus,1.0,245.0,2023-01-01,2023-12-31,False,False,False
Tecartus,FY2023,Europe,110.0,USD,"Gilead Sciences Announces Fourth Quarter and Full Year 2023 Financial Results (press release, 6 Feb 2024)",https://investors.gilead.com/news/news-details/2024/Gilead-Sciences-Announces-Fourth-Quarter-and-Full-Year-2023-Financial-Results/default.aspx,verified-from-source,,tecartus,1.0,110.0,2023-01-01,2023-12-31,False,False,False
Tecartus,FY2023,Other,15.0,USD,"Gilead Sciences Announces Fourth Quarter and Full Year 2023 Financial Results (press release, 6 Feb 2024)",https://investors.gilead.com/news/news-details/2024/Gilead-Sciences-Announces-Fourth-Quarter-and-Full-Year-2023-Financial-Results/default.aspx,verified-from-source,,tecartus,1.0,15.0,2023-01-01,2023-12-31,False,False,False
Tecartus,FY2023,Total,370.0,USD,"Gilead Sciences Announces Fourth Quarter and Full Year 2023 Financial Results (press release, 6 Feb 2024)",https://investors.gilead.com/news/news-details/2024/Gilead-Sciences-Announces-Fourth-Quarter-and-Full-Year-2023-Financial-Results/default.aspx,verified-from-source,,tecartus,1.0,370.0,2023-01-01,2023-12-31,True,False,True
Tecartus,FY2024,US,234.0,USD,"Gilead Sciences Announces Fourth Quarter and Full Year 2025 Financial Results (press release, Feb 2026)",https://investors.gilead.com/news/news-details/2026/Gilead-Sciences-Announces-Fourth-Quarter-and-Full-Year-2025-Financial-Results/default.aspx,verified-from-source,Prior-year comparative column. Region labels in source: U.S. / Europe / Rest of World / Total,tecartus,1.0,234.0,2024-01-01,2024-12-31,False,False,False
Tecartus,FY2024,Europe,138.0,USD,"Gilead Sciences Announces Fourth Quarter and Full Year 2025 Financial Results (press release, Feb 2026)",https://investors.gilead.com/news/news-details/2026/Gilead-Sciences-Announces-Fourth-Quarter-and-Full-Year-2025-Financial-Results/default.aspx,verified-from-source,,tecartus,1.0,138.0,2024-01-01,2024-12-31,False,False,False
Tecartus,FY2024,Other,31.0,USD,"Gilead Sciences Announces Fourth Quarter and Full Year 2025 Financial Results (press release, Feb 2026)",https://investors.gilead.com/news/news-details/2026/Gilead-Sciences-Announces-Fourth-Quarter-and-Full-Year-2025-Financial-Results/default.aspx,verified-from-source,,tecartus,1.0,31.0,2024-01-01,2024-12-31,False,False,False
Tecartus,FY2024,Total,403.0,USD,"Gilead Sciences Announces Fourth Quarter and Full Year 2025 Financial Results (press release, Feb 2026)",https://investors.gilead.com/news/news-details/2026/Gilead-Sciences-Announces-Fourth-Quarter-and-Full-Year-2025-Financial-Results/default.aspx,verified-from-source,,tecartus,1.0,403.0,2024-01-01,2024-12-31,True,False,True
Tecartus,FY2025,US,153.0,USD,"Gilead Sciences Announces Fourth Quarter and Full Year 2025 Financial Results (press release, Feb 2026)",https://investors.gilead.com/news/news-details/2026/Gilead-Sciences-Announces-Fourth-Quarter-and-Full-Year-2025-Financial-Results/default.aspx,verified-from-source,Quarters sum to 343 (rounding). Region labels in source: U.S. / Europe / Rest of World / Total,tecartus,1.0,153.0,2025-01-01,2025-12-31,False,False,False
Tecartus,FY2025,Europe,158.0,USD,"Gilead Sciences Announces Fourth Quarter and Full Year 2025 Financial Results (press release, Feb 2026)",https://investors.gilead.com/news/news-details/2026/Gilead-Sciences-Announces-Fourth-Quarter-and-Full-Year-2025-Financial-Results/default.aspx,verified-from-source,,tecartus,1.0,158.0,2025-01-01,2025-12-31,False,False,False
Tecartus,FY2025,Other,32.0,USD,"Gilead Sciences Announces Fourth Quarter and Full Year 2025 Financial Results (press release, Feb 2026)",https://investors.gilead.com/news/news-details/2026/Gilead-Sciences-Announces-Fourth-Quarter-and-Full-Year-2025-Financial-Results/default.aspx,verified-from-source,,tecartus,1.0,32.0,2025-01-01,2025-12-31,False,False,False
Tecartus,FY2025,Total,344.0,USD,"Gilead Sciences Announces Fourth Quarter and Full Year 2025 Financial Results (press release, Feb 2026)",https://investors.gilead.com/news/news-details/2026/Gilead-Sciences-Announces-Fourth-Quarter-and-Full-Year-2025-Financial-Results/default.aspx,verified-from-source,,tecartus,1.0,344.0,2025-01-01,2025-12-31,True,False,True
Yescarta,2017Q4,US,7.0,USD,"Gilead Sciences Announces Fourth Quarter and Full Year 2018 Financial Results (press release, 4 Feb 2019)",https://www.gilead.com/news-and-press/press-room/press-releases/2019/2/gilead-sciences-announces-fourth-quarter-and-full-year-2018-financial-results,verified-from-source,Prior-year comparative column in the FY2018 release; Yescarta launched Oct 2017 (US only). Europe/Other shown as em-dash. Region labels in source: United States / Europe / Other International / Total,yescarta,1.0,7.0,2017-10-01,2017-12-31,False,False,False
Yescarta,2017Q4,Europe,,USD,"Gilead Sciences Announces Fourth Quarter and Full Year 2018 Financial Results (press release, 4 Feb 2019)",https://www.gilead.com/news-and-press/press-room/press-releases/2019/2/gilead-sciences-announces-fourth-quarter-and-full-year-2018-financial-results,verified-from-source,reported as em-dash (nil),yescarta,1.0,,2017-10-01,2017-12-31,False,False,False
Yescarta,2017Q4,Other,,USD,"Gilead Sciences Announces Fourth Quarter and Full Year 2018 Financial Results (press release, 4 Feb 2019)",https://www.gilead.com/news-and-press/press-room/press-releases/2019/2/gilead-sciences-announces-fourth-quarter-and-full-year-2018-financial-results,verified-from-source,reported as em-dash (nil),yescarta,1.0,,2017-10-01,2017-12-31,False,False,False
Yescarta,2017Q4,Total,7.0,USD,"Gilead Sciences Announces Fourth Quarter and Full Year 2018 Financial Results (press release, 4 Feb 2019)",https://www.gilead.com/news-and-press/press-room/press-releases/2019/2/gilead-sciences-announces-fourth-quarter-and-full-year-2018-financial-results,verified-from-source,,yescarta,1.0,7.0,2017-10-01,2017-12-31,True,False,True
Yescarta,2018Q1,US,40.0,USD,"Gilead Sciences Announces First Quarter 2019 Financial Results (press release, 30 Apr 2019)",https://www.gilead.com/news-and-press/press-room/press-releases/2019/5/gilead-sciences-announces-first-quarter-2019-financial-results,verified-from-source,Prior-year comparative column. Region labels in source: United States / Europe / Other International / Total,yescarta,1.0,40.0,2018-01-01,2018-03-31,False,False,False
Yescarta,2018Q1,Europe,0.0,USD,"Gilead Sciences Announces First Quarter 2019 Financial Results (press release, 30 Apr 2019)",https://www.gilead.com/news-and-press/press-room/press-releases/2019/5/gilead-sciences-announces-first-quarter-2019-financial-results,verified-from-source,,yescarta,1.0,0.0,2018-01-01,2018-03-31,False,False,False
Yescarta,2018Q1,Other,0.0,USD,"Gilead Sciences Announces First Quarter 2019 Financial Results (press release, 30 Apr 2019)",https://www.gilead.com/news-and-press/press-room/press-releases/2019/5/gilead-sciences-announces-first-quarter-2019-financial-results,verified-from-source,,yescarta,1.0,0.0,2018-01-01,2018-03-31,False,False,False
Yescarta,2018Q1,Total,40.0,USD,"Gilead Sciences Announces First Quarter 2019 Financial Results (press release, 30 Apr 2019)",https://www.gilead.com/news-and-press/press-room/press-releases/2019/5/gilead-sciences-announces-first-quarter-2019-financial-results,verified-from-source,,yescarta,1.0,40.0,2018-01-01,2018-03-31,True,False,True
Yescarta,2018Q2,US,68.0,USD,"Gilead Sciences Announces Second Quarter 2019 Financial Results (press release, 30 Jul 2019)",https://www.gilead.com/news-and-press/press-room/press-releases/2019/7/gilead-sciences-announces-second-quarter-2019-financial-results,verified-from-source,Prior-year comparative column. Region labels in source: United States / Europe / Other International / Total,yescarta,1.0,68.0,2018-04-01,2018-06-30,False,False,False
Yescarta,2018Q2,Europe,0.0,USD,"Gilead Sciences Announces Second Quarter 2019 Financial Results (press release, 30 Jul 2019)",https://www.gilead.com/news-and-press/press-room/press-releases/2019/7/gilead-sciences-announces-second-quarter-2019-financial-results,verified-from-source,,yescarta,1.0,0.0,2018-04-01,2018-06-30,False,False,False
Yescarta,2018Q2,Other,0.0,USD,"Gilead Sciences Announces Second Quarter 2019 Financial Results (press release, 30 Jul 2019)",https://www.gilead.com/news-and-press/press-room/press-releases/2019/7/gilead-sciences-announces-second-quarter-2019-financial-results,verified-from-source,,yescarta,1.0,0.0,2018-04-01,2018-06-30,False,False,False
Yescarta,2018Q2,Total,68.0,USD,"Gilead Sciences Announces Second Quarter 2019 Financial Results (press release, 30 Jul 2019)",https://www.gilead.com/news-and-press/press-room/press-releases/2019/7/gilead-sciences-announces-second-quarter-2019-financial-results,verified-from-source,,yescarta,1.0,68.0,2018-04-01,2018-06-30,True,False,True
Yescarta,2018Q3,US,75.0,USD,"Gilead Sciences Announces Third Quarter 2019 Financial Results (press release, 29 Oct 2019)",https://www.gilead.com/news-and-press/press-room/press-releases/2019/10/gilead-sciences-announces-third-quarter-2019-financial-results,verified-from-source,Prior-year comparative column. Region labels in source: United States / Europe / Other International / Total,yescarta,1.0,75.0,2018-07-01,2018-09-30,False,False,False
Yescarta,2018Q3,Europe,0.0,USD,"Gilead Sciences Announces Third Quarter 2019 Financial Results (press release, 29 Oct 2019)",https://www.gilead.com/news-and-press/press-room/press-releases/2019/10/gilead-sciences-announces-third-quarter-2019-financial-results,verified-from-source,,yescarta,1.0,0.0,2018-07-01,2018-09-30,False,False,False
Yescarta,2018Q3,Other,0.0,USD,"Gilead Sciences Announces Third Quarter 2019 Financial Results (press release, 29 Oct 2019)",https://www.gilead.com/news-and-press/press-room/press-releases/2019/10/gilead-sciences-announces-third-quarter-2019-financial-results,verified-from-source,,yescarta,1.0,0.0,2018-07-01,2018-09-30,False,False,False
Yescarta,2018Q3,Total,75.0,USD,"Gilead Sciences Announces Third Quarter 2019 Financial Results (press release, 29 Oct 2019)",https://www.gilead.com/news-and-press/press-room/press-releases/2019/10/gilead-sciences-announces-third-quarter-2019-financial-results,verified-from-source,,yescarta,1.0,75.0,2018-07-01,2018-09-30,True,False,True
Yescarta,2018Q4,US,80.0,USD,"Gilead Sciences Announces Fourth Quarter and Full Year 2018 Financial Results (press release, 4 Feb 2019)",https://www.gilead.com/news-and-press/press-room/press-releases/2019/2/gilead-sciences-announces-fourth-quarter-and-full-year-2018-financial-results,verified-from-source,Other International shown as em-dash. Region labels in source: United States / Europe / Other International / Total,yescarta,1.0,80.0,2018-10-01,2018-12-31,False,False,False
Yescarta,2018Q4,Europe,1.0,USD,"Gilead Sciences Announces Fourth Quarter and Full Year 2018 Financial Results (press release, 4 Feb 2019)",https://www.gilead.com/news-and-press/press-room/press-releases/2019/2/gilead-sciences-announces-fourth-quarter-and-full-year-2018-financial-results,verified-from-source,,yescarta,1.0,1.0,2018-10-01,2018-12-31,False,False,False
Yescarta,2018Q4,Other,,USD,"Gilead Sciences Announces Fourth Quarter and Full Year 2018 Financial Results (press release, 4 Feb 2019)",https://www.gilead.com/news-and-press/press-room/press-releases/2019/2/gilead-sciences-announces-fourth-quarter-and-full-year-2018-financial-results,verified-from-source,reported as em-dash (nil),yescarta,1.0,,2018-10-01,2018-12-31,False,False,False
Yescarta,2018Q4,Total,81.0,USD,"Gilead Sciences Announces Fourth Quarter and Full Year 2018 Financial Results (press release, 4 Feb 2019)",https://www.gilead.com/news-and-press/press-room/press-releases/2019/2/gilead-sciences-announces-fourth-quarter-and-full-year-2018-financial-results,verified-from-source,,yescarta,1.0,81.0,2018-10-01,2018-12-31,True,False,True
Yescarta,2019Q1,US,90.0,USD,"Gilead Sciences Announces First Quarter 2019 Financial Results (press release, 30 Apr 2019)",https://www.gilead.com/news-and-press/press-room/press-releases/2019/5/gilead-sciences-announces-first-quarter-2019-financial-results,verified-from-source,Region labels in source: United States / Europe / Other International / Total,yescarta,1.0,90.0,2019-01-01,2019-03-31,False,False,False
Yescarta,2019Q1,Europe,6.0,USD,"Gilead Sciences Announces First Quarter 2019 Financial Results (press release, 30 Apr 2019)",https://www.gilead.com/news-and-press/press-room/press-releases/2019/5/gilead-sciences-announces-first-quarter-2019-financial-results,verified-from-source,,yescarta,1.0,6.0,2019-01-01,2019-03-31,False,False,False
Yescarta,2019Q1,Other,0.0,USD,"Gilead Sciences Announces First Quarter 2019 Financial Results (press release, 30 Apr 2019)",https://www.gilead.com/news-and-press/press-room/press-releases/2019/5/gilead-sciences-announces-first-quarter-2019-financial-results,verified-from-source,,yescarta,1.0,0.0,2019-01-01,2019-03-31,False,False,False
Yescarta,2019Q1,Total,96.0,USD,"Gilead Sciences Announces First Quarter 2019 Financial Results (press release, 30 Apr 2019)",https://www.gilead.com/news-and-press/press-room/press-releases/2019/5/gilead-sciences-announces-first-quarter-2019-financial-results,verified-from-source,,yescarta,1.0,96.0,2019-01-01,2019-03-31,True,False,True
Yescarta,2019Q2,US,99.0,USD,"Gilead Sciences Announces Second Quarter 2019 Financial Results (press release, 30 Jul 2019)",https://www.gilead.com/news-and-press/press-room/press-releases/2019/7/gilead-sciences-announces-second-quarter-2019-financial-results,verified-from-source,Region labels in source: United States / Europe / Other International / Total,yescarta,1.0,99.0,2019-04-01,2019-06-30,False,False,False
Yescarta,2019Q2,Europe,21.0,USD,"Gilead Sciences Announces Second Quarter 2019 Financial Results (press release, 30 Jul 2019)",https://www.gilead.com/news-and-press/press-room/press-releases/2019/7/gilead-sciences-announces-second-quarter-2019-financial-results,verified-from-source,,yescarta,1.0,21.0,2019-04-01,2019-06-30,False,False,False
Yescarta,2019Q2,Other,0.0,USD,"Gilead Sciences Announces Second Quarter 2019 Financial Results (press release, 30 Jul 2019)",https://www.gilead.com/news-and-press/press-room/press-releases/2019/7/gilead-sciences-announces-second-quarter-2019-financial-results,verified-from-source,,yescarta,1.0,0.0,2019-04-01,2019-06-30,False,False,False
Yescarta,2019Q2,Total,120.0,USD,"Gilead Sciences Announces Second Quarter 2019 Financial Results (press release, 30 Jul 2019)",https://www.gilead.com/news-and-press/press-room/press-releases/2019/7/gilead-sciences-announces-second-quarter-2019-financial-results,verified-from-source,,yescarta,1.0,120.0,2019-04-01,2019-06-30,True,False,True
Yescarta,2019Q3,US,86.0,USD,"Gilead Sciences Announces Third Quarter 2019 Financial Results (press release, 29 Oct 2019)",https://www.gilead.com/news-and-press/press-room/press-releases/2019/10/gilead-sciences-announces-third-quarter-2019-financial-results,verified-from-source,Region labels in source: United States / Europe / Other International / Total,yescarta,1.0,86.0,2019-07-01,2019-09-30,False,False,False
Yescarta,2019Q3,Europe,32.0,USD,"Gilead Sciences Announces Third Quarter 2019 Financial Results (press release, 29 Oct 2019)",https://www.gilead.com/news-and-press/press-room/press-releases/2019/10/gilead-sciences-announces-third-quarter-2019-financial-results,verified-from-source,,yescarta,1.0,32.0,2019-07-01,2019-09-30,False,False,False
Yescarta,2019Q3,Other,0.0,USD,"Gilead Sciences Announces Third Quarter 2019 Financial Results (press release, 29 Oct 2019)",https://www.gilead.com/news-and-press/press-room/press-releases/2019/10/gilead-sciences-announces-third-quarter-2019-financial-results,verified-from-source,,yescarta,1.0,0.0,2019-07-01,2019-09-30,False,False,False
Yescarta,2019Q3,Total,118.0,USD,"Gilead Sciences Announces Third Quarter 2019 Financial Results (press release, 29 Oct 2019)",https://www.gilead.com/news-and-press/press-room/press-releases/2019/10/gilead-sciences-announces-third-quarter-2019-financial-results,verified-from-source,,yescarta,1.0,118.0,2019-07-01,2019-09-30,True,False,True
Yescarta,2019Q4,US,98.0,USD,"Gilead Sciences Announces Fourth Quarter and Full Year 2019 Financial Results (press release, 4 Feb 2020)",https://www.gilead.com/news-and-press/press-room/press-releases/2020/2/gilead-sciences-announces-fourth-quarter-and-full-year-2019-financial-results,verified-from-source,Region labels in source: United States / Europe / Other International / Total,yescarta,1.0,98.0,2019-10-01,2019-12-31,False,False,False
Yescarta,2019Q4,Europe,24.0,USD,"Gilead Sciences Announces Fourth Quarter and Full Year 2019 Financial Results (press release, 4 Feb 2020)",https://www.gilead.com/news-and-press/press-room/press-releases/2020/2/gilead-sciences-announces-fourth-quarter-and-full-year-2019-financial-results,verified-from-source,,yescarta,1.0,24.0,2019-10-01,2019-12-31,False,False,False
Yescarta,2019Q4,Other,0.0,USD,"Gilead Sciences Announces Fourth Quarter and Full Year 2019 Financial Results (press release, 4 Feb 2020)",https://www.gilead.com/news-and-press/press-room/press-releases/2020/2/gilead-sciences-announces-fourth-quarter-and-full-year-2019-financial-results,verified-from-source,,yescarta,1.0,0.0,2019-10-01,2019-12-31,False,False,False
Yescarta,2019Q4,Total,122.0,USD,"Gilead Sciences Announces Fourth Quarter and Full Year 2019 Financial Results (press release, 4 Feb 2020)",https://www.gilead.com/news-and-press/press-room/press-releases/2020/2/gilead-sciences-announces-fourth-quarter-and-full-year-2019-financial-results,verified-from-source,,yescarta,1.0,122.0,2019-10-01,2019-12-31,True,False,True
Yescarta,2020Q1,US,103.0,USD,"Gilead Sciences Announces First Quarter 2021 Financial Results (press release, 29 Apr 2021)",https://www.gilead.com/news-and-press/press-room/press-releases/2021/4/gilead-sciences-announces-first-quarter-2021-financial-results,verified-from-source,Prior-year comparative column. Region labels in source: United States / Europe / Other International / Total,yescarta,1.0,103.0,2020-01-01,2020-03-31,False,False,False
Yescarta,2020Q1,Europe,37.0,USD,"Gilead Sciences Announces First Quarter 2021 Financial Results (press release, 29 Apr 2021)",https://www.gilead.com/news-and-press/press-room/press-releases/2021/4/gilead-sciences-announces-first-quarter-2021-financial-results,verified-from-source,,yescarta,1.0,37.0,2020-01-01,2020-03-31,False,False,False
Yescarta,2020Q1,Other,0.0,USD,"Gilead Sciences Announces First Quarter 2021 Financial Results (press release, 29 Apr 2021)",https://www.gilead.com/news-and-press/press-room/press-releases/2021/4/gilead-sciences-announces-first-quarter-2021-financial-results,verified-from-source,,yescarta,1.0,0.0,2020-01-01,2020-03-31,False,False,False
Yescarta,2020Q1,Total,140.0,USD,"Gilead Sciences Announces First Quarter 2021 Financial Results (press release, 29 Apr 2021)",https://www.gilead.com/news-and-press/press-room/press-releases/2021/4/gilead-sciences-announces-first-quarter-2021-financial-results,verified-from-source,,yescarta,1.0,140.0,2020-01-01,2020-03-31,True,False,True
Yescarta,2020Q2,US,95.0,USD,"Gilead Sciences Announces Second Quarter 2021 Financial Results (press release, 29 Jul 2021)",https://www.gilead.com/news-and-press/press-room/press-releases/2021/7/gilead-sciences-announces-second-quarter-2021-financial-results,verified-from-source,Prior-year comparative column. Region labels in source: United States / Europe / Other International / Total,yescarta,1.0,95.0,2020-04-01,2020-06-30,False,False,False
Yescarta,2020Q2,Europe,56.0,USD,"Gilead Sciences Announces Second Quarter 2021 Financial Results (press release, 29 Jul 2021)",https://www.gilead.com/news-and-press/press-room/press-releases/2021/7/gilead-sciences-announces-second-quarter-2021-financial-results,verified-from-source,,yescarta,1.0,56.0,2020-04-01,2020-06-30,False,False,False
Yescarta,2020Q2,Other,5.0,USD,"Gilead Sciences Announces Second Quarter 2021 Financial Results (press release, 29 Jul 2021)",https://www.gilead.com/news-and-press/press-room/press-releases/2021/7/gilead-sciences-announces-second-quarter-2021-financial-results,verified-from-source,,yescarta,1.0,5.0,2020-04-01,2020-06-30,False,False,False
Yescarta,2020Q2,Total,156.0,USD,"Gilead Sciences Announces Second Quarter 2021 Financial Results (press release, 29 Jul 2021)",https://www.gilead.com/news-and-press/press-room/press-releases/2021/7/gilead-sciences-announces-second-quarter-2021-financial-results,verified-from-source,,yescarta,1.0,156.0,2020-04-01,2020-06-30,True,False,True
Yescarta,2020Q3,US,85.0,USD,"Gilead Sciences Announces Third Quarter 2021 Financial Results (press release, 28 Oct 2021)",https://www.gilead.com/news-and-press/press-room/press-releases/2021/10/gilead-sciences-announces-third-quarter-2021-financial-results,verified-from-source,Prior-year comparative column. Region labels in source: United States / Europe / Other International / Total,yescarta,1.0,85.0,2020-07-01,2020-09-30,False,False,False
Yescarta,2020Q3,Europe,51.0,USD,"Gilead Sciences Announces Third Quarter 2021 Financial Results (press release, 28 Oct 2021)",https://www.gilead.com/news-and-press/press-room/press-releases/2021/10/gilead-sciences-announces-third-quarter-2021-financial-results,verified-from-source,,yescarta,1.0,51.0,2020-07-01,2020-09-30,False,False,False
Yescarta,2020Q3,Other,2.0,USD,"Gilead Sciences Announces Third Quarter 2021 Financial Results (press release, 28 Oct 2021)",https://www.gilead.com/news-and-press/press-room/press-releases/2021/10/gilead-sciences-announces-third-quarter-2021-financial-results,verified-from-source,,yescarta,1.0,2.0,2020-07-01,2020-09-30,False,False,False
Yescarta,2020Q3,Total,138.0,USD,"Gilead Sciences Announces Third Quarter 2021 Financial Results (press release, 28 Oct 2021)",https://www.gilead.com/news-and-press/press-room/press-releases/2021/10/gilead-sciences-announces-third-quarter-2021-financial-results,verified-from-source,,yescarta,1.0,138.0,2020-07-01,2020-09-30,True,False,True
Yescarta,2020Q4,US,79.0,USD,"Gilead Sciences Announces Fourth Quarter and Full Year 2021 Financial Results (press release, 1 Feb 2022)",https://www.gilead.com/news-and-press/press-room/press-releases/2022/2/gilead-sciences-announces-fourth-quarter-and-full-year-2021-financial-results,verified-from-source,Prior-year comparative column. Region labels in source: United States / Europe / Other International / Total,yescarta,1.0,79.0,2020-10-01,2020-12-31,False,False,False
Yescarta,2020Q4,Europe,47.0,USD,"Gilead Sciences Announces Fourth Quarter and Full Year 2021 Financial Results (press release, 1 Feb 2022)",https://www.gilead.com/news-and-press/press-room/press-releases/2022/2/gilead-sciences-announces-fourth-quarter-and-full-year-2021-financial-results,verified-from-source,,yescarta,1.0,47.0,2020-10-01,2020-12-31,False,False,False
Yescarta,2020Q4,Other,3.0,USD,"Gilead Sciences Announces Fourth Quarter and Full Year 2021 Financial Results (press release, 1 Feb 2022)",https://www.gilead.com/news-and-press/press-room/press-releases/2022/2/gilead-sciences-announces-fourth-quarter-and-full-year-2021-financial-results,verified-from-source,,yescarta,1.0,3.0,2020-10-01,2020-12-31,False,False,False
Yescarta,2020Q4,Total,129.0,USD,"Gilead Sciences Announces Fourth Quarter and Full Year 2021 Financial Results (press release, 1 Feb 2022)",https://www.gilead.com/news-and-press/press-room/press-releases/2022/2/gilead-sciences-announces-fourth-quarter-and-full-year-2021-financial-results,verified-from-source,,yescarta,1.0,129.0,2020-10-01,2020-12-31,True,False,True
Yescarta,2021Q1,US,92.0,USD,"Gilead Sciences Announces First Quarter 2021 Financial Results (press release, 29 Apr 2021)",https://www.gilead.com/news-and-press/press-room/press-releases/2021/4/gilead-sciences-announces-first-quarter-2021-financial-results,verified-from-source,Region labels in source: United States / Europe / Other International / Total,yescarta,1.0,92.0,2021-01-01,2021-03-31,False,False,False
Yescarta,2021Q1,Europe,61.0,USD,"Gilead Sciences Announces First Quarter 2021 Financial Results (press release, 29 Apr 2021)",https://www.gilead.com/news-and-press/press-room/press-releases/2021/4/gilead-sciences-announces-first-quarter-2021-financial-results,verified-from-source,,yescarta,1.0,61.0,2021-01-01,2021-03-31,False,False,False
Yescarta,2021Q1,Other,7.0,USD,"Gilead Sciences Announces First Quarter 2021 Financial Results (press release, 29 Apr 2021)",https://www.gilead.com/news-and-press/press-room/press-releases/2021/4/gilead-sciences-announces-first-quarter-2021-financial-results,verified-from-source,,yescarta,1.0,7.0,2021-01-01,2021-03-31,False,False,False
Yescarta,2021Q1,Total,160.0,USD,"Gilead Sciences Announces First Quarter 2021 Financial Results (press release, 29 Apr 2021)",https://www.gilead.com/news-and-press/press-room/press-releases/2021/4/gilead-sciences-announces-first-quarter-2021-financial-results,verified-from-source,,yescarta,1.0,160.0,2021-01-01,2021-03-31,True,False,True
Yescarta,2021Q2,US,108.0,USD,"Gilead Sciences Announces Second Quarter 2021 Financial Results (press release, 29 Jul 2021)",https://www.gilead.com/news-and-press/press-room/press-releases/2021/7/gilead-sciences-announces-second-quarter-2021-financial-results,verified-from-source,Region labels in source: United States / Europe / Other International / Total,yescarta,1.0,108.0,2021-04-01,2021-06-30,False,False,False
Yescarta,2021Q2,Europe,61.0,USD,"Gilead Sciences Announces Second Quarter 2021 Financial Results (press release, 29 Jul 2021)",https://www.gilead.com/news-and-press/press-room/press-releases/2021/7/gilead-sciences-announces-second-quarter-2021-financial-results,verified-from-source,,yescarta,1.0,61.0,2021-04-01,2021-06-30,False,False,False
Yescarta,2021Q2,Other,9.0,USD,"Gilead Sciences Announces Second Quarter 2021 Financial Results (press release, 29 Jul 2021)",https://www.gilead.com/news-and-press/press-room/press-releases/2021/7/gilead-sciences-announces-second-quarter-2021-financial-results,verified-from-source,,yescarta,1.0,9.0,2021-04-01,2021-06-30,False,False,False
Yescarta,2021Q2,Total,178.0,USD,"Gilead Sciences Announces Second Quarter 2021 Financial Results (press release, 29 Jul 2021)",https://www.gilead.com/news-and-press/press-room/press-releases/2021/7/gilead-sciences-announces-second-quarter-2021-financial-results,verified-from-source,,yescarta,1.0,178.0,2021-04-01,2021-06-30,True,False,True
Yescarta,2021Q3,US,100.0,USD,"Gilead Sciences Announces Third Quarter 2021 Financial Results (press release, 28 Oct 2021)",https://www.gilead.com/news-and-press/press-room/press-releases/2021/10/gilead-sciences-announces-third-quarter-2021-financial-results,verified-from-source,Region labels in source: United States / Europe / Other International / Total,yescarta,1.0,100.0,2021-07-01,2021-09-30,False,False,False
Yescarta,2021Q3,Europe,66.0,USD,"Gilead Sciences Announces Third Quarter 2021 Financial Results (press release, 28 Oct 2021)",https://www.gilead.com/news-and-press/press-room/press-releases/2021/10/gilead-sciences-announces-third-quarter-2021-financial-results,verified-from-source,,yescarta,1.0,66.0,2021-07-01,2021-09-30,False,False,False
Yescarta,2021Q3,Other,9.0,USD,"Gilead Sciences Announces Third Quarter 2021 Financial Results (press release, 28 Oct 2021)",https://www.gilead.com/news-and-press/press-room/press-releases/2021/10/gilead-sciences-announces-third-quarter-2021-financial-results,verified-from-source,,yescarta,1.0,9.0,2021-07-01,2021-09-30,False,False,False
Yescarta,2021Q3,Total,175.0,USD,"Gilead Sciences Announces Third Quarter 2021 Financial Results (press release, 28 Oct 2021)",https://www.gilead.com/news-and-press/press-room/press-releases/2021/10/gilead-sciences-announces-third-quarter-2021-financial-results,verified-from-source,,yescarta,1.0,175.0,2021-07-01,2021-09-30,True,False,True
Yescarta,2021Q4,US,106.0,USD,"Gilead Sciences Announces Fourth Quarter and Full Year 2021 Financial Results (press release, 1 Feb 2022)",https://www.gilead.com/news-and-press/press-room/press-releases/2022/2/gilead-sciences-announces-fourth-quarter-and-full-year-2021-financial-results,verified-from-source,Region labels in source: United States / Europe / Other International / Total,yescarta,1.0,106.0,2021-10-01,2021-12-31,False,False,False
Yescarta,2021Q4,Europe,65.0,USD,"Gilead Sciences Announces Fourth Quarter and Full Year 2021 Financial Results (press release, 1 Feb 2022)",https://www.gilead.com/news-and-press/press-room/press-releases/2022/2/gilead-sciences-announces-fourth-quarter-and-full-year-2021-financial-results,verified-from-source,,yescarta,1.0,65.0,2021-10-01,2021-12-31,False,False,False
Yescarta,2021Q4,Other,11.0,USD,"Gilead Sciences Announces Fourth Quarter and Full Year 2021 Financial Results (press release, 1 Feb 2022)",https://www.gilead.com/news-and-press/press-room/press-releases/2022/2/gilead-sciences-announces-fourth-quarter-and-full-year-2021-financial-results,verified-from-source,,yescarta,1.0,11.0,2021-10-01,2021-12-31,False,False,False
Yescarta,2021Q4,Total,182.0,USD,"Gilead Sciences Announces Fourth Quarter and Full Year 2021 Financial Results (press release, 1 Feb 2022)",https://www.gilead.com/news-and-press/press-room/press-releases/2022/2/gilead-sciences-announces-fourth-quarter-and-full-year-2021-financial-results,verified-from-source,,yescarta,1.0,182.0,2021-10-01,2021-12-31,True,False,True
Yescarta,2022Q1,US,125.0,USD,"Gilead Sciences Announces First Quarter 2023 Financial Results (press release, 27 Apr 2023)",https://investors.gilead.com/news/news-details/2023/Gilead-Sciences-Announces-First-Quarter-2023-Financial-Results/default.aspx,verified-from-source,Prior-year comparative column. Region labels in source: United States / Europe / Other International / Total,yescarta,1.0,125.0,2022-01-01,2022-03-31,False,False,False
Yescarta,2022Q1,Europe,77.0,USD,"Gilead Sciences Announces First Quarter 2023 Financial Results (press release, 27 Apr 2023)",https://investors.gilead.com/news/news-details/2023/Gilead-Sciences-Announces-First-Quarter-2023-Financial-Results/default.aspx,verified-from-source,,yescarta,1.0,77.0,2022-01-01,2022-03-31,False,False,False
Yescarta,2022Q1,Other,9.0,USD,"Gilead Sciences Announces First Quarter 2023 Financial Results (press release, 27 Apr 2023)",https://investors.gilead.com/news/news-details/2023/Gilead-Sciences-Announces-First-Quarter-2023-Financial-Results/default.aspx,verified-from-source,,yescarta,1.0,9.0,2022-01-01,2022-03-31,False,False,False
Yescarta,2022Q1,Total,211.0,USD,"Gilead Sciences Announces First Quarter 2023 Financial Results (press release, 27 Apr 2023)",https://investors.gilead.com/news/news-details/2023/Gilead-Sciences-Announces-First-Quarter-2023-Financial-Results/default.aspx,verified-from-source,,yescarta,1.0,211.0,2022-01-01,2022-03-31,True,False,True
Yescarta,2022Q2,US,193.0,USD,"Gilead Sciences Announces Second Quarter 2023 Financial Results (press release, 3 Aug 2023)",https://investors.gilead.com/news/news-details/2023/Gilead-Sciences-Announces-Second-Quarter-2023-Financial-Results/default.aspx,verified-from-source,Prior-year comparative column. Region labels in source: United States / Europe / Other International / Total,yescarta,1.0,193.0,2022-04-01,2022-06-30,False,False,False
Yescarta,2022Q2,Europe,85.0,USD,"Gilead Sciences Announces Second Quarter 2023 Financial Results (press release, 3 Aug 2023)",https://investors.gilead.com/news/news-details/2023/Gilead-Sciences-Announces-Second-Quarter-2023-Financial-Results/default.aspx,verified-from-source,,yescarta,1.0,85.0,2022-04-01,2022-06-30,False,False,False
Yescarta,2022Q2,Other,17.0,USD,"Gilead Sciences Announces Second Quarter 2023 Financial Results (press release, 3 Aug 2023)",https://investors.gilead.com/news/news-details/2023/Gilead-Sciences-Announces-Second-Quarter-2023-Financial-Results/default.aspx,verified-from-source,,yescarta,1.0,17.0,2022-04-01,2022-06-30,False,False,False
Yescarta,2022Q2,Total,295.0,USD,"Gilead Sciences Announces Second Quarter 2023 Financial Results (press release, 3 Aug 2023)",https://investors.gilead.com/news/news-details/2023/Gilead-Sciences-Announces-Second-Quarter-2023-Financial-Results/default.aspx,verified-from-source,,yescarta,1.0,295.0,2022-04-01,2022-06-30,True,False,True
Yescarta,2022Q3,US,210.0,USD,"Gilead Sciences Announces Third Quarter 2023 Financial Results (press release, 7 Nov 2023)",https://investors.gilead.com/news/news-details/2023/Gilead-Sciences-Announces-Third-Quarter-2023-Financial-Results/default.aspx,verified-from-source,Prior-year comparative column. Region labels in source: United States / Europe / Other International / Total,yescarta,1.0,210.0,2022-07-01,2022-09-30,False,False,False
Yescarta,2022Q3,Europe,91.0,USD,"Gilead Sciences Announces Third Quarter 2023 Financial Results (press release, 7 Nov 2023)",https://investors.gilead.com/news/news-details/2023/Gilead-Sciences-Announces-Third-Quarter-2023-Financial-Results/default.aspx,verified-from-source,,yescarta,1.0,91.0,2022-07-01,2022-09-30,False,False,False
Yescarta,2022Q3,Other,16.0,USD,"Gilead Sciences Announces Third Quarter 2023 Financial Results (press release, 7 Nov 2023)",https://investors.gilead.com/news/news-details/2023/Gilead-Sciences-Announces-Third-Quarter-2023-Financial-Results/default.aspx,verified-from-source,,yescarta,1.0,16.0,2022-07-01,2022-09-30,False,False,False
Yescarta,2022Q3,Total,317.0,USD,"Gilead Sciences Announces Third Quarter 2023 Financial Results (press release, 7 Nov 2023)",https://investors.gilead.com/news/news-details/2023/Gilead-Sciences-Announces-Third-Quarter-2023-Financial-Results/default.aspx,verified-from-source,,yescarta,1.0,317.0,2022-07-01,2022-09-30,True,False,True
Yescarta,2022Q4,US,219.0,USD,"Gilead Sciences Announces Fourth Quarter and Full Year 2023 Financial Results (press release, 6 Feb 2024)",https://investors.gilead.com/news/news-details/2024/Gilead-Sciences-Announces-Fourth-Quarter-and-Full-Year-2023-Financial-Results/default.aspx,verified-from-source,Prior-year comparative column. Region labels in source: United States / Europe / Other International / Total,yescarta,1.0,219.0,2022-10-01,2022-12-31,False,False,False
Yescarta,2022Q4,Europe,103.0,USD,"Gilead Sciences Announces Fourth Quarter and Full Year 2023 Financial Results (press release, 6 Feb 2024)",https://investors.gilead.com/news/news-details/2024/Gilead-Sciences-Announces-Fourth-Quarter-and-Full-Year-2023-Financial-Results/default.aspx,verified-from-source,,yescarta,1.0,103.0,2022-10-01,2022-12-31,False,False,False
Yescarta,2022Q4,Other,15.0,USD,"Gilead Sciences Announces Fourth Quarter and Full Year 2023 Financial Results (press release, 6 Feb 2024)",https://investors.gilead.com/news/news-details/2024/Gilead-Sciences-Announces-Fourth-Quarter-and-Full-Year-2023-Financial-Results/default.aspx,verified-from-source,,yescarta,1.0,15.0,2022-10-01,2022-12-31,False,False,False
Yescarta,2022Q4,Total,337.0,USD,"Gilead Sciences Announces Fourth Quarter and Full Year 2023 Financial Results (press release, 6 Feb 2024)",https://investors.gilead.com/news/news-details/2024/Gilead-Sciences-Announces-Fourth-Quarter-and-Full-Year-2023-Financial-Results/default.aspx,verified-from-source,,yescarta,1.0,337.0,2022-10-01,2022-12-31,True,False,True
Yescarta,2023Q1,US,210.0,USD,"Gilead Sciences Announces First Quarter 2023 Financial Results (press release, 27 Apr 2023)",https://investors.gilead.com/news/news-details/2023/Gilead-Sciences-Announces-First-Quarter-2023-Financial-Results/default.aspx,verified-from-source,Region labels in source: United States / Europe / Other International / Total,yescarta,1.0,210.0,2023-01-01,2023-03-31,False,False,False
Yescarta,2023Q1,Europe,121.0,USD,"Gilead Sciences Announces First Quarter 2023 Financial Results (press release, 27 Apr 2023)",https://investors.gilead.com/news/news-details/2023/Gilead-Sciences-Announces-First-Quarter-2023-Financial-Results/default.aspx,verified-from-source,,yescarta,1.0,121.0,2023-01-01,2023-03-31,False,False,False
Yescarta,2023Q1,Other,28.0,USD,"Gilead Sciences Announces First Quarter 2023 Financial Results (press release, 27 Apr 2023)",https://investors.gilead.com/news/news-details/2023/Gilead-Sciences-Announces-First-Quarter-2023-Financial-Results/default.aspx,verified-from-source,,yescarta,1.0,28.0,2023-01-01,2023-03-31,False,False,False
Yescarta,2023Q1,Total,359.0,USD,"Gilead Sciences Announces First Quarter 2023 Financial Results (press release, 27 Apr 2023)",https://investors.gilead.com/news/news-details/2023/Gilead-Sciences-Announces-First-Quarter-2023-Financial-Results/default.aspx,verified-from-source,,yescarta,1.0,359.0,2023-01-01,2023-03-31,True,False,True
Yescarta,2023Q2,US,217.0,USD,"Gilead Sciences Announces Second Quarter 2023 Financial Results (press release, 3 Aug 2023)",https://investors.gilead.com/news/news-details/2023/Gilead-Sciences-Announces-Second-Quarter-2023-Financial-Results/default.aspx,verified-from-source,Region labels in source: United States / Europe / Other International / Total,yescarta,1.0,217.0,2023-04-01,2023-06-30,False,False,False
Yescarta,2023Q2,Europe,133.0,USD,"Gilead Sciences Announces Second Quarter 2023 Financial Results (press release, 3 Aug 2023)",https://investors.gilead.com/news/news-details/2023/Gilead-Sciences-Announces-Second-Quarter-2023-Financial-Results/default.aspx,verified-from-source,,yescarta,1.0,133.0,2023-04-01,2023-06-30,False,False,False
Yescarta,2023Q2,Other,30.0,USD,"Gilead Sciences Announces Second Quarter 2023 Financial Results (press release, 3 Aug 2023)",https://investors.gilead.com/news/news-details/2023/Gilead-Sciences-Announces-Second-Quarter-2023-Financial-Results/default.aspx,verified-from-source,,yescarta,1.0,30.0,2023-04-01,2023-06-30,False,False,False
Yescarta,2023Q2,Total,380.0,USD,"Gilead Sciences Announces Second Quarter 2023 Financial Results (press release, 3 Aug 2023)",https://investors.gilead.com/news/news-details/2023/Gilead-Sciences-Announces-Second-Quarter-2023-Financial-Results/default.aspx,verified-from-source,,yescarta,1.0,380.0,2023-04-01,2023-06-30,True,False,True
Yescarta,2023Q3,US,197.0,USD,"Gilead Sciences Announces Third Quarter 2023 Financial Results (press release, 7 Nov 2023)",https://investors.gilead.com/news/news-details/2023/Gilead-Sciences-Announces-Third-Quarter-2023-Financial-Results/default.aspx,verified-from-source,Region labels in source: United States / Europe / Other International / Total,yescarta,1.0,197.0,2023-07-01,2023-09-30,False,False,False
Yescarta,2023Q3,Europe,154.0,USD,"Gilead Sciences Announces Third Quarter 2023 Financial Results (press release, 7 Nov 2023)",https://investors.gilead.com/news/news-details/2023/Gilead-Sciences-Announces-Third-Quarter-2023-Financial-Results/default.aspx,verified-from-source,,yescarta,1.0,154.0,2023-07-01,2023-09-30,False,False,False
Yescarta,2023Q3,Other,40.0,USD,"Gilead Sciences Announces Third Quarter 2023 Financial Results (press release, 7 Nov 2023)",https://investors.gilead.com/news/news-details/2023/Gilead-Sciences-Announces-Third-Quarter-2023-Financial-Results/default.aspx,verified-from-source,,yescarta,1.0,40.0,2023-07-01,2023-09-30,False,False,False
Yescarta,2023Q3,Total,391.0,USD,"Gilead Sciences Announces Third Quarter 2023 Financial Results (press release, 7 Nov 2023)",https://investors.gilead.com/news/news-details/2023/Gilead-Sciences-Announces-Third-Quarter-2023-Financial-Results/default.aspx,verified-from-source,,yescarta,1.0,391.0,2023-07-01,2023-09-30,True,False,True
Yescarta,2023Q4,US,187.0,USD,"Gilead Sciences Announces Fourth Quarter and Full Year 2023 Financial Results (press release, 6 Feb 2024)",https://investors.gilead.com/news/news-details/2024/Gilead-Sciences-Announces-Fourth-Quarter-and-Full-Year-2023-Financial-Results/default.aspx,verified-from-source,Region labels in source: United States / Europe / Other International / Total,yescarta,1.0,187.0,2023-10-01,2023-12-31,False,False,False
Yescarta,2023Q4,Europe,140.0,USD,"Gilead Sciences Announces Fourth Quarter and Full Year 2023 Financial Results (press release, 6 Feb 2024)",https://investors.gilead.com/news/news-details/2024/Gilead-Sciences-Announces-Fourth-Quarter-and-Full-Year-2023-Financial-Results/default.aspx,verified-from-source,,yescarta,1.0,140.0,2023-10-01,2023-12-31,False,False,False
Yescarta,2023Q4,Other,42.0,USD,"Gilead Sciences Announces Fourth Quarter and Full Year 2023 Financial Results (press release, 6 Feb 2024)",https://investors.gilead.com/news/news-details/2024/Gilead-Sciences-Announces-Fourth-Quarter-and-Full-Year-2023-Financial-Results/default.aspx,verified-from-source,,yescarta,1.0,42.0,2023-10-01,2023-12-31,False,False,False
Yescarta,2023Q4,Total,368.0,USD,"Gilead Sciences Announces Fourth Quarter and Full Year 2023 Financial Results (press release, 6 Feb 2024)",https://investors.gilead.com/news/news-details/2024/Gilead-Sciences-Announces-Fourth-Quarter-and-Full-Year-2023-Financial-Results/default.aspx,verified-from-source,,yescarta,1.0,368.0,2023-10-01,2023-12-31,True,False,True
Yescarta,2024Q1,US,170.0,USD,"Gilead Sciences Announces First Quarter 2025 Financial Results (press release, 24 Apr 2025)",https://investors.gilead.com/news/news-details/2025/Gilead-Sciences-Announces-First-Quarter-2025-Financial-Results/default.aspx,verified-from-source,Prior-year comparative column. Region labels in source: U.S. / Europe / Rest of World / Total,yescarta,1.0,170.0,2024-01-01,2024-03-31,False,False,False
Yescarta,2024Q1,Europe,158.0,USD,"Gilead Sciences Announces First Quarter 2025 Financial Results (press release, 24 Apr 2025)",https://investors.gilead.com/news/news-details/2025/Gilead-Sciences-Announces-First-Quarter-2025-Financial-Results/default.aspx,verified-from-source,,yescarta,1.0,158.0,2024-01-01,2024-03-31,False,False,False
Yescarta,2024Q1,Other,52.0,USD,"Gilead Sciences Announces First Quarter 2025 Financial Results (press release, 24 Apr 2025)",https://investors.gilead.com/news/news-details/2025/Gilead-Sciences-Announces-First-Quarter-2025-Financial-Results/default.aspx,verified-from-source,,yescarta,1.0,52.0,2024-01-01,2024-03-31,False,False,False
Yescarta,2024Q1,Total,380.0,USD,"Gilead Sciences Announces First Quarter 2025 Financial Results (press release, 24 Apr 2025)",https://investors.gilead.com/news/news-details/2025/Gilead-Sciences-Announces-First-Quarter-2025-Financial-Results/default.aspx,verified-from-source,,yescarta,1.0,380.0,2024-01-01,2024-03-31,True,False,True
Yescarta,2024Q2,US,186.0,USD,"Gilead Sciences Announces Second Quarter 2025 Financial Results (press release, 7 Aug 2025)",https://investors.gilead.com/news/news-details/2025/Gilead-Sciences-Announces-Second-Quarter-2025-Financial-Results/default.aspx,verified-from-source,Prior-year comparative column. Region labels in source: U.S. / Europe / Rest of World / Total,yescarta,1.0,186.0,2024-04-01,2024-06-30,False,False,False
Yescarta,2024Q2,Europe,169.0,USD,"Gilead Sciences Announces Second Quarter 2025 Financial Results (press release, 7 Aug 2025)",https://investors.gilead.com/news/news-details/2025/Gilead-Sciences-Announces-Second-Quarter-2025-Financial-Results/default.aspx,verified-from-source,,yescarta,1.0,169.0,2024-04-01,2024-06-30,False,False,False
Yescarta,2024Q2,Other,58.0,USD,"Gilead Sciences Announces Second Quarter 2025 Financial Results (press release, 7 Aug 2025)",https://investors.gilead.com/news/news-details/2025/Gilead-Sciences-Announces-Second-Quarter-2025-Financial-Results/default.aspx,verified-from-source,,yescarta,1.0,58.0,2024-04-01,2024-06-30,False,False,False
Yescarta,2024Q2,Total,414.0,USD,"Gilead Sciences Announces Second Quarter 2025 Financial Results (press release, 7 Aug 2025)",https://investors.gilead.com/news/news-details/2025/Gilead-Sciences-Announces-Second-Quarter-2025-Financial-Results/default.aspx,verified-from-source,,yescarta,1.0,414.0,2024-04-01,2024-06-30,True,False,True
Yescarta,2024Q3,US,145.0,USD,Gilead Sciences Announces Third Quarter 2025 Financial Results (press release),https://investors.gilead.com/news/news-details/2025/Gilead-Sciences-Announces-Third-Quarter-2025-Financial-Results/default.aspx,verified-from-source,Prior-year comparative column. Region labels in source: U.S. / Europe / Rest of World / Total,yescarta,1.0,145.0,2024-07-01,2024-09-30,False,False,False
Yescarta,2024Q3,Europe,182.0,USD,Gilead Sciences Announces Third Quarter 2025 Financial Results (press release),https://investors.gilead.com/news/news-details/2025/Gilead-Sciences-Announces-Third-Quarter-2025-Financial-Results/default.aspx,verified-from-source,,yescarta,1.0,182.0,2024-07-01,2024-09-30,False,False,False
Yescarta,2024Q3,Other,60.0,USD,Gilead Sciences Announces Third Quarter 2025 Financial Results (press release),https://investors.gilead.com/news/news-details/2025/Gilead-Sciences-Announces-Third-Quarter-2025-Financial-Results/default.aspx,verified-from-source,,yescarta,1.0,60.0,2024-07-01,2024-09-30,False,False,False
Yescarta,2024Q3,Total,387.0,USD,Gilead Sciences Announces Third Quarter 2025 Financial Results (press release),https://investors.gilead.com/news/news-details/2025/Gilead-Sciences-Announces-Third-Quarter-2025-Financial-Results/default.aspx,verified-from-source,,yescarta,1.0,387.0,2024-07-01,2024-09-30,True,False,True
Yescarta,2024Q4,US,161.0,USD,"Gilead Sciences Announces Fourth Quarter and Full Year 2025 Financial Results (press release, Feb 2026)",https://investors.gilead.com/news/news-details/2026/Gilead-Sciences-Announces-Fourth-Quarter-and-Full-Year-2025-Financial-Results/default.aspx,verified-from-source,Prior-year comparative column. Region labels in source: U.S. / Europe / Rest of World / Total,yescarta,1.0,161.0,2024-10-01,2024-12-31,False,False,False
Yescarta,2024Q4,Europe,156.0,USD,"Gilead Sciences Announces Fourth Quarter and Full Year 2025 Financial Results (press release, Feb 2026)",https://investors.gilead.com/news/news-details/2026/Gilead-Sciences-Announces-Fourth-Quarter-and-Full-Year-2025-Financial-Results/default.aspx,verified-from-source,,yescarta,1.0,156.0,2024-10-01,2024-12-31,False,False,False
Yescarta,2024Q4,Other,72.0,USD,"Gilead Sciences Announces Fourth Quarter and Full Year 2025 Financial Results (press release, Feb 2026)",https://investors.gilead.com/news/news-details/2026/Gilead-Sciences-Announces-Fourth-Quarter-and-Full-Year-2025-Financial-Results/default.aspx,verified-from-source,,yescarta,1.0,72.0,2024-10-01,2024-12-31,False,False,False
Yescarta,2024Q4,Total,390.0,USD,"Gilead Sciences Announces Fourth Quarter and Full Year 2025 Financial Results (press release, Feb 2026)",https://investors.gilead.com/news/news-details/2026/Gilead-Sciences-Announces-Fourth-Quarter-and-Full-Year-2025-Financial-Results/default.aspx,verified-from-source,,yescarta,1.0,390.0,2024-10-01,2024-12-31,True,False,True
Yescarta,2025Q1,US,160.0,USD,"Gilead Sciences Announces First Quarter 2025 Financial Results (press release, 24 Apr 2025)",https://investors.gilead.com/news/news-details/2025/Gilead-Sciences-Announces-First-Quarter-2025-Financial-Results/default.aspx,verified-from-source,Region labels in source: U.S. / Europe / Rest of World / Total,yescarta,1.0,160.0,2025-01-01,2025-03-31,False,False,False
Yescarta,2025Q1,Europe,149.0,USD,"Gilead Sciences Announces First Quarter 2025 Financial Results (press release, 24 Apr 2025)",https://investors.gilead.com/news/news-details/2025/Gilead-Sciences-Announces-First-Quarter-2025-Financial-Results/default.aspx,verified-from-source,,yescarta,1.0,149.0,2025-01-01,2025-03-31,False,False,False
Yescarta,2025Q1,Other,77.0,USD,"Gilead Sciences Announces First Quarter 2025 Financial Results (press release, 24 Apr 2025)",https://investors.gilead.com/news/news-details/2025/Gilead-Sciences-Announces-First-Quarter-2025-Financial-Results/default.aspx,verified-from-source,,yescarta,1.0,77.0,2025-01-01,2025-03-31,False,False,False
Yescarta,2025Q1,Total,386.0,USD,"Gilead Sciences Announces First Quarter 2025 Financial Results (press release, 24 Apr 2025)",https://investors.gilead.com/news/news-details/2025/Gilead-Sciences-Announces-First-Quarter-2025-Financial-Results/default.aspx,verified-from-source,,yescarta,1.0,386.0,2025-01-01,2025-03-31,True,False,True
Yescarta,2025Q2,US,162.0,USD,"Gilead Sciences Announces Second Quarter 2025 Financial Results (press release, 7 Aug 2025)",https://investors.gilead.com/news/news-details/2025/Gilead-Sciences-Announces-Second-Quarter-2025-Financial-Results/default.aspx,verified-from-source,Region labels in source: U.S. / Europe / Rest of World / Total,yescarta,1.0,162.0,2025-04-01,2025-06-30,False,False,False
Yescarta,2025Q2,Europe,154.0,USD,"Gilead Sciences Announces Second Quarter 2025 Financial Results (press release, 7 Aug 2025)",https://investors.gilead.com/news/news-details/2025/Gilead-Sciences-Announces-Second-Quarter-2025-Financial-Results/default.aspx,verified-from-source,,yescarta,1.0,154.0,2025-04-01,2025-06-30,False,False,False
Yescarta,2025Q2,Other,77.0,USD,"Gilead Sciences Announces Second Quarter 2025 Financial Results (press release, 7 Aug 2025)",https://investors.gilead.com/news/news-details/2025/Gilead-Sciences-Announces-Second-Quarter-2025-Financial-Results/default.aspx,verified-from-source,,yescarta,1.0,77.0,2025-04-01,2025-06-30,False,False,False
Yescarta,2025Q2,Total,393.0,USD,"Gilead Sciences Announces Second Quarter 2025 Financial Results (press release, 7 Aug 2025)",https://investors.gilead.com/news/news-details/2025/Gilead-Sciences-Announces-Second-Quarter-2025-Financial-Results/default.aspx,verified-from-source,,yescarta,1.0,393.0,2025-04-01,2025-06-30,True,False,True
Yescarta,2025Q3,US,123.0,USD,Gilead Sciences Announces Third Quarter 2025 Financial Results (press release),https://investors.gilead.com/news/news-details/2025/Gilead-Sciences-Announces-Third-Quarter-2025-Financial-Results/default.aspx,verified-from-source,Region labels in source: U.S. / Europe / Rest of World / Total,yescarta,1.0,123.0,2025-07-01,2025-09-30,False,False,False
Yescarta,2025Q3,Europe,151.0,USD,Gilead Sciences Announces Third Quarter 2025 Financial Results (press release),https://investors.gilead.com/news/news-details/2025/Gilead-Sciences-Announces-Third-Quarter-2025-Financial-Results/default.aspx,verified-from-source,,yescarta,1.0,151.0,2025-07-01,2025-09-30,False,False,False
Yescarta,2025Q3,Other,75.0,USD,Gilead Sciences Announces Third Quarter 2025 Financial Results (press release),https://investors.gilead.com/news/news-details/2025/Gilead-Sciences-Announces-Third-Quarter-2025-Financial-Results/default.aspx,verified-from-source,,yescarta,1.0,75.0,2025-07-01,2025-09-30,False,False,False
Yescarta,2025Q3,Total,349.0,USD,Gilead Sciences Announces Third Quarter 2025 Financial Results (press release),https://investors.gilead.com/news/news-details/2025/Gilead-Sciences-Announces-Third-Quarter-2025-Financial-Results/default.aspx,verified-from-source,,yescarta,1.0,349.0,2025-07-01,2025-09-30,True,False,True
Yescarta,2025Q4,US,151.0,USD,"Gilead Sciences Announces Fourth Quarter and Full Year 2025 Financial Results (press release, Feb 2026)",https://investors.gilead.com/news/news-details/2026/Gilead-Sciences-Announces-Fourth-Quarter-and-Full-Year-2025-Financial-Results/default.aspx,verified-from-source,Region labels in source: U.S. / Europe / Rest of World / Total,yescarta,1.0,151.0,2025-10-01,2025-12-31,False,False,False
Yescarta,2025Q4,Europe,143.0,USD,"Gilead Sciences Announces Fourth Quarter and Full Year 2025 Financial Results (press release, Feb 2026)",https://investors.gilead.com/news/news-details/2026/Gilead-Sciences-Announces-Fourth-Quarter-and-Full-Year-2025-Financial-Results/default.aspx,verified-from-source,,yescarta,1.0,143.0,2025-10-01,2025-12-31,False,False,False
Yescarta,2025Q4,Other,74.0,USD,"Gilead Sciences Announces Fourth Quarter and Full Year 2025 Financial Results (press release, Feb 2026)",https://investors.gilead.com/news/news-details/2026/Gilead-Sciences-Announces-Fourth-Quarter-and-Full-Year-2025-Financial-Results/default.aspx,verified-from-source,,yescarta,1.0,74.0,2025-10-01,2025-12-31,False,False,False
Yescarta,2025Q4,Total,368.0,USD,"Gilead Sciences Announces Fourth Quarter and Full Year 2025 Financial Results (press release, Feb 2026)",https://investors.gilead.com/news/news-details/2026/Gilead-Sciences-Announces-Fourth-Quarter-and-Full-Year-2025-Financial-Results/default.aspx,verified-from-source,,yescarta,1.0,368.0,2025-10-01,2025-12-31,True,False,True
Yescarta,2026Q1,US,120.0,USD,"GILEAD SCIENCES ANNOUNCES FIRST QUARTER FINANCIAL RESULTS, earnings press release PDF, 7 May 2026",https://s29.q4cdn.com/585078350/files/doc_financials/2026/q1/GILD-Q126-Earnings-Press-Release-7-May-2026.pdf,verified-from-source,Read from the Gilead earnings press release PDF; release text: 'Yescarta (axicabtagene ciloleucel) sales decreased 14% to $332 million in the first quarter 2026'. Regional components sum to 333 due to rounding. Region labels in source: U.S. / Europe / Rest of World / Total,yescarta,1.0,120.0,2026-01-01,2026-03-31,False,False,False
Yescarta,2026Q1,Europe,146.0,USD,"GILEAD SCIENCES ANNOUNCES FIRST QUARTER FINANCIAL RESULTS, earnings press release PDF, 7 May 2026",https://s29.q4cdn.com/585078350/files/doc_financials/2026/q1/GILD-Q126-Earnings-Press-Release-7-May-2026.pdf,verified-from-source,,yescarta,1.0,146.0,2026-01-01,2026-03-31,False,False,False
Yescarta,2026Q1,Other,67.0,USD,"GILEAD SCIENCES ANNOUNCES FIRST QUARTER FINANCIAL RESULTS, earnings press release PDF, 7 May 2026",https://s29.q4cdn.com/585078350/files/doc_financials/2026/q1/GILD-Q126-Earnings-Press-Release-7-May-2026.pdf,verified-from-source,,yescarta,1.0,67.0,2026-01-01,2026-03-31,False,False,False
Yescarta,2026Q1,Total,332.0,USD,"GILEAD SCIENCES ANNOUNCES FIRST QUARTER FINANCIAL RESULTS, earnings press release PDF, 7 May 2026",https://s29.q4cdn.com/585078350/files/doc_financials/2026/q1/GILD-Q126-Earnings-Press-Release-7-May-2026.pdf,verified-from-source,,yescarta,1.0,332.0,2026-01-01,2026-03-31,True,False,True
Yescarta,2026Q2,US,132.0,USD,"Gilead Sciences Announces Second Quarter 2026 Financial Results (press release, 4 Aug 2026)",https://investors.gilead.com/news/news-details/2026/Gilead-Sciences-Announces-Second-Quarter-2026-Financial-Results/default.aspx,verified-from-source,Latest reported quarter as of 2026-09-04. Region labels in source: U.S. / Europe / Rest of World / Total,yescarta,1.0,132.0,2026-04-01,2026-06-30,False,False,False
Yescarta,2026Q2,Europe,139.0,USD,"Gilead Sciences Announces Second Quarter 2026 Financial Results (press release, 4 Aug 2026)",https://investors.gilead.com/news/news-details/2026/Gilead-Sciences-Announces-Second-Quarter-2026-Financial-Results/default.aspx,verified-from-source,,yescarta,1.0,139.0,2026-04-01,2026-06-30,False,False,False
Yescarta,2026Q2,Other,75.0,USD,"Gilead Sciences Announces Second Quarter 2026 Financial Results (press release, 4 Aug 2026)",https://investors.gilead.com/news/news-details/2026/Gilead-Sciences-Announces-Second-Quarter-2026-Financial-Results/default.aspx,verified-from-source,,yescarta,1.0,75.0,2026-04-01,2026-06-30,False,False,False
Yescarta,2026Q2,Total,346.0,USD,"Gilead Sciences Announces Second Quarter 2026 Financial Results (press release, 4 Aug 2026)",https://investors.gilead.com/news/news-details/2026/Gilead-Sciences-Announces-Second-Quarter-2026-Financial-Results/default.aspx,verified-from-source,,yescarta,1.0,346.0,2026-04-01,2026-06-30,True,False,True
Yescarta,FY2017,US,7.0,USD,"Gilead Sciences Announces Fourth Quarter and Full Year 2018 Financial Results (press release, 4 Feb 2019)",https://www.gilead.com/news-and-press/press-room/press-releases/2019/2/gilead-sciences-announces-fourth-quarter-and-full-year-2018-financial-results,verified-from-source,Prior-year comparative column. Region labels in source: United States / Europe / Other International / Total,yescarta,1.0,7.0,2017-01-01,2017-12-31,False,False,False
Yescarta,FY2017,Europe,,USD,"Gilead Sciences Announces Fourth Quarter and Full Year 2018 Financial Results (press release, 4 Feb 2019)",https://www.gilead.com/news-and-press/press-room/press-releases/2019/2/gilead-sciences-announces-fourth-quarter-and-full-year-2018-financial-results,verified-from-source,reported as em-dash (nil),yescarta,1.0,,2017-01-01,2017-12-31,False,False,False
Yescarta,FY2017,Other,,USD,"Gilead Sciences Announces Fourth Quarter and Full Year 2018 Financial Results (press release, 4 Feb 2019)",https://www.gilead.com/news-and-press/press-room/press-releases/2019/2/gilead-sciences-announces-fourth-quarter-and-full-year-2018-financial-results,verified-from-source,reported as em-dash (nil),yescarta,1.0,,2017-01-01,2017-12-31,False,False,False
Yescarta,FY2017,Total,7.0,USD,"Gilead Sciences Announces Fourth Quarter and Full Year 2018 Financial Results (press release, 4 Feb 2019)",https://www.gilead.com/news-and-press/press-room/press-releases/2019/2/gilead-sciences-announces-fourth-quarter-and-full-year-2018-financial-results,verified-from-source,,yescarta,1.0,7.0,2017-01-01,2017-12-31,True,False,True
Yescarta,FY2018,US,263.0,USD,"Gilead Sciences Announces Fourth Quarter and Full Year 2018 Financial Results (press release, 4 Feb 2019)",https://www.gilead.com/news-and-press/press-room/press-releases/2019/2/gilead-sciences-announces-fourth-quarter-and-full-year-2018-financial-results,verified-from-source,Other International shown as em-dash. Region labels in source: United States / Europe / Other International / Total,yescarta,1.0,263.0,2018-01-01,2018-12-31,False,False,False
Yescarta,FY2018,Europe,1.0,USD,"Gilead Sciences Announces Fourth Quarter and Full Year 2018 Financial Results (press release, 4 Feb 2019)",https://www.gilead.com/news-and-press/press-room/press-releases/2019/2/gilead-sciences-announces-fourth-quarter-and-full-year-2018-financial-results,verified-from-source,,yescarta,1.0,1.0,2018-01-01,2018-12-31,False,False,False
Yescarta,FY2018,Other,,USD,"Gilead Sciences Announces Fourth Quarter and Full Year 2018 Financial Results (press release, 4 Feb 2019)",https://www.gilead.com/news-and-press/press-room/press-releases/2019/2/gilead-sciences-announces-fourth-quarter-and-full-year-2018-financial-results,verified-from-source,reported as em-dash (nil),yescarta,1.0,,2018-01-01,2018-12-31,False,False,False
Yescarta,FY2018,Total,264.0,USD,"Gilead Sciences Announces Fourth Quarter and Full Year 2018 Financial Results (press release, 4 Feb 2019)",https://www.gilead.com/news-and-press/press-room/press-releases/2019/2/gilead-sciences-announces-fourth-quarter-and-full-year-2018-financial-results,verified-from-source,,yescarta,1.0,264.0,2018-01-01,2018-12-31,True,False,True
Yescarta,FY2019,US,373.0,USD,"Gilead Sciences Announces Fourth Quarter and Full Year 2019 Financial Results (press release, 4 Feb 2020)",https://www.gilead.com/news-and-press/press-room/press-releases/2020/2/gilead-sciences-announces-fourth-quarter-and-full-year-2019-financial-results,verified-from-source,Region labels in source: United States / Europe / Other International / Total,yescarta,1.0,373.0,2019-01-01,2019-12-31,False,False,False
Yescarta,FY2019,Europe,83.0,USD,"Gilead Sciences Announces Fourth Quarter and Full Year 2019 Financial Results (press release, 4 Feb 2020)",https://www.gilead.com/news-and-press/press-room/press-releases/2020/2/gilead-sciences-announces-fourth-quarter-and-full-year-2019-financial-results,verified-from-source,,yescarta,1.0,83.0,2019-01-01,2019-12-31,False,False,False
Yescarta,FY2019,Other,0.0,USD,"Gilead Sciences Announces Fourth Quarter and Full Year 2019 Financial Results (press release, 4 Feb 2020)",https://www.gilead.com/news-and-press/press-room/press-releases/2020/2/gilead-sciences-announces-fourth-quarter-and-full-year-2019-financial-results,verified-from-source,,yescarta,1.0,0.0,2019-01-01,2019-12-31,False,False,False
Yescarta,FY2019,Total,456.0,USD,"Gilead Sciences Announces Fourth Quarter and Full Year 2019 Financial Results (press release, 4 Feb 2020)",https://www.gilead.com/news-and-press/press-room/press-releases/2020/2/gilead-sciences-announces-fourth-quarter-and-full-year-2019-financial-results,verified-from-source,,yescarta,1.0,456.0,2019-01-01,2019-12-31,True,False,True
Yescarta,FY2020,US,362.0,USD,"Gilead Sciences Announces Fourth Quarter and Full Year 2021 Financial Results (press release, 1 Feb 2022)",https://www.gilead.com/news-and-press/press-room/press-releases/2022/2/gilead-sciences-announces-fourth-quarter-and-full-year-2021-financial-results,verified-from-source,Prior-year comparative column. Region labels in source: United States / Europe / Other International / Total,yescarta,1.0,362.0,2020-01-01,2020-12-31,False,False,False
Yescarta,FY2020,Europe,191.0,USD,"Gilead Sciences Announces Fourth Quarter and Full Year 2021 Financial Results (press release, 1 Feb 2022)",https://www.gilead.com/news-and-press/press-room/press-releases/2022/2/gilead-sciences-announces-fourth-quarter-and-full-year-2021-financial-results,verified-from-source,,yescarta,1.0,191.0,2020-01-01,2020-12-31,False,False,False
Yescarta,FY2020,Other,10.0,USD,"Gilead Sciences Announces Fourth Quarter and Full Year 2021 Financial Results (press release, 1 Feb 2022)",https://www.gilead.com/news-and-press/press-room/press-releases/2022/2/gilead-sciences-announces-fourth-quarter-and-full-year-2021-financial-results,verified-from-source,,yescarta,1.0,10.0,2020-01-01,2020-12-31,False,False,False
Yescarta,FY2020,Total,563.0,USD,"Gilead Sciences Announces Fourth Quarter and Full Year 2021 Financial Results (press release, 1 Feb 2022)",https://www.gilead.com/news-and-press/press-room/press-releases/2022/2/gilead-sciences-announces-fourth-quarter-and-full-year-2021-financial-results,verified-from-source,,yescarta,1.0,563.0,2020-01-01,2020-12-31,True,False,True
Yescarta,FY2021,US,406.0,USD,"Gilead Sciences Announces Fourth Quarter and Full Year 2021 Financial Results (press release, 1 Feb 2022)",https://www.gilead.com/news-and-press/press-room/press-releases/2022/2/gilead-sciences-announces-fourth-quarter-and-full-year-2021-financial-results,verified-from-source,Region labels in source: United States / Europe / Other International / Total,yescarta,1.0,406.0,2021-01-01,2021-12-31,False,False,False
Yescarta,FY2021,Europe,253.0,USD,"Gilead Sciences Announces Fourth Quarter and Full Year 2021 Financial Results (press release, 1 Feb 2022)",https://www.gilead.com/news-and-press/press-room/press-releases/2022/2/gilead-sciences-announces-fourth-quarter-and-full-year-2021-financial-results,verified-from-source,,yescarta,1.0,253.0,2021-01-01,2021-12-31,False,False,False
Yescarta,FY2021,Other,36.0,USD,"Gilead Sciences Announces Fourth Quarter and Full Year 2021 Financial Results (press release, 1 Feb 2022)",https://www.gilead.com/news-and-press/press-room/press-releases/2022/2/gilead-sciences-announces-fourth-quarter-and-full-year-2021-financial-results,verified-from-source,,yescarta,1.0,36.0,2021-01-01,2021-12-31,False,False,False
Yescarta,FY2021,Total,695.0,USD,"Gilead Sciences Announces Fourth Quarter and Full Year 2021 Financial Results (press release, 1 Feb 2022)",https://www.gilead.com/news-and-press/press-room/press-releases/2022/2/gilead-sciences-announces-fourth-quarter-and-full-year-2021-financial-results,verified-from-source,,yescarta,1.0,695.0,2021-01-01,2021-12-31,True,False,True
Yescarta,FY2022,US,747.0,USD,"Gilead Sciences Announces Fourth Quarter and Full Year 2023 Financial Results (press release, 6 Feb 2024)",https://investors.gilead.com/news/news-details/2024/Gilead-Sciences-Announces-Fourth-Quarter-and-Full-Year-2023-Financial-Results/default.aspx,verified-from-source,Prior-year comparative column. Europe quarters sum to 356 (rounding). Region labels in source: United States / Europe / Other International / Total,yescarta,1.0,747.0,2022-01-01,2022-12-31,False,False,False
Yescarta,FY2022,Europe,355.0,USD,"Gilead Sciences Announces Fourth Quarter and Full Year 2023 Financial Results (press release, 6 Feb 2024)",https://investors.gilead.com/news/news-details/2024/Gilead-Sciences-Announces-Fourth-Quarter-and-Full-Year-2023-Financial-Results/default.aspx,verified-from-source,,yescarta,1.0,355.0,2022-01-01,2022-12-31,False,False,False
Yescarta,FY2022,Other,57.0,USD,"Gilead Sciences Announces Fourth Quarter and Full Year 2023 Financial Results (press release, 6 Feb 2024)",https://investors.gilead.com/news/news-details/2024/Gilead-Sciences-Announces-Fourth-Quarter-and-Full-Year-2023-Financial-Results/default.aspx,verified-from-source,,yescarta,1.0,57.0,2022-01-01,2022-12-31,False,False,False
Yescarta,FY2022,Total,1160.0,USD,"Gilead Sciences Announces Fourth Quarter and Full Year 2023 Financial Results (press release, 6 Feb 2024)",https://investors.gilead.com/news/news-details/2024/Gilead-Sciences-Announces-Fourth-Quarter-and-Full-Year-2023-Financial-Results/default.aspx,verified-from-source,,yescarta,1.0,1160.0,2022-01-01,2022-12-31,True,False,True
Yescarta,FY2023,US,811.0,USD,"Gilead Sciences Announces Fourth Quarter and Full Year 2023 Financial Results (press release, 6 Feb 2024)",https://investors.gilead.com/news/news-details/2024/Gilead-Sciences-Announces-Fourth-Quarter-and-Full-Year-2023-Financial-Results/default.aspx,verified-from-source,Europe quarters sum to 548 (rounding). Region labels in source: United States / Europe / Other International / Total,yescarta,1.0,811.0,2023-01-01,2023-12-31,False,False,False
Yescarta,FY2023,Europe,547.0,USD,"Gilead Sciences Announces Fourth Quarter and Full Year 2023 Financial Results (press release, 6 Feb 2024)",https://investors.gilead.com/news/news-details/2024/Gilead-Sciences-Announces-Fourth-Quarter-and-Full-Year-2023-Financial-Results/default.aspx,verified-from-source,,yescarta,1.0,547.0,2023-01-01,2023-12-31,False,False,False
Yescarta,FY2023,Other,140.0,USD,"Gilead Sciences Announces Fourth Quarter and Full Year 2023 Financial Results (press release, 6 Feb 2024)",https://investors.gilead.com/news/news-details/2024/Gilead-Sciences-Announces-Fourth-Quarter-and-Full-Year-2023-Financial-Results/default.aspx,verified-from-source,,yescarta,1.0,140.0,2023-01-01,2023-12-31,False,False,False
Yescarta,FY2023,Total,1498.0,USD,"Gilead Sciences Announces Fourth Quarter and Full Year 2023 Financial Results (press release, 6 Feb 2024)",https://investors.gilead.com/news/news-details/2024/Gilead-Sciences-Announces-Fourth-Quarter-and-Full-Year-2023-Financial-Results/default.aspx,verified-from-source,,yescarta,1.0,1498.0,2023-01-01,2023-12-31,True,False,True
Yescarta,FY2024,US,662.0,USD,"Gilead Sciences Announces Fourth Quarter and Full Year 2025 Financial Results (press release, Feb 2026)",https://investors.gilead.com/news/news-details/2026/Gilead-Sciences-Announces-Fourth-Quarter-and-Full-Year-2025-Financial-Results/default.aspx,verified-from-source,Prior-year comparative column. Region labels in source: U.S. / Europe / Rest of World / Total,yescarta,1.0,662.0,2024-01-01,2024-12-31,False,False,False
Yescarta,FY2024,Europe,666.0,USD,"Gilead Sciences Announces Fourth Quarter and Full Year 2025 Financial Results (press release, Feb 2026)",https://investors.gilead.com/news/news-details/2026/Gilead-Sciences-Announces-Fourth-Quarter-and-Full-Year-2025-Financial-Results/default.aspx,verified-from-source,,yescarta,1.0,666.0,2024-01-01,2024-12-31,False,False,False
Yescarta,FY2024,Other,242.0,USD,"Gilead Sciences Announces Fourth Quarter and Full Year 2025 Financial Results (press release, Feb 2026)",https://investors.gilead.com/news/news-details/2026/Gilead-Sciences-Announces-Fourth-Quarter-and-Full-Year-2025-Financial-Results/default.aspx,verified-from-source,,yescarta,1.0,242.0,2024-01-01,2024-12-31,False,False,False
Yescarta,FY2024,Total,1570.0,USD,"Gilead Sciences Announces Fourth Quarter and Full Year 2025 Financial Results (press release, Feb 2026)",https://investors.gilead.com/news/news-details/2026/Gilead-Sciences-Announces-Fourth-Quarter-and-Full-Year-2025-Financial-Results/default.aspx,verified-from-source,,yescarta,1.0,1570.0,2024-01-01,2024-12-31,True,False,True
Yescarta,FY2025,US,595.0,USD,"Gilead Sciences Announces Fourth Quarter and Full Year 2025 Financial Results (press release, Feb 2026)",https://investors.gilead.com/news/news-details/2026/Gilead-Sciences-Announces-Fourth-Quarter-and-Full-Year-2025-Financial-Results/default.aspx,verified-from-source,Region labels in source: U.S. / Europe / Rest of World / Total,yescarta,1.0,595.0,2025-01-01,2025-12-31,False,False,False
Yescarta,FY2025,Europe,598.0,USD,"Gilead Sciences Announces Fourth Quarter and Full Year 2025 Financial Results (press release, Feb 2026)",https://investors.gilead.com/news/news-details/2026/Gilead-Sciences-Announces-Fourth-Quarter-and-Full-Year-2025-Financial-Results/default.aspx,verified-from-source,,yescarta,1.0,598.0,2025-01-01,2025-12-31,False,False,False
Yescarta,FY2025,Other,303.0,USD,"Gilead Sciences Announces Fourth Quarter and Full Year 2025 Financial Results (press release, Feb 2026)",https://investors.gilead.com/news/news-details/2026/Gilead-Sciences-Announces-Fourth-Quarter-and-Full-Year-2025-Financial-Results/default.aspx,verified-from-source,,yescarta,1.0,303.0,2025-01-01,2025-12-31,False,False,False
Yescarta,FY2025,Total,1495.0,USD,"Gilead Sciences Announces Fourth Quarter and Full Year 2025 Financial Results (press release, Feb 2026)",https://investors.gilead.com/news/news-details/2026/Gilead-Sciences-Announces-Fourth-Quarter-and-Full-Year-2025-Financial-Results/default.aspx,verified-from-source,,yescarta,1.0,1495.0,2025-01-01,2025-12-31,True,False,True
Zolgensma (onasemnogene abeparvovec),2019Q2,Total (worldwide),15.0,USD,"Novartis Interim Financial Report Q2 2020 (Form 6-K Ex-99.2), prior-year column",https://www.sec.gov/Archives/edgar/data/1114448/000137036820000069/a200721-99_2.htm,verified-from-source,"First quarter with sales; FDA approval 24 May 2019, US launch June 2019 | Novartis top-20 brand table reports worldwide total only; no US / ex-US split is disclosed at product level.",zolgensma,1.0,15.0,2019-04-01,2019-06-30,True,False,True
Zolgensma (onasemnogene abeparvovec),2019Q3,Total (worldwide),160.0,USD,"Novartis Interim Financial Report Q3 2020 (Form 6-K Ex-99.2), prior-year column",https://www.sec.gov/Archives/edgar/data/1114448/000137036820000086/a201027-99_2.htm,verified-from-source,Novartis top-20 brand table reports worldwide total only; no US / ex-US split is disclosed at product level.,zolgensma,1.0,160.0,2019-07-01,2019-09-30,True,False,True
Zolgensma (onasemnogene abeparvovec),2019Q4,Total (worldwide),186.0,USD,"Novartis Interim Financial Report Q4/FY2020 (Form 6-K Ex-99.2), prior-year column",https://www.sec.gov/Archives/edgar/data/1114448/000137036821000008/a210126-99_2.htm,verified-from-source,Novartis top-20 brand table reports worldwide total only; no US / ex-US split is disclosed at product level.,zolgensma,1.0,186.0,2019-10-01,2019-12-31,True,False,True
Zolgensma (onasemnogene abeparvovec),FY2019,Total (worldwide),361.0,USD,"Novartis Interim Financial Report Q4/FY2020 (Form 6-K Ex-99.2), prior-year column",https://www.sec.gov/Archives/edgar/data/1114448/000137036821000008/a210126-99_2.htm,verified-from-source,Annual total; equals Q2+Q3+Q4 2019 | Novartis top-20 brand table reports worldwide total only; no US / ex-US split is disclosed at product level.,zolgensma,1.0,361.0,2019-01-01,2019-12-31,True,False,True
Zolgensma (onasemnogene abeparvovec),2020Q1,Total (worldwide),170.0,USD,Novartis Interim Financial Report Q1 2020 (Form 6-K Ex-99.2),https://www.sec.gov/Archives/edgar/data/1114448/000137036820000061/a200428-99_2.htm,verified-from-source,Novartis top-20 brand table reports worldwide total only; no US / ex-US split is disclosed at product level.,zolgensma,1.0,170.0,2020-01-01,2020-03-31,True,False,True
Zolgensma (onasemnogene abeparvovec),2020Q2,Total (worldwide),205.0,USD,Novartis Interim Financial Report Q2 2020 (Form 6-K Ex-99.2),https://www.sec.gov/Archives/edgar/data/1114448/000137036820000069/a200721-99_2.htm,verified-from-source,H1 2020 = USD 375m | Novartis top-20 brand table reports worldwide total only; no US / ex-US split is disclosed at product level.,zolgensma,1.0,205.0,2020-04-01,2020-06-30,True,False,True
Zolgensma (onasemnogene abeparvovec),2020Q3,Total (worldwide),291.0,USD,Novartis Interim Financial Report Q3 2020 (Form 6-K Ex-99.2),https://www.sec.gov/Archives/edgar/data/1114448/000137036820000086/a201027-99_2.htm,verified-from-source,9M 2020 = USD 666m | Novartis top-20 brand table reports worldwide total only; no US / ex-US split is disclosed at product level.,zolgensma,1.0,291.0,2020-07-01,2020-09-30,True,False,True
Zolgensma (onasemnogene abeparvovec),2020Q4,Total (worldwide),254.0,USD,Novartis Interim Financial Report Q4/FY2020 (Form 6-K Ex-99.2),https://www.sec.gov/Archives/edgar/data/1114448/000137036821000008/a210126-99_2.htm,verified-from-source,"+37% USD, +33% cc | Novartis top-20 brand table reports worldwide total only; no US / ex-US split is disclosed at product level.",zolgensma,1.0,254.0,2020-10-01,2020-12-31,True,False,True
Zolgensma (onasemnogene abeparvovec),FY2020,Total (worldwide),920.0,USD,Novartis Interim Financial Report Q4/FY2020 (Form 6-K Ex-99.2),https://www.sec.gov/Archives/edgar/data/1114448/000137036821000008/a210126-99_2.htm,verified-from-source,+155% USD; equals sum of 2020 quarters | Novartis top-20 brand table reports worldwide total only; no US / ex-US split is disclosed at product level.,zolgensma,1.0,920.0,2020-01-01,2020-12-31,True,False,True
Zolgensma (onasemnogene abeparvovec),2021Q1,Total (worldwide),319.0,USD,"Novartis Financial Report Q1 2021 (Form 6-K Ex-99.1), Net sales of the top 20 Innovative Medicines products",https://www.sec.gov/Archives/edgar/data/1114448/000137036821000041/a210427-99_1.htm,verified-from-source,"+88% USD, +81% cc | Novartis top-20 brand table reports worldwide total only; no US / ex-US split is disclosed at product level.",zolgensma,1.0,319.0,2021-01-01,2021-03-31,True,False,True
Zolgensma (onasemnogene abeparvovec),2021Q2,Total (worldwide),315.0,USD,"Novartis Financial Report Q2 2021 (Form 6-K Ex-99.1), Net sales of the top 20 Innovative Medicines products",https://www.sec.gov/Archives/edgar/data/1114448/000137036821000055/nvs-20210630-99_1.htm,verified-from-source,H1 2021 = USD 634m | Novartis top-20 brand table reports worldwide total only; no US / ex-US split is disclosed at product level.,zolgensma,1.0,315.0,2021-04-01,2021-06-30,True,False,True
Zolgensma (onasemnogene abeparvovec),2021Q3,Total (worldwide),375.0,USD,"Novartis Financial Report Q3 2021 (Form 6-K Ex-99.1), Net sales of the top 20 Innovative Medicines products",https://www.sec.gov/Archives/edgar/data/1114448/000137036821000072/a211026-99_1.htm,verified-from-source,9M 2021 = USD 1009m | Novartis top-20 brand table reports worldwide total only; no US / ex-US split is disclosed at product level.,zolgensma,1.0,375.0,2021-07-01,2021-09-30,True,False,True
Zolgensma (onasemnogene abeparvovec),2021Q4,Total (worldwide),342.0,USD,"Novartis Financial Report Q4/FY2021 (Form 6-K Ex-99.1), Net sales of the top 20 Innovative Medicines products",https://www.sec.gov/Archives/edgar/data/1114448/000137036822000009/a220202-99_1.htm,verified-from-source,"+35% USD, +36% cc | Novartis top-20 brand table reports worldwide total only; no US / ex-US split is disclosed at product level.",zolgensma,1.0,342.0,2021-10-01,2021-12-31,True,False,True
Zolgensma (onasemnogene abeparvovec),FY2021,Total (worldwide),1351.0,USD,"Novartis Financial Report Q4/FY2021 (Form 6-K Ex-99.1), Net sales of the top 20 Innovative Medicines products",https://www.sec.gov/Archives/edgar/data/1114448/000137036822000009/a220202-99_1.htm,verified-from-source,+47% USD; equals sum of 2021 quarters | Novartis top-20 brand table reports worldwide total only; no US / ex-US split is disclosed at product level.,zolgensma,1.0,1351.0,2021-01-01,2021-12-31,True,False,True
Zolgensma (onasemnogene abeparvovec),2022Q1,Total (worldwide),363.0,USD,"Novartis Financial Report Q1 2022 (Form 6-K Ex-99.1), Net sales of the top 20 Innovative Medicines products",https://www.sec.gov/Archives/edgar/data/1114448/000137036822000038/a220426-99_1.htm,verified-from-source,"+14% USD, +18% cc | Novartis top-20 brand table reports worldwide total only; no US / ex-US split is disclosed at product level.",zolgensma,1.0,363.0,2022-01-01,2022-03-31,True,False,True
Zolgensma (onasemnogene abeparvovec),2022Q2,Total (worldwide),379.0,USD,"Novartis Financial Report Q2 2022 (Form 6-K Ex-99.1), Net sales of the top 20 Innovative Medicines products",https://www.sec.gov/Archives/edgar/data/1114448/000137036822000059/nvs-20220630-99_1.htm,verified-from-source,H1 2022 = USD 742m | Novartis top-20 brand table reports worldwide total only; no US / ex-US split is disclosed at product level.,zolgensma,1.0,379.0,2022-04-01,2022-06-30,True,False,True
Zolgensma (onasemnogene abeparvovec),2022Q3,Total (worldwide),319.0,USD,"Novartis Financial Report Q3 2022 (Form 6-K Ex-99.1), Net sales of the top 20 Innovative Medicines products",https://www.sec.gov/Archives/edgar/data/1114448/000137036822000077/a221025-99_1.htm,verified-from-source,9M 2022 = USD 1061m; -15% USD | Novartis top-20 brand table reports worldwide total only; no US / ex-US split is disclosed at product level.,zolgensma,1.0,319.0,2022-07-01,2022-09-30,True,False,True
Zolgensma (onasemnogene abeparvovec),2022Q4,Total (worldwide),309.0,USD,"Novartis Interim Financial Report Q4/FY2023 (Form 6-K Ex-99.2), prior-year column",https://www.sec.gov/Archives/edgar/data/1114448/000137036824000007/a240131-99_2.htm,verified-from-source,Q4 2022 read from FY2023 report prior-year column; FY2022 6-K exhibits are PDF-only on EDGAR | Novartis top-20 brand table reports worldwide total only; no US / ex-US split is disclosed at product level.,zolgensma,1.0,309.0,2022-10-01,2022-12-31,True,False,True
Zolgensma (onasemnogene abeparvovec),FY2022,Total (worldwide),1370.0,USD,"Novartis Interim Financial Report Q4/FY2023 (Form 6-K Ex-99.2), prior-year column",https://www.sec.gov/Archives/edgar/data/1114448/000137036824000007/a240131-99_2.htm,verified-from-source,Annual total; 9M 2022 (1061) + Q4 2022 (309) = 1370 | Novartis top-20 brand table reports worldwide total only; no US / ex-US split is disclosed at product level.,zolgensma,1.0,1370.0,2022-01-01,2022-12-31,True,False,True
Zolgensma (onasemnogene abeparvovec),2023Q1,Total (worldwide),309.0,USD,Novartis Interim Financial Report Q1 2023 (Form 6-K Ex-99.2),https://www.sec.gov/Archives/edgar/data/1114448/000137036823000046/a230425-99_2.htm,verified-from-source,"-15% USD, -14% cc. Q1 2024 report restates prior-year Q1 2023 as 310 | Novartis top-20 brand table reports worldwide total only; no US / ex-US split is disclosed at product level.",zolgensma,1.0,309.0,2023-01-01,2023-03-31,True,False,True
Zolgensma (onasemnogene abeparvovec),2023Q2,Total (worldwide),311.0,USD,"Novartis Financial Report Q2 2023 (Form 6-K Ex-99.1), Net sales of the top 20 brands",https://www.sec.gov/Archives/edgar/data/1114448/000137036823000059/nvs-20230630-99_1.htm,verified-from-source,"H1 2023 = USD 620m; -18% USD, -16% cc | Novartis top-20 brand table reports worldwide total only; no US / ex-US split is disclosed at product level.",zolgensma,1.0,311.0,2023-04-01,2023-06-30,True,False,True
Zolgensma (onasemnogene abeparvovec),2023Q3,Total (worldwide),308.0,USD,Novartis Interim Financial Report Q3 2023 (Form 6-K Ex-99.2),https://www.sec.gov/Archives/edgar/data/1114448/000137036823000068/a231024-99_2.htm,verified-from-source,"9M 2023 = USD 928m; -3% USD, -2% cc | Novartis top-20 brand table reports worldwide total only; no US / ex-US split is disclosed at product level.",zolgensma,1.0,308.0,2023-07-01,2023-09-30,True,False,True
Zolgensma (onasemnogene abeparvovec),2023Q4,Total (worldwide),286.0,USD,Novartis Interim Financial Report Q4/FY2023 (Form 6-K Ex-99.2),https://www.sec.gov/Archives/edgar/data/1114448/000137036824000007/a240131-99_2.htm,verified-from-source,"-7% USD, -4% cc | Novartis top-20 brand table reports worldwide total only; no US / ex-US split is disclosed at product level.",zolgensma,1.0,286.0,2023-10-01,2023-12-31,True,False,True
Zolgensma (onasemnogene abeparvovec),FY2023,Total (worldwide),1214.0,USD,Novartis Interim Financial Report Q4/FY2023 (Form 6-K Ex-99.2),https://www.sec.gov/Archives/edgar/data/1114448/000137036824000007/a240131-99_2.htm,verified-from-source,"-11% USD, -9% cc | Novartis top-20 brand table reports worldwide total only; no US / ex-US split is disclosed at product level.",zolgensma,1.0,1214.0,2023-01-01,2023-12-31,True,False,True
Zolgensma (onasemnogene abeparvovec),2024Q1,Total (worldwide),295.0,USD,Novartis Interim Financial Report Q1 2024 (Form 6-K Ex-99.2),https://www.sec.gov/Archives/edgar/data/1114448/000137036824000017/a240423-99_2.htm,verified-from-source,"-5% USD, -3% cc | Novartis top-20 brand table reports worldwide total only; no US / ex-US split is disclosed at product level.",zolgensma,1.0,295.0,2024-01-01,2024-03-31,True,False,True
Zolgensma (onasemnogene abeparvovec),2024Q2,Total (worldwide),349.0,USD,"Novartis Financial Report Q2 2024 (Form 6-K Ex-99.1), Net sales of the top 20 brands",https://www.sec.gov/Archives/edgar/data/1114448/000137036824000019/nvs-20240630-99_1.htm,verified-from-source,"H1 2024 = USD 644m; +12% USD, +14% cc | Novartis top-20 brand table reports worldwide total only; no US / ex-US split is disclosed at product level.",zolgensma,1.0,349.0,2024-04-01,2024-06-30,True,False,True
Zolgensma (onasemnogene abeparvovec),2024Q3,Total (worldwide),308.0,USD,Novartis Interim Financial Report Q3 2024 (Form 6-K Ex-99.2),https://www.sec.gov/Archives/edgar/data/1114448/000137036824000022/a241029-99_2.htm,verified-from-source,"9M 2024 = USD 952m; 0% USD, +1% cc | Novartis top-20 brand table reports worldwide total only; no US / ex-US split is disclosed at product level.",zolgensma,1.0,308.0,2024-07-01,2024-09-30,True,False,True
Zolgensma (onasemnogene abeparvovec),2024Q4,Total (worldwide),262.0,USD,Novartis Interim Financial Report Q4/FY2024 (Form 6-K Ex-99.2),https://www.sec.gov/Archives/edgar/data/1114448/000137036825000007/a250131-99_2.htm,verified-from-source,"-8% USD, -6% cc | Novartis top-20 brand table reports worldwide total only; no US / ex-US split is disclosed at product level.",zolgensma,1.0,262.0,2024-10-01,2024-12-31,True,False,True
Zolgensma (onasemnogene abeparvovec),FY2024,Total (worldwide),1214.0,USD,Novartis Interim Financial Report Q4/FY2024 (Form 6-K Ex-99.2),https://www.sec.gov/Archives/edgar/data/1114448/000137036825000007/a250131-99_2.htm,verified-from-source,Flat vs FY2023. FY2025 report shows FY2024 as 1220 on a Zolgensma Group basis | Novartis top-20 brand table reports worldwide total only; no US / ex-US split is disclosed at product level.,zolgensma,1.0,1214.0,2024-01-01,2024-12-31,True,False,True
Zolgensma (onasemnogene abeparvovec),2025Q1,Total (worldwide),327.0,USD,"Novartis Interim Financial Report Q1 2026 (Form 6-K Ex-99.2), prior-year column",https://www.sec.gov/Archives/edgar/data/1114448/000111444826000010/a260428-99_2.htm,verified-from-source,Also implied by H1 2025 (624) minus Q2 2025 (297) | Novartis top-20 brand table reports worldwide total only; no US / ex-US split is disclosed at product level.,zolgensma,1.0,327.0,2025-01-01,2025-03-31,True,False,True
Zolgensma (onasemnogene abeparvovec),2025Q2,Total (worldwide),297.0,USD,Novartis Interim Financial Report Q2 2025 (Form 6-K Ex-99.2),https://www.sec.gov/Archives/edgar/data/1114448/000137036825000012/nvs-20250630-99_2.htm,verified-from-source,"H1 2025 = USD 624m; -15% USD, -17% cc | Novartis top-20 brand table reports worldwide total only; no US / ex-US split is disclosed at product level.",zolgensma,1.0,297.0,2025-04-01,2025-06-30,True,False,True
Zolgensma (onasemnogene abeparvovec),2025Q3,Total (worldwide),301.0,USD,Novartis Interim Financial Report Q3 2025 (Form 6-K Ex-99.2),https://www.sec.gov/Archives/edgar/data/1114448/000111444825000003/a251028-99_2.htm,verified-from-source,"9M 2025 = USD 925m; -2% USD, -5% cc | Novartis top-20 brand table reports worldwide total only; no US / ex-US split is disclosed at product level.",zolgensma,1.0,301.0,2025-07-01,2025-09-30,True,False,True
Zolgensma (onasemnogene abeparvovec),2025Q4,Total (worldwide),307.0,USD,"Novartis Financial Report Q4/FY2025 (Form 6-K Ex-99.1), Net sales of the top 20 brands",https://www.sec.gov/Archives/edgar/data/1114448/000111444826000007/a260204-99_1.htm,verified-from-source,"Reported as Zolgensma Group; +17% USD, +12% cc. Itvisma (IT formulation) approved in US and UAE in Q4 2025 | Novartis top-20 brand table reports worldwide total only; no US / ex-US split is disclosed at product level.",zolgensma,1.0,307.0,2025-10-01,2025-12-31,True,False,True
Zolgensma (onasemnogene abeparvovec),FY2025,Total (worldwide),1232.0,USD,"Novartis Financial Report Q4/FY2025 (Form 6-K Ex-99.1), Net sales of the top 20 brands",https://www.sec.gov/Archives/edgar/data/1114448/000111444826000007/a260204-99_1.htm,verified-from-source,"Zolgensma Group; +1% USD, 0% cc; equals sum of 2025 quarters | Novartis top-20 brand table reports worldwide total only; no US / ex-US split is disclosed at product level.",zolgensma,1.0,1232.0,2025-01-01,2025-12-31,True,False,True
Zolgensma (onasemnogene abeparvovec),2026Q1,Total (worldwide),302.0,USD,Novartis Interim Financial Report Q1 2026 (Form 6-K Ex-99.2),https://www.sec.gov/Archives/edgar/data/1114448/000111444826000010/a260428-99_2.htm,verified-from-source,"Zolgensma Group; -8% USD, -12% cc | Novartis top-20 brand table reports worldwide total only; no US / ex-US split is disclosed at product level.",zolgensma,1.0,302.0,2026-01-01,2026-03-31,True,False,True
Zolgensma (onasemnogene abeparvovec),2026Q2,Total (worldwide),365.0,USD,"Novartis Financial Report Q2 2026 (Form 6-K Ex-99.1), Net sales of the top 20 brands",https://www.sec.gov/Archives/edgar/data/1114448/000111444826000012/nvs-20260630-99_1.htm,verified-from-source,"Zolgensma Group; +23% USD, +20% cc; latest reported quarter as of 2026-09-04 | Novartis top-20 brand table reports worldwide total only; no US / ex-US split is disclosed at product level.",zolgensma,1.0,365.0,2026-04-01,2026-06-30,True,False,True
Zolgensma (onasemnogene abeparvovec),H1 2026,Total (worldwide),667.0,USD,"Novartis Financial Report Q2 2026 (Form 6-K Ex-99.1), Net sales of the top 20 brands",https://www.sec.gov/Archives/edgar/data/1114448/000111444826000012/nvs-20260630-99_1.htm,verified-from-source,"Zolgensma Group half-year total; +7% USD, +3% cc | Novartis top-20 brand table reports worldwide total only; no US / ex-US split is disclosed at product level.",zolgensma,1.0,667.0,2026-01-01,2026-06-30,True,False,True
