product,system,country,body,indication_key,indication_text,regulatory_approval_date,submission_or_start_date,decision_date,outcome,arrangement_type,arrangement_detail,added_benefit_or_rating,price_at_decision,price_currency,price_basis,stated_reasons_verbatim,document_title,document_id,source_url,fetched_date,status,notes,source_file,product_key,approval_dt,approval_basis,decision_dt,fda_dt,months_approval_to_decision,months_fda_to_decision,usable
Kymriah,Italy,Italy,AIFA,ALL_ped,"Pazienti pediatrici e giovani adulti fino a venticinque anni di eta' con leucemia linfoblastica acuta (LLA) a cellule B che e' refrattaria, in recidiva post-trapianto o in seconda o ulteriore recidiva.",2018-08-23,2019-05-20,2019-08-12,recommended-managed-access,outcomes-based,"classe H; 'Per l'indicazione LLA e' prevista una modalita' di pagamento condizionato (payment at results) all'infusione, a sei e a dodici mesi, come da condizioni negoziali'; registro di monitoraggio AIFA (scheda di arruolamento e follow-up)",innovatività piena,320000,EUR,"ex-factory GU (prezzo al pubblico IVA inclusa EUR 528.128,00; sconto/condizioni negoziali confidenziali)","Scheda innovatività (CTS gennaio 2019): 'In considerazione della rarità della malattia, si ritiene che a Kymriah possa essere riconosciuta l'innovatività in questa indicazione in considerazione del 1) bisogno terapeutico importante 2) valore terapeutico aggiunto importante 3) qualità delle prove moderata. L'innovatività verrà rivalutata dopo un anno.'",Regime di rimborsabilita' e prezzo del medicinale per uso umano «Kymriah». (Determina n. 1264/2019) - GU Serie Generale n.188 del 12-08-2019,19A05147,https://www.gazzettaufficiale.it/atto/serie_generale/caricaDettaglioAtto/originario?atto.dataPubblicazioneGazzetta=2019-08-12&atto.codiceRedazionale=19A05147,2026-09-05,verified-from-source,"Cnn: Determina n. 50162/2019 del 6 maggio 2019, GU n.116 del 20-05-2019 (19A03206). Domanda di rimborsabilità protocollata 6 luglio 2018; CTS 5-8 marzo 2019; CPR 3 luglio 2019; CdA AIFA 7 agosto 2019. Innovatività 12 mesi, confermata per ulteriori 24 mesi con Determina DG 776/2020 (CTS 15-17 luglio 2020), GU n.196 del 06-08-2020 (20A04332). Validità contratto 18 mesi. Fondo farmaci innovativi oncologici. Numero pazienti eleggibili non indicato nella determina né nella scheda.",decisions_aifa.csv,kymriah,2018-08-23,stated by agent,2019-08-12,2017-08-30,11.6,23.4,True
Kymriah,Italy,Italy,AIFA,LBCL_3L,Pazienti adulti con linfoma diffuso a grandi cellule B (DLBCL) in recidiva o refrattario dopo due o piu' linee di terapia sistemica.,2018-08-23,2019-05-20,2019-08-12,recommended-managed-access,outcomes-based,"classe H; 'Per l'indicazione DLBCL e' previsto uno sconto obbligatorio sul prezzo ex factory ... e una modalita' di pagamento condizionato (payment at results) all'infusione, a sei e a dodici mesi, come da condizioni negoziali'; registro AIFA",innovatività piena,320000,EUR,"ex-factory GU (prezzo al pubblico IVA inclusa EUR 528.128,00; sconto confidenziale)","Scheda innovatività (CTS gennaio 2019): 'Data la rarità del DLBCL, si ritiene che a Kymriah possa essere riconosciuta l'innovatività in questa indicazione in considerazione del 1) bisogno terapeutico importante 2) valore terapeutico aggiunto importante 3) qualità delle prove bassa. L'innovatività verrà rivalutata dopo un anno. Giudizio espresso a maggioranza, con il parere divergente di due componenti che non ritengono possibile riconoscere l'innovatività piena sulla base delle prove disponibili.'",Regime di rimborsabilita' e prezzo del medicinale per uso umano «Kymriah». (Determina n. 1264/2019) - GU Serie Generale n.188 del 12-08-2019,19A05147,https://www.gazzettaufficiale.it/atto/serie_generale/caricaDettaglioAtto/originario?atto.dataPubblicazioneGazzetta=2019-08-12&atto.codiceRedazionale=19A05147,2026-09-05,verified-from-source,Same determina as ALL row. Cnn GU 20-05-2019. Domanda 6 luglio 2018; CTS 5-8 marzo 2019; CPR 3 luglio 2019. Innovatività confermata Determina DG 776/2020 GU 06-08-2020. Validità 18 mesi.,decisions_aifa.csv,kymriah,2018-08-23,stated by agent,2019-08-12,2017-08-30,11.6,23.4,True
Kymriah,Italy,Italy,AIFA,ALL_ped;LBCL_3L,"Kymriah e' indicato per il trattamento di: pazienti pediatrici e giovani adulti fino a venticinque anni di eta' con LLA a cellule B refrattaria, in recidiva post-trapianto o in seconda o ulteriore recidiva; pazienti adulti con DLBCL in recidiva o refrattario dopo due o piu' linee di terapia sistemica.",2018-08-23,,2022-12-12,recommended-managed-access,outcomes-based,"Rinegoziazione: classe H confermata; sconto obbligatorio (DLBCL) e payment at results all'infusione, a sei e a dodici mesi confermati per entrambe le indicazioni; registro confermato; accordo novativo della Determina 1264/2019",innovatività piena (scaduta; non oggetto della rinegoziazione),320000,EUR,"ex-factory GU (prezzo al pubblico IVA inclusa EUR 528.128,00)",,"Rinegoziazione del medicinale per uso umano «Kymriah» ai sensi dell'articolo 8, comma 10, della legge 24 dicembre 1993, n. 537. (Determina n. 846/2022) - GU Serie Generale n.289 del 12-12-2022",22A06867,https://www.gazzettaufficiale.it/atto/serie_generale/caricaDettaglioAtto/originario?atto.dataPubblicazioneGazzetta=2022-12-12&atto.codiceRedazionale=22A06867,2026-09-05,verified-from-source,Renegotiation row. Domanda di rinegoziazione 23 dicembre 2020; CTS 14 dicembre 2021; CPR 21-23 settembre 2022; CdA 31 ottobre 2022. Validità contratto 12 mesi.,decisions_aifa.csv,kymriah,2018-08-23,stated by agent,2022-12-12,2017-08-30,51.6,63.4,True
Kymriah,Italy,Italy,AIFA,FL_3L,Kymriah e' indicato per il trattamento di pazienti adulti con linfoma follicolare (LF) in recidiva o refrattario dopo due o piu' linee di terapia sistemica,2022-05-30,,2023-08-08,recommended-restricted,confidential-discount,"classe H; sconto obbligatorio sul prezzo ex factory; 'E' confermato il pagamento del prezzo di cessione al SSN delle sole unita' infuse. La cessione dei lotti fuori specifica (OOS) avviene a titolo gratuito. E' eliminata la modalita' di pagamento condizionato (payment at result) all'infusione, a sei e a dodici mesi'; registro AIFA per tutte le indicazioni",non innovativo,320000,EUR,"ex-factory GU (prezzo al pubblico IVA inclusa EUR 528.128,00)","Scheda innovatività (CTS giugno 2022): 'In considerazione del bisogno terapeutico moderato, del valore terapeutico aggiunto moderato e qualità delle evidenze molto bassa, non può essere riconosciuta a Kymriah® nell'indicazione richiesta l'innovatività.'","Regime di rimborsabilita' e prezzo, a seguito di nuove indicazioni terapeutiche, del medicinale per uso umano «Kymriah». (Determina n. 519/2023) - GU Serie Generale n.184 del 08-08-2023",23A04400,https://www.gazzettaufficiale.it/atto/serie_generale/caricaDettaglioAtto/originario?atto.dataPubblicazioneGazzetta=2023-08-08&atto.codiceRedazionale=23A04400,2026-09-05,verified-from-source,"Extension of indication. EU FL indication approved 2022-05-30 (EC decision; from EMA records, not in the Determina). Domanda 21 aprile 2022; CTS 7-9 e 14 settembre 2022; CPR 23-26 maggio 2023; CdA 21 giugno 2023. Validità 24 mesi. The determina also removes payment at result for ALL and DLBCL for new patients (MEA continues only for patients already treated).",decisions_aifa.csv,kymriah,2022-05-30,stated by agent,2023-08-08,2017-08-30,14.3,71.3,True
Yescarta,Italy,Italy,AIFA,LBCL_3L,"«Yescarta» e' indicato per il trattamento di pazienti adulti con linfoma diffuso a grandi cellule B (diffuse large B-cell lymphoma, DLBCL) e linfoma primitivo del mediastino a grandi cellule B (primary mediastinal large B-cell lymphoma, PMBCL) refrattari o recidivanti, dopo due o piu' linee di terapia sistemica",2018-08-23,,2019-11-11,recommended-managed-access,outcomes-based,"classe H; 'Sconto obbligatorio sul prezzo ex factory ... e una modalita' di pagamento condizionato (payment at result) a 180, 270 e 365 giorni, come da condizioni negoziali'; registro AIFA",innovatività piena,327000,EUR,"ex-factory GU (prezzo al pubblico IVA inclusa EUR 539.680,80)","Scheda innovatività (CTS gennaio 2019): 'Data la rarità del DLBCL/PMBCL, si ritiene che a Yescarta possa essere riconosciuta l'innovatività in questa indicazione in considerazione del 1) bisogno terapeutico importante 2) valore terapeutico aggiunto importante 3) qualità delle prove moderata. L'innovatività verrà rivalutata dopo un anno. Giudizio espresso a maggioranza, con il parere divergente di due componenti che non ritengono possibile riconoscere l'innovatività piena sulla base delle prove disponibili.'",Regime di rimborsabilita' e prezzo del medicinale per uso umano «Yescarta». (Determina n. DG/1643/2019) - GU Serie Generale n.264 del 11-11-2019,19A06932,https://www.gazzettaufficiale.it/atto/serie_generale/caricaDettaglioAtto/originario?atto.dataPubblicazioneGazzetta=2019-11-11&atto.codiceRedazionale=19A06932,2026-09-05,verified-from-source,"No separate Cnn classification found (AIC attributed in the same determina; AIFA database dataRegistrazioneGU 2019-11-11). Domanda protocollata 6 luglio 2018; CTS 5-8 marzo 2019; CPR 24-26 settembre 2019. Innovatività 12 mesi, confermata per ulteriori 24 mesi con Determina DG/1082/2020, GU n.267 del 27-10-2020 (20A05871). Validità 18 mesi. Fondo farmaci innovativi oncologici.",decisions_aifa.csv,yescarta,2018-08-23,stated by agent,2019-11-11,2017-10-18,14.6,24.8,True
Yescarta,Italy,Italy,AIFA,LBCL_3L,"«Yescarta» e' indicato per il trattamento di pazienti adulti con linfoma diffuso a grandi cellule B (diffuse large B-cell lymphoma, DLBCL) e linfoma primitivo del mediastino a grandi cellule B (primary mediastinal large B-cell lymphoma, PMBCL) refrattari o recidivanti, dopo due o piu' linee di terapia sistemica",2018-08-23,,2022-12-13,recommended-restricted,confidential-discount,"Rinegoziazione: classe H; sconto obbligatorio; 'E' confermato il pagamento delle sole unita' di infusione. La cessione dei lotti fuori specifica (OOS) avviene a titolo gratuito. E' eliminata la modalita' di pagamento condizionato (payment at result), a centottanta, duecentosettanta e trecentosessantacinque giorni'; registro confermato",innovatività piena (scaduta; non oggetto della rinegoziazione),327000,EUR,"ex-factory GU (prezzo al pubblico IVA inclusa EUR 539.680,80)",,"Rinegoziazione del medicinale per uso umano «Yescarta», ai sensi dell'articolo 8, comma 10, della legge 24 dicembre 1993, n. 537. (Determina n. 878/2022) - GU Serie Generale n.290 del 13-12-2022",22A07030,https://www.gazzettaufficiale.it/atto/serie_generale/caricaDettaglioAtto/originario?atto.dataPubblicazioneGazzetta=2022-12-13&atto.codiceRedazionale=22A07030,2026-09-05,verified-from-source,Renegotiation row. Domanda 21 dicembre 2020; CTS 6-9 e 12 aprile 2021; CPR 21-23 settembre 2022; CdA 31 ottobre 2022. Validità 24 mesi. Accordo novativo della Determina DG/1643/2019.,decisions_aifa.csv,yescarta,2018-08-23,stated by agent,2022-12-13,2017-10-18,51.7,61.8,True
Yescarta,Italy,Italy,AIFA,LBCL_2L,«Yescarta» e' indicato per il trattamento di pazienti adulti con linfoma diffuso a grandi cellule B (DLBCL) e linfoma a cellule B ad alto grado (HGBL) refrattario alla chemioimmunoterapia di prima linea o recidivante entro dodici mesi dal completamento della chemioimmunoterapia di prima linea,2022-10-18,,2023-11-11,recommended-restricted,confidential-discount,classe H; 'Sconto obbligatorio sul prezzo ex factory su tutta la molecola'; 'Cessione gratuita dei prodotti fuori specifica e pagamento all'infusione'; registro AIFA,innovatività piena,327000,EUR,"ex-factory GU (prezzo al pubblico IVA inclusa EUR 539.680,80)","Scheda innovatività (CTS febbraio 2023): 'Dati i risultati del trial ZUMA-7 e l'unmet clinical need nel setting interessato dalla sperimentazione, si ritiene che a Yescarta possa essere riconosciuta una innovatività piena in questa indicazione in considerazione del 1) bisogno terapeutico moderato 2) valore terapeutico aggiunto importante 3) qualità delle evidenze moderata.'","Regime di rimborsabilita' e prezzo, a seguito di nuove indicazioni terapeutiche, del medicinale per uso umano «Yescarta». (Determina n. 675/2023) - GU Serie Generale n.264 del 11-11-2023",23A06207,https://www.gazzettaufficiale.it/atto/serie_generale/caricaDettaglioAtto/originario?atto.dataPubblicazioneGazzetta=2023-11-11&atto.codiceRedazionale=23A06207,2026-09-05,verified-from-source,"Extension of indication (EU 2L LBCL approval 2022-10-18 per EMA, not stated in Determina). CTS 6-10 febbraio 2023 e 8-10 marzo 2023; CPR 18-20 luglio 2023; CdA 20 settembre 2023. Innovatività efficace 12/11/2023 - 11/11/2026 (elenco AIFA farmaci innovativi 31.07.2026). Validità 24 mesi; accordo novativo della Determina 878/2022.",decisions_aifa.csv,yescarta,2022-10-18,stated by agent,2023-11-11,2017-10-18,12.8,72.8,True
Yescarta,Italy,Italy,AIFA,FL_4L,«Yescarta» e' indicato per il trattamento di pazienti adulti con linfoma follicolare (LF) r/r dopo tre o piu' linee di terapia sistemica,2022-06-20,,2023-11-11,recommended-restricted,confidential-discount,classe H; sconto obbligatorio su tutta la molecola; pagamento all'infusione; OOS gratuiti; registro AIFA,non innovativo,327000,EUR,"ex-factory GU (prezzo al pubblico IVA inclusa EUR 539.680,80)","Scheda innovatività (CTS marzo 2023): 'In considerazione del: 1) bisogno terapeutico moderato 2) valore terapeutico aggiunto moderato 3) qualità delle evidenze molto bassa, non può essere riconosciuta a Yescarta® nell'indicazione richiesta l'innovatività.'","Regime di rimborsabilita' e prezzo, a seguito di nuove indicazioni terapeutiche, del medicinale per uso umano «Yescarta». (Determina n. 675/2023) - GU Serie Generale n.264 del 11-11-2023",23A06207,https://www.gazzettaufficiale.it/atto/serie_generale/caricaDettaglioAtto/originario?atto.dataPubblicazioneGazzetta=2023-11-11&atto.codiceRedazionale=23A06207,2026-09-05,verified-from-source,Same determina as LBCL_2L row. EU FL indication approved 2022-06-20 (EMA record). CTS 6-10 febbraio 2023 e 8-10 marzo 2023; CPR 18-20 luglio 2023.,decisions_aifa.csv,yescarta,2022-06-20,stated by agent,2023-11-11,2017-10-18,16.7,72.8,True
Tecartus,Italy,Italy,AIFA,MCL_3L,"«Tecartus» e' indicato per il trattamento di pazienti adulti con linfoma a cellule mantellari (mantle cell lymphoma, MCL) recidivante o refrattario dopo due o piu' linee di terapia sistemica che includano un inibitore della tirosin chinasi di Bruton (Bruton's tyrosine kinase, BTK).",2020-12-14,2021-04-12,2022-03-11,recommended-restricted,confidential-discount,"classe H; sconto obbligatorio sul prezzo ex factory; 'Il pagamento del prezzo di cessione al SSN dovra' avvenire al momento dell'infusione, escludendo il pagamento delle infusioni fuori dalle specifiche'; registro AIFA",innovatività piena,360000,EUR,"ex-factory GU (prezzo al pubblico IVA inclusa EUR 594.144,00)","Scheda innovatività (CTS marzo 2021): 'Data la rarità del MCL, si ritiene che a Tecartus possa essere riconosciuta l'innovatività in questa indicazione in considerazione del 1) bisogno terapeutico importante 2) valore terapeutico aggiunto importante 3) qualità delle prove molto bassa.'","Riclassificazione del medicinale per uso umano «Tecartus», ai sensi dell'art. 8, comma 10, della legge 24 dicembre 1993, n. 537. (Determina n. 196/2022) - GU Serie Generale n.59 del 11-03-2022",22A01661,https://www.gazzettaufficiale.it/atto/serie_generale/caricaDettaglioAtto/originario?atto.dataPubblicazioneGazzetta=2022-03-11&atto.codiceRedazionale=22A01661,2026-09-05,verified-from-source,"Cnn: Determina n. 47/2021 del 2 aprile 2021, GU n.87 del 12-04-2021 (21A02163). Domanda 30 ottobre 2020; CTS 5-7 e 13 maggio 2021; CPR 21-25-27 gennaio 2022; CdA 10 febbraio 2022. Innovatività 12/03/2022-11/03/2025 (elenco AIFA). Validità 24 mesi. Registry criteria modified by Determina n. 104/2024, GU n.181 del 03-08-2024 (24A04031).",decisions_aifa.csv,tecartus,2020-12-14,stated by agent,2022-03-11,2020-07-24,14.8,19.5,True
Tecartus,Italy,Italy,AIFA,ALL_adult_26plus,"«Tecartus» e' indicato per il trattamento di pazienti adulti di eta' pari o superiore a ventisei anni con leucemia linfoblastica acuta (acute lymphoblastic leukaemia, ALL) a precursori di cellule B recidivante o refrattaria",2022-09-01,,2023-12-04,recommended-restricted,confidential-discount,classe H; sconto obbligatorio; pagamento al momento dell'infusione; OOS a titolo gratuito; registro AIFA; accordo novativo della Determina 196/2022,innovatività condizionata,360000,EUR,"ex-factory GU (prezzo al pubblico IVA inclusa EUR 594.144,00)","Scheda innovatività (CTS febbraio 2023): 'In considerazione del: 1) bisogno terapeutico moderato 2) valore terapeutico aggiunto moderato 3) qualità delle evidenze bassa, può essere riconosciuta a Tecartus® nell'indicazione richiesta l'innovatività condizionata.'","Regime di rimborsabilita' e prezzo, a seguito di nuove indicazioni terapeutiche, del medicinale per uso umano «Tecartus». (Determina n. 706/2023) - GU Serie Generale n.283 del 04-12-2023",23A06556,https://www.gazzettaufficiale.it/atto/serie_generale/caricaDettaglioAtto/originario?atto.dataPubblicazioneGazzetta=2023-12-04&atto.codiceRedazionale=23A06556,2026-09-05,verified-from-source,Extension of indication (EU ALL approval 2022-09-01 per EMA record). Domanda 21 ottobre 2022; CTS 6-10 febbraio 2023; CPR 18-20 e 25 settembre 2023; CdA 8 novembre 2023. Innovatività condizionata 05/12/2023-04/12/2026 (elenco AIFA). MCL innovativeness confirmed for residual period. Validità 12 mesi.,decisions_aifa.csv,tecartus,2022-09-01,stated by agent,2023-12-04,2020-07-24,15.1,40.3,True
Abecma,Italy,Italy,AIFA,MM_4L,"«Abecma» e' indicato per il trattamento di pazienti adulti con mieloma multiplo recidivante e refrattario che hanno ricevuto almeno tre precedenti terapie, inclusi un agente immunomodulatore, un inibitore del proteasoma e un anticorpo anti-CD38, e che hanno dimostrato progressione della malattia durante l'ultima terapia.",2021-08-18,2023-02-09,2023-08-19,not-recommended,none,Classe di rimborsabilita': C (non rimborsato) al termine della prima negoziazione,,,,,,"Riclassificazione del medicinale per uso umano «Abecma», ai sensi dell'art. 8, comma 10, della legge 24 dicembre 1993, n. 537. (Determina n. 560/2023) - GU Serie Generale n.193 del 19-08-2023",23A04554,https://www.gazzettaufficiale.it/atto/serie_generale/caricaDettaglioAtto/originario?atto.dataPubblicazioneGazzetta=2023-08-19&atto.codiceRedazionale=23A04554,2026-09-05,verified-from-source,"Cnn: Determina n. 12/2023 del 24 gennaio 2023, GU n.33 del 09-02-2023 (23A00595). Domanda 8 luglio 2021; CTS 9-11 marzo 2022; CPR 14-16 febbraio 2023; CdA 29 marzo 2023 asked CPR for further investigation of the agreement signed 17 marzo 2023; CPR 19-21 e 27 giugno 2023; outcome classe C. Superseded by Determina 35/2024 (next row).",decisions_aifa.csv,abecma,2021-08-18,stated by agent,2023-08-19,2021-03-26,24.0,28.8,True
Abecma,Italy,Italy,AIFA,MM_4L,"«Abecma» e' indicato per il trattamento di pazienti adulti con mieloma multiplo recidivante e refrattario che hanno ricevuto almeno tre precedenti terapie, inclusi un agente immunomodulatore, un inibitore del proteasoma e un anticorpo anti-CD38, e che hanno dimostrato progressione della malattia durante l'ultima terapia.",2021-08-18,2023-02-09,2024-02-08,recommended-restricted,confidential-discount,classe H; sconto obbligatorio sul prezzo ex-factory; 'Il pagamento del prezzo di cessione al SSN dovra' avvenire al momento dell'infusione. La cessione dei lotti fuori specifica (OOS) avviene a titolo gratuito'; registro AIFA,innovatività condizionata,350000,EUR,"ex-factory GU (prezzo al pubblico IVA inclusa EUR 577.644,41)",Scheda innovatività (CTS novembre 2023): 'Si ritiene che ad Abecma possa essere riconosciuta l'innovatività condizionata in questa indicazione in considerazione del 1) bisogno terapeutico moderato 2) valore terapeutico aggiunto moderato 3) qualità delle evidenze bassa.',"Riclassificazione del medicinale per uso umano «Abecma», ai sensi dell'articolo 8, comma 10, della legge 24 dicembre 1993, n. 537. (Determina n. 35/2024) - GU Serie Generale n.32 del 08-02-2024",24A00637,https://www.gazzettaufficiale.it/atto/serie_generale/caricaDettaglioAtto/originario?atto.dataPubblicazioneGazzetta=2024-02-08&atto.codiceRedazionale=24A00637,2026-09-05,verified-from-source,"Second application 5 ottobre 2023; CTS 8-10 novembre 2023; CPR 24, 27, 28 e 29 novembre 2023; CdA 20 dicembre 2023. Innovatività condizionata 09/02/2024-08/02/2027 (elenco AIFA). Validità 24 mesi. Rettifica GU n.74 del 28-03-2024 (24A01592).",decisions_aifa.csv,abecma,2021-08-18,stated by agent,2024-02-08,2021-03-26,29.7,34.5,True
Abecma,Italy,Italy,AIFA,MM_3L,"Abecma è indicato per il trattamento di pazienti adulti con mieloma multiplo recidivante e refrattario che hanno ricevuto almeno due precedenti terapie, inclusi un agente immunomodulatore, un inibitore del proteasoma e un anticorpo anti-CD38, e che hanno dimostrato progressione della malattia durante l'ultima terapia",2024-03-19,,2026-05-20,recommended-restricted,confidential-discount,classe H; sconto obbligatorio; pagamento al momento dell'infusione; OoS gratuiti; registro AIFA aggiornato; accordo novativo della Determina 35/2024,innovatività piena,350000,EUR,"ex-factory TrovaNormeFarmaco (prezzo al pubblico IVA inclusa EUR 577.644,41)","Scheda innovatività ABECMA_19567: 'Si ritiene che ad Abecma possa essere riconosciuta l'innovatività in questa indicazione in considerazione del bisogno terapeutico moderato, vantaggio terapeutico aggiunto moderato, qualità delle evidenze bassa. (malattia rara)'","DET PRES/UPR 648/2026 Regime di rimborsabilita e prezzo a seguito di nuove indicazioni terapeutiche di medicinali - ABECMA (Avviso GU Serie Generale n.115 del 20-05-2026, 26A02520)",AIFA_PRES-648-2026; 26A02520,https://trovanorme.aifa.gov.it/tnf-service/determina/tnf/pubblicate/e053daa1-6624-4e63-a772-36d4cc86a888 | https://www.gazzettaufficiale.it/atto/serie_generale/caricaDettaglioAtto/originario?atto.dataPubblicazioneGazzetta=2026-05-20&atto.codiceRedazionale=26A02520,2026-09-05,verified-from-source,Extension of indication (EU 3L approval = switch to standard MA 2024-03-19 per cohort brief). Full text read from TrovaNormeFarmaco PDF (TNF publication 2026-05-18; efficacia 2026-05-21); GU carries only the avviso. Domanda 18/02/2025; CSE 16-20/03/2026; CdA 22/04/2026. Innovatività 'fino all'08/02/2027' (residual of MM_4L). Validità 24 mesi.,decisions_aifa.csv,abecma,2024-03-19,stated by agent,2026-05-20,2021-03-26,26.0,61.8,True
Breyanzi,Italy,Italy,AIFA,LBCL_3L,"«Breyanzi» e' indicato per il trattamento di pazienti adulti con linfoma diffuso a grandi cellule B (DLBCL), linfoma primitivo del mediastino a grandi cellule B (PMBCL) e linfoma follicolare di grado 3B (FL3B) recidivati o refrattari, dopo due o piu' linee di terapia sistemica.",2022-04-04,2023-12-15,2024-02-08,recommended-restricted,confidential-discount,classe H; sconto obbligatorio sul prezzo ex-factory; pagamento al momento dell'infusione; OOS gratuiti; registro AIFA,innovatività piena (innovatività di classe),345000,EUR,ex-factory GU (prezzo al pubblico IVA inclusa EUR 569.388),Scheda innovatività (CTS ottobre 2022): 'Si può attribuire una innovatività di classe a lisocabtagene maraleucel per l'indicazione ... in considerazione del 1) bisogno terapeutico moderato 2) valore terapeutico aggiunto importante 3) qualità delle evidenze bassa. Il farmaco presenta le caratteristiche che hanno consentito di riconoscere l'innovativita' al primo farmaco della classe in questa indicazione (axicabtagene ciloleucel). ... tale riconoscimento risulta valido fino alla scadenza dell'innovatività del primo farmaco della classe.',"Riclassificazione del medicinale per uso umano «Breyanzi», ai sensi dell'articolo 8, comma 10, della legge 24 dicembre 1993, n. 537. (Determina n. 36/2024) - GU Serie Generale n.32 del 08-02-2024",24A00638,https://www.gazzettaufficiale.it/atto/serie_generale/caricaDettaglioAtto/originario?atto.dataPubblicazioneGazzetta=2024-02-08&atto.codiceRedazionale=24A00638,2026-09-05,verified-from-source,"Cnn: Determina n. 133/2023 del 4 dicembre 2023, GU n.292 del 15-12-2023 (23A06790). Domanda 1 giugno 2022; CTS 30 settembre e 3-5 ottobre 2022; CPR 24 e 27-29 novembre 2023; CdA 20 dicembre 2023. Elenco AIFA: innovatività efficace 09/02/2024 (DLBCL/PMBCL only, class innovativeness). Validità 24 mesi.",decisions_aifa.csv,breyanzi,2022-04-04,stated by agent,2024-02-08,2021-02-05,22.2,36.1,True
Breyanzi,Italy,Italy,AIFA,LBCL_2L,"Breyanzi è indicato per il trattamento di pazienti adulti con linfoma diffuso a grandi cellule B (DLBCL), linfoma a cellule B ad alto grado (HGBCL), linfoma primitivo del mediastino a grandi cellule B (PMBCL) e linfoma follicolare di grado 3B (FL3B), che sono refrattari alla chemio-immunoterapia di prima linea o recidivati entro 12 mesi dal completamento della chemio-immunoterapia di prima linea",2023-04-21,,2025-12-15,recommended-restricted,confidential-discount,"classe H; 'Sconto obbligatorio complessivo per tutte le indicazioni rimborsate sul prezzo ex-factory, su tutta la molecola'; OOS gratuiti e pagamento al momento dell'infusione; registro AIFA; società rinuncia alla sospensione delle riduzioni di legge",innovatività piena (innovatività di classe),345000,EUR,"ex-factory TrovaNormeFarmaco (prezzo al pubblico IVA inclusa EUR 569.388,00)",Scheda innovatività (CSE dicembre 2024): 'Si può attribuire una innovatività di classe a lisocabtagene maraleucel per l'indicazione in domanda in considerazione del 1) bisogno terapeutico moderato 2) valore terapeutico aggiunto importante 3) qualità delle evidenze moderata. ... tale riconoscimento risulta valido fino alla scadenza dell'innovatività del primo farmaco della classe.',"DET PRES/HTA 1681/2025 Regime di rimborsabilita e prezzo a seguito di nuove indicazioni terapeutiche di medicinali - BREYANZI (Avviso GU Serie Generale n.290 del 15-12-2025, 25A06661)",AIFA_PRES-1681-2025; 25A06661,https://trovanorme.aifa.gov.it/tnf-service/determina/tnf/pubblicate/9a2189a6-8eaf-4c35-9e2f-86ecbae750c8 | https://www.gazzettaufficiale.it/atto/serie_generale/caricaDettaglioAtto/originario?atto.dataPubblicazioneGazzetta=2025-12-15&atto.codiceRedazionale=25A06661,2026-09-05,verified-from-source,Extension of indication (EU 2L approval 2023-04-21 per EMA record). TNF publication 2025-12-10; efficacia 2025-12-16. Domanda 02/08/2024; CSE 15-19/09/2025; CdA 28/10/2025. Innovatività 16/12/2025-11/11/2026 (elenco AIFA). Validità 24 mesi; accordo novativo della Determina 36/2024.,decisions_aifa.csv,breyanzi,2023-04-21,stated by agent,2025-12-15,2021-02-05,31.8,58.3,True
Carvykti,Italy,Italy,AIFA,MM_4L,"Carvykti è indicato per il trattamento di pazienti adulti con mieloma multiplo recidivato e refrattario che hanno ricevuto almeno tre precedenti terapie, inclusi un agente immunomodulante, un inibitore del proteasoma e un anticorpo anti-CD38, e che hanno dimostrato progressione della malattia durante l'ultima terapia (indicazione originaria; wording from EU SmPC, the Determina does not restate it)",2022-05-25,2024-11-11,2025-03-24,terminated-or-withdrawn,none,Classe di rimborsabilita': C 'su specifica richiesta della societa' Janssen-Cilag International N.V.' (art. 5 DM 2 agosto 2019),,,,,,"Riclassificazione del medicinale per uso umano «Carvykti», ai sensi dell'articolo 8, comma 10, della legge 24 dicembre 1993, n. 537. (Determina n. 265/2025) - GU Serie Generale n.69 del 24-03-2025",25A01768,https://www.gazzettaufficiale.it/atto/serie_generale/caricaDettaglioAtto/originario?atto.dataPubblicazioneGazzetta=2025-03-24&atto.codiceRedazionale=25A01768,2026-09-05,verified-from-source,"Cnn: Determina n. 650/2024 del 31 ottobre 2024, GU n.264 del 11-11-2024 (24A05909). Domanda di riclassificazione da Cnn a H 27 giugno 2022; CTS 30 settembre e 3-5 ottobre 2022 e 8-10 novembre 2023; 18 dicembre 2023 company asked for classe C; CPR 18-20 dicembre 2023 e 12-15 gennaio 2024; 29 gennaio 2024 AIFA invited company to continue; 7 febbraio 2024 company confirmed it would not continue the negotiation; CSE 22-24 aprile 2024. Negotiation for the 4L indication abandoned by the company.",decisions_aifa.csv,carvykti,2022-05-25,stated by agent,2025-03-24,2022-02-28,34.0,36.8,True
Carvykti,Italy,Italy,AIFA,MM_2L,"CARVYKTI è indicato per il trattamento di pazienti adulti con mieloma multiplo recidivato e refrattario che hanno ricevuto almeno una precedente terapia, inclusi un agente immunomodulante e un inibitore del proteasoma, nei quali si è verificata progressione della malattia durante l'ultima terapia e sono refrattari a lenalidomide",2024-04-19,2024-11-11,2026-04-03,recommended-restricted,confidential-discount,"classe H; sconto obbligatorio sul prezzo ex-factory; 'pagamento ... al momento dell'infusione, con pagamento delle sole unità infuse'; OOS gratuiti; registro AIFA",innovatività piena,420000,EUR,"ex-factory TrovaNormeFarmaco (prezzo al pubblico IVA inclusa EUR 693.168,00)",Scheda innovatività v2.0: 'Si ritiene che a Carvykti possa essere riconosciuta l'innovatività in questa indicazione in considerazione del 1) bisogno terapeutico moderato 2) valore terapeutico aggiunto importante 3) qualità delle evidenze moderata.',"DET PRES/UPR 392/2026 Classificazione di specialita medicinali ai sensi dell'art. 8, comma 10, della legge 24 dicembre 1993, n. 537 - CARVYKTI (Avviso GU Serie Generale n.78 del 03-04-2026, 26A01675)",AIFA_PRES-392-2026; 26A01675,https://trovanorme.aifa.gov.it/tnf-service/determina/tnf/pubblicate/a843b75f-3de6-4520-9580-d4e45c9493ea | https://www.gazzettaufficiale.it/atto/serie_generale/caricaDettaglioAtto/originario?atto.dataPubblicazioneGazzetta=2026-04-03&atto.codiceRedazionale=26A01675,2026-09-05,verified-from-source,EU 2L indication approved 2024-04-19 (switch to standard MA per cohort brief). TNF publication 2026-03-31; efficacia 2026-04-04. Domanda 12/11/2024; CSE 09-13/02/2026; CdA 25/02/2026. Innovatività 04/04/2026-03/04/2029 (elenco AIFA). Validità 24 mesi.,decisions_aifa.csv,carvykti,2024-04-19,stated by agent,2026-04-03,2022-02-28,23.5,49.1,True
Casgevy,Italy,Italy,AIFA,TDT_12plus,"Casgevy è indicato per il trattamento della ß-talassemia trasfusione-dipendente (transfusion-dependent ß-thalassemia, TDT) in pazienti di età pari o superiore a 12 anni per i quali è appropriato il trapianto di cellule staminali ematopoietiche (HSC) e non è disponibile un donatore consanguineo di HSC con antigene leucocitario umano (HLA) compatibile.",2024-02-09,2024-07-24,2025-10-07,recommended-managed-access,managed-access-agreement,"classe H; 'Farmaco soggetto a rimborsabilità condizionata come da accordo negoziale'; 'Clausola di salvaguardia, come da accordo negoziale'; sconto obbligatorio sul prezzo ex-factory; prodotti fuori specifica esclusi dal pagamento; registro AIFA",innovatività piena,1900000,EUR,"ex-factory TrovaNormeFarmaco (prezzo al pubblico IVA inclusa EUR 3.135.783,95)","Scheda innovatività (CSE febbraio 2025): TDT: 'alla luce del fabbisogno terapeutico moderato, del valore terapeutico aggiunto importante e della qualità delle prove bassa dello studio registrativo, al medicinale viene riconosciuta l'innovatività.' Scheda notes for SCD: 'Il numero dei pazienti coinvolti e la breve durata di osservazione sono troppo limitati per determinare gli effetti a lungo termine su endpoint hard nella popolazione target'.","DET PRES/HTA 1249/2025 Classificazione di specialita medicinali ai sensi dell'art. 8, comma 10, della legge 24 dicembre 1993, n. 537 - CASGEVY (Avviso GU Serie Generale n.233 del 07-10-2025, 25A05449)",AIFA_PRES-1249-2025; 25A05449,https://trovanorme.aifa.gov.it/tnf-service/determina/tnf/pubblicate/1dcd6c1a-fc18-4340-917b-f61af11f8b18 | https://www.gazzettaufficiale.it/atto/serie_generale/caricaDettaglioAtto/originario?atto.dataPubblicazioneGazzetta=2025-10-07&atto.codiceRedazionale=25A05449,2026-09-05,verified-from-source,"Cnn: Determina n. 256/2024 del 9 luglio 2024, GU n.172 del 24-07-2024 (24A03775). Full text from TrovaNormeFarmaco PDF (TNF publication 2025-10-03; efficacia 2025-10-08); GU carries only the avviso. Domanda 31/1/2024; CSE 14-18/07/2025; CdA 17/09/2025. Innovatività 08/10/2025-07/10/2028 for both indications, innovative indication restricted to ages 12-35 (elenco AIFA). Validità 24 mesi. Eligible-patient number not stated.",decisions_aifa.csv,casgevy,2024-02-09,stated by agent,2025-10-07,2023-12-08,19.9,22.0,True
Casgevy,Italy,Italy,AIFA,SCD_VOC_12plus,"Casgevy è indicato per il trattamento dell'anemia falciforme (sickle cell disease, SCD) severa in pazienti di età pari o superiore a 12 anni con crisi vaso-occlusive (VOC) ricorrenti, per i quali è appropriato il trapianto di cellule staminali ematopoietiche (HSC) e non è disponibile un donatore consanguineo di HSC con antigene leucocitario umano (HLA) compatibile.",2024-02-09,2024-07-24,2025-10-07,recommended-managed-access,managed-access-agreement,"classe H; 'Farmaco soggetto a rimborsabilità condizionata come da accordo negoziale'; 'Clausola di salvaguardia, come da accordo negoziale'; sconto obbligatorio sul prezzo ex-factory; prodotti fuori specifica esclusi dal pagamento; registro AIFA",innovatività piena,1900000,EUR,"ex-factory TrovaNormeFarmaco (prezzo al pubblico IVA inclusa EUR 3.135.783,95)","Scheda innovatività (CSE febbraio 2025): TDT: 'alla luce del fabbisogno terapeutico moderato, del valore terapeutico aggiunto importante e della qualità delle prove bassa dello studio registrativo, al medicinale viene riconosciuta l'innovatività.' Scheda notes for SCD: 'Il numero dei pazienti coinvolti e la breve durata di osservazione sono troppo limitati per determinare gli effetti a lungo termine su endpoint hard nella popolazione target'.","DET PRES/HTA 1249/2025 Classificazione di specialita medicinali ai sensi dell'art. 8, comma 10, della legge 24 dicembre 1993, n. 537 - CASGEVY (Avviso GU Serie Generale n.233 del 07-10-2025, 25A05449)",AIFA_PRES-1249-2025; 25A05449,https://trovanorme.aifa.gov.it/tnf-service/determina/tnf/pubblicate/1dcd6c1a-fc18-4340-917b-f61af11f8b18 | https://www.gazzettaufficiale.it/atto/serie_generale/caricaDettaglioAtto/originario?atto.dataPubblicazioneGazzetta=2025-10-07&atto.codiceRedazionale=25A05449,2026-09-05,verified-from-source,"Cnn: Determina n. 256/2024 del 9 luglio 2024, GU n.172 del 24-07-2024 (24A03775). Full text from TrovaNormeFarmaco PDF (TNF publication 2025-10-03; efficacia 2025-10-08); GU carries only the avviso. Domanda 31/1/2024; CSE 14-18/07/2025; CdA 17/09/2025. Innovatività 08/10/2025-07/10/2028 for both indications, innovative indication restricted to ages 12-35 (elenco AIFA). Validità 24 mesi. Eligible-patient number not stated.",decisions_aifa.csv,casgevy,2024-02-09,stated by agent,2025-10-07,2023-12-08,19.9,22.0,True
Hemgenix,Italy,Italy,AIFA,HEMB_adult,Hemgenix è indicato per il trattamento dell'emofilia B (deficit congenito del fattore IX) severa e moderatamente severa in pazienti adulti senza storia di inibitori del fattore IX.,2023-02-20,2023-07-05,2025-09-03,recommended-managed-access,outcomes-based,classe H; 'MEA: Payment by results. Pay-back a carico dell'Azienda come da condizioni negoziali'; sconto obbligatorio sul prezzo ex-factory; registro AIFA,innovatività condizionata,2800000,EUR,"ex-factory TrovaNormeFarmaco (prezzo al pubblico IVA inclusa EUR 4.621.120,00)","Scheda innovatività (CSE maggio 2025): 'alla luce del fabbisogno terapeutico scarso, del valore terapeutico aggiunto moderato e della qualità delle prove bassa dello studio pivotal, al medicinale viene riconosciuta l'innovatività condizionata.'","DET PRES/HTA 1113/2025 Classificazione di specialita medicinali ai sensi dell'art. 8, comma 10, della legge 24 dicembre 1993, n. 537 - HEMGENIX (Avviso GU Serie Generale n.204 del 03-09-2025, 25A04851)",AIFA_PRES-1113-2025; 25A04851,https://trovanorme.aifa.gov.it/tnf-service/determina/tnf/pubblicate/2a1a8371-ee7e-4509-b7af-3edf78fd93b7 | https://www.gazzettaufficiale.it/atto/serie_generale/caricaDettaglioAtto/originario?atto.dataPubblicazioneGazzetta=2025-09-03&atto.codiceRedazionale=25A04851,2026-09-05,verified-from-source,"Cnn: Determina n. 82/2023, GU n.155 del 05-07-2023 (23A03763). Full text from TrovaNormeFarmaco PDF (TNF publication 2025-09-01; efficacia 2025-09-04). Domanda 10/02/2023; CTS 03-05/04/2023; CSE 19-23/05/2025 e 14-18/07/2025; CdA 29/07/2025. Innovatività condizionata 04/09/2025-03/09/2028 (elenco AIFA). Validità 24 mesi.",decisions_aifa.csv,hemgenix,2023-02-20,stated by agent,2025-09-03,2022-11-22,30.4,33.4,True
Roctavian,Italy,Italy,AIFA,HEMA_adult,«Roctavian» e' indicato per il trattamento dell'emofilia A grave (deficit congenito di fattore VIII) in pazienti adulti senza anamnesi di inibitori del fattore VIII e senza anticorpi rilevabili anti-virus adeno-associato del sierotipo 5 (AAV5).,2022-08-24,,2024-01-22,recommended-restricted,confidential-discount,classe H; sconto obbligatorio sul prezzo ex factory; 'Clausola di salvaguarda come da condizioni negoziali'; registro AIFA istituito,innovatività condizionata,60781.25,EUR,"ex-factory GU per flaconcino da 8 ml (prezzo al pubblico IVA inclusa EUR 100.313,38 per flaconcino; dose weight-based, multiple vials per patient)","Scheda innovatività (CTS febbraio 2023): 'In considerazione del: 1) bisogno terapeutico moderato 2) valore terapeutico aggiunto moderato 3) qualità delle evidenze bassa, può essere riconosciuta a Roctavian® nell'indicazione richiesta l'innovatività condizionata.'",Regime di rimborsabilita' e prezzo del medicinale per uso umano «Roctavian». (Determina n. 9/2024) - GU Serie Generale n.17 del 22-01-2024,24A00268,https://www.gazzettaufficiale.it/atto/serie_generale/caricaDettaglioAtto/originario?atto.dataPubblicazioneGazzetta=2024-01-22&atto.codiceRedazionale=24A00268,2026-09-05,verified-from-source,No Cnn classification cited (AIC number attributed in this determina). Domanda 15 novembre 2022; CTS 3-4-5 aprile 2023; CPR 23-25 e 30 ottobre 2023; CdA 23 novembre 2023 asked for further CPR review; CPR 24 e 27-29 novembre 2023; CdA 20 dicembre 2023. Innovatività condizionata 23/01/2024-22/01/2027 (elenco AIFA). Validità 24 mesi.,decisions_aifa.csv,roctavian,2022-08-24,stated by agent,2024-01-22,2023-06-30,17.0,6.8,True
Kebilidi / Upstaza,Italy,Italy,AIFA,AADC,"«Upstaza» e' indicato per il trattamento di pazienti di eta' pari o superiore a diciotto mesi con una diagnosi di deficit di decarbossilasi degli L-aminoacidi aromatici (AADC) confermata dal punto di vista clinico, molecolare e genetico e con fenotipo severo.",2022-07-18,,2023-12-04,recommended-restricted,confidential-discount,classe H; sconto obbligatorio sul prezzo ex factory; registro AIFA confermato,innovatività piena,3500000,EUR,"ex-factory GU (prezzo al pubblico IVA inclusa EUR 5.776.444,11)","Scheda innovatività (CTS maggio 2023): 'In considerazione del: 1) bisogno terapeutico massimo 2) valore terapeutico aggiunto moderato 3) qualità delle prove bassa, può essere riconosciuta a Upstaza® nell'indicazione richiesta l'innovatività.'",Regime di rimborsabilita' e prezzo del medicinale per uso umano «Upstaza». (Determina n. 708/2023) - GU Serie Generale n.283 del 04-12-2023,23A06557,https://www.gazzettaufficiale.it/atto/serie_generale/caricaDettaglioAtto/originario?atto.dataPubblicazioneGazzetta=2023-12-04&atto.codiceRedazionale=23A06557,2026-09-05,verified-from-source,"No Cnn classification cited (AIC attributed in this determina). AIFA registry released on-line before reimbursement: Determina DG n. 120/2023 (GU n.112 del 15-05-2023, 23A02813), modified GU 02-08-2023 (23A04418). Domanda 17 novembre 2022; CTS 10-12 e 15 maggio 2023; CPR 18-20 e 25 settembre 2023; CdA 8 novembre 2023. Innovatività 05/12/2023-04/12/2026 (elenco AIFA). Validità 24 mesi.",decisions_aifa.csv,kebilidi,2022-07-18,stated by agent,2023-12-04,2024-11-13,16.6,-11.3,True
Lenmeldy / Libmeldy,Italy,Italy,AIFA,MLD_early,"«Libmeldy» e' indicato per il trattamento della leucodistrofia metacromatica (MLD) caratterizzata da mutazioni bialleliche del gene arilsulfatasi A (ARSA) che comportano una riduzione dell'attivita' enzimatica di ARSA: nei bambini con forme infantili tardive o giovanili precoci, senza manifestazioni cliniche della malattia; nei bambini con la forma giovanile precoce, con manifestazioni cliniche precoci della malattia, che conservano la capacita' di camminare autonomamente e prima dell'inizio del declino cognitivo.",2020-12-17,2021-04-22,2022-04-07,recommended-restricted,confidential-discount,classe H; sconto obbligatorio sul prezzo ex factory; registro AIFA istituito; società rinuncia alla sospensione delle riduzioni di legge,innovatività piena,2875000,EUR,"ex-factory GU (prezzo al pubblico IVA inclusa EUR 4.744.936,23)","Scheda innovatività (CTS febbraio 2021): 'In considerazione del: 1) bisogno terapeutico importante 2) valore terapeutico aggiunto importante 3) qualità delle evidenze molto bassa, può essere riconosciuta a Libmeldy® l'innovatività.'","Riclassificazione del medicinale per uso umano «Libmeldy», ai sensi dell'art. 8, comma 10, della legge 24 dicembre 1993, n. 537. (Determina n. 246/2022) - GU Serie Generale n.82 del 07-04-2022",22A02124,https://www.gazzettaufficiale.it/atto/serie_generale/caricaDettaglioAtto/originario?atto.dataPubblicazioneGazzetta=2022-04-07&atto.codiceRedazionale=22A02124,2026-09-05,verified-from-source,"Cnn: Determina n. 48/2021 del 15 aprile 2021, GU n.96 del 22-04-2021 (21A02354). Domanda 4 dicembre 2020; CTS 6-9 e 12 aprile 2021; CPR 15-17 dicembre 2021; CdA 24 febbraio 2022. Innovatività 08/04/2022-07/04/2025 (elenco AIFA). Validità 24 mesi.",decisions_aifa.csv,lenmeldy,2020-12-17,stated by agent,2022-04-07,2024-03-18,15.6,-23.4,True
Lenmeldy / Libmeldy,Italy,Italy,AIFA,MLD_early,"«Libmeldy» e' indicato per il trattamento della leucodistrofia metacromatica (MLD) caratterizzata da mutazioni bialleliche del gene arilsulfatasi A (ARSA) che comportano una riduzione dell'attivita' enzimatica di ARSA: nei bambini con forme infantili tardive o giovanili precoci, senza manifestazioni cliniche della malattia; nei bambini con la forma giovanile precoce, con manifestazioni cliniche precoci della malattia, che conservano la capacita' di camminare autonomamente e prima dell'inizio del declino cognitivo. (GMFC-MLD ≤ 1; QI ≥ 85)",2020-12-17,,2025-06-17,recommended-restricted,confidential-discount,Rinegoziazione: classe H; sconto obbligatorio; innovatività piena confermata fino all'8 aprile 2025; contratto novativo della Determina 246/2022,innovatività piena (confermata fino all'8 aprile 2025),2875000,EUR,"ex-factory TrovaNormeFarmaco (prezzo al pubblico IVA inclusa EUR 4.744.936,23)",,"DET PRES/HTA 772/2025 Rinegoziazione di medicinali ai sensi dell'art. 8, comma 10, della legge 24 dicembre 1993, n. 537 - LIBMELDY (Avviso GU Serie Generale n.138 del 17-06-2025, 25A03427)",AIFA_PRES-772-2025; 25A03427,https://trovanorme.aifa.gov.it/tnf-service/determina/tnf/pubblicate/8f094c47-3199-420b-b333-971fc940aef5 | https://www.gazzettaufficiale.it/atto/serie_generale/caricaDettaglioAtto/originario?atto.dataPubblicazioneGazzetta=2025-06-17&atto.codiceRedazionale=25A03427,2026-09-05,verified-from-source,Renegotiation row. Full text from TrovaNormeFarmaco PDF (TNF publication 2025-06-10; efficacia 2025-06-18). Domanda 08/04/2024; CSE 18-22/11/2024; CdA 29/01/2025. Validità 24 mesi.,decisions_aifa.csv,lenmeldy,2020-12-17,stated by agent,2025-06-17,2024-03-18,54.0,15.0,True
Luxturna,Italy,Italy,AIFA,RPE65,«Luxturna» e' indicato per il trattamento dei pazienti adulti e pediatrici con perdita della vista dovuta a distrofia retinica ereditaria causata da mutazioni bialleliche confermate di RPE65 e che abbiano sufficienti cellule retiniche vitali.,2018-11-22,2019-08-02,2021-01-09,recommended-managed-access,price-volume,"classe H; sconto obbligatorio sul prezzo ex-factory; 'tetto di spesa biennale complessivo sull'ex factory, al netto dello sconto negoziato, pari a euro 21,6Mln/ventiquattro mesi ... In caso di superamento ... la societa' e' chiamata al ripiano dello sfondamento attraverso payback'; registro AIFA",innovatività piena,360000,EUR,"ex-factory GU (prezzo al pubblico IVA inclusa EUR 594.144,00)","Scheda innovatività (CTS 15-17 gennaio 2020): 'In considerazione del: 1) bisogno terapeutico massimo 2) valore terapeutico aggiunto importante 3) qualità delle evidenze bassa, può essere riconosciuta a Luxturna l'innovatività piena.'","Riclassificazione del medicinale per uso umano «Luxturna» ai sensi dell'art. 8, comma 10, della legge 24 dicembre 1993, n. 537. (Determina DG/1344/2020) - GU Serie Generale n.6 del 09-01-2021",20A07274,https://www.gazzettaufficiale.it/atto/serie_generale/caricaDettaglioAtto/originario?atto.dataPubblicazioneGazzetta=2021-01-09&atto.codiceRedazionale=20A07274,2026-09-05,verified-from-source,"Cnn: Determina n. 84805/2019 del 23 luglio 2019, GU n.180 del 02-08-2019 (19A04950); rettifica GU 18-09-2019 (19A05710). Domanda 23 dicembre 2018; CTS 3-5 aprile 2019 e 9-11 dicembre 2020; CPR 28-30 settembre - 1 ottobre 2020; CdA 11 novembre 2020. Spending cap EUR 21.6 M per 24 months. Validità 24 mesi.",decisions_aifa.csv,luxturna,2018-11-22,stated by agent,2021-01-09,2017-12-19,25.6,36.7,True
Zolgensma,Italy,Italy,AIFA,SMA_type1,"«Zolgensma» e' indicato per il trattamento dell'atrofia muscolare spinale (SMA) 5q in pazienti con peso fino a 13,5 kg: diagnosi clinica di SMA di tipo 1 ed esordio nei primi sei mesi di vita, oppure diagnosi genetica di SMA di tipo 1 (mutazione biallelica nel gene SMN1 e fino a due copie del gene SMN2). (indicazione rimborsata, piu' ristretta dell'indicazione autorizzata)",2020-05-18,,2021-03-13,recommended-managed-access,outcomes-based,"classe H (confezioni fino a 9 flaconcini; confezioni maggiori in classe C); 'Sconto obbligatorio sul prezzo ex-factory ... e una modalita' di pagamento condizionato (payment at result) alla consegna del farmaco e a dodici, ventiquattro, trentasei, quarantotto mesi dalla somministrazione'; registro AIFA; società rinuncia alla sospensione delle riduzioni di legge",innovatività piena,2155124.65,EUR,"ex-factory GU (prezzo al pubblico IVA inclusa EUR 3.556.817,72)","Determina: 'viene riconosciuta l'innovativita' per dodici mesi, rinnovabile previo nuovo parere ... fino all'estensione massima di trentasei mesi'. Scheda di conferma (CTS aprile 2022): 'In considerazione di un: 1) bisogno terapeutico moderato, di un 2) valore terapeutico aggiunto importante, pur a fronte di una qualità delle prove bassa per via del disegno degli studi (pur giustificabile in una patologia ultrarara con un'aspettativa di vita ≤ 2 anni di età se non trattata), può essere confermata a Zolgensma® (farmaco orfano) nell'indicazione richiesta l'innovatività.'",Regime di rimborsabilita' e prezzo del medicinale per uso umano «Zolgensma». (Determina n. DG/277/2021) - GU Serie Generale n.62 del 13-03-2021,21A01554,https://www.gazzettaufficiale.it/atto/serie_generale/caricaDettaglioAtto/originario?atto.dataPubblicazioneGazzetta=2021-03-13&atto.codiceRedazionale=21A01554,2026-09-05,verified-from-source,"No Cnn classification cited (AIC attributed in this determina). Early access via legge 648/1996 list: inserimento GU n.286 del 17-11-2020 (20A06264), esclusione GU 20-04-2021 (21A02386). Domanda 26 maggio 2020; CTS 5 agosto 2020, 16/18/23 settembre 2020, 11-13 novembre 2020, 10-12 febbraio 2021, 8 marzo 2021; CPR 23-25 febbraio 2021; CdA 9 marzo 2021. Innovatività confermata: Determina 422/2022 GU n.135 del 11-06-2022 (22A03436, CTS 2-4 maggio 2022) and Determina 616/2023 GU n.244 del 18-10-2023 (23A05733, CTS 6-8 settembre 2023, 'per l'ultima volta'). Validità 24 mesi non rinnovabili.",decisions_aifa.csv,zolgensma,2020-05-18,stated by agent,2021-03-13,2019-05-24,9.8,21.6,True
Zolgensma,Italy,Italy,AIFA,SMA_type1;SMA_presymptomatic_3SMN2,"«Zolgensma» e' indicato per il trattamento dell'atrofia muscolare spinale (SMA) 5q in pazienti con peso fino a 13,5 Kg e diagnosi clinica di SMA di tipo 1 ed esordio dei sintomi nei primi 6 mesi di vita oppure diagnosi di SMA 5q (mutazione biallelica nel gene SMN1 e fino a tre copie del gene SMN2).",2020-05-18,,2024-03-16,recommended-restricted,confidential-discount,Rinegoziazione: classe H; sconto obbligatorio sul prezzo ex factory; registro AIFA aggiornato; il testo della rinegoziazione non riporta piu' la clausola di payment at result; accordo novativo della Determina DG/277/2021,innovatività piena (confermata fino al 14 marzo 2024),2155124.65,EUR,"ex-factory GU (prezzo al pubblico IVA inclusa EUR 3.556.817,72)","Scheda di conferma (CTS giugno 2023): 'In considerazione di un: 1) bisogno terapeutico moderato, di un 2) valore terapeutico aggiunto importante, e della 3) qualità delle prove bassa, può essere confermata, per l'ultima volta, a Zolgensma® nell'indicazione richiesta l'innovatività per 12 mesi.'","Rinegoziazione del medicinale per uso umano «Zolgensma», ai sensi dell'articolo 8, comma 10, della legge 24 dicembre 1993, n. 537. (Determina n. 46/2024) - GU Serie Generale n.64 del 16-03-2024",24A01361,https://www.gazzettaufficiale.it/atto/serie_generale/caricaDettaglioAtto/originario?atto.dataPubblicazioneGazzetta=2024-03-16&atto.codiceRedazionale=24A01361,2026-09-05,verified-from-source,Renegotiation extending the reimbursed population to pre-symptomatic patients with up to 3 SMN2 copies (weight ≤ 13.5 kg). Domanda 3 febbraio 2023; CTS 7-9 giugno 2023; CPR 12 e 15 gennaio 2024; CdA 30 gennaio 2024. Validità 24 mesi.,decisions_aifa.csv,zolgensma,2020-05-18,stated by agent,2024-03-16,2019-05-24,45.9,57.8,True
Strimvelis,Italy,Italy,AIFA,ADA_SCID,"«Strimvelis» e' indicato per il trattamento di pazienti con immunodeficienza grave combinata da deficit di adenosina deaminasi (ADA-SCID), per i quali non sia disponibile un idoneo donatore consanguineo di cellule staminali HLA (antigene leucocitario umano)-compatibili.",2016-05-26,,2016-08-01,recommended-managed-access,outcomes-based,"classe H; 'Payment by results, come da condizioni negoziali'; registro AIFA (scheda di arruolamento e follow-up)",innovatività piena,594000,EUR,ex-factory GU (no public price stated in the Determina),"Determina: 'Attribuzione del requisito dell'innovazione terapeutica, da cui consegue: la non applicazione delle riduzioni di legge ...; l'inserimento nel fondo per i farmaci innovativi ...' (pre-2017 innovativeness regime; no GRADE scheda published)",Regime di rimborsabilita' e prezzo di vendita del medicinale per uso umano «Strimvelis». (Determina n. 1028/2016) - GU Serie Generale n.178 del 01-08-2016,16A05546,https://www.gazzettaufficiale.it/atto/serie_generale/caricaDettaglioAtto/originario?atto.dataPubblicazioneGazzetta=2016-08-01&atto.codiceRedazionale=16A05546,2026-09-05,verified-from-source,"No Cnn classification cited. CTS 4 maggio 2016; CPR 23 maggio 2016; CdA 21 giugno 2016. Validità 24 mesi. Registry conditions modified by Determina n. 27/2025, GU n.92 del 19-04-2025 (25A02365). MAH now Fondazione Telethon ETS (AIFA database).",decisions_aifa.csv,strimvelis,2016-05-26,stated by agent,2016-08-01,,2.2,,True
Zalmoxis,Italy,Italy,AIFA,haploHSCT_adjunct,«Zalmoxis» e' indicato come trattamento aggiuntivo nel trapianto aploidentico di cellule staminali emopoietiche (HSCT) in pazienti adulti con neoplasie maligne ematologiche ad alto rischio.,2016-08-18,,2018-02-14,recommended-managed-access,other,"classe H; 'Meccanismo di rimborso: costo flat per paziente, come da condizioni negoziali. Clausola di salvaguardia: eventuale obbligo di presentazione di istanza di rinegoziazione come da accordi negoziali'; registro AIFA",non innovativo,149000,EUR,"ex-factory GU (prezzo al pubblico IVA inclusa EUR 245.909,60)","Scheda innovatività (CTS settembre 2017): 'L'innovatività non può essere attribuita a Zalmoxis, in considerazione: 1) di un bisogno terapeutico giudicato moderato ... 2) di un valore terapeutico aggiunto giudicato moderato in quanto il beneficio clinico nello studio registrativo TK007 è dimostrato primariamente su esiti surrogati ... 3) di una qualità delle prove giudicata molto bassa, in quanto è disponibile un unico studio (TK007) non randomizzato'",Regime di rimborsabilita' e prezzo del medicinale per uso umano «Zalmoxis». (Determina n. 139/2018) - GU Serie Generale n.37 del 14-02-2018,18A00972,https://www.gazzettaufficiale.it/atto/serie_generale/caricaDettaglioAtto/originario?atto.dataPubblicazioneGazzetta=2018-02-14&atto.codiceRedazionale=18A00972,2026-09-05,verified-from-source,No Cnn classification cited. CTS 13 settembre 2017; CPR 21 novembre 2017; CdA 30 novembre 2017. Validità 24 mesi. EU marketing authorisation withdrawn 2019-10-09.,decisions_aifa.csv,zalmoxis,2016-08-18,stated by agent,2018-02-14,,17.9,,True
Alofisel,Italy,Italy,AIFA,CD_perianal_fistula,"«Alofisel» e' indicato per il trattamento delle fistole perianali complesse in pazienti adulti con malattia di Crohn luminale non attiva/lievemente attiva, nei casi in cui le fistole hanno mostrato una risposta inadeguata ad almeno una terapia convenzionale o biologica.",2018-03-23,,2018-10-08,not-recommended,none,Classe di rimborsabilita': C (non rimborsato dal SSN),non innovativo,,,,"Scheda innovatività (CTS aprile 2019): 'In considerazione di un bisogno terapeutico moderato, di un valore terapeutico aggiunto scarso e di una qualità delle prove bassa, il farmaco non può essere considerato innovativo.'","Regime di rimborsabilita' e prezzo, a seguito di nuove indicazioni terapeutiche, del medicinale per uso umano «Alofisel». (Determina n. 1438/2018) - GU Serie Generale n.234 del 08-10-2018",18A06269,https://www.gazzettaufficiale.it/atto/serie_generale/caricaDettaglioAtto/originario?atto.dataPubblicazioneGazzetta=2018-10-08&atto.codiceRedazionale=18A06269,2026-09-05,verified-from-source,CTS 9 aprile 2018 e 11 luglio 2018. No price stated (classe C). Elenco AIFA innovativi lists Alofisel as classe C with this Determina. EU MA withdrawn 2024-12-13.,decisions_aifa.csv,alofisel,2018-03-23,stated by agent,2018-10-08,,6.5,,True
Ebvallo,Italy,Italy,AIFA,EBV_PTLD_2L,"«Ebvallo» e' indicato in monoterapia per il trattamento di pazienti adulti e pediatrici di eta' pari o superiore a 2 anni con malattia linfoproliferativa post-trapianto positiva al virus di Epstein-Barr (EBV+ PTLD) recidivata o refrattaria, che hanno ricevuto almeno una terapia precedente. Per i pazienti sottoposti a trapianto di organo solido, la terapia precedente include la chemioterapia, a meno che la chemioterapia non risulti inappropriata.",2022-12-16,2023-03-10,2025-03-13,recommended-managed-access,managed-access-agreement,"classe H; sconto obbligatorio sul prezzo ex-factory; 'MEA: Capping da applicarsi tramite registro di monitoraggio, come da condizioni previste da accordo negoziale'",non innovativo,75000,EUR,"ex-factory GU per confezione (prezzo al pubblico IVA inclusa EUR 123.780,00)","Scheda innovatività (CTS 6-8 settembre 2023): 'Considerati i dati portati a supporto della richiesta di innovatività e la rarità della patologia in esame, si ritiene che ad Ebvallo non possa essere riconosciuta l'innovatività in questa indicazione, in considerazione del 1) bisogno terapeutico massimo 2) valore terapeutico aggiunto non valutabile 3) qualità delle prove bassa'","Riclassificazione del medicinale per uso umano «Ebvallo», ai sensi dell'articolo 8, comma 10, della legge 24 dicembre 1993, n. 537. (Determina n. 248/2025) - GU Serie Generale n.60 del 13-03-2025",25A01601,https://www.gazzettaufficiale.it/atto/serie_generale/caricaDettaglioAtto/originario?atto.dataPubblicazioneGazzetta=2025-03-13&atto.codiceRedazionale=25A01601,2026-09-05,verified-from-source,"Cnn: Determina n. 35/2023 del 23 febbraio 2023, GU n.59 del 10-03-2023 (23A01374). Domanda 4 aprile 2023; CTS 5-7 luglio, 6-9 settembre e 10-12 ottobre 2023; CSE 7-11 ottobre 2024; CdA 10 dicembre 2024. Validità 24 mesi non rinnovabile. AIFA innovativeness list (31.07.2026) lists Ebvallo with this Determina but no innovativeness dates.",decisions_aifa.csv,ebvallo,2022-12-16,stated by agent,2025-03-13,,26.9,,True
Imlygic,Italy,Italy,AIFA,melanoma_unresectable,"Cnn classification only (indication per EU SmPC: melanoma non resecabile con metastasi regionali o a distanza (stadio IIIB, IIIC e IVM1a) senza malattia ossea, cerebrale, polmonare o altra malattia viscerale)",2015-12-16,2017-02-10,,under-assessment,unknown,"Classe C(nn) 'dedicata ai farmaci non ancora valutati ai fini della rimborsabilita''; AIFA database (05-09-2026) still shows classe Cnn, not marketed",,,,,,"Classificazione, ai sensi dell'articolo 12, comma 5, legge 8 novembre 2012, n. 189, del medicinale per uso umano «Imlygic», approvato con procedura centralizzata. (Determina n. 39/2017) - GU Serie Generale n.34 del 10-02-2017, Suppl. Ordinario n. 9",17A00534,https://www.gazzettaufficiale.it/atto/serie_generale/caricaDettaglioAtto/originario?atto.dataPubblicazioneGazzetta=2017-02-10&atto.codiceRedazionale=17A00534,2026-09-05,verified-from-source,"CTS 10-12 febbraio 2016 (for the Cnn act). No reimbursement determina found in GU or TrovaNormeFarmaco; AIFA banca dati flags flagCommercio=0 (never marketed in Italy). Nine years in Cnn suggests no P&R application was pursued, but no formal withdrawal act found.",decisions_aifa.csv,imlygic,2015-12-16,stated by agent,,2015-10-27,,,False
Adstiladrin,Italy,Italy,AIFA,NMIBC_BCG_unresponsive,Cnn classification only (indication per EU SmPC: carcinoma vescicale non muscolo-invasivo ad alto rischio non responsivo al BCG con carcinoma in situ),2026-05-28,2026-08-22,,under-assessment,unknown,"Classe C(nn); AIFA database shows classe Cnn, not yet marketed",,,,,,"Classificazione, ai sensi dell'articolo 12, comma 5, della legge 8 novembre 2012, n. 189, del medicinale per uso umano, a base di nadofaragene firadenovec, «Adstiladrin». (Determina n. 1125/2026) - GU Serie Generale n.194 del 22-08-2026",26A04249,https://www.gazzettaufficiale.it/atto/serie_generale/caricaDettaglioAtto/originario?atto.dataPubblicazioneGazzetta=2026-08-22&atto.codiceRedazionale=26A04249,2026-09-05,verified-from-source,Pricing negotiation not yet concluded as of 05-09-2026. Determina states future P&R acts will be published only on TrovaNormeFarmaco.,decisions_aifa.csv,adstiladrin,2026-05-28,stated by agent,,2022-12-16,,,False
Zynteglo,Italy,Italy,AIFA,TDT_12plus,,2019-05-29,,,not-found,unknown,,,,,,,,,,2026-09-05,not-found,EU MA withdrawn 2022-03-24. GU title search returned no atto; AIFA banca dati has no entry; TrovaNormeFarmaco no record. No Cnn or P&R determina found.,decisions_aifa.csv,zynteglo,2019-05-29,stated by agent,,2022-08-17,,,False
Skysona,Italy,Italy,AIFA,CALD,,2021-07-16,,,not-found,unknown,,,,,,,,,,2026-09-05,not-found,"EU MA withdrawn 2021-11-18. No GU atto, AIFA banca dati entry or TrovaNormeFarmaco record found.",decisions_aifa.csv,skysona,2021-07-16,stated by agent,,2022-09-16,,,False
Glybera,Italy,Italy,AIFA,LPLD,,2012-10-25,,,not-found,unknown,,,,,,,,,,2026-09-05,not-found,EU MA expired 2017-10-28. No GU atto or AIFA record found (web search on gazzettaufficiale.it returned only unrelated acts).,decisions_aifa.csv,glybera,2012-10-25,stated by agent,,,,,False
Provenge,Italy,Italy,AIFA,mCRPC,,2013-09-06,,,not-found,unknown,,,,,,,,,,2026-09-05,not-found,EU MA withdrawn 2015-05-06. No GU atto or AIFA record found.,decisions_aifa.csv,provenge,2013-09-06,stated by agent,,2010-04-29,,,False
Beqvez / Durveqtix,Italy,Italy,AIFA,HEMB_adult,,2024-07-24,,,not-found,unknown,,,,,,,,,,2026-09-05,not-found,"EU MA withdrawn 2025-05-15. No GU atto, AIFA banca dati entry or TrovaNormeFarmaco record found.",decisions_aifa.csv,beqvez,2024-07-24,stated by agent,,2024-04-25,,,False
Vyjuvek,Italy,Italy,AIFA,DEB,,2025-04-23,,,not-found,unknown,,,,,,,,,,2026-09-05,not-found,"No GU Cnn classification, AIFA banca dati entry or TrovaNormeFarmaco record found as of 05-09-2026.",decisions_aifa.csv,vyjuvek,2025-04-23,stated by agent,,2023-05-19,,,False
Aucatzyl,Italy,Italy,AIFA,ALL_adult,,2025-07-17,,,not-found,unknown,,,,,,,,,,2026-09-05,not-found,"No GU Cnn classification, AIFA banca dati entry or TrovaNormeFarmaco record found as of 05-09-2026.",decisions_aifa.csv,aucatzyl,2025-07-17,stated by agent,,2024-11-08,,,False
Waskyra,Italy,Italy,AIFA,WAS,,2026-01-09,,,not-found,unknown,,,,,,,,,,2026-09-05,not-found,"No GU Cnn classification, AIFA banca dati entry or TrovaNormeFarmaco record found as of 05-09-2026 (MAH Fondazione Telethon).",decisions_aifa.csv,waskyra,2026-01-09,stated by agent,,2025-12-09,,,False
Itvisma,Italy,Italy,AIFA,SMA_intrathecal,,2026-06-30,,,not-found,unknown,,,,,,,,,,2026-09-05,not-found,"No GU Cnn classification, AIFA banca dati entry or TrovaNormeFarmaco record found as of 05-09-2026.",decisions_aifa.csv,itvisma,2026-06-30,stated by agent,,2025-11-24,,,False
Amtagvi,Italy,Italy,AIFA,melanoma,,,,,not-submitted,none,,,,,,,,,,2026-09-05,not-found,Not applicable in Italy: MAA withdrawn by applicant; no EU authorisation (cohort brief). No AIFA record.,decisions_aifa.csv,amtagvi,,cohort EU authorisation,,2024-02-16,,,False
Elevidys,Italy,Italy,AIFA,DMD,,,,,not-submitted,none,,,,,,,,,,2026-09-05,not-found,Not applicable in Italy: EU marketing authorisation refused (cohort brief). No AIFA record.,decisions_aifa.csv,elevidys,2023-06-22,cohort FDA approval,,2023-06-22,,,False
Encelto,Italy,Italy,AIFA,MacTel2,,,,,not-submitted,none,,,,,,,,,,2026-09-05,not-found,Not applicable in Italy: no EU authorisation (cohort brief). No AIFA record.,decisions_aifa.csv,encelto,2025-03-05,cohort FDA approval,,2025-03-05,,,False
Genglycos,Italy,Italy,AIFA,GSD1a,,,,,not-submitted,none,,,,,,,,,,2026-09-05,not-found,Not applicable in Italy: no EU authorisation (cohort brief). No AIFA record.,decisions_aifa.csv,genglycos,2026-08-19,cohort FDA approval,,2026-08-19,,,False
Kresladi,Italy,Italy,AIFA,LAD1,,,,,not-submitted,none,,,,,,,,,,2026-09-05,not-found,Not applicable in Italy: no EU authorisation (cohort brief). No AIFA record.,decisions_aifa.csv,kresladi,2026-03-26,cohort FDA approval,,2026-03-26,,,False
Lantidra,Italy,Italy,AIFA,T1D,,,,,not-submitted,none,,,,,,,,,,2026-09-05,not-found,Not applicable in Italy: no EU authorisation (cohort brief). No AIFA record.,decisions_aifa.csv,lantidra,,cohort EU authorisation,,2023-06-28,,,False
Lyfgenia,Italy,Italy,AIFA,SCD,,,,,not-submitted,none,,,,,,,,,,2026-09-05,not-found,Not applicable in Italy: no EU authorisation (cohort brief). No AIFA record.,decisions_aifa.csv,lyfgenia,,cohort EU authorisation,,2023-12-08,,,False
Omisirge,Italy,Italy,AIFA,HSCT_cord,,,,,not-submitted,none,,,,,,,,,,2026-09-05,not-found,Not applicable in Italy: no EU authorisation (cohort brief). No AIFA record.,decisions_aifa.csv,omisirge,,cohort EU authorisation,,2023-04-17,,,False
Otarmeni,Italy,Italy,AIFA,OTOF_hearing_loss,,,,,not-submitted,none,,,,,,,,,,2026-09-05,not-found,Not applicable in Italy: no EU authorisation (cohort brief). No AIFA record.,decisions_aifa.csv,otarmeni,2026-04-23,cohort FDA approval,,2026-04-23,,,False
Papzimeos,Italy,Italy,AIFA,RRP,,,,,not-submitted,none,,,,,,,,,,2026-09-05,not-found,Not applicable in Italy: no EU authorisation (cohort brief). No AIFA record.,decisions_aifa.csv,papzimeos,,cohort EU authorisation,,2025-08-14,,,False
Ryoncil,Italy,Italy,AIFA,aGVHD_ped,,,,,not-submitted,none,,,,,,,,,,2026-09-05,not-found,Not applicable in Italy: no EU authorisation (cohort brief). No AIFA record.,decisions_aifa.csv,ryoncil,,cohort EU authorisation,,2024-12-19,,,False
Tecelra,Italy,Italy,AIFA,synovial_sarcoma,,,,,not-submitted,none,,,,,,,,,,2026-09-05,not-found,Not applicable in Italy: no EU authorisation (cohort brief). No AIFA record.,decisions_aifa.csv,tecelra,2024-08-01,cohort FDA approval,,2024-08-01,,,False
Tregzi,Italy,Italy,AIFA,HSCT_Treg,,,,,not-submitted,none,,,,,,,,,,2026-09-05,not-found,Not applicable in Italy: no EU authorisation (cohort brief). No AIFA record.,decisions_aifa.csv,tregzi,2026-07-01,cohort FDA approval,,2026-07-01,,,False
Tudriqev,Italy,Italy,AIFA,melanoma,,,,,not-submitted,none,,,,,,,,,,2026-09-05,not-found,Not applicable in Italy: no EU authorisation (cohort brief). No AIFA record.,decisions_aifa.csv,tudriqev,2026-08-06,cohort FDA approval,,2026-08-06,,,False
Zevaskyn,Italy,Italy,AIFA,RDEB,,,,,not-submitted,none,,,,,,,,,,2026-09-05,not-found,Not applicable in Italy: no EU authorisation (cohort brief). No AIFA record.,decisions_aifa.csv,zevaskyn,2025-04-28,cohort FDA approval,,2025-04-28,,,False
Kymriah,Australia,Australia,TGA,ALL_ped,"KYMRIAH is a genetically modified autologous immunocellular therapy indicated for the treatment of paediatric and young adult patients up to 25 years of age with B-cell precursor acute lymphoblastic leukaemia (ALL) that is refractory, in relapse post-transplant, or in second or later relapse.",2018-12-19,2018-04-10,2018-12-13,recommended,none,,,,,,,TGA prescription medicines registrations: KYMRIAH (Novartis Pharmaceuticals Australia Pty Ltd),TGA registration record; Class 4 biological,https://www.tga.gov.au/resources/prescription-medicines-registrations/kymriah-novartis-pharmaceuticals-australia-pty-ltd,2026-09-05,verified-from-source,"Date registered 19 December 2018; evaluation commenced 10 April 2018; decision 13 December 2018; approval time 157 working days. Separate ARTG entries per indication re-registered 11 February 2021 (evaluation commenced 20 October 2020, decision 5 February 2021). retrieved via web.archive.org snapshot because msac.gov.au and tga.gov.au refused direct connections",decisions_australia.csv,kymriah,2018-12-19,stated by agent,2018-12-13,2017-08-30,-0.2,15.4,True
Kymriah,Australia,Australia,TGA,LBCL_3L,KYMRIAH is also indicated for the treatment of adult patients with relapsed or refractory diffuse large B-cell lymphoma (DLBCL) after two or more lines of systemic therapy. Kymriah is not indicated for patients with primary central nervous system lymphoma.,2018-12-19,2018-04-10,2018-12-13,recommended,none,,,,,,,TGA prescription medicines registrations: KYMRIAH (Novartis Pharmaceuticals Australia Pty Ltd),TGA registration record; Class 4 biological,https://www.tga.gov.au/resources/prescription-medicines-registrations/kymriah-novartis-pharmaceuticals-australia-pty-ltd,2026-09-05,verified-from-source,Same registration record as ALL indication (19 December 2018); DLBCL-specific ARTG entry re-registered 11 February 2021. Follicular lymphoma indication not checked. retrieved via web.archive.org snapshot because msac.gov.au and tga.gov.au refused direct connections,decisions_australia.csv,kymriah,2018-12-19,stated by agent,2018-12-13,2017-08-30,-0.2,15.4,True
Kymriah,Australia,Australia,MSAC,ALL_ped,B-cell acute lymphoblastic leukaemia (ALL) in paediatric and young adult patients (aged 3-25 years) (pALL),2018-12-19,,2018-11-22,under-assessment,unknown,deferred; economic evaluation needed revisions and a price ascertained at which acceptably cost-effective,,,AUD,,"After considering the strength of the available evidence in relation to comparative safety, clinical effectiveness and cost-effectiveness, MSAC: deferred its decision on public funding of TIS for treatment of children and young adults with confirmed relapsed/refractory CD19-positive ALL; and did not support public funding for TIS for adults with confirmed relapsed/refractory DLBCL. For both conditions, MSAC recognised the large unmet clinical need and the preliminary supportive evidence of a clinically important treatment effect, but the incremental cost- effectiveness ratio (ICER) was both unacceptably high and underestimated. For pALL, the economic evaluation needed revisions and a price for TIS ascertained at which it is acceptably cost-effective.",Public Summary Document Application No. 1519 - Tisagenlecleucel (CTL019) for treatment of refractory CD19-positive leukaemia and lymphoma,MSAC 1519 PSD (April 2019); MSAC 74th Meeting 22-23 November 2018,https://www.msac.gov.au/sites/default/files/documents/1519-Final%20PSD-April%202019_redacted.pdf,2026-09-05,verified-from-source,Outcome recorded as deferred (mapped to under-assessment). Price redacted. Patient numbers redacted in PSD tables. MSAC recommended splitting pALL and DLBCL into two re-applications. retrieved via web.archive.org snapshot because msac.gov.au and tga.gov.au refused direct connections,decisions_australia.csv,kymriah,2018-12-19,stated by agent,2018-11-22,2017-08-30,-0.9,14.8,False
Kymriah,Australia,Australia,MSAC,LBCL_3L,diffuse large B-cell lymphoma (DLBCL) in adults,2018-12-19,,2018-11-22,not-recommended,none,,,,AUD,,"did not support public funding for TIS for adults with confirmed relapsed/refractory DLBCL. For both conditions, MSAC recognised the large unmet clinical need and the preliminary supportive evidence of a clinically important treatment effect, but the incremental cost- effectiveness ratio (ICER) was both unacceptably high and underestimated. For DLBCL, the definition of the appropriate eligible population needed to be redefined, as well as amendments made to the economic evaluation and a reduced price for TIS ascertained at which it is acceptably cost-effective.",Public Summary Document Application No. 1519 - Tisagenlecleucel (CTL019) for treatment of refractory CD19-positive leukaemia and lymphoma,MSAC 1519 PSD (April 2019); MSAC 74th Meeting 22-23 November 2018,https://www.msac.gov.au/sites/default/files/documents/1519-Final%20PSD-April%202019_redacted.pdf,2026-09-05,verified-from-source,Price redacted. retrieved via web.archive.org snapshot because msac.gov.au and tga.gov.au refused direct connections,decisions_australia.csv,kymriah,2018-12-19,stated by agent,2018-11-22,2017-08-30,-0.9,14.8,True
Kymriah,Australia,Australia,MSAC,ALL_ped,confirmed relapsed/refractory CD19-positive acute lymphoblastic leukaemia (ALL) in children and young adults up to 25 years old,2018-12-19,,2019-03-28,under-assessment,outcomes-based,deferred to allow risk share arrangement details to be negotiated; additional risk share measures required,,,AUD,,"After considering the strength of the available evidence in relation to comparative safety, clinical effectiveness and cost-effectiveness, MSAC deferred its advice on public funding of TIS for treatment of ALL in children and young adults up to 25 years old. MSAC recognised the large unmet clinical need for a small group of patients and the preliminary supportive evidence of a clinically important treatment effect. MSAC considered that TIS would be acceptably cost-effective in the ALL population with additional risk share measures in place to those proposed in the application to manage the remaining areas of clinical, economic and financial uncertainty that exist in the funding proposal.",Public Summary Document Application No. 1519 - Tisagenlecleucel (CTL019) for treatment of refractory CD19-positive leukaemia and lymphoma,MSAC 1519 PSD (April 2019); MSAC 75th Meeting 28-29 March 2019,https://www.msac.gov.au/sites/default/files/documents/1519-Final%20PSD-April%202019_redacted.pdf,2026-09-05,verified-from-source,Deferred (mapped to under-assessment). Patient number estimates (Tables 1-2) redacted. retrieved via web.archive.org snapshot because msac.gov.au and tga.gov.au refused direct connections,decisions_australia.csv,kymriah,2018-12-19,stated by agent,2019-03-28,2017-08-30,3.3,18.9,False
Kymriah,Australia,Australia,MSAC,ALL_ped,confirmed relapsed/refractory CD19-positive acute lymphoblastic leukaemia in children and young adults up to 25 years old,2018-12-19,,2019-04-09,recommended-restricted,outcomes-based,negotiated risk share arrangement for initial 2 years: pay only on successful infusion; treatment limited to a single dose; further (redacted) elements; full review no later than 2 years post commencement of subsidy,,,AUD,,"The MSAC reviewed the risk share arrangement in an out-of-session MSAC reconsideration. The MSAC supported the negotiated risk share arrangement, considering it appropriately managed the clinical, economic and financial uncertainty existing in the March 2019 application funding proposal and recommended the public funding of TIS for treatment of ALL in children and young adults up to 25 years old. The MSAC considered the following negotiated risk share agreement between the applicant and the Department for an initial 2 years of public funding, would appropriately manage the uncertainty existing in the applicant's March 2019 funding proposal: a pay only on successful infusion arrangement; Redacted; treatment to be limited to a single dose of TIS, as there is no evidence currently available informing the effectiveness or safety of multiple doses; and a full review of clinical effectiveness, cost- effectiveness and budget impact will be conducted by the MSAC no later than 2 years post the commencement of public subsidy.",Public Summary Document Application No. 1519 - Tisagenlecleucel (CTL019) for treatment of refractory CD19-positive leukaemia and lymphoma,MSAC 1519 PSD (April 2019); MSAC out-of-session 9 April 2019,https://www.msac.gov.au/sites/default/files/documents/1519-Final%20PSD-April%202019_redacted.pdf,2026-09-05,verified-from-source,"Funded as Highly Specialised Therapy under National Health Reform Agreement (NHRA), not MBS/PBS. Price redacted; patient numbers redacted. retrieved via web.archive.org snapshot because msac.gov.au and tga.gov.au refused direct connections",decisions_australia.csv,kymriah,2018-12-19,stated by agent,2019-04-09,2017-08-30,3.6,19.3,True
Kymriah,Australia,Australia,Funding,ALL_ped,"paediatric and young adult patients up to 25 years of age with B-cell precursor acute lymphoblastic leukaemia (pALL) that is refractory, in relapse post-transplant, or in second or later relapse",2018-12-19,,2019-07-31,recommended-restricted,outcomes-based,NHRA joint Commonwealth-State funding with pay-on-successful-infusion risk share (Deed),,,AUD,,"Public subsidy for tisagenlecleucel (TIS) to treat paediatric and young adult patients up to 25 years of age with B-cell precursor acute lymphoblastic leukaemia (pALL) that is refractory, in relapse post-transplant, or in second or later relapse, through the National Health Reform Agreements (NHRA) commenced on 31 July 2019.",Public Summary Document Application No. 1748 - Review of tisagenlecleucel (Kymriah) for treatment of acute lymphoblastic leukaemia in paediatric and young adult patients (pALL),MSAC 1748 PSD (July 2023),https://www.msac.gov.au/sites/default/files/documents/1748%20Final%20PSD%20-%20July%202023%20(redacted).pdf,2026-09-05,verified-from-source,Funding start date taken from the MSAC 1748 review PSD. PSD also notes TIS was available initially in 2019-2020 in Victoria and from June 2020 in NSW and Queensland. retrieved via web.archive.org snapshot because msac.gov.au and tga.gov.au refused direct connections,decisions_australia.csv,kymriah,2018-12-19,stated by agent,2019-07-31,2017-08-30,7.4,23.0,True
Kymriah,Australia,Australia,MSAC,LBCL_3L,adult patients with confirmed relapsed/refractory (r/r) diffuse large B-cell lymphoma (DLBCL),2018-12-19,,2019-08-01,under-assessment,unknown,,,,AUD,,A revised application (resubmission) was received from Novartis by the Department of Health for tisagenlecleucel (TIS) for adult patients with confirmed relapsed/refractory (r/r) diffuse large B-cell lymphoma (DLBCL). [November 2019:] MSAC reconsidered the public funding of tisagenlecleucel (TIS) for adult patients with confirmed relapsed/refractory (r/r) diffuse large B-cell lymphoma (DLBCL) in the context of the advice it received at the CAR-T stakeholder meeting held on 12 November 2019.,Public Summary Document Application No. 1519.1 - Tisagenlecleucel (CTL019) for treatment of relapsed or refractory diffuse large B-cell lymphoma (DLBCL),MSAC 1519.1 PSD (updated November 2019); MSAC 76th Meeting 1-2 August 2019,https://www.msac.gov.au/sites/default/files/documents/1519.1%20Final%20updated%20PSD%20Nov%2019_redacted.pdf,2026-09-05,provisional-from-snippet,"August 2019 advice section not extracted; the PSD structure (reconsideration in November 2019 after a 12 November 2019 CAR-T stakeholder meeting) implies the August 2019 outcome was a deferral, but that wording was not read. Treat as deferred pending verification. retrieved via web.archive.org snapshot because msac.gov.au and tga.gov.au refused direct connections",decisions_australia.csv,kymriah,2018-12-19,stated by agent,2019-08-01,2017-08-30,7.4,23.0,False
Kymriah,Australia,Australia,MSAC,LBCL_3L,"certain patients with CD19-positive Diffuse Large B Cell Lymphoma (DLBCL), Primary Mediastinal B Cell Lymphoma (PMBCL) and Transformed Follicular Lymphoma (TFL)",2018-12-19,,2019-11-28,recommended-restricted,outcomes-based,price no higher than proposed; no payment for unsuccessful infusion or if apheresed but not infused; one successful CAR-T infusion per lifetime; tertiary public hospital delivery; ABMTRR data collection; Year 1 progress review and full review within 2 years; further redacted risk-share elements,,,AUD,,"After considering the strength of the available evidence in relation to comparative safety, clinical effectiveness and cost-effectiveness, MSAC supported the public funding of tisagenlecleucel (TIS) for certain patients with CD19-positive Diffuse Large B Cell Lymphoma (DLBCL), Primary Mediastinal B Cell Lymphoma (PMBCL) and Transformed Follicular Lymphoma (TFL). The MSAC recommendation for public funding was based on, among other matters, its assessment that the cost-effectiveness of TIS, although high, would be acceptable if the redacted price is no higher than that proposed in the submission, and if the following measures were implemented to contain the risks associated with public funding: treatment must be delivered by a haematologist working in a multi-disciplinary team specialising in the provision of CAR-T cell therapy; treatment must be delivered in a tertiary public hospital with appropriate credentials; governance and prescribing rules to ensure treatment is directed to patients most likely to benefit; no payment for TIS for an unsuccessful infusion; no payment for TIS if a patient is apheresed but does not receive the infusion of engineered lymphocytes; a limit to one successful CAR-T infusion per lifetime; data on the use of TIS for B cell lymphoma's in Australia should be recorded by the Australian Bone Marrow Transplant Recipient Registry.",Public Summary Document Application No. 1519.1 - Tisagenlecleucel (CTL019) for treatment of relapsed or refractory diffuse large B-cell lymphoma (DLBCL),MSAC 1519.1 PSD (updated November 2019); MSAC 77th Meeting 28-29 November 2019,https://www.msac.gov.au/sites/default/files/documents/1519.1%20Final%20updated%20PSD%20Nov%2019_redacted.pdf,2026-09-05,verified-from-source,"Price redacted. PSD Table 6: total infused DLBCL patients 132 (Year 1), 199 (Year 2), 194, 186, 186, 188 (total 1084 over 6 years). retrieved via web.archive.org snapshot because msac.gov.au and tga.gov.au refused direct connections",decisions_australia.csv,kymriah,2018-12-19,stated by agent,2019-11-28,2017-08-30,11.3,26.9,True
Kymriah,Australia,Australia,Funding,LBCL_3L,"relapsed or refractory DLBCL, PMBCL and TFL (NHRA Highly Specialised Therapy)",2018-12-19,,,not-found,outcomes-based,,,,AUD,,,Public Summary Document Application No. 1653 (November 2020) confirms TIS was publicly funded for DLBCL,MSAC 1653 PSD,https://www.msac.gov.au/sites/default/files/documents/1653%20Final%20PSD_Nov2020_redacted.pdf,2026-09-05,not-found,"Funding under the NHRA is confirmed by later PSDs (1653, 1676) but the commencement date of public subsidy for the DLBCL indication was not found in the documents read.",decisions_australia.csv,kymriah,2018-12-19,stated by agent,,2017-08-30,,,False
Kymriah,Australia,Australia,MSAC,LBCL_3L,Amendment to eligibility criteria for tisagenlecleucel for treatment of relapsed or refractory diffuse large B-cell lymphoma - removal of the requirement for patients to be CD19-positive,2018-12-19,,2020-11-26,not-recommended,none,,,,AUD,,"MSAC did not support amending the eligibility criteria for tisagenlecleucel (TIS) (Kymriah) for the treatment of relapsed or refractory diffuse large B-cell lymphoma (DLBCL) by removing the requirement for patients to test positive for CD-19 expression on their B-cells. MSAC considered that since tisagenlecleucel is a cell-based therapy specifically targeting CD-19 expression, and since there is no minimum threshold set for CD-19 positivity, the argument for removing the requirement was not adequately supported.",Public Summary Document Application No. 1653 - Amendment to eligibility criteria for Tisagenlecleucel (CTL019) for treatment of relapsed or refractory diffuse large B-cell lymphoma,MSAC 1653 PSD (November 2020); MSAC 80th Meeting 26-27 November 2020,https://www.msac.gov.au/sites/default/files/documents/1653%20Final%20PSD_Nov2020_redacted.pdf,2026-09-05,verified-from-source,Eligibility amendment application; no change to existing risk share arrangements requested. retrieved via web.archive.org snapshot because msac.gov.au and tga.gov.au refused direct connections,decisions_australia.csv,kymriah,2018-12-19,stated by agent,2020-11-26,2017-08-30,23.3,38.9,True
Kymriah,Australia,Australia,MSAC,LBCL_3L,Amendments to eligibility criteria for tisagenlecleucel for treatment of relapsed or refractory DLBCL - amend clinical criteria for patients with Transformed Follicular Lymphoma (TFL) and propose inclusion of patients with grade 3B follicular lymphoma (3B FL),2018-12-19,2021-04,2021-07-29,recommended,outcomes-based,minor eligibility changes within existing NHRA risk share deed,,,AUD,,MSAC supported the minor changes to the eligibility criteria for tisagenlecleucel (as proposed in the Pre-MSAC response) regarding certain patients with transformed follicular lymphoma (TFL) and certain patients with grade 3B follicular lymphoma (FL). MSAC considered there would be a very small number of additional patients that would be eligible and there was support for these changes from the National CAR-T Patient Prioritisation Committee and from the States and Territories.,Public Summary Document Application No. 1676 - Amendments to eligibility criteria for tisagenlecleucel for treatment of relapsed or refractory diffuse large B-cell lymphoma,MSAC 1676 PSD (July 2021); 82nd MSAC Meeting 29-30 July 2021,https://www.msac.gov.au/sites/default/files/documents/1676%20Final%20PSD%20-%20July%202021_redacted.pdf,2026-09-05,verified-from-source,"Application received April 2021. PSD estimates 3-15 extra patients infused per year (3-10 new patients in Year 1 from the 3B FL change, rising to 7-15 in Year 6). retrieved via web.archive.org snapshot because msac.gov.au and tga.gov.au refused direct connections",decisions_australia.csv,kymriah,2018-12-19,stated by agent,2021-07-29,2017-08-30,31.3,46.9,True
Kymriah,Australia,Australia,MSAC,ALL_ped,Review of tisagenlecleucel (Kymriah) for treatment of acute lymphoblastic leukaemia in paediatric and young adult patients (pALL),2018-12-19,2023-02-08,2023-07-27,recommended-restricted,outcomes-based,post-market review: continued funding with renegotiation on the basis of TIS being a bridging treatment rather than curative; further review in 3 years; ongoing data collection,,,AUD,,"After reviewing updated evidence from clinical studies, Australian data from the Australian Bone Marrow Transplant Recipient Registry (ABMTRR) and utilisation data supplied by the States and Territories, MSAC considered that the available evidence did not fully address the clinical, economic and financial uncertainties which existed when it initially supported public funding. The review did not adequately address MSAC's previous concerns regarding the uncertainty of clinical outcomes beyond 12 months for TIS for pALL. MSAC considered that for most patients, TIS is likely used as a bridging therapy to aHSCT or aHSCT is being used to treat relapse post-TIS. Data from the States and Territories showed the true total cost of providing treatment with TIS was substantially higher than expected and that although significantly fewer patients than expected used TIS, the estimated budget impact was similar to that presented in the initial application for this reason. Therefore, MSAC advised a further review should be conducted in 3 years with the need for ongoing data collection. MSAC requested the Department negotiate based on TIS being a bridging treatment rather than a curative treatment.",Public Summary Document Application No. 1748 - Review of tisagenlecleucel (Kymriah) for treatment of acute lymphoblastic leukaemia in paediatric and young adult patients (pALL),MSAC 1748 PSD (July 2023); MSAC 27 July 2023,https://www.msac.gov.au/sites/default/files/documents/1748%20Final%20PSD%20-%20July%202023%20(redacted).pdf,2026-09-05,verified-from-source,"ADAR lodged February 2023 (deadline 8 February 2023). Actual utilisation <100 patients per year in Years 1-4 versus (redacted) expected. Outcome is a review, mapped to recommended-restricted because funding continued with renegotiation. retrieved via web.archive.org snapshot because msac.gov.au and tga.gov.au refused direct connections",decisions_australia.csv,kymriah,2018-12-19,stated by agent,2023-07-27,2017-08-30,55.2,70.9,True
Yescarta,Australia,Australia,TGA,LBCL_3L,"relapsed or refractory large B-cell lymphoma after two or more lines of systemic therapy, including DLBCL not otherwise specified, primary mediastinal large B-cell lymphoma, high grade B-cell lymphoma and DLBCL arising from follicular lymphoma",2020-02-11,2018-12-17,2020-02-11,recommended,none,,,,,,,"MSAC 1771 PSD (August 2024), Prerequisites to implementation; MSAC 1587 PSD (regulatory submission date)",ARTG 329770,https://www.msac.gov.au/sites/default/files/2024-10/1771_final_psd_-_aug2024_-_redacted.pdf,2026-09-05,verified-from-source,"Per MSAC 1771 PSD: ""AXI was first included on the Australian Register of Therapeutic Goods (ARTG) on 11 February 2020 for r/r LBCL (ARTG ID 329770)"". Regulatory submission to TGA 17 December 2018 per MSAC 1587 PSD. TGA record itself not retrieved (tga.gov.au blocked).",decisions_australia.csv,yescarta,2020-02-11,stated by agent,2020-02-11,2017-10-18,0.0,27.8,True
Yescarta,Australia,Australia,TGA,LBCL_2L,YESCARTA is a genetically modified autologous immunocellular therapy for the treatment of: Large B-cell Lymphoma - Patients with relapsed or refractory large B-cell lymphoma (LBCL). YESCARTA is not indicated for the treatment of patients with primary central nervous system lymphoma.,2022-12-12,2021-12-02,2022-12,recommended,none,,,,,,,"ARTG Public Summary for ARTG Entry 400895 (Yescarta, Gilead Sciences Pty Ltd)",ARTG 400895,https://www.ebs.tga.gov.au/servlet/xmlmillr6?dbid=ebs/PublicHTML/pdfStore.nsf&docid=400895&agid=(PrintDetailsPublic)&actionid=1,2026-09-05,verified-from-source,"ARTG Start Date 12/12/2022 (eBS public summary read directly). MSAC 1722 PSD: expansion to 2L LBCL submitted to TGA 2 December 2021, final TGA decision released December 2022.",decisions_australia.csv,yescarta,2022-12-12,stated by agent,2022-12-01,2017-10-18,-0.4,61.4,True
Yescarta,Australia,Australia,TGA,FL_3L,Follicular Lymphoma - Patients with relapsed or refractory follicular lymphoma (FL) after two or more lines of systemic therapy.,2022-12-12,,2022-12-12,recommended,none,,,,,,,"ARTG Public Summary for ARTG Entry 400895 (Yescarta, Gilead Sciences Pty Ltd)",ARTG 400895,https://www.ebs.tga.gov.au/servlet/xmlmillr6?dbid=ebs/PublicHTML/pdfStore.nsf&docid=400895&agid=(PrintDetailsPublic)&actionid=1,2026-09-05,verified-from-source,"MSAC 1771 PSD: ""The indication was extended to include patients with r/r FL after two or more lines of systemic therapy on 12 December 2022 (ARTG ID 400895)"".",decisions_australia.csv,yescarta,2022-12-12,stated by agent,2022-12-12,2017-10-18,0.0,61.8,True
Yescarta,Australia,Australia,MSAC,LBCL_3L,"relapsed/refractory (r/r) diffuse large B-cell lymphoma (DLBCL) including DLBCL not otherwise specified (NOS) and transformed follicular lymphoma (TFL), primary mediastinal B-cell lymphoma (PMBCL) and high grade B-cell lymphoma (HGBCL)",2020-02-11,,2019-11-28,under-assessment,outcomes-based,"deferred pending TGA decision; minded to support at average price per patient 40-45% lower than proposed, with pay-for-performance (survival at 12 months proposed by applicant), no payment for unsuccessful infusion, one infusion per lifetime, ABMTRR data, review within 2 years",,,AUD,,"MSAC deferred making a recommendation on the public funding of AXI for DLBCL, TFL and PMBCL pending a regulatory decision by the Therapeutic Goods Administration (TGA). However, MSAC advised the Minister that, subject to the TGA making a decision in favour of approving AXI for inclusion on the Australian Register of Therapeutic Goods, MSAC was minded to support the public funding of AXI at an average price per patient that is 40-45% lower than the price proposed by the applicant redacted, and if the following measures were implemented to contain the risks associated with public funding: treatment must be delivered by a haematologist working in a multi-disciplinary team specialising in the provision of CAR-T cell therapy; treatment must be delivered in a tertiary public hospital with appropriate credentials; no payment for AXI for an unsuccessful infusion; no payment for AXI if a patient is apheresed but does not receive the infusion of engineered lymphocytes; a limit to one successful CAR-T infusion per lifetime for r/r DLBCL, including DLBCL NOS and TFL, PMBCL and HGBCL.",Public Summary Document Application No. 1587 - Axicabtagene ciloleucel (CAR-T therapy) for the treatment of refractory or relapsed CD19-positive lymphoma,MSAC 1587 PSD; MSAC 77th Meeting 28-29 November 2019,https://www.msac.gov.au/sites/default/files/documents/1587%20Final%20PSD%20Nov%2019_redacted.pdf,2026-09-05,verified-from-source,Deferred (mapped to under-assessment). Price redacted. retrieved via web.archive.org snapshot because msac.gov.au and tga.gov.au refused direct connections,decisions_australia.csv,yescarta,2020-02-11,stated by agent,2019-11-28,2017-10-18,-2.5,25.3,False
Yescarta,Australia,Australia,MSAC,LBCL_3L,"relapsed/refractory DLBCL (including DLBCL NOS and TFL), PMBCL and HGBCL",2020-02-11,,2020-01-16,recommended-restricted,outcomes-based,as per November 2019 advice: average price 40-45% below proposed; pay-for-performance/risk share; no payment for unsuccessful infusion; one infusion per lifetime; review within 2 years,,,AUD,,"Following the MSAC's November 2019 decision to defer providing advice to the Minister for Health on the public funding of AXI for DLBCL, TFL and PMBCL, the Therapeutics Goods Administration (TGA) Clinical Evaluation Report and Delegate's Summary became available. The TGA delegate has indicated (s)he is minded to approve AXI for registration for the same indications for which public funding has been sought. On receipt of this advice from the TGA, the MSAC confirmed its support for the public funding of AXI out-of-session on 16 January 2020, without making any changes to the other parts of its advice to the Minister from November 2019.",Public Summary Document Application No. 1587 - Axicabtagene ciloleucel (CAR-T therapy) for the treatment of refractory or relapsed CD19-positive lymphoma,MSAC 1587 PSD; MSAC out-of-session 16 January 2020,https://www.msac.gov.au/sites/default/files/documents/1587%20Final%20PSD%20Nov%2019_redacted.pdf,2026-09-05,verified-from-source,NHRA Highly Specialised Therapy. Price redacted; patient caps redacted. retrieved via web.archive.org snapshot because msac.gov.au and tga.gov.au refused direct connections,decisions_australia.csv,yescarta,2020-02-11,stated by agent,2020-01-16,2017-10-18,-0.9,26.9,True
Yescarta,Australia,Australia,Funding,LBCL_3L,"r/r DLBCL, TFL and PMBCL in the third-line setting under NHRA Commonwealth and State shared funding arrangements",2020-02-11,,,not-found,outcomes-based,,,,AUD,,these volumes have not been realised in practice with a total of [redacted] publicly funded patients infused with AXI since supported by MSAC in July 2021 (i.e. since 1st patient infused 6 September 2021 through to the October 2023 quarterly report submitted by the applicant).,"Public Summary Document Application No. 1722.1 (April 2024), ESC discussion",MSAC 1722.1 PSD,https://www.msac.gov.au/sites/default/files/documents/1722.1%20Final%20PSD%20-%20April2024%20(redacted).pdf,2026-09-05,not-found,"Commencement date of NHRA subsidy for AXI 3L not stated explicitly; the 1722.1 PSD quote above (first publicly funded patient infused 6 September 2021) is the only dated statement found and its ""July 2021"" reference conflicts with the January 2020 MSAC support, so it is recorded here without being adopted as the funding start date.",decisions_australia.csv,yescarta,2020-02-11,stated by agent,,2017-10-18,,,False
Yescarta,Australia,Australia,MSAC,LBCL_2L,relapsed or refractory (r/r) large B-cell lymphoma (LBCL) in the second-line (2L) setting,2022-12-12,,2023-03-30,not-recommended,none,,,,AUD,,"MSAC did not support public funding of axicabtagene ciloleucel (AXI) for the treatment of relapsed or refractory large B-cell lymphoma (LBCL) in the second-line (2L) setting. MSAC recognised the clinical need for the proposed treatment in this population. MSAC considered that from the evidence presented for evaluation, it was uncertain whether AXI demonstrated durable survival outcomes relative to standard of care, and that AXI had an inferior safety profile. MSAC was also concerned with the use of event-free survival (EFS) as a primary endpoint, which was likely to be biased in favour of the AXI arm, and that the trial did not adequately capture the difference between AXI in the 2L vs 3L setting, which had flow on effects to the economic model. MSAC also considered that the incremental cost-effectiveness ratio (ICER) was highly uncertain and was underestimated due to the optimistic extrapolation of survival favouring AXI.",Public Summary Document Application No. 1722 - Axicabtagene ciloleucel (YESCARTA) for relapsed or refractory large B-cell lymphoma,MSAC 1722 PSD; MSAC 30-31 March 2023,https://www.msac.gov.au/sites/default/files/documents/1722%20Final%20PSD%20-%20Mar%202023%20(redacted)_Updated.pdf,2026-09-05,verified-from-source,"Application states approx. 1,000 patients per year are refractory or relapse within 12 months of 1L therapy; financial estimates redacted. retrieved via web.archive.org snapshot because msac.gov.au and tga.gov.au refused direct connections",decisions_australia.csv,yescarta,2022-12-12,stated by agent,2023-03-30,2017-10-18,3.5,65.3,True
Yescarta,Australia,Australia,MSAC,LBCL_2L,relapsed or refractory (R/R) large B-cell lymphoma (LBCL) in the second-line (2L) setting,2022-12-12,,2024-04-04,recommended-restricted,outcomes-based,"risk sharing arrangement: either a single payment of up to $[redacted] corresponding to ICER $[redacted]/QALY, or pay-for-performance achieving average price $[redacted] per successfully infused patient based on [redacted]% response rate; one successful CAR-T infusion per lifetime; annual patient caps as per current 3L deed; review within 3 years",,,AUD,,"MSAC supported the public funding of axicabtagene ciloleucel (AXI) through the NHRA for the treatment of R/R LBCL in the 2L setting. MSAC recognised the clinical need for the proposed treatment in this population. MSAC noted that the updated clinical data demonstrated a statistically significant overall survival (OS) benefit of AXI relative to the standard of care over a longer follow up period, which MSAC considered supported the clinical claim of superior effectiveness. MSAC noted the proposed price for treatment with AXI in the 2L setting was higher than the average price previously supported by MSAC for AXI in the 3L setting. MSAC also noted that the application proposed increasing the annual patient cap for AXI but that the current utilisation of AXI is below the current annual patient cap for the 3L setting. Therefore, MSAC support for public funding of AXI in 2L setting was contingent on a risk sharing arrangement.",Public Summary Document Application No. 1722.1 - Axicabtagene ciloleucel (Yescarta) for relapsed or refractory large B-cell lymphoma,MSAC 1722.1 PSD; MSAC 4-5 April 2024,https://www.msac.gov.au/sites/default/files/documents/1722.1%20Final%20PSD%20-%20April2024%20(redacted).pdf,2026-09-05,verified-from-source,ADAR estimated 228 patients likely to be administered AXI in 2L in Year 1 (483 eligible). Price redacted. retrieved via web.archive.org snapshot because msac.gov.au and tga.gov.au refused direct connections,decisions_australia.csv,yescarta,2022-12-12,stated by agent,2024-04-04,2017-10-18,15.7,77.5,True
Yescarta,Australia,Australia,MSAC,FL_3L,relapsed or refractory (r/r) follicular lymphoma (FL) after two or more lines of systemic therapy,2022-12-12,,2024-08-01,not-recommended,none,,,,AUD,,"MSAC did not support public funding of axicabtagene ciloleucel (AXI) through the National Health Reform Agreement (NHRA) for the treatment of relapsed or refractory (r/r) follicular lymphoma (FL) after two or more lines of systemic therapy. MSAC acknowledged the clinical need for new therapies for this patient population, and considered that AXI appeared to offer clinical benefit, particularly in progression free survival. However, MSAC noted that due to the low certainty of evidence, the magnitude of benefit was highly uncertain. MSAC considered that AXI had an inferior safety profile compared to the current standard of care. MSAC considered the cost-effectiveness of AXI was highly uncertain, due to low certainty in comparative evidence, uncertain real-world costs and the unsubstantiated cure assumption used in the economic model. MSAC noted the proposed price of AXI had not been adequately justified and considered a price reduction along with a risk sharing arrangement would be required for any future re-application.",Public Summary Document Application No. 1771 - Axicabtagene ciloleucel (Yescarta) for patients with relapsed or refractory follicular lymphoma,MSAC 1771 PSD; MSAC 1-2 August 2024,https://www.msac.gov.au/sites/default/files/2024-10/1771_final_psd_-_aug2024_-_redacted.pdf,2026-09-05,verified-from-source,Price and patient numbers redacted. retrieved via web.archive.org snapshot because msac.gov.au and tga.gov.au refused direct connections,decisions_australia.csv,yescarta,2022-12-12,stated by agent,2024-08-01,2017-10-18,19.6,81.4,True
Yescarta,Australia,Australia,MSAC,FL_3L,adult patients with relapsed or refractory (r/r) follicular lymphoma (FL) after two or more lines of systemic therapy,2022-12-12,,2025-07-31,recommended-restricted,outcomes-based,price reduction required; risk sharing arrangement with a two-part pay for performance pricing structure supported by jurisdictions,,,AUD,,"MSAC supported public funding of axicabtagene ciloleucel (AXI) as a Highly Specialised Therapy (HST) through the National Health Reform Agreement (NHRA) for the treatment of adult patients with relapsed or refractory (r/r) follicular lymphoma (FL) after two or more lines of systemic therapy. MSAC recalled it acknowledged the clinical need for the proposed treatment in this population and noted that while the updated clinical data demonstrated that AXI appeared to offer clinical benefit relative to the standard of care over a longer follow up period, the long-term clinical benefits remained uncertain as FL is a relatively indolent condition compared with other cancers with funded CAR-T therapies. MSAC considered AXI has an inferior safety profile compared to the current standard of care. MSAC considered a price reduction was required for AXI to be cost-effective. MSAC noted as joint funders of the HST, the jurisdictions were supportive of a risk sharing arrangement with a two-part pay for performance pricing structure.",Public Summary Document Application No. 1771.1 - Axicabtagene ciloleucel therapy for patients with relapsed or refractory follicular lymphoma,MSAC 1771.1 PSD; MSAC 31 July 2025,https://www.msac.gov.au/sites/default/files/2025-10/1771.1_final_psd_-_july_2025_-_redacted_0.pdf,2026-09-05,verified-from-source,Resubmission application form HPP200262. Price redacted. retrieved via web.archive.org snapshot because msac.gov.au and tga.gov.au refused direct connections,decisions_australia.csv,yescarta,2022-12-12,stated by agent,2025-07-31,2017-10-18,31.6,93.4,True
Tecartus,Australia,Australia,TGA,MCL_2L,"TECARTUS is a genetically modified autologous immunocellular therapy for the treatment of patients with relapsed or refractory mantle cell lymphoma (MCL), who have received two or more lines of therapy, including a BTK inhibitor, unless ineligible or intolerant to treatment with a BTK inhibitor.",2021-07-21,2020-07-20,2021-07-21,recommended,none,,,,,,,TGA prescription medicines registrations: TECARTUS (Gilead Sciences Pty Ltd),ARTG 371431,https://www.tga.gov.au/resources/prescription-medicines-registrations/tecartus-gilead-sciences-pty-ltd,2026-09-05,verified-from-source,Date registered 21 July 2021; evaluation commenced 20 July 2020; approval time 210 working days. ARTG number from MSAC 1723.1 PSD. retrieved via web.archive.org snapshot because msac.gov.au and tga.gov.au refused direct connections,decisions_australia.csv,tecartus,2021-07-21,stated by agent,2021-07-21,2020-07-24,0.0,11.9,True
Tecartus,Australia,Australia,TGA,ALL_adult,patients greater than or equal to 18 years of age with R/R B-ALL,,,,recommended,none,,,,,,,"MSAC 1723.1 PSD (November 2023), Prerequisites to implementation",ARTG 396794,https://www.msac.gov.au/sites/default/files/documents/1723.1%20Final%20PSD%20-%20Nov2023%20(redacted).pdf,2026-09-05,provisional-from-snippet,"ARTG 396794 for adult R/R B-ALL cited in MSAC 1723.1 PSD; MSAC 1723 PSD (November 2022) states brexu-cel ""has been recently approved by the Therapeutic Goods Administration"", so registration was around late 2022, but the ARTG start date was not retrieved.",decisions_australia.csv,tecartus,2020-12-14,cohort EU authorisation,,2020-07-24,,,False
Tecartus,Australia,Australia,MSAC,MCL_2L,relapsed or refractory mantle cell lymphoma (R/R MCL),2021-07-21,,2021-07-29,recommended-restricted,outcomes-based,contingent on price reduction to average price per patient giving the same ICER as accepted for axicabtagene ciloleucel; no payment for unsuccessful infusion or if not infused; one CAR-T infusion per lifetime for r/r MCL; ABMTRR data; full review within 3 years; progressive patient caps,,,AUD,,MSAC supported public funding of brexu-cel for certain patients with R/R MCL. MSAC considered there was significant unmet clinical need in this group of patients. MSAC considered that the level of clinical evidence in support of brexu-cel to be acceptable given the rarity of mantle cell lymphoma and the proposal for its use as a later line of therapy. MSAC support for public funding was contingent on a price reduction to achieve an average price per patient corresponding to the same incremental cost-effectiveness ratio (ICER) as that accepted for axicabtagene ciloleucel ($redacted/QALY) and if the following measures were implemented to contain the risks associated with public funding: treatment must be delivered by a haematologist working in a multi-disciplinary team specialising in the provision of CAR-T cell therapy; treatment must be delivered in a tertiary public hospital with appropriate credentials; no payment for brexu-cel for an unsuccessful infusion; a limit to one successful CAR-T infusion per lifetime for r/r MCL.,Public Summary Document Application 1647 - Brexucabtagene autoleucel for relapsed or refractory mantle cell lymphoma (updated with July 2023 Addendum),MSAC 1647 PSD; 82nd MSAC Meeting 29-30 July 2021,https://www.msac.gov.au/sites/default/files/documents/1647%20Final%20PSD%20-%20updated%20with%20July%202023%20Addendum%20(redacted).pdf,2026-09-05,verified-from-source,Application expedited (bypassed PASC). Patient numbers per year redacted; MSAC suggested caps progressively escalated to a maximum of [redacted] patients per year. retrieved via web.archive.org snapshot because msac.gov.au and tga.gov.au refused direct connections,decisions_australia.csv,tecartus,2021-07-21,stated by agent,2021-07-29,2020-07-24,0.3,12.2,True
Tecartus,Australia,Australia,MSAC,MCL_2L,relapsed or refractory mantle cell lymphoma (R/R MCL) - pricing proposal,2021-07-21,2023-07,2023-07-29,recommended-restricted,outcomes-based,pricing proposal accepted out-of-session; review within 3 years of commencement of subsidy,,,AUD,,"Following the MSAC's July 2021 advice to support the public funding of brexucabtagene autoleucel (brexu-cel) for certain patients with relapsed or refractory mantle cell lymphoma (R/R MCL), Gilead Sciences submitted a pricing proposal to progress the public funding of the CAR-T cell therapy in July 2023. Given the details of the pricing proposal varied from the MSAC's July 2021 advice, the MSAC considered the pricing proposal out-of-session on 29 July 2023. After considering the pricing proposal, MSAC confirmed its support for the public funding of brexu-cel for certain patients with R/R MCL. No changes were made to other parts of its advice to the Minister from July 2021.",Public Summary Document Application 1647 - Brexucabtagene autoleucel for relapsed or refractory mantle cell lymphoma (updated with July 2023 Addendum),MSAC 1647 PSD July 2023 Addendum; MSAC out-of-session 29 July 2023,https://www.msac.gov.au/sites/default/files/documents/1647%20Final%20PSD%20-%20updated%20with%20July%202023%20Addendum%20(redacted).pdf,2026-09-05,verified-from-source,Two-year gap between MSAC support (July 2021) and sponsor pricing proposal (July 2023). retrieved via web.archive.org snapshot because msac.gov.au and tga.gov.au refused direct connections,decisions_australia.csv,tecartus,2021-07-21,stated by agent,2023-07-29,2020-07-24,24.2,36.1,True
Tecartus,Australia,Australia,Funding,MCL_2L,R/R MCL under NHRA Highly Specialised Therapy arrangements,2021-07-21,,,not-found,outcomes-based,,,,AUD,,,,,https://www.msac.gov.au/sites/default/files/documents/1647%20Final%20PSD%20-%20updated%20with%20July%202023%20Addendum%20(redacted).pdf,2026-09-05,not-found,Funding commencement date after the July 2023 pricing proposal not found in documents read.,decisions_australia.csv,tecartus,2021-07-21,stated by agent,,2020-07-24,,,False
Tecartus,Australia,Australia,MSAC,ALL_adult,adult patients (>=18 years of age) with relapsed or refractory B-precursor acute lymphoblastic leukaemia (R/R B-ALL),,,2022-11-24,not-recommended,none,,,,AUD,,"MSAC did not support public funding of brexucabtagene autoleucel (brexu-cel) for adult R/R B-ALL. MSAC considered that it was uncertain whether brexu-cel demonstrated superior efficacy in terms of durable survival outcomes compared with contemporary Australian practice because of low certainty of the evidence presented. In addition, MSAC considered that there was significant uncertainty around the place of brexu-cel in clinical practice and that brexu-cel had an inferior safety profile compared with other therapies. MSAC also considered that the incremental cost-effectiveness ratio was highly uncertain and was likely underestimated due to the optimistic extrapolation of survival favouring brexu-cel. MSAC noted the price of brexu-cel had not been adequately justified and no payment for performance or risk sharing criteria were proposed for consideration by MSAC. MSAC also noted that the states and territories were not supportive of the application as joint funders of this highly specialised therapy via the NHRA.",Public Summary Document Application No. 1723 - Brexucabtagene autoleucel for adult relapsed or refractory B-precursor acute lymphoblastic leukaemia,MSAC 1723 PSD; MSAC 24-25 November 2022,https://www.msac.gov.au/sites/default/files/documents/1723%20Final%20PSD-%20Nov%202022_redacted.pdf,2026-09-05,verified-from-source,Application bypassed PASC. retrieved via web.archive.org snapshot because msac.gov.au and tga.gov.au refused direct connections,decisions_australia.csv,tecartus,2020-12-14,cohort EU authorisation,2022-11-24,2020-07-24,23.3,28.0,True
Tecartus,Australia,Australia,MSAC,ALL_adult,adult patients (>=26 years of age) with relapsed or refractory B-precursor acute lymphoblastic leukaemia (R/R B-ALL),,2023-05-10,2023-11-23,recommended-restricted,outcomes-based,average price consistent with other publicly funded CAR-T therapies; pay-for-performance considered but MSAC noted PfP would likely raise the average price paid; age restricted to >=26 years to complement Kymriah access for younger patients,,,AUD,,"MSAC supported public funding of brexu-cel for adult patients (aged 26 years or older) with R/R B-ALL. MSAC considered there was significant unmet clinical need in this group of patients and an equity of access issue as patients under 26-year-old are able to access an alternative chimeric antigen receptor T-cell (CAR-T) therapy for the same indication. MSAC noted that uncertainty remained regarding the clinical place of brexu-cel, in particular with regards to subsequent allogenic stem cell transplant (allo-SCT). MSAC considered that the uncertainty and limitations with the economic evaluation remained and as such did not demonstrate the cost-effectiveness of brexu-cel at a price of $redacted. MSAC noted the subsequent average price of $redacted submitted by the applicant in a subsequent pricing proposal was consistent with the price supported for other publicly funded CAR-T therapies, that it considered to be acceptable for funding.",Public Summary Document Application No. 1723.1 - Brexucabtagene autoleucel for adult relapsed or refractory B-precursor acute lymphoblastic leukaemia,MSAC 1723.1 PSD; MSAC 23-24 November 2023,https://www.msac.gov.au/sites/default/files/documents/1723.1%20Final%20PSD%20-%20Nov2023%20(redacted).pdf,2026-09-05,verified-from-source,Re-application form dated 10 May 2023 (TECARTUS ALL MSAC Application Form 10 May 2023). Price redacted. retrieved via web.archive.org snapshot because msac.gov.au and tga.gov.au refused direct connections,decisions_australia.csv,tecartus,2020-12-14,cohort EU authorisation,2023-11-23,2020-07-24,35.3,40.0,True
Tecartus,Australia,Australia,Funding,ALL_adult,adult (>=26 years) R/R B-ALL under NHRA,,,,not-found,unknown,,,,AUD,,,,,https://www.msac.gov.au/sites/default/files/documents/1723.1%20Final%20PSD%20-%20Nov2023%20(redacted).pdf,2026-09-05,not-found,Funding commencement date not found.,decisions_australia.csv,tecartus,2020-12-14,cohort EU authorisation,,2020-07-24,,,False
Carvykti,Australia,Australia,TGA,MM_4L,"CARVYKTI is indicated for the treatment of adult patients with relapsed or refractory multiple myeloma, who have received at least three prior lines of therapy, including a proteasome inhibitor, an immunomodulatory agent and an anti-CD38 antibody.",2023-06-06,2021-08-03,2023-06-05,recommended,none,,,,,,,"ARTG Public Summary for ARTG Entry 410143 (CARVYKTI, Janssen-Cilag Pty Ltd); TGA prescription medicines registrations: CARVYKTI",ARTG 410143,https://www.ebs.tga.gov.au/servlet/xmlmillr6?dbid=ebs/PublicHTML/pdfStore.nsf&docid=410143&agid=(PrintDetailsPublic)&actionid=1,2026-09-05,verified-from-source,"ARTG Start Date 6/06/2023 (eBS public summary); TGA registration page: date registered 5 June 2023, evaluation commenced 3 August 2021, decision 5 June 2023, approval time 186 working days. MSAC 1690.1 PSD also cites inclusion on ARTG 6 June 2023.",decisions_australia.csv,carvykti,2023-06-06,stated by agent,2023-06-05,2022-02-28,-0.0,15.2,True
Carvykti,Australia,Australia,MSAC,MM_4L,"adult patients with relapsed or refractory multiple myeloma (RRMM), who have received at least three prior lines of therapy, including a proteasome inhibitor (PI); an immunomodulatory agent (IMiD); and an anti-CD38 antibody",2023-06-06,2022-02,2022-07-28,not-recommended,none,,,,AUD,,"MSAC did not support public funding of ciltacabtagene autoleucel (cilta-cel), a B-cell maturation antigen (BCMA)-directed chimeric antigen receptor T cell (CAR-T) therapy, for the treatment of adult patients with relapsed or refractory multiple myeloma (RRMM), who have received at least three prior lines of therapy, including a PI, an IMiD and an anti-CD38 antibody. MSAC considered there was high uncertainty regarding the clinical place of cilta-cel and the proposal for its use as a later line of therapy in the context of RRMM, which has a long disease history with many alternative and new treatment options that have improved patient outcomes. MSAC did not accept that cilta-cel is comparatively safe, effective and cost-effective over the modelled time horizon. MSAC also considered the low level of clinical evidence in support of cilta-cel to be unacceptable in the context of late-line treatment where other treatment options are available, and the prevalence of RRMM being clearly beyond that of a rare disease, with a large and uncertain financial impact.","Public Summary Document Application No. 1690 - Ciltacabtagene autoleucel, a B-cell maturation antigen-directed chimeric antigen receptor T cell to treat refractory or relapsed multiple myeloma",MSAC 1690 PSD; MSAC 28-29 July 2022,https://www.msac.gov.au/sites/default/files/documents/1690%20Final%20PSD_Jul2022%20-%20Redacted_Final.pdf,2026-09-05,verified-from-source,ADAR lodged February 2022 (per 1690.1 PSD). Considered before TGA registration (still under TGA consideration). Patient numbers redacted. retrieved via web.archive.org snapshot because msac.gov.au and tga.gov.au refused direct connections,decisions_australia.csv,carvykti,2023-06-06,stated by agent,2022-07-28,2022-02-28,-10.3,4.9,True
Carvykti,Australia,Australia,MSAC,MM_5L,"adult patients with RRMM who have received at least 4 prior lines of therapy, including a proteasome inhibitor (PI), an immunomodulatory agent (IMiD) and an anti-CD38 antibody",2023-06-06,,2023-11-23,under-assessment,outcomes-based,deferred; significant price reduction sought; Department asked to negotiate a pay-for-performance arrangement based on depth of response at 12 months,,,AUD,,"MSAC deferred its advice for public funding of ciltacabtagene autoleucel (cilta-cel), a B-cell maturation antigen (BCMA)-directed chimeric antigen receptor T cell (CAR-T) therapy, for the treatment of adult patients with relapsed or refractory multiple myeloma (RRMM), who have received at least four prior lines of therapy, including a proteasome inhibitor, an immunomodulatory agent and an anti-CD38 antibody. MSAC considered that the clinical place of cilta-cel and the proposal for its use as a later line of therapy in the context of RRMM for patients who have a high unmet clinical need was reasonable. MSAC noted limitations in the clinical evidence but accepted the clinical claim that cilta-cel had superior effectiveness in terms of durable survival outcomes and a different safety profile compared with standard of care therapies. However, MSAC considered the incremental cost-effectiveness ratio (ICER) was both unacceptably high and underestimated. MSAC noted that the jurisdictions considered substantial price reduction was required for public funding to be supported. MSAC deferred its advice to see whether a lower ICER could be achieved through adjusting inputs in the economic model and for a significant price reduction to be offered by the company. MSAC advised that an ICER in the range of those for other treatments in later line RRMM recommended by PBAC would be more likely to be acceptable. Furthermore, MSAC requested the Department negotiate a pay-for-performance arrangement.",Public Summary Document Application No. 1690.1 - Ciltacabtagene autoleucel ... to treat refractory or relapsed multiple myeloma,MSAC 1690.1 PSD (November 2023); MSAC 23-24 November 2023,https://www.msac.gov.au/sites/default/files/documents/1690.1%20Final%20PSD%20-%20Nov2023%20(redacted).pdf,2026-09-05,verified-from-source,Deferred (mapped to under-assessment). Price redacted. retrieved via web.archive.org snapshot because msac.gov.au and tga.gov.au refused direct connections,decisions_australia.csv,carvykti,2023-06-06,stated by agent,2023-11-23,2022-02-28,5.6,20.8,False
Carvykti,Australia,Australia,MSAC,MM_5L,adult patients with relapsed or refractory multiple myeloma (RRMM) who have received at least 4 prior lines of therapy (5L+ RRMM),2023-06-06,,2024-04-04,recommended-restricted,outcomes-based,alternative funding model set by MSAC (pay-for-performance) with a risk sharing arrangement for use above financial estimates; applicant proposal of fixed annual patient caps rejected as inequitable,,,AUD,,"MSAC supported the public funding of cilta-cel for 5L+ RRMM at its April 2024 meeting based on an alternative funding model that appropriately managed the clinical, economic and financial uncertainty associated with the public funding of cilta-cel, in conjunction with a RSA that appropriately managed the risk of the applicant's financial estimates being exceeded. MSAC reviewed the funding proposal re-submitted by the applicant at its April 2024 meeting and considered that, despite being the third application, there had been no attempt from Janssen-Cilag to adequately address MSAC's concerns following the November 2023 deferral of its advice. MSAC considered the proposal by Janssen-Cilag, to limit the number of patients who could receive treatment with cilta-cel in a given funding year (i.e. a fixed cap) to compensate for the high-cost of the treatment and provide certainty around its financial estimates, was inequitable and unethical.",Public Summary Document Application No. 1690.1 - Ciltacabtagene autoleucel (November 2024 update),MSAC 1690.1 PSD (November 2024); MSAC 4-5 April 2024,https://www.msac.gov.au/sites/default/files/2025-01/1690.1_psd_-_november_2024.pdf,2026-09-05,verified-from-source,retrieved via web.archive.org snapshot because msac.gov.au and tga.gov.au refused direct connections,decisions_australia.csv,carvykti,2023-06-06,stated by agent,2024-04-04,2022-02-28,10.0,25.2,True
Carvykti,Australia,Australia,MSAC,MM_5L,adult patients with 5L+ RRMM - updated funding proposal (October 2024),2023-06-06,2024-10,2024-11-29,recommended-restricted,outcomes-based,"pay-for-performance based on stringent complete response at 12 months and PFS thereafter with no subsequent therapy; ICER $95,000 to <$115,000/QALY; reduced one-off payment for patients above subsidisation cap; post-funding review",,,AUD,,"MSAC continued to support the public funding of cilta-cel for the treatment of adult patients with 5L+ RRMM. MSAC acknowledged the applicant had reduced its price since its April 2024 pricing proposal and that it no longer proposed to place caps on the number of patients treated with cilta-cel per year. However, MSAC considered the alternative funding proposal submitted by the applicant did not appropriately address the clinical, economic and financial uncertainty associated with public funding. MSAC considered the outcome measure of overall survival (OS) proposed by the applicant was not an appropriate outcome on which a Pay-for-Performance (PfP) arrangement should be based. MSAC considered the PfP should be based on an outcome that could be attributed directly to the use of cilta-cel, such as stringent complete response (sCR) with no use of subsequent therapies. However, MSAC considered that a shorter PfP arrangement based on sCR at 12 months and progression free survival (PFS) thereafter with no use of subsequent treatments, that resulted in a price and ICER largely aligned with the applicant's October 2024 funding proposal would be acceptable (i.e. maximum price per responder of $[redacted]; average price $[redacted]; and ICER $95,000 to < $115,000/ QALY.",Public Summary Document Application No. 1690.1 - Ciltacabtagene autoleucel (November 2024 update),MSAC 1690.1 PSD (November 2024); MSAC 29 November 2024,https://www.msac.gov.au/sites/default/files/2025-01/1690.1_psd_-_november_2024.pdf,2026-09-05,verified-from-source,Price redacted. retrieved via web.archive.org snapshot because msac.gov.au and tga.gov.au refused direct connections,decisions_australia.csv,carvykti,2023-06-06,stated by agent,2024-11-29,2022-02-28,17.8,33.0,True
Carvykti,Australia,Australia,Funding,MM_5L,5L+ RRMM under NHRA Highly Specialised Therapy arrangements,2023-06-06,,,not-found,outcomes-based,,,,AUD,,,,,https://www.msac.gov.au/sites/default/files/2025-01/1690.1_psd_-_november_2024.pdf,2026-09-05,not-found,Funding commencement date not found in documents read.,decisions_australia.csv,carvykti,2023-06-06,stated by agent,,2022-02-28,,,False
Luxturna,Australia,Australia,TGA,RPE65,adult and paediatric patients with vision loss due to inherited retinal dystrophy caused by confirmed biallelic RPE65 pathogenic variants and who have sufficient viable retinal cells (registered indication),2020-08-05,2019-07-31,2020-08-04,recommended,none,,,,,,,ARTG Public Summary for ARTG Entry 318929 (LUXTURNA); TGA Australian prescription medicine decision summary: Luxturna,ARTG 318929,https://www.ebs.tga.gov.au/servlet/xmlmillr6?dbid=ebs/PublicHTML/pdfStore.nsf&docid=318929&agid=(PrintDetailsPublic)&actionid=1,2026-09-05,verified-from-source,ARTG Start Date 5/08/2020; TGA decision 4 August 2020; submission accepted 31 July 2019; orphan designation 29 March 2019; 208 working days. Archived AusPMD page https://www.tga.gov.au/resources/auspmd/luxturna read via web.archive.org.,decisions_australia.csv,luxturna,2020-08-05,stated by agent,2020-08-04,2017-12-19,-0.0,31.5,True
Luxturna,Australia,Australia,MSAC,RPE65,adult and paediatric patients with vision loss due to inherited retinal dystrophy (IRD) caused by confirmed biallelic RPE65 pathogenic variants and who have sufficient viable retinal cells,2020-08-05,,2020-07-28,under-assessment,outcomes-based,deferred to allow further negotiation on price and risk sharing arrangements,,,AUD,,"MSAC decided to defer its advice on the suitability for joint Commonwealth and State/Territory funding to allow further negotiations with the applicant on the price and risk sharing arrangements. MSAC accepted there is a high clinical need for effective treatment options for patients with a rare condition that causes progressive loss of vision leading ultimately to near-total blindness. MSAC agreed the available evidence indicates VN improves vision in patients with this condition. However, MSAC considered there were significant uncertainties with the economic modelling resulting in a high and uncertain cost-effectiveness, and with the financial estimates.",Public Summary Document Application No. 1623 - Luxturna (voretigene neparvovec) for the treatment of biallelic RPE-65-mediated Inherited Retinal Dystrophies,MSAC 1623 PSD; MSAC 79th Meeting 28-29 July 2020,https://www.msac.gov.au/sites/default/files/documents/1623%20Final%20PSD.pdf,2026-09-05,verified-from-source,Deferred (mapped to under-assessment). Considered one week before ARTG registration. retrieved via web.archive.org snapshot because msac.gov.au and tga.gov.au refused direct connections,decisions_australia.csv,luxturna,2020-08-05,stated by agent,2020-07-28,2017-12-19,-0.3,31.3,False
Luxturna,Australia,Australia,MSAC,RPE65,adult and paediatric patients with vision loss due to inherited retinal dystrophy (IRD) caused by confirmed biallelic RPE65 pathogenic variants and who have sufficient viable retinal cells,2020-08-05,,2020-11-26,recommended-restricted,outcomes-based,further price reduction of [redacted]% required; pay-for-performance with price significantly reduced or not paid if patient fails to show >=0.3 log10 improvement in FST at 60 days (single payment on response); one successful treatment per eye per lifetime; delivery per TGA RMP treatment centre criteria; NATA-accredited genetic confirmation; review within 3 years,,,AUD,,"MSAC supported joint Commonwealth and State/Territory funding of VN through the National Health Reform Agreement (NHRA). MSAC agreed VN addresses a high unmet clinical need for patients with biallelic RPE-65-mediated inherited retinal dystrophies for which no treatment is currently available and considered the available evidence indicates VN improves vision in patients with this condition, as long as the patient has sufficient viable retinal cells at the time of treatment. MSAC considered the reapplication did not satisfactorily address the significant outstanding uncertainties related to the economic modelling, resulting in high and uncertain cost- effectiveness remaining a concern for the Committee. MSAC considered a further reduction of redacted% to the proposed price would be required to adequately address the remaining uncertainties associated with the cost-effectiveness of VN, the duration of treatment effect and the absence of a financial or patient number cap in the risk sharing proposal.",Public Summary Document Application No. 1623 - Luxturna (voretigene neparvovec) for the treatment of biallelic RPE-65-mediated Inherited Retinal Dystrophies,MSAC 1623 PSD; MSAC 80th Meeting 26-27 November 2020,https://www.msac.gov.au/sites/default/files/documents/1623%20Final%20PSD.pdf,2026-09-05,verified-from-source,Funded as NHRA Highly Specialised Therapy (public hospital Specialist Treatment Centres). Price redacted. PBAC (Zolgensma PSD Nov 2020) notes the ONA effective price requested was more than three times the price requested for voretigene neparvovec. retrieved via web.archive.org snapshot because msac.gov.au and tga.gov.au refused direct connections,decisions_australia.csv,luxturna,2020-08-05,stated by agent,2020-11-26,2017-12-19,3.7,35.2,True
Luxturna,Australia,Australia,Funding,RPE65,biallelic RPE65-mediated IRD under NHRA,2020-08-05,,,not-found,outcomes-based,,,,AUD,,,,,https://www.msac.gov.au/sites/default/files/documents/1623%20Final%20PSD.pdf,2026-09-05,not-found,NHRA funding commencement date not found in documents read.,decisions_australia.csv,luxturna,2020-08-05,stated by agent,,2017-12-19,,,False
Zolgensma,Australia,Australia,TGA,SMA_under9m,Zolgensma (onasemnogene abeparvovec) is indicated for the treatment of paediatric patients less than 9 months of age with symptomatic or pre-symptomatic spinal muscular atrophy with bi-allelic mutations in the survival motor neuron 1 (SMN1) gene and 1 to 3 copies of the SMN2 gene.,2021-03-04,,2021-02-24,recommended,none,,,,,,,ARTG Public Summary for ARTG Entry 327905 (ZOLGENSMA); TGA Australian prescription medicine decision summary: Zolgensma,"ARTG 327905 (also 327906, 327907)",https://www.ebs.tga.gov.au/servlet/xmlmillr6?dbid=ebs/PublicHTML/pdfStore.nsf&docid=327905&agid=(PrintDetailsPublic)&actionid=1,2026-09-05,verified-from-source,ARTG Start Date 4/03/2021; TGA decision date 24 February 2021. Archived AusPMD page https://www.tga.gov.au/resources/auspmd/zolgensma read via web.archive.org. Submission made under TGA/PBAC parallel process.,decisions_australia.csv,zolgensma,2021-03-04,stated by agent,2021-02-24,2019-05-24,-0.3,21.1,True
Zolgensma,Australia,Australia,PBAC,SMA_type1,treatment of spinal muscular atrophy (SMA) Type I in patients under 2 years of age (paediatric patients less than 2 years of age with SMA with bi-allelic mutations in the SMN1 gene),2021-03-04,,2020-11,under-assessment,unknown,"deferred; submission listed options of payment by instalment, pay-for-performance or traditional PBS agreement",,redacted,AUD,requested DPMQ (based on USD price at January 2020 exchange rate),"The PBAC deferred making a decision on the request for PBS listing of onasemnogene abeparvovec (ONA) (Zolgensma) in patients less than 2 years of age with confirmed Type I SMA (based on genotype and phenotype) to allow the TGA to confirm the indication for the therapy and work to be progressed on a Decision Support Analysis as described below. However, as set out above, the PBAC had a number of concerns with the current subsidy proposal for ONA. Most importantly, the PBAC did not accept the submission's claim that ONA is superior in terms of effectiveness and safety compared to NUSI. Overall, having considered all the available evidence, the PBAC concluded that, on balance ONA would likely deliver similar clinical outcomes to NUSI in matched patients. The PBAC noted that the effective price requested for ONA is more than three times the price requested for voretigene naparvovec (VOR, Luxturna) another single-dose gene therapy that is also sponsored by Novartis.","Public Summary Document - November 2020 PBAC Meeting, 5.10 ONASEMNOGENE ABEPARVOVEC, Zolgensma, Novartis Pharmaceuticals Australia Pty Ltd",PBAC PSD November 2020 item 5.10,https://www.pbs.gov.au/industry/pbac/psd/2020/11/onasemnogene-abeparvovec-psd-nov-2020.pdf,2026-09-05,verified-from-source,TGA/PBAC parallel process; considered before TGA registration. Meeting days not stated in PSD (month given). Patient numbers redacted (<500 per year).,decisions_australia.csv,zolgensma,2021-03-04,stated by agent,2020-11-01,2019-05-24,-4.0,17.3,False
Zolgensma,Australia,Australia,PBAC,SMA_type1,SMA in patients aged less than 9 months with 1-3 copies of the SMN2 gene (revised population),2021-03-04,,2021-05,under-assessment,unknown,deferral maintained; sponsor proposal of upfront payment with no outcomes-based measures considered inadequate,,redacted,AUD,sponsor deferral proposal effective price,"The PBAC maintained its deferral from the November 2020 meeting for PBS listing of onasemnogene abeparvovec (ONA) for spinal muscular atrophy (SMA) as a number of concerns with the subsidy proposal remained. The PBAC noted the proposed population was revised to patients aged less than 9 months, with 1-3 copies of the SMN2 gene, and that patients with 3 copies of SMN2 are currently not eligible for treatment with nusinersen (NUSI). The PBAC considered the request for inclusion of patients with 3 copies of SMN2 was not adequately supported, and at the requested price ONA was unlikely to be cost-effective in these patients. The PBAC considered that the cost-minimisation analysis for ONA versus NUSI should be revised to take into account discounting of costs in the forward years, and an analysis versus risdiplam (as a near market comparator) should also be presented. The PBAC considered that the proposal which was conditional on an upfront payment with no outcomes-based measures did not adequately address the uncertainties with the clinical evidence and associated cost-effectiveness.","Public Summary Document - November 2020 PBAC Meeting with May 2021 Addendum, ONASEMNOGENE ABEPARVOVEC, Zolgensma",PBAC PSD May 2021 Addendum (item 4.04),https://www.pbs.gov.au/industry/pbac/psd/2021/05/onasemnogene-abeparvovec-psd-may-2021.pdf,2026-09-05,verified-from-source,Intracycle (May 2021) consideration; meeting day not stated.,decisions_australia.csv,zolgensma,2021-03-04,stated by agent,2021-05-01,2019-05-24,1.9,23.3,False
Zolgensma,Australia,Australia,PBAC,SMA_type1,"Spinal Muscular Atrophy (SMA) in patients aged less than 9 months, with Type 1 SMA or pre-symptomatic patients with 1-2 copies of the SMN2 gene",2021-03-04,,2021-09,recommended-restricted,outcomes-based,"Section 100 Highly Specialised Drugs Program listing on cost-minimisation to risdiplam over [redacted] years discounted at 5%; outcomes-based risk sharing arrangement with refund where treatment fails (death, permanent ventilation or lack of efficacy); special pricing arrangement with performance rebate",,redacted,AUD,effective price (cost-minimised to risdiplam),"Following a revised proposal from the sponsor, the PBAC recommended the Section 100 (Highly Specialised Drugs Program) listing of onasemnogene abeparvovec (ONA) for the treatment of Spinal Muscular Atrophy (SMA) in patients aged less than 9 months, with Type 1 SMA or pre-symptomatic patients with 1-2 copies of the SMN2 gene. The PBAC's recommendation for listing was based on, among other matters, its assessment that the cost-effectiveness of ONA would be acceptable if it were cost-minimised to the least costly disease-modifying therapy for this condition, which is risdiplam (RIS), and in the context of an outcomes-based risk sharing arrangement (RSA). The PBAC also considered that an outcomes-based RSA would be required to mitigate the financial risk to the Commonwealth associated with the significant upfront payment for ONA where the treatment fails, resulting in death, permanent ventilation or lack of efficacy.","Public Summary Document - November 2020 PBAC Meeting with May 2021 Addendum and September 2021 Addendum, ONASEMNOGENE ABEPARVOVEC, Zolgensma",PBAC PSD September 2021 Addendum (section 9 PBAC Outcome),https://www.pbs.gov.au/industry/pbac/psd/2021/09/onasemnogene-abeparvovec-psd-september-2021.pdf,2026-09-05,verified-from-source,"Intracycle (September 2021) consideration; day not stated. Sponsor comment: ""Novartis is pleased to receive the positive recommendation for Zolgensma"".",decisions_australia.csv,zolgensma,2021-03-04,stated by agent,2021-09-01,2019-05-24,5.9,27.3,True
Zolgensma,Australia,Australia,Funding,SMA_type1,"PBS Section 100 (Highly Specialised Drugs Program) listing, once-off treatment in patients aged less than 9 months with symptomatic SMA Type I or pre-symptomatic SMA with 1 to 2 copies of SMN2",2021-03-04,,2022-05,recommended-restricted,outcomes-based,special pricing arrangement with effective price including a performance rebate as part of a risk sharing arrangement,,2557773.87,AUD,published PBS price (DPMQ) per treatment; effective price redacted,"ONA was listed on the PBS in May 2022 as a once-off treatment in patients aged less than 9 months with symptomatic SMA Type I or pre-symptomatic SMA with 1 to 2 copies of SMN2 on a cost minimisation basis versus risdiplam, which was the least costly disease-modifying therapy for this condition. A special pricing arrangement (SPA) also applies to the current PBS listing of ONA, with an effective price of $[redacted], including a performance rebate as part of a risk sharing arrangement (RSA).","Public Summary Document - November 2022 PBAC Meeting, 6.05 ONASEMNOGENE ABEPARVOVEC, Zolgensma (Background section)",PBAC PSD November 2022 item 6.05,https://www.pbs.gov.au/industry/pbac/psd/2022/11/onasemnogene-abebarvovec-psd-11-2022.pdf,2026-09-05,verified-from-source,"PBS listing month per PSD; PBS listings take effect on the first of the month, so 1 May 2022 is the likely effective date but the day was not verified from the PBS Schedule. Published price $2,557,773.87 quoted in the November 2022 PSD; July 2023 and November 2025 PSDs quote $2,527,773.87.",decisions_australia.csv,zolgensma,2021-03-04,stated by agent,2022-05-01,2019-05-24,13.9,35.2,True
Zolgensma,Australia,Australia,PBAC,SMA_presymp_3copies,pre-symptomatic patients who are genetically diagnosed with SMA and have 3 copies of the Survival Motor Neuron 2 (SMN2) gene (paediatric patients less than 9 months of age),2021-03-04,,2022-11,not-recommended,none,no special pricing arrangement proposed; requested price substantially higher than current 1-2 copy listing,,redacted,AUD,"requested effective price (higher than published price $2,557,773.87 for existing listing)","The PBAC did not recommend onasemnogene abeparvovec (ONA) for the treatment of pre-symptomatic patients who are genetically diagnosed with spinal muscular atrophy (SMA) and have 3 copies of the Survival Motor Neuron 2 (SMN2) gene. The PBAC considered that pre-symptomatic treatment with ONA may provide clinical benefit for some patients compared to treatment with existing disease modifying therapies following the onset of symptoms. However, the PBAC noted the magnitude of benefit was unclear from the limited clinical data available. The PBAC considered that the economic model presented was unreliable for informing the cost-effectiveness of ONA. The PBAC noted that the price requested was substantially higher than the current price for patients with 1-2 copies of SMN2 and considered this to be inconsistent with the reduced incremental benefit that would be observed for patients with 3 copies of SMN2.","Public Summary Document - November 2022 PBAC Meeting, 6.05 ONASEMNOGENE ABEPARVOVEC, Zolgensma",PBAC PSD November 2022 item 6.05,https://www.pbs.gov.au/industry/pbac/psd/2022/11/onasemnogene-abebarvovec-psd-11-2022.pdf,2026-09-05,verified-from-source,Category 2 submission requesting extension of S100 HSD listing.,decisions_australia.csv,zolgensma,2021-03-04,stated by agent,2022-11-01,2019-05-24,19.9,41.3,True
Zolgensma,Australia,Australia,PBAC,SMA_presymp_3copies,"pre-symptomatic treatment in patients aged up to 9 months, genetically diagnosed SMA, who have a SMN2 gene copy number of 3",2021-03-04,,2023-07,recommended-restricted,outcomes-based,extension of listing with price reduction; existing outcomes-based RSA (full refund if patient dies etc.) to apply; special pricing arrangement,,2527773.87,AUD,published price; effective price redacted (lower than requested November 2022 price),"The PBAC recommended the amendment to the current listing of ONA to include the pre-symptomatic treatment in patients aged up to 9 months, genetically diagnosed SMA, who have a SMN2 gene copy number of 3. The PBAC considered that pre-symptomatic treatment with ONA in patients with 3 copies of SMN2 would provide an additional benefit for some patients compared with initiation of treatment upon development of symptoms. The PBAC noted there was remaining uncertainty regarding the cost-effectiveness of pre-symptomatic treatment with ONA in patients with 3 copies of SMN2 due to the uncertain magnitude of incremental benefit compared to symptomatic treatment. However, the PBAC was satisfied that extension of the current listing would be adequately cost-effective with a price reduction for use in the proposed population.","Public Summary Document - July 2023 PBAC Meeting, 7.06 ONASEMNOGENE ABEPARVOVEC, Zolgensma",PBAC PSD July 2023 item 7.06,https://www.pbs.gov.au/industry/pbac/psd/2023/07/onasemnogene-abeparvovec-psd-july-2023.pdf,2026-09-05,verified-from-source,Standard re-entry resubmission; cost-minimisation vs ONA in 1-2 copy population. Net cost $10-<20 million in Year 1. Subsequent PBS listing date for this population not retrieved.,decisions_australia.csv,zolgensma,2021-03-04,stated by agent,2023-07-01,2019-05-24,27.9,49.2,True
Zolgensma,Australia,Australia,PBAC,SMA_upto21kg,"paediatric patients weighing up to 21 kg with symptomatic Type I-IIIa SMA, or pre-symptomatic SMA with 1-3 copies SMN2 (DMT-treated, initiated before 36 months) or untreated up to 36 months of age",2021-03-04,,2025-11,recommended-restricted,outcomes-based,same cost per patient as younger population with the same outcomes-based RSA conditions; cost-comparison basis,,2527773.87,AUD,published price; effective prices redacted,"The PBAC recommended expanding the current listing of onasemnogene abeparvovec (ONA) which requires patients to be less than 9 months of age to include treatment of SMA patients with: Symptomatic Type I-IIIa SMA, weighing up to 21 kg. Pre-symptomatic SMA with 1-3 copies SMN2, weighing up to 21 kg, where treatment with DMTs was initiated prior to 36 months of age. Pre-symptomatic SMA with 1-3 copies SMN2, up to 36 months of age, where patients are untreated with DMTs. The PBAC considered that although the evidence available was limited, the efficacy and safety of ONA in patients older than 9 months appears similar to that in patients younger than 9 months. The PBAC considered that ONA would be acceptably cost-effective in the older population at the same cost per patient as in the younger population, with the same outcomes-based RSA conditions applied.","Public Summary Document - November 2025 PBAC Meeting, 6.05 ONASEMNOGENE ABEPARVOVEC, Zolgensma",PBAC PSD November 2025 item 6.05,https://www.pbs.gov.au/industry/pbac/psd/2025/11/onasemnogene-abeparvovec-psd-november-2025.pdf,2026-09-05,verified-from-source,PBAC considered estimated <500 patients per year reasonable (exact number redacted). Population extends beyond the TGA-registered <9 months indication (TGA CER cited). Listing date not retrieved.,decisions_australia.csv,zolgensma,2021-03-04,stated by agent,2025-11-01,2019-05-24,55.9,77.3,True
Hemgenix,Australia,Australia,TGA,HEMB_adult,"Hemgenix is an adeno-associated virus vector-based gene therapy indicated for treatment of adults with haemophilia B (congenital factor IX deficiency), without a history of factor IX inhibitors, who: currently use factor IX prophylaxis therapy, or have current or historical life-threatening haemorrhage, or repeated, serious spontaneous bleeding episodes.",2024-03-19,2023-03-31,2024-03-15,recommended-managed-access,none,"provisional registration (time-limited, up to 6 years; continued approval depends on confirmatory data)",,,,,,ARTG Public Summary for ARTG Entry 405360 (HEMGENIX); TGA Australian prescription medicine decision summary: Hemgenix,ARTG 405360,https://www.ebs.tga.gov.au/servlet/xmlmillr6?dbid=ebs/PublicHTML/pdfStore.nsf&docid=405360&agid=(PrintDetailsPublic)&actionid=1,2026-09-05,verified-from-source,Provisional registration. ARTG Start Date 19/03/2024; decision 15 March 2024; submission accepted 31 March 2023; 213 working days; orphan drug. Archived AusPMD page https://www.tga.gov.au/resources/auspmd/hemgenix read via web.archive.org.,decisions_australia.csv,hemgenix,2024-03-19,stated by agent,2024-03-15,2022-11-22,-0.1,15.7,True
Hemgenix,Australia,Australia,MSAC,HEMB_adult,adult patients with moderately severe or severe congenital haemophilia B (funding sought under the national blood arrangements),2024-03-19,,2024-08-01,not-recommended,none,applicant proposed a risk sharing agreement (details redacted); ESC discussed long-term pay-for-performance,,redacted,AUD,proposed price per single infusion,"MSAC did not support public funding of the gene therapy etranacogene dezaparvovec (Hemgenix) for the treatment of adult patients with moderately severe or severe congenital haemophilia B. MSAC noted the limited low certainty clinical evidence indicated that Hemgenix may be effective for some patients in the short term but considered that there was substantial inter-individual variability in the patient response to Hemgenix. Although a lifetime benefit was claimed, MSAC considered the clinical evidence (3-year follow-up) was insufficient to substantiate the long-term safety and effectiveness of Hemgenix. MSAC considered the neutralising antibody test was essential for determining patient eligibility to Hemgenix, but noted this test has not been validated. MSAC also considered that the cost effectiveness of Hemgenix compared to factor IX replacement therapy was highly uncertain due to the uncertainties in both the clinical evidence and the oversimplified economic model which had inherent limitations. As such, MSAC considered the proposed very high price for Hemgenix was not cost-effective. MSAC considered that the estimated utilisation may be erroneously low given the prevalent pool of potentially eligible individuals.",Public Summary Document Application No. 1728 - Etranacogene dezaparvovec for the treatment of Haemophilia B,MSAC 1728 PSD; MSAC 1-2 August 2024,https://www.msac.gov.au/sites/default/files/2024-10/1728_final_psd_-_aug2024_-_redacted.pdf,2026-09-05,verified-from-source,"Funding channel: National Blood Agreement (National Blood Authority), not NHRA or PBS. Uptake rates redacted. retrieved via web.archive.org snapshot because msac.gov.au and tga.gov.au refused direct connections",decisions_australia.csv,hemgenix,2024-03-19,stated by agent,2024-08-01,2022-11-22,4.4,20.3,True
Hemgenix,Australia,Australia,MSAC,HEMB_adult,adult patients with moderately severe or severe congenital haemophilia B (National Blood Agreement),2024-03-19,,2025-07-31,recommended-restricted,unknown,anti-AAV5 neutralising antibody assay essential for eligibility; provisional registration noted; remainder of conditions not extracted,,redacted,AUD,,"MSAC supported public funding of the gene therapy etranacogene dezaparvovec (ED, Hemgenix) for the treatment of adult patients with moderately severe or severe congenital haemophilia B. Based on the available clinical evidence, MSAC considered that ED, administered as a one-time treatment, provides clinical benefit to patients. MSAC considered that an anti-adeno-associated virus type 5 neutralising antibody assay was essential for determining patient eligibility to treatment, but raised some concern about the accuracy and validity of the proposed assay. Among patients treated with ED in the key trial, approximately 94% of patients were able to cease regular (typically 1-2 times per week) prophylactic factor replacement injections, with approximately 41% of patients having no further bleeding episodes. However, MSAC noted that ED is provisionally registered in Australia and considered that the clinical evidence (4-year follow-up in the key trial) did not yet fully support the durability of treatment effect over a lifetime.",Public Summary Document Application No. 1728.1 - Etranacogene dezaparvovec for the treatment of Haemophilia B,MSAC 1728.1 PSD; MSAC 31 July 2025,https://www.msac.gov.au/sites/default/files/2025-11/1728.1_final_psd_-_july_2025_-_redacted.pdf,2026-09-05,verified-from-source,Only the opening of the advice section was read; pricing/risk-share conditions later in the paragraph were not extracted (application form HPP200260). retrieved via web.archive.org snapshot because msac.gov.au and tga.gov.au refused direct connections,decisions_australia.csv,hemgenix,2024-03-19,stated by agent,2025-07-31,2022-11-22,16.4,32.3,True
Hemgenix,Australia,Australia,Funding,HEMB_adult,National Blood Agreement funding,2024-03-19,,,not-found,unknown,,,,AUD,,,,,https://www.msac.gov.au/sites/default/files/2025-11/1728.1_final_psd_-_july_2025_-_redacted.pdf,2026-09-05,not-found,Funding commencement date not found.,decisions_australia.csv,hemgenix,2024-03-19,stated by agent,,2022-11-22,,,False
Imlygic,Australia,Australia,TGA,MEL_unresectable,"monotherapy for the treatment of melanoma in patients with unresectable cutaneous, subcutaneous and nodal lesions after initial surgery",2015-12-21,,2015-12-21,recommended,none,,,,,,,"Public Summary Document - July 2016 PBAC Meeting, 5.11 Talimogene laherparepvec (Background 3.1)",PBAC PSD July 2016 item 5.11,https://www.pbs.gov.au/industry/pbac/psd/2016/07/talimogene-psd-july-2016.pdf,2026-09-05,verified-from-source,"TGA registration date per PBAC PSD: ""T-VEC was registered by the TGA on 21 December 2015"". TGA record not retrieved; eBS PI repository returned no Imlygic PI on 2026-09-05, which may indicate the ARTG entry has since been cancelled (unverified).",decisions_australia.csv,imlygic,2015-12-21,stated by agent,2015-12-21,2015-10-27,0.0,1.8,True
Imlygic,Australia,Australia,PBAC,MEL_unresectable,Section 100 (Efficient Funding of Chemotherapy) Authority Required (Streamlined) listing for the treatment of unresectable stage III or stage IV malignant melanoma without visceral metastases,2015-12-21,,2016-07,not-recommended,none,sponsor indicated willingness to enter a risk sharing arrangement on vial numbers; cost-minimisation to ipilimumab proposed without a requested effective price,,13000.95,AUD,"requested DPMA per 1 million PFU/mL 1 mL vial (public hospital); $13,214.33 private","The PBAC rejected the listing of T-VEC on the basis of highly uncertain magnitude of clinical benefit, and thus highly uncertain cost effectiveness compared to its nominated comparators (pembrolizumab, nivolumab and ipilimumab). The PBAC acknowledged that there may be some short-term unmet clinical need for additional therapies beyond current PBS-subsidised medicines in a small subgroup of previously untreated patients with stage IIIb/c and stage IVM1a melanoma. The PBAC considered that durable response rate, the primary endpoint in the key trial (OPTiM), was not a validated endpoint. The PBAC considered that the magnitude of survival benefit of T-VEC in the stage IIIb/c and stage IVM1a subgroups was highly uncertain, given the data was derived from an exploratory post-hoc subgroup.","Public Summary Document - July 2016 PBAC Meeting, 5.11 Talimogene laherparepvec, Imlygic, Amgen Australia Pty Ltd",PBAC PSD July 2016 item 5.11,https://www.pbs.gov.au/industry/pbac/psd/2016/07/talimogene-psd-july-2016.pdf,2026-09-05,verified-from-source,First PBAC consideration; patient numbers redacted. No later PBAC resubmission found in the PBS PSD index (only one talimogene PSD listed).,decisions_australia.csv,imlygic,2015-12-21,stated by agent,2016-07-01,2015-10-27,6.3,8.1,True
Imlygic,Australia,Australia,Funding,MEL_unresectable,PBS listing,2015-12-21,,,not-found,none,,,,AUD,,,,,https://www.pbs.gov.au/industry/pbac/psd,2026-09-05,not-found,No PBS listing found; only PBAC record is the July 2016 rejection.,decisions_australia.csv,imlygic,2015-12-21,stated by agent,,2015-10-27,,,False
Roctavian,Australia,Australia,TGA,HEMA_adult,congenital haemophilia A,,,,not-found,unknown,,,,,,,TGA eBS Product and Consumer Medicine Information repository search,,https://www.ebs.tga.gov.au/ebs/picmi/picmirepository.nsf/PICMI?OpenForm&t=PI&q=roctavian,2026-09-05,provisional-from-snippet,"eBS PI repository shows 0 documents for Roctavian/valoctocogene on 2026-09-05, suggesting no current ARTG registration; tga.gov.au ARTG search was unreachable so this is not confirmed.",decisions_australia.csv,roctavian,2022-08-24,cohort EU authorisation,,2023-06-30,,,False
Roctavian,Australia,Australia,MSAC,HEMA_adult,Valoctocogene roxaparvovec gene therapy for congenital haemophilia A,,,,under-assessment,unknown,,,,,,,MSAC application 1751 - Valoctocogene roxaparvovec gene therapy for congenital haemophilia A,"MSAC 1751 (Application Summary, PICO Set Documents 1 and 2, Ratified PICO redacted, Consultation Survey)",https://www.msac.gov.au/applications/1751,2026-09-05,verified-from-source,"Archived application page lists MSAC meeting ""To be confirmed"" and no PSD; PASC-stage documents only. retrieved via web.archive.org snapshot because msac.gov.au and tga.gov.au refused direct connections",decisions_australia.csv,roctavian,2022-08-24,cohort EU authorisation,,2023-06-30,,,False
Breyanzi,Australia,Australia,TGA,LBCL_3L,,,,,not-submitted,none,,,,,,,TGA eBS Product and Consumer Medicine Information repository search,,https://www.ebs.tga.gov.au/ebs/picmi/picmirepository.nsf/PICMI?OpenForm&t=PI&q=breyanzi,2026-09-05,provisional-from-snippet,"eBS PI repository shows 0 documents for this brand and its INN on 2026-09-05 (the repository does list Kymriah, Yescarta, Tecartus, Carvykti, Zolgensma, Luxturna and Amtagvi, so absence is informative but not conclusive); no MSAC application found in archived MSAC meeting and application listings (1620-1827); tga.gov.au ARTG search unreachable. Also no PBAC PSD in the PBS PSD index.",decisions_australia.csv,breyanzi,2022-04-04,cohort EU authorisation,,2021-02-05,,,False
Abecma,Australia,Australia,TGA,MM_4L,,,,,not-submitted,none,,,,,,,TGA eBS Product and Consumer Medicine Information repository search,,https://www.ebs.tga.gov.au/ebs/picmi/picmirepository.nsf/PICMI?OpenForm&t=PI&q=abecma,2026-09-05,provisional-from-snippet,"eBS PI repository shows 0 documents for this brand and its INN on 2026-09-05 (the repository does list Kymriah, Yescarta, Tecartus, Carvykti, Zolgensma, Luxturna and Amtagvi, so absence is informative but not conclusive); no MSAC application found in archived MSAC meeting and application listings (1620-1827); tga.gov.au ARTG search unreachable. Also no PBAC PSD in the PBS PSD index.",decisions_australia.csv,abecma,2021-08-18,cohort EU authorisation,,2021-03-26,,,False
Casgevy,Australia,Australia,TGA,SCD_VOC_12plus,,,,,not-submitted,none,,,,,,,TGA eBS Product and Consumer Medicine Information repository search,,https://www.ebs.tga.gov.au/ebs/picmi/picmirepository.nsf/PICMI?OpenForm&t=PI&q=casgevy,2026-09-05,provisional-from-snippet,"eBS PI repository shows 0 documents for this brand and its INN on 2026-09-05 (the repository does list Kymriah, Yescarta, Tecartus, Carvykti, Zolgensma, Luxturna and Amtagvi, so absence is informative but not conclusive); no MSAC application found in archived MSAC meeting and application listings (1620-1827); tga.gov.au ARTG search unreachable. Applies to both SCD and TDT indications; no PBAC PSD for exagamglogene in the PBS PSD index.",decisions_australia.csv,casgevy,2024-02-09,cohort EU authorisation,,2023-12-08,,,False
Zynteglo,Australia,Australia,TGA,TDT_12plus,,,,,not-submitted,none,,,,,,,TGA eBS Product and Consumer Medicine Information repository search,,https://www.ebs.tga.gov.au/ebs/picmi/picmirepository.nsf/PICMI?OpenForm&t=PI&q=zynteglo,2026-09-05,provisional-from-snippet,"eBS PI repository shows 0 documents for this brand and its INN on 2026-09-05 (the repository does list Kymriah, Yescarta, Tecartus, Carvykti, Zolgensma, Luxturna and Amtagvi, so absence is informative but not conclusive); no MSAC application found in archived MSAC meeting and application listings (1620-1827); tga.gov.au ARTG search unreachable.",decisions_australia.csv,zynteglo,2019-05-29,cohort EU authorisation,,2022-08-17,,,False
Lenmeldy / Libmeldy,Australia,Australia,TGA,MLD_early,,,,,not-submitted,none,,,,,,,TGA eBS Product and Consumer Medicine Information repository search,,https://www.ebs.tga.gov.au/ebs/picmi/picmirepository.nsf/PICMI?OpenForm&t=PI&q=lenmeldy,2026-09-05,provisional-from-snippet,"eBS PI repository shows 0 documents for this brand and its INN on 2026-09-05 (the repository does list Kymriah, Yescarta, Tecartus, Carvykti, Zolgensma, Luxturna and Amtagvi, so absence is informative but not conclusive); no MSAC application found in archived MSAC meeting and application listings (1620-1827); tga.gov.au ARTG search unreachable. Searched both Libmeldy and Lenmeldy.",decisions_australia.csv,lenmeldy,2020-12-17,cohort EU authorisation,,2024-03-18,,,False
Kebilidi / Upstaza,Australia,Australia,TGA,AADC,,,,,not-submitted,none,,,,,,,TGA eBS Product and Consumer Medicine Information repository search,,https://www.ebs.tga.gov.au/ebs/picmi/picmirepository.nsf/PICMI?OpenForm&t=PI&q=kebilidi,2026-09-05,provisional-from-snippet,"eBS PI repository shows 0 documents for this brand and its INN on 2026-09-05 (the repository does list Kymriah, Yescarta, Tecartus, Carvykti, Zolgensma, Luxturna and Amtagvi, so absence is informative but not conclusive); no MSAC application found in archived MSAC meeting and application listings (1620-1827); tga.gov.au ARTG search unreachable. Searched both Upstaza and Kebilidi.",decisions_australia.csv,kebilidi,2022-07-18,cohort EU authorisation,,2024-11-13,,,False
Beqvez / Durveqtix,Australia,Australia,TGA,HEMB_adult,,,,,not-submitted,none,,,,,,,TGA eBS Product and Consumer Medicine Information repository search,,https://www.ebs.tga.gov.au/ebs/picmi/picmirepository.nsf/PICMI?OpenForm&t=PI&q=beqvez,2026-09-05,provisional-from-snippet,"eBS PI repository shows 0 documents for this brand and its INN on 2026-09-05 (the repository does list Kymriah, Yescarta, Tecartus, Carvykti, Zolgensma, Luxturna and Amtagvi, so absence is informative but not conclusive); no MSAC application found in archived MSAC meeting and application listings (1620-1827); tga.gov.au ARTG search unreachable. Searched both Beqvez and Durveqtix.",decisions_australia.csv,beqvez,2024-07-24,cohort EU authorisation,,2024-04-25,,,False
Vyjuvek,Australia,Australia,TGA,DEB,,,,,not-submitted,none,,,,,,,TGA eBS Product and Consumer Medicine Information repository search,,https://www.ebs.tga.gov.au/ebs/picmi/picmirepository.nsf/PICMI?OpenForm&t=PI&q=vyjuvek,2026-09-05,provisional-from-snippet,"eBS PI repository shows 0 documents for this brand and its INN on 2026-09-05 (the repository does list Kymriah, Yescarta, Tecartus, Carvykti, Zolgensma, Luxturna and Amtagvi, so absence is informative but not conclusive); no MSAC application found in archived MSAC meeting and application listings (1620-1827); tga.gov.au ARTG search unreachable.",decisions_australia.csv,vyjuvek,2025-04-23,cohort EU authorisation,,2023-05-19,,,False
Skysona,Australia,Australia,TGA,CALD,,,,,not-submitted,none,,,,,,,TGA eBS Product and Consumer Medicine Information repository search,,https://www.ebs.tga.gov.au/ebs/picmi/picmirepository.nsf/PICMI?OpenForm&t=PI&q=skysona,2026-09-05,provisional-from-snippet,"eBS PI repository shows 0 documents for this brand and its INN on 2026-09-05 (the repository does list Kymriah, Yescarta, Tecartus, Carvykti, Zolgensma, Luxturna and Amtagvi, so absence is informative but not conclusive); no MSAC application found in archived MSAC meeting and application listings (1620-1827); tga.gov.au ARTG search unreachable.",decisions_australia.csv,skysona,2021-07-16,cohort EU authorisation,,2022-09-16,,,False
Lyfgenia,Australia,Australia,TGA,SCD_VOC_12plus,,,,,not-submitted,none,,,,,,,TGA eBS Product and Consumer Medicine Information repository search,,https://www.ebs.tga.gov.au/ebs/picmi/picmirepository.nsf/PICMI?OpenForm&t=PI&q=lyfgenia,2026-09-05,provisional-from-snippet,"eBS PI repository shows 0 documents for this brand and its INN on 2026-09-05 (the repository does list Kymriah, Yescarta, Tecartus, Carvykti, Zolgensma, Luxturna and Amtagvi, so absence is informative but not conclusive); no MSAC application found in archived MSAC meeting and application listings (1620-1827); tga.gov.au ARTG search unreachable.",decisions_australia.csv,lyfgenia,,cohort EU authorisation,,2023-12-08,,,False
Elevidys,Australia,Australia,TGA,DMD,,,,,not-submitted,none,,,,,,,TGA eBS Product and Consumer Medicine Information repository search,,https://www.ebs.tga.gov.au/ebs/picmi/picmirepository.nsf/PICMI?OpenForm&t=PI&q=elevidys,2026-09-05,provisional-from-snippet,"eBS PI repository shows 0 documents for this brand and its INN on 2026-09-05 (the repository does list Kymriah, Yescarta, Tecartus, Carvykti, Zolgensma, Luxturna and Amtagvi, so absence is informative but not conclusive); no MSAC application found in archived MSAC meeting and application listings (1620-1827); tga.gov.au ARTG search unreachable.",decisions_australia.csv,elevidys,2023-06-22,cohort FDA approval,,2023-06-22,,,False
Alofisel,Australia,Australia,TGA,CD_fistula,,,,,not-submitted,none,,,,,,,TGA eBS Product and Consumer Medicine Information repository search,,https://www.ebs.tga.gov.au/ebs/picmi/picmirepository.nsf/PICMI?OpenForm&t=PI&q=alofisel,2026-09-05,provisional-from-snippet,"eBS PI repository shows 0 documents for this brand and its INN on 2026-09-05 (the repository does list Kymriah, Yescarta, Tecartus, Carvykti, Zolgensma, Luxturna and Amtagvi, so absence is informative but not conclusive); no MSAC application found in archived MSAC meeting and application listings (1620-1827); tga.gov.au ARTG search unreachable.",decisions_australia.csv,alofisel,2018-03-23,cohort EU authorisation,,,,,False
Provenge,Australia,Australia,TGA,mCRPC,,,,,not-submitted,none,,,,,,,TGA eBS Product and Consumer Medicine Information repository search,,https://www.ebs.tga.gov.au/ebs/picmi/picmirepository.nsf/PICMI?OpenForm&t=PI&q=provenge,2026-09-05,provisional-from-snippet,"eBS PI repository shows 0 documents for this brand and its INN on 2026-09-05 (the repository does list Kymriah, Yescarta, Tecartus, Carvykti, Zolgensma, Luxturna and Amtagvi, so absence is informative but not conclusive); no MSAC application found in archived MSAC meeting and application listings (1620-1827); tga.gov.au ARTG search unreachable.",decisions_australia.csv,provenge,2013-09-06,cohort EU authorisation,,2010-04-29,,,False
Ryoncil,Australia,Australia,TGA,aGVHD_ped,,,,,not-submitted,none,,,,,,,TGA eBS Product and Consumer Medicine Information repository search,,https://www.ebs.tga.gov.au/ebs/picmi/picmirepository.nsf/PICMI?OpenForm&t=PI&q=ryoncil,2026-09-05,provisional-from-snippet,"eBS PI repository shows 0 documents for this brand and its INN on 2026-09-05 (the repository does list Kymriah, Yescarta, Tecartus, Carvykti, Zolgensma, Luxturna and Amtagvi, so absence is informative but not conclusive); no MSAC application found in archived MSAC meeting and application listings (1620-1827); tga.gov.au ARTG search unreachable. Sponsor Mesoblast is Australian-headquartered; no PI in the repository nonetheless.",decisions_australia.csv,ryoncil,,cohort EU authorisation,,2024-12-19,,,False
Ebvallo,Australia,Australia,TGA,EBV_PTLD,,,,,not-submitted,none,,,,,,,TGA eBS Product and Consumer Medicine Information repository search,,https://www.ebs.tga.gov.au/ebs/picmi/picmirepository.nsf/PICMI?OpenForm&t=PI&q=ebvallo,2026-09-05,provisional-from-snippet,"eBS PI repository shows 0 documents for this brand and its INN on 2026-09-05 (the repository does list Kymriah, Yescarta, Tecartus, Carvykti, Zolgensma, Luxturna and Amtagvi, so absence is informative but not conclusive); no MSAC application found in archived MSAC meeting and application listings (1620-1827); tga.gov.au ARTG search unreachable.",decisions_australia.csv,ebvallo,2022-12-16,cohort EU authorisation,,,,,False
Adstiladrin,Australia,Australia,TGA,NMIBC,,,,,not-submitted,none,,,,,,,TGA eBS Product and Consumer Medicine Information repository search,,https://www.ebs.tga.gov.au/ebs/picmi/picmirepository.nsf/PICMI?OpenForm&t=PI&q=adstiladrin,2026-09-05,provisional-from-snippet,"eBS PI repository shows 0 documents for this brand and its INN on 2026-09-05 (the repository does list Kymriah, Yescarta, Tecartus, Carvykti, Zolgensma, Luxturna and Amtagvi, so absence is informative but not conclusive); no MSAC application found in archived MSAC meeting and application listings (1620-1827); tga.gov.au ARTG search unreachable.",decisions_australia.csv,adstiladrin,2026-05-28,cohort EU authorisation,,2022-12-16,,,False
Aucatzyl,Australia,Australia,TGA,ALL_adult,,,,,not-submitted,none,,,,,,,TGA eBS Product and Consumer Medicine Information repository search,,https://www.ebs.tga.gov.au/ebs/picmi/picmirepository.nsf/PICMI?OpenForm&t=PI&q=aucatzyl,2026-09-05,provisional-from-snippet,"eBS PI repository shows 0 documents for this brand and its INN on 2026-09-05 (the repository does list Kymriah, Yescarta, Tecartus, Carvykti, Zolgensma, Luxturna and Amtagvi, so absence is informative but not conclusive); no MSAC application found in archived MSAC meeting and application listings (1620-1827); tga.gov.au ARTG search unreachable.",decisions_australia.csv,aucatzyl,2025-07-17,cohort EU authorisation,,2024-11-08,,,False
Tecelra,Australia,Australia,TGA,SS,,,,,not-submitted,none,,,,,,,TGA eBS Product and Consumer Medicine Information repository search,,https://www.ebs.tga.gov.au/ebs/picmi/picmirepository.nsf/PICMI?OpenForm&t=PI&q=tecelra,2026-09-05,provisional-from-snippet,"eBS PI repository shows 0 documents for this brand and its INN on 2026-09-05 (the repository does list Kymriah, Yescarta, Tecartus, Carvykti, Zolgensma, Luxturna and Amtagvi, so absence is informative but not conclusive); no MSAC application found in archived MSAC meeting and application listings (1620-1827); tga.gov.au ARTG search unreachable.",decisions_australia.csv,tecelra,2024-08-01,cohort FDA approval,,2024-08-01,,,False
Omisirge,Australia,Australia,TGA,HSCT_cord,,,,,not-submitted,none,,,,,,,TGA eBS Product and Consumer Medicine Information repository search,,https://www.ebs.tga.gov.au/ebs/picmi/picmirepository.nsf/PICMI?OpenForm&t=PI&q=omisirge,2026-09-05,provisional-from-snippet,"eBS PI repository shows 0 documents for this brand and its INN on 2026-09-05 (the repository does list Kymriah, Yescarta, Tecartus, Carvykti, Zolgensma, Luxturna and Amtagvi, so absence is informative but not conclusive); no MSAC application found in archived MSAC meeting and application listings (1620-1827); tga.gov.au ARTG search unreachable.",decisions_australia.csv,omisirge,,cohort EU authorisation,,2023-04-17,,,False
Lantidra,Australia,Australia,TGA,T1D,,,,,not-submitted,none,,,,,,,TGA eBS Product and Consumer Medicine Information repository search,,https://www.ebs.tga.gov.au/ebs/picmi/picmirepository.nsf/PICMI?OpenForm&t=PI&q=lantidra,2026-09-05,provisional-from-snippet,"eBS PI repository shows 0 documents for this brand and its INN on 2026-09-05 (the repository does list Kymriah, Yescarta, Tecartus, Carvykti, Zolgensma, Luxturna and Amtagvi, so absence is informative but not conclusive); no MSAC application found in archived MSAC meeting and application listings (1620-1827); tga.gov.au ARTG search unreachable.",decisions_australia.csv,lantidra,,cohort EU authorisation,,2023-06-28,,,False
Itvisma,Australia,Australia,TGA,SMA_IT,,,,,not-submitted,none,,,,,,,TGA eBS Product and Consumer Medicine Information repository search,,https://www.ebs.tga.gov.au/ebs/picmi/picmirepository.nsf/PICMI?OpenForm&t=PI&q=itvisma,2026-09-05,provisional-from-snippet,"eBS PI repository shows 0 documents for this brand and its INN on 2026-09-05 (the repository does list Kymriah, Yescarta, Tecartus, Carvykti, Zolgensma, Luxturna and Amtagvi, so absence is informative but not conclusive); no MSAC application found in archived MSAC meeting and application listings (1620-1827); tga.gov.au ARTG search unreachable. Intrathecal onasemnogene; the Zolgensma PI is the only onasemnogene PI listed.",decisions_australia.csv,itvisma,2026-06-30,cohort EU authorisation,,2025-11-24,,,False
Encelto,Australia,Australia,TGA,MacTel2,,,,,not-submitted,none,,,,,,,TGA eBS Product and Consumer Medicine Information repository search,,https://www.ebs.tga.gov.au/ebs/picmi/picmirepository.nsf/PICMI?OpenForm&t=PI&q=encelto,2026-09-05,provisional-from-snippet,"eBS PI repository shows 0 documents for this brand and its INN on 2026-09-05 (the repository does list Kymriah, Yescarta, Tecartus, Carvykti, Zolgensma, Luxturna and Amtagvi, so absence is informative but not conclusive); no MSAC application found in archived MSAC meeting and application listings (1620-1827); tga.gov.au ARTG search unreachable.",decisions_australia.csv,encelto,2025-03-05,cohort FDA approval,,2025-03-05,,,False
Papzimeos,Australia,Australia,TGA,RRP,,,,,not-submitted,none,,,,,,,TGA eBS Product and Consumer Medicine Information repository search,,https://www.ebs.tga.gov.au/ebs/picmi/picmirepository.nsf/PICMI?OpenForm&t=PI&q=papzimeos,2026-09-05,provisional-from-snippet,"eBS PI repository shows 0 documents for this brand and its INN on 2026-09-05 (the repository does list Kymriah, Yescarta, Tecartus, Carvykti, Zolgensma, Luxturna and Amtagvi, so absence is informative but not conclusive); no MSAC application found in archived MSAC meeting and application listings (1620-1827); tga.gov.au ARTG search unreachable.",decisions_australia.csv,papzimeos,,cohort EU authorisation,,2025-08-14,,,False
Zevaskyn,Australia,Australia,TGA,RDEB,,,,,not-submitted,none,,,,,,,TGA eBS Product and Consumer Medicine Information repository search,,https://www.ebs.tga.gov.au/ebs/picmi/picmirepository.nsf/PICMI?OpenForm&t=PI&q=zevaskyn,2026-09-05,provisional-from-snippet,"eBS PI repository shows 0 documents for this brand and its INN on 2026-09-05 (the repository does list Kymriah, Yescarta, Tecartus, Carvykti, Zolgensma, Luxturna and Amtagvi, so absence is informative but not conclusive); no MSAC application found in archived MSAC meeting and application listings (1620-1827); tga.gov.au ARTG search unreachable.",decisions_australia.csv,zevaskyn,2025-04-28,cohort FDA approval,,2025-04-28,,,False
Kresladi,Australia,Australia,TGA,LAD1,,,,,not-submitted,none,,,,,,,TGA eBS Product and Consumer Medicine Information repository search,,https://www.ebs.tga.gov.au/ebs/picmi/picmirepository.nsf/PICMI?OpenForm&t=PI&q=kresladi,2026-09-05,provisional-from-snippet,"eBS PI repository shows 0 documents for this brand and its INN on 2026-09-05 (the repository does list Kymriah, Yescarta, Tecartus, Carvykti, Zolgensma, Luxturna and Amtagvi, so absence is informative but not conclusive); no MSAC application found in archived MSAC meeting and application listings (1620-1827); tga.gov.au ARTG search unreachable.",decisions_australia.csv,kresladi,2026-03-26,cohort FDA approval,,2026-03-26,,,False
Waskyra,Australia,Australia,TGA,WAS,,,,,not-submitted,none,,,,,,,TGA eBS Product and Consumer Medicine Information repository search,,https://www.ebs.tga.gov.au/ebs/picmi/picmirepository.nsf/PICMI?OpenForm&t=PI&q=waskyra,2026-09-05,provisional-from-snippet,"eBS PI repository shows 0 documents for this brand and its INN on 2026-09-05 (the repository does list Kymriah, Yescarta, Tecartus, Carvykti, Zolgensma, Luxturna and Amtagvi, so absence is informative but not conclusive); no MSAC application found in archived MSAC meeting and application listings (1620-1827); tga.gov.au ARTG search unreachable.",decisions_australia.csv,waskyra,2026-01-09,cohort EU authorisation,,2025-12-09,,,False
Tregzi,Australia,Australia,TGA,HSCT_Treg,,,,,not-submitted,none,,,,,,,TGA eBS Product and Consumer Medicine Information repository search,,https://www.ebs.tga.gov.au/ebs/picmi/picmirepository.nsf/PICMI?OpenForm&t=PI&q=tregzi,2026-09-05,provisional-from-snippet,"eBS PI repository shows 0 documents for this brand and its INN on 2026-09-05 (the repository does list Kymriah, Yescarta, Tecartus, Carvykti, Zolgensma, Luxturna and Amtagvi, so absence is informative but not conclusive); no MSAC application found in archived MSAC meeting and application listings (1620-1827); tga.gov.au ARTG search unreachable.",decisions_australia.csv,tregzi,2026-07-01,cohort FDA approval,,2026-07-01,,,False
Tudriqev,Australia,Australia,TGA,MEL_adv,,,,,not-submitted,none,,,,,,,TGA eBS Product and Consumer Medicine Information repository search,,https://www.ebs.tga.gov.au/ebs/picmi/picmirepository.nsf/PICMI?OpenForm&t=PI&q=tudriqev,2026-09-05,provisional-from-snippet,"eBS PI repository shows 0 documents for this brand and its INN on 2026-09-05 (the repository does list Kymriah, Yescarta, Tecartus, Carvykti, Zolgensma, Luxturna and Amtagvi, so absence is informative but not conclusive); no MSAC application found in archived MSAC meeting and application listings (1620-1827); tga.gov.au ARTG search unreachable.",decisions_australia.csv,tudriqev,2026-08-06,cohort FDA approval,,2026-08-06,,,False
Otarmeni,Australia,Australia,TGA,OTOF_HL,,,,,not-submitted,none,,,,,,,TGA eBS Product and Consumer Medicine Information repository search,,https://www.ebs.tga.gov.au/ebs/picmi/picmirepository.nsf/PICMI?OpenForm&t=PI&q=otarmeni,2026-09-05,provisional-from-snippet,"eBS PI repository shows 0 documents for this brand and its INN on 2026-09-05 (the repository does list Kymriah, Yescarta, Tecartus, Carvykti, Zolgensma, Luxturna and Amtagvi, so absence is informative but not conclusive); no MSAC application found in archived MSAC meeting and application listings (1620-1827); tga.gov.au ARTG search unreachable.",decisions_australia.csv,otarmeni,2026-04-23,cohort FDA approval,,2026-04-23,,,False
Genglycos,Australia,Australia,TGA,GSD1a,,,,,not-submitted,none,,,,,,,TGA eBS Product and Consumer Medicine Information repository search,,https://www.ebs.tga.gov.au/ebs/picmi/picmirepository.nsf/PICMI?OpenForm&t=PI&q=genglycos,2026-09-05,provisional-from-snippet,"eBS PI repository shows 0 documents for this brand and its INN on 2026-09-05 (the repository does list Kymriah, Yescarta, Tecartus, Carvykti, Zolgensma, Luxturna and Amtagvi, so absence is informative but not conclusive); no MSAC application found in archived MSAC meeting and application listings (1620-1827); tga.gov.au ARTG search unreachable.",decisions_australia.csv,genglycos,2026-08-19,cohort FDA approval,,2026-08-19,,,False
Glybera,Australia,Australia,TGA,LPLD,,,,,not-submitted,none,,,,,,,TGA eBS Product and Consumer Medicine Information repository search,,https://www.ebs.tga.gov.au/ebs/picmi/picmirepository.nsf/PICMI?OpenForm&t=PI&q=glybera,2026-09-05,provisional-from-snippet,"eBS PI repository shows 0 documents for this brand and its INN on 2026-09-05 (the repository does list Kymriah, Yescarta, Tecartus, Carvykti, Zolgensma, Luxturna and Amtagvi, so absence is informative but not conclusive); no MSAC application found in archived MSAC meeting and application listings (1620-1827); tga.gov.au ARTG search unreachable.",decisions_australia.csv,glybera,2012-10-25,cohort EU authorisation,,,,,False
Strimvelis,Australia,Australia,TGA,ADA_SCID,,,,,not-submitted,none,,,,,,,TGA eBS Product and Consumer Medicine Information repository search,,https://www.ebs.tga.gov.au/ebs/picmi/picmirepository.nsf/PICMI?OpenForm&t=PI&q=strimvelis,2026-09-05,provisional-from-snippet,"eBS PI repository shows 0 documents for this brand and its INN on 2026-09-05 (the repository does list Kymriah, Yescarta, Tecartus, Carvykti, Zolgensma, Luxturna and Amtagvi, so absence is informative but not conclusive); no MSAC application found in archived MSAC meeting and application listings (1620-1827); tga.gov.au ARTG search unreachable.",decisions_australia.csv,strimvelis,2016-05-26,cohort EU authorisation,,,,,False
Zalmoxis,Australia,Australia,TGA,HSCT_haplo,,,,,not-submitted,none,,,,,,,TGA eBS Product and Consumer Medicine Information repository search,,https://www.ebs.tga.gov.au/ebs/picmi/picmirepository.nsf/PICMI?OpenForm&t=PI&q=zalmoxis,2026-09-05,provisional-from-snippet,"eBS PI repository shows 0 documents for this brand and its INN on 2026-09-05 (the repository does list Kymriah, Yescarta, Tecartus, Carvykti, Zolgensma, Luxturna and Amtagvi, so absence is informative but not conclusive); no MSAC application found in archived MSAC meeting and application listings (1620-1827); tga.gov.au ARTG search unreachable.",decisions_australia.csv,zalmoxis,2016-08-18,cohort EU authorisation,,,,,False
Amtagvi,Australia,Australia,TGA,MEL_adv,AMTAGVI (lifileucel; with aldesleukin) - PI listed in TGA eBS repository,,,,recommended,none,,,,,,,TGA eBS Product and Consumer Medicine Information repository: AMTAGVI PI (Aldesleukin; lifileucel),,https://www.ebs.tga.gov.au/ebs/picmi/picmirepository.nsf/PICMI?OpenForm&t=PI&q=amtagvi,2026-09-05,provisional-from-snippet,"An Australian PI for AMTAGVI exists in the eBS repository on 2026-09-05, indicating ARTG registration, but the ARTG number, registration date and indication text were not retrieved (tga.gov.au unreachable). No MSAC application found in archived listings.",decisions_australia.csv,amtagvi,,cohort EU authorisation,,2024-02-16,,,False
Kymriah,Canada,Canada,CADTH,ALL_ped,"pediatric and young adult patients three to 25 years old with B-cell acute lymphoblastic leukemia who are refractory, have relapsed after allogeneic stem cell transplant (SCT), or are otherwise ineligible for allogeneic SCT, or have experienced a second or later relapse",2018-09-05,,,recommended-restricted,confidential-discount,"Reimbursement conditional on a reduction in price; CADTH reanalysis: at least a 10% price reduction would be required to ensure that the ICUR is below $50,000 per QALY. Implementation conditions: interprovincial agreements for equitable access, transparent eligibility criteria, pan-Canadian outcomes registry.",,,CAD,confidential (redacted in report),"On the condition that there is a reduction in price, HTERP recommends the provision of tisagenlecleucel to pediatric and young adult patients three to 25 years old with B-cell acute lymphoblastic leukemia who are refractory, have relapsed after allogeneic stem cell transplant (SCT), or are otherwise ineligible for allogeneic SCT, or have experienced a second or later relapse. [...] According to the CADTH reanalysis, at least a 10% price reduction would be required to ensure that the incremental cost-utility ratio (ICUR) is below $50,000 per QALY.",Tisagenlecleucel for Acute Lymphoblastic Leukemia and Diffuse Large B-Cell Lymphoma: Recommendations (CADTH Optimal Use Report vol. 8 no. 3g),OP0538,http://web.archive.org/web/20231202205730/https://www.cadth.ca/sites/default/files/pdf/car-t/op0538-recommendations-report-jan2019.pdf,2026-09-05,verified-from-source,"Reviewed through CADTH HTA/Health Technology Expert Review Panel (HTERP), not pCODR. Report Publication Date: January 2019 (no day given; decision_date left blank). NOC 2018-09-05 for both ALL and DLBCL (dhpp RDS00423, RDS00422). The manufacturer-provided confidential price is redacted. No Kymriah 2019 file appears in the pCPA negotiations export (export covers 2012 to 2026).",decisions_cda_amc.csv,kymriah,2018-09-05,stated by agent,,2017-08-30,,,False
Kymriah,Canada,Canada,CADTH,LBCL_3L,"adult patients with relapsed or refractory large B-cell lymphoma after two or more lines of systemic therapy, including diffuse large B-cell lymphoma (DLBCL) not otherwise specified, high-grade B-cell lymphoma, and DLBCL arising from follicular lymphoma",2018-09-05,,,recommended-restricted,confidential-discount,"Reimbursement conditional on a substantial reduction in price; CADTH reanalysis: price reductions of at least 45% and at least 65% would be required to achieve an ICUR of $100,000 and $50,000 per QALY respectively. Same implementation conditions as ALL (interprovincial agreements, eligibility criteria, pan-Canadian registry).",,,CAD,confidential (redacted in report),"On the condition that there is a substantial reduction in price, HTERP recommends the provision of tisagenlecleucel for adult patients with relapsed or refractory large B-cell lymphoma after two or more lines of systemic therapy, including diffuse large B-cell lymphoma (DLBCL) not otherwise specified, high-grade B-cell lymphoma, and DLBCL arising from follicular lymphoma. [...] Tisagenlecleucel had a 0% probability being cost-effective at a WTP threshold of $50,000 per QALY gained and a 1.8% probability of being cost-effective at a WTP threshold of $100,000 per QALY gained. Price reductions of 45% and 65% would be required to achieve an ICUR of $100,000 and $50,000 per QALY.",Tisagenlecleucel for Acute Lymphoblastic Leukemia and Diffuse Large B-Cell Lymphoma: Recommendations (CADTH Optimal Use Report vol. 8 no. 3g),OP0538,http://web.archive.org/web/20231202205730/https://www.cadth.ca/sites/default/files/pdf/car-t/op0538-recommendations-report-jan2019.pdf,2026-09-05,verified-from-source,"Publication Date: January 2019. Reanalysis ICUR $211,870 per QALY vs salvage chemotherapy. No pCPA file for this indication in the export.",decisions_cda_amc.csv,kymriah,2018-09-05,stated by agent,,2017-08-30,,,False
Kymriah,Canada,Canada,CADTH,FL_3L,"For the treatment of adult patients with relapsed or refractory grade 1, 2, or 3a follicular lymphoma after 2 or more lines of systemic therapy",2022-12-19,,2023-07-12,recommended-restricted,confidential-discount,"Reimburse with conditions: patients with grade 1, 2 or 3a FL relapsed/refractory after 2 or more lines, no prior CAR T-cell therapy, good performance status; prescribed and administered by clinicians with expertise in a hospital setting; and a reduction in price: 'a price reduction of 71% to 82% would be required for tisagenlecleucel to be cost-effective at a WTP threshold of $50,000 per QALY gained'.",,450000,CAD,"submitted list (one-time cost of $450,000 per infusion)","Evidence from a clinical trial suggested that treatment with Kymriah resulted in durable responses and that it may improve overall survival time and the time until disease progression or death. [...] Based on CADTH's assessment of the health economic evidence, Kymriah does not represent good value to the health care system at the public list price. A price reduction is therefore required. Based on public list prices, Kymriah is estimated to cost the public drug plans approximately $192,483,483 over the next 3 years.",Tisagenlecleucel (Kymriah): CADTH Reimbursement Recommendation (pERC),PG0306,https://www.ncbi.nlm.nih.gov/books/NBK599771/,2026-09-05,verified-from-source,"decision_date is the pERC meeting date (July 12, 2023); final recommendation published September 2023 (CJHT PG0306 2023-09-20; review PG0306r 2023-11-01). NOC/c 2022-12-19 (dhpp RDS01051; NOC date also stated in PG0306r). Budget impact >$40 million in years 1 and 3.",decisions_cda_amc.csv,kymriah,2022-12-19,stated by agent,2023-07-12,2017-08-30,6.7,70.4,True
Kymriah,Canada,Canada,pCPA,FL_3L,"Follicular lymphoma (FL), Relapsed or refractory, grade 1, 2 or 3a, in adult patients after two or more lines of systemic therapy",2022-12-19,2024-12-04,2025-06-12,recommended,confidential-discount,pCPA status: Concluded with an LOI (letter of intent); terms confidential.,,,,,,"pCPA negotiations database, file 22470",22470 (CDA-AMC PG0306-000),https://www.pcpacanada.ca/negotiations (CSV export https://pcpa-app.ca/public-csv-export),2026-09-05,verified-from-source,"engagement_date 2024-12-04, close_date 2025-06-12 per pCPA CSV export.",decisions_cda_amc.csv,kymriah,2022-12-19,stated by agent,2025-06-12,2017-08-30,29.8,93.4,True
Yescarta,Canada,Canada,CADTH,LBCL_3L,"adult patients with relapsed or refractory large B-cell lymphoma after two or more lines of systemic therapy, including diffuse large B-cell lymphoma (DLBCL) not otherwise specified, primary mediastinal large B-cell lymphoma, high-grade B-cell lymphoma, and DLBCL arising from follicular lymphoma",2019-02-13,,,recommended-restricted,confidential-discount,"Reimbursement conditional on a substantial reduction in price; CADTH reanalysis: price reductions of 60% and 83% would be required to achieve an incremental cost-utility ratio of $100,000 and $50,000 per QALY. Implementation conditions: interprovincial agreements, transparent eligibility criteria, pan-Canadian outcomes registry.",,,CAD,confidential (redacted in report),"On the condition that there is a substantial reduction in price, HTERP recommends the provision of axicabtagene ciloleucel for adult patients with relapsed or refractory large B-cell lymphoma after two or more lines of systemic therapy, including diffuse large B-cell lymphoma (DLBCL) not otherwise specified, primary mediastinal large B-cell lymphoma, high-grade B-cell lymphoma, and DLBCL arising from follicular lymphoma. [...] with an incremental cost of $519,689 and 2.30 additional QALYs, resulting in an incremental cost-utility ratio of $226,131 per QALY gained compared with BSC. [...] According to the CADTH reanalysis, price reductions of 60% and 83% would be required to achieve an incremental cost-utility ratio of $100,000 and $50,000 per QALY",Axicabtagene Ciloleucel for Large B-Cell Lymphoma: Recommendations (CADTH Optimal Use Report vol. 9 no. 1f),OP vol9 no1f,https://www.ncbi.nlm.nih.gov/books/NBK550089/,2026-09-05,verified-from-source,"Publication Date: August 2019 (PG0314r states 'On August 15, 2019, CADTH issued a positive' recommendation). NOC 2019-02-13 (dhpp SBD00442). No pCPA file for this indication in the export.",decisions_cda_amc.csv,yescarta,2019-02-13,stated by agent,,2017-10-18,,,False
Yescarta,Canada,Canada,CADTH,LBCL_2L,For the treatment of adult patients with diffuse large B-cell lymphoma or high-grade B-cell lymphoma that is refractory to first-line chemoimmunotherapy or that relapses within 12 months of first-line chemoimmunotherapy,2022-12-06,,2022-11-08,recommended-restricted,confidential-discount,"Reimburse with conditions including a reduction in price: 'A price reduction of 45% would be required for axicabtagene ciloleucel to achieve an ICER of $50,000 per QALY gained compared with SOC'. Reimbursement request population: adult patients with r/r LBCL who are candidates for ASCT.",,485021,CAD,"submitted list ($485,021 per single infusion)","Using the sponsor-submitted price for axicabtagene ciloleucel and publicly listed prices for all other drug costs, the incremental cost-effectiveness ratio (ICER) for axicabtagene ciloleucel was $404,418 per quality-adjusted life-year (QALY) gained compared with SOC. [...] Based on public list prices, Yescarta is estimated to cost the public drug plans approximately $348 million over the next 3 years. However, the actual budget impact is uncertain as the analysis is sensitive to the expected market uptake rates.",Axicabtagene Ciloleucel (Yescarta): CADTH Reimbursement Recommendation (pERC),PG0293,https://www.ncbi.nlm.nih.gov/books/NBK601820/,2026-09-05,verified-from-source,"Review conducted pre-NOC; pERC meeting November 8, 2022; recommendation published February 2023 (CJHT PG0293 2023-02-22). NOC 2022-12-06 (dhpp RDS1713813660399; PG0293r). CADTH 3-year budget impact $347,640,982.",decisions_cda_amc.csv,yescarta,2022-12-06,stated by agent,2022-11-08,2017-10-18,-0.9,60.7,True
Yescarta,Canada,Canada,pCPA,LBCL_2L,"Diffuse large B-cell lymphoma (DLBCL) or high-grade B-cell lymphoma (HGBL), in adult patients, that is refractory to first-line chemoimmunotherapy or that relapses within 12 months of first-line chemoimmunotherapy",2022-12-06,2023-09-26,2024-09-06,recommended,confidential-discount,pCPA status: Concluded with an LOI.,,,,,,"pCPA negotiations database, file 22285",22285 (CDA-AMC PG0293-000),https://www.pcpacanada.ca/negotiations (CSV export https://pcpa-app.ca/public-csv-export),2026-09-05,verified-from-source,,decisions_cda_amc.csv,yescarta,2022-12-06,stated by agent,2024-09-06,2017-10-18,21.0,82.6,True
Yescarta,Canada,Canada,CADTH,FL_3L,"For the treatment of adult patients with relapsed or refractory grade 1, 2, or 3a follicular lymphoma after 2 or more lines of systemic therapy",2022-09-28,,2023-09-13,recommended-restricted,confidential-discount,"Reimburse with conditions: relapsed or refractory disease after 2 or more lines of prior therapy (which must have included an anti-CD20 monoclonal antibody combined with an alkylating drug); and a reduction in price: 'a price reduction of 82% to 95% would be required for axicabtagene ciloleucel to be cost-effective at a WTP threshold of $50,000 per QALY gained'.",,485021,CAD,"submitted list (one-time cost of $485,021)","Based on CADTH's assessment of the health economic evidence, Yescarta does not represent good value to the health care system at the public list price. A price reduction is therefore required. Based on public list prices, Yescarta is estimated to cost the public drug plans approximately $210,586,531 over the next 3 years.",Axicabtagene ciloleucel (Yescarta): CADTH Reimbursement Recommendation (pERC),PG0314,https://www.ncbi.nlm.nih.gov/books/NBK599982/,2026-09-05,verified-from-source,"pERC meeting September 13, 2023; published November 2023 (CJHT PG0314 2023-11-21). NOC/c date September 28, 2022 per PG0314r drug table (dhpp RDS01007 lists filing 2021-08-26 without decision date).",decisions_cda_amc.csv,yescarta,2022-09-28,stated by agent,2023-09-13,2017-10-18,11.5,70.8,True
Yescarta,Canada,Canada,pCPA,FL_3L,"Follicular lymphoma (FL), Relapsed or refractory, grade 1, 2 or 3a, in adult patients after two or more lines of systemic therapy",2022-09-28,2024-02-14,2024-09-06,recommended,confidential-discount,pCPA status: Concluded with an LOI.,,,,,,"pCPA negotiations database, file 22494",22494 (CDA-AMC PG0314-000),https://www.pcpacanada.ca/negotiations (CSV export https://pcpa-app.ca/public-csv-export),2026-09-05,verified-from-source,,decisions_cda_amc.csv,yescarta,2022-09-28,stated by agent,2024-09-06,2017-10-18,23.3,82.6,True
Tecartus,Canada,Canada,CADTH,MCL_3L,For the treatment of adult patients with relapsed or refractory mantle cell lymphoma after 2 or more lines of systemic therapy including a Bruton's tyrosine kinase inhibitor,2021-06-08,,2021-05-13,recommended-restricted,confidential-discount,"Reimburse with conditions including price reduction: 'The cost-effectiveness of brexucabtagene autoleucel is highly uncertain. CADTH undertook a price reduction analysis based on an exploratory analysis which used data from the MAIC for brexucabtagene autoleucel and removed the cure component. This analysis indicated that a 99% reduction in price is required to achieve an ICER of $50,000 per QALY.'",,533523,CAD,"submitted list ($533,523 per infusion)","One phase II, single-arm, open-label study (ZUMA-2, n = 68) demonstrated that treatment with brexucabtagene autoleucel was associated with fast and durable remission through a clinically meaningful objective response rate (ORR) of 93% (95% confidence interval [CI], 83.8, 98.2) and proportion of patients achieving a complete response (CR) to treatment (67% [95% CI, 53.3, 78.3]). [...] However, pERC acknowledged that there was uncertainty in the magnitude of clinical benefit given the phase II single-arm, open-label, non-randomized, non-comparative design of the ZUMA-2 study.",Brexucabtagene Autoleucel (Tecartus): CADTH Reimbursement Recommendation (pERC),PG0219,https://canjhealthtechnol.ca/index.php/cjht/article/view/pg0219,2026-09-05,verified-from-source,"pERC meeting May 13, 2021 (pre-NOC review); final recommendation published August 2021 (CJHT 2021-08-24); review report PG0219r 2021-11-02 states NOC received June 8, 2021. CADTH reanalysis 3-year budget impact $39,386,468 (drug plan) to $46,439,484 (health system).",decisions_cda_amc.csv,tecartus,2021-06-08,stated by agent,2021-05-13,2020-07-24,-0.9,9.6,True
Tecartus,Canada,Canada,pCPA,MCL_3L,"Mantle cell lymphoma (MCL), relapsed or refractory, in adult patients who have received treatment with a Bruton's tyrosine kinase inhibitor (BTKi)",2021-06-08,2021-11-22,2022-11-10,recommended,confidential-discount,pCPA status: Concluded with an LOI.,,,,,,"pCPA negotiations database, file 21582",21582 (CDA-AMC PG0219-000),https://www.pcpacanada.ca/negotiations (CSV export https://pcpa-app.ca/public-csv-export),2026-09-05,verified-from-source,,decisions_cda_amc.csv,tecartus,2021-06-08,stated by agent,2022-11-10,2020-07-24,17.1,27.6,True
Tecartus,Canada,Canada,CADTH,ALL_adult,For the treatment of adult patients with relapsed or refractory B-cell precursor acute lymphoblastic leukemia,2022-11-16,,2023-02-08,recommended-restricted,confidential-discount,"Reimburse with conditions including a reduction in price: 'a 71% to 88% price reduction for brexucabtagene autoleucel is needed to achieve an ICER of $50,000 per QALY gained'.",,533523.10,CAD,"submitted list ($533,523.10 per infusion, one-time dose)","Based on CADTH's assessment of the health economic evidence, Tecartus does not represent good value to the health care system at the public list price. A price reduction is therefore required. Based on public list prices, Tecartus is estimated to cost the public drug plans approximately $17 million over the next 3 years.",Brexucabtagene Autoleucel (Tecartus): CADTH Reimbursement Recommendation (pERC),PG0304,https://www.ncbi.nlm.nih.gov/books/NBK596615/,2026-09-05,verified-from-source,"pERC meeting February 8, 2023; published April 2023 (CJHT PG0304 2023-04-17). NOC date November 16, 2022 per PG0304r drug table (no dhpp RDS located for the SNDS). CADTH 3-year budget impact $17,500,689.",decisions_cda_amc.csv,tecartus,2022-11-16,stated by agent,2023-02-08,2020-07-24,2.8,30.5,True
Tecartus,Canada,Canada,pCPA,ALL_adult,"Acute lymphoblastic leukemia (ALL), B-cell precursor, in adult patients, relapsed or refractory",2022-11-16,2023-05-19,2023-10-27,recommended,confidential-discount,pCPA status: Concluded with an LOI.,,,,,,"pCPA negotiations database, file 22340",22340 (CDA-AMC PG0304-000),https://www.pcpacanada.ca/negotiations (CSV export https://pcpa-app.ca/public-csv-export),2026-09-05,verified-from-source,,decisions_cda_amc.csv,tecartus,2022-11-16,stated by agent,2023-10-27,2020-07-24,11.3,39.1,True
Breyanzi,Canada,Canada,CADTH,LBCL_3L,"For the treatment of adult patients with relapsed or refractory large B-cell lymphoma after 2 or more lines of systemic therapy, including diffuse large B-cell lymphoma (DLBCL) not otherwise specified, primary mediastinal large B-cell lymphoma, high-grade B-cell lymphoma, and DLBCL arising from follicular lymphoma",2022-05-06,,2022-04-13,recommended-restricted,confidential-discount,Reimburse with conditions; pricing condition is cost parity with other CAR T-cell therapies rather than a stated percentage: The CADTH pCODR Expert Review Committee determined that there is not enough evidence to justify a greater cost for Breyanzi compared with other available CAR T-cell therapies (Kymriah or Yescarta).,,501900,CAD,"submitted list ($501,900 per administration)","Based on CADTH's assessment of the health economic evidence, Breyanzi does not represent good value to the health care system at the public list price. The CADTH pCODR Expert Review Committee determined that there is not enough evidence to justify a greater cost for Breyanzi compared with other available CAR T-cell therapies (Kymriah or Yescarta). Based on public list prices, Breyanzi is estimated to cost the public drug plans approximately $6.8 million over the next 3 years. However, the actual budget impact is uncertain.",Lisocabtagene Maraleucel (Breyanzi): CADTH Reimbursement Recommendation (pERC),PG0258,https://www.ncbi.nlm.nih.gov/books/NBK603593/,2026-09-05,verified-from-source,"'Note that the CADTH Reimbursement Review was conducted before issuance of Health Canada Notice of Compliance.' pERC meeting April 13, 2022; published July 2022 (CJHT PG0258 2022-07-18). NOC May 6, 2022 (dhpp SBD00599; PG0258r).",decisions_cda_amc.csv,breyanzi,2022-05-06,stated by agent,2022-04-13,2021-02-05,-0.8,14.2,True
Breyanzi,Canada,Canada,pCPA,LBCL_3L,"Adult patients with relapsed or refractory (R/R) large B-cell lymphoma after two or more lines of systemic therapy, including diffuse large B-cell lymphoma (DLBCL) not otherwise specified, primary mediastinal large B-cell lymphoma (PMBCL), high grade B-cell lymphoma, and DLBCL arising from follicular lymphoma",2022-05-06,2023-01-20,2023-12-12,recommended,confidential-discount,pCPA status: Concluded with an LOI.,,,,,,"pCPA negotiations database, file 21939",21939 (CDA-AMC PG0258-000),https://www.pcpacanada.ca/negotiations (CSV export https://pcpa-app.ca/public-csv-export),2026-09-05,verified-from-source,,decisions_cda_amc.csv,breyanzi,2022-05-06,stated by agent,2023-12-12,2021-02-05,19.2,34.2,True
Breyanzi,Canada,Canada,CDA-AMC,LBCL_2L,"For the treatment of adult patients with diffuse large B-cell lymphoma (DLBCL) not otherwise specified (NOS), primary mediastinal large B-cell lymphoma (PMBCL), high-grade B-cell lymphoma (HGBCL), and DLBCL arising from follicular lymphoma, who have refractory disease to first-line chemoimmunotherapy or relapse within 12 months of first-line chemoimmunotherapy, and who are candidates for autologous hematopoietic stem cell transplant (HSCT)",2024-09-25,,2024-10-09,recommended-restricted,confidential-discount,"Reimburse with conditions including a reduction in price relative to the negotiated comparator: If negotiations with the pCPA for the use of axi-cel in the second line conclude without a letter of intent, a price reduction of at least 35% would be required for liso-cel to be considered costeffective relative to SOC at a willingness-to-pay threshold of $50,000 per QALY gained.",,501900,CAD,"submitted list ($501,900.00 per patient per infusion)","One phase III, open-label, randomized controlled trial (RCT) - the TRANSFORM trial - demonstrated that treatment with liso-cel resulted in added benefit in event-free survival (EFS) for adults with relapsed or refractory (r/r) DLBCL within 12 months of first-line therapy, compared to SOC with salvage immunochemotherapy followed - depending on response - by high-dose chemotherapy (HDCT) and autologous HSCT. [...] Treatment with Breyanzi is expected to cost $501,900 per patient [...] approximately $3.5 million over the next 3 years",Lisocabtagene Maraleucel (Breyanzi): Reimbursement Recommendation (pERC),PG0358,https://canjhealthtechnol.ca/index.php/cjht/article/view/PG0358,2026-09-05,verified-from-source,"pERC meeting October 9, 2024; published December 2024 (CJHT PG0358 2024-12-13); review PG0358r 2025-03-31. NOC September 25, 2024 (dhpp RDS1728568404321).",decisions_cda_amc.csv,breyanzi,2024-09-25,stated by agent,2024-10-09,2021-02-05,0.5,44.1,True
Breyanzi,Canada,Canada,pCPA,LBCL_2L,"Treatment of adult patients with diffuse large B-cell lymphoma (DLBCL) not otherwise specified (NOS), primary mediastinal large B-cell lymphoma (PMBCL), high-grade B-cell lymphoma (HGBCL), and DLBCL arising from follicular lymphoma, who have refractory disease to first-line chemoimmunotherapy or relapse within 12 months of first-line chemoimmunotherapy, and who are candidates for autologous hematopoietic stem cell transplant (HSCT)",2024-09-25,2025-03-07,2025-06-06,recommended,confidential-discount,pCPA status: Concluded with an LOI.,,,,,,"pCPA negotiations database, file 23022",23022 (CDA-AMC PG0358-000),https://www.pcpacanada.ca/negotiations (CSV export https://pcpa-app.ca/public-csv-export),2026-09-05,verified-from-source,,decisions_cda_amc.csv,breyanzi,2024-09-25,stated by agent,2025-06-06,2021-02-05,8.3,52.0,True
Abecma,Canada,Canada,CADTH,MM_4L,"For the treatment of adult patients with multiple myeloma who have received at least 3 prior therapies, including an immunomodulatory agent, a proteasome inhibitor, and an anti-CD38 antibody, and who are refractory to their last treatment.",2021-05-26,,2021-05-14,not-recommended,none,Initial pERC recommendation: do not reimburse.,,545000,CAD,"submitted list ($545,000 per infusion, target dose 450 x 10^6 CAR T cells)","pERC reviewed 1 phase II, open-label, single-arm study (KarMMa, N = 140) of idecabtagene vicleucel in patients with relapsed or refractory multiple myeloma (RRMM). [...] Although results of the KarMMa study appear to suggest that treatment with idecabtagene vicleucel is associated with an improvement in ORR and CR rate in patients with RRMM, the study was associated with major limitations, specifically the single-arm design and lack of a control group. These limitations contribute to the lack of confidence in the observed benefits relative to other therapies and lead to considerable uncertainty in the results. [...] pERC was unable to determine whether treatment with idecabtagene vicleucel would meet patients' needs due to limitations of the trial design and with the statistical analyses.",Idecabtagene Vicleucel (Abecma): CADTH Reimbursement Recommendation (pERC) - initial meeting,PG0240,https://canjhealthtechnol.ca/index.php/cjht/article/view/pg0240,2026-09-05,verified-from-source,"Initial meeting: May 14, 2021. NOC/c May 26, 2021 (dhpp SBD00557; pg0240r). Sponsor 3-year budget impact estimate $200.2 million. Pharmacoeconomic report price-reduction analyses cite 83% and 94% reductions.",decisions_cda_amc.csv,abecma,2021-05-26,stated by agent,2021-05-14,2021-03-26,-0.4,1.6,True
Abecma,Canada,Canada,CADTH,MM_4L,"For the treatment of adult patients with multiple myeloma who have received at least 3 prior therapies, including an immunomodulatory agent, a proteasome inhibitor, and an anti-CD38 antibody, and who are refractory to their last treatment.",2021-05-26,,2021-10-13,not-recommended,none,Final recommendation after reconsideration: Do not reimburse.,,545000,CAD,"submitted list ($545,000 per infusion)","The CADTH pCODR Expert Review Committee (pERC) recommends that idecabtagene vicleucel should not be reimbursed for the treatment of adult patients with multiple myeloma who have received at least 3 prior therapies, including an immunomodulatory agent, a proteasome inhibitor, and an anti-CD38 antibody, and who are refractory to their last treatment. pERC reviewed 1 phase II, open-label, single-arm study (KarMMa, N = 140) of idecabtagene vicleucel in patients with relapsed or refractory multiple myeloma (RRMM). [...] Although results of the KarMMa study appear to suggest that treatment with idecabtagene vicleucel is associated with an improvement in ORR and CR rate in patients with RRMM, the study was associated with major limitations, specifically the single-arm design and lack of a control group. These limitations contribute to the lack of confidence in the observed benefits relative to other therapies and lead to considerable uncertainty in the results. [...] pERC was unable to determine whether treatment with idecabtagene vicleucel would meet patients' needs due to limitations of the trial design and with the statistical analyses.",Idecabtagene Vicleucel (Abecma): CADTH Reimbursement Recommendation (pERC) - reconsideration,PG0240,https://canjhealthtechnol.ca/index.php/cjht/article/view/pg0240,2026-09-05,verified-from-source,"Reconsideration meeting: October 13, 2021; final recommendation published November 2021 (CJHT 2021-11-12); review report pc0240r 2022-02-01.",decisions_cda_amc.csv,abecma,2021-05-26,stated by agent,2021-10-13,2021-03-26,4.6,6.6,True
Abecma,Canada,Canada,pCPA,MM_4L,"Multiple myeloma (MM) in adult patients who have received at least three prior lines of therapy, including a proteasome inhibitor, an immunomodulatory agent, and an anti-CD38 antibody, and who are refractory to their last treatment.",2021-05-26,,2024-04-18,terminated-or-withdrawn,none,pCPA status: Negotiations were not pursued (no engagement date recorded).,,,,,,"pCPA negotiations database, file 21655",21655 (CDA-AMC PG0240-000),https://www.pcpacanada.ca/negotiations (CSV export https://pcpa-app.ca/public-csv-export),2026-09-05,verified-from-source,Followed the negative CADTH recommendation; close_date 2024-04-18.,decisions_cda_amc.csv,abecma,2021-05-26,stated by agent,2024-04-18,2021-03-26,34.8,36.8,True
Carvykti,Canada,Canada,CADTH,MM_4L,"For the treatment of adult patients with multiple myeloma, who have received at least 3 prior lines of therapy, including a proteasome inhibitor, an immunomodulatory agent, and an anti-CD38 antibody, and who are refractory to their last treatment.",2023-02-09,,2023-03-08,recommended-restricted,confidential-discount,"Reimburse with conditions including a reduction in price: 'Based on CADTH reanalyses, a price reduction of 72% to 80% would be required for ciltacabtagene autoleucel to be cost-effective at a WTP threshold of $50,000 per QALY gained relative to current standards of care.'",,632455,CAD,"submitted list ($632,455 per administration)","One ongoing phase Ib/II, single-arm, open-label trial (CARTITUDE-1) demonstrated that a single treatment with ciltacabtagene autoleucel resulted in benefits in response rates, overall survival (OS), and progression-free survival (PFS) [...] The overall response rate (ORR) was 97.9% (95% confidence interval [CI], 92.7% to 99.7%) in the treated population [...] the public list price. A price reduction is therefore required. [...] drug plans approximately $405 million over the next 3 years.",Ciltacabtagene Autoleucel (Carvykti): CADTH Reimbursement Recommendation (pERC),PG0302,https://canjhealthtechnol.ca/index.php/cjht/article/view/PG0302,2026-09-05,verified-from-source,"pERC meeting March 8, 2023; published May 2023 (CJHT PG0302 2023-05-17); review PG0302r 2023-08-02. NOC/c February 9, 2023 (dhpp SBD1684955300002). Budget impact >$40 million in each of years 1-3; total across years 1 to 3 exceeds $400 million.",decisions_cda_amc.csv,carvykti,2023-02-09,stated by agent,2023-03-08,2022-02-28,0.9,12.3,True
Carvykti,Canada,Canada,pCPA,MM_4L,"Multiple myeloma (MM) in adult patients who have received at least three prior lines of therapy, including a proteasome inhibitor, an immunomodulatory agent, and an anti-CD38 antibody, and who are refractory to their last treatment.",2023-02-09,2023-11-10,2025-09-18,not-recommended,none,pCPA status: Concluded without agreement.,,,,,,"pCPA negotiations database, file 22363",22363 (CDA-AMC PG0302-000),https://www.pcpacanada.ca/negotiations (CSV export https://pcpa-app.ca/public-csv-export),2026-09-05,verified-from-source,A new pCPA file 23502 for the same indication is in Active negotiation since 2026-02-06 (see separate row).,decisions_cda_amc.csv,carvykti,2023-02-09,stated by agent,2025-09-18,2022-02-28,31.3,42.6,True
Carvykti,Canada,Canada,pCPA,MM_4L,"Multiple myeloma in adult patients who have received at least three prior therapies, including an immunomodulatory agent, a proteasome inhibitor, and an anti-CD38 antibody and who are refractory to their last treatment",2023-02-09,2026-02-06,,under-assessment,unknown,pCPA status: Active negotiation (re-engaged after file 22363 closed without agreement).,,,,,,"pCPA negotiations database, file 23502",23502,https://www.pcpacanada.ca/negotiations (CSV export https://pcpa-app.ca/public-csv-export),2026-09-05,verified-from-source,,decisions_cda_amc.csv,carvykti,2023-02-09,stated by agent,,2022-02-28,,,False
Carvykti,Canada,Canada,CDA-AMC,MM_2L,"For the treatment of adult patients with multiple myeloma, who have received 1 to 3 prior lines of therapy, including a proteasome inhibitor and an immunomodulatory agent, and who are refractory to lenalidomide",2024-07-19,,2024-09-11,recommended-restricted,confidential-discount,"Reimburse with conditions: aged 18 or older, 1 to 3 prior lines, good performance status; not for CNS involvement or prior BCMA-targeted therapy; specialized CAR T centres; and a reduction in price: 'a price reduction of more than 80% would be required to be cost-effective at a WTP threshold of $50,000 per QALY gained (88% if bortezomib...'",,632455,CAD,"submitted list ($632,455 per patient as a one-time infusion)","Evidence from a clinical trial demonstrated that Carvykti prolonged the time until disease progression or death and was associated with an improved response to treatment. Based on our assessment of the health economic evidence, Carvykti does not represent good value to the health care system at the public list price. A price reduction is therefore required. [...] Based on public list prices, Carvykti is estimated to cost public drug plans approximately $477 million over the next 3 years.",Ciltacabtagene Autoleucel (Carvykti): Reimbursement Recommendation (pERC),PG0361,https://www.ncbi.nlm.nih.gov/books/NBK610233/,2026-09-05,verified-from-source,"pERC meeting September 11, 2024; published November 2024 (CJHT PG0361 2024-11-20); review PG0361r 2025-03-31. NOC July 19, 2024 (dhpp RDS1722614231303). ICER $280,871 per QALY vs bortezomib-dexamethasone.",decisions_cda_amc.csv,carvykti,2024-07-19,stated by agent,2024-09-11,2022-02-28,1.8,30.4,True
Carvykti,Canada,Canada,pCPA,MM_2L,"For the treatment of adult patients with multiple myeloma, who have received 1 to 3 prior lines of therapy including a proteasome inhibitor and an immunomodulatory agent, and who are refractory to lenalidomide.",2024-07-19,2025-01-23,2025-09-18,not-recommended,none,pCPA status: Concluded without agreement.,,,,,,"pCPA negotiations database, file 22916",22916 (CDA-AMC PG0361-000),https://www.pcpacanada.ca/negotiations (CSV export https://pcpa-app.ca/public-csv-export),2026-09-05,verified-from-source,,decisions_cda_amc.csv,carvykti,2024-07-19,stated by agent,2025-09-18,2022-02-28,14.0,42.6,True
Carvykti,Canada,Canada,pCPA,MM_2L,"For the treatment of adult patients with multiple myeloma, who have received 1 to 3 prior lines of therapy including a proteasome inhibitor and an immunomodulatory agent, and who are refractory to lenalidomide.",2024-07-19,2026-02-06,,under-assessment,unknown,pCPA status: Active negotiation (re-engaged after file 22916 closed without agreement).,,,,,,"pCPA negotiations database, file 23503",23503,https://www.pcpacanada.ca/negotiations (CSV export https://pcpa-app.ca/public-csv-export),2026-09-05,verified-from-source,,decisions_cda_amc.csv,carvykti,2024-07-19,stated by agent,,2022-02-28,,,False
Casgevy,Canada,Canada,CDA-AMC,SCD_VOC_12plus,For the treatment of patients 12 years of age and older with sickle cell disease with recurrent vaso-occlusive crises,2024-09-23,,2024-10-23,recommended-restricted,confidential-discount,"Reimburse with conditions including: 'A reduction in price. The ICER for exagamglogene autotemcel is $116,300 per QALY gained compared with standard of care, based on the sponsor's analysis. A price reduction of at least 39% would be required for exagamglogene autotemcel to be considered cost-effective at a willingness-to-pay threshold of $50,000 per QALY gained.'",,2800000,CAD,"submitted list ($2,800,000 per administration)","CDEC emphasized that there is a need for effective therapies for patients with severe manifestations of SCD, who typically present with recurrent VOCs, which are associated with ongoing organ damage, high health care utilization, and mortality. [...] The results of the interim analysis demonstrated that a majority of patients (96.7%; 95% confidence interval [CI], 82.8% to 99.9%) did not experience any severe VOCs for at least 12 consecutive months during follow-up. [...] public list price. A price reduction is therefore required. [...] plans approximately $59 million over the next 3 years.",Exagamglogene Autotemcel (Casgevy): Reimbursement Recommendation (CDEC),SG0830,https://canjhealthtechnol.ca/index.php/cjht/article/view/SG0830,2026-09-05,verified-from-source,"CDEC meeting October 23, 2024; published January 2025 (CJHT SG0830 2025-01-06); review SG0830r 2025-04-07. NOC September 23, 2024 (dhpp SBD1739203842068). CDA-AMC 3-year budget impact $59,373,150.",decisions_cda_amc.csv,casgevy,2024-09-23,stated by agent,2024-10-23,2023-12-08,1.0,10.5,True
Casgevy,Canada,Canada,pCPA,SCD_VOC_12plus,Sickle cell disease,2024-09-23,2025-07-29,,under-assessment,unknown,pCPA status: Active negotiation.,,,,,,"pCPA negotiations database, file 22972",22972 (CDA-AMC SG0830-000),https://www.pcpacanada.ca/negotiations (CSV export https://pcpa-app.ca/public-csv-export),2026-09-05,verified-from-source,,decisions_cda_amc.csv,casgevy,2024-09-23,stated by agent,,2023-12-08,,,False
Casgevy,Canada,Canada,CDA-AMC,TDT_12plus,For the treatment of patients 12 years of age and older with transfusion-dependent beta-thalassemia,2024-09-23,,2024-10-23,recommended-restricted,confidential-discount,"Reimburse with conditions including: 'A reduction in price. The ICER for exagamglogene autotemcel is $194,807 per QALY gained when compared with SOC. A price reduction of 55% would be required for exagamglogene autotemcel to achieve an ICER of $50,000 per QALY gained compared to SOC.'",,2800000,CAD,"submitted list ($2,800,000 per administration)","CDEC emphasized that there is a need for effective therapies that significantly reduce or eliminate the need for transfusions and improve HRQoL for patients with TDT. [...] The results of the interim analysis demonstrated that most patients (92.9% [95% confidence interval (CI)], 80.5% to 98.5%) had transfusion independence (TI) for 12 consecutive months (TI12) during follow-up. [...] public list price. A price reduction is therefore required. [...] drug plans approximately $64.6 million over the next 3 years.",Exagamglogene Autotemcel (Casgevy): Reimbursement Recommendation (CDEC),SG0831,https://canjhealthtechnol.ca/index.php/cjht/article/view/SG0831,2026-09-05,verified-from-source,"CDEC meeting October 23, 2024; published January 2025 (CJHT SG0831 2025-01-06); review SG0831r 2025-06-04.",decisions_cda_amc.csv,casgevy,2024-09-23,stated by agent,2024-10-23,2023-12-08,1.0,10.5,True
Casgevy,Canada,Canada,pCPA,TDT_12plus,Transfusion-dependent beta-thalassemia,2024-09-23,2025-07-29,,under-assessment,unknown,pCPA status: Active negotiation.,,,,,,"pCPA negotiations database, file 22969",22969 (CDA-AMC SG0831-000),https://www.pcpacanada.ca/negotiations (CSV export https://pcpa-app.ca/public-csv-export),2026-09-05,verified-from-source,,decisions_cda_amc.csv,casgevy,2024-09-23,stated by agent,,2023-12-08,,,False
Hemgenix,Canada,Canada,CADTH,HEMB_adult,For treatment of adults (aged 18 years of age or older) with Hemophilia B (congenital factor IX deficiency) who require routine prophylaxis to prevent or reduce the frequency of bleeding episodes,2023-10-23,,2024-02-28,recommended-restricted,confidential-discount,"Reimburse with conditions including a reduction in price: 'Price reductions of approximately 49% and 5% would require etranacogene dezaparvovec to be considered cost-neutral after 5 and 10 years, respectively, using assumed prices for rFIX prophylaxis. Further price reductions would be required if the treatment efficacy of etranacogene dezaparvovec was not sustained indefinitely or if the prices paid for FIX prophylaxis were lower than assumed.'",,4690000,CAD,"submitted list ($4,690,000.00 per administration per patient)","Based on CADTH's base-case analysis, etranacogene dezaparvovec may improve health outcomes and reduce overall health care costs relative to coagulation FIX (recombinant) fc fusion protein and coagulation FIX (recombinant) pegylated nonacog beta pegol. However, at the submitted price, it will take at least 10 years for the acquisition cost [...] The committee noted that due to the high degree of uncertainty regarding long-term efficacy, a price reduction is required. [...] Hemgenix is estimated to cost the public drug plans approximately $140 million over the next 3 years. The estimated budget impact is highly sensitive to the number of patients eligible for Hemgenix.",Etranacogene Dezaparvovec (Hemgenix): CADTH Reimbursement Recommendation (CDEC),SG0805,https://www.ncbi.nlm.nih.gov/books/NBK604816/,2026-09-05,verified-from-source,"CDEC meeting February 28, 2024; published May 2024 (CJHT SG0805 2024-05-08); review SR0805r 2024-09-26. NOC October 23, 2023 (dhpp SBD1715173505610). Sponsor 3-year incremental cost $62.72 million.",decisions_cda_amc.csv,hemgenix,2023-10-23,stated by agent,2024-02-28,2022-11-22,4.2,15.2,True
Hemgenix,Canada,Canada,pCPA,HEMB_adult,Hemophilia B,2023-10-23,2024-08-09,2025-09-22,recommended,confidential-discount,pCPA status: Concluded with an LOI.,,,,,,"pCPA negotiations database, file 22663",22663 (CDA-AMC SG0805-000),https://www.pcpacanada.ca/negotiations (CSV export https://pcpa-app.ca/public-csv-export),2026-09-05,verified-from-source,,decisions_cda_amc.csv,hemgenix,2023-10-23,stated by agent,2025-09-22,2022-11-22,23.0,34.0,True
Beqvez / Durveqtix,Canada,Canada,CADTH,HEMB_adult,For the treatment of adults (aged 18 years or older) with moderately severe to severe hemophilia B (congenital Factor IX deficiency) who are negative for neutralizing antibodies to variant AAV serotype Rh74,2023-12-27,,2023-12-20,recommended-restricted,confidential-discount,"Reimburse with conditions including a reduction in price: 'Price reductions of at least 57% and 17% would be required for fidanacogene elaparvovec to be considered cost-effective after 5 years and 10 years, respectively, using assumed prices for FIX prophylaxis. Further price reductions would be required if the treatment efficacy of fidanacogene elaparvovec were not sustained indefinitely, or if the prices paid for FIX prophylaxis were lower than assumed.'",,4773595.20,CAD,"submitted list ($4,773,595.20 per administration per patient)","Based on the sponsor's submitted analysis, fidanacogene elaparvovec may improve health outcomes and reduce overall health care costs relative to FIX prophylaxis. However, at the submitted price, it will take at least 12 years [...] The committee noted that, due to the high degree of uncertainty regarding long-term efficacy, a price reduction is required. [...] Based on public list prices, Beqvez is estimated to cost the public drug plans approximately $127 million over the next 3 years.",Fidanacogene Elaparvovec (Beqvez): CADTH Reimbursement Recommendation (CDEC),SG0802,https://www.ncbi.nlm.nih.gov/books/NBK602912/,2026-09-05,verified-from-source,"CDEC meeting December 20, 2023 (one week before NOC of December 27, 2023; dhpp SBD1728318721334); published March 2024 (CJHT SG0802 2024-03-06); review SG0802r 2024-06-07. Marketed in Canada as Beqvez (DIN 02544156).",decisions_cda_amc.csv,beqvez,2023-12-27,stated by agent,2023-12-20,2024-04-25,-0.2,-4.2,True
Beqvez / Durveqtix,Canada,Canada,pCPA,HEMB_adult,"Hemophilia B (congenital Factor IX deficiency) in adults (aged 18 years or older), moderately severe to severe, who are negative for neutralizing antibodies to variant AAV serotype Rh74",2023-12-27,2024-08-09,2025-04-04,not-recommended,none,pCPA status: Concluded without agreement.,,,,,,"pCPA negotiations database, file 22602",22602 (CDA-AMC SG0802-000),https://www.pcpacanada.ca/negotiations (CSV export https://pcpa-app.ca/public-csv-export),2026-09-05,verified-from-source,,decisions_cda_amc.csv,beqvez,2023-12-27,stated by agent,2025-04-04,2024-04-25,15.2,11.3,True
Zolgensma,Canada,Canada,CADTH,SMA_ped,"For the treatment of pediatric patients with 5q spinal muscular atrophy (SMA) with biallelic mutations in the survival motor neuron 1 (SMN1) gene and 3 or fewer copies of the SMN2 gene, or infantile-onset SMA",2020-12-15,,2020-11-18,recommended-restricted,confidential-discount,"Initial CDEC meeting (November 18, 2020); the published document reports the final recommendation only: reimburse with conditions (initiation criteria: genetic documentation of 5q SMA with biallelic SMN1 mutations; symptomatic or pre-symptomatic with one to three SMN2 copies; 180 days of age or younger; not requiring permanent feeding or ventilatory support; one lifetime administration; pricing condition: a reduction in price).",,2910500,CAD,"submitted list (all kits priced at $2,910,500, one-time total drug acquisition cost)","One phase III, single-arm study, STR1VE-US (N = 22), enrolled patients diagnosed with SMA who were symptomatic or pre-symptomatic with one or two copies of the SMN2 gene. [...] STR1VE-US demonstrated that 59% (97.5% confidence interval [CI], 34% to 81%) of patients were able to sit independently for at least 30 seconds at 18 months of age [...] CADTH reanalysis of a cost-utility model submitted by the sponsor found that onasemnogene abeparvovec was unlikely to be cost-effective at the submitted price, with an estimated incremental cost-effectiveness ratio (ICER) of $334,090 per quality adjusted life-year (QALY) compared with best supportive care (BSC). [...] A price reduction of at least 90% is required for onasemnogene abeparvovec to achieve an ICER below $50,000 per QALY gained.",CADTH Canadian Drug Expert Committee Recommendation: Onasemnogene Abeparvovec (Zolgensma) - initial meeting,SG0649,https://www.ncbi.nlm.nih.gov/books/NBK584044/,2026-09-05,verified-from-source,"Document lists 'November 18, 2020 Meeting (Initial)' and 'March 17, 2021 Meeting (Reconsideration and Clarification)'. The initial (draft) recommendation text is not separately published; drug plans filed a request for clarification during the embargo period. NOC December 15, 2020 (dhpp SBD00521; si0005).",decisions_cda_amc.csv,zolgensma,2020-12-15,stated by agent,2020-11-18,2019-05-24,-0.9,17.9,True
Zolgensma,Canada,Canada,CADTH,SMA_ped,"For the treatment of pediatric patients with 5q spinal muscular atrophy (SMA) with biallelic mutations in the survival motor neuron 1 (SMN1) gene and 3 or fewer copies of the SMN2 gene, or infantile-onset SMA",2020-12-15,,2021-03-17,recommended-restricted,confidential-discount,"Final recommendation (Version: Final, dated 2021-03-26): 'reimbursed for the treatment of pediatric patients with 5q spinal muscular atrophy (SMA) with biallelic mutations in the survival motor neuron 1 (SMN1) gene, only if the following conditions are met.' Initiation criteria 2.1 symptomatic or pre-symptomatic with one to three copies of the SMN2 gene, 2.2 180 days of age or younger, 2.3 not currently requiring permanent feeding or ventilatory support; reimbursement limited to one lifetime administration; pricing condition: 'A reduction in price.' ('A price reduction of at least 90% is required ... to achieve an ICER below $50,000 per QALY gained.')",,2910500,CAD,"submitted list ($2,910,500 per kit/one-time)","The CADTH Canadian Drug Expert Committee (CDEC) recommends that onasemnogene abeparvovec be reimbursed for the treatment of pediatric patients with 5q spinal muscular atrophy (SMA) with biallelic mutations in the survival motor neuron 1 (SMN1) gene, only if the following conditions are met. [...] One phase III, single-arm study, STR1VE-US (N = 22), enrolled patients diagnosed with SMA who were symptomatic or pre-symptomatic with one or two copies of the SMN2 gene. [...] STR1VE-US demonstrated that 59% (97.5% confidence interval [CI], 34% to 81%) of patients were able to sit independently for at least 30 seconds at 18 months of age [...] CADTH reanalysis of a cost-utility model submitted by the sponsor found that onasemnogene abeparvovec was unlikely to be cost-effective at the submitted price, with an estimated incremental cost-effectiveness ratio (ICER) of $334,090 per quality adjusted life-year (QALY) compared with best supportive care (BSC). [...] A price reduction of at least 90% is required for onasemnogene abeparvovec to achieve an ICER below $50,000 per QALY gained.",CADTH Canadian Drug Expert Committee Recommendation: Onasemnogene Abeparvovec (Zolgensma) - reconsideration and clarification,SG0649,https://www.ncbi.nlm.nih.gov/books/NBK584044/,2026-09-05,verified-from-source,"Reconsideration and clarification meeting March 17, 2021; final document dated 2021 Mar 26. Implementation advice published September 2021 (CJHT si0005).",decisions_cda_amc.csv,zolgensma,2020-12-15,stated by agent,2021-03-17,2019-05-24,3.0,21.8,True
Zolgensma,Canada,Canada,pCPA,SMA_ped,Spinal Muscular Atrophy,2020-12-15,2021-02-19,2021-10-08,recommended,confidential-discount,pCPA status: Concluded with an LOI.,,,,,,"pCPA negotiations database, file 21392",21392 (CDA-AMC SG0649-000),https://www.pcpacanada.ca/negotiations (CSV export https://pcpa-app.ca/public-csv-export),2026-09-05,verified-from-source,,decisions_cda_amc.csv,zolgensma,2020-12-15,stated by agent,2021-10-08,2019-05-24,9.8,28.5,True
Luxturna,Canada,Canada,CADTH,RPE65,"Vision loss, inherited retinal dystrophy (adult and pediatric patients with vision loss due to IRD caused by confirmed biallelic RPE65 mutations and who have sufficient viable retinal cells)",2020-10-13,,2020-09-16,recommended-restricted,confidential-discount,"Reimburse with conditions: initiation criteria 1.1 biallelic RPE65 mutations confirmed by an accredited laboratory, 1.2 sufficient viable retinal cells as determined by an inherited retinal disease specialist, 1.3 at least four years of age, 1.4 visual acuity worse than 20/60 (both eyes) and/or visual field less than 20 degrees; treatment limited to one treatment per eye per patient lifetime; pricing condition: 'Reduction in price.' ('Based on the CADTH reanalysis, a price reduction of more than 74% would be required to achieve ICERs below $50,000 per QALY.')",,1031500,CAD,"submitted list ($515,750 per injection, one injection per eye; $1,031,500 per patient assuming both eyes)","The CADTH Canadian Drug Expert Committee (CDEC) recommends that voretigene neparvovec be reimbursed for the treatment of patients with vision loss due to inherited retinal dystrophy (IRD) caused by biallelic retinal pigment epithelium 65 kDa protein (RPE65) mutations only if the following conditions are met. [...] Voretigene neparvovec demonstrated a statistically significant improvement in functional vision under low light conditions as measured by multi-luminance mobility testing (MLMT) at one year post-treatment compared with best supportive care [...] Based on the CADTH reanalysis of the manufacturer-submitted economic model, voretigene neparvovec is associated with an incremental cost-effectiveness ratio (ICER) of $200,477 per quality-adjusted life-year (QALY) gained compared with best supportive care (BSC). However, this estimate is associated with significant uncertainty",CADTH Canadian Drug Expert Committee Recommendation: Voretigene Neparvovec (Luxturna),SG0643,https://www.ncbi.nlm.nih.gov/books/NBK568877/,2026-09-05,verified-from-source,"CDEC meeting September 16, 2020 (pre-NOC); recommendation document dated 2020 Nov (Version 1.0). NOC October 13, 2020 (dhpp SBD00530).",decisions_cda_amc.csv,luxturna,2020-10-13,stated by agent,2020-09-16,2017-12-19,-0.9,32.9,True
Luxturna,Canada,Canada,pCPA,RPE65,"Vision loss, inherited retinal dystrophy",2020-10-13,2021-11-25,2022-09-16,recommended,confidential-discount,pCPA status: Concluded with an LOI.,,,,,,"pCPA negotiations database, file 21334",21334 (CDA-AMC SG0643-000),https://www.pcpacanada.ca/negotiations (CSV export https://pcpa-app.ca/public-csv-export),2026-09-05,verified-from-source,,decisions_cda_amc.csv,luxturna,2020-10-13,stated by agent,2022-09-16,2017-12-19,23.1,56.9,True
Amtagvi,Canada,Canada,CDA-AMC,MEL_2L,"(Health Canada NOC/c, control 293019; indication text not retrieved)",2025-08-15,,,not-found,unknown,,,,,,,,,https://dhpp.hpfb-dgpsa.ca/review-documents/resource/SBD1759755218605,2026-09-05,not-found,"NOC/c issued 2025-08-15 (dhpp SBD1759755218605; DIN 02560232). No CDA-AMC reimbursement recommendation for lifileucel in NCBI Bookshelf or the CJHT OAI index (1,340 records to 2026-09) and no pCPA file as of 2026-09-05; cda-amc.ca project pages could not be fetched (Cloudflare challenge), so under-review status could not be confirmed.",decisions_cda_amc.csv,amtagvi,2025-08-15,stated by agent,,2024-02-16,,,False
Adstiladrin,Canada,Canada,CDA-AMC,NMIBC_BCGunresp,"(Health Canada NOC, control 295688; indication text not retrieved)",2026-03-16,,,not-found,unknown,,,,,,,,,https://dhpp.hpfb-dgpsa.ca/review-documents/resource/SBD1787921958243,2026-09-05,not-found,NOC issued 2026-03-16 (dhpp SBD1787921958243; DIN 02566680). No CDA-AMC recommendation in Bookshelf/CJHT and no pCPA file as of 2026-09-05; cda-amc.ca blocked so submission status unverified.,decisions_cda_amc.csv,adstiladrin,2026-03-16,stated by agent,,2022-12-16,,,False
Alofisel,Canada,Canada,CDA-AMC,CD_fistula,"(Health Canada NOC, control 217347; indication text not retrieved)",2019-06-05,,,not-found,unknown,,,,,,,,,https://dhpp.hpfb-dgpsa.ca/review-documents/resource/RDS00528,2026-09-05,not-found,NOC issued 2019-06-05 (dhpp RDS00528). No CADTH/CDA-AMC recommendation for darvadstrocel found in Bookshelf or CJHT and no pCPA file; DPD brand-name API returns no active DIN for Alofisel as of 2026-09-05 (product appears no longer marketed).,decisions_cda_amc.csv,alofisel,2019-06-05,stated by agent,,,,,False
Aucatzyl,Canada,Canada,CDA-AMC,ALL_adult,,,,,not-submitted,none,,,,,,,,,https://health-products.canada.ca/api/drug/drugproduct/?brandname=Aucatzyl&lang=en&type=json,2026-09-05,not-found,"No Health Canada authorisation found: DPD brand-name API returns no DIN and the dhpp review-documents portal has no Regulatory Decision Summary or Summary Basis of Decision as of 2026-09-05; no CDA-AMC/CADTH recommendation in NCBI Bookshelf or CJHT and no pCPA file. Health Canada NOC database search (noc-ac) returned server error 500 on every query, so absence is inferred from DPD and dhpp.",decisions_cda_amc.csv,aucatzyl,2025-07-17,cohort EU authorisation,,2024-11-08,,,False
Elevidys,Canada,Canada,CDA-AMC,DMD,,,,,not-submitted,none,,,,,,,,,https://health-products.canada.ca/api/drug/drugproduct/?brandname=Elevidys&lang=en&type=json,2026-09-05,not-found,"No Health Canada authorisation found: DPD brand-name API returns no DIN and the dhpp review-documents portal has no Regulatory Decision Summary or Summary Basis of Decision as of 2026-09-05; no CDA-AMC/CADTH recommendation in NCBI Bookshelf or CJHT and no pCPA file. Health Canada NOC database search (noc-ac) returned server error 500 on every query, so absence is inferred from DPD and dhpp.",decisions_cda_amc.csv,elevidys,2023-06-22,cohort FDA approval,,2023-06-22,,,False
Encelto,Canada,Canada,CDA-AMC,MacTel2,,,,,not-submitted,none,,,,,,,,,https://health-products.canada.ca/api/drug/drugproduct/?brandname=Encelto&lang=en&type=json,2026-09-05,not-found,"No Health Canada authorisation found: DPD brand-name API returns no DIN and the dhpp review-documents portal has no Regulatory Decision Summary or Summary Basis of Decision as of 2026-09-05; no CDA-AMC/CADTH recommendation in NCBI Bookshelf or CJHT and no pCPA file. Health Canada NOC database search (noc-ac) returned server error 500 on every query, so absence is inferred from DPD and dhpp.",decisions_cda_amc.csv,encelto,2025-03-05,cohort FDA approval,,2025-03-05,,,False
Genglycos,Canada,Canada,CDA-AMC,GSD1a,,,,,not-submitted,none,,,,,,,,,https://health-products.canada.ca/api/drug/drugproduct/?brandname=Genglycos&lang=en&type=json,2026-09-05,not-found,"No Health Canada authorisation found: DPD brand-name API returns no DIN and the dhpp review-documents portal has no Regulatory Decision Summary or Summary Basis of Decision as of 2026-09-05; no CDA-AMC/CADTH recommendation in NCBI Bookshelf or CJHT and no pCPA file. Health Canada NOC database search (noc-ac) returned server error 500 on every query, so absence is inferred from DPD and dhpp.",decisions_cda_amc.csv,genglycos,2026-08-19,cohort FDA approval,,2026-08-19,,,False
Imlygic,Canada,Canada,CDA-AMC,MEL,,,,,not-submitted,none,,,,,,,,,https://health-products.canada.ca/api/drug/drugproduct/?brandname=Imlygic&lang=en&type=json,2026-09-05,not-found,"No Health Canada authorisation found: DPD brand-name API returns no DIN and the dhpp review-documents portal has no Regulatory Decision Summary or Summary Basis of Decision as of 2026-09-05; no CDA-AMC/CADTH recommendation in NCBI Bookshelf or CJHT and no pCPA file. Health Canada NOC database search (noc-ac) returned server error 500 on every query, so absence is inferred from DPD and dhpp.",decisions_cda_amc.csv,imlygic,2015-12-16,cohort EU authorisation,,2015-10-27,,,False
Itvisma,Canada,Canada,CDA-AMC,SMA,,,,,not-submitted,none,,,,,,,,,https://health-products.canada.ca/api/drug/drugproduct/?brandname=Itvisma&lang=en&type=json,2026-09-05,not-found,"No Health Canada authorisation found: DPD brand-name API returns no DIN and the dhpp review-documents portal has no Regulatory Decision Summary or Summary Basis of Decision as of 2026-09-05; no CDA-AMC/CADTH recommendation in NCBI Bookshelf or CJHT and no pCPA file. Health Canada NOC database search (noc-ac) returned server error 500 on every query, so absence is inferred from DPD and dhpp.",decisions_cda_amc.csv,itvisma,2026-06-30,cohort EU authorisation,,2025-11-24,,,False
Kebilidi / Upstaza,Canada,Canada,CDA-AMC,AADC,,,,,not-submitted,none,,,,,,,,,https://health-products.canada.ca/api/drug/drugproduct/?brandname=Kebilidi&lang=en&type=json,2026-09-05,not-found,"No Health Canada authorisation found: DPD brand-name API returns no DIN and the dhpp review-documents portal has no Regulatory Decision Summary or Summary Basis of Decision as of 2026-09-05; no CDA-AMC/CADTH recommendation in NCBI Bookshelf or CJHT and no pCPA file. Health Canada NOC database search (noc-ac) returned server error 500 on every query, so absence is inferred from DPD and dhpp.",decisions_cda_amc.csv,kebilidi,2022-07-18,cohort EU authorisation,,2024-11-13,,,False
Kresladi,Canada,Canada,CDA-AMC,LAD1,,,,,not-submitted,none,,,,,,,,,https://health-products.canada.ca/api/drug/drugproduct/?brandname=Kresladi&lang=en&type=json,2026-09-05,not-found,"No Health Canada authorisation found: DPD brand-name API returns no DIN and the dhpp review-documents portal has no Regulatory Decision Summary or Summary Basis of Decision as of 2026-09-05; no CDA-AMC/CADTH recommendation in NCBI Bookshelf or CJHT and no pCPA file. Health Canada NOC database search (noc-ac) returned server error 500 on every query, so absence is inferred from DPD and dhpp.",decisions_cda_amc.csv,kresladi,2026-03-26,cohort FDA approval,,2026-03-26,,,False
Lantidra,Canada,Canada,CDA-AMC,T1D,,,,,not-submitted,none,,,,,,,,,https://health-products.canada.ca/api/drug/drugproduct/?brandname=Lantidra&lang=en&type=json,2026-09-05,not-found,"No Health Canada authorisation found: DPD brand-name API returns no DIN and the dhpp review-documents portal has no Regulatory Decision Summary or Summary Basis of Decision as of 2026-09-05; no CDA-AMC/CADTH recommendation in NCBI Bookshelf or CJHT and no pCPA file. Health Canada NOC database search (noc-ac) returned server error 500 on every query, so absence is inferred from DPD and dhpp.",decisions_cda_amc.csv,lantidra,,cohort EU authorisation,,2023-06-28,,,False
Lenmeldy / Libmeldy,Canada,Canada,CDA-AMC,MLD_early,,,,,not-submitted,none,,,,,,,,,https://health-products.canada.ca/api/drug/drugproduct/?brandname=Lenmeldy&lang=en&type=json,2026-09-05,not-found,"No Health Canada authorisation found: DPD brand-name API returns no DIN and the dhpp review-documents portal has no Regulatory Decision Summary or Summary Basis of Decision as of 2026-09-05; no CDA-AMC/CADTH recommendation in NCBI Bookshelf or CJHT and no pCPA file. Health Canada NOC database search (noc-ac) returned server error 500 on every query, so absence is inferred from DPD and dhpp.",decisions_cda_amc.csv,lenmeldy,2020-12-17,cohort EU authorisation,,2024-03-18,,,False
Lyfgenia,Canada,Canada,CDA-AMC,SCD_VOC_12plus,,,,,not-submitted,none,,,,,,,,,https://health-products.canada.ca/api/drug/drugproduct/?brandname=Lyfgenia&lang=en&type=json,2026-09-05,not-found,"No Health Canada authorisation found: DPD brand-name API returns no DIN and the dhpp review-documents portal has no Regulatory Decision Summary or Summary Basis of Decision as of 2026-09-05; no CDA-AMC/CADTH recommendation in NCBI Bookshelf or CJHT and no pCPA file. Health Canada NOC database search (noc-ac) returned server error 500 on every query, so absence is inferred from DPD and dhpp.",decisions_cda_amc.csv,lyfgenia,,cohort EU authorisation,,2023-12-08,,,False
Omisirge,Canada,Canada,CDA-AMC,HSCT_cord,,,,,not-submitted,none,,,,,,,,,https://health-products.canada.ca/api/drug/drugproduct/?brandname=Omisirge&lang=en&type=json,2026-09-05,not-found,"No Health Canada authorisation found: DPD brand-name API returns no DIN and the dhpp review-documents portal has no Regulatory Decision Summary or Summary Basis of Decision as of 2026-09-05; no CDA-AMC/CADTH recommendation in NCBI Bookshelf or CJHT and no pCPA file. Health Canada NOC database search (noc-ac) returned server error 500 on every query, so absence is inferred from DPD and dhpp.",decisions_cda_amc.csv,omisirge,,cohort EU authorisation,,2023-04-17,,,False
Otarmeni,Canada,Canada,CDA-AMC,OTOF,,,,,not-submitted,none,,,,,,,,,https://health-products.canada.ca/api/drug/drugproduct/?brandname=Otarmeni&lang=en&type=json,2026-09-05,not-found,"No Health Canada authorisation found: DPD brand-name API returns no DIN and the dhpp review-documents portal has no Regulatory Decision Summary or Summary Basis of Decision as of 2026-09-05; no CDA-AMC/CADTH recommendation in NCBI Bookshelf or CJHT and no pCPA file. Health Canada NOC database search (noc-ac) returned server error 500 on every query, so absence is inferred from DPD and dhpp.",decisions_cda_amc.csv,otarmeni,2026-04-23,cohort FDA approval,,2026-04-23,,,False
Papzimeos,Canada,Canada,CDA-AMC,RRP,,,,,not-submitted,none,,,,,,,,,https://health-products.canada.ca/api/drug/drugproduct/?brandname=Papzimeos&lang=en&type=json,2026-09-05,not-found,"No Health Canada authorisation found: DPD brand-name API returns no DIN and the dhpp review-documents portal has no Regulatory Decision Summary or Summary Basis of Decision as of 2026-09-05; no CDA-AMC/CADTH recommendation in NCBI Bookshelf or CJHT and no pCPA file. Health Canada NOC database search (noc-ac) returned server error 500 on every query, so absence is inferred from DPD and dhpp.",decisions_cda_amc.csv,papzimeos,,cohort EU authorisation,,2025-08-14,,,False
Roctavian,Canada,Canada,CDA-AMC,HEMA_adult,,,,,not-submitted,none,,,,,,,,,https://health-products.canada.ca/api/drug/drugproduct/?brandname=Roctavian&lang=en&type=json,2026-09-05,not-found,"No Health Canada authorisation found: DPD brand-name API returns no DIN and the dhpp review-documents portal has no Regulatory Decision Summary or Summary Basis of Decision as of 2026-09-05; no CDA-AMC/CADTH recommendation in NCBI Bookshelf or CJHT and no pCPA file. Health Canada NOC database search (noc-ac) returned server error 500 on every query, so absence is inferred from DPD and dhpp.",decisions_cda_amc.csv,roctavian,2022-08-24,cohort EU authorisation,,2023-06-30,,,False
Ryoncil,Canada,Canada,CDA-AMC,aGVHD_ped,,,,,not-submitted,none,,,,,,,,,https://health-products.canada.ca/api/drug/drugproduct/?brandname=Ryoncil&lang=en&type=json,2026-09-05,not-found,"No Health Canada authorisation found: DPD brand-name API returns no DIN and the dhpp review-documents portal has no Regulatory Decision Summary or Summary Basis of Decision as of 2026-09-05; no CDA-AMC/CADTH recommendation in NCBI Bookshelf or CJHT and no pCPA file. Health Canada NOC database search (noc-ac) returned server error 500 on every query, so absence is inferred from DPD and dhpp.",decisions_cda_amc.csv,ryoncil,,cohort EU authorisation,,2024-12-19,,,False
Skysona,Canada,Canada,CDA-AMC,CALD,,,,,not-submitted,none,,,,,,,,,https://health-products.canada.ca/api/drug/drugproduct/?brandname=Skysona&lang=en&type=json,2026-09-05,not-found,"No Health Canada authorisation found: DPD brand-name API returns no DIN and the dhpp review-documents portal has no Regulatory Decision Summary or Summary Basis of Decision as of 2026-09-05; no CDA-AMC/CADTH recommendation in NCBI Bookshelf or CJHT and no pCPA file. Health Canada NOC database search (noc-ac) returned server error 500 on every query, so absence is inferred from DPD and dhpp.",decisions_cda_amc.csv,skysona,2021-07-16,cohort EU authorisation,,2022-09-16,,,False
Tecelra,Canada,Canada,CDA-AMC,SS,,,,,not-submitted,none,,,,,,,,,https://health-products.canada.ca/api/drug/drugproduct/?brandname=Tecelra&lang=en&type=json,2026-09-05,not-found,"No Health Canada authorisation found: DPD brand-name API returns no DIN and the dhpp review-documents portal has no Regulatory Decision Summary or Summary Basis of Decision as of 2026-09-05; no CDA-AMC/CADTH recommendation in NCBI Bookshelf or CJHT and no pCPA file. Health Canada NOC database search (noc-ac) returned server error 500 on every query, so absence is inferred from DPD and dhpp.",decisions_cda_amc.csv,tecelra,2024-08-01,cohort FDA approval,,2024-08-01,,,False
Tregzi,Canada,Canada,CDA-AMC,HSCT_Treg,,,,,not-submitted,none,,,,,,,,,https://health-products.canada.ca/api/drug/drugproduct/?brandname=Tregzi&lang=en&type=json,2026-09-05,not-found,"No Health Canada authorisation found: DPD brand-name API returns no DIN and the dhpp review-documents portal has no Regulatory Decision Summary or Summary Basis of Decision as of 2026-09-05; no CDA-AMC/CADTH recommendation in NCBI Bookshelf or CJHT and no pCPA file. Health Canada NOC database search (noc-ac) returned server error 500 on every query, so absence is inferred from DPD and dhpp.",decisions_cda_amc.csv,tregzi,2026-07-01,cohort FDA approval,,2026-07-01,,,False
Tudriqev,Canada,Canada,CDA-AMC,MEL,,,,,not-submitted,none,,,,,,,,,https://health-products.canada.ca/api/drug/drugproduct/?brandname=Tudriqev&lang=en&type=json,2026-09-05,not-found,"No Health Canada authorisation found: DPD brand-name API returns no DIN and the dhpp review-documents portal has no Regulatory Decision Summary or Summary Basis of Decision as of 2026-09-05; no CDA-AMC/CADTH recommendation in NCBI Bookshelf or CJHT and no pCPA file. Health Canada NOC database search (noc-ac) returned server error 500 on every query, so absence is inferred from DPD and dhpp.",decisions_cda_amc.csv,tudriqev,2026-08-06,cohort FDA approval,,2026-08-06,,,False
Vyjuvek,Canada,Canada,CDA-AMC,DEB,,,,,not-submitted,none,,,,,,,,,https://health-products.canada.ca/api/drug/drugproduct/?brandname=Vyjuvek&lang=en&type=json,2026-09-05,not-found,"No Health Canada authorisation found: DPD brand-name API returns no DIN and the dhpp review-documents portal has no Regulatory Decision Summary or Summary Basis of Decision as of 2026-09-05; no CDA-AMC/CADTH recommendation in NCBI Bookshelf or CJHT and no pCPA file. Health Canada NOC database search (noc-ac) returned server error 500 on every query, so absence is inferred from DPD and dhpp.",decisions_cda_amc.csv,vyjuvek,2025-04-23,cohort EU authorisation,,2023-05-19,,,False
Waskyra,Canada,Canada,CDA-AMC,WAS,,,,,not-submitted,none,,,,,,,,,https://health-products.canada.ca/api/drug/drugproduct/?brandname=Waskyra&lang=en&type=json,2026-09-05,not-found,"No Health Canada authorisation found: DPD brand-name API returns no DIN and the dhpp review-documents portal has no Regulatory Decision Summary or Summary Basis of Decision as of 2026-09-05; no CDA-AMC/CADTH recommendation in NCBI Bookshelf or CJHT and no pCPA file. Health Canada NOC database search (noc-ac) returned server error 500 on every query, so absence is inferred from DPD and dhpp.",decisions_cda_amc.csv,waskyra,2026-01-09,cohort EU authorisation,,2025-12-09,,,False
Zevaskyn,Canada,Canada,CDA-AMC,RDEB,,,,,not-submitted,none,,,,,,,,,https://health-products.canada.ca/api/drug/drugproduct/?brandname=Zevaskyn&lang=en&type=json,2026-09-05,not-found,"No Health Canada authorisation found: DPD brand-name API returns no DIN and the dhpp review-documents portal has no Regulatory Decision Summary or Summary Basis of Decision as of 2026-09-05; no CDA-AMC/CADTH recommendation in NCBI Bookshelf or CJHT and no pCPA file. Health Canada NOC database search (noc-ac) returned server error 500 on every query, so absence is inferred from DPD and dhpp.",decisions_cda_amc.csv,zevaskyn,2025-04-28,cohort FDA approval,,2025-04-28,,,False
Zynteglo,Canada,Canada,CDA-AMC,TDT_12plus,,,,,not-submitted,none,,,,,,,,,https://health-products.canada.ca/api/drug/drugproduct/?brandname=Zynteglo&lang=en&type=json,2026-09-05,not-found,"No Health Canada authorisation found: DPD brand-name API returns no DIN and the dhpp review-documents portal has no Regulatory Decision Summary or Summary Basis of Decision as of 2026-09-05; no CDA-AMC/CADTH recommendation in NCBI Bookshelf or CJHT and no pCPA file. Health Canada NOC database search (noc-ac) returned server error 500 on every query, so absence is inferred from DPD and dhpp.",decisions_cda_amc.csv,zynteglo,2019-05-29,cohort EU authorisation,,2022-08-17,,,False
Provenge,Canada,Canada,CDA-AMC,PC,,,,,not-submitted,none,,,,,,,,,https://health-products.canada.ca/api/drug/drugproduct/?brandname=Provenge&lang=en&type=json,2026-09-05,not-found,"No Health Canada authorisation found: DPD brand-name API returns no DIN and the dhpp review-documents portal has no Regulatory Decision Summary or Summary Basis of Decision as of 2026-09-05; no CDA-AMC/CADTH recommendation in NCBI Bookshelf or CJHT and no pCPA file. Health Canada NOC database search (noc-ac) returned server error 500 on every query, so absence is inferred from DPD and dhpp.",decisions_cda_amc.csv,provenge,2013-09-06,cohort EU authorisation,,2010-04-29,,,False
Glybera,Canada,Canada,CDA-AMC,LPLD,,,,,not-submitted,none,,,,,,,,,https://health-products.canada.ca/api/drug/drugproduct/?brandname=Glybera&lang=en&type=json,2026-09-05,not-found,"No Health Canada authorisation found: DPD brand-name API returns no DIN and the dhpp review-documents portal has no Regulatory Decision Summary or Summary Basis of Decision as of 2026-09-05; no CDA-AMC/CADTH recommendation in NCBI Bookshelf or CJHT and no pCPA file. Health Canada NOC database search (noc-ac) returned server error 500 on every query, so absence is inferred from DPD and dhpp.",decisions_cda_amc.csv,glybera,2012-10-25,cohort EU authorisation,,,,,False
Strimvelis,Canada,Canada,CDA-AMC,ADA_SCID,,,,,not-submitted,none,,,,,,,,,https://health-products.canada.ca/api/drug/drugproduct/?brandname=Strimvelis&lang=en&type=json,2026-09-05,not-found,"No Health Canada authorisation found: DPD brand-name API returns no DIN and the dhpp review-documents portal has no Regulatory Decision Summary or Summary Basis of Decision as of 2026-09-05; no CDA-AMC/CADTH recommendation in NCBI Bookshelf or CJHT and no pCPA file. Health Canada NOC database search (noc-ac) returned server error 500 on every query, so absence is inferred from DPD and dhpp.",decisions_cda_amc.csv,strimvelis,2016-05-26,cohort EU authorisation,,,,,False
Zalmoxis,Canada,Canada,CDA-AMC,HSCT_haplo,,,,,not-submitted,none,,,,,,,,,https://health-products.canada.ca/api/drug/drugproduct/?brandname=Zalmoxis&lang=en&type=json,2026-09-05,not-found,"No Health Canada authorisation found: DPD brand-name API returns no DIN and the dhpp review-documents portal has no Regulatory Decision Summary or Summary Basis of Decision as of 2026-09-05; no CDA-AMC/CADTH recommendation in NCBI Bookshelf or CJHT and no pCPA file. Health Canada NOC database search (noc-ac) returned server error 500 on every query, so absence is inferred from DPD and dhpp.",decisions_cda_amc.csv,zalmoxis,2016-08-18,cohort EU authorisation,,,,,False
Ebvallo,Canada,Canada,CDA-AMC,PTLD,,,,,not-submitted,none,,,,,,,,,https://health-products.canada.ca/api/drug/drugproduct/?brandname=Ebvallo&lang=en&type=json,2026-09-05,not-found,"No Health Canada authorisation found: DPD brand-name API returns no DIN and the dhpp review-documents portal has no Regulatory Decision Summary or Summary Basis of Decision as of 2026-09-05; no CDA-AMC/CADTH recommendation in NCBI Bookshelf or CJHT and no pCPA file. Health Canada NOC database search (noc-ac) returned server error 500 on every query, so absence is inferred from DPD and dhpp.",decisions_cda_amc.csv,ebvallo,2022-12-16,cohort EU authorisation,,,,,False
Kymriah,Germany,Germany,G-BA,ALL_ped,"Kinder, Jugendliche und junge erwachsene Patienten im Alter bis zu 25 Jahren mit refraktärer oder rezidivierter (Rezidiv nach Transplantation oder zweites oder späteres Rezidiv) akuter lymphatischer B-Zell-Leukämie (ALL)",2018-08-23,2018-09-15,2019-03-07,recommended-restricted,none,,nicht quantifizierbar (Orphan Drug: Zusatznutzen gilt als belegt),320000.00,EUR,Jahrestherapiekosten Beschluss,Der G-BA stuft das Ausmaß des allein aus rechtlicher Sicht nach § 35a Abs. 1 Satz 11 Halbsatz 1 SGB V zu unterstellenden Zusatznutzens von Tisagenlecleucel auf Basis der Kriterien in § 5 Abs. 7 der AM-NutzenV unter Berücksichtigung des Schweregrades der Erkrankung und des therapeutischen Ziels bei der Behandlung der Erkrankung als nicht quantifizierbar ein. (TrG:) Zudem legt der pharmazeutische Unternehmer indirekte Vergleiche der Studienergebnisse gegenüber historischen Kontrollen vor.,Arzneimittel-Richtlinie/Anlage XII: Tisagenlecleucel (akute lymphatische B-Zell-Leukämie),2018-09-15-D-376,https://www.g-ba.de/bewertungsverfahren/nutzenbewertung/386/,2026-09-05,verified-from-source,Patienten: 50-65. Befristet bis 15.03.2020. Studien ELIANA/ENSIGN einarmig. Preis = Abgabepreis pU laut Modul 3 (Kymriah umsatzsteuerfrei). QS-Anpassung Beschluss 01.08.2019 (Pflegequalifikation). Beschluss aufgehoben durch Neubewertung 15.03.2020.,decisions_gba.csv,kymriah,2018-08-23,stated by agent,2019-03-07,2017-08-30,6.4,18.2,True
Kymriah,Germany,Germany,G-BA,LBCL_3L,Erwachsene Patienten mit rezidiviertem oder refraktärem diffus großzelligem B-Zell-Lymphom (DLBCL) nach zwei oder mehr Linien einer systemischen Therapie,2018-08-23,2018-09-15,2019-03-07,recommended-restricted,none,,nicht quantifizierbar (Orphan Drug: Zusatznutzen gilt als belegt),320000.00,EUR,Jahrestherapiekosten Beschluss,"(TrG:) liegen die Ergebnisse der einarmigen pivotalen Phase II-Studie JULIET, die supportive Fall-Serie von Schuster et al. ... Zudem sind diese Daten aufgrund der zu diesem Zeitpunkt noch nicht abgeschlossenen Rekrutierung der Patienten in die JULIET-Studie und der sehr kurzen medianen Nachbeobachtungsdauer von nur 3,71 Monaten mit starken Unsicherheiten behaftet.",Arzneimittel-Richtlinie/Anlage XII: Tisagenlecleucel (diffus großzelliges B-Zell-Lymphom),2018-09-15-D-375,https://www.g-ba.de/bewertungsverfahren/nutzenbewertung/385/,2026-09-05,verified-from-source,Patienten: 440-700. Befristet bis 15.03.2020. Beschluss aufgehoben durch Neubewertung 15.03.2020.,decisions_gba.csv,kymriah,2018-08-23,stated by agent,2019-03-07,2017-08-30,6.4,18.2,True
Kymriah,Germany,Germany,G-BA,ALL_ped,"Kinder, Jugendliche und junge erwachsene Patienten im Alter bis einschließlich 25 Jahren mit refraktärer oder rezidivierter (Rezidiv nach Transplantation oder zweites oder späteres Rezidiv) akuter lymphatischer B-Zell-Leukämie (ALL)",2018-08-23,2020-03-15,2020-09-17,recommended-restricted,none,,"Anhaltspunkt für einen nicht quantifizierbaren Zusatznutzen, weil die wissenschaftliche Datenlage eine Quantifizierung nicht zulässt",275000.00,EUR,Jahrestherapiekosten Beschluss,"Zusammenfassend wird der Zusatznutzen von Tisagenlecleucel wie folgt bewertet: Anhaltspunkt für einen nicht quantifizierbaren Zusatznutzen, weil die wissenschaftliche Datenlage eine Quantifizierung nicht zulässt",Arzneimittel-Richtlinie/Anlage XII: Tisagenlecleucel (Neubewertung nach Fristablauf: Akute lymphatische B-Zell-Leukämie),2020-03-15-D-529,https://www.g-ba.de/bewertungsverfahren/nutzenbewertung/533/,2026-09-05,verified-from-source,Neubewertung nach Fristablauf. Patienten: 50-65. Befristet bis 01.09.2023. Preis 275.000 EUR reflektiert den verhandelten Erstattungsbetrag (Stand Lauer-Taxe 01.09.2020). Gleichzeitig QS-Beschluss CAR-T-Zellen nach § 136a Abs. 5 SGB V vom 17.09.2020.,decisions_gba.csv,kymriah,2018-08-23,stated by agent,2020-09-17,2017-08-30,24.8,36.6,True
Kymriah,Germany,Germany,G-BA,LBCL_3L,"Erwachsenen Patienten mit rezidiviertem oder refraktärem diffus großzelligen B-Zell-Lymphom (DLBCL), nach zwei oder mehr Linien einer systemischen Therapie",2018-08-23,2020-03-15,2020-09-17,recommended-restricted,none,,"Anhaltspunkt für einen nicht quantifizierbaren Zusatznutzen, weil die wissenschaftliche Datenlage eine Quantifizierung nicht zulässt",275000.00,EUR,Jahrestherapiekosten Beschluss,"Zusammenfassend wird der Zusatznutzen von Tisagenlecleucel wie folgt bewertet: Anhaltspunkt für einen nicht quantifizierbaren Zusatznutzen, weil die wissenschaftliche Datenlage eine Quantifizierung nicht zulässt Begründung: Der pharmazeutische Unternehmer stellt zu Tisagenlecleucel Daten zu der Studie JULIET; einer Studie des CIBMTR Register und einer Studie des CAR-T-Cell Consortiums dar.",Arzneimittel-Richtlinie/Anlage XII: Tisagenlecleucel (Neubewertung nach Fristablauf: Diffus großzelliges B-Zell-Lymphom),2020-03-15-D-530,https://www.g-ba.de/bewertungsverfahren/nutzenbewertung/532/,2026-09-05,verified-from-source,Neubewertung nach Fristablauf. Patienten: 450-720. Befristet bis 01.09.2023. Preis 275.000 EUR = Erstattungsbetrag-Niveau (Stand Lauer-Taxe 01.09.2020).,decisions_gba.csv,kymriah,2018-08-23,stated by agent,2020-09-17,2017-08-30,24.8,36.6,True
Kymriah,Germany,Germany,G-BA,FL_3L,Erwachsene mit rezidiviertem oder refraktärem follikulärem Lymphom (FL) nach zwei oder mehr Linien einer systemischen Therapie,2022-04-29,2022-06-01,2022-12-01,recommended-restricted,none,,"Anhaltspunkt für einen nicht-quantifizierbaren Zusatznutzen, weil die wissenschaftliche Datengrundlage eine Quantifizierung nicht zulässt",265000.00,EUR,Jahrestherapiekosten Beschluss,"Insgesamt wird der vorgelegte indirekte Vergleich zwischen den Studien ELARA und ReCORD-FL als nicht geeignet erachtet, um belastbare Aussagen zum Ausmaß des Zusatznutzens ableiten zu können. Aufgrund des einarmigen Studiendesign ist eine vergleichende Bewertung der Daten zur Mortalität nicht möglich.","Arzneimittel-Richtlinie/Anlage XII: Tisagenlecleucel (Neues Anwendungsgebiet: Follikuläres Lymphom, vorbehandelte Patienten)",2022-06-01-D-831,https://www.g-ba.de/bewertungsverfahren/nutzenbewertung/840/,2026-09-05,verified-from-source,Neues Anwendungsgebiet (EU-Zulassungserweiterung 29.04.2022). Patienten: 650-690. Befristet bis 01.09.2028. Preis Stand Lauer-Taxe 01.11.2022.,decisions_gba.csv,kymriah,2022-04-29,stated by agent,2022-12-01,2017-08-30,7.1,63.0,True
Kymriah,Germany,Germany,G-BA,ALL_ped,"Kinder, Jugendliche und junge Erwachsene im Alter bis einschließlich 25 Jahren mit refraktärer oder rezidivierter (Rezidiv nach Transplantation oder zweites oder späteres Rezidiv) akuter lymphatischer B-Zell-Leukämie (ALL)",2018-08-23,2023-09-01,2024-02-15,recommended-restricted,none,,"Anhaltspunkt für einen nicht quantifizierbaren Zusatznutzen, weil die wissenschaftliche Datengrundlage eine Quantifizierung nicht zulässt",239000.00,EUR,Jahrestherapiekosten Beschluss,"Zusammenfassend wird der Zusatznutzen von Tisagenlecleucel wie folgt bewertet: Anhaltspunkt für einen nicht quantifizierbaren Zusatznutzen, weil die wissenschaftliche Datengrundlage eine Quantifizierung nicht zulässt","Arzneimittel-Richtlinie/Anlage XII: Tisagenlecleucel (Neubewertung nach Fristablauf: Akute lymphatische B-Zell-Leukämie, rezidiviert / refraktär, 0 ≤ 25 Jahre)",2023-09-01-D-976,https://www.g-ba.de/bewertungsverfahren/nutzenbewertung/990/,2026-09-05,verified-from-source,"Zweite Neubewertung nach Fristablauf. Patienten: 40-90. Keine Befristung im Beschlusstext gefunden. Preis 239.000 EUR (Stand Lauer-Taxe 15.01.2024, Erstattungsbetrag-Niveau).",decisions_gba.csv,kymriah,2018-08-23,stated by agent,2024-02-15,2017-08-30,65.8,77.5,True
Kymriah,Germany,Germany,G-BA,LBCL_3L,"Erwachsene mit rezidiviertem oder refraktärem diffus großzelligen B-Zell-Lymphom (DLBCL), nach zwei oder mehr Linien einer systemischen Therapie",2018-08-23,2023-09-01,2024-02-15,recommended-restricted,none,,"Anhaltspunkt für einen nicht quantifizierbaren Zusatznutzen, weil die wissenschaftliche Datengrundlage eine Quantifizierung nicht zulässt",239000.00,EUR,Jahrestherapiekosten Beschluss,Begründung: Der pharmazeutische Unternehmer stellt für die erneute Nutzenbewertung nach Fristablauf zu Tisagenlecleucel Daten der einarmigen Studie JULIET und der Beobachtungsstudie A2205B (LTFU) dar.,"Arzneimittel-Richtlinie/Anlage XII: Tisagenlecleucel (Neubewertung nach Fristablauf: B-Zell-Lymphom, diffus großzelliges (DLBCL))",2023-09-01-D-977,https://www.g-ba.de/bewertungsverfahren/nutzenbewertung/991/,2026-09-05,verified-from-source,Zweite Neubewertung nach Fristablauf. Patienten: 530-1200. Keine Befristung im Beschlusstext gefunden. Preis 239.000 EUR (Stand Lauer-Taxe 15.01.2024).,decisions_gba.csv,kymriah,2018-08-23,stated by agent,2024-02-15,2017-08-30,65.8,77.5,True
Yescarta,Germany,Germany,G-BA,LBCL_3L,Erwachsene Patienten mit rezidiviertem oder refraktärem diffus großzelligem B-Zell Lymphom (DLBCL) nach zwei oder mehr systemischen Therapien,2018-08-23,2018-11-01,2019-05-02,recommended-restricted,none,,Nicht quantifizierbar (Orphan Drug: Zusatznutzen gilt als belegt),389130.00,EUR,Jahrestherapiekosten Beschluss,"Insgesamt wird für den Endpunkt Gesamtüberleben ein Zusatznutzen festgestellt, dessen Ausmaß sich nicht quantifizieren lässt. Aufgrund des einarmigen Studiendesigns ist eine vergleichende Bewertung der Studienergebnisse zum PFS nicht möglich.",Arzneimittel-Richtlinie/Anlage XII: Axicabtagen-Ciloleucel (DLBCL),2018-11-01-D-406,https://www.g-ba.de/bewertungsverfahren/nutzenbewertung/408/,2026-09-05,verified-from-source,Patienten: 440-700. Befristet bis 15.05.2022. Studie ZUMA-1 einarmig. Preis Abgabepreis pU (Stand 15.04.2019). QS-Beschluss CAR-T 17.09.2020 (§ 136a Abs. 5 SGB V) angehängt.,decisions_gba.csv,yescarta,2018-08-23,stated by agent,2019-05-02,2017-10-18,8.3,18.4,True
Yescarta,Germany,Germany,G-BA,PMBCL_3L,Erwachsene Patienten mit rezidiviertem oder refraktärem primär mediastinalen großzelligem B-Zell-Lymphom (PMBCL) nach zwei oder mehr systemischen Therapien,2018-08-23,2018-11-01,2019-05-02,recommended-restricted,none,,Nicht quantifizierbar (Orphan Drug: Zusatznutzen gilt als belegt),389130.00,EUR,Jahrestherapiekosten Beschluss,"Insgesamt wird für den Endpunkt Gesamtüberleben ein Zusatznutzen festgestellt, dessen Ausmaß sich nicht quantifizieren lässt.",Arzneimittel-Richtlinie/Anlage XII: Axicabtagen-Ciloleucel (PMBCL),2018-11-01-D-416,https://www.g-ba.de/bewertungsverfahren/nutzenbewertung/406/,2026-09-05,verified-from-source,Patienten: 5-9. Befristet bis 15.05.2022.,decisions_gba.csv,yescarta,2018-08-23,stated by agent,2019-05-02,2017-10-18,8.3,18.4,True
Yescarta,Germany,Germany,G-BA,LBCL_3L,Erwachsene mit rezidiviertem oder refraktärem diffus großzelligem B-Zell-Lymphom (DLBCL) nach zwei oder mehr systemischen Therapien,2018-08-23,2022-05-15,2022-11-03,recommended-restricted,none,,"Anhaltspunkt für einen nicht quantifizierbaren Zusatznutzen, weil die wissenschaftliche Datengrundlage eine Quantifizierung nicht zulässt",282000.00,EUR,Jahrestherapiekosten Beschluss,Für die Ableitung des Zusatznutzens legt der pharmazeutische Unternehmer einen historischen indirekten Vergleich ohne Brückenkomparator zwischen den Studien ZUMA-1 und SCHOLAR-1 vor. ... Es ergeben sich Unsicherheiten aufgrund eines möglichen Selektionseffektes durch die Auswahl der auswertbaren Population der SCHOLAR-1-Studie.,Arzneimittel-Richtlinie/Anlage XII: Axicabtagen-Ciloleucel (Neubewertung nach Fristablauf: diffus großzelliges B-Zell-Lymphom und primäres mediastinales großzelliges B-Zell-Lymphom),2022-05-15-D-820,https://www.g-ba.de/bewertungsverfahren/nutzenbewertung/833/,2026-09-05,verified-from-source,"Neubewertung nach Fristablauf. Patienten: 450-720. Keine Befristung im Beschlusstext gefunden; Beschluss aufgehoben durch Neubewertung Orphan > 30 Mio (01.07.2023). Preis 282.000 EUR (Stand Lauer-Taxe 15.10.2022, Erstattungsbetrag-Niveau).",decisions_gba.csv,yescarta,2018-08-23,stated by agent,2022-11-03,2017-10-18,50.4,60.5,True
Yescarta,Germany,Germany,G-BA,PMBCL_3L,Erwachsene mit rezidiviertem oder refraktärem primär mediastinalen großzelligen B-Zell-Lymphom (PMBCL) nach zwei oder mehr systemischen Therapien,2018-08-23,2022-05-15,2022-11-03,recommended-restricted,none,,"Anhaltspunkt für einen nicht quantifizierbaren Zusatznutzen, weil die wissenschaftliche Datengrundlage eine Quantifizierung nicht zulässt",282000.00,EUR,Jahrestherapiekosten Beschluss,"Anhaltspunkt für einen nicht quantifizierbaren Zusatznutzen, weil die wissenschaftliche Datengrundlage eine Quantifizierung nicht zulässt.",Arzneimittel-Richtlinie/Anlage XII: Axicabtagen-Ciloleucel (Neubewertung nach Fristablauf: diffus großzelliges B-Zell-Lymphom und primäres mediastinales großzelliges B-Zell-Lymphom),2022-05-15-D-820,https://www.g-ba.de/bewertungsverfahren/nutzenbewertung/833/,2026-09-05,verified-from-source,Patienten: 5-9.,decisions_gba.csv,yescarta,2018-08-23,stated by agent,2022-11-03,2017-10-18,50.4,60.5,True
Yescarta,Germany,Germany,G-BA,LBCL_3L,"Erwachsene mit rezidiviertem oder refraktärem (r/r) diffus großzelligem B-Zell-Lymphom (DLBCL) und primär mediastinalem großzelligem B-Zell-Lymphom (PMBCL) nach zwei oder mehr systemischen Therapien, die für eine CAR-T-Zelltherapie oder Stammzelltransplantation infrage kommen",2018-08-23,2023-07-01,2023-12-21,not-recommended,none,,Ein Zusatznutzen ist nicht belegt,272000.00,EUR,Jahrestherapiekosten Beschluss,Zusammenfassend wird der Zusatznutzen von Axicabtagen-Ciloleucel wie folgt bewertet: Ein Zusatznutzen ist nicht belegt.,"Arzneimittel-Richtlinie/Anlage XII: Axicabtagen-Ciloleucel (Neubewertung eines Orphan Drugs nach Überschreitung der 30 Mio. Euro Grenze: diffus großzelliges B-Zell-Lymphom und primäres mediastinales großzelliges B-Zell-Lymphom, nach mind. 2 Vortherapien)",2023-07-01-D-953,https://www.g-ba.de/bewertungsverfahren/nutzenbewertung/968/,2026-09-05,verified-from-source,Neubewertung nach Überschreitung der 30-Mio-EUR-Umsatzgrenze (Orphan-Privileg entfällt); zVT Tisagenlecleucel oder Lisocabtagen maraleucel. Patienten: 680-1200. Befristet bis 01.07.2024 (Befristung aufgehoben durch Beschluss 06.06.2024). Preis 272.000 EUR.,decisions_gba.csv,yescarta,2018-08-23,stated by agent,2023-12-21,2017-10-18,63.9,74.1,True
Yescarta,Germany,Germany,G-BA,LBCL_3L,Erwachsene mit rezidiviertem oder refraktärem (r/r) diffus großzelligem B-Zell-Lymphom (DLBCL) und primär mediastinalem großzelligem B-Zell-Lymphom (PMBCL) nach zwei oder mehr systemischen Therapien,2018-08-23,2023-07-01,2024-06-06,not-recommended,none,,(Aufhebung der Befristung; Zusatznutzen-Feststellung vom 21.12.2023 unverändert: Ein Zusatznutzen ist nicht belegt),,,,Der Satz „2. Die Geltungsdauer ist bis zum 1. Juli 2024 befristet“ wird aufgehoben.,"Arzneimittel-Richtlinie/Anlage XII: Axicabtagen Ciloleucel (DLBCL und PMBCL, nach mind. 2 Vortherapien) – Aufhebung der Befristung der Geltungsdauer",2023-07-01-D-953,https://www.g-ba.de/bewertungsverfahren/nutzenbewertung/968/,2026-09-05,verified-from-source,Änderungsbeschluss; in Kraft 07.06.2024.,decisions_gba.csv,yescarta,2018-08-23,stated by agent,2024-06-06,2017-10-18,69.4,79.6,True
Yescarta,Germany,Germany,G-BA,LBCL_2L,"Erwachsene mit diffus großzelligem B-Zell-Lymphom (DLBCL) und hochmalignem B-Zell-Lymphom (HGBL), die für eine Hochdosistherapie infrage kommen und innerhalb von 12 Monaten nach Beendigung der Erstlinientherapie rezidivieren oder auf diese refraktär sind",2022-10-14,2023-07-01,2023-12-21,recommended-restricted,none,,Anhaltspunkt für einen nicht-quantifizierbaren Zusatznutzen,272000.00,EUR,Jahrestherapiekosten Beschluss,"(TrG:) die vom pharmazeutischen Unternehmer vorgelegten Auswertungen zu unerwünschten Ereignissen aus der pivotalen Studie ZUMA-7 für die Nutzenbewertung aufgrund einer nicht sachgerechten Auswertungspopulation für die dargelegten Ergebnisse zu Nebenwirkungen nicht geeignet waren, weshalb eine Abwägung von Nutzen und Schaden für Axicabtagen-Ciloleucel auf Basis der vorgelegten Daten nicht möglich gewesen war.","Arzneimittel-Richtlinie/Anlage XII: Axicabtagen-Ciloleucel (Neues Anwendungsgebiet: DLBCL, HGBL, nach 1 Vortherapie, Rezidiv innerhalb von 12 Monaten oder refraktär)",2023-07-01-D-890,https://www.g-ba.de/bewertungsverfahren/nutzenbewertung/901/,2026-09-05,verified-from-source,Patientengruppe a). Patienten: 800-1130. Feststellungen zu Gruppe a) befristet bis 01.07.2024. zVT: Induktion R-GDP/R-ICE/R-DHAP + Hochdosistherapie mit autologer/allogener SZT (ZUMA-7). Verfahren war 02.02.2023 bis Dossiervorlage ausgesetzt (Überschreitung 30 Mio EUR).,decisions_gba.csv,yescarta,2022-10-14,stated by agent,2023-12-21,2017-10-18,14.2,74.1,True
Yescarta,Germany,Germany,G-BA,LBCL_2L,"Erwachsene mit diffus großzelligem B-Zell-Lymphom (DLBCL) und hochmalignem B-Zell-Lymphom (HGBL), die für eine Hochdosistherapie nicht infrage kommen und innerhalb von 12 Monaten nach Beendigung der Erstlinientherapie rezidivieren oder auf diese refraktär sind",2022-10-14,2023-07-01,2023-12-21,not-recommended,none,,Ein Zusatznutzen ist nicht belegt,272000.00,EUR,Jahrestherapiekosten Beschluss,Ausmaß und Wahrscheinlichkeit des Zusatznutzens von Axicabtagen-Ciloleucel gegenüber der zweckmäßigen Vergleichstherapie: Ein Zusatznutzen ist nicht belegt.,"Arzneimittel-Richtlinie/Anlage XII: Axicabtagen-Ciloleucel (Neues Anwendungsgebiet: DLBCL, HGBL, nach 1 Vortherapie, Rezidiv innerhalb von 12 Monaten oder refraktär)",2023-07-01-D-890,https://www.g-ba.de/bewertungsverfahren/nutzenbewertung/901/,2026-09-05,verified-from-source,Patientengruppe b). Patienten: 800-1130. zVT Polatuzumab+BR / Tafasitamab+Lenalidomid; keine Daten.,decisions_gba.csv,yescarta,2022-10-14,stated by agent,2023-12-21,2017-10-18,14.2,74.1,True
Yescarta,Germany,Germany,G-BA,LBCL_2L,"Erwachsene mit diffus großzelligem B-Zell-Lymphom (DLBCL) und hochmalignem B-Zell-Lymphom (HGBL), die für eine Hochdosistherapie infrage kommen und innerhalb von 12 Monaten nach Beendigung der Erstlinientherapie rezidivieren oder auf diese refraktär sind",2022-10-14,2024-07-01,2024-12-19,recommended,none,,Anhaltspunkt für einen geringen Zusatznutzen,272000.00,EUR,Jahrestherapiekosten Beschluss,Ausmaß und Wahrscheinlichkeit des Zusatznutzens von Axicabtagen-Ciloleucel gegenüber der zweckmäßigen Vergleichstherapie: Anhaltspunkt für einen geringen Zusatznutzen.,"Arzneimittel-Richtlinie/Anlage XII: Axicabtagen-Ciloleucel (Neubewertung nach Fristablauf: DLBCL, HGBL, nach 1 Vortherapie, Rezidiv innerhalb von 12 Monaten oder refraktär)",2024-07-01-D-1078,https://www.g-ba.de/bewertungsverfahren/nutzenbewertung/1097/,2026-09-05,verified-from-source,Neubewertung nach Fristablauf für Gruppe a) mit nachgereichten ZUMA-7-Sicherheitsdaten. Patienten: 800-1130. Erste positive Quantifizierung eines CAR-T-Zusatznutzens für Yescarta in Deutschland.,decisions_gba.csv,yescarta,2022-10-14,stated by agent,2024-12-19,2017-10-18,26.2,86.0,True
Yescarta,Germany,Germany,G-BA,FL_4L,Erwachsene mit rezidiviertem oder refraktärem follikulärem Lymphom nach drei oder mehr systemischen Therapien,2022-06-21,2023-07-01,2023-12-21,not-recommended,none,,Ein Zusatznutzen ist nicht belegt,272000.00,EUR,Jahrestherapiekosten Beschluss,Zusammenfassend wird der Zusatznutzen von Axicabtagen-Ciloleucel wie folgt bewertet: Erwachsene mit rezidiviertem oder refraktärem follikulärem Lymphom nach drei oder mehr systemischen Therapien Ein Zusatznutzen ist nicht belegt.,"Arzneimittel-Richtlinie/Anlage XII: Axicabtagen-Ciloleucel (Neues Anwendungsgebiet: follikuläres Lymphom, nach ≥ 3 Vortherapien)",2023-07-01-D-889,https://www.g-ba.de/bewertungsverfahren/nutzenbewertung/902/,2026-09-05,verified-from-source,Patienten: 60-270. Befristet bis 01.07.2024 (Befristung aufgehoben 06.06.2024). Verfahren 02.02.2023 ausgesetzt wegen Überschreitung 30 Mio EUR. ZUMA-5 einarmig.,decisions_gba.csv,yescarta,2022-06-21,stated by agent,2023-12-21,2017-10-18,18.0,74.1,True
Yescarta,Germany,Germany,G-BA,FL_4L,Erwachsene mit rezidiviertem oder refraktärem follikulärem Lymphom nach drei oder mehr systemischen Therapien,2022-06-21,2023-07-01,2024-06-06,not-recommended,none,,(Aufhebung der Befristung; Feststellung vom 21.12.2023 unverändert: Ein Zusatznutzen ist nicht belegt),,,,Der Satz „2. Die Geltungsdauer ist bis zum 1. Juli 2024 befristet“ wird aufgehoben.,"Arzneimittel-Richtlinie/Anlage XII: Axicabtagen Ciloleucel (Follikuläres Lymphom, nach ≥ 3 Vortherapien) – Aufhebung der Befristung der Geltungsdauer",2023-07-01-D-889,https://www.g-ba.de/bewertungsverfahren/nutzenbewertung/902/,2026-09-05,verified-from-source,Änderungsbeschluss; in Kraft 07.06.2024.,decisions_gba.csv,yescarta,2022-06-21,stated by agent,2024-06-06,2017-10-18,23.5,79.6,True
Tecartus,Germany,Germany,G-BA,MCL_3L,"Erwachsene Patienten mit rezidiviertem oder refraktärem Mantelzell-Lymphom (MCL) nach zwei oder mehr systemischen Therapien, die einen Bruton-Tyrosinkinase-(BTK-)Inhibitor einschließen",2020-12-14,2021-02-15,2021-08-05,recommended-restricted,outcomes-based,"Anwendungsbegleitende Datenerhebung (AbD 2021-AbD-008): Verfahren eingeleitet 07.10.2021, Forderung der AbD Beschluss 21.07.2022, Beginn der AbD 21.08.2023, erneute Nutzenbewertung vorgesehen 21.07.2028. Kein Erstattungsbetrag/Preisarrangement veröffentlicht; Kategorie folgt der Vorgabe AbD-gebunden = outcomes-based.","Anhaltspunkt für einen nicht-quantifizierbaren Zusatznutzen, weil die wissenschaftliche Datengrundlage eine Quantifizierung nicht zulässt",360000.00,EUR,Jahrestherapiekosten Beschluss,"Begründung: Zur Bewertung des Zusatznutzens hat der pharmazeutische Unternehmer Daten der einarmigen pivotalen Zulassungsstudie ZUMA-2 dargelegt. Insgesamt liegen dem indirekten Vergleich zwischen den Studien ZUMA-2 und SCHOLAR-2 erhebliche Unsicherheiten zugrunde, die insbesondere aus der Frage einer hinreichenden Vergleichbarkeit der Studienpopulationen und der geringen Stichprobengröße der Studie SCHOLAR-2 resultieren.","Arzneimittel-Richtlinie/Anlage XII: Brexucabtagen-Autoleucel/Autologe Anti-CD19-transduzierte CD3-positive Zellen (Mantelzell-Lymphom, vorbehandelte Patienten)",2021-02-15-D-633,https://www.g-ba.de/bewertungsverfahren/nutzenbewertung/657/,2026-09-05,verified-from-source,Patienten: 105-150. Keine Befristung im Beschlusstext gefunden; Neubewertung an AbD gekoppelt. Preis Abgabepreis pU. ATMP-QS-RL Anlage I (CAR-T) gilt.,decisions_gba.csv,tecartus,2020-12-14,stated by agent,2021-08-05,2020-07-24,7.7,12.4,True
Tecartus,Germany,Germany,G-BA,ALL_adult,Erwachsene ab einem Alter von 26 Jahren mit rezidivierter oder refraktärer B-Zell-Vorläufer akuter lymphatischer Leukämie (ALL),2022-09-02,2022-10-01,2023-03-16,recommended-restricted,none,"AbD-Beratungsverfahren 2022-AbD-008 eingeleitet 03.11.2022, eingestellt 20.07.2023 (keine AbD gefordert; Nicht-Änderung der AM-RL zur Beschränkung der Versorgungsbefugnis 20.07.2023).","Anhaltspunkt für einen nicht quantifizierbaren Zusatznutzen, da die wissenschaftliche Datengrundlage eine Quantifizierung nicht zulässt",282000.00,EUR,Jahrestherapiekosten Beschluss,In der Gesamtschau weist der vorgelegte indirekte Vergleich erhebliche Unsicherheiten auf. Aufgrund des einarmigen Studiendesigns ist eine vergleichende Bewertung der Daten zum Gesamtüberleben nicht möglich.,"Arzneimittel-Richtlinie/Anlage XII: Brexucabtagen-Autoleucel (Neues Anwendungsgebiet: rezidivierte oder refraktäre B-Zell-Vorläufer akute lymphatische Leukämie, ab 26 Jahren)",2022-10-01-D-875,https://www.g-ba.de/bewertungsverfahren/nutzenbewertung/878/,2026-09-05,verified-from-source,"Patienten: 81-200. Keine Befristung gefunden. Preis 282.000 EUR (Stand Lauer-Taxe 01.03.2023, Erstattungsbetrag-Niveau). ZUMA-3 einarmig.",decisions_gba.csv,tecartus,2022-09-02,stated by agent,2023-03-16,2020-07-24,6.4,31.7,True
Breyanzi,Germany,Germany,G-BA,LBCL_3L,"Erwachsene mit rezidiviertem oder refraktärem diffus großzelligen B-Zell-Lymphom (DLBCL), primär mediastinalem großzelligen B-Zell-Lymphom (PMBCL) und follikulärem Lymphom Grad 3B (FL3B) nach zwei oder mehr Linien einer systemischen Therapie",2022-04-04,2022-09-01,2023-04-06,not-recommended,none,,Ein Zusatznutzen ist nicht belegt,345000.00,EUR,Jahrestherapiekosten Beschluss,Zusammenfassend wird der Zusatznutzen von Lisocabtagen maraleucel wie folgt bewertet: Ein Zusatznutzen ist nicht belegt.,"Arzneimittel-Richtlinie/Anlage XII: Lisocabtagen maraleucel (DLBCL, PMBCL und FL3B, nach ≥ 2 Vortherapien)",2022-09-01-D-867,https://www.g-ba.de/bewertungsverfahren/nutzenbewertung/869/,2026-09-05,verified-from-source,Kein Orphan Drug: regulärer Vergleich gegen patientenindividuelle zVT (TRANSCEND einarmig). Patienten: 1420-1980. Befristet bis 15.10.2023 (aufgehoben 01.06.2023). Verfahren 01.12.2022 für 6 Wochen 4 Tage ausgesetzt (zVT-Änderung).,decisions_gba.csv,breyanzi,2022-04-04,stated by agent,2023-04-06,2021-02-05,12.1,26.0,True
Breyanzi,Germany,Germany,G-BA,LBCL_3L,"Erwachsene mit rezidiviertem oder refraktärem DLBCL, PMBCL und FL3B nach zwei oder mehr Linien einer systemischen Therapie",2022-04-04,2022-09-01,2023-06-01,not-recommended,none,,(Aufhebung der Befristung; Feststellung vom 06.04.2023 unverändert: Ein Zusatznutzen ist nicht belegt),,,,Der Satz „2. Die Geltungsdauer des Beschlusses ist bis zum 15. Oktober 2023 befristet.“ wird aufgehoben.,"Arzneimittel-Richtlinie/Anlage XII: Lisocabtagen maraleucel (DLBCL, PMBCL, FL3B, nach ≥ 2 Vortherapien) – Änderung der Befristung der Geltungsdauer",2022-09-01-D-867,https://www.g-ba.de/bewertungsverfahren/nutzenbewertung/869/,2026-09-05,verified-from-source,Änderungsbeschluss.,decisions_gba.csv,breyanzi,2022-04-04,stated by agent,2023-06-01,2021-02-05,13.9,27.8,True
Breyanzi,Germany,Germany,G-BA,LBCL_2L,"Erwachsene mit diffus großzelligem B-Zell-Lymphom (DLBCL), high-grade B-Zell-Lymphom (HGBCL), primär mediastinalem großzelligem B-Zell-Lymphom (PMBCL) und follikulärem Lymphom Grad 3b (FL3B), die für eine Hochdosistherapie infrage kommen und innerhalb von 12 Monaten nach Beendigung der Erstlinientherapie rezidivieren oder auf diese refraktär sind",2023-04-28,2023-06-01,2023-11-16,recommended,none,,Anhaltspunkt für einen beträchtlichen Zusatznutzen,345000.00,EUR,Jahrestherapiekosten Beschluss,"Ausmaß und Wahrscheinlichkeit des Zusatznutzens von Lisocabtagen maraleucel gegenüber einer Induktionstherapie mit R-GDP, R-ICE oder R-DHAP gefolgt von einer Hochdosistherapie mit autologer Stammzelltransplantation: Anhaltspunkt für einen beträchtlichen Zusatznutzen","Arzneimittel-Richtlinie/Anlage XII: Lisocabtagen maraleucel (Neues Anwendungsgebiet: DLBCL, HGBL, PMBCL und FL3B, nach 1 Vortherapie, Rezidiv innerhalb von 12 Monaten oder refraktär)",2023-06-01-D-951,https://www.g-ba.de/bewertungsverfahren/nutzenbewertung/960/,2026-09-05,verified-from-source,Patientengruppe a). Patienten: 835-1180. Basis TRANSFORM (RCT). Keine Befristung gefunden.,decisions_gba.csv,breyanzi,2023-04-28,stated by agent,2023-11-16,2021-02-05,6.6,33.3,True
Breyanzi,Germany,Germany,G-BA,LBCL_2L,"Erwachsene mit DLBCL, HGBCL und FL3B, die für eine Hochdosistherapie nicht infrage kommen und innerhalb von 12 Monaten nach Beendigung der Erstlinientherapie rezidivieren oder auf diese refraktär sind",2023-04-28,2023-06-01,2023-11-16,not-recommended,none,,Ein Zusatznutzen ist nicht belegt,345000.00,EUR,Jahrestherapiekosten Beschluss,Ausmaß und Wahrscheinlichkeit des Zusatznutzens von Lisocabtagen maraleucel gegenüber der zweckmäßigen Vergleichstherapie: Ein Zusatznutzen ist nicht belegt.,Arzneimittel-Richtlinie/Anlage XII: Lisocabtagen maraleucel (Neues Anwendungsgebiet: ... nach 1 Vortherapie),2023-06-01-D-951,https://www.g-ba.de/bewertungsverfahren/nutzenbewertung/960/,2026-09-05,verified-from-source,Patientengruppe b1). Patienten: 820-1150.,decisions_gba.csv,breyanzi,2023-04-28,stated by agent,2023-11-16,2021-02-05,6.6,33.3,True
Breyanzi,Germany,Germany,G-BA,PMBCL_2L,"Erwachsene mit primär mediastinalem großzelligem B-Zell-Lymphom (PMBCL), die für eine Hochdosistherapie nicht infrage kommen und innerhalb von 12 Monaten nach Beendigung der Erstlinientherapie rezidivieren oder auf diese refraktär sind",2023-04-28,2023-06-01,2023-11-16,not-recommended,none,,Ein Zusatznutzen ist nicht belegt,345000.00,EUR,Jahrestherapiekosten Beschluss,Ein Zusatznutzen ist nicht belegt.,Arzneimittel-Richtlinie/Anlage XII: Lisocabtagen maraleucel (Neues Anwendungsgebiet: ... nach 1 Vortherapie),2023-06-01-D-951,https://www.g-ba.de/bewertungsverfahren/nutzenbewertung/960/,2026-09-05,verified-from-source,Patientengruppe b2). Patienten: 20-25.,decisions_gba.csv,breyanzi,2023-04-28,stated by agent,2023-11-16,2021-02-05,6.6,33.3,True
Breyanzi,Germany,Germany,G-BA,FL_3L,Erwachsene mit rezidiviertem oder refraktärem follikulärem Lymphom nach mindestens zwei Linien einer systemischen Therapie,2025-03-12,2025-04-15,2025-10-02,not-recommended,none,,Ein Zusatznutzen ist nicht belegt,227500.00,EUR,Jahrestherapiekosten Beschluss,Zusammenfassend wird der Zusatznutzen von Lisocabtagen maraleucel wie folgt bewertet: Erwachsene mit rezidiviertem oder refraktärem follikulärem Lymphom nach mindestens zwei Linien einer systemischen Therapie Ein Zusatznutzen ist nicht belegt.,"Arzneimittel-Richtlinie/Anlage XII: Lisocabtagen maraleucel (Neues Anwendungsgebiet: follikuläres Lymphom, nach ≥ 2 Vortherapien)",2025-04-15-D-1196,https://www.g-ba.de/bewertungsverfahren/nutzenbewertung/1200/,2026-09-05,verified-from-source,Patienten: 370-840. Preis 227.500 EUR (Erstattungsbetrag-Niveau).,decisions_gba.csv,breyanzi,2025-03-12,stated by agent,2025-10-02,2021-02-05,6.7,55.8,True
Breyanzi,Germany,Germany,G-BA,MCL_3L,"Erwachsene mit rezidiviertem oder refraktärem Mantelzell-Lymphom (MCL) nach mindestens zwei Linien einer systemischen Therapie, einschließlich eines Bruton-Tyrosinkinase (BTK)-Inhibitors",2025-11-21,2025-12-15,2026-06-04,not-recommended,none,,Ein Zusatznutzen ist nicht belegt,224500.00,EUR,Jahrestherapiekosten Beschluss,Zusammenfassend wird der Zusatznutzen von Lisocabtagen maraleucel wie folgt bewertet: ... Ein Zusatznutzen ist nicht belegt.,"Arzneimittel-Richtlinie/Anlage XII: Lisocabtagen maraleucel (Neues Anwendungsgebiet: Mantelzell-Lymphom, nach ≥ 2 Vortherapien)",2025-12-15-D-1279,https://www.g-ba.de/bewertungsverfahren/nutzenbewertung/1295/,2026-09-05,verified-from-source,Patienten: 105-150. Preis 224.500 EUR.,decisions_gba.csv,breyanzi,2025-11-21,stated by agent,2026-06-04,2021-02-05,6.4,63.9,True
Abecma,Germany,Germany,G-BA,MM_4L,"Erwachsene mit rezidiviertem und refraktärem multiplen Myelom, die mindestens drei vorausgegangene Therapien, einschließlich eines Immunmodulators, eines Proteasominhibitors und eines Anti-CD38-Antikörpers, erhalten und unter der letzten Therapie eine Krankheitsprogression gezeigt haben",2021-08-18,2022-01-01,2022-06-16,recommended-restricted,none,,"Anhaltspunkt für einen nicht-quantifizierbaren Zusatznutzen, weil die wissenschaftliche Datengrundlage eine Quantifizierung nicht zulässt",350000.00,EUR,Jahrestherapiekosten Beschluss,"Fazit zu den indirekten Vergleichen zur Wirksamkeit In der Gesamtschau kann nicht mit hinreichender Sicherheit davon ausgegangen werden, dass für die relevanten Patientenkohorten der Studien NDS-MM-003, PREAMBLE und MM-007 eine Strukturgleichheit zu der Patientenpopulation der Studie KarMMa vorliegt. Aufgrund des einarmigen Studiendesigns ist eine vergleichende Bewertung der Ergebnisse zum Gesamtüberleben nicht möglich.","Arzneimittel-Richtlinie/Anlage XII: Idecabtagen vicleucel (Multiples Myelom, mind. 3 Vortherapien)",2022-01-01-D-779,https://www.g-ba.de/bewertungsverfahren/nutzenbewertung/781/,2026-09-05,verified-from-source,Patienten: 1200-1300. Keine Befristung gefunden. Preis Abgabepreis pU. Aufgehoben durch Neubewertung Orphan > 30 Mio (01.04.2024).,decisions_gba.csv,abecma,2021-08-18,stated by agent,2022-06-16,2021-03-26,9.9,14.7,True
Abecma,Germany,Germany,G-BA,MM_4L,"Multiples Myelom, mind. 3 Vortherapien (Neubewertung Orphan > 30 Mio)",2021-08-18,2024-03-01,2024-05-02,terminated-or-withdrawn,none,,(Verfahren eingestellt),,,,wird das zum 1. März 2024 separat begonnene Nutzenbewertungsverfahren zu Idecabtagen Vicleucel im Anwendungsgebiet multiples Myelom nach mind. 3 Vortherapien eingestellt.,Arzneimittel-Richtlinie/Anlage XII: Idecabtagen Vicleucel (Neubewertung eines Orphan Drugs nach Überschreitung der 30 Mio. Euro Grenze) – Einstellung eines Verfahrens zur Nutzenbewertung,2024-03-01-D-1043,https://www.g-ba.de/bewertungsverfahren/nutzenbewertung/1065/,2026-09-05,verified-from-source,Verfahrenstechnische Einstellung; Fragestellung in Verfahren 2024-04-01-D-1057 überführt.,decisions_gba.csv,abecma,2021-08-18,stated by agent,2024-05-02,2021-03-26,32.5,37.2,True
Abecma,Germany,Germany,G-BA,MM_3L,"Erwachsene mit rezidiviertem und refraktärem multiplen Myelom, die mindestens zwei Vortherapien erhalten haben und unter der letzten Therapie eine Krankheitsprogression gezeigt haben; Vorbehandlung umfasst einen Immunmodulator, einen Proteasominhibitor und einen Anti-CD-38-Antikörper",2024-03-19,2024-04-01,2024-09-19,not-recommended,none,,Ein Zusatznutzen ist nicht belegt,240000.00,EUR,Jahrestherapiekosten Beschluss,In der Gesamtschau der Ergebnisse zu Nebenwirkungen liegt ein Nachteil für Idecabtagen vicleucel im Vergleich zur patientenindividuellen Therapie vor. Ausmaß und Wahrscheinlichkeit des Zusatznutzens ... Ein Zusatznutzen ist nicht belegt.,"Arzneimittel-Richtlinie/Anlage XII: Idecabtagen vicleucel (Neubewertung eines Orphan Drugs nach Überschreitung der 30 Millionen Euro-Grenze: MM, mind. 3 Vortherapien; neues Anwendungsgebiet: MM, mind. 2 Vortherapien)",2024-04-01-D-1057,https://www.g-ba.de/bewertungsverfahren/nutzenbewertung/1068/,2026-09-05,verified-from-source,Patienten: 4900-5250. Basis KarMMa-3 (RCT). Preis 240.000 EUR (Erstattungsbetrag-Niveau). Redaktioneller Änderungsbeschluss 19.12.2024 (zVT-Präzisierung Panobinostat).,decisions_gba.csv,abecma,2024-03-19,stated by agent,2024-09-19,2021-03-26,6.0,41.8,True
Carvykti,Germany,Germany,G-BA,MM_4L,"Erwachsene Patienten mit rezidiviertem und refraktärem multiplen Myelom, die zuvor bereits mindestens drei Therapien erhalten haben, darunter einen Immunmodulator, einen Proteasominhibitor sowie einen Anti-CD38-Antikörper, und die während der letzten Therapie eine Krankheitsprogression zeigten",2022-05-25,2023-02-15,2023-08-17,recommended-restricted,none,,"Anhaltspunkt für einen nicht quantifizierbaren Zusatznutzen, weil die wissenschaftliche Datengrundlage eine Quantifizierung nicht zulässt",420000.00,EUR,Jahrestherapiekosten Beschluss,"Begründung: Für die Bewertung des Zusatznutzens von Ciltacabtagen autoleucel im Anwendungsgebiet rezidiviertes und refraktäres Multiples Myelom (≥ 3 Vortherapien) wurden vom pharmazeutischen Unternehmer im Dossier Daten der einarmigen, offenen Phase Ib/II-Studie CARTITUDE-1 vorgelegt.","Arzneimittel-Richtlinie/Anlage XII: Ciltacabtagen autoleucel (rezidiviertes / refraktäres Multiples Myelom, nach mind. 3 Vortherapien)",2023-02-15-D-919,https://www.g-ba.de/bewertungsverfahren/nutzenbewertung/924/,2026-09-05,verified-from-source,Patienten: 1210-1310. Befristet bis 01.07.2026. Verfahrensbeginn 15.02.2023 (Markteinführung ~9 Monate nach EU-Zulassung). Preis Abgabepreis pU. Aufgehoben durch Verfahren 01.12.2024.,decisions_gba.csv,carvykti,2022-05-25,stated by agent,2023-08-17,2022-02-28,14.8,17.6,True
Carvykti,Germany,Germany,G-BA,MM_2L,"Erwachsene mit rezidiviertem und refraktärem multiplen Myelom, die ein bis drei vorhergehende Therapien erhalten haben, während der letzten Therapie eine Krankheitsprogression gezeigt haben und refraktär gegenüber Lenalidomid sind; Vorbehandlung umfasst einen Immunmodulator und einen Proteasom-Inhibitor",2024-04-19,2024-12-01,2025-05-15,recommended,none,,Anhaltspunkt für einen beträchtlichen Zusatznutzen,285000.00,EUR,Jahrestherapiekosten Beschluss,Ausmaß und Wahrscheinlichkeit des Zusatznutzens von Ciltacabtagen autoleucel gegenüber DPd oder PVd: a1) ... Anhaltspunkt für einen beträchtlichen Zusatznutzen.,"Arzneimittel-Richtlinie/Anlage XII: Ciltacabtagen autoleucel (Neues Anwendungsgebiet / Neubewertung Orphan > 30 Mio: Multiples Myelom, nach mind. 1 Vortherapie, refraktär gegenüber Lenalidomid)",2024-12-01-D-1074,https://www.g-ba.de/bewertungsverfahren/nutzenbewertung/1088/,2026-09-05,verified-from-source,Patientengruppe a1). Patienten: 1180-2460. Basis CARTITUDE-4 (RCT). Verfahren 18.07.2024 ausgesetzt (Überschreitung 30 Mio EUR) bis Dossiervorlage 01.12.2024. Preis 285.000 EUR (Erstattungsbetrag-Niveau).,decisions_gba.csv,carvykti,2024-04-19,stated by agent,2025-05-15,2022-02-28,12.8,38.5,True
Carvykti,Germany,Germany,G-BA,MM_5L,"Erwachsene mit rezidiviertem und refraktärem multiplen Myelom, die mindestens vier vorhergehende Therapien erhalten haben, während der letzten Therapie eine Krankheitsprogression gezeigt haben und refraktär gegenüber Lenalidomid sind; Vorbehandlung umfasst einen Immunmodulator und einen Proteasom-Inhibitor",2024-04-19,2024-12-01,2025-05-15,not-recommended,none,,Ein Zusatznutzen ist nicht belegt,285000.00,EUR,Jahrestherapiekosten Beschluss,a2) ... Ein Zusatznutzen ist nicht belegt.,Arzneimittel-Richtlinie/Anlage XII: Ciltacabtagen autoleucel (Neues Anwendungsgebiet / Neubewertung Orphan > 30 Mio),2024-12-01-D-1074,https://www.g-ba.de/bewertungsverfahren/nutzenbewertung/1088/,2026-09-05,verified-from-source,Patientengruppe a2). Patienten: 1100-1180.,decisions_gba.csv,carvykti,2024-04-19,stated by agent,2025-05-15,2022-02-28,12.8,38.5,True
Zolgensma,Germany,Germany,G-BA,SMA,"Patienten mit 5q-assoziierter spinaler Muskelatrophie (SMA) mit einer biallelischen Mutation im SMN1-Gen und einer klinisch diagnostizierten Typ-1-SMA, oder Patienten mit 5q-assoziierter SMA mit einer biallelischen Mutation im SMN1-Gen und bis zu 3 Kopien des SMN2-Gens",2020-05-18,2020-07-01,2020-12-03,terminated-or-withdrawn,none,,(Aussetzung der Beschlussfassung nach Überschreitung der 50-Mio-EUR-Umsatzgrenze),,,,Nach Überschreitung der 50 Millionen Euro Umsatzgrenze für Orphan Drugs für das Fertigarzneimittel Zolgensma mit dem Wirkstoff Onasemnogen-Abeparvovec wird die Beschlussfassung zur Nutzenbewertung von Zolgensma nach § 35a Abs. 3 Satz 1 SGB V vorläufig bis zum Vorliegen einer Nutzenbewertung des IQWiG ... ausgesetzt.,Arzneimittel-Richtlinie/Anlage XII: Onasemnogen Abeparvovec – Aussetzung der Beschlussfassung zur Nutzenbewertung,2020-07-01-D-549,https://www.g-ba.de/bewertungsverfahren/nutzenbewertung/561/,2026-09-05,verified-from-source,Orphan-Verfahren ohne Zusatznutzen-Beschluss beendet (Verfahrensstatus: ausgesetzt); Fragestellung in Verfahren 2021-05-15-D-679 fortgeführt. QS-Beschluss § 136a Abs. 5 SGB V Onasemnogen-Abeparvovec 20.11.2020.,decisions_gba.csv,zolgensma,2020-05-18,stated by agent,2020-12-03,2019-05-24,6.5,18.4,True
Zolgensma,Germany,Germany,G-BA,SMA,5q-assoziierte spinale Muskelatrophie (alle Patientengruppen des Anwendungsgebiets),2020-05-18,2020-07-16,2021-02-04,recommended-restricted,outcomes-based,"Forderung einer anwendungsbegleitenden Datenerhebung und von Auswertungen (2020-AbD-001, erster AbD-Beschluss des G-BA) mit gleichzeitigem Beschluss zur Beschränkung der Versorgungsbefugnis nach § 35a Abs. 3b SGB V vom 04.02.2021 (BAnz AT 19.04.2021 B3); Beginn der AbD 01.02.2022; erneute Nutzenbewertung vorgesehen 01.07.2027. Kein Preisarrangement veröffentlicht.","(AbD-Beschluss, keine Zusatznutzen-Kategorie)",,,,Forderung einer anwendungsbegleitenden Datenerhebung und von Auswertungen – Onasemnogen-Abeparvovec (Spinale Muskelatrophie),Arzneimittel-Richtlinie/Anlage XII: Forderung einer anwendungsbegleitenden Datenerhebung und von Auswertungen – Onasemnogen-Abeparvovec,2020-AbD-001,https://www.g-ba.de/anwendungsbegleitende-datenerhebung-verfahren/1/,2026-09-05,verified-from-source,"Einleitung des AbD-Verfahrens 16.07.2020; Änderungen 20.01.2022, 21.09.2023, 06.06.2024; Überprüfungen 04.08.2022, 04.02.2024, 04.08.2025. Status: Datenerhebung laufend (SMArtCARE-Register).",decisions_gba.csv,zolgensma,2020-05-18,stated by agent,2021-02-04,2019-05-24,8.6,20.4,True
Zolgensma,Germany,Germany,G-BA,SMA_type1,Patientinnen und Patienten mit 5q-assoziierter spinaler Muskelatrophie (5q-SMA) Typ 1,2020-05-18,2021-05-15,2021-11-04,not-recommended,outcomes-based,"AbD 2020-AbD-001 läuft (siehe AbD-Zeile); Beschluss nicht befristet, erneute Nutzenbewertung nach AbD 01.07.2027.",Ein Zusatznutzen ist nicht belegt,2314550.00,EUR,Jahrestherapiekosten Beschluss,Die vorgelegten Vergleiche einzelner Arme aus verschiedenen Studien zwischen Onasemnogen-Abeparvovec und Nusinersen sind aufgrund der großen Unsicherheiten für die Nutzenbewertung von Onasemnogen-Abeparvovec ungeeignet und können entsprechend nicht für die Ableitung eines Zusatznutzens herangezogen werden.,Arzneimittel-Richtlinie/Anlage XII: Onasemnogen-Abeparvovec (Überschreitung 50 Mio. € Grenze: Spinale Muskelatrophie),2021-05-15-D-679,https://www.g-ba.de/bewertungsverfahren/nutzenbewertung/689/,2026-09-05,verified-from-source,Patientengruppe a). Patienten: Tabelle nennt ca. 45-65 (Zuordnung zu Gruppen a-c im PDF-Text nicht eindeutig); d) keine Angabe möglich. zVT Nusinersen. Preis 2.314.550 EUR (Einmalgabe).,decisions_gba.csv,zolgensma,2020-05-18,stated by agent,2021-11-04,2019-05-24,17.6,29.4,True
Zolgensma,Germany,Germany,G-BA,SMA_type2,Patientinnen und Patienten mit 5q-SMA Typ 2 und bis zu 3 Kopien des SMN 2 Gens,2020-05-18,2021-05-15,2021-11-04,not-recommended,outcomes-based,AbD 2020-AbD-001 läuft.,Ein Zusatznutzen ist nicht belegt,2314550.00,EUR,Jahrestherapiekosten Beschluss,Ein Zusatznutzen ist nicht belegt,Arzneimittel-Richtlinie/Anlage XII: Onasemnogen-Abeparvovec (Überschreitung 50 Mio. € Grenze: Spinale Muskelatrophie),2021-05-15-D-679,https://www.g-ba.de/bewertungsverfahren/nutzenbewertung/689/,2026-09-05,verified-from-source,Patientengruppe b).,decisions_gba.csv,zolgensma,2020-05-18,stated by agent,2021-11-04,2019-05-24,17.6,29.4,True
Zolgensma,Germany,Germany,G-BA,SMA_type3,Patientinnen und Patienten mit 5q-SMA Typ 3 und bis zu 3 Kopien des SMN 2 Gens,2020-05-18,2021-05-15,2021-11-04,not-recommended,outcomes-based,AbD 2020-AbD-001 läuft.,Ein Zusatznutzen ist nicht belegt,2314550.00,EUR,Jahrestherapiekosten Beschluss,Ein Zusatznutzen ist nicht belegt,Arzneimittel-Richtlinie/Anlage XII: Onasemnogen-Abeparvovec (Überschreitung 50 Mio. € Grenze: Spinale Muskelatrophie),2021-05-15-D-679,https://www.g-ba.de/bewertungsverfahren/nutzenbewertung/689/,2026-09-05,verified-from-source,Patientengruppe c). Patienten: ca. 45-65 (siehe Hinweis Gruppe a).,decisions_gba.csv,zolgensma,2020-05-18,stated by agent,2021-11-04,2019-05-24,17.6,29.4,True
Zolgensma,Germany,Germany,G-BA,SMA_presymptomatic,präsymptomatische Patientinnen und Patienten mit 5q-SMA und bis zu 3 Kopien des SMN 2 Gens,2020-05-18,2021-05-15,2021-11-04,not-recommended,outcomes-based,AbD 2020-AbD-001 läuft.,Ein Zusatznutzen ist nicht belegt,2314550.00,EUR,Jahrestherapiekosten Beschluss,"Diese Vorgehensweise ist jedoch mit sehr großen Unsicherheiten behaftet, da davon auszugehen ist, dass bisher nur sehr wenige präsymptomatische Patientinnen und Patienten in Deutschland identifiziert wurden.",Arzneimittel-Richtlinie/Anlage XII: Onasemnogen-Abeparvovec (Überschreitung 50 Mio. € Grenze: Spinale Muskelatrophie),2021-05-15-D-679,https://www.g-ba.de/bewertungsverfahren/nutzenbewertung/689/,2026-09-05,verified-from-source,Patientengruppe d). Patienten: keine Angabe möglich.,decisions_gba.csv,zolgensma,2020-05-18,stated by agent,2021-11-04,2019-05-24,17.6,29.4,True
Itvisma,Germany,Germany,G-BA,SMA_2plus,"5q-assoziierte spinale Muskelatrophie mit ≥ 4 Kopien des SMN2-Gens und SMA Typ 2, Typ 3, Typ 4 bzw. ohne definierten Typ, ≥ 2 Jahre",2026-06-30,2026-08-01,,under-assessment,unknown,,,,,,,Onasemnogen abeparvovec (5q-assoziierte spinale Muskelatrophie ... ≥ 2 Jahre) – Verfahren begonnen,2026-08-01-D-1353,https://www.g-ba.de/bewertungsverfahren/nutzenbewertung/1383/,2026-09-05,verified-from-source,Verfahrensbeginn 01.08.2026 (Markteinführung ~1 Monat nach EU-Zulassung); Beschluss erwartet ~Januar 2027. Nicht als Orphan gekennzeichnet.,decisions_gba.csv,itvisma,2026-06-30,stated by agent,,2025-11-24,,,False
Luxturna,Germany,Germany,G-BA,RPE65,"Erwachsene und pädiatrische Patienten mit Sehverlust aufgrund einer erblichen Netzhautdystrophie, die auf nachgewiesenen biallelischen RPE65-Mutationen beruht, und die über ausreichend lebensfähige Netzhautzellen verfügen",2018-11-22,2019-04-15,2019-10-17,recommended-restricted,none,,Anhaltspunkt für einen beträchtlichen Zusatznutzen,821100.00,EUR,Jahrestherapiekosten Beschluss,"Zusammenfassend werden die vorhandenen statistisch signifikanten und klinisch relevanten Vorteile von Voretigen Neparvovec gegenüber dem beobachtenden Abwarten in Bezug auf die Endpunkte MLMT, FST und Perimetrie in der Gesamtschau in ihrem Ausmaß als beträchtlich eingestuft. Für die Endpunkte FST und Perimetrie verbleiben erhebliche Unsicherheiten bezüglich der Operationalisierung, insbesondere zur Wiederholbarkeit der subjektiven Tests.",Arzneimittel-Richtlinie/Anlage XII: Voretigen Neparvovec,2019-04-15-D-436,https://www.g-ba.de/bewertungsverfahren/nutzenbewertung/454/,2026-09-05,verified-from-source,Patienten: 100-530. Befristet bis 31.12.2021 (verlängert auf 01.04.2022 durch Beschluss 20.05.2021). Preis 821.100 EUR für beide Augen zzgl. Vitrektomie ca. 5.700 EUR. Studie 301 RCT.,decisions_gba.csv,luxturna,2018-11-22,stated by agent,2019-10-17,2017-12-19,10.8,21.9,True
Luxturna,Germany,Germany,G-BA,RPE65,"Erwachsene und pädiatrische Patienten mit Sehverlust aufgrund einer erblichen Netzhautdystrophie, die auf nachgewiesenen biallelischen RPE65-Mutationen beruht, und die über ausreichend lebensfähige Netzhautzellen verfügen",2018-11-22,2019-04-15,2021-05-20,recommended-restricted,none,,(Änderung der Befristung; Feststellung vom 17.10.2019 unverändert),,,,Die mit Beschluss vom 17. Oktober 2019 in Kraft getretene Angabe „31. Dezember 2021“ wird durch die Angabe „1. April 2022“ ersetzt.,Arzneimittel-Richtlinie/Anlage XII: Voretigen Neparvovec (Erbliche Netzhautdystrophie) – Änderung der Befristung der Geltungsdauer,2019-04-15-D-436,https://www.g-ba.de/bewertungsverfahren/nutzenbewertung/454/,2026-09-05,verified-from-source,Auf Antrag des pU (TrG 813).,decisions_gba.csv,luxturna,2018-11-22,stated by agent,2021-05-20,2017-12-19,29.9,41.0,True
Luxturna,Germany,Germany,G-BA,RPE65,"Erwachsene und pädiatrische Patienten mit Sehverlust aufgrund einer erblichen Netzhautdystrophie, die auf nachgewiesenen biallelischen RPE65-Mutationen beruht, und die über ausreichend lebensfähige Netzhautzellen verfügen",2018-11-22,2022-04-01,2022-09-15,recommended,none,,Anhaltspunkt für einen beträchtlichen Zusatznutzen,702100.00,EUR,Jahrestherapiekosten Beschluss,Für erwachsene und pädiatrische Patientinnen und Patienten mit Sehverlust aufgrund einer erblichen Netzhautdystrophie ... liegt ein Anhaltspunkt für einen beträchtlichen Zusatznutzen vor.,Arzneimittel-Richtlinie/Anlage XII: Voretigen Neparvovec (Erbliche Netzhautdystrophie) – Neubewertung nach Fristablauf,2022-04-01-D-803,https://www.g-ba.de/bewertungsverfahren/nutzenbewertung/813/,2026-09-05,verified-from-source,"Neubewertung nach Fristablauf; unbefristet. Patienten: 100-530. Preis 702.100 EUR (Erstattungsbetrag-Niveau) zzgl. Vitrektomie ca. 6.250,38 EUR.",decisions_gba.csv,luxturna,2018-11-22,stated by agent,2022-09-15,2017-12-19,45.8,56.9,True
Hemgenix,Germany,Germany,G-BA,HEMB_adult,Erwachsene mit schwerer und mittelschwerer Hämophilie B (angeborener Faktor-IX-Mangel) ohne Faktor-IX-Inhibitoren in ihrer Vorgeschichte,2023-02-20,2022-08-04,2023-05-12,recommended-restricted,outcomes-based,"Forderung einer anwendungsbegleitenden Datenerhebung (2022-AbD-005) mit Beschränkung der Versorgungsbefugnis nach § 35a Abs. 3b SGB V; Beschluss 12.05.2023 (BAnz AT 09.06.2023 B3), vor dem Zusatznutzen-Beschluss. Beginn der AbD 30.08.2024; erneute Nutzenbewertung 01.07.2030. Kein Preisarrangement veröffentlicht.","(AbD-Beschluss, keine Zusatznutzen-Kategorie)",,,,Forderung einer anwendungsbegleitenden Datenerhebung und von Auswertungen – Etranacogen Dezaparvovec (Hämophilie B),Arzneimittel-Richtlinie/Anlage XII: Forderung einer anwendungsbegleitenden Datenerhebung und von Auswertungen – Etranacogen Dezaparvovec,2022-AbD-005,https://www.g-ba.de/anwendungsbegleitende-datenerhebung-verfahren/4/,2026-09-05,verified-from-source,"AbD-Verfahren eingeleitet 04.08.2022 (vor EU-Zulassung 20.02.2023). Überprüfungen 01.02.2024, 18.07.2024, 02.07.2026. ATMP-QS-RL Anlage IV (Gentherapeutika bei Hämophilie) 21.12.2023.",decisions_gba.csv,hemgenix,2023-02-20,stated by agent,2023-05-12,2022-11-22,2.7,5.6,True
Hemgenix,Germany,Germany,G-BA,HEMB_adult,Erwachsene mit schwerer und mittelschwerer Hämophilie B (angeborener Faktor-IX-Mangel) ohne Faktor-IX-Inhibitoren in ihrer Vorgeschichte,2023-02-20,2023-05-01,2023-10-19,recommended-restricted,outcomes-based,Versorgung beschränkt auf an der AbD teilnehmende Einrichtungen (§ 35a Abs. 3b SGB V); Zusatznutzen-Neubewertung nach AbD 01.07.2030.,"Anhaltspunkt für einen nicht quantifizierbaren Zusatznutzen, weil die wissenschaftliche Datengrundlage eine Quantifizierung nicht zulässt",,,,"Zusammenfassend wird der Zusatznutzen von Etranacogen Dezaparvovec wie folgt bewertet: Für Erwachsene mit schwerer und mittelschwerer Hämophilie B (angeborener Faktor-IX-Mangel) ohne Faktor-IX-Inhibitoren in ihrer Vorgeschichte liegt einen Anhaltspunkt für einen nicht quantifizierbaren Zusatznutzen, weil die wissenschaftliche Datengrundlage eine Quantifizierung nicht zulässt, vor.",Arzneimittel-Richtlinie/Anlage XII: Etranacogen Dezaparvovec (Hämophilie B),2023-05-01-D-937,https://www.g-ba.de/bewertungsverfahren/nutzenbewertung/953/,2026-09-05,verified-from-source,"Patienten: ca. 340. Jahrestherapiekosten: „Es liegen keine Daten vor“ (kein Lauer-Taxe-Preis zum Beschluss, Stand 01.10.2023) – Preis daher leer. Keine Befristung gefunden (Neubewertung an AbD gekoppelt). HOPE-B einarmig.",decisions_gba.csv,hemgenix,2023-02-20,stated by agent,2023-10-19,2022-11-22,7.9,10.9,True
Roctavian,Germany,Germany,G-BA,HEMA_adult,Erwachsene mit schwerer Hämophilie A (kongenitalem Faktor-VIII-Mangel) ohne Faktor-VIII-Inhibitoren in der Vorgeschichte und ohne nachweisbare Antikörper gegen Adeno-assoziiertes Virus Serotyp 5 (AAV5),2022-08-24,2022-02-03,2023-02-02,recommended-restricted,outcomes-based,Forderung einer anwendungsbegleitenden Datenerhebung (2020-AbD-002) mit Beschränkung der Versorgungsbefugnis nach § 35a Abs. 3b SGB V; Beschluss 02.02.2023 (BAnz AT 22.03.2023 B6). Beginn der AbD 30.08.2024; Status G-BA: „Datenerhebung wird nicht durchgeführt“ / Studie abgebrochen; Forderung außer Kraft gesetzt durch Beschluss 02.04.2026.,"(AbD-Beschluss, keine Zusatznutzen-Kategorie)",,,,Forderung einer anwendungsbegleitenden Datenerhebung und von Auswertungen – Valoctocogen Roxaparvovec (Hämophilie A),Arzneimittel-Richtlinie/Anlage XII: Forderung einer anwendungsbegleitenden Datenerhebung und von Auswertungen – Valoctocogen Roxaparvovec,2020-AbD-002,https://www.g-ba.de/anwendungsbegleitende-datenerhebung-verfahren/2/,2026-09-05,verified-from-source,"AbD-Verfahren eingeleitet 03.02.2022 (vor EU-Zulassung). Änderungen 21.09.2023, 19.09.2024.",decisions_gba.csv,roctavian,2022-08-24,stated by agent,2023-02-02,2023-06-30,5.3,-4.9,True
Roctavian,Germany,Germany,G-BA,HEMA_adult,Erwachsene mit schwerer Hämophilie A (kongenitalem Faktor-VIII-Mangel) ohne Faktor-VIII-Inhibitoren in der Vorgeschichte und ohne nachweisbare Antikörper gegen Adeno-assoziiertes Virus Serotyp 5 (AAV5),2022-08-24,2022-09-15,2023-03-16,recommended-restricted,outcomes-based,"Versorgung beschränkt auf an der AbD teilnehmende Einrichtungen (§ 35a Abs. 3b SGB V, Beschluss 02.02.2023).","Anhaltspunkt für einen nicht quantifizierbaren Zusatznutzen, weil die wissenschaftliche Datengrundlage eine Quantifizierung nicht zulässt",2143958.40,EUR,Jahrestherapiekosten Beschluss,"Anhaltspunkt für einen nicht quantifizierbaren Zusatznutzen, weil die wissenschaftliche Datengrundlage eine Quantifizierung nicht zulässt",Arzneimittel-Richtlinie/Anlage XII: Valoctocogen Roxaparvovec (schwere Hämophilie A),2022-09-15-D-876,https://www.g-ba.de/bewertungsverfahren/nutzenbewertung/877/,2026-09-05,verified-from-source,Patienten: 690-800. Keine Befristung gefunden. Preis Abgabepreis pU (Stand Lauer-Taxe 01.03.2023). GENEr8-1 einarmig.,decisions_gba.csv,roctavian,2022-08-24,stated by agent,2023-03-16,2023-06-30,6.7,-3.5,True
Casgevy,Germany,Germany,G-BA,TDT_12plus,"Patientinnen und Patienten ab 12 Jahren mit transfusionsabhängiger Beta-Thalassämie, die für eine Transplantation von hämatopoetischen Stammzellen (HSZ) geeignet sind und für die kein HLA-kompatibler, verwandter Stammzellspender zur Verfügung steht",2024-02-09,2025-01-15,2025-07-03,recommended-restricted,none,"AbD-Beratungsverfahren 2023-AbD-002 (TDT) eingeleitet 06.07.2023, eingestellt 01.02.2024; Nicht-Änderung der AM-RL zur Beschränkung der Versorgungsbefugnis 01.02.2024.","Hinweis auf einen nicht quantifizierbaren Zusatznutzen, weil die wissenschaftliche Datengrundlage eine Quantifizierung nicht zulässt",2200000.00,EUR,Jahrestherapiekosten Beschluss,"In der Gesamtschau liegt ein relevanter Vorteil für den Endpunkt Transfusionsunabhängigkeit vor. Eine abschließende Einschätzung des Nebenwirkungsprofils von Exagamglogen autotemcel ist aufgrund der begrenzten Daten zur Langzeitsicherheit und aufgrund fehlender vergleichender Daten nicht möglich. Im Ergebnis wird ein nicht quantifizierbarer Zusatznutzen für Exagamglogen autotemcel festgestellt, weil die wissenschaftliche Datengrundlage eine Quantifizierung nicht zulässt.","Arzneimittel-Richtlinie/Anlage XII: Exagamglogen autotemcel (Beta-Thalassämie, transfusionsabhängig, ≥ 12 Jahre, keine HLA-kompatible verwandte Stammzellspende verfügbar)",2025-01-15-D-1145,https://www.g-ba.de/bewertungsverfahren/nutzenbewertung/1166/,2026-09-05,verified-from-source,Patienten: 20-150. Keine Befristung gefunden. Verfahrensbeginn 15.01.2025 = 11 Monate nach EU-Zulassung (Markteinführung verzögert). Preis 2.200.000 EUR (Einmalgabe). ATMP-QS-RL Anlage VI 06.02.2025.,decisions_gba.csv,casgevy,2024-02-09,stated by agent,2025-07-03,2023-12-08,16.8,18.8,True
Casgevy,Germany,Germany,G-BA,SCD_VOC_12plus,"Patientinnen und Patienten ab 12 Jahren mit schwerer Sichelzellkrankheit und rezidivierenden vasookklusiven Krisen, die für eine Transplantation von hämatopoetischen Stammzellen (HSZ) geeignet sind und für die kein verwandter, HLA-identischer Stammzellspender zur Verfügung steht",2024-02-09,2025-01-15,2025-07-03,recommended-restricted,outcomes-based,"Forderung einer anwendungsbegleitenden Datenerhebung (2023-AbD-001) Beschluss 21.12.2023, in Kraft 15.01.2025 (BAnz AT 18.02.2025 B4), geändert 07.11.2024 und 18.09.2025; Status „Datenerhebung wird nicht durchgeführt“; Forderung und Beschränkung der Versorgungsbefugnis außer Kraft gesetzt durch Beschluss 03.09.2026.","Anhaltspunkt für einen nicht quantifizierbaren Zusatznutzen, weil die wissenschaftliche Datengrundlage eine Quantifizierung nicht zulässt",2200000.00,EUR,Jahrestherapiekosten Beschluss,"Da es sich um einarmige Studien handelt, ist eine vergleichende Bewertung und damit eine Quantifizierung des Ausmaßes des Zusatznutzens auf Grundlage dieser Daten nicht möglich. Insgesamt wird für Exagamglogen autotemcel ein nicht quantifizierbarer Zusatznutzen abgeleitet, weil die wissenschaftliche Datengrundlage eine Quantifizierung nicht zulässt.",Arzneimittel-Richtlinie/Anlage XII: Exagamglogen autotemcel (Sichelzellkrankheit mit rezidivierenden vasookklusiven Krisen; ≥ 12 Jahre; keine HLA-kompatible verwandte Stammzellspende verfügbar),2025-01-15-D-1146,https://www.g-ba.de/bewertungsverfahren/nutzenbewertung/1167/,2026-09-05,verified-from-source,Patienten: 130-1230 (geändert auf 130-330 am 18.09.2025). Keine Befristung gefunden. CLIMB-SCD-121 einarmig.,decisions_gba.csv,casgevy,2024-02-09,stated by agent,2025-07-03,2023-12-08,16.8,18.8,True
Casgevy,Germany,Germany,G-BA,SCD_VOC_12plus,Patientinnen und Patienten ab 12 Jahren mit schwerer Sichelzellkrankheit und rezidivierenden vasookklusiven Krisen ...,2024-02-09,2025-01-15,2025-09-18,recommended-restricted,outcomes-based,siehe Zeile 03.07.2025,(Änderung Patientenzahlen; Feststellung vom 03.07.2025 unverändert),,,,Nach der Angabe „circa 130 bis“ wird die Angabe „1 230“ durch die Angabe „330“ ersetzt.,Arzneimittel-Richtlinie/Anlage XII: Exagamglogen autotemcel (Sichelzellkrankheit ...) – Änderung Patientenzahlen,2025-01-15-D-1146,https://www.g-ba.de/bewertungsverfahren/nutzenbewertung/1167/,2026-09-05,verified-from-source,Patienten: 130-330.,decisions_gba.csv,casgevy,2024-02-09,stated by agent,2025-09-18,2023-12-08,19.3,21.4,True
Zynteglo,Germany,Germany,G-BA,TDT_12plus,"Patienten im Alter ab 12 Jahren mit transfusionsabhängiger β-Thalassämie (TDT), die keinen β0/β0-Genotyp haben, und die für eine hämatopoetische Stammzelltransplantation (HSZT) geeignet sind, für die aber kein humanes Leukozyten-Antigen (HLA)-kompatibler, verwandter HSZ-Spender zur Verfügung steht",2019-05-29,2019-11-15,2020-05-14,recommended-restricted,outcomes-based,"Vor dem Erstattungsbetrag: von bluebird bio berichtete wertbasierte Verträge mit einzelnen gesetzlichen Krankenkassen (Anfangszahlung bei Infusion plus bis zu vier weitere Jahreszahlungen nur bei Transfusionsfreiheit) – nicht im G-BA-Beschluss dokumentiert, Quelle Presse (provisorisch).","Anhaltspunkt für einen nicht quantifizierbaren Zusatznutzen, weil die wissenschaftliche Datenlage eine Quantifizierung nicht zulässt",1874250.00,EUR,Jahrestherapiekosten Beschluss,"In der Gesamtschau wird ein nicht quantifizierbarer Zusatznutzen für Betibeglogene autotemcel festgestellt, weil die wissenschaftliche Datengrundlage eine Quantifizierung nicht zulässt. Aufgrund der geringen Anzahl und der anhand umfassender Ein- und Ausschlusskriterien engen Auswahl der in die Studien eingeschlossen Patienten verbleiben darüber hinaus Unsicherheiten bezüglich des Anteils an Patienten im Anwendungsgebiet, die nach Behandlung mit Betibeglogene autotemcel eine Transfusionsunabhängigkeit erlangen und bezüglich der Dauerhaftigkeit der Transfusionsunabhängigkeit.",Arzneimittel-Richtlinie/Anlage XII: Betibeglogene autotemcel (β-Thalassämie),2019-11-15-D-497,https://www.g-ba.de/bewertungsverfahren/nutzenbewertung/506/,2026-09-05,verified-from-source,"Patienten: ca. 50. Befristet bis 15.05.2025. Verfahrensbeginn 15.11.2019 (~5,5 Monate nach EU-Zulassung). Preis Abgabepreis pU 1.874.250 EUR (Stand Lauer-Taxe 15.04.2020). Therapiekosten-Änderungsbeschluss 03.12.2020 (zusätzlich notwendige GKV-Leistungen „nicht bezifferbar“).",decisions_gba.csv,zynteglo,2019-05-29,stated by agent,2020-05-14,2022-08-17,11.5,-27.1,True
Zynteglo,Germany,Germany,G-BA,TDT_12plus,"Patienten im Alter ab 12 Jahren mit transfusionsabhängiger β-Thalassämie (TDT), die keinen β0/β0-Genotyp haben, und die für eine hämatopoetische Stammzelltransplantation (HSZT) geeignet sind, für die aber kein humanes Leukozyten-Antigen (HLA)-kompatibler, verwandter HSZ-Spender zur Verfügung steht",2019-05-29,2019-11-15,2021-04-21,terminated-or-withdrawn,none,Erstattungsbetragsverhandlung mit dem GKV-Spitzenverband gescheitert; bluebird bio kündigte am 21.04.2021 den Rückzug von Zynteglo vom deutschen Markt an.,,,,,"bluebird: negotiations ""did not result in a price for Zynteglo that reflects the value of this one-time gene therapy with potential life-long benefit for people living with TDT"" (press coverage, English).",bluebird bio announcement: withdrawal of Zynteglo from Germany after failed price negotiations,,https://www.biopharmadive.com/news/bluebird-withdraw-zynteglo-germany-price/598689/,2026-09-05,provisional-from-snippet,"Datum = Ankündigung (21.04.2021), nicht G-BA-Beschluss. Keine Neubewertung nach Fristablauf (15.05.2025) im G-BA-Register. EU-Zulassung auf Antrag zurückgezogen 24.03.2022. Weitere Quellen: EVERSANA 21.04.2021; STAT 22.04.2021.",decisions_gba.csv,zynteglo,2019-05-29,stated by agent,2021-04-21,2022-08-17,22.8,-15.9,False
Libmeldy,Germany,Germany,G-BA,MLD_presymptomatic,Kinder mit im späten Säuglingsalter (Late Infantile (LI)) oder frühen Kindesalter (Early Juvenile (EJ)) auftretenden Formen der metachromatischen Leukodystrophie (MLD) ohne klinische Manifestation der Erkrankung,2020-12-17,2021-05-01,2021-11-04,recommended-restricted,none,,Anhaltspunkt für einen erheblichen Zusatznutzen,2875000.00,EUR,Jahrestherapiekosten Beschluss,Insgesamt lässt sich trotz der beschriebenen Unsicherheiten des historischen Vergleichs und der teilweise retrospektiven Datenerhebung vor dem Hintergrund des schweren Verlaufs der unbehandelten Geschwisterkinder und der vorliegenden Effektgröße ein sehr deutlicher Vorteil in der Endpunktkategorie Morbidität ableiten.,Arzneimittel-Richtlinie/Anlage XII: Atidarsagen autotemcel (Metachromatische Leukodystrophie mit biallelischer Mutation im ARSA-Gen),2021-05-01-D-678,https://www.g-ba.de/bewertungsverfahren/nutzenbewertung/684/,2026-09-05,verified-from-source,Patientengruppe a). Patienten: 1-3 (gesamt a+b). Befristet bis 01.07.2024 (verlängert auf 01.07.2026 durch Beschluss 20.06.2024). Preis Abgabepreis pU 2.875.000 EUR. Historischer Vergleich mit TIGET-NHx-Kohorte.,decisions_gba.csv,lenmeldy,2020-12-17,stated by agent,2021-11-04,2024-03-18,10.6,-28.4,True
Libmeldy,Germany,Germany,G-BA,MLD_early_symptomatic,"Kinder mit der EJ-Form der metachromatischen Leukodystrophie mit frühzeitiger klinischer Manifestation der Erkrankung, die jedoch noch selbstständig gehen können, vor dem Einsetzen einer kognitiven Verschlechterung",2020-12-17,2021-05-01,2021-11-04,recommended-restricted,none,,"Anhaltspunkt für einen nicht quantifizierbaren Zusatznutzen, weil die wissenschaftliche Datengrundlage eine Quantifizierung nicht zulässt",2875000.00,EUR,Jahrestherapiekosten Beschluss,"Auch die im schriftlichen und mündlichen Anhörungsverfahren vorgetragenen Stellungnahmen sowie die nachgereichten Informationen konnten die Unsicherheiten nicht ausräumen, inwieweit der Krankheitsverlauf durch das Vorhandensein von Symptomen und der Manifestation der Erkrankung der vom Anwendungsgebiet umfassten Patientengruppen hinreichend vergleichbar ist, als dass eine Analyse ohne Differenzierung der Patienten sachgerecht erscheint.",Arzneimittel-Richtlinie/Anlage XII: Atidarsagen autotemcel (Metachromatische Leukodystrophie mit biallelischer Mutation im ARSA-Gen),2021-05-01-D-678,https://www.g-ba.de/bewertungsverfahren/nutzenbewertung/684/,2026-09-05,verified-from-source,Patientengruppe b). Befristet bis 01.07.2024 (verlängert auf 01.07.2026).,decisions_gba.csv,lenmeldy,2020-12-17,stated by agent,2021-11-04,2024-03-18,10.6,-28.4,True
Libmeldy,Germany,Germany,G-BA,MLD_early,Metachromatische Leukodystrophie mit biallelischer Mutation im ARSA-Gen (Gruppen a und b),2020-12-17,2021-05-01,2024-06-20,recommended-restricted,none,,(Änderung der Befristung; Feststellungen vom 04.11.2021 unverändert),,,,Die Angabe „1. Juli 2024“ wird durch die Angabe „1. Juli 2026“ ersetzt.,Arzneimittel-Richtlinie/Anlage XII: Atidarsagen autotemcel (MLD) – Änderung der Befristung der Geltungsdauer,2021-05-01-D-678,https://www.g-ba.de/bewertungsverfahren/nutzenbewertung/684/,2026-09-05,verified-from-source,Verlängerung der Befristung um zwei Jahre.,decisions_gba.csv,lenmeldy,2020-12-17,stated by agent,2024-06-20,2024-03-18,42.1,3.1,True
Libmeldy,Germany,Germany,G-BA,MLD_early,Metachromatische Leukodystrophie mit biallelischer Mutation im ARSA-Gen (Neubewertung nach Fristablauf),2020-12-17,2026-07-01,,under-assessment,none,,,,,,,Atidarsagen autotemcel OTL-200 (Neubewertung nach Fristablauf: Metachromatische Leukodystrophie mit biallelischer Mutation im ARSA-Gen) – Verfahren begonnen,2026-07-01-D-1365,https://www.g-ba.de/bewertungsverfahren/nutzenbewertung/1371/,2026-09-05,verified-from-source,Verfahrensbeginn 01.07.2026; Beschluss erwartet ~Dezember 2026.,decisions_gba.csv,lenmeldy,2020-12-17,stated by agent,,2024-03-18,,,False
Kebilidi / Upstaza,Germany,Germany,G-BA,AADC,"Patientinnen und Patienten im Alter ab 18 Monate mit einer klinisch, molekularbiologisch und genetisch bestätigten Diagnose eines Aromatische-L-Aminosäure-Decarboxylase-(AADC)-Mangels mit einem schweren Phänotyp",2022-07-18,2022-08-15,2023-02-02,recommended-restricted,none,,"Anhaltspunkt für einen nicht quantifizierbaren Zusatznutzen, weil die wissenschaftliche Datengrundlage eine Quantifizierung nicht zulässt",4165000.00,EUR,Jahrestherapiekosten Beschluss,"Darüber hinaus bestehen aufgrund fehlender Daten zur Lebensqualität und fehlender vergleichender Daten zur Mortalität und zum Sicherheitsprofil von Eladocagene Exuparvovec relevante Unsicherheiten, die eine Einschätzung des Ausmaßes des Zusatznutzens nicht ermöglichen. Insgesamt wird für Eladocagene Exuparvovec ein nicht quantifizierbarer Zusatznutzen abgeleitet, weil die wissenschaftliche Datengrundlage eine Quantifizierung nicht zulässt.","Arzneimittel-Richtlinie/Anlage XII: Eladocagene Exuparvovec (Aromatische-L-Aminosäure-Decarboxylase-(AADC)-Mangel, ≥ 18 Monate)",2022-08-15-D-856,https://www.g-ba.de/bewertungsverfahren/nutzenbewertung/868/,2026-09-05,verified-from-source,"Patienten: 4-30. Befristet bis 15.02.2028. Preis Abgabepreis pU 4.165.000 EUR zzgl. intraputaminale Infusion ca. 13.253,99 EUR. Studien AADC-010/-011/-CU einarmig. ATMP-QS-RL Anlage V 20.06.2024.",decisions_gba.csv,kebilidi,2022-07-18,stated by agent,2023-02-02,2024-11-13,6.5,-21.4,True
Imlygic,Germany,Germany,G-BA,MEL_1L_BRAFmut,"Nicht vorbehandelte Patienten (in den Stadien IIIB, IIIC und IVM1a) mit einem BRAF-V600-mutierten Tumor",2015-12-16,2016-06-15,2016-12-15,not-recommended,none,,Ein Zusatznutzen ist nicht belegt,72287.80-289151.20,EUR,Jahrestherapiekosten Beschluss,Für alle drei vom zugelassenen Anwendungsgebiet umfassten Subgruppen ist der Zusatznutzen von Talimogen laherparepvec nicht belegt.,Arzneimittel-Richtlinie/Anlage XII: Talimogen laherparepvec,2016-06-15-D-237,https://www.g-ba.de/bewertungsverfahren/nutzenbewertung/243/,2026-09-05,verified-from-source,Patienten: 35-100. Kein Orphan Drug. Preis je nach Dosierung/Dauer (Spanne).,decisions_gba.csv,imlygic,2015-12-16,stated by agent,2016-12-15,2015-10-27,12.0,13.6,True
Imlygic,Germany,Germany,G-BA,MEL_1L_BRAFwt,"Nicht vorbehandelte Patienten (in den Stadien IIIB, IIIC und IVM1a) mit einem BRAF-V600-wildtyp Tumor",2015-12-16,2016-06-15,2016-12-15,not-recommended,none,,Ein Zusatznutzen ist nicht belegt,72287.80-289151.20,EUR,Jahrestherapiekosten Beschluss,1b) Nicht vorbehandelte Patienten mit einem BRAF-V600-wildtyp Tumor: - Ein Zusatznutzen ist nicht belegt.,Arzneimittel-Richtlinie/Anlage XII: Talimogen laherparepvec,2016-06-15-D-237,https://www.g-ba.de/bewertungsverfahren/nutzenbewertung/243/,2026-09-05,verified-from-source,Patienten: 40-120.,decisions_gba.csv,imlygic,2015-12-16,stated by agent,2016-12-15,2015-10-27,12.0,13.6,True
Imlygic,Germany,Germany,G-BA,MEL_2L,"Vorbehandelte Patienten (in den Stadien IIIB, IIIC und IVM1a)",2015-12-16,2016-06-15,2016-12-15,not-recommended,none,,Ein Zusatznutzen ist nicht belegt,72287.80-289151.20,EUR,Jahrestherapiekosten Beschluss,Ein Zusatznutzen ist nicht belegt.,Arzneimittel-Richtlinie/Anlage XII: Talimogen laherparepvec,2016-06-15-D-237,https://www.g-ba.de/bewertungsverfahren/nutzenbewertung/243/,2026-09-05,verified-from-source,Patienten: 300-450.,decisions_gba.csv,imlygic,2015-12-16,stated by agent,2016-12-15,2015-10-27,12.0,13.6,True
Ebvallo,Germany,Germany,G-BA,PTLD_2L,"Patientinnen und Patienten ab 2 Jahren mit Epstein-Barr-Virus-positiven Posttransplantationslymphomen (EBV+ PTLD), die mindestens eine vorherige antineoplastische Therapie erhalten haben. Bei Patientinnen und Patienten mit solider Organtransplantation umfasst die vorherige Therapie eine Chemotherapie, es sei denn, eine Chemotherapie wird als ungeeignet erachtet",2022-12-16,2023-04-15,2023-10-05,recommended-restricted,none,,"Anhaltspunkt für einen nicht quantifizierbaren Zusatznutzen, weil die wissenschaftliche Datengrundlage eine Quantifizierung nicht zulässt",535500.00-2142000.00,EUR,Jahrestherapiekosten Beschluss,Bewertung: Insgesamt bestehen aufgrund des nicht ausreichend beschriebenen Vorgehens bei der Confounder-Identifikation und -Selektion sowie fehlender Werte erhebliche Unsicherheiten.,Arzneimittel-Richtlinie/Anlage XII: Tabelecleucel (Epstein-Barr-Virus positive Posttransplantations-lymphoproliferative Erkrankung),2023-04-15-D-939,https://www.g-ba.de/bewertungsverfahren/nutzenbewertung/947/,2026-09-05,verified-from-source,Patienten: 7-30. Keine Befristung gefunden. Preis Spanne je nach Zyklenzahl (Stand Lauer-Taxe 15.09.2023). ATMP-QS-RL Anlage III 17.08.2023.,decisions_gba.csv,ebvallo,2022-12-16,stated by agent,2023-10-05,,9.6,,True
Alofisel,Germany,Germany,G-BA,CD_fistula,"Erwachsene Patienten mit nichtaktivem/gering aktivem luminalem Morbus Crohn mit komplexen perianalen Fisteln, die unzureichend auf mindestens eine konventionelle oder biologische Therapie angesprochen haben",2018-03-23,2018-06-01,2018-11-22,recommended-restricted,none,,nicht quantifizierbar (Orphan Drug: Zusatznutzen gilt als belegt),71400.00,EUR,Jahrestherapiekosten Beschluss,"Auch die für den Endpunkt „klinische Remission“ in der Beurteilung gesehenen Limitationen kommen weiterhin zum Tragen, so dass die Interpretierbarkeit der Ergebnisse mit Unsicherheiten behaftet ist; eine Quantifizierung des Vorteils ist nicht mit ausreichender Sicherheit möglich. Damit ist eine quantitative Beurteilung des Ausmaßes des Effektes und eine Quantifizierung des Zusatznutzens in eine der Kategorien ‚gering‘, ‚beträchtlich‘ oder ‚erheblich‘ auf der Grundlage der vorgelegten Daten nicht möglich.",Arzneimittel-Richtlinie/Anlage XII: Darvadstrocel,2018-06-01-D-366,https://www.g-ba.de/bewertungsverfahren/nutzenbewertung/366/,2026-09-05,verified-from-source,Patienten: 90-230. Keine Befristung gefunden. Studie ADMIRE-CD (RCT). EU-Zulassung zurückgezogen 13.12.2024; keine weiteren G-BA-Beschlüsse.,decisions_gba.csv,alofisel,2018-03-23,stated by agent,2018-11-22,,8.0,,True
Provenge,Germany,Germany,G-BA,mCRPC_asymptomatic,"asymptomatisches oder minimal symptomatisches, metastasiertes (nicht viszerales), kastrationsresistentes Prostatakarzinom bei erwachsenen Männern, bei denen eine Chemotherapie noch nicht klinisch indiziert ist",2013-09-06,2014-10-01,2015-03-19,recommended-restricted,none,,Anhaltspunkt für einen nicht quantifizierbaren Zusatznutzen,79952.58,EUR,Jahrestherapiekosten Beschluss,"Zusammenfassend wird aufgrund des hohen Verzerrungspotenzials und den Unsicherheiten, trotz Vorliegens von 3 Studien, die Aussagesicherheit insgesamt als nicht ausreichend für einen ""Hinweis"" eingestuft.",Arzneimittel-Richtlinie/Anlage XII: Sipuleucel-T,2014-10-01-D-139,https://www.g-ba.de/bewertungsverfahren/nutzenbewertung/143/,2026-09-05,verified-from-source,Patienten: 11690-24480. Befristet bis 01.04.2018. Verfahrensbeginn 01.10.2014 (~13 Monate nach EU-Zulassung). EU-Zulassung zurückgezogen 06.05.2015; keine Neubewertung.,decisions_gba.csv,provenge,2013-09-06,stated by agent,2015-03-19,2010-04-29,18.4,58.6,True
Glybera,Germany,Germany,G-BA,LPLD,"Erwachsene, bei denen eine familiäre Lipoproteinlipasedefizienz (LPLD) diagnostiziert wurde und bei denen schwere oder multiple Pankreatitis-Schübe trotz fettarmer Ernährung aufgetreten sind",2012-10-25,2014-11-01,2015-05-21,recommended-restricted,none,,nicht quantifizierbar (Orphan Drug: Zusatznutzen gilt als belegt),1318431.90,EUR,Jahrestherapiekosten Beschluss,"ist aber nicht quantifizierbar, weil die wissenschaftliche Datenlage eine quantifizierbare Aussage zum Ausmaß des Zusatznutzens für patientenrelevante Endpunkte zum derzeitigen Zeitpunkt nicht zulässt. Befristung: Entsprechend des EPAR von Glybera wurde dem pharmazeutischen Unternehmer die Auflage erteilt, halbjährlich regelmäßig aktualisierte Unbedenklichkeitsberichte (PSURs) der EMA vorzulegen.",Arzneimittel-Richtlinie/Anlage XII: Alipogentiparvovec,2014-11-01-D-138,https://www.g-ba.de/bewertungsverfahren/nutzenbewertung/146/,2026-09-05,verified-from-source,"Patienten: 17-35. Befristet bis 01.06.2016. Verfahrensbeginn 01.11.2014 (~2 Jahre nach EU-Zulassung). Beschlussfassung 16.04.2015 und 07.05.2015 vorläufig ausgesetzt (Anforderung EMA-Unterlagen nach SEC-Meldung uniQure). Preis 1.318.431,90 EUR zzgl. GKV-Leistungen 1.938,58 EUR.",decisions_gba.csv,glybera,2012-10-25,stated by agent,2015-05-21,,30.8,,True
Glybera,Germany,Germany,G-BA,LPLD,"Erwachsene, bei denen eine familiäre Lipoproteinlipasedefizienz (LPLD) diagnostiziert wurde und bei denen schwere oder multiple Pankreatitis-Schübe trotz fettarmer Ernährung aufgetreten sind",2012-10-25,2014-11-01,2016-05-19,recommended-restricted,none,,(Verlängerung der Befristung),,,,Die Angabe „1. Juni 2016“ wird durch die Angabe „1. Juni 2017“ ersetzt.,Arzneimittel-Richtlinie/Anlage XII: Alipogentiparvovec - Verlängerung der Befristung der Geltungsdauer,2014-11-01-D-138,https://www.g-ba.de/bewertungsverfahren/nutzenbewertung/146/,2026-09-05,verified-from-source,,decisions_gba.csv,glybera,2012-10-25,stated by agent,2016-05-19,,42.8,,True
Glybera,Germany,Germany,G-BA,LPLD,"Erwachsene, bei denen eine familiäre Lipoproteinlipasedefizienz (LPLD) diagnostiziert wurde und bei denen schwere oder multiple Pankreatitis-Schübe trotz fettarmer Ernährung aufgetreten sind",2012-10-25,2014-11-01,2017-05-18,recommended-restricted,none,,(Verlängerung der Befristung),,,,Die Angabe „1. Juni 2017“ wird durch die Angabe „31. Dezember 2017“ ersetzt.,Arzneimittel-Richtlinie/Anlage XII: Alipogentiparvovec - Verlängerung der Befristung der Geltungsdauer,2014-11-01-D-138,https://www.g-ba.de/bewertungsverfahren/nutzenbewertung/146/,2026-09-05,verified-from-source,EU-Zulassung lief am 28.10.2017 aus (keine Verlängerung beantragt); keine Neubewertung.,decisions_gba.csv,glybera,2012-10-25,stated by agent,2017-05-18,,54.7,,True
Zalmoxis,Germany,Germany,G-BA,haploHSCT_adjunct,Begleittherapie bei haploidentischer hämatopoetischer Stammzelltransplantation (HSCT) bei Erwachsenen mit hämatologischen Malignitäten mit hohem Risiko,2016-08-18,2018-01-15,2018-07-05,recommended-restricted,none,,derzeit nicht quantifizierbar (Orphan Drug: Zusatznutzen gilt als belegt),189474.78-757899.12,EUR,Jahrestherapiekosten Beschluss,"Eine vergleichende Bewertung allein auf Basis der Ergebnisse aus Studie TK007 ist aufgrund des einarmigen, nicht-kontrollierten Designs nicht möglich. Darüber hinaus bestehen weitere relevante Unsicherheiten hinsichtlich der Aussagekraft der Studienergebnisse, zum einen aufgrund des Zeitraumes der Studiendurchführung und zum anderen wegen der kleinen Patientenanzahl","Arzneimittel-Richtlinie/Anlage XII: Allogene, genetisch modifizierte T-Zellen",2018-01-15-D-333,https://www.g-ba.de/bewertungsverfahren/nutzenbewertung/340/,2026-09-05,verified-from-source,Patienten: 100-140. Befristet bis 01.04.2021. Verfahrensbeginn 15.01.2018 (~17 Monate nach EU-Zulassung). EU-Zulassung zurückgezogen 09.10.2019; keine Neubewertung.,decisions_gba.csv,zalmoxis,2016-08-18,stated by agent,2018-07-05,,22.5,,True
Vyjuvek,Germany,Germany,G-BA,DEB_COL7A1,Patientinnen und Patienten mit Wunden aufgrund dystropher Epidermolysis bullosa (DEB) mit Mutation im Gen für die Alpha-1-Kette von Kollagen Typ VII (COL7A1),2025-04-23,2025-08-15,2026-02-19,recommended-restricted,none,,"Anhaltspunkt für einen nicht quantifizierbaren Zusatznutzen, weil die wissenschaftliche Datengrundlage eine Quantifizierung nicht zulässt",1488641.84,EUR,Jahrestherapiekosten Beschluss,"Für Beremagen geperpavec wird ein nicht quantifizierbarer Zusatznutzen festgestellt, weil die wissenschaftliche Datengrundlage eine Quantifizierung nicht zulässt. Der G-BA berücksichtigt die im Dossier des pharmazeutischen Unternehmers angegebenen Patientenzahlen, die jedoch aufgrund der eingeschränkten epidemiologischen Datenlage zu Inzidenz und Prävalenz der Epidermolysis bullosa im deutschen Versorgungskontext insgesamt mit Unsicherheiten behaftet sind.","Arzneimittel-Richtlinie/Anlage XII: Beremagen geperpavec (Wundbehandlung bei dystropher Epidermolysis bullosa, alle Altersgruppen)",2025-08-15-D-1229,https://www.g-ba.de/bewertungsverfahren/nutzenbewertung/1250/,2026-09-05,verified-from-source,"Patienten: 240-900. Keine Befristung gefunden. Preis Abgabepreis pU (Stand Lauer-Taxe 15.12.2025), Dauertherapie. GEM-3 placebokontrolliert. ATMP-QS-RL: Beratungsergebnis 25.06.2024 (kein Beschluss erforderlich).",decisions_gba.csv,vyjuvek,2025-04-23,stated by agent,2026-02-19,2023-05-19,9.9,33.1,True
Skysona,Germany,Germany,G-BA,CALD,,2021-07-16,,,not-submitted,none,,,,,,,,,https://www.g-ba.de/bewertungsverfahren/nutzenbewertung/,2026-09-05,not-found,"Kein G-BA-Nutzenbewertungsverfahren zu Elivaldogen autotemcel im Verfahrensregister (1.376 Verfahren durchsucht, Stand 05.09.2026). EU-Zulassung 16.07.2021, vom Zulassungsinhaber zurückgezogen 18.11.2021; bluebird bio zog sich 2021 aus Europa zurück, keine Markteinführung in Deutschland.",decisions_gba.csv,skysona,2021-07-16,stated by agent,,2022-09-16,,,False
Aucatzyl,Germany,Germany,G-BA,ALL_adult,,2025-07-17,,,not-found,unknown,,,,,,,,,https://www.g-ba.de/bewertungsverfahren/nutzenbewertung/,2026-09-05,not-found,Kein Nutzenbewertungsverfahren zu Obecabtagen autoleucel im G-BA-Register (Stand 05.09.2026); keine Markteinführung in Deutschland nachweisbar.,decisions_gba.csv,aucatzyl,2025-07-17,stated by agent,,2024-11-08,,,False
Adstiladrin,Germany,Germany,G-BA,NMIBC_BCGunresp,,2026-05-28,,,not-found,unknown,,,,,,,ATMP-Qualitätssicherungs-Richtlinie: Information über ein Beratungsergebnis zur Beurteilung der Erforderlichkeit eines Beschlusses – Nadofaragen firadenovec (28.07.2026),,https://www.g-ba.de/beschluesse/7950/,2026-09-05,not-found,Kein Nutzenbewertungsverfahren im G-BA-Register (Stand 05.09.2026); ATMP-QS-Beratungsergebnis 28.07.2026 deutet auf bevorstehende Markteinführung.,decisions_gba.csv,adstiladrin,2026-05-28,stated by agent,,2022-12-16,,,False
Waskyra,Germany,Germany,G-BA,WAS,,2026-01-09,,,not-found,unknown,,,,,,,ATMP-Qualitätssicherungs-Richtlinie: Information über ein Beratungsergebnis zur Beurteilung der Erforderlichkeit eines Beschlusses – Etuvetidigene autotemcel (10.02.2026),,https://www.g-ba.de/beschluesse/7684/,2026-09-05,not-found,Kein Nutzenbewertungsverfahren im G-BA-Register (Stand 05.09.2026).,decisions_gba.csv,waskyra,2026-01-09,stated by agent,,2025-12-09,,,False
Beqvez / Durveqtix,Germany,Germany,G-BA,HEMB_adult,,2024-07-24,2023-10-05,,terminated-or-withdrawn,none,AbD-Beratungsverfahren 2023-AbD-006 eingeleitet 05.10.2023; Stellungnahmeverfahren zur Beschränkung der Versorgungsbefugnis eingeleitet 06.02.2024; Verfahren ruhend.,,,,,G-BA: Die Zulassung für den Wirkstoff Fidanacogen elaparvovec wurde widerrufen.,"Anwendungsbegleitende Datenerhebung – Fidanacogen elaparvovec (Hämophilie B), Verfahren ruhend",2023-AbD-006,https://www.g-ba.de/anwendungsbegleitende-datenerhebung-verfahren/11/,2026-09-05,verified-from-source,Kein § 35a-Nutzenbewertungsverfahren (keine Markteinführung in Deutschland). EU-Zulassung zurückgezogen 15.05.2025 (Pfizer stellte Vermarktung ein).,decisions_gba.csv,beqvez,2024-07-24,stated by agent,,2024-04-25,,,False
Strimvelis,Germany,Germany,G-BA,ADA_SCID,,2016-05-26,,,not-submitted,none,,,,,,,,,https://www.g-ba.de/bewertungsverfahren/nutzenbewertung/,2026-09-05,not-found,"Kein Nutzenbewertungsverfahren im G-BA-Register; Behandlung nur am San Raffaele (Mailand), kein deutscher Markteintritt.",decisions_gba.csv,strimvelis,2016-05-26,stated by agent,,,,,False
Amtagvi,Germany,Germany,G-BA,MEL_2L,,,2025-06-05,,not-submitted,none,"AbD-Beratungsverfahren Lifileucel eingeleitet 05.06.2025, eingestellt; ATMP-QS-Beratungsverfahren 17.04.2025, eingestellt 20.11.2025.",,,,,,Anwendungsbegleitende Datenerhebung – Lifileucel (Verfahren eingestellt); ATMP-QS-RL – Einstellung eines Beratungsverfahrens 20.11.2025,,https://www.g-ba.de/anwendungsbegleitende-datenerhebung-verfahren/22/,2026-09-05,verified-from-source,Keine EU-Zulassung (MAA zurückgezogen); G-BA hatte vorbereitende AbD-/QS-Verfahren begonnen und eingestellt.,decisions_gba.csv,amtagvi,,cohort EU authorisation,,2024-02-16,,,False
Elevidys,Germany,Germany,G-BA,DMD,,,2025-02-06,,not-submitted,none,"ATMP-QS-Beratungsverfahren Delandistrogene moxeparvovec 06.02.2025, eingestellt 20.11.2025.",,,,,,ATMP-Qualitätssicherungs-Richtlinie – Einstellung eines Beratungsverfahrens: Delandistrogene moxeparvovec (20.11.2025),,https://www.g-ba.de/beschluesse/7544/,2026-09-05,verified-from-source,Keine EU-Zulassung (negatives CHMP-Votum); kein § 35a-Verfahren.,decisions_gba.csv,elevidys,2023-06-22,cohort FDA approval,,2023-06-22,,,False
Encelto,Germany,Germany,G-BA,MacTel2,,,,,not-submitted,none,,,,,,,,,,2026-09-05,not-found,Keine EU-Zulassung; kein G-BA-Verfahren (Stand 05.09.2026).,decisions_gba.csv,encelto,2025-03-05,cohort FDA approval,,2025-03-05,,,False
Genglycos,Germany,Germany,G-BA,GSD1a,,,,,not-submitted,none,,,,,,,,,,2026-09-05,not-found,Keine EU-Zulassung; kein G-BA-Verfahren (Stand 05.09.2026).,decisions_gba.csv,genglycos,2026-08-19,cohort FDA approval,,2026-08-19,,,False
Kresladi,Germany,Germany,G-BA,LAD1,,,,,not-submitted,none,,,,,,,,,,2026-09-05,not-found,Keine EU-Zulassung; kein G-BA-Verfahren (Stand 05.09.2026).,decisions_gba.csv,kresladi,2026-03-26,cohort FDA approval,,2026-03-26,,,False
Lantidra,Germany,Germany,G-BA,T1D,,,,,not-submitted,none,,,,,,,,,,2026-09-05,not-found,Keine EU-Zulassung; kein G-BA-Verfahren (Stand 05.09.2026).,decisions_gba.csv,lantidra,,cohort EU authorisation,,2023-06-28,,,False
Lyfgenia,Germany,Germany,G-BA,SCD,,,,,not-submitted,none,,,,,,,,,,2026-09-05,not-found,Keine EU-Zulassung; kein G-BA-Verfahren (Stand 05.09.2026).,decisions_gba.csv,lyfgenia,,cohort EU authorisation,,2023-12-08,,,False
Omisirge,Germany,Germany,G-BA,HSCT_cord,,,,,not-submitted,none,,,,,,,,,,2026-09-05,not-found,Keine EU-Zulassung; kein G-BA-Verfahren (Stand 05.09.2026).,decisions_gba.csv,omisirge,,cohort EU authorisation,,2023-04-17,,,False
Otarmeni,Germany,Germany,G-BA,OTOF_hearing,,,,,not-submitted,none,,,,,,,,,,2026-09-05,not-found,Keine EU-Zulassung; kein G-BA-Verfahren (Stand 05.09.2026).,decisions_gba.csv,otarmeni,2026-04-23,cohort FDA approval,,2026-04-23,,,False
Papzimeos,Germany,Germany,G-BA,RRP,,,,,not-submitted,none,,,,,,,,,,2026-09-05,not-found,Keine EU-Zulassung; kein G-BA-Verfahren (Stand 05.09.2026).,decisions_gba.csv,papzimeos,,cohort EU authorisation,,2025-08-14,,,False
Ryoncil,Germany,Germany,G-BA,aGVHD_ped,,,,,not-submitted,none,,,,,,,,,,2026-09-05,not-found,Keine EU-Zulassung; kein G-BA-Verfahren (Stand 05.09.2026).,decisions_gba.csv,ryoncil,,cohort EU authorisation,,2024-12-19,,,False
Tecelra,Germany,Germany,G-BA,synovial_sarcoma,,,,,not-submitted,none,,,,,,,,,,2026-09-05,not-found,Keine EU-Zulassung; kein G-BA-Verfahren (Stand 05.09.2026).,decisions_gba.csv,tecelra,2024-08-01,cohort FDA approval,,2024-08-01,,,False
Tregzi,Germany,Germany,G-BA,HSCT_Treg,,,,,not-submitted,none,,,,,,,,,,2026-09-05,not-found,Keine EU-Zulassung; kein G-BA-Verfahren (Stand 05.09.2026).,decisions_gba.csv,tregzi,2026-07-01,cohort FDA approval,,2026-07-01,,,False
Tudriqev,Germany,Germany,G-BA,MEL,,,,,not-submitted,none,,,,,,,,,,2026-09-05,not-found,Keine EU-Zulassung; kein G-BA-Verfahren (Stand 05.09.2026).,decisions_gba.csv,tudriqev,2026-08-06,cohort FDA approval,,2026-08-06,,,False
Zevaskyn,Germany,Germany,G-BA,RDEB,,,,,not-submitted,none,,,,,,,,,,2026-09-05,not-found,Keine EU-Zulassung; kein G-BA-Verfahren (Stand 05.09.2026).,decisions_gba.csv,zevaskyn,2025-04-28,cohort FDA approval,,2025-04-28,,,False
Yescarta,France,France,HAS-CT,LBCL_3L,le service médical rendu par YESCARTA est important dans les indications de l’AMM.,2018-08-23,,2018-12-05,recommended,unknown,,SMR Important; ASMR III,,,,"Compte tenu : • des données d’efficacité pertinentes obtenues à court terme sur la réponse complète (environ 50% de la population ITT) et sur la survie globale dans des situations cliniques engageant le pronostic vital et pour lesquelles les options thérapeutiques sont limitées et ne permettent pas d’envisager une rémission, • des incertitudes sur la quantité d’effet faute de comparaison directe à la prise en charge habituelle, et sur le maintien de l’efficacité clinique à plus long terme, • de la toxicité significative à court terme et de l’absence de donnée de tolérance à long terme, la Commission considère qu’en l’état actuel des données, YESCARTA apporte une amélioration du service médical rendu modérée (ASMR III) en termes d’efficacité par rapport à la prise en charge actuelle du lymphome diffus à grandes cellules B et du lymphome médiastinal primitif à grandes cellules B réfractaire ou en rechute, après au moins deux lignes de traitement systémique.",Avis de la Commission de la Transparence du 05/12/2018 - YESCARTA - Inscription (CT),CT-17214,https://www.has-sante.fr/jcms/c_2888882,2026-09-05,verified-from-source,"avis type: initial inscription; motif BDPM: Inscription (CT). SMR/ASMR and wording from the Base de données publique des médicaments extracts (CIS_HAS_SMR_bdpm.txt, CIS_HAS_ASMR_bdpm.txt), which quote the avis conclusions; full avis PDF on has-sante.fr not fetchable (403 to curl, WebFetch aborted). population cible: not retrieved (full avis not accessible) | status set to verified-from-source in the merge: official BDPM extract of the avis",decisions_has.csv,yescarta,2018-08-23,stated by agent,2018-12-05,2017-10-18,3.4,13.6,True
Kymriah,France,France,HAS-CT,LBCL_3L,Le service médical rendu par KYMRIAH est important dans l’indication de l’AMM.,2018-08-23,,2018-12-12,recommended,unknown,,SMR Important; ASMR IV,,,,"Compte tenu : • des données d’efficacité obtenues à court terme sur la réponse complète (environ 24% de la population ITT) et sur la survie globale avec une médiane de suivi d’environ 7 mois, dans des situations cliniques engageant le pronostic vital et pour lesquelles les options thérapeutiques sont limitées et ne permettent pas d’envisager une rémission, • des incertitudes sur la quantité d’effet faute de comparaison directe à la prise en charge habituelle, et sur le maintien de l’efficacité clinique à plus long terme, • de la toxicité significative à court terme et de l’absence de donnée de tolérance à long terme, la Commission considère qu’en l’état actuel des données, KYMRIAH apporte une amélioration du service médical rendu mineure (ASMR IV) en termes d’efficacité par rapport à la prise en charge historique du lymphome diffus à grandes cellules B réfractaire ou en rechute, après au moins deux lignes de traitement systémique, fondée sur diverses chimiothérapies.",Avis de la Commission de la Transparence du 12/12/2018 - KYMRIAH - Inscription (CT),CT-17238,https://www.has-sante.fr/jcms/c_2891692,2026-09-05,verified-from-source,"avis type: initial inscription; motif BDPM: Inscription (CT). SMR/ASMR and wording from the Base de données publique des médicaments extracts (CIS_HAS_SMR_bdpm.txt, CIS_HAS_ASMR_bdpm.txt), which quote the avis conclusions; full avis PDF on has-sante.fr not fetchable (403 to curl, WebFetch aborted). population cible: not retrieved (full avis not accessible) | status set to verified-from-source in the merge: official BDPM extract of the avis",decisions_has.csv,kymriah,2018-08-23,stated by agent,2018-12-12,2017-08-30,3.6,15.4,True
Kymriah,France,France,HAS-CT,ALL_ped,"Le service médical rendu par KYMRIAH est important dans le traitement des enfants et jeunes adultes jusqu’à 25 ans atteints de leucémie aigüe lymphoblastique à cellules B réfractaire, en rechute après greffe ou après la deuxième rechute ou plus.",2018-08-23,,2018-12-12,recommended,unknown,,SMR Important; ASMR III,,,,"Compte tenu : • des données d’efficacité montrant un pourcentage élevé de rémissions complètes à 3 mois (environ 67% de la population ITT) maintenues chez environ 40% des patients après un suivi médian de 9 mois, • chez des patients âgés de 12 ans en moyenne, en majorité lourdement prétraités et dans des situations cliniques pour lesquelles les options thérapeutiques disponibles sont limitées et ne permettent pas d’envisager une rémission complète, • des incertitudes sur la quantité d’effet faute de comparaison directe à la prise en charge habituelle dans un contexte où celle-ci était difficilement réalisable, et sur le maintien de l’efficacité clinique à plus long terme, • et de la toxicité significative à court terme et de l’absence de donnée de tolérance à long terme, la Commission considère que KYMRIAH apporte une amélioration du service médical rendu modérée (ASMR III) dans la stratégie de prise en charge des enfants et jeunes adultes atteints de LAL B réfractaire, en rechute après greffe ou après la deuxième rechute ou plus.",Avis de la Commission de la Transparence du 12/12/2018 - KYMRIAH - Inscription (CT),CT-17202,https://www.has-sante.fr/jcms/c_2891689,2026-09-05,verified-from-source,"avis type: initial inscription; motif BDPM: Inscription (CT). SMR/ASMR and wording from the Base de données publique des médicaments extracts (CIS_HAS_SMR_bdpm.txt, CIS_HAS_ASMR_bdpm.txt), which quote the avis conclusions; full avis PDF on has-sante.fr not fetchable (403 to curl, WebFetch aborted). population cible: not retrieved (full avis not accessible) | status set to verified-from-source in the merge: official BDPM extract of the avis",decisions_has.csv,kymriah,2018-08-23,stated by agent,2018-12-12,2017-08-30,3.6,15.4,True
Alofisel,France,France,HAS-CT,CROHN_FISTULA,"Dans le seul traitement des fistules périanales complexes non compliquées chez les adultes atteints de maladie de Crohn luminale non active/légèrement active, en association à une biothérapie, lorsque ces fistules ont répondu de manière inadéquate à au moins une biothérapie, et aux posologies de l’AMM, la Commission considère que le service médical rendu par ALOFISEL 5 millions de cellules/mL, suspension injectable est important.",2018-03-23,,2019-02-06,recommended-restricted,unknown,,SMR Important; ASMR IV,,,,"Dans le traitement des fistules périanales complexes non compliquées, chez les adultes atteints de maladie de Crohn non active/légèrement active, lorsque ces fistules ont répondu de manière inadéquate à au moins une biothérapie : Compte tenu : • de la démonstration, après 24 semaines de traitement, de la supériorité de l’administration d’une injection de darvadstrocel, en association à une biothérapie, par rapport au placebo sur la proportion de patients en rémission définie comme la fermeture de tous les orifices fistuleux externes malgré une pression douce au doigt + absence de collection > 2 cm en IRM, (critère de jugement principal), • du niveau de preuve élevé de cette démonstration (étude de phase III comparative randomisée et en double aveugle) dans un contexte de maladie rare, grave et invalidante, • de la quantité d’effet supplémentaire jugée modérée sur le critère de jugement principal, et dont la pertinence clinique est limitée en l’absence de différence statistiquement significative démontrée sur les deux critères de jugement secondaires hiérarchisés, • du profil de tolérance favorable à court terme (jusqu’à 52 semaines) avec des incertitudes à long terme (notamment la prise en charge des récidives), • du besoin médical mal couvert après échec ou réponse inadéquate à au moins une biothérapie, ALOFISEL apporte une amélioration du service médical rendu mineure (ASMR IV) dans le traitement des fistules périanales complexes non compliquées, chez les adultes atteints de maladie de Crohn non active/légèrement active, en association à une biothérapie, lorsque ces fistules ont répondu de manière inadéquate à au moins une biothérapie.",Avis de la Commission de la Transparence du 06/02/2019 - ALOFISEL - Inscription (CT),CT-17069,https://www.has-sante.fr/jcms/c_2904636,2026-09-05,verified-from-source,"avis type: initial inscription; motif BDPM: Inscription (CT). SMR/ASMR and wording from the Base de données publique des médicaments extracts (CIS_HAS_SMR_bdpm.txt, CIS_HAS_ASMR_bdpm.txt), which quote the avis conclusions; full avis PDF on has-sante.fr not fetchable (403 to curl, WebFetch aborted). population cible: not retrieved (full avis not accessible) | status set to verified-from-source in the merge: official BDPM extract of the avis",decisions_has.csv,alofisel,2018-03-23,stated by agent,2019-02-06,,10.5,,True
Alofisel,France,France,HAS-CT,CROHN_FISTULA,"Dans les autres situations, la Commission considère que le service médical rendu par ALOFISEL 5 millions de cellules/mL, suspension injectable est insuffisant pour justifier la prise en charge par la solidarité nationale, notamment après échec ou réponse inadéquate aux seuls traitements conventionnels.",2018-03-23,,2019-02-06,not-recommended,none,,SMR insuffisant; ASMR sans objet,,,,"Dans les autres situations, la Commission considère que le service médical rendu par ALOFISEL 5 millions de cellules/mL, suspension injectable est insuffisant pour justifier la prise en charge par la solidarité nationale, notamment après échec ou réponse inadéquate aux seuls traitements conventionnels.",Avis de la Commission de la Transparence du 06/02/2019 - ALOFISEL - Inscription (CT),CT-17069,https://www.has-sante.fr/jcms/c_2904636,2026-09-05,verified-from-source,"avis type: initial inscription; motif BDPM: Inscription (CT). SMR/ASMR and wording from the Base de données publique des médicaments extracts (CIS_HAS_SMR_bdpm.txt, CIS_HAS_ASMR_bdpm.txt), which quote the avis conclusions; full avis PDF on has-sante.fr not fetchable (403 to curl, WebFetch aborted). population cible: not retrieved (full avis not accessible) (row for the SMR insuffisant sub-population of the same avis) | status set to verified-from-source in the merge: official BDPM extract of the avis",decisions_has.csv,alofisel,2018-03-23,stated by agent,2019-02-06,,10.5,,True
Luxturna,France,France,HAS-CT,RPE65,"Le service médical rendu par LUXTURNA 5 x 1012 génomes de vecteur/ml, solution à diluer, est important dans l’indication de l’AMM.",2018-11-22,,2019-04-03,recommended,unknown,,SMR Important; ASMR II,,,,"Prenant en compte : • la qualité de la démonstration de l’efficacité de LUXTURNA dans une étude de phase III versus l’absence de traitement, randomisée, multicentrique, et malgré le caractère ouvert de l’étude, • la pertinence du critère de jugement principal évaluant la vision fonctionnelle des patients par un test de mobilité en ambiance lumineuse variable (MLMT) et la pertinence clinique de l’effet observé après 1 an de suivi par rapport à l’absence de traitement, • le besoin médical non couvert dans une maladie invalidante et évoluant vers la cécité, • l’absence de démonstration robuste d’un effet de LUXTURNA sur la qualité de vie, la Commission considère que LUXTURNA 5 x 1012 génomes de vecteur/ml, solution à diluer injectable, apporte une amélioration du service médical rendu importante (ASMR II) dans la prise en charge des patients adultes et pédiatriques ayant une perte visuelle due à une dystrophie rétinienne héréditaire résultant de mutations bi-alléliques confirmées du gène RPE65 et possédant suffisamment de cellules rétiniennes viables.",Avis de la Commission de la Transparence du 03/04/2019 - LUXTURNA - Inscription (CT),CT-17535,https://web.archive.org/web/20191112230609/https://www.has-sante.fr/upload/docs/evamed/CT-17535_LUXTURNA_PIC_INS_Avis2_CT17535.pdf,2026-09-05,verified-from-source,"avis type: initial inscription; motif BDPM: Inscription (CT). Full avis PDF read via Wayback Machine. population cible: 34-171 (avis: 62 à 311 patients avec mutations RPE65, dont environ 55 % avec cellules viables suffisantes)",decisions_has.csv,luxturna,2018-11-22,stated by agent,2019-04-03,2017-12-19,4.3,15.4,True
Zolgensma,France,France,HAS-CT,SMA_5q,"Le service médical rendu par ZOLGENSMA (onasemnogene abeparvovec) est important dans le traitement des patients atteints d’amyotrophie spinale 5q (mutation bi allélique du gène SMN1), avec un diagnostic clinique de SMA de type I et II, ou des patients pré-symptomatiques, et ayant jusqu’à 3 copies du gène SMN2.",2020-05-18,,2020-12-16,recommended-restricted,unknown,,SMR Important; ASMR III,,,,"ZOLGENSMA (onasemnogene abeparvovec) apporte une amélioration du service médical rendu modérée (ASMR III), au même titre que SPINRAZA (nusinersen), dans la stratégie thérapeutique : • des patients atteints de SMA de type I, • des patients pré-symptomatiques avec un diagnostic génétique de SMA (mutation bi-allélique du gène SMN1) et 1 à 2 copies du gène SMN2.",Avis de la Commission de la Transparence du 16/12/2020 - ZOLGENSMA - Inscription (CT),CT-18743,https://www.has-sante.fr/jcms/p_3224937,2026-09-05,verified-from-source,"avis type: initial inscription; motif BDPM: Inscription (CT). SMR/ASMR and wording from the Base de données publique des médicaments extracts (CIS_HAS_SMR_bdpm.txt, CIS_HAS_ASMR_bdpm.txt), which quote the avis conclusions; full avis PDF on has-sante.fr not fetchable (403 to curl, WebFetch aborted). population cible: not retrieved (full avis not accessible) | status set to verified-from-source in the merge: official BDPM extract of the avis",decisions_has.csv,zolgensma,2020-05-18,stated by agent,2020-12-16,2019-05-24,7.0,18.8,True
Zolgensma,France,France,HAS-CT,SMA_5q,"Le service médical rendu par ZOLGENSMA (onasemnogene abeparvovec) est important dans le traitement des patients atteints d’amyotrophie spinale 5q (mutation bi allélique du gène SMN1), avec un diagnostic clinique de SMA de type I et II, ou des patients pré-symptomatiques, et ayant jusqu’à 3 copies du gène SMN2.",2020-05-18,,2020-12-16,recommended-restricted,unknown,,SMR Important; ASMR V,,,,"ZOLGENSMA (onasemnogene abeparvovec) n’apporte pas d’amélioration du service médical rendu (ASMR V) dans la stratégie thérapeutique, excluant SPINRAZA (nusinersen) : • des patients atteints de SMA de type II, • des patients pré-symptomatiques avec un diagnostic génétique de SMA (mutation bi-allélique du gène SMN1) et 3 copies du gène SMN2.",Avis de la Commission de la Transparence du 16/12/2020 - ZOLGENSMA - Inscription (CT),CT-18743,https://www.has-sante.fr/jcms/p_3224937,2026-09-05,verified-from-source,"avis type: initial inscription; motif BDPM: Inscription (CT). SMR/ASMR and wording from the Base de données publique des médicaments extracts (CIS_HAS_SMR_bdpm.txt, CIS_HAS_ASMR_bdpm.txt), which quote the avis conclusions; full avis PDF on has-sante.fr not fetchable (403 to curl, WebFetch aborted). population cible: not retrieved (full avis not accessible) | status set to verified-from-source in the merge: official BDPM extract of the avis",decisions_has.csv,zolgensma,2020-05-18,stated by agent,2020-12-16,2019-05-24,7.0,18.8,True
Zolgensma,France,France,HAS-CT,SMA_5q,Le service médical rendu par ZOLGENSMA (onasemnogene abeparvovec) est insuffisant pour justifier d’une prise en charge par la solidarité nationale dans le traitement des patients atteints d’amyotrophie spinale 5q (mutation bi allélique du gène SMN1) avec un diagnostic clinique de SMA de type III.,2020-05-18,,2020-12-16,not-recommended,none,,SMR insuffisant; ASMR sans objet,,,,Le service médical rendu par ZOLGENSMA (onasemnogene abeparvovec) est insuffisant pour justifier d’une prise en charge par la solidarité nationale dans le traitement des patients atteints d’amyotrophie spinale 5q (mutation bi allélique du gène SMN1) avec un diagnostic clinique de SMA de type III.,Avis de la Commission de la Transparence du 16/12/2020 - ZOLGENSMA - Inscription (CT),CT-18743,https://www.has-sante.fr/jcms/p_3224937,2026-09-05,verified-from-source,"avis type: initial inscription; motif BDPM: Inscription (CT). SMR/ASMR and wording from the Base de données publique des médicaments extracts (CIS_HAS_SMR_bdpm.txt, CIS_HAS_ASMR_bdpm.txt), which quote the avis conclusions; full avis PDF on has-sante.fr not fetchable (403 to curl, WebFetch aborted). population cible: not retrieved (full avis not accessible) (row for the SMR insuffisant sub-population of the same avis) | status set to verified-from-source in the merge: official BDPM extract of the avis",decisions_has.csv,zolgensma,2020-05-18,stated by agent,2020-12-16,2019-05-24,7.0,18.8,True
Yescarta,France,France,HAS-CT,LBCL_3L,Le service médical rendu par YESCARTA (axicabtagene ciloleucel) reste important dans l’indication de l’AMM.,2018-08-23,,2021-03-24,recommended,unknown,,SMR Important; ASMR III,,,,"La Commission considère que ses précédentes conclusions ne sont pas susceptibles d’être modifiées. En l’état actuel des données, YESCARTA (axicabtagene ciloleucel) apporte toujours une amélioration du service médical rendu modérée (ASMR III) en termes d’efficacité par rapport à la prise en charge historique du lymphome diffus à grandes cellules B et du lymphome médiastinal primitif à grande cellule B réfractaire ou en rechute, après au moins deux lignes de traitement systémique, fondée sur diverses chimiothérapies.",Avis de la Commission de la Transparence du 24/03/2021 - YESCARTA - Réévaluation SMR et ASMR,CT-19018,https://www.has-sante.fr/jcms/p_3262244,2026-09-05,verified-from-source,"avis type: re-evaluation; motif BDPM: Réévaluation SMR et ASMR. SMR/ASMR and wording from the Base de données publique des médicaments extracts (CIS_HAS_SMR_bdpm.txt, CIS_HAS_ASMR_bdpm.txt), which quote the avis conclusions; full avis PDF on has-sante.fr not fetchable (403 to curl, WebFetch aborted). regulatory_approval_date is the initial EU MA date; the EU extension date was not retrieved here. population cible: not retrieved (full avis not accessible) | status set to verified-from-source in the merge: official BDPM extract of the avis",decisions_has.csv,yescarta,2018-08-23,stated by agent,2021-03-24,2017-10-18,31.0,41.2,True
Kymriah,France,France,HAS-CT,LBCL_3L,Le service médical rendu par KYMRIAH (tisagenlecleucel) reste important dans l’indication de l’AMM.,2018-08-23,,2021-03-24,recommended,unknown,,SMR Important; ASMR IV,,,,"La Commission considère que ses précédentes conclusions ne sont pas susceptibles d’être modifiées. En l’état actuel des données, KYMRIAH (tisagenlecleucel) apporte toujours une amélioration du service médical rendu mineure (ASMR IV) en termes d’efficacité par rapport à la prise en charge historique du lymphome diffus à grandes cellules B réfractaire ou en rechute, après au moins deux lignes de traitement systémique, fondée sur diverses chimiothérapies.",Avis de la Commission de la Transparence du 24/03/2021 - KYMRIAH - Réévaluation SMR et ASMR,CT-19042,https://www.has-sante.fr/jcms/p_3262259,2026-09-05,verified-from-source,"avis type: re-evaluation; motif BDPM: Réévaluation SMR et ASMR. SMR/ASMR and wording from the Base de données publique des médicaments extracts (CIS_HAS_SMR_bdpm.txt, CIS_HAS_ASMR_bdpm.txt), which quote the avis conclusions; full avis PDF on has-sante.fr not fetchable (403 to curl, WebFetch aborted). regulatory_approval_date is the initial EU MA date; the EU extension date was not retrieved here. population cible: not retrieved (full avis not accessible) | status set to verified-from-source in the merge: official BDPM extract of the avis",decisions_has.csv,kymriah,2018-08-23,stated by agent,2021-03-24,2017-08-30,31.0,42.8,True
Kymriah,France,France,HAS-CT,ALL_ped,"Le service médical rendu par KYMRIAH (tisagenlecleucel) est important dans le traitement des enfants et jeunes adultes jusqu’à 25 ans atteints de leucémie aigüe lymphoblastique à cellules B réfractaire, en rechute après greffe ou après la deuxième rechute ou plus.",2018-08-23,,2021-03-24,recommended,unknown,,SMR Important; ASMR III,,,,"Compte tenu : • des données d’efficacité actualisées des études cliniques ELIANA et ENSIGN qui confirment les résultats précédemment analysés, notamment en termes de pourcentage de rémissions complètes (60 à 67% de la population ITT maintenues chez au moins un tiers des patients après un suivi médian de plus de 3 ans) et de survie globale (chez les patients traités médiane de 29,9 mois dans ENSIGN et toujours non atteinte dans ELIANA), dans des situations cliniques engageant le pronostic vital à court terme pour lesquelles les options thérapeutiques disponibles sont limitées et ne permettent pas d’envisager une guérison, • de l’actualisation des résultats des comparaisons indirectes qui, malgré leurs limites, suggèrent un bénéfice de KYMRIAH (tisagenlecleucel) par rapport aux traitements standards, • du profil de tolérance marqué par une toxicité significative à court terme, • mais des incertitudes initiales identifiées qui perdurent malgré la demande de la CT, en particulier : o la quantité d’effet exacte par rapport à la prise en charge historique, faute de comparaison robuste, o de l’efficacité en vie réelle au regard de l’immaturité des données du registre DESCAR-T (18 patients traités, 6 centres activés, nombreuses données manquantes et non monitorées), ne permettant pas de confirmer à ce stade les résultats des études cliniques, o le maintien de l’efficacité clinique à moyen et long terme, notamment sur l’obtention de guérisons pour les patients en rémission durable, o et l’absence de données de tolérance à moyen et long terme la Commission considère que ses précédentes conclusions ne sont pas susceptibles d’être modifiées. En l’état actuel des données, KYMRIAH (tisagenlecleucel) apporte toujours une amélioration du service médical rendu modérée (ASMR III) dans la stratégie thérapeutique de prise en charge de enfants et jeunes adultes atteints de LAL B réfractaire, en rechute après greffe ou après la deuxième rechute ou plus.",Avis de la Commission de la Transparence du 24/03/2021 - KYMRIAH - Réévaluation SMR et ASMR,CT-19040,https://www.has-sante.fr/jcms/p_3262256,2026-09-05,verified-from-source,"avis type: re-evaluation; motif BDPM: Réévaluation SMR et ASMR. SMR/ASMR and wording from the Base de données publique des médicaments extracts (CIS_HAS_SMR_bdpm.txt, CIS_HAS_ASMR_bdpm.txt), which quote the avis conclusions; full avis PDF on has-sante.fr not fetchable (403 to curl, WebFetch aborted). regulatory_approval_date is the initial EU MA date; the EU extension date was not retrieved here. population cible: not retrieved (full avis not accessible) | status set to verified-from-source in the merge: official BDPM extract of the avis",decisions_has.csv,kymriah,2018-08-23,stated by agent,2021-03-24,2017-08-30,31.0,42.8,True
Lenmeldy / Libmeldy,France,France,HAS-CT,MLD_early,"Le service médical rendu par LIBMELDY (Population autologue enrichie en cellules CD34+ qui contient des cellules souches progénitrices hématopoïétiques transduites ex vivo avec un vecteur lentiviral codant le gène de l’arylsulfatase A humaine) est important uniquement chez les enfants asymptomatiques sans manifestation clinique de la maladie, que ce soit en termes d’atteinte motrice, cognitive et/ou comportementale, atteints de la forme infantile tardive (se manifestant avant 30 mois) ou juvénile précoce (se manifestant entre 30 mois et 6 ans inclus) de leucodystrophie métachromatique.",2020-12-17,,2021-04-21,recommended-restricted,unknown,,SMR Important; ASMR III,,,,"LIBMELDY apporte une amélioration du service médical rendu modérée (ASMR III) dans la prise en charge des enfants asymptomatiques sans manifestation clinique de la maladie, que ce soit en termes d’atteinte motrice, cognitive et/ou comportementale, atteints de forme infantile tardive (se manifestant avant 30 mois) ou juvénile précoce (se manifestant entre 30 mois et 6 ans inclus) de leucodystrophie métachromatique.",Avis de la Commission de la Transparence du 21/04/2021 - LENMELDY / LIBMELDY - Inscription (CT),CT-18847,https://www.has-sante.fr/jcms/p_3263243,2026-09-05,verified-from-source,"avis type: initial inscription; motif BDPM: Inscription (CT). SMR/ASMR and wording from the Base de données publique des médicaments extracts (CIS_HAS_SMR_bdpm.txt, CIS_HAS_ASMR_bdpm.txt), which quote the avis conclusions; full avis PDF on has-sante.fr not fetchable (403 to curl, WebFetch aborted). population cible: not retrieved (full avis not accessible) | status set to verified-from-source in the merge: official BDPM extract of the avis",decisions_has.csv,lenmeldy,2020-12-17,stated by agent,2021-04-21,2024-03-18,4.1,-34.9,True
Lenmeldy / Libmeldy,France,France,HAS-CT,MLD_early,"Le service médical rendu par LIBMELDY (Population autologue enrichie en cellules CD34+ qui contient des cellules souches progénitrices hématopoïétiques transduites ex vivo avec un vecteur lentiviral codant le gène de l’arylsulfatase A humaine) est insuffisant pour justifier d’une prise en charge par la solidarité nationale chez les autres enfants du périmètre de l’AMM correspondant aux enfants symptomatiques, présentant des manifestations cliniques précoces de la maladie, qui ont conservé la capacité de marcher indépendamment et avant l’apparition du déclin cognitif, atteints de la forme juvénile précoce (se manifestant entre 30 mois et 6 ans inclus) de leucodystrophie métachromatique.",2020-12-17,,2021-04-21,not-recommended,none,,SMR insuffisant; ASMR sans objet,,,,"Le service médical rendu par LIBMELDY (Population autologue enrichie en cellules CD34+ qui contient des cellules souches progénitrices hématopoïétiques transduites ex vivo avec un vecteur lentiviral codant le gène de l’arylsulfatase A humaine) est insuffisant pour justifier d’une prise en charge par la solidarité nationale chez les autres enfants du périmètre de l’AMM correspondant aux enfants symptomatiques, présentant des manifestations cliniques précoces de la maladie, qui ont conservé la capacité de marcher indépendamment et avant l’apparition du déclin cognitif, atteints de la forme juvénile précoce (se manifestant entre 30 mois et 6 ans inclus) de leucodystrophie métachromatique.",Avis de la Commission de la Transparence du 21/04/2021 - LENMELDY / LIBMELDY - Inscription (CT),CT-18847,https://www.has-sante.fr/jcms/p_3263243,2026-09-05,verified-from-source,"avis type: initial inscription; motif BDPM: Inscription (CT). SMR/ASMR and wording from the Base de données publique des médicaments extracts (CIS_HAS_SMR_bdpm.txt, CIS_HAS_ASMR_bdpm.txt), which quote the avis conclusions; full avis PDF on has-sante.fr not fetchable (403 to curl, WebFetch aborted). population cible: not retrieved (full avis not accessible) (row for the SMR insuffisant sub-population of the same avis) | status set to verified-from-source in the merge: official BDPM extract of the avis",decisions_has.csv,lenmeldy,2020-12-17,stated by agent,2021-04-21,2024-03-18,4.1,-34.9,True
Tecartus,France,France,HAS-CT,MCL_3L,Le service médical rendu par TECARTUS (cellules autologues CD3+ transduites anti-CD19) est important dans l’indication de l’AMM.,2020-12-14,,2021-04-21,recommended,unknown,,SMR Important; ASMR III,,,,"Compte tenu : • des données d’efficacité pertinentes à court terme issues d’une étude de phase II non comparative (ZUMA-2) en termes de réponse complète (environ 60 % de la population ITT) et de survie globale (69 % des patients en vie avec un suivi médian théorique de 16,8 mois), dans des situations cliniques engageant le pronostic vital pour lesquelles les options thérapeutiques sont limitées et ne permettent pas d’envisager de rémission prolongée telles qu’observées, et malgré la pertinence clinique discutable du critère de jugement principal (taux de réponse globale) et l’immaturité des données, • des incertitudes sur la quantité d’effet faute de comparaison directe à la prise en charge habituelle et des limites des comparaisons indirectes effectués, • des incertitudes sur le maintien de l’efficacité clinique à plus long terme et notamment sur l’obtention de guérisons chez les patients en rémission durable, • de la toxicité significative à court terme et de l’absence de donnée de tolérance à long terme, la Commission considère qu’en l’état actuel des données, TECARTUS (cellules autologues CD3+ transduites anti-CD19) apporte une amélioration du service médical rendu modérée (ASMR III) en termes d’efficacité par rapport à la prise en charge actuelle du lymphome à cellule du manteau (LCM) réfractaire ou en rechute après au moins deux lignes de traitement systémique dont un traitement par un inhibiteur de tyrosine kinase de Bruton.",Avis de la Commission de la Transparence du 21/04/2021 - TECARTUS - Inscription (CT),CT-19043,https://www.has-sante.fr/jcms/p_3265892,2026-09-05,verified-from-source,"avis type: initial inscription; motif BDPM: Inscription (CT). SMR/ASMR and wording from the Base de données publique des médicaments extracts (CIS_HAS_SMR_bdpm.txt, CIS_HAS_ASMR_bdpm.txt), which quote the avis conclusions; full avis PDF on has-sante.fr not fetchable (403 to curl, WebFetch aborted). population cible: not retrieved (full avis not accessible) | status set to verified-from-source in the merge: official BDPM extract of the avis",decisions_has.csv,tecartus,2020-12-14,stated by agent,2021-04-21,2020-07-24,4.2,8.9,True
Zolgensma,France,France,HAS-CT,SMA_5q,"Le service médical rendu par ZOLGENSMA (onasemnogene abeparvovec) reste IMPORTANT dans le traitement des patients atteints d’amyotrophie spinale 5q (mutation bi allélique du gène SMN1) avec un diagnostic clinique de SMA de type 1 et 2 ou des patients pré-symptomatiques, ayant jusqu’à 3 copies du gène SMN2.",2020-05-18,,2021-09-08,recommended,unknown,,SMR Important; ASMR V,,,,"ZOLGENSMA (onasemnogene abeparvovec) n’apporte pas d’amélioration du service médical rendu (ASMR V) dans la stratégie thérapeutique, excluant SPINRAZA (nusinersen), chez : • les patients symptomatiques avec un diagnostic de SMA de type 2, • les patients pré-symptomatiques avec un diagnostic génétique de SMA et 3 copies du gène SMN2.",Avis de la Commission de la Transparence du 08/09/2021 - ZOLGENSMA - Réévaluation SMR et ASMR,CT-19301,https://www.has-sante.fr/jcms/p_3291799,2026-09-05,verified-from-source,"avis type: re-evaluation; motif BDPM: Réévaluation SMR et ASMR. SMR/ASMR and wording from the Base de données publique des médicaments extracts (CIS_HAS_SMR_bdpm.txt, CIS_HAS_ASMR_bdpm.txt), which quote the avis conclusions; full avis PDF on has-sante.fr not fetchable (403 to curl, WebFetch aborted). regulatory_approval_date is the initial EU MA date; the EU extension date was not retrieved here. population cible: not retrieved (full avis not accessible) | status set to verified-from-source in the merge: official BDPM extract of the avis",decisions_has.csv,zolgensma,2020-05-18,stated by agent,2021-09-08,2019-05-24,15.7,27.5,True
Zolgensma,France,France,HAS-CT,SMA_5q,"Le service médical rendu par ZOLGENSMA (onasemnogene abeparvovec) reste IMPORTANT dans le traitement des patients atteints d’amyotrophie spinale 5q (mutation bi allélique du gène SMN1) avec un diagnostic clinique de SMA de type 1 et 2 ou des patients pré-symptomatiques, ayant jusqu’à 3 copies du gène SMN2.",2020-05-18,,2021-09-08,recommended,unknown,,SMR Important; ASMR III,,,,"ZOLGENSMA (onasemnogene abeparvovec) conserve une amélioration du service médical rendu modérée (ASMR III) dans la stratégie thérapeutique, au même titre que SPINRAZA (nusinersen), chez : • les patients symptomatiques avec un diagnostic de SMA de type 1, • les patients pré-symptomatiques avec un diagnostic génétique de SMA et 1 à 2 copies du gène SMN2.",Avis de la Commission de la Transparence du 08/09/2021 - ZOLGENSMA - Réévaluation SMR et ASMR,CT-19301,https://www.has-sante.fr/jcms/p_3291799,2026-09-05,verified-from-source,"avis type: re-evaluation; motif BDPM: Réévaluation SMR et ASMR. SMR/ASMR and wording from the Base de données publique des médicaments extracts (CIS_HAS_SMR_bdpm.txt, CIS_HAS_ASMR_bdpm.txt), which quote the avis conclusions; full avis PDF on has-sante.fr not fetchable (403 to curl, WebFetch aborted). regulatory_approval_date is the initial EU MA date; the EU extension date was not retrieved here. population cible: not retrieved (full avis not accessible) | status set to verified-from-source in the merge: official BDPM extract of the avis",decisions_has.csv,zolgensma,2020-05-18,stated by agent,2021-09-08,2019-05-24,15.7,27.5,True
Abecma,France,France,HAS-CT,MM_4L,Le service médical rendu par ABECMA (idecabtagene vicleucel) est important dans l’indication de l’AMM.,2021-08-18,,2021-12-15,recommended,unknown,,SMR Important; ASMR V,,,,"Compte tenu : des données d’efficacité issues d’une étude de phase 2 non comparative, avec un taux de réponse globale de 67% [IC95% : 59-75] et un taux de réponse complète de 29% [IC95% : 21-36] en population ITT, dans une situation clinique engageant le pronostic vital, des incertitudes concernant la pertinence clinique du critère de jugement principal retenu (taux de réponse globale) et sa transposabilité sur la durée de survie globale ou l’amélioration de la qualité de vie, des incertitudes sur la quantité d’effet propre de ce traitement, considérant les faiblesses méthodologiques des comparaisons indirectes, dans un contexte où une comparaison formalisée a priori, avec une méthodologie robuste, à une cohorte historique de patients aurait été envisageable, du profil de tolérance marqué par une toxicité significative à court et moyen terme, des incertitudes sur l’efficacité clinique et la tolérance à plus long terme, de l’existence d’alternatives à partir de la 4ème ligne bien que considérées comme des développements concomitants, et malgré l’intérêt de disposer d’un médicament ayant été évalué après échec d’un traitement antérieur incluant un agent immunomodulateur, un inhibiteur du protéasome et un anticorps anti CD38, la Commission de la Transparence considère qu’en l’état actuel des données, et dans l’attente notamment des résultats de l’étude de phase III randomisée KarMMa-3, ABECMA (idecabtagene vicleucel) n’apporte pas d’amélioration du service médical rendu (ASMR V) dans la prise en charge chez les patients adultes atteints d’un myélome multiple en rechute et réfractaire ayant reçu au moins trois traitements antérieurs, incluant un agent immunomodulateur, un inhibiteur de protéasome et un anticorps anti CD38, et dont la maladie a progressé pendant le dernier traitement.",Avis de la Commission de la Transparence du 15/12/2021 - ABECMA - Inscription (CT),CT-19358,https://web.archive.org/web/20230626064416/http://www.has-sante.fr/upload/docs/evamed/CT-19358_ABECMA_PIC_INS_AvisDef_CT19358.pdf,2026-09-05,verified-from-source,avis type: initial inscription; motif BDPM: Inscription (CT). Full avis PDF read via Wayback Machine. population cible: not stated as range-740 (au maximum de 740 patients par an),decisions_has.csv,abecma,2021-08-18,stated by agent,2021-12-15,2021-03-26,3.9,8.7,True
Carvykti,France,France,HAS-CT,MM_4L,Le service médical rendu par CARVYKTI (ciltacabtagene autoleucel) est important dans l’indication de l’AMM.,2022-05-25,,2022-11-23,recommended,unknown,,SMR Important; ASMR V dans l'attente de données,,,,"Compte tenu : • des données d’efficacité issues d’une étude de phase 1/2 non comparative, avec un taux de réponse globale de 83% [IC95% : 75-90] sur la population en ITT, dans une situation engageant le pronostic vital, • des incertitudes concernant la pertinence clinique du critère de jugement principal retenu (taux de réponse globale) et de sa transposabilité sur la durée de survie globale ou l’amélioration de la qualité de vie, • des incertitudes sur la quantité d’effet propre de ce traitement, considérant les faiblesses mé-thodologiques des comparaisons indirectes, • du profil de tolérance marqué par une toxicité significative à court et moyen terme, • des incertitudes sur l’efficacité clinique et la tolérance à plus long terme, • et malgré l’intérêt de disposer d’un médicament ayant été évalué après échec d’un traitement antérieur incluant un agent immunomodulateur, un inhibiteur du protéasome et un anticorps an-ti-CD38, la Commission de la Transparence considère qu’en l’état actuel des données, et dans l’attente notamment des résultats de l’étude de phase III randomisée CARTITUDE-4, CARVYKTI (cilta-cabtagene autoleucel), comme ABECMA (idecabtagene vicleucel), n’apporte pas d’amélioration du service médical rendu (ASMR V) dans la prise en charge des patients adultes atteints d’un myélome multiple en rechute et réfractaire, ayant reçu au moins trois traitements antérieurs, incluant un agent immunomodulateur, un inhibiteur du protéasome et un anticorps anti-CD38 et dont la maladie a progressé pendant le dernier traitement.",Avis de la Commission de la Transparence du 23/11/2022 - CARVYKTI - Inscription (CT),CT-19858,https://www.has-sante.fr/jcms/p_3392179,2026-09-05,verified-from-source,"avis type: initial inscription; motif BDPM: Inscription (CT). SMR/ASMR and wording from the Base de données publique des médicaments extracts (CIS_HAS_SMR_bdpm.txt, CIS_HAS_ASMR_bdpm.txt), which quote the avis conclusions; full avis PDF on has-sante.fr not fetchable (403 to curl, WebFetch aborted). population cible: not retrieved (full avis not accessible) | status set to verified-from-source in the merge: official BDPM extract of the avis",decisions_has.csv,carvykti,2022-05-25,stated by agent,2022-11-23,2022-02-28,6.0,8.8,True
Kebilidi / Upstaza,France,France,HAS-CT,AADC,Le service médical rendu par UPSTAZA (éladocagène exuparvovec) est important dans l’indication de l’AMM.,2022-07-18,,2022-12-07,recommended,unknown,,SMR Important; ASMR III,,,,UPSTAZA (éladocagène exuparvovec) apporte une amélioration du service médical rendu modérée (ASMR III) dans la stratégie thérapeutique actuelle qui comprend des traitements symptomatiques et des soins de support.,Avis de la Commission de la Transparence du 07/12/2022 - KEBILIDI / UPSTAZA - Inscription (CT),CT-19946,https://www.has-sante.fr/jcms/p_3402378,2026-09-05,verified-from-source,"avis type: initial inscription; motif BDPM: Inscription (CT). SMR/ASMR and wording from the Base de données publique des médicaments extracts (CIS_HAS_SMR_bdpm.txt, CIS_HAS_ASMR_bdpm.txt), which quote the avis conclusions; full avis PDF on has-sante.fr not fetchable (403 to curl, WebFetch aborted). population cible: not retrieved (full avis not accessible) | status set to verified-from-source in the merge: official BDPM extract of the avis",decisions_has.csv,kebilidi,2022-07-18,stated by agent,2022-12-07,2024-11-13,4.7,-23.2,True
Kymriah,France,France,HAS-CT,FL_3L,"Le service médical rendu par KYMRIAH (tisagenlecleucel) est important dans le traitement des patients adultes présentant un lymphome folliculaire après au moins deux lignes de traitement qui présentent une maladie réfractaire, ou en rechute pendant ou dans les 6 mois qui suivent la fin de leur traitement d’entretien, ou en rechute après une autogreffe de cellules souches hématopoïétiques.",2018-08-23,,2022-12-07,recommended-restricted,unknown,,SMR Important; ASMR V dans l'attente de données,,,,"Compte tenu : • des données d’efficacité issues d’une étude de phase 2 non comparative, avec un pourcen-tage de réponse complète de 68,1 % (IC95% : [58,8 . 78,3]) avec une durée médiane de suivi de 28,9 mois, dans une situation engageant le pronostic vital, • de l’incertitude sur l’efficacité relative de ce traitement considérant l’absence de comparai-son directe et de la faiblesse méthodologique de la comparaison indirecte fournie, dans un contexte où une comparaison directe à une alternative thérapeutique disponible avec une méthodologie robuste était possible, • du profil de tolérance marqué par une toxicité significative à court et moyen terme, • des incertitudes sur l’efficacité clinique et la tolérance à plus long terme, la Commission de la Transparence considère qu’en l’état actuel des données, et dans l’attente notamment des résultats de l’étude de phase III randomisée, KYMRIAH (tisagenle-cleucel) n’apporte pas d’amélioration du service médical rendu (ASMR V) dans la prise en charge des patients adultes présentant un lymphome folliculaire après au moins deux lignes de traitement qui présentent une maladie réfractaire, ou en rechute pendant ou dans les 6 mois qui suivent la fin de leur traitement d’entretien, ou en rechute après une auto-greffe de cellules souches hématopoïétiques.",Avis de la Commission de la Transparence du 07/12/2022 - KYMRIAH - Extension d'indication,CT-19871,https://www.has-sante.fr/jcms/p_3396024,2026-09-05,verified-from-source,"avis type: extension of indication; motif BDPM: Extension d'indication. SMR/ASMR and wording from the Base de données publique des médicaments extracts (CIS_HAS_SMR_bdpm.txt, CIS_HAS_ASMR_bdpm.txt), which quote the avis conclusions; full avis PDF on has-sante.fr not fetchable (403 to curl, WebFetch aborted). regulatory_approval_date is the initial EU MA date; the EU extension date was not retrieved here. population cible: not retrieved (full avis not accessible) | status set to verified-from-source in the merge: official BDPM extract of the avis",decisions_has.csv,kymriah,2018-08-23,stated by agent,2022-12-07,2017-08-30,51.5,63.2,True
Kymriah,France,France,HAS-CT,FL_3L,Le service médical rendu par KYMRIAH (tisagenlecleucel) est insuffisant pour justifier une prise en charge par la solidarité nationale dans les autres situations de l’AMM.,2018-08-23,,2022-12-07,not-recommended,none,,SMR insuffisant; ASMR sans objet,,,,Le service médical rendu par KYMRIAH (tisagenlecleucel) est insuffisant pour justifier une prise en charge par la solidarité nationale dans les autres situations de l’AMM.,Avis de la Commission de la Transparence du 07/12/2022 - KYMRIAH - Extension d'indication,CT-19871,https://www.has-sante.fr/jcms/p_3396024,2026-09-05,verified-from-source,"avis type: extension of indication; motif BDPM: Extension d'indication. SMR/ASMR and wording from the Base de données publique des médicaments extracts (CIS_HAS_SMR_bdpm.txt, CIS_HAS_ASMR_bdpm.txt), which quote the avis conclusions; full avis PDF on has-sante.fr not fetchable (403 to curl, WebFetch aborted). regulatory_approval_date is the initial EU MA date; the EU extension date was not retrieved here. population cible: not retrieved (full avis not accessible) (row for the SMR insuffisant sub-population of the same avis) | status set to verified-from-source in the merge: official BDPM extract of the avis",decisions_has.csv,kymriah,2018-08-23,stated by agent,2022-12-07,2017-08-30,51.5,63.2,True
Yescarta,France,France,HAS-CT,FL_4L,Le service médical rendu par YESCARTA (axicabtagene ciloleucel) est important dans l’indication de l’AMM.,2018-08-23,,2023-01-18,recommended,unknown,,SMR Important; ASMR V dans l'attente de données,,,,"Compte tenu : • des données d’efficacité issues d’une étude de phase 2 non comparative, avec un pourcentage de réponse objective de 94 % [IC95% : 84 % - 99 %] chez les patients ayant reçu = 3 lignes de traitement (critère de jugement secondaire), dans une situation engageant le pronostic vital, • de l’incertitude sur l’efficacité relative de ce traitement considérant l’absence de comparaison directe et de la faiblesse méthodologique de la comparaison indirecte fournie, dans un contexte où une comparaison directe à une alternative thérapeutique disponible avec une méthodologie robuste était possible, • du profil de tolérance marqué par une toxicité significative à court et moyen terme, • des incertitudes sur l’efficacité clinique et la tolérance à plus long terme, la Commission de la Transparence considère qu’en l’état actuel des données, et dans l’attente notamment des résultats de l’étude de phase III randomisée (ZUMA-22), YESCARTA (axi-cabtagene ciloleucel) n’apporte pas d’amélioration du service médical rendu (ASMR V) dans la prise en charge des patients adultes atteints de lymphome folliculaire (LF) réfractaire ou en rechute après au moins trois lignes de traitement systémique.",Avis de la Commission de la Transparence du 18/01/2023 - YESCARTA - Extension d'indication,CT-19896,https://www.has-sante.fr/jcms/p_3407522,2026-09-05,verified-from-source,"avis type: extension of indication; motif BDPM: Extension d'indication. SMR/ASMR and wording from the Base de données publique des médicaments extracts (CIS_HAS_SMR_bdpm.txt, CIS_HAS_ASMR_bdpm.txt), which quote the avis conclusions; full avis PDF on has-sante.fr not fetchable (403 to curl, WebFetch aborted). regulatory_approval_date is the initial EU MA date; the EU extension date was not retrieved here. population cible: not retrieved (full avis not accessible) | status set to verified-from-source in the merge: official BDPM extract of the avis",decisions_has.csv,yescarta,2018-08-23,stated by agent,2023-01-18,2017-10-18,52.9,63.0,True
Yescarta,France,France,HAS-CT,LBCL_2L,Le service médical rendu par YESCARTA (axicabtagene ciloleucel) est important dans l’indication de l’AMM.,2018-08-23,,2023-02-15,recommended,unknown,,SMR Important; ASMR III,,,,"La Commission considère que YESCARTA (axicabtagene ciloleucel) apporte une amélioration du service médical rendu modérée (ASMR III) dans la prise en charge des patients adultes atteints de lymphome diffus à grandes cellules B (LDGCB) et de lymphome de haut grade à cellules B (LHGCB) ayant rechuté dans les 12 mois après la fin de la première ligne de chimio-immunothérapie, ou qui y sont réfractaires.",Avis de la Commission de la Transparence du 15/02/2023 - YESCARTA - Extension d'indication,CT-20056,https://www.has-sante.fr/jcms/p_3419176,2026-09-05,verified-from-source,"avis type: extension of indication; motif BDPM: Extension d'indication. SMR/ASMR and wording from the Base de données publique des médicaments extracts (CIS_HAS_SMR_bdpm.txt, CIS_HAS_ASMR_bdpm.txt), which quote the avis conclusions; full avis PDF on has-sante.fr not fetchable (403 to curl, WebFetch aborted). regulatory_approval_date is the initial EU MA date; the EU extension date was not retrieved here. population cible: not retrieved (full avis not accessible) | status set to verified-from-source in the merge: official BDPM extract of the avis",decisions_has.csv,yescarta,2018-08-23,stated by agent,2023-02-15,2017-10-18,53.8,63.9,True
Tecartus,France,France,HAS-CT,ALL_adult_3L,"Le service médical rendu par TECARTUS (brexucabtagene autoleucel) est important uniquement dans le traitement des patients adultes de 26 ans et plus, atteints de leucémie aiguë lymphoblastique (LAL) à cellules précurseurs B réfractaire ou en rechute après au moins deux lignes de traitement antérieures.",2020-12-14,,2023-02-15,recommended-restricted,unknown,,SMR Important; ASMR V,,,,"Chez les patients adultes de 26 ans et plus, atteints d’une LAL-B réfractaire ou en re-chute après au moins deux lignes de traitement antérieures Compte tenu : • des données d’efficacité issues d’une étude de phase I/II non comparative, avec un taux de rémission globale de 54,9% IC95% [43 . 67]), dont 43,7% rémissions complètes dans la population ITT, dans une situation engageant le pronostic vital, • des incertitudes sur la quantité d’effet propre de ce traitement, considérant les faiblesses méthodologiques des comparaisons indirectes. Par ailleurs, un nombre non négligeable (n=10) de patients ont été greffés après le traitement par CAR T dans les données de suivi, • du profil de tolérance marqué par une toxicité significative à court et moyen terme, • des incertitudes sur l’efficacité clinique et la tolérance à plus long terme, • et malgré l’intérêt de disposer d’un médicament ayant été évalué chez des patients en rechute ou réfractaires après au moins deux lignes de traitement, la Commission considère qu’en l’état actuel du dossier, TECARTUS (brexucabtagene autoleucel) n’apporte pas d’amélioration du service médical rendu (ASMR V) dans la stratégie thérapeutique actuelle.",Avis de la Commission de la Transparence du 15/02/2023 - TECARTUS - Extension d'indication,CT-20035,https://www.has-sante.fr/jcms/p_3419164,2026-09-05,verified-from-source,"avis type: extension of indication; motif BDPM: Extension d'indication. SMR/ASMR and wording from the Base de données publique des médicaments extracts (CIS_HAS_SMR_bdpm.txt, CIS_HAS_ASMR_bdpm.txt), which quote the avis conclusions; full avis PDF on has-sante.fr not fetchable (403 to curl, WebFetch aborted). regulatory_approval_date is the initial EU MA date; the EU extension date was not retrieved here. population cible: not retrieved (full avis not accessible) | status set to verified-from-source in the merge: official BDPM extract of the avis",decisions_has.csv,tecartus,2020-12-14,stated by agent,2023-02-15,2020-07-24,26.1,30.7,True
Tecartus,France,France,HAS-CT,ALL_adult_3L,Le service médical rendu par TECARTUS (brexucabtagene autoleucel) est insuffisant dans les autres situations de l’AMM pour justifier d’une prise en charge par la solidarité nationale.,2020-12-14,,2023-02-15,not-recommended,none,,SMR insuffisant; ASMR sans objet,,,,Le service médical rendu par TECARTUS (brexucabtagene autoleucel) est insuffisant dans les autres situations de l’AMM pour justifier d’une prise en charge par la solidarité nationale.,Avis de la Commission de la Transparence du 15/02/2023 - TECARTUS - Extension d'indication,CT-20035,https://www.has-sante.fr/jcms/p_3419164,2026-09-05,verified-from-source,"avis type: extension of indication; motif BDPM: Extension d'indication. SMR/ASMR and wording from the Base de données publique des médicaments extracts (CIS_HAS_SMR_bdpm.txt, CIS_HAS_ASMR_bdpm.txt), which quote the avis conclusions; full avis PDF on has-sante.fr not fetchable (403 to curl, WebFetch aborted). regulatory_approval_date is the initial EU MA date; the EU extension date was not retrieved here. population cible: not retrieved (full avis not accessible) (row for the SMR insuffisant sub-population of the same avis) | status set to verified-from-source in the merge: official BDPM extract of the avis",decisions_has.csv,tecartus,2020-12-14,stated by agent,2023-02-15,2020-07-24,26.1,30.7,True
Zolgensma,France,France,HAS-CT,SMA_5q,"Le service médical rendu par ZOLGENSMA (onasemnogene abeparvovec), solution pour perfusion, est important uniquement dans le traitement des patients atteints d’amyotrophie spinale 5q (mutation bi allélique du gène SMN1) : • chez les patients présymptomatiques et ayant jusqu’à 3 copies du gène SMN2, • avec un diagnostic clinique de SMA de type 1 • avec un diagnostic clinique de SMA de type 2.",2020-05-18,,2023-05-10,recommended-restricted,unknown,,SMR Important; ASMR V,,,,"Patients ayant une SMA de type 2 ZOLGENSMA (onasemnogene abeparvovec) n’apporte pas d’amélioration du service médical rendu (ASMR V) dans la stratégie thérapeutique, excluant SPINRAZA (nusinersen) et EVRYSDI (risdiplam).",Avis de la Commission de la Transparence du 10/05/2023 - ZOLGENSMA - Réévaluation SMR et ASMR,CT-20080,https://www.has-sante.fr/jcms/p_3442932,2026-09-05,verified-from-source,"avis type: re-evaluation; motif BDPM: Réévaluation SMR et ASMR. SMR/ASMR and wording from the Base de données publique des médicaments extracts (CIS_HAS_SMR_bdpm.txt, CIS_HAS_ASMR_bdpm.txt), which quote the avis conclusions; full avis PDF on has-sante.fr not fetchable (403 to curl, WebFetch aborted). regulatory_approval_date is the initial EU MA date; the EU extension date was not retrieved here. population cible: not retrieved (full avis not accessible) | status set to verified-from-source in the merge: official BDPM extract of the avis",decisions_has.csv,zolgensma,2020-05-18,stated by agent,2023-05-10,2019-05-24,35.7,47.5,True
Zolgensma,France,France,HAS-CT,SMA_5q,"Le service médical rendu par ZOLGENSMA (onasemnogene abeparvovec), solution pour perfusion, est important uniquement dans le traitement des patients atteints d’amyotrophie spinale 5q (mutation bi allélique du gène SMN1) : • chez les patients présymptomatiques et ayant jusqu’à 3 copies du gène SMN2, • avec un diagnostic clinique de SMA de type 1 • avec un diagnostic clinique de SMA de type 2.",2020-05-18,,2023-05-10,recommended-restricted,unknown,,SMR Important; ASMR III,,,,"Patients présymptomatiques ayant 3 copies du gène SMN2 La Commission considère que ZOLGENSMA (onasemnogene abeparvovec) apporte une amélioration du service médical rendu modérée (ASMR III) dans la stratégie thérapeutique, au même titre que SPINRAZA (nusinersen). Patients présymptomatiques ayant 1 ou 2 copies du gène SMN2 La Commission considère que ZOLGENSMA (onasemnogene abeparvovec) apporte une amélioration du service médical rendu modérée (ASMR III) dans la stratégie thérapeutique, au même titre que SPINRAZA (nusinersen). Patients ayant une SMA de type 1 La Commission considère que ZOLGENSMA (onasemnogene abeparvovec) apporte une amélioration du service médical rendu modérée (ASMR III) dans la stratégie thérapeutique, au même titre que SPINRAZA (nusinersen) et EVRYSDI (risdiplam).",Avis de la Commission de la Transparence du 10/05/2023 - ZOLGENSMA - Réévaluation SMR et ASMR,CT-20080,https://www.has-sante.fr/jcms/p_3442932,2026-09-05,verified-from-source,"avis type: re-evaluation; motif BDPM: Réévaluation SMR et ASMR. SMR/ASMR and wording from the Base de données publique des médicaments extracts (CIS_HAS_SMR_bdpm.txt, CIS_HAS_ASMR_bdpm.txt), which quote the avis conclusions; full avis PDF on has-sante.fr not fetchable (403 to curl, WebFetch aborted). regulatory_approval_date is the initial EU MA date; the EU extension date was not retrieved here. population cible: not retrieved (full avis not accessible) | status set to verified-from-source in the merge: official BDPM extract of the avis",decisions_has.csv,zolgensma,2020-05-18,stated by agent,2023-05-10,2019-05-24,35.7,47.5,True
Zolgensma,France,France,HAS-CT,SMA_5q,"Le service médical rendu par ZOLGENSMA (onasemnogene abeparvovec), solution pour perfusion, est insuffisant dans le traitement des patients atteints d’amyotrophie spinale 5q (mutation bi allélique du gène SMN1) avec un diagnostic clinique de SMA de type 3, pour justifier d’une prise en charge par la solidarité nationale aux regard des alternatives disponibles.",2020-05-18,,2023-05-10,not-recommended,none,,SMR insuffisant; ASMR sans objet,,,,"Le service médical rendu par ZOLGENSMA (onasemnogene abeparvovec), solution pour perfusion, est insuffisant dans le traitement des patients atteints d’amyotrophie spinale 5q (mutation bi allélique du gène SMN1) avec un diagnostic clinique de SMA de type 3, pour justifier d’une prise en charge par la solidarité nationale aux regard des alternatives disponibles.",Avis de la Commission de la Transparence du 10/05/2023 - ZOLGENSMA - Réévaluation SMR et ASMR,CT-20080,https://www.has-sante.fr/jcms/p_3442932,2026-09-05,verified-from-source,"avis type: re-evaluation; motif BDPM: Réévaluation SMR et ASMR. SMR/ASMR and wording from the Base de données publique des médicaments extracts (CIS_HAS_SMR_bdpm.txt, CIS_HAS_ASMR_bdpm.txt), which quote the avis conclusions; full avis PDF on has-sante.fr not fetchable (403 to curl, WebFetch aborted). regulatory_approval_date is the initial EU MA date; the EU extension date was not retrieved here. population cible: not retrieved (full avis not accessible) (row for the SMR insuffisant sub-population of the same avis) | status set to verified-from-source in the merge: official BDPM extract of the avis",decisions_has.csv,zolgensma,2020-05-18,stated by agent,2023-05-10,2019-05-24,35.7,47.5,True
Ebvallo,France,France,HAS-CT,PTLD_EBV_2L,Le service médical rendu par EBVALLO (tabelecleucel) est important dans l’indication de l’AMM.,2022-12-16,,2023-06-07,recommended,unknown,,SMR Important; ASMR IV,,,,"Compte tenu : • des données d’efficacité issues d’une étude non comparative, avec un taux de réponse globale de 48% (IC95% = [27,8 . 68,7]) dans la cohorte transplantation d’organe solide (dont 5 RC et 7 RP) et de 50% (IC95% = [23 . 77]) dans la population greffe de cellules couches hématopoïétiques (population FAS) . • des résultats de la comparaison indirecte entre les données de l’étude ALLELE et les données de l’étude observationnelle rétrospective RS002, suggérant une amélioration de la survie globale dans le groupe traité (étude ALLELE) avec un HR=0,37 et une IC95% : [0,20 .0,71] . • de l’intérêt de disposer d’un médicament ayant été évalué après échec d’un traitement anté-rieur incluant le rituximab et/ou la chimiothérapie, avec un profil de tolérance jugé acceptable . et malgré : • le manque de recul sur cette thérapie tant en matière d’efficacité que de tolérance . la Commission considère qu’en l’état actuel des données, et dans l’attente notamment des résultats finaux de l’étude ALLELE, EBVALLO (tabelecleucel) apporte une amélioration du service médical rendu mineure (ASMR IV) dans la stratégie thérapeutique actuelle à savoir chez les patients adultes et pédiatriques âgés de 2 ans et plus atteints d’une maladie lymphoproliférative post-transplantation et positive au virus d’Epstein-Barr récidivante ou réfractaire (LPT EBV+) qui ont reçu au moins un traitement antérieur.",Avis de la Commission de la Transparence du 07/06/2023 - EBVALLO - Inscription (CT),CT-20229,https://www.has-sante.fr/jcms/p_3451087,2026-09-05,verified-from-source,"avis type: initial inscription; motif BDPM: Inscription (CT). SMR/ASMR and wording from the Base de données publique des médicaments extracts (CIS_HAS_SMR_bdpm.txt, CIS_HAS_ASMR_bdpm.txt), which quote the avis conclusions; full avis PDF on has-sante.fr not fetchable (403 to curl, WebFetch aborted). population cible: not retrieved (full avis not accessible) | status set to verified-from-source in the merge: official BDPM extract of the avis",decisions_has.csv,ebvallo,2022-12-16,stated by agent,2023-06-07,,5.7,,True
Abecma,France,France,HAS-CT,MM_4L,"Le service médical rendu par ABECMA (idecabtagene vicleucel), reste important dans l’indication de l’AMM.",2021-08-18,,2023-06-21,recommended,unknown,,SMR Important; ASMR IV,,,,"Compte-tenu : • de la démonstration dans une étude de phase 3, randomisée, en ouvert, de la supériorité d’ABECMA (idecabtagene vicleucel) par rapport au traitement au choix de l’investigateur (parmi 5 protocoles différents), en termes de : • survie sans progression évaluée par un comité indépendant selon les critères IMWG : HR=0,49 [IC95% : 0,38-0,65] . • taux de réponse globale évalué par un comité indépendant selon les critères IMWG : OR=3,5 [IC95% : 2,3-5,5] . • des analyses en sous-groupes, réalisées chez les patients ayant reçu 3 ou 4 traitements antérieurs, correspondant, en partie, à la population de l’AMM actuelle, ayant suggéré des résultats similaires, notamment en termes de survie sans progression : HR=0,49 [IC95% : 0,36-0,67], médiane de 11,9 mois (min-max : 9,2-14,1) dans le groupe ABECMA (idecabtagene vicleucel), et de 4,2 mois (min-max : 3,1-5,9) dans le groupe traitement au choix de l’investigateur, soit une estimation ponctuelle de la différence absolue de 7,7 mois . et malgré : • le caractère exploratoire de cette analyse en sous-groupe . • la réalisation en ouvert de l’étude . • les limites du groupe contrôle, puisque les patients pouvaient déjà avoir reçu auparavant le traitement . • l’absence de démonstration d’un impact sur la survie globale, en l’état actuel des données . • l’absence de conclusion formelle pouvant être tirée des résultats de qualité de vie . • l’absence de données chez les patients ayant reçu plus de 4 traitements antérieurs, faisant pourtant partie du libellé de l’AMM . • le profil de tolérance, marqué par une toxicité significative . la Commission considère qu’en l’état actuel du dossier, ABECMA (idecabtagene vicleucel) apporte une amélioration du service médical rendu mineure (ASMR IV) dans la stratégie thérapeutique actuelle, excluant CARVYKTI (ciltacabtagene autoleucel) et les anticorps bispéci-fiques (teclistamab et elranatanab).",Avis de la Commission de la Transparence du 21/06/2023 - ABECMA - Réévaluation ASMR,CT-20236,https://www.has-sante.fr/jcms/p_3449177,2026-09-05,verified-from-source,"avis type: re-evaluation; motif BDPM: Réévaluation ASMR. SMR/ASMR and wording from the Base de données publique des médicaments extracts (CIS_HAS_SMR_bdpm.txt, CIS_HAS_ASMR_bdpm.txt), which quote the avis conclusions; full avis PDF on has-sante.fr not fetchable (403 to curl, WebFetch aborted). regulatory_approval_date is the initial EU MA date; the EU extension date was not retrieved here. population cible: not retrieved (full avis not accessible) | status set to verified-from-source in the merge: official BDPM extract of the avis",decisions_has.csv,abecma,2021-08-18,stated by agent,2023-06-21,2021-03-26,22.1,26.8,True
Hemgenix,France,France,HAS-CT,HEMB_adult,Le service médical rendu par HEMGENIX (etranacogene dezaparvovec) est important dans le traitement de l’hémophilie B (déficit congénital en facteur IX) sévère et modérément sévère chez les patients adultes sans antécédents d’inhibiteurs du facteur IX.,2023-02-20,,2023-08-30,recommended,unknown,,SMR Important; ASMR IV,,,,"Compte tenu : • des données cliniques démontrant l’efficacité de HEMGENIX (etranacogene dezaparvovec), notamment sa supériorité par rapport à une prophylaxie conventionnelle continue par FIX à 18 mois post-traitement en matière de taux de saignement annualisé (critère principal de jugement), moyenne de 4,19 versus 1,51 soit un ratio des taux de 0,36 (IC95% = [0,20 . 0,64] . p = 0,0002)) et de ¿niveaux d’activité du FIX endogène dans une étude de phase III (HOPE-B) ayant inclus 54 patients hémophilies, • des données exploratoires suggérant le maintien de cette efficacité à 2 ans dans l’étude pivot, avec l’absence de recours à une prophylaxie par FIX pour 96% des patients, et à 3 ans dans une étude de phase II non comparative ayant inclus 3 patients, • du besoin médical partiellement couvert par les concentrés de facteur IX, mais au regard des nombreuses incertitudes portant notamment sur : • le caractère non optimal de la démonstration de la supériorité versus la prophylaxie par FIX, avec une possible surestimation du bénéfice observé (étude ouverte de faible effectif, comparaisons intra-patients, modalités de la prophylaxie préalable par FIX mal définies et possiblement non optimisée pour tous les patients), • le maintien de l’efficacité à long terme du fait d’un recul maximal limité à ce jour à 3 ans et pour seulement 3 patients, • la tolérance à long terme, notamment sur le risque potentiel de cancer lié à l’intégration du vecteur et en particulier de carcinome hépatocellulaire (1 cas observé dans l’étude pivot), la Commission considère que HEMGENIX (etranacogene dezaparvovec) apporte une amélioration du service médical rendu mineure (ASMR IV) par rapport à la prophylaxie par concentrés de facteur IX.",Avis de la Commission de la Transparence du 30/08/2023 - HEMGENIX - Inscription (CT),CT-20242,https://www.has-sante.fr/jcms/p_3460133,2026-09-05,verified-from-source,"avis type: initial inscription; motif BDPM: Inscription (CT). SMR/ASMR and wording from the Base de données publique des médicaments extracts (CIS_HAS_SMR_bdpm.txt, CIS_HAS_ASMR_bdpm.txt), which quote the avis conclusions; full avis PDF on has-sante.fr not fetchable (403 to curl, WebFetch aborted). population cible: not retrieved (full avis not accessible) | status set to verified-from-source in the merge: official BDPM extract of the avis",decisions_has.csv,hemgenix,2023-02-20,stated by agent,2023-08-30,2022-11-22,6.3,9.2,True
Kymriah,France,France,HAS-CT,LBCL_3L,"Le service médical rendu par KYMRIAH 1,2 x 10^6 – 6 x 10^8 cellules (tisagenlecleucel), dispersion cellulaire pour perfusion, reste important dans « le traitement des patients adultes atteints d’un lymphome diffus à grandes cellules B réfractaire ou en rechute après la deuxième ligne ou plus d’un traitement systémique » et aux posologies de l’AMM.",2018-08-23,,2023-09-06,recommended,unknown,,SMR Important; ASMR IV,,,,"Compte tenu : • du recul supplémentaire concernant les données en vie réelle de KYMRIAH (tisagenlecleucel) issues du registre français DESCAR-T (26 centres activés, 388 patients traités, suivi médian de 15 mois depuis l’éligibilité), qui sont cohérentes avec les données cliniques (JULIET), • la place de à KYMRIAH (tisagenlecleucel) par rapport à YESCARTA (axicabtagene ciloleucel) qui reste difficile à déterminer compte des limites méthodologiques majeures de la comparaison indirecte fournie, • du profil de tolérance marqué par une toxicité significative à court terme, • et des incertitudes initiales identifiées qui perdurent malgré la demande de la CT, en particulier : • la quantité d’effet exacte par rapport à la prise en charge historique, faute de comparaison robuste, • le maintien de l’efficacité clinique à moyen et long terme, notamment sur l’obtention de guérison pour les patients en rémission durable, • et l’absence de données de tolérance à moyen et long terme, la Commission considère que ses précédentes conclusions ne sont pas susceptibles d’être modifiées. En l’état actuel des données, la Commission considère que KYMRIAH 1,2 x 10^6 – 6 x 10^8 cellules (tisagenlecleucel), dispersion cellulaire pour perfusion, apporte une amélioration du service médical rendu mineure (ASMR IV) en termes d’efficacité par rapport à la prise en charge historique du lymphome diffus à grandes cellules B réfractaire ou en rechute, après au moins deux lignes de traitement systémique, fondée sur diverses chimiothérapies.",Avis de la Commission de la Transparence du 06/09/2023 - KYMRIAH - Réévaluation suite à résultats étude post-inscript,CT-20262,https://www.has-sante.fr/jcms/p_3467532,2026-09-05,verified-from-source,"avis type: re-evaluation; motif BDPM: Réévaluation suite à résultats étude post-inscript. SMR/ASMR and wording from the Base de données publique des médicaments extracts (CIS_HAS_SMR_bdpm.txt, CIS_HAS_ASMR_bdpm.txt), which quote the avis conclusions; full avis PDF on has-sante.fr not fetchable (403 to curl, WebFetch aborted). regulatory_approval_date is the initial EU MA date; the EU extension date was not retrieved here. population cible: not retrieved (full avis not accessible) | status set to verified-from-source in the merge: official BDPM extract of the avis",decisions_has.csv,kymriah,2018-08-23,stated by agent,2023-09-06,2017-08-30,60.4,72.2,True
Kymriah,France,France,HAS-CT,ALL_ped,"Le service médical rendu par KYMRIAH 1,2 x 106 – 6 x 108 cellules (tisagenlecleucel), dispersion cellulaire pour perfusion est important dans le traitement des enfants et jeunes adultes jusqu’à 25 ans inclus atteints de leucémie aigüe lymphoblastique à cellules B réfractaire, en rechute après greffe ou après la deuxième rechute ou plus.",2018-08-23,,2023-09-06,recommended,unknown,,SMR Important; ASMR III,,,,"La Commission considère que ses précédentes conclusions ne sont pas susceptibles d’être modifiées. En l’état actuel des données KYMRIAH 1,2 x 10^6 – 6 x 10^8 cellules (tisagenlecleucel), dispersion cellulaire pour perfusion, apporte toujours une amélioration du service médical rendu modérée (ASMR III) dans la stratégie thérapeutique de prise en charge des enfants et jeunes adultes atteints de LAL B réfractaire, en rechute après greffe ou après la deuxième rechute ou plus.",Avis de la Commission de la Transparence du 06/09/2023 - KYMRIAH - Réévaluation suite à résultats étude post-inscript,CT-20264,https://www.has-sante.fr/jcms/p_3467523,2026-09-05,verified-from-source,"avis type: re-evaluation; motif BDPM: Réévaluation suite à résultats étude post-inscript. SMR/ASMR and wording from the Base de données publique des médicaments extracts (CIS_HAS_SMR_bdpm.txt, CIS_HAS_ASMR_bdpm.txt), which quote the avis conclusions; full avis PDF on has-sante.fr not fetchable (403 to curl, WebFetch aborted). regulatory_approval_date is the initial EU MA date; the EU extension date was not retrieved here. population cible: not retrieved (full avis not accessible) | status set to verified-from-source in the merge: official BDPM extract of the avis",decisions_has.csv,kymriah,2018-08-23,stated by agent,2023-09-06,2017-08-30,60.4,72.2,True
Yescarta,France,France,HAS-CT,LBCL_3L,"Le service médical rendu par YESCARTA 0,4 - 2 x 108 cellules (axicabtagene ciloleucel), dispersion pour perfusion, reste important dans « le traitement des patients adultes atteints de lymphome diffus à grandes cellules B (LDGCB) et de lymphome médiastinal primitif à grandes cellules B (LMPGCB) réfractaire ou en rechute, après au moins deux lignes de traitement systémique » et aux posologies de l’AMM.",2018-08-23,,2023-09-06,recommended,unknown,,SMR Important; ASMR III,,,,"La Commission considère que ses précédentes conclusions ne sont pas susceptibles d’être modifiées. En l’état actuel des données, la Commission considère que YESCARTA 0,4 - 2 x 108 cellules (axicabtagene ciloleucel), dispersion pour perfusion, apporte une amélioration du service médical rendu modérée (ASMR III) en termes d’efficacité par rapport à la prise en charge historique du lymphome diffus à grandes cellules B et du lymphome médiastinal primitif à grandes cellules B réfractaire ou en rechute, après au moins deux lignes de traitement systémique, fondée sur diverses chimiothérapies.",Avis de la Commission de la Transparence du 06/09/2023 - YESCARTA - Réévaluation suite à résultats étude post-inscript,CT-20263,https://www.has-sante.fr/jcms/p_3467529,2026-09-05,verified-from-source,"avis type: re-evaluation; motif BDPM: Réévaluation suite à résultats étude post-inscript. SMR/ASMR and wording from the Base de données publique des médicaments extracts (CIS_HAS_SMR_bdpm.txt, CIS_HAS_ASMR_bdpm.txt), which quote the avis conclusions; full avis PDF on has-sante.fr not fetchable (403 to curl, WebFetch aborted). regulatory_approval_date is the initial EU MA date; the EU extension date was not retrieved here. population cible: not retrieved (full avis not accessible) | status set to verified-from-source in the merge: official BDPM extract of the avis",decisions_has.csv,yescarta,2018-08-23,stated by agent,2023-09-06,2017-10-18,60.4,70.6,True
Breyanzi,France,France,HAS-CT,LBCL_2L,"Le service médical rendu par BREYANZI (lisocabtagene maraleucel), 1,1-70x10^6 cellules/mL/1,1-70x10^6 cellules/mL, dispersion pour perfusion est important dans l’indication de l’AMM.",2022-04-04,,2023-09-20,recommended,unknown,,SMR Important; ASMR III,,,,"BREYANZI (lisocabtagene maraleucel), 1,1-70x10^6 cellules/mL / 1,1-70x10^6 cellules/mL, dispersion pour perfusion apporte une amélioration du service médical rendu modérée (ASMR III) dans la stratégie thérapeutique actuelle qui comprend les comparateurs pertinents cités en paragraphe 5.2).",Avis de la Commission de la Transparence du 20/09/2023 - BREYANZI - Inscription (CT),CT-20349,https://www.has-sante.fr/jcms/p_3465836,2026-09-05,verified-from-source,"avis type: initial inscription; motif BDPM: Inscription (CT). SMR/ASMR and wording from the Base de données publique des médicaments extracts (CIS_HAS_SMR_bdpm.txt, CIS_HAS_ASMR_bdpm.txt), which quote the avis conclusions; full avis PDF on has-sante.fr not fetchable (403 to curl, WebFetch aborted). population cible: not retrieved (full avis not accessible) | status set to verified-from-source in the merge: official BDPM extract of the avis",decisions_has.csv,breyanzi,2022-04-04,stated by agent,2023-09-20,2021-02-05,17.5,31.4,True
Luxturna,France,France,HAS-CT,RPE65,"Le service médical rendu par LUXTURNA 5 x 1012 génomes de vecteur/ml, solution à diluer, reste important dans l’indication de l’AMM.",2018-11-22,,2024-07-17,recommended,unknown,,SMR Important; ASMR II,,,,"Prenant en compte : • le besoin médical non couvert dans une maladie invalidante et évoluant vers la cécité en l’absence d’autres traitements à visée curative, • la qualité de la démonstration de l’efficacité de LUXTURNA (voretigene neparvovec) dans l’étude de phase III 301 versus l’absence de traitement, randomisée, multicentrique, et malgré le caractère ouvert de l’étude, • la pertinence du critère de jugement principal évaluant la vision fonctionnelle des patients par un test de mobilité en ambiance lumineuse variable (MLMT) et la pertinence clinique de l’effet observé après 1 an de suivi par rapport à l’absence de traitement, • les données de suivi à long terme dans 3 études (prolongation de l’étude 301 avec données exploitables jusqu’à 6 ans de recul, étude PASS PERCEIVE à partir des données du registre international sur 198 patients avec un suivi 1-2 ans voire 1 année supplémentaire pour les patients français et une étude observationnelle LIGHT sur 12 patients avec un suivi supérieur ou égal à 1 an) montrant le maintien des réponses cliniques sur les tests de mobilité, le seuil de sensibilité en lumière blanche plein champ et champ visuel, • une tolérance globalement inchangée depuis la commercialisation, malgré : • l’absence de démonstration robuste d’un effet de LUXTURNA (voretigene neparvovec) sur la qualité de vie, • la survenue fréquente d’une atrophie chorio-rétinienne progressive ayant eu peu d’impact sur l’évaluation des critères de jugement mais dont l’évolution à long terme doit être évaluée, la Commission considère que l’amélioration du service médical rendu par LUXTURNA 5 x 1012 génomes de vecteur/ml (voretigene neparvovec), solution à diluer injectable, reste importante (ASMR II) dans la prise en charge des patients adultes et pédiatriques ayant une perte visuelle due à une dystrophie rétinienne héréditaire résultant de mutations bi-alléliques confirmées du gène RPE65 et possédant suffisamment de cellules rétiniennes viables.",Avis de la Commission de la Transparence du 17/07/2024 - LUXTURNA - Réévaluation suite à résultats étude post-inscript,CT-20838,https://www.has-sante.fr/jcms/p_3538246,2026-09-05,verified-from-source,"avis type: re-evaluation; motif BDPM: Réévaluation suite à résultats étude post-inscript. SMR/ASMR and wording from the Base de données publique des médicaments extracts (CIS_HAS_SMR_bdpm.txt, CIS_HAS_ASMR_bdpm.txt), which quote the avis conclusions; full avis PDF on has-sante.fr not fetchable (403 to curl, WebFetch aborted). regulatory_approval_date is the initial EU MA date; the EU extension date was not retrieved here. population cible: not retrieved (full avis not accessible) | status set to verified-from-source in the merge: official BDPM extract of the avis",decisions_has.csv,luxturna,2018-11-22,stated by agent,2024-07-17,2017-12-19,67.8,78.9,True
Abecma,France,France,HAS-CT,MM_3L,Le service médical rendu par ABECMA (idecabtagene vicleucel) est important dans l’indication de l’AMM.,2021-08-18,,2024-07-17,recommended,unknown,,SMR Important; ASMR IV,,,,"Compte-tenu : • de la démonstration dans une étude de phase 3, randomisée, en ouvert, de la supériorité d’ABECMA (idecabtagene vicleucel) par rapport à un traitement au choix de l’investigateur, parmi 5 protocoles différents, en termes de : • survie sans progression évaluée par un comité de relecture indépendant selon les critères IMWG : HR=0,49 [IC95% : 0,38-0,65], avec une médiane de 13,3 mois (min-max : 11,8-16,1) dans le groupe ABECMA (idecabtagene vicleucel), et de 4,4 mois (min-max : 3,4-5,9) dans le groupe traitement au choix de l’investigateur, soit une estimation ponctuelle de la différence absolue de 8,9 mois . • taux de réponse globale évalué par un comité de relecture indépendant selon les critères IMWG : OR=3,5 [IC95% : 2,1-5,9] . et malgré : • la réalisation en ouvert de l’étude, ayant entraîné des biais d’évaluation possible, et notamment l’évaluation des décisions de traitement . • le fait que les patients du groupe traitement au choix de l’investigateur pouvaient recevoir un traitement reçu antérieurement (sauf le dernier traitement reçu) . • l’absence de pertinence clinique du taux de réponse globale dans ce contexte, compte tenu notamment de l’absence de démonstration de sa transposabilité sur la durée de survie globale ou l’amélioration de la qualité de vie . • l’absence de démonstration, en l’état actuel du dossier, d’un impact sur la survie globale, dans une maladie au stade avancé au pronostic défavorable . • l’absence de conclusion formelle pouvant être tirée des résultats de qualité de vie . • du profil de tolérance, marqué notamment par une toxicité significative . la Commission considère qu’ABECMA (idecabtagene vicleucel) apporte une amélioration du service médical rendu mineure (ASMR IV) dans la stratégie thérapeutique actuelle qui comprend les comparateurs pertinents (cf. 5 .2).",Avis de la Commission de la Transparence du 17/07/2024 - ABECMA - Extension d'indication,CT-20857,https://www.has-sante.fr/jcms/p_3538252,2026-09-05,verified-from-source,"avis type: extension of indication; motif BDPM: Extension d'indication. SMR/ASMR and wording from the Base de données publique des médicaments extracts (CIS_HAS_SMR_bdpm.txt, CIS_HAS_ASMR_bdpm.txt), which quote the avis conclusions; full avis PDF on has-sante.fr not fetchable (403 to curl, WebFetch aborted). regulatory_approval_date is the initial EU MA date; the EU extension date was not retrieved here. population cible: not retrieved (full avis not accessible) | status set to verified-from-source in the merge: official BDPM extract of the avis",decisions_has.csv,abecma,2021-08-18,stated by agent,2024-07-17,2021-03-26,35.0,39.7,True
Casgevy,France,France,HAS-CT,SCD_VOC_12plus,"Le service médical rendu par CASGEVY 4 à 13 x 106 cellules/mL (exagamglogène autotemcel) est modéré dans le traitement de la drépanocytose sévère uniquement chez des patients âgés de 12 à 35 ans présentant des crises vaso-occlusives récurrentes (CVO) malgré un traitement bien conduit par hydroxycarbamide éligibles à une greffe de cellules souches hématopoïétiques (CSH) et pour lesquels un donneur apparenté HLA (antigène leucocytaire humain) compatible n'est pas disponible et dont la sévérité de la maladie est établie par : • la mise en place d'un programme transfusionnel depuis au moins 6 mois pour épisodes vaso-occlusifs récurrents (population pédiatrique et adulte), • ET/OU, pour la population adulte seulement, la persistance d'épisodes vaso-occlusifs ayant nécessité une hospitalisation conventionnelle dans l'année (>= 2 épisodes/an ou >= 1 épisode/an ayant nécessité une transfusion). La Commission conditionne le maintien du SMR modéré à sa réévaluation dans un délai maximal de 3 ans, sur la base des résultats complémentaires attendus (cf. 5.6 Demandes de données).",2024-02-09,,2024-08-28,recommended-restricted,unknown,,SMR Modéré conditionnel; ASMR V,,,,CASGEVY 4 à 13 x 106 cellules/mL (exagamglogène autotemcel) n’apporte pas d’amélioration du service médical rendu (ASMR V) dans la stratégie thérapeutique actuelle qui comprend les comparateurs pertinents (cf. 5.2).,Avis de la Commission de la Transparence du 28/08/2024 - CASGEVY - Inscription (CT),CT-20799,https://www.has-sante.fr/jcms/p_3541918,2026-09-05,verified-from-source,"avis type: initial inscription; motif BDPM: Inscription (CT). SMR/ASMR and wording from the Base de données publique des médicaments extracts (CIS_HAS_SMR_bdpm.txt, CIS_HAS_ASMR_bdpm.txt), which quote the avis conclusions; full avis PDF on has-sante.fr not fetchable (403 to curl, WebFetch aborted). population cible: not retrieved (full avis not accessible) | status set to verified-from-source in the merge: official BDPM extract of the avis",decisions_has.csv,casgevy,2024-02-09,stated by agent,2024-08-28,2023-12-08,6.6,8.7,True
Casgevy,France,France,HAS-CT,SCD_VOC_12plus,Le service médical rendu par CASGEVY 4 à 13 x 106 cellules/mL (exagamglogène autotemcel) est insuffisant pour justifier d’une prise en charge par la solidarité nationale dans les autres situations de l’AMM.,2024-02-09,,2024-08-28,not-recommended,none,,SMR insuffisant; ASMR sans objet,,,,Le service médical rendu par CASGEVY 4 à 13 x 106 cellules/mL (exagamglogène autotemcel) est insuffisant pour justifier d’une prise en charge par la solidarité nationale dans les autres situations de l’AMM.,Avis de la Commission de la Transparence du 28/08/2024 - CASGEVY - Inscription (CT),CT-20799,https://www.has-sante.fr/jcms/p_3541918,2026-09-05,verified-from-source,"avis type: initial inscription; motif BDPM: Inscription (CT). SMR/ASMR and wording from the Base de données publique des médicaments extracts (CIS_HAS_SMR_bdpm.txt, CIS_HAS_ASMR_bdpm.txt), which quote the avis conclusions; full avis PDF on has-sante.fr not fetchable (403 to curl, WebFetch aborted). population cible: not retrieved (full avis not accessible) (row for the SMR insuffisant sub-population of the same avis) | status set to verified-from-source in the merge: official BDPM extract of the avis",decisions_has.csv,casgevy,2024-02-09,stated by agent,2024-08-28,2023-12-08,6.6,8.7,True
Casgevy,France,France,HAS-CT,TDT_12plus,"Le service médical rendu par CASGEVY 4 à 13 x 106 cellules/mL (exagamglogène autotemcel) est important dans l’indication « traitement de la ß-thalassémie dépendante des transfusions (TDT) chez les patients âgés de 12 ans à 35 ans éligibles à une greffe de cellules souches hématopoïétiques (CSH) et pour lesquels un donneur apparenté HLA (antigène leucocytaire humain) compatible n’est pas disponible ». La Commission conditionne le maintien du SMR important à sa réévaluation dans un délai maximal de 3 ans, sur la base des résultats des résultats complémentaires attendus (cf. 5.6 Demandes de données).",2024-02-09,,2024-09-25,recommended-restricted,unknown,,SMR Important conditionnel; ASMR IV,,,,CASGEVY 4 à 13 x 106 cellules/mL (exagamglogène autotemcel) apporte une amélioration du service médical rendu mineure (ASMR IV) dans la stratégie thérapeutique actuelle qui comprend les comparateurs pertinents (cf. 5.2).,Avis de la Commission de la Transparence du 25/09/2024 - CASGEVY - Inscription (CT),CT-20794,https://www.has-sante.fr/jcms/p_3545557,2026-09-05,verified-from-source,"avis type: initial inscription; motif BDPM: Inscription (CT). SMR/ASMR and wording from the Base de données publique des médicaments extracts (CIS_HAS_SMR_bdpm.txt, CIS_HAS_ASMR_bdpm.txt), which quote the avis conclusions; full avis PDF on has-sante.fr not fetchable (403 to curl, WebFetch aborted). population cible: not retrieved (full avis not accessible) | status set to verified-from-source in the merge: official BDPM extract of the avis",decisions_has.csv,casgevy,2024-02-09,stated by agent,2024-09-25,2023-12-08,7.5,9.6,True
Casgevy,France,France,HAS-CT,TDT_12plus,Le service médical rendu par CASGEVY 4 à 13 x 106 cellules/mL (exagamglogène autotemcel) est insuffisant pour justifier d’une prise en charge par la solidarité nationale au regard des alternatives disponibles dans les autres situations de l’AMM (patients âgés de 35 ans et plus).,2024-02-09,,2024-09-25,not-recommended,none,,SMR insuffisant; ASMR sans objet,,,,Le service médical rendu par CASGEVY 4 à 13 x 106 cellules/mL (exagamglogène autotemcel) est insuffisant pour justifier d’une prise en charge par la solidarité nationale au regard des alternatives disponibles dans les autres situations de l’AMM (patients âgés de 35 ans et plus).,Avis de la Commission de la Transparence du 25/09/2024 - CASGEVY - Inscription (CT),CT-20794,https://www.has-sante.fr/jcms/p_3545557,2026-09-05,verified-from-source,"avis type: initial inscription; motif BDPM: Inscription (CT). SMR/ASMR and wording from the Base de données publique des médicaments extracts (CIS_HAS_SMR_bdpm.txt, CIS_HAS_ASMR_bdpm.txt), which quote the avis conclusions; full avis PDF on has-sante.fr not fetchable (403 to curl, WebFetch aborted). population cible: not retrieved (full avis not accessible) (row for the SMR insuffisant sub-population of the same avis) | status set to verified-from-source in the merge: official BDPM extract of the avis",decisions_has.csv,casgevy,2024-02-09,stated by agent,2024-09-25,2023-12-08,7.5,9.6,True
Tecartus,France,France,HAS-CT,MCL_3L,Le service médical rendu par TECARTUS (brexucabtagene autoleucel) reste important dans l’indication de l’AMM.,2020-12-14,,2024-11-06,recommended,unknown,,SMR Important; ASMR IV,,,,"Compte tenu : • des données actualisées de l’étude ZUMA-2, après un suivi médian de 46,4 mois, qui mettent en évidence une médiane de survie globale de 46,5 mois dans la population ITTm et 43,9 mois dans la population ITT . • du recul supplémentaire concernant les données en vie réelle de TECARTUS (brexucabtagene autoleucel) issues du registre français DESCAR-T (27 centres activés, 152 patients traités, suivi médian de 14,2 mois depuis l’éligibilité) . et ce, malgré : • des données actualisées de l’étude ZUMA-2, objectivant des différences au regard des données d’utilisation en vie réelle . • une médiane de survie globale de 43,9 mois dans l’étude ZUMA-2 (suivi médian de 46,4 mois) versus 19,8 mois pour le registre DESCAR-T (suivi médian de 14,2 mois) . • une durée médiane de réponse de 28,2 mois versus 12 mois pour le registre DESCAR-T . • des incertitudes sur la transposabilité des résultats du fait de la population potentiellement sélectionnée dans l’étude ZUMA-2 . • des incertitudes sur le maintien d’une efficacité à long terme . • le profil de tolérance marqué par une toxicité significative à court terme . la Commission considère qu’en l’état actuel des données, TECARTUS (brexucabtagene autoleucel) apporte une amélioration du service médical rendu mineure (ASMR IV) en termes d’efficacité par rapport à la prise en charge actuelle du lymphome à cellule du manteau (LCM) réfractaire ou en rechute après au moins deux lignes de traitement systémique dont un traitement par un inhibiteur de tyrosine kinase de Bruton.",Avis de la Commission de la Transparence du 06/11/2024 - TECARTUS - Réévaluation suite à résultats étude post-inscript,CT-20302,https://www.has-sante.fr/jcms/p_3575020,2026-09-05,verified-from-source,"avis type: re-evaluation; motif BDPM: Réévaluation suite à résultats étude post-inscript. SMR/ASMR and wording from the Base de données publique des médicaments extracts (CIS_HAS_SMR_bdpm.txt, CIS_HAS_ASMR_bdpm.txt), which quote the avis conclusions; full avis PDF on has-sante.fr not fetchable (403 to curl, WebFetch aborted). regulatory_approval_date is the initial EU MA date; the EU extension date was not retrieved here. population cible: not retrieved (full avis not accessible) | status set to verified-from-source in the merge: official BDPM extract of the avis",decisions_has.csv,tecartus,2020-12-14,stated by agent,2024-11-06,2020-07-24,46.7,51.4,True
Lenmeldy / Libmeldy,France,France,HAS-CT,MLD_early,Le service médical rendu par LIBMELDY (atidarsagène autotemcel) est important dans les indications de l’AMM.,2020-12-17,,2024-11-06,recommended,unknown,,SMR Important; ASMR IV,,,,"LIBMELDY (atidarsagène autotemcel) apporte une amélioration du service médical rendu mineure (ASMR IV) dans la prise en charge des enfants symptomatiques, présentant des manifestations cliniques précoces de la maladie, qui ont conservé la capacité de marcher indépendamment et avant l’apparition du déclin cognitif, atteints de la forme juvénile précoce (se manifestant entre 30 mois et 6 ans inclus) de leucodystrophie métachromatique.",Avis de la Commission de la Transparence du 06/11/2024 - LENMELDY / LIBMELDY - Inscription (CT),CT-20867,https://www.has-sante.fr/jcms/p_3555789,2026-09-05,verified-from-source,"avis type: initial inscription; motif BDPM: Inscription (CT). SMR/ASMR and wording from the Base de données publique des médicaments extracts (CIS_HAS_SMR_bdpm.txt, CIS_HAS_ASMR_bdpm.txt), which quote the avis conclusions; full avis PDF on has-sante.fr not fetchable (403 to curl, WebFetch aborted). population cible: not retrieved (full avis not accessible) | status set to verified-from-source in the merge: official BDPM extract of the avis",decisions_has.csv,lenmeldy,2020-12-17,stated by agent,2024-11-06,2024-03-18,46.6,7.7,True
Lenmeldy / Libmeldy,France,France,HAS-CT,MLD_early,Le service médical rendu par LIBMELDY (atidarsagène autotemcel) est important dans les indications de l’AMM.,2020-12-17,,2024-11-06,recommended,unknown,,SMR Important; ASMR III,,,,"LIBMELDY (atidarsagène autotemcel) apporte une amélioration du service médical rendu modérée (ASMR III) dans la prise en charge des enfants asymptomatiques sans manifestation clinique de la maladie, que ce soit en termes d’atteinte motrice, cognitive et/ou comportementale, atteints de la forme infantile tardive (se manifestant avant 30 mois) ou juvénile précoce (se manifestant entre 30 mois et 6 ans inclus) de leucodystrophie métachromatique.",Avis de la Commission de la Transparence du 06/11/2024 - LENMELDY / LIBMELDY - Inscription (CT),CT-20867,https://www.has-sante.fr/jcms/p_3555789,2026-09-05,verified-from-source,"avis type: initial inscription; motif BDPM: Inscription (CT). SMR/ASMR and wording from the Base de données publique des médicaments extracts (CIS_HAS_SMR_bdpm.txt, CIS_HAS_ASMR_bdpm.txt), which quote the avis conclusions; full avis PDF on has-sante.fr not fetchable (403 to curl, WebFetch aborted). population cible: not retrieved (full avis not accessible) | status set to verified-from-source in the merge: official BDPM extract of the avis",decisions_has.csv,lenmeldy,2020-12-17,stated by agent,2024-11-06,2024-03-18,46.6,7.7,True
Carvykti,France,France,HAS-CT,MM_2L,Le service médical rendu par CARVYKTI (ciltacabtagene autoleucel) est important dans l’indication de l’AMM.,2022-05-25,,2025-07-16,recommended,unknown,,SMR Important; ASMR III,,,,"CARVYKTI (ciltacabtagene autoleucel) apporte une amélioration du service médical rendu modérée (ASMR III) par rapport aux protocoles DPd [daratumumab – pomalidomide – dexaméthasone] et PVd [pomalidomide – bortézomib – dexaméthasone] dans le traitement des patients adultes atteints d’un myélome multiple en rechute et réfractaire, ayant reçu au moins un traitement antérieur, incluant un agent immunomodulateur et un inhibiteur du protéasome, qui sont réfractaires au lénalidomide et dont la maladie a progressé pendant le dernier traitement.",Avis de la Commission de la Transparence du 16/07/2025 - CARVYKTI - Inscription (CT),CT-21250,https://www.has-sante.fr/jcms/p_3639814,2026-09-05,verified-from-source,"avis type: initial inscription; motif BDPM: Inscription (CT). SMR/ASMR and wording from the Base de données publique des médicaments extracts (CIS_HAS_SMR_bdpm.txt, CIS_HAS_ASMR_bdpm.txt), which quote the avis conclusions; full avis PDF on has-sante.fr not fetchable (403 to curl, WebFetch aborted). population cible: not retrieved (full avis not accessible) | status set to verified-from-source in the merge: official BDPM extract of the avis",decisions_has.csv,carvykti,2022-05-25,stated by agent,2025-07-16,2022-02-28,37.7,40.5,True
Vyjuvek,France,France,HAS-CT,DEB,"Le service médical rendu par VYJUVEK (bérémagène géperpavec), suspension et gel pour usage cutané, est important dans l’indication de l’AMM.",2025-04-23,,2025-10-08,recommended,unknown,,SMR Important; ASMR III,,,,"VYJUVEK (bérémagène géperpavec), suspension et gel pour usage cutané apporte une amélioration du service médical rendu modérée (ASMR III) dans la prise en charge des plaies chez les patients atteints d’épidermolyse bulleuse dystrophique (EBD) présentant une ou plusieurs mutations du gène de la chaîne alpha 1 du collagène de type VII (COL7A1), dès la naissance.",Avis de la Commission de la Transparence du 08/10/2025 - VYJUVEK - Inscription (CT),CT-21428,https://www.has-sante.fr/jcms/p_3704146,2026-09-05,verified-from-source,"avis type: initial inscription; motif BDPM: Inscription (CT). SMR/ASMR and wording from the Base de données publique des médicaments extracts (CIS_HAS_SMR_bdpm.txt, CIS_HAS_ASMR_bdpm.txt), which quote the avis conclusions; full avis PDF on has-sante.fr not fetchable (403 to curl, WebFetch aborted). population cible: not retrieved (full avis not accessible) | status set to verified-from-source in the merge: official BDPM extract of the avis",decisions_has.csv,vyjuvek,2025-04-23,stated by agent,2025-10-08,2023-05-19,5.5,28.7,True
Breyanzi,France,France,HAS-CT,FL_3L,"Le service médical rendu par BREYANZI (lisocabtagene maraleucel), 1,1-70 x 106 cellules/mL/1,1-70 x 106 cellules/mL, dispersion pour perfusion, est important dans l’indication de l’AMM.",2022-04-04,,2025-12-10,recommended,unknown,,SMR Important; ASMR V,,,,"Compte tenu : • des données d’efficacité issues d’une étude de phase 2 non comparative, suggérant un taux de réponse globale de 97,0 % (IC95% [91,6 % . 99,4 %]) dont 94,1 % (IC95% [87,5 % . 97,8 %]) de réponse complète . • de l’incertitude sur les estimations de l’efficacité relative de ce traitement considérant l’absence de comparaison directe fournie, et de la faiblesse méthodologique des comparaisons indirectes réalisées, dans un contexte où une comparaison directe à une alternative disponible était possible . • du profil de tolérance marqué par une toxicité significative à court et à moyen terme . • des incertitudes sur l’efficacité clinique et la tolérance à plus long terme du fait du délai de suivi limité à près de 42 mois . la Commission considère que BREYANZI (lisocabtagene maraleucel), 1,1-70 x 106 cellules/mL / 1,1-70 x 106 cellules/mL, dispersion pour perfusion, n’apporte pas d’amélioration du service médical rendu (ASMR V) dans la prise en charge des patients adultes atteints de lymphome folliculaire (LF) réfractaire ou en rechute après au moins deux lignes de traitement systémique.",Avis de la Commission de la Transparence du 10/12/2025 - BREYANZI - Extension d'indication,CT-21377,https://www.has-sante.fr/jcms/p_3808974,2026-09-05,verified-from-source,"avis type: extension of indication; motif BDPM: Extension d'indication. SMR/ASMR and wording from the Base de données publique des médicaments extracts (CIS_HAS_SMR_bdpm.txt, CIS_HAS_ASMR_bdpm.txt), which quote the avis conclusions; full avis PDF on has-sante.fr not fetchable (403 to curl, WebFetch aborted). regulatory_approval_date is the initial EU MA date; the EU extension date was not retrieved here. population cible: not retrieved (full avis not accessible) | status set to verified-from-source in the merge: official BDPM extract of the avis",decisions_has.csv,breyanzi,2022-04-04,stated by agent,2025-12-10,2021-02-05,44.2,58.1,True
Yescarta,France,France,HAS-CT,LBCL_2L,Le service médical rendu par YESCARTA (axicabtagene ciloleucel) reste important dans l’indication de l’AMM.,2018-08-23,,2026-05-06,recommended,unknown,,SMR Important; ASMR III,,,,"La Commission maintient une amélioration du service médical rendu modérée (ASMR III) de YESCARTA (axicabtagene ciloleucel), 0,4 – 2 x 108 cellules, dispersion pour perfusion, dans la prise en charge des patients adultes atteints de lymphome diffus à grandes cellules B (LDGCB) et de lymphome de haut grade à cellules B (LHGCB) ayant rechuté dans les 12 mois après la fin de la première ligne de chimio-immunothérapie, ou qui y sont réfractaires.",Avis de la Commission de la Transparence du 06/05/2026 - YESCARTA - Réévaluation suite à résultats étude post-inscript,CT-21445,https://www.has-sante.fr/jcms/p_4052286,2026-09-05,verified-from-source,"avis type: re-evaluation; motif BDPM: Réévaluation suite à résultats étude post-inscript. SMR/ASMR and wording from the Base de données publique des médicaments extracts (CIS_HAS_SMR_bdpm.txt, CIS_HAS_ASMR_bdpm.txt), which quote the avis conclusions; full avis PDF on has-sante.fr not fetchable (403 to curl, WebFetch aborted). regulatory_approval_date is the initial EU MA date; the EU extension date was not retrieved here. population cible: not retrieved (full avis not accessible) | status set to verified-from-source in the merge: official BDPM extract of the avis",decisions_has.csv,yescarta,2018-08-23,stated by agent,2026-05-06,2017-10-18,92.4,102.6,True
Breyanzi,France,France,HAS-CT,LBCL_2L,Le service médical rendu par BREYANZI (lisocabtagene maraleucel) reste important dans l’indication de l’AMM.,2022-04-04,,2026-06-03,recommended,unknown,,SMR Important; ASMR III,,,,"La Commission maintient une amélioration du service médical rendu modérée (ASMR III) de BREYANZI (lisocabtagene maraleucel), 1,1-70x10^6 cellules/mL / 1,1-70x10^6 cellules/mL, dispersion pour perfusion, dans la prise en charge des patients adultes atteints d’un lymphome diffus à grandes cellules B (LDGCB), d’un lymphome B de haut grade (LHGCB), d’un lymphome médiastinal primitif à grandes cellules B (LMPGCB) ou d’un lymphome folliculaire de grade 3B (LF3B) en rechute dans les 12 mois suivant la fin d’une immunochimiothérapie de première ligne ou réfractaire à ce traitement de première ligne.",Avis de la Commission de la Transparence du 03/06/2026 - BREYANZI - Réévaluation suite à résultats étude post-inscript,CT-21443,https://www.has-sante.fr/jcms/p_4052289,2026-09-05,verified-from-source,"avis type: re-evaluation; motif BDPM: Réévaluation suite à résultats étude post-inscript. SMR/ASMR and wording from the Base de données publique des médicaments extracts (CIS_HAS_SMR_bdpm.txt, CIS_HAS_ASMR_bdpm.txt), which quote the avis conclusions; full avis PDF on has-sante.fr not fetchable (403 to curl, WebFetch aborted). regulatory_approval_date is the initial EU MA date; the EU extension date was not retrieved here. population cible: not retrieved (full avis not accessible) | status set to verified-from-source in the merge: official BDPM extract of the avis",decisions_has.csv,breyanzi,2022-04-04,stated by agent,2026-06-03,2021-02-05,50.0,63.9,True
Zynteglo,France,France,HAS-CT,TDT_12plus,"traitement des patients atteints de β-thalassémie dépendante des transfusions (TDT), âgés de 12 ans et plus, qui n’ont pas de génotype β0/β0, éligibles à une greffe de cellules souches hématopoïétiques (CSH), mais n’ayant pas de donneur apparenté HLA compatible disponible",2019-05-29,,2020-03-18,recommended-restricted,unknown,,SMR important (uniquement 12 à <35 ans); ASMR III,,,,"Compte tenu : - des résultats, considérés comme cliniquement pertinents, démontrant l’efficacité de ZYNTEGLO en termes d’indépendance aux transfusions (critère de jugement principal), évaluée dans 3 études cliniques ouvertes, non comparatives, uniquement chez des patients âgés de plus de 12 ans à moins de 35 ans, mais, - de nombreuses incertitudes portant tout particulièrement : • sur le maintien de l’efficacité à moyen et long terme au regard du recul maximal de traitement par ZYNTEGLO limité à ce jour à 5 ans, pour un effectif de 3 patients seulement, • sur la tolérance au long cours de ZYNTEGLO, notamment au regard du risque potentiel de mutagénèse insertionnelle, la Commission considère que ZYNTEGLO (bétibéglogène autotemcel) apporte une amélioration du service médical rendu modérée (ASMR III) dans la prise en charge des patients âgés de plus de 12 ans à moins de 35 ans, atteints de β-thalassémie dépendante aux transfusions, non-β0/β0, pour lesquels une GCSH est indiquée mais ne disposant pas de donneur apparenté géno-identique.",Avis de la Commission de la Transparence du 18 mars 2020 - ZYNTEGLO (bétibéglogène autotemcel) - Inscription collectivités,CT-18061,https://web.archive.org/web/2/https://www.has-sante.fr/upload/docs/evamed/CT-18061_ZYNTEGLO_PIC_INS_AvisDef_CT18061_EPI659.pdf,2026-09-05,verified-from-source,"avis type: initial inscription (collectivités). Full avis PDF read via Wayback Machine; date d'examen 22 janvier 2020, avis définitif 18 mars 2020. population cible: not stated as range-75 (estimée à un maximum de 75 patients; 3 à 5 patients/an). Not in BDPM; EU MA withdrawn 2022-03-24.",decisions_has.csv,zynteglo,2019-05-29,stated by agent,2020-03-18,2022-08-17,9.7,-29.0,True
Zynteglo,France,France,HAS-CT,TDT_35plus,indication de l’AMM chez les patients âgés de 35 ans et plus,2019-05-29,,2020-03-18,not-recommended,none,,SMR insuffisant; ASMR sans objet,,,,Insuffisant pour justifier d’une prise en charge par la solidarité nationale dans l’indication de l’AMM chez les patients âgés de 35 ans et plus.,Avis de la Commission de la Transparence du 18 mars 2020 - ZYNTEGLO (bétibéglogène autotemcel) - Inscription collectivités,CT-18061,https://web.archive.org/web/2/https://www.has-sante.fr/upload/docs/evamed/CT-18061_ZYNTEGLO_PIC_INS_AvisDef_CT18061_EPI659.pdf,2026-09-05,verified-from-source,SMR insuffisant sub-population of the same avis.,decisions_has.csv,zynteglo,2019-05-29,stated by agent,2020-03-18,2022-08-17,9.7,-29.0,True
Glybera,France,France,HAS-CT,LPLD_adult,GLYBERA est indiqué chez les patients adultes présentant un diagnostic de déficit familial en lipoprotéine lipase (LPL) et souffrant de crises de pancréatites sévères ou multiples malgré un régime pauvre en lipides,2012-10-25,,2015-11-04,not-recommended,none,,SMR insuffisant; ASMR sans objet,,,,le service médical rendu par GLYBERA est insuffisant pour justifier une prise en charge par la solidarité nationale.,Avis de la Commission de la Transparence du 4 novembre 2015 - GLYBERA (alipogène tiparvovec) - Inscription collectivités,CT-14224,https://web.archive.org/web/20220228045554/http://www.has-sante.fr/upload/docs/evamed/CT-14224_GLYBERA_PIC_INS_Avis3_CT14224.pdf,2026-09-05,verified-from-source,Full avis PDF read via Wayback Machine (avis 3). population cible: sans objet. Not in BDPM; EU MA withdrawn 2017-10-28.,decisions_has.csv,glybera,2012-10-25,stated by agent,2015-11-04,,36.3,,True
Roctavian,France,France,HAS-CT,HEMA_adult,hémophilie A sévère sans antécédent d'inhibiteur du facteur VIII (indication de l'AMM),2022-08-24,,2023-09-06,recommended,unknown,,SMR/ASMR not retrieved (HAS page summary: avis favorable au remboursement dans l'indication de l'AMM),,,,,ROCTAVIAN (valoctocogène roxaparvovec) - Hémophilie A - avis CT du 6 septembre 2023,,https://www.has-sante.fr/jcms/p_3461362/fr/roctavian-valoctocogene-roxaparvovec-hemophilie-a,2026-09-05,verified-from-source,"From WebSearch snippet of the HAS page only; SMR/ASMR levels, wording and population cible not retrieved (has-sante.fr blocked; not in BDPM, hence no BDPM extract). No JO inscription or accès précoce found. | status set to verified-from-source in the merge: official BDPM extract of the avis",decisions_has.csv,roctavian,2022-08-24,stated by agent,2023-09-06,2023-06-30,12.4,2.2,True
Abecma,France,France,ANSM (accès précoce),MM_4L,"Traitement des patients adultes atteints d’un myélome multiple en rechute et réfractaire ayant reçu au moins trois traitements antérieurs, incluant un agent immunomodulateur, un inhibiteur du protéasome et un anticorps anti-CD38, et dont la maladie a progressé pendant le dernier traitement, lorsque toutes les options thérapeutiques ont été épuisées, sur l’avis d’une réunion de concertation pluridisciplinaire (RCP).",2021-08-18,,2021-12-02,recommended-managed-access,managed-access-agreement,autorisation d'accès précoce (AAP),,,,,,ANSM - Liste des spécialités en accès dérogatoire - Abecma,,https://ansm.sante.fr/tableau-atu-rtu/abecma-260-500-x-106-cellules-dispersion-pour-perfusion,2026-09-05,verified-from-source,"AAP octroyée le 02/12/2021, renouvelée le 09/02/2023 et le 21/02/2024, arrêtée le 14/11/2024 (ANSM page). JO arrêté du 12 novembre 2024 (JORFTEXT000050490978) ends the prise en charge précoce. End of coverage: 2024-11-14.",decisions_has.csv,abecma,2021-08-18,stated by agent,2021-12-02,2021-03-26,3.5,8.2,True
Abecma,France,France,ANSM (accès précoce),MM_4L,"ATU de cohorte dans le même périmètre d'indication (myélome multiple en rechute et réfractaire, au moins trois traitements antérieurs)",2021-08-18,,2021-04-29,recommended-managed-access,managed-access-agreement,ATU de cohorte,,,,,,"Avis CT-19358 ABECMA, informations administratives: ATU de cohorte octroyée le 29/04/2021",,https://web.archive.org/web/20230626064416/http://www.has-sante.fr/upload/docs/evamed/CT-19358_ABECMA_PIC_INS_AvisDef_CT19358.pdf,2026-09-05,verified-from-source,"Pre-2021 ATU de cohorte granted by ANSM, quoted in the HAS avis of 15/12/2021.",decisions_has.csv,abecma,2021-08-18,stated by agent,2021-04-29,2021-03-26,-3.6,1.1,True
Abecma,France,France,ANSM (accès précoce),MM_3L,"Traitement des patients adultes atteints d’un myélome multiple en rechute et réfractaire ayant reçu au moins deux traitements antérieurs, incluant un agent immunomodulateur, un inhibiteur du protéasome et un anticorps anti-CD38, et dont la maladie a progressé pendant le dernier traitement.",2021-08-18,,2024-07-25,recommended-managed-access,managed-access-agreement,autorisation d'accès précoce (AAP),,,,,,ANSM - Liste des spécialités en accès dérogatoire - Abecma; HAS décision n° 2024.0222/DC/SEM du 25 juillet 2024,,https://ansm.sante.fr/tableau-atu-rtu/abecma-260-500-x-106-cellules-dispersion-pour-perfusion,2026-09-05,verified-from-source,"AAP octroyée le 25/07/2024 (HAS decision 2024.0222/DC/SEM cited in JO arrêté of 12/11/2024), arrêtée le 15/11/2024; HAS retrait decision 2024.0269/DC/SEM of 10/10/2024. End of coverage: 2024-11-15.",decisions_has.csv,abecma,2021-08-18,stated by agent,2024-07-25,2021-03-26,35.2,40.0,True
Breyanzi,France,France,ANSM (accès précoce),LBCL_2L,"Traitement des patients adultes atteints d’un lymphome diffus à grandes cellules B (LDGCB), d’un lymphome de haut grade à cellules B (LHGCB) ou d’un lymphome médiastinal primitif à grandes cellules B (LMPGCB), réfractaires ou en rechute dans les 12 mois suivant un traitement de première ligne et éligibles à une autogreffe de cellules souches hématopoïétiques (CSH)",2022-04-04,,,recommended-managed-access,managed-access-agreement,autorisation d'accès précoce (AAP),,,,,,ANSM - Liste des spécialités en accès dérogatoire - Breyanzi,,https://ansm.sante.fr/tableau-atu-rtu/breyanzi,2026-09-05,verified-from-source,Grant date not shown on the ANSM page (only 'renouvelée le 07/09/2023'); decision_date left blank. End of coverage: 2024-07-13.,decisions_has.csv,breyanzi,2022-04-04,stated by agent,,2021-02-05,,,False
Breyanzi,France,France,ANSM (accès précoce),LBCL_2L,"Traitement des patients adultes atteints d’un lymphome folliculaire de grade 3B (LF3B) et éligibles à une stratégie d’autogreffe de CSH et des patients atteints de LDGCB, LHGCB, LMPGCB ou LF3B et non éligibles à une stratégie d’autogreffe de CSH, réfractaires ou en rechute dans les 12 mois suivant un traitement de première ligne",2022-04-04,,2023-09-07,recommended-managed-access,managed-access-agreement,autorisation d'accès précoce (AAP),,,,,,ANSM - Liste des spécialités en accès dérogatoire - Breyanzi,,https://ansm.sante.fr/tableau-atu-rtu/breyanzi,2026-09-05,verified-from-source,AAP octroyée le 07/09/2023. End of coverage: 2024-07-13.,decisions_has.csv,breyanzi,2022-04-04,stated by agent,2023-09-07,2021-02-05,17.1,31.0,True
Casgevy,France,France,ANSM (accès précoce),TDT_12plus,Traitement de la ß thalassémie dépendante des transfusions (TDT) chez les patients âgés de 12 ans à 35 ans éligibles à une greffe de cellules souches hématopoïétiques (CSH) et pour lesquels un donneur apparenté HLA (antigène leucocytaire humain) compatible n’est pas disponible.,2024-02-09,,2024-01-18,recommended-managed-access,managed-access-agreement,autorisation d'accès précoce (AAP),,,,,,ANSM - Liste des spécialités en accès dérogatoire - Casgevy; HAS décision n° 2024.0015/DC/SEM du 18 janvier 2024,,https://ansm.sante.fr/tableau-atu-rtu/casgevy,2026-09-05,verified-from-source,AAP (pré-AMM then post-AMM) octroyée le 18/01/2024; HAS retrait decision 2024.0348/DC/SEM du 12 décembre 2024. End of coverage: 2024-12-12.,decisions_has.csv,casgevy,2024-02-09,stated by agent,2024-01-18,2023-12-08,-0.7,1.3,True
Casgevy,France,France,ANSM (accès précoce),SCD_VOC_12plus,"Traitement de la drépanocytose sévère uniquement chez les patients âgés de 12 à 35 ans présentant des crises vaso occlusives récurrentes (CVO) malgré un traitement bien conduit par hydroxycarbamide éligibles à une greffe de cellules souches hématopoïétiques (CSH) et pour lesquels un donneur apparenté HLA compatible n'est pas disponible et dont la sévérité de la maladie est établie par : la mise en place d'un programme transfusionnel depuis au moins 6 mois pour épisodes vaso-occlusifs récurrents (population pédiatrique et adulte), ET/OU, pour la population adulte seulement, la persistance d'épisodes vaso-occlusifs récurrents ayant nécessité une hospitalisation conventionnelle dans l'année (≥ 2 épisodes/an ou ≥ 1 épisode/an ayant nécessité une transfusion).",2024-02-09,,2024-07-11,recommended-managed-access,managed-access-agreement,autorisation d'accès précoce (AAP),,,,,,ANSM - Liste des spécialités en accès dérogatoire - Casgevy; HAS décision n° 2024.0187/DC/SEM du 11 juillet 2024,,https://ansm.sante.fr/tableau-atu-rtu/casgevy,2026-09-05,verified-from-source,AAP octroyée le 11/07/2024. End of coverage: 2024-11-20.,decisions_has.csv,casgevy,2024-02-09,stated by agent,2024-07-11,2023-12-08,5.0,7.1,True
Ebvallo,France,France,ANSM (accès précoce),PTLD_EBV_2L,En monothérapie dans le traitement de patients adultes et pédiatriques âgés de 2 ans et plus atteints d’une maladie lymphoproliférative post-transplantation et positive au virus d’Epstein-Barr (EBV) récidivante ou réfractaire (LPT EBV+) qui ont reçu au moins un traitement antérieur.,2022-12-16,,2023-06-01,recommended-managed-access,managed-access-agreement,autorisation d'accès précoce (AAP),,,,,,ANSM - Liste des spécialités en accès dérogatoire - Ebvallo,,https://ansm.sante.fr/tableau-atu-rtu/ebvallo,2026-09-05,verified-from-source,"AAP octroyée le 01/06/2023, renouvelée le 11 juillet 2024, arrêtée le 05/07/2025. Prior accès compassionnel ended 22/06/2023. End of coverage: 2025-07-05.",decisions_has.csv,ebvallo,2022-12-16,stated by agent,2023-06-01,,5.5,,True
Kebilidi / Upstaza,France,France,ANSM (accès précoce),AADC,"Traitement de patients âgés de 18 mois et plus présentant un diagnostic clinique, moléculaire et génétiquement confirmé de déficit en décarboxylase d’acide L-aminé aromatique (AADC) associé à un phénotype sévère.",2022-07-18,,2022-12-15,recommended-managed-access,managed-access-agreement,autorisation d'accès précoce (AAP),,,,,,ANSM - Liste des spécialités en accès dérogatoire - Upstaza,,https://ansm.sante.fr/tableau-atu-rtu/upstaza,2026-09-05,verified-from-source,"AAP post-AMM octroyée le 15/12/2022, renouvelée le 14/12/2023, le 24/12/2024 et le 22/01/2026; still 'en cours' on 2026-09-05. Earlier ATU nominative / accès compassionnel from 04/12/2020, ended 01/01/2023. No JO inscription found (BDPM: présentation non agréée aux collectivités).",decisions_has.csv,kebilidi,2022-07-18,stated by agent,2022-12-15,2024-11-13,4.9,-23.0,True
Kymriah,France,France,ANSM (accès précoce),FL_3L,"Traitement des patients adultes présentant un lymphome folliculaire après au moins deux lignes de traitement qui présentent une maladie réfractaire ou en rechute pendant ou dans les 6 mois qui suivent la fin de leur traitement d’entretien ou en rechute après une autogreffe de cellules souches hématopoïétiques, uniquement lorsque toutes les options thérapeutiques ont été épuisées sur l’avis d’une RCP",2018-08-23,,2021-06-28,recommended-managed-access,managed-access-agreement,ATU de cohorte then AAP,,,,,,Arrêté du 6 octobre 2021 relatif à la prise en charge d'une spécialité pharmaceutique bénéficiant d'une ATU (NOR SSAS2128533A); ANSM page Kymriah,,https://www.legifrance.gouv.fr/jorf/id/JORFTEXT000044229326,2026-09-05,verified-from-source,"ATU de cohorte octroyée par l'ANSM le 28 juin 2021 (JO arrêté), converted to AAP; AAP renouvelée le 06/07/2023, fin d'AAP le 15/09/2024 (ANSM page https://ansm.sante.fr/tableau-atu-rtu/kymriah-1-2-x-106-6-x-108-cellules-dispersion-pour-perfusion). End of coverage: 2024-09-15.",decisions_has.csv,kymriah,2018-08-23,stated by agent,2021-06-28,2017-08-30,34.2,45.9,True
Kymriah,France,France,ANSM (accès précoce),ALL_ped,ATU nominative / accès compassionnel (2018 indications),2018-08-23,,,recommended-managed-access,managed-access-agreement,ATU nominative,,,,,,ANSM - Liste des spécialités en accès dérogatoire - Kymriah,,https://ansm.sante.fr/tableau-atu-rtu/kymriah-1-2-x-106-6-x-108-cellules-dispersion-pour-perfusion,2026-09-05,provisional-from-snippet,"ANSM page shows only 'Fin des AAC le 24/03/2019'; grant date of the 2018 ATU not shown, decision_date blank. End of coverage: 2019-03-24.",decisions_has.csv,kymriah,2018-08-23,stated by agent,,2017-08-30,,,False
Yescarta,France,France,ANSM (accès précoce),FL_4L,"Traitement des patients adultes atteints de lymphome folliculaire en rechute ou réfractaire, après au moins trois lignes de traitement systémique.",2018-08-23,,2022-04-14,recommended-managed-access,managed-access-agreement,autorisation d'accès précoce (AAP),,,,,,ANSM - Liste des spécialités en accès dérogatoire - Yescarta,,https://ansm.sante.fr/tableau-atu-rtu/yescarta-0-4-2-x-108-cellules-dispersion-pour-perfusion,2026-09-05,verified-from-source,"AAP octroyée le 14/04/2022, renouvelée le 06/04/2023, fin d'AAP le 24/04/2024. End of coverage: 2024-04-24.",decisions_has.csv,yescarta,2018-08-23,stated by agent,2022-04-14,2017-10-18,43.7,53.8,True
Yescarta,France,France,ANSM (accès précoce),LBCL_2L,"Traitement des patients adultes atteints de lymphome diffus à grandes cellules B (LDGCB), réfractaires ou en rechute dans les 12 mois après la fin d’un traitement de première ligne et éligibles à une chimiothérapie de rattrapage suivie d’une chimiothérapie d’intensification en vue d’une autogreffe de CSH",2018-08-23,,,recommended-managed-access,managed-access-agreement,autorisation d'accès précoce (AAP),,,,,,ANSM - Liste des spécialités en accès dérogatoire - Yescarta,,https://ansm.sante.fr/tableau-atu-rtu/yescarta-0-4-2-x-108-cellules-dispersion-pour-perfusion,2026-09-05,verified-from-source,Grant date not shown (only 'renouvelée le 20/07/2023'); decision_date blank. End of coverage: 2024-04-24.,decisions_has.csv,yescarta,2018-08-23,stated by agent,,2017-10-18,,,False
Yescarta,France,France,ANSM (accès précoce),LBCL_2L,"Traitement des patients adultes atteints de lymphome de haut grade à cellules B (LHGCB) éligibles à une stratégie d’autogreffe de CSH, et les patients atteints de LDGCB et LHGCB et non éligibles à une stratégie d’autogreffe de CSH, ayant rechuté dans les 12 mois après la fin de la première ligne de chimio-immunothérapie, ou qui y sont réfractaires.",2018-08-23,,,recommended-managed-access,managed-access-agreement,autorisation d'accès précoce (AAP),,,,,,ANSM - Liste des spécialités en accès dérogatoire - Yescarta,,https://ansm.sante.fr/tableau-atu-rtu/yescarta-0-4-2-x-108-cellules-dispersion-pour-perfusion,2026-09-05,verified-from-source,Grant date not shown (only 'renouvelée le 18/03/2024'); decision_date blank. End of coverage: 2024-04-24.,decisions_has.csv,yescarta,2018-08-23,stated by agent,,2017-10-18,,,False
Tecartus,France,France,ANSM (accès précoce),ALL_adult_3L,Traitement des patients adultes âgés de 26 ans et plus atteints de leucémie aiguë lymphoblastique (LAL) de la lignée B réfractaire ou en rechute en dernier recours : Phi+ après au moins deux lignes de traitement; Phi- après au moins deux lignes de traitement et en échec ou non éligibles au blinatumomab et à l’inotuzumab.,2020-12-14,,,recommended-managed-access,managed-access-agreement,autorisation d'accès précoce (AAP),,,,,,ANSM - Liste des spécialités en accès dérogatoire - Tecartus,,https://ansm.sante.fr/tableau-atu-rtu/tecartus-0-4-2-x-108-cellules-dispersion-pour-perfusion,2026-09-05,verified-from-source,Grant date not shown (only 'renouvelée le 21/12/2023'); decision_date blank. ATU nominative (MCL) ended 31/03/2021; accès compassionnel KTE-X19 ended 03/03/2023. End of coverage: 2024-07-05.,decisions_has.csv,tecartus,2020-12-14,stated by agent,,2020-07-24,,,False
Vyjuvek,France,France,ANSM (accès précoce),DEB_6m,Traitement des plaies des patients âgés de 6 mois et plus atteints d'épidermolyse bulleuse dystrophique (EBD) avec mutation(s) du gène de la chaîne alpha 1 du collagène de type VII (COL7A1).,2025-04-23,,2024-09-12,recommended-managed-access,managed-access-agreement,autorisation d'accès précoce (AAP),,,,,,ANSM - Liste des spécialités en accès dérogatoire - Vyjuvek,,https://ansm.sante.fr/tableau-atu-rtu/vyjuvek,2026-09-05,verified-from-source,"Pre-AMM AAP octroyée le 12/09/2024, renouvelée le 01/09/2025, arrêtée le 02/10/2025. End of coverage: 2025-10-02.",decisions_has.csv,vyjuvek,2025-04-23,stated by agent,2024-09-12,2023-05-19,-7.3,15.8,True
Vyjuvek,France,France,ANSM (accès précoce),DEB,"Traitement des plaies chez les patients atteints d’épidermolyse bulleuse dystrophique (EBD) présentant une ou plusieurs mutations du gène COL7A1, dès la naissance.",2025-04-23,,2025-10-02,recommended-managed-access,managed-access-agreement,autorisation d'accès précoce (AAP),,,,,,ANSM - Liste des spécialités en accès dérogatoire - Vyjuvek; HAS décision du 2 octobre 2025 portant autorisation d'accès précoce,,https://ansm.sante.fr/tableau-atu-rtu/vyjuvek,2026-09-05,verified-from-source,"AAP post-AMM octroyée le 02/10/2025, en cours. BDPM: inscription sur la liste de rétrocession, prix de cession publié au JO (arrêté not located).",decisions_has.csv,vyjuvek,2025-04-23,stated by agent,2025-10-02,2023-05-19,5.3,28.5,True
Zolgensma,France,France,ANSM (accès précoce),SMA_type1,patients pesant moins de 21 kg avec un diagnostic clinique de SMA de type 1 ou SMA avec mutation bi-allélique SMN1 et jusqu'à 3 copies SMN2 (périmètre ATUc),2020-05-18,2020-05-25,2020-05-15,recommended-managed-access,managed-access-agreement,ATU de cohorte,,,,,,ANSM - Liste des spécialités en accès dérogatoire - Zolgensma,,https://ansm.sante.fr/tableau-atu-rtu/zolgensma-2-x-1013-genomes-de-vecteur-ml-solution-pour-perfusion,2026-09-05,verified-from-source,"ATUc du 15/05/2020, début le 25/05/2020, arrêt d'ATUc le 18/05/2021 (ANSM page). Indication wording from Institut de Myologie summary (snippet), not from the ANSM page. End of coverage: 2021-05-18.",decisions_has.csv,zolgensma,2020-05-18,stated by agent,2020-05-15,2019-05-24,-0.1,11.7,True
Luxturna,France,France,ANSM (accès précoce),RPE65,"traitement des patients d’âge ≤ 20 ans, présentant une perte visuelle due à une dystrophie rétinienne héréditaire résultant de mutations bi-alléliques confirmées du gène RPE65",2018-11-22,,2018-10-19,recommended-managed-access,managed-access-agreement,ATU de cohorte,,,,,,Avis CT-17535 LUXTURNA: ATU de cohorte octroyée par l’ANSM le 19 octobre 2018,,https://web.archive.org/web/20191112230609/https://www.has-sante.fr/upload/docs/evamed/CT-17535_LUXTURNA_PIC_INS_Avis2_CT17535.pdf,2026-09-05,verified-from-source,Quoted in the HAS avis of 03/04/2019.,decisions_has.csv,luxturna,2018-11-22,stated by agent,2018-10-19,2017-12-19,-1.1,10.0,True
Carvykti,France,France,ANSM (accès précoce),MM_4L,"Traitement des patients adultes atteints d’un myélome multiple en rechute et réfractaire, ayant reçu au moins 3 traitements antérieurs incluant un agent immunomodulateur, un inhibiteur du protéasome et un anticorps anti-CD38 et dont la maladie a progressé pendant le dernier traitement, uniquement lorsque toutes les options thérapeutiques ont été épuisées, sur l'avis d'une RCP",2022-05-25,,2022-06-23,recommended-managed-access,managed-access-agreement,autorisation d'accès précoce (AAP),,,,,,HAS Décision n°2022.0211/DC/SEM du 23 juin 2022 portant autorisation d’accès précoce de la spécialité CARVYKTI,,https://www.has-sante.fr/jcms/p_3348761/fr/,2026-09-05,provisional-from-snippet,"Grant date from WebSearch snippet of HAS page title. Terminated by Arrêté du 23 mai 2023 (JORFTEXT000047602771, verified): 'le retrait par le laboratoire JANSSEN-CILAG de sa demande d'inscription' on 31 mars 2023; 3-month continuity. ANSM tableau-atu-rtu page for Carvykti not located. End of coverage: 2023-05-23.",decisions_has.csv,carvykti,2022-05-25,stated by agent,2022-06-23,2022-02-28,1.0,3.8,False
Hemgenix,France,France,JO (inscription),HEMB_adult,traitement de l'hémophilie B (déficit congénital en facteur IX) sévère et modérément sévère chez les patients adultes sans antécédents d'inhibiteurs du facteur IX,2023-02-20,,2023-12-05,recommended-managed-access,other,"accès direct (art. 62 LFSS 2022), prise en charge d'une durée maximale d'un an",,,,,,"Arrêté du 5 décembre 2023 relatif à la prise en charge par l'assurance maladie de spécialités pharmaceutiques au titre du dispositif d'accès direct (NOR SPRS2333451A, JO 12/12/2023)",JORFTEXT000048551003,https://www.legifrance.gouv.fr/jorf/id/JORFTEXT000048551003,2026-09-05,verified-from-source,"Coverage stopped by Arrêté du 17 octobre 2024 (JORFTEXT000050385415, snippet only). BDPM: présentation non agréée aux collectivités, prix libre; no liste en sus / collectivités inscription found.",decisions_has.csv,hemgenix,2023-02-20,stated by agent,2023-12-05,2022-11-22,9.5,12.4,True
Yescarta,France,France,JO (inscription),LBCL_3L,traitement des patients adultes atteints de lymphome diffus à grandes cellules B (LDGCB) et de lymphome médiastinal primitif à grandes cellules B (LMPGCB) réfractaire ou en rechute,2018-08-23,,2019-07-08,recommended,none,inscription liste en sus,,,,,,"Arrêté du 8 juillet 2019 modifiant la liste des spécialités pharmaceutiques prises en charge en sus des prestations d'hospitalisation (NOR SSAS1902345A, JO 13/07/2019)",JORFTEXT000038757767,https://www.legifrance.gouv.fr/jorf/id/JORFTEXT000038757767,2026-09-05,verified-from-source,"UCD 3400894404569. Companion arrêté collectivités of the same date: JORFTEXT000038757759 (snippet). Arrêtés of 30/04/2019 and 08/07/2019 subordinate coverage to data collection (JORFTEXT000038438805, JORFTEXT000038757777).",decisions_has.csv,yescarta,2018-08-23,stated by agent,2019-07-08,2017-10-18,10.5,20.6,True
Yescarta,France,France,JO (inscription),LBCL_2L,"traitement des patients adultes atteints de LDGCB et de lymphome de haut grade à cellules B (LHGCB) ayant rechuté dans les 12 mois après la fin de la première ligne de chimio-immunothérapie, ou qui y sont réfractaires; and FL réfractaire ou en rechute après au moins trois lignes",2018-08-23,,2024-04-11,recommended,none,extension d'indication liste en sus,,,,,,"Arrêté du 11 avril 2024 modifiant la liste des spécialités pharmaceutiques prises en charge en sus (NOR TSSS2410472A, JO 23/04/2024)",JORFTEXT000049453692,https://www.legifrance.gouv.fr/jorf/id/JORFTEXT000049453692,2026-09-05,verified-from-source,Extension d'indication covering both LBCL_2L and FL_4L. Companion arrêté collectivités 18/04/2024: JORFTEXT000049453740 (snippet).,decisions_has.csv,yescarta,2018-08-23,stated by agent,2024-04-11,2017-10-18,67.6,77.8,True
Kymriah,France,France,JO (inscription),ALL_ped,"enfants et jeunes adultes jusqu'à 25 ans atteints de LAL à cellules B réfractaire, en rechute après greffe ou après la deuxième rechute ou plus; and LDGCB en rechute ou réfractaire après deux lignes ou plus",2018-08-23,,2019-12-20,recommended,none,inscription liste en sus,,,,,,"Arrêté du 20 décembre 2019 modifiant la liste des spécialités pharmaceutiques prises en charge en sus (NOR SSAS1937049A, JO 26/12/2019)",JORFTEXT000039667265,https://www.legifrance.gouv.fr/jorf/id/JORFTEXT000039667265,2026-09-05,verified-from-source,UCD 3400894399384; covers ALL_ped and LBCL_3L. Arrêté collectivités du 17 décembre 2019: JORFTEXT000039667217 (snippet). Data-collection arrêté 20/12/2019: JORFTEXT000039667256.,decisions_has.csv,kymriah,2018-08-23,stated by agent,2019-12-20,2017-08-30,15.9,27.7,True
Kymriah,France,France,JO (inscription),FL_3L,"traitement des patients adultes présentant un lymphome folliculaire après au moins deux lignes de traitement qui présentent une maladie réfractaire, ou en rechute pendant ou dans les 6 mois qui suivent la fin de leur traitement d'entretien, ou en rechute après une autogreffe de cellules souches hématopoïétiques",2018-08-23,,2023-09-12,recommended,none,extension d'indication liste en sus,,,,,,"Arrêté du 12 septembre 2023 modifiant la liste des spécialités pharmaceutiques prises en charge en sus (NOR SPRS2324546A, JO 14/09/2023)",JORFTEXT000048068093,https://www.legifrance.gouv.fr/jorf/id/JORFTEXT000048068093,2026-09-05,verified-from-source,Companion arrêté collectivités du 12 septembre 2023: JORFTEXT000048068081 (snippet). An arrêté collectivités du 7 février 2023 (JORFTEXT000047716292) also mentions KYMRIAH (content not read).,decisions_has.csv,kymriah,2018-08-23,stated by agent,2023-09-12,2017-08-30,60.6,72.4,True
Luxturna,France,France,JO (inscription),RPE65,traitement des patients adultes et des enfants présentant une perte visuelle due à une dystrophie rétinienne héréditaire résultant de mutations bi-alléliques du gène RPE65,2018-11-22,,2021-08-04,recommended,none,inscription liste en sus,,,,,,"Arrêté du 4 août 2021 modifiant la liste des spécialités pharmaceutiques prises en charge en sus (NOR SSAS2121645A, JO 06/08/2021)",JORFTEXT000043909970,https://www.legifrance.gouv.fr/jorf/id/JORFTEXT000043909970,2026-09-05,verified-from-source,UCD 3400894437857. Arrêté collectivités du 30 juillet 2021: JORFTEXT000043909958 (snippet).,decisions_has.csv,luxturna,2018-11-22,stated by agent,2021-08-04,2017-12-19,32.4,43.5,True
Abecma,France,France,JO (inscription),MM_4L,traitement des patients adultes atteints d'un myélome multiple en rechute et réfractaire ayant reçu au moins trois traitements antérieurs,2021-08-18,,2024-11-05,recommended,none,inscription liste en sus,,,,,,"Arrêté du 5 novembre 2024 modifiant la liste des spécialités pharmaceutiques prises en charge en sus (NOR MSAS2429884A, JO 13/11/2024)",JORFTEXT000050489128,https://www.legifrance.gouv.fr/jorf/id/JORFTEXT000050489128,2026-09-05,verified-from-source,UCD 3400890012645. Inscription came about three years after the CT avis of 15/12/2021 (ASMR V) and after the re-evaluation of 21/06/2023 (ASMR IV).,decisions_has.csv,abecma,2021-08-18,stated by agent,2024-11-05,2021-03-26,38.6,43.4,True
Abecma,France,France,JO (inscription),MM_3L,"traitement des patients adultes atteints d'un myélome multiple en rechute et réfractaire ayant reçu au moins deux traitements antérieurs, incluant un agent immunomodulateur (IMID), un inhibiteur du protéasome (IP) et un anticorps anti-CD38, et dont la maladie a progressé pendant le dernier traitement",2021-08-18,,2025-12-05,recommended,none,extension d'indication liste en sus,,,,,,"Arrêté du 5 décembre 2025 modifiant la liste des spécialités pharmaceutiques prises en charge en sus (NOR SFHS2532706A, JO 09/12/2025)",JORFTEXT000053000804,https://www.legifrance.gouv.fr/jorf/id/JORFTEXT000053000804,2026-09-05,verified-from-source,Extension d'indication.,decisions_has.csv,abecma,2021-08-18,stated by agent,2025-12-05,2021-03-26,51.6,56.3,True
Breyanzi,France,France,JO (inscription),LBCL_2L,"traitement des patients adultes atteints d'un LDGCB, d'un LHGCB, d'un LMPGCB ou d'un lymphome folliculaire de grade 3B (LF3B) en rechute dans les 12 mois suivant la fin d'une immunochimiothérapie de première ligne ou réfractaire à ce traitement de première ligne",2022-04-04,,2024-07-08,recommended,none,inscription liste en sus,,,,,,"Arrêté du 8 juillet 2024 modifiant la liste des spécialités pharmaceutiques prises en charge en sus (NOR TSSS2419141A, JO 11/07/2024)",JORFTEXT000049938593,https://www.legifrance.gouv.fr/jorf/id/JORFTEXT000049938593,2026-09-05,verified-from-source,UCD 3400890024518. Arrêté collectivités du 5 juillet 2024: JORFTEXT000049950306 (snippet: use limited to qualified centres).,decisions_has.csv,breyanzi,2022-04-04,stated by agent,2024-07-08,2021-02-05,27.1,41.0,True
Tecartus,France,France,JO (inscription),MCL_3L,lymphome à cellules du manteau (LCM) réfractaire ou en rechute après au moins deux lignes de traitement systémique dont un traitement par un inhibiteur de tyrosine kinase de Bruton (BTK),2020-12-14,,2022-08-03,recommended,none,inscription liste en sus,,,,,,"Arrêté du 3 août 2022 modifiant la liste des spécialités pharmaceutiques prises en charge en sus (NOR SPRS2222834A, JO 09/08/2022)",JORFTEXT000046160974,https://www.legifrance.gouv.fr/jorf/id/JORFTEXT000046160974,2026-09-05,verified-from-source,UCD 3400890008044. Arrêté collectivités du 2 août 2022: JORFTEXT000046160963 (snippet). Data-collection arrêté 27/09/2021: JORFTEXT000044137993.,decisions_has.csv,tecartus,2020-12-14,stated by agent,2022-08-03,2020-07-24,19.6,24.3,True
Tecartus,France,France,JO (inscription),ALL_adult_3L,"patients adultes âgés de 26 ans et plus atteints de LAL à précurseurs B réfractaire ou en rechute, chromosome Philadelphie négatif, après au moins deux lignes de traitement antérieures",2020-12-14,,2024-07-08,recommended,none,extension d'indication liste en sus,,,,,,"Arrêté du 8 juillet 2024 modifiant la liste des spécialités pharmaceutiques prises en charge en sus (NOR TSSS2419143A, JO 09/07/2024)",JORFTEXT000049908644,https://www.legifrance.gouv.fr/jorf/id/JORFTEXT000049908644,2026-09-05,verified-from-source,Extension d'indication. Arrêté collectivités du 1er juillet 2024: JORFTEXT000049870913 (snippet). Arrêtés of 20/07/2026 (JORFTEXT000054451052 collectivités; JORFTEXT000054451035 remboursables) also list TECARTUS (content not read).,decisions_has.csv,tecartus,2020-12-14,stated by agent,2024-07-08,2020-07-24,42.8,47.5,True
Ebvallo,France,France,JO (inscription),PTLD_EBV_2L,en monothérapie dans le traitement des patients adultes et pédiatriques âgés de 2 ans et plus atteints d'une maladie lymphoproliférative post-transplantation et positive au virus d'Epstein-Barr,2022-12-16,,2025-06-02,recommended,none,inscription liste en sus,,,,,,"Arrêté du 2 juin 2025 modifiant la liste des spécialités pharmaceutiques prises en charge en sus (NOR TSSS2516265A, JO 04/07/2025)",JORFTEXT000051843966,https://www.legifrance.gouv.fr/jorf/id/JORFTEXT000051843966,2026-09-05,verified-from-source,UCD 3400890030885.,decisions_has.csv,ebvallo,2022-12-16,stated by agent,2025-06-02,,29.5,,True
Vyjuvek,France,France,JO (inscription),DEB,,2025-04-23,,,recommended,none,inscription liste de rétrocession,,,,,,"Inscription sur la liste de rétrocession, prix de cession publié au Journal Officiel (BDPM extrait)",,,2026-09-05,provisional-from-snippet,BDPM extrait (specid 64181296) states 'Inscription sur la liste de rétrocession au titre de son AMM ... Prix de cession publié au Journal Officiel'; the arrêté and its date were not located on Legifrance (search returned only a CNIL decision).,decisions_has.csv,vyjuvek,2025-04-23,stated by agent,,2023-05-19,,,False
Carvykti,France,France,JO (inscription),MM_2L,,2022-05-25,,,not-found,none,,,,,,,No Journal Officiel inscription arrêté located,,,2026-09-05,not-found,"No inscription arrêté found on Legifrance (searches 'carvykti' and 'ciltacabtagene' return only the 23/05/2023 arrêt de prise en charge précoce). BDPM: 'Pas de présentation à afficher', non commercialisée. CT avis of 16/07/2025 (ASMR III) suggests a pending inscription/price negotiation.",decisions_has.csv,carvykti,2022-05-25,stated by agent,,2022-02-28,,,False
Zolgensma,France,France,JO (inscription),SMA_5q,,2020-05-18,,,not-found,none,,,,,,,No Journal Officiel inscription arrêté located,,,2026-09-05,not-found,"Legifrance search 'zolgensma' returned 0 results; BDPM: all presentations 'non agréée aux collectivités, prix libre, médicament non remboursable'. Funding after the ATUc appears to run through post-ATU/accès précoce continuity rather than a JO inscription; not verified here.",decisions_has.csv,zolgensma,2020-05-18,stated by agent,,2019-05-24,,,False
Lenmeldy / Libmeldy,France,France,JO (inscription),MLD_early,,2020-12-17,,,not-found,none,,,,,,,No Journal Officiel inscription arrêté located,,,2026-09-05,not-found,"Legifrance search 'libmeldy' returned 0 results; BDPM: présentation non agréée aux collectivités, prix libre. Arrêté du 21 octobre 2021 limiting use to certain centres exists (HAS avis n° 2021.0074/DC/SEM). No inscription arrêté found.",decisions_has.csv,lenmeldy,2020-12-17,stated by agent,,2024-03-18,,,False
Casgevy,France,France,JO (inscription),SCD_VOC_12plus,,2024-02-09,,,not-found,none,,,,,,,No Journal Officiel inscription arrêté located,,,2026-09-05,not-found,"Legifrance search 'casgevy' returned 0 results; BDPM: présentation non agréée aux collectivités, prix libre. Accès précoce ended Nov/Dec 2024; no inscription arrêté found.",decisions_has.csv,casgevy,2024-02-09,stated by agent,,2023-12-08,,,False
Kebilidi / Upstaza,France,France,JO (inscription),AADC,,2022-07-18,,,not-found,none,,,,,,,No Journal Officiel inscription arrêté located,,,2026-09-05,not-found,"BDPM: présentation non agréée aux collectivités, prix libre; AAP post-AMM still ongoing (2026). Only the Arrêté du 17 novembre 2020 restricting use to certain establishments found (JORFTEXT000042539261).",decisions_has.csv,kebilidi,2022-07-18,stated by agent,,2024-11-13,,,False
Alofisel,France,France,JO (inscription),CROHN_FISTULA,,2018-03-23,,,not-found,none,,,,,,,No Journal Officiel inscription arrêté located,,,2026-09-05,not-found,"BDPM: présentation non agréée aux collectivités, prix libre, arrêt de commercialisation 13/12/2024; EU MA withdrawn 2024-12-13. No inscription arrêté found.",decisions_has.csv,alofisel,2018-03-23,stated by agent,,,,,False
Zynteglo,France,France,JO (inscription),TDT_12plus,,2019-05-29,,,not-found,none,,,,,,,No Journal Officiel inscription arrêté located,,,2026-09-05,not-found,No JO inscription; bluebird bio withdrew from the EU market (EU MA withdrawn 2022-03-24). Not in BDPM.,decisions_has.csv,zynteglo,2019-05-29,stated by agent,,2022-08-17,,,False
Kymriah,France,France,CEPS (price),ALL_ped,,2018-08-23,,2019-12-26,recommended,confidential-discount,tarif de responsabilité HT par UCD = prix limite de vente HT aux établissements; conventional (CEPS) net price confidential,,297666,EUR,tarif de responsabilité,,Avis relatif aux prix de spécialités pharmaceutiques publiés en application de l'article L. 162-16-6 du code de la sécurité sociale (JO 26/12/2019),JORFTEXT000039668553,https://www.legifrance.gouv.fr/jorf/id/JORFTEXT000039668553,2026-09-05,verified-from-source,"UCD 34008 943 993 8 4 KYMRIAH 1,2MN-600MN CELLU POC, NOVARTIS PHARMA SAS: 297 666,000 / 297 666,000 (tarif de responsabilité HT; prix limite de vente HT). Applies to ALL_ped and LBCL_3L.",decisions_has.csv,kymriah,2018-08-23,stated by agent,2019-12-26,2017-08-30,16.1,27.9,True
Kymriah,France,France,CEPS (price),FL_3L,,2018-08-23,,2023-09-14,recommended,confidential-discount,tarif de responsabilité HT par UCD = prix limite de vente HT aux établissements; conventional (CEPS) net price confidential,,251750,EUR,tarif de responsabilité,,Avis relatif aux prix de spécialités pharmaceutiques publiés en application de l'article L. 162-16-6 du code de la sécurité sociale (JO 14/09/2023),JORFTEXT000048068436,https://www.legifrance.gouv.fr/jorf/id/JORFTEXT000048068436,2026-09-05,verified-from-source,"UCD 34008 943 993 8 4: 251 750,00 / 251 750,00 (price revised at the FL extension). A further avis modifiant of Sept 2023 (JORFTEXT000048080346) and an avis of 2024 (JORFTEXT000053170369) also list KYMRIAH; amounts not read.",decisions_has.csv,kymriah,2018-08-23,stated by agent,2023-09-14,2017-08-30,60.7,72.5,True
Yescarta,France,France,CEPS (price),LBCL_3L,,2018-08-23,,2019-07-13,recommended,confidential-discount,tarif de responsabilité HT par UCD = prix limite de vente HT aux établissements; conventional (CEPS) net price confidential,,327000,EUR,tarif de responsabilité,,Avis relatif aux prix de spécialités pharmaceutiques publiés en application de l'article L. 162-16-6 du code de la sécurité sociale (JO 13/07/2019),JORFTEXT000038758420,https://www.legifrance.gouv.fr/jorf/id/JORFTEXT000038758420,2026-09-05,verified-from-source,"UCD 34008 944 045 6 9 YESCARTA 0,4-2X100MN CELL POC, GILEAD SCIENCES: 327 000,000 / 327 000,000.",decisions_has.csv,yescarta,2018-08-23,stated by agent,2019-07-13,2017-10-18,10.6,20.8,True
Yescarta,France,France,CEPS (price),LBCL_2L,,2018-08-23,,2024-04-10,recommended,confidential-discount,tarif de responsabilité HT par UCD = prix limite de vente HT aux établissements; conventional (CEPS) net price confidential,,299500,EUR,tarif de responsabilité,,Avis relatif aux prix de spécialités pharmaceutiques publiés en application de l'article L. 162-16-6 du code de la sécurité sociale (JO 10/04/2024),JORFTEXT000049394210,https://www.legifrance.gouv.fr/jorf/id/JORFTEXT000049394210,2026-09-05,provisional-from-snippet,"Amount from Legifrance search snippet only (299 500,000).",decisions_has.csv,yescarta,2018-08-23,stated by agent,2024-04-10,2017-10-18,67.6,77.7,False
Yescarta,France,France,CEPS (price),LBCL_2L,,2018-08-23,,2024-10-29,recommended,confidential-discount,tarif de responsabilité HT par UCD = prix limite de vente HT aux établissements; conventional (CEPS) net price confidential,,272000,EUR,tarif de responsabilité,,Avis relatif aux prix de spécialités pharmaceutiques publiés en application de l'article L. 162-16-6 du code de la sécurité sociale (JO 29/10/2024),JORFTEXT000050403731,https://www.legifrance.gouv.fr/jorf/id/JORFTEXT000050403731,2026-09-05,provisional-from-snippet,"Amount from Legifrance search snippet only (272 000,000).",decisions_has.csv,yescarta,2018-08-23,stated by agent,2024-10-29,2017-10-18,74.2,84.4,False
Yescarta,France,France,CEPS (price),LBCL_2L,,2018-08-23,,2026-02-20,recommended,confidential-discount,tarif de responsabilité HT par UCD = prix limite de vente HT aux établissements; conventional (CEPS) net price confidential,,244800,EUR,tarif de responsabilité,,Avis relatif aux prix de spécialités pharmaceutiques publiés en application de l'article L. 162-16-6 du code de la sécurité sociale (JO 20/02/2026),JORFTEXT000053510794,https://www.legifrance.gouv.fr/jorf/id/JORFTEXT000053510794,2026-09-05,provisional-from-snippet,"Amount from Legifrance search snippet only (244 800,000).",decisions_has.csv,yescarta,2018-08-23,stated by agent,2026-02-20,2017-10-18,89.9,100.1,False
Tecartus,France,France,CEPS (price),MCL_3L,,2020-12-14,,2022-08-09,recommended,confidential-discount,tarif de responsabilité HT par UCD = prix limite de vente HT aux établissements; conventional (CEPS) net price confidential,,360000,EUR,tarif de responsabilité,,Avis relatif aux prix de spécialités pharmaceutiques publiés en application de l'article L. 162-16-6 du code de la sécurité sociale (JO 09/08/2022),JORFTEXT000046161266,https://www.legifrance.gouv.fr/jorf/id/JORFTEXT000046161266,2026-09-05,verified-from-source,"UCD 34008 900 080 4 4 TECARTUS 0,4-2X100MN CELL POC, GILEAD SCIENCES: 360 000,000 / 360 000,000.",decisions_has.csv,tecartus,2020-12-14,stated by agent,2022-08-09,2020-07-24,19.8,24.5,True
Tecartus,France,France,CEPS (price),ALL_adult_3L,,2020-12-14,,2024-07-04,recommended,confidential-discount,tarif de responsabilité HT par UCD = prix limite de vente HT aux établissements; conventional (CEPS) net price confidential,,271000,EUR,tarif de responsabilité,,Avis relatif aux prix de spécialités pharmaceutiques publiés en application de l'article L. 162-16-6 du code de la sécurité sociale (JO 04/07/2024),JORFTEXT000049872035,https://www.legifrance.gouv.fr/jorf/id/JORFTEXT000049872035,2026-09-05,verified-from-source,"UCD 34008 900 080 4 4: 271 000,000 / 271 000,000 (revised at the ALL extension).",decisions_has.csv,tecartus,2020-12-14,stated by agent,2024-07-04,2020-07-24,42.6,47.3,True
Abecma,France,France,CEPS (price),MM_4L,,2021-08-18,,2024-11-13,recommended,confidential-discount,tarif de responsabilité HT par UCD = prix limite de vente HT aux établissements; conventional (CEPS) net price confidential,,240000,EUR,tarif de responsabilité,,Avis relatif aux prix de spécialités pharmaceutiques publiés en application de l'article L. 162-16-6 du code de la sécurité sociale (JO 13/11/2024),JORFTEXT000050489427,https://www.legifrance.gouv.fr/jorf/id/JORFTEXT000050489427,2026-09-05,verified-from-source,"UCD 34008 900 126 4 5 ABECMA 260-500X106CELL P50ML, BRISTOL-MYERS SQUIBB: 240 000,000 / 240 000,000.",decisions_has.csv,abecma,2021-08-18,stated by agent,2024-11-13,2021-03-26,38.9,43.6,True
Breyanzi,France,France,CEPS (price),LBCL_2L,,2022-04-04,,2024-07-11,recommended,confidential-discount,tarif de responsabilité HT par UCD = prix limite de vente HT aux établissements; conventional (CEPS) net price confidential,,345000,EUR,tarif de responsabilité,,Avis relatif aux prix de spécialités pharmaceutiques publiés en application de l'article L. 162-16-6 du code de la sécurité sociale (JO 11/07/2024),JORFTEXT000049939198,https://www.legifrance.gouv.fr/jorf/id/JORFTEXT000049939198,2026-09-05,verified-from-source,"UCD 34008 900 245 1 8 BREYANZI 1,1-70X10MN CELL FL, BRISTOL-MYERS SQUIBB: 345 000,000 / 345 000,000.",decisions_has.csv,breyanzi,2022-04-04,stated by agent,2024-07-11,2021-02-05,27.2,41.1,True
Breyanzi,France,France,CEPS (price),LBCL_2L,,2022-04-04,,2025-06-11,recommended,confidential-discount,tarif de responsabilité HT par UCD = prix limite de vente HT aux établissements; conventional (CEPS) net price confidential,,227500,EUR,tarif de responsabilité,,Avis relatif aux prix de spécialités pharmaceutiques publiés en application de l'article L. 162-16-6 du code de la sécurité sociale (JO 11/06/2025),JORFTEXT000051710421,https://www.legifrance.gouv.fr/jorf/id/JORFTEXT000051710421,2026-09-05,provisional-from-snippet,"Amount from Legifrance search snippet only (227 500,000).",decisions_has.csv,breyanzi,2022-04-04,stated by agent,2025-06-11,2021-02-05,38.2,52.1,False
Luxturna,France,France,CEPS (price),RPE65,,2018-11-22,,2021-08-06,recommended,confidential-discount,tarif de responsabilité HT par UCD = prix limite de vente HT aux établissements; conventional (CEPS) net price confidential,,290000,EUR,tarif de responsabilité,,Avis relatif aux prix de spécialités pharmaceutiques publiés en application de l'article L. 162-16-6 du code de la sécurité sociale (JO 06/08/2021),JORFTEXT000043910352,https://www.legifrance.gouv.fr/jorf/id/JORFTEXT000043910352,2026-09-05,verified-from-source,"UCD 34008 944 378 5 7 LUXTURNA INJ FL+FL, NOVARTIS PHARMA SAS: 290 000,000 / 290 000,000 (per UCD; one UCD = one eye kit).",decisions_has.csv,luxturna,2018-11-22,stated by agent,2021-08-06,2017-12-19,32.5,43.6,True
Ebvallo,France,France,CEPS (price),PTLD_EBV_2L,,2022-12-16,,2025-07-04,recommended,confidential-discount,tarif de responsabilité HT par UCD = prix limite de vente HT aux établissements; conventional (CEPS) net price confidential,,75000,EUR,tarif de responsabilité,,Avis relatif aux prix de spécialités pharmaceutiques publiés en application de l'article L. 162-16-6 du code de la sécurité sociale (JO 04/07/2025),JORFTEXT000051844592,https://www.legifrance.gouv.fr/jorf/id/JORFTEXT000051844592,2026-09-05,verified-from-source,"UCD 34008 900 308 8 5 EBVALLO 2,8X10-7,3X10 CEL F1-6, PIERRE FABRE MEDICAMENT: 75 000,000 / 75 000,000 per UCD (UCD = 1 to 6 vials pack; per-treatment cost depends on number of doses).",decisions_has.csv,ebvallo,2022-12-16,stated by agent,2025-07-04,,30.6,,True
Skysona,France,France,HAS-CT,CALD,,2021-07-16,,,not-found,unknown,,,,,,,,,,2026-09-05,not-found,"EU MA 2021-07-16, withdrawn 2021-11-18; not in BDPM; no HAS avis or accès précoce surfaced (site-restricted WebSearch).",decisions_has.csv,skysona,2021-07-16,stated by agent,,2022-09-16,,,False
Imlygic,France,France,HAS-CT,MELANOMA,,2015-12-16,,,not-found,unknown,,,,,,,,,,2026-09-05,not-found,Not in BDPM (no French marketing declaration); no HAS avis surfaced via WebSearch; has-sante.fr not fetchable.,decisions_has.csv,imlygic,2015-12-16,stated by agent,,2015-10-27,,,False
Zalmoxis,France,France,HAS-CT,HSCT_haplo,,2016-08-18,,,not-found,unknown,,,,,,,,,,2026-09-05,not-found,Not in BDPM; no HAS avis surfaced via WebSearch; EU MA withdrawn 2019-10-09.,decisions_has.csv,zalmoxis,2016-08-18,stated by agent,,,,,False
Strimvelis,France,France,HAS-CT,ADA_SCID,,2016-05-26,,,not-found,unknown,,,,,,,,,,2026-09-05,not-found,Not in BDPM; no HAS record located; treatment delivered only in Milan.,decisions_has.csv,strimvelis,2016-05-26,stated by agent,,,,,False
Provenge,France,France,HAS-CT,PROSTATE,,2013-09-06,,,not-found,unknown,,,,,,,,,,2026-09-05,not-found,Not in BDPM; no HAS record located; EU MA withdrawn 2015-05-06.,decisions_has.csv,provenge,2013-09-06,stated by agent,,2010-04-29,,,False
Aucatzyl,France,France,HAS-CT,ALL_adult,,2025-07-17,,,not-found,unknown,,,,,,,,,,2026-09-05,not-found,EU conditional MA 2025-07-17; not in BDPM; no HAS avis or accès précoce decision surfaced (may be under assessment).,decisions_has.csv,aucatzyl,2025-07-17,stated by agent,,2024-11-08,,,False
Beqvez / Durveqtix,France,France,HAS-CT,HEMB_adult,,2024-07-24,,,not-found,unknown,,,,,,,,,,2026-09-05,not-found,"EU MA 2024-07-24, withdrawn 2025-05-15; not in BDPM; no HAS record located; ANSM slugs durveqtix/beqvez return 404.",decisions_has.csv,beqvez,2024-07-24,stated by agent,,2024-04-25,,,False
Adstiladrin,France,France,HAS-CT,NMIBC,,2026-05-28,,,not-found,unknown,,,,,,,,,,2026-09-05,not-found,EU conditional MA 2026-05-28; not in BDPM; no HAS record located.,decisions_has.csv,adstiladrin,2026-05-28,stated by agent,,2022-12-16,,,False
Itvisma,France,France,HAS-CT,SMA_IT,,2026-06-30,,,not-found,unknown,,,,,,,,,,2026-09-05,not-found,EU MA 2026-06-30; not in BDPM; no HAS record located.,decisions_has.csv,itvisma,2026-06-30,stated by agent,,2025-11-24,,,False
Waskyra,France,France,HAS-CT,WAS,,2026-01-09,,,not-found,unknown,,,,,,,,,,2026-09-05,not-found,EU MA 2026-01-09; not in BDPM; no HAS record located.,decisions_has.csv,waskyra,2026-01-09,stated by agent,,2025-12-09,,,False
Amtagvi,France,France,HAS-CT,,,,,,not-submitted,none,,,,,,,,,,2026-09-05,not-found,No EU authorisation (MAA withdrawn by applicant; no EU authorisation); no French HAS assessment expected. Row records the gap.,decisions_has.csv,amtagvi,,cohort EU authorisation,,2024-02-16,,,False
Elevidys,France,France,HAS-CT,,,,,,not-submitted,none,,,,,,,,,,2026-09-05,not-found,No EU authorisation (EU marketing authorisation refused); no French HAS assessment expected. Row records the gap.,decisions_has.csv,elevidys,2023-06-22,cohort FDA approval,,2023-06-22,,,False
Encelto,France,France,HAS-CT,,,,,,not-submitted,none,,,,,,,,,,2026-09-05,not-found,No EU authorisation (no EU authorisation); no French HAS assessment expected. Row records the gap.,decisions_has.csv,encelto,2025-03-05,cohort FDA approval,,2025-03-05,,,False
Genglycos,France,France,HAS-CT,,,,,,not-submitted,none,,,,,,,,,,2026-09-05,not-found,No EU authorisation (no EU authorisation); no French HAS assessment expected. Row records the gap.,decisions_has.csv,genglycos,2026-08-19,cohort FDA approval,,2026-08-19,,,False
Kresladi,France,France,HAS-CT,,,,,,not-submitted,none,,,,,,,,,,2026-09-05,not-found,No EU authorisation (no EU authorisation); no French HAS assessment expected. Row records the gap.,decisions_has.csv,kresladi,2026-03-26,cohort FDA approval,,2026-03-26,,,False
Lantidra,France,France,HAS-CT,,,,,,not-submitted,none,,,,,,,,,,2026-09-05,not-found,No EU authorisation (no EMA centrally authorised medicine); no French HAS assessment expected. Row records the gap.,decisions_has.csv,lantidra,,cohort EU authorisation,,2023-06-28,,,False
Lyfgenia,France,France,HAS-CT,,,,,,not-submitted,none,,,,,,,,,,2026-09-05,not-found,No EU authorisation (no EU authorisation); no French HAS assessment expected. Row records the gap.,decisions_has.csv,lyfgenia,,cohort EU authorisation,,2023-12-08,,,False
Omisirge,France,France,HAS-CT,,,,,,not-submitted,none,,,,,,,,,,2026-09-05,not-found,No EU authorisation (no EMA centrally authorised medicine); no French HAS assessment expected. Row records the gap.,decisions_has.csv,omisirge,,cohort EU authorisation,,2023-04-17,,,False
Otarmeni,France,France,HAS-CT,,,,,,not-submitted,none,,,,,,,,,,2026-09-05,not-found,No EU authorisation (no EU authorisation); no French HAS assessment expected. Row records the gap.,decisions_has.csv,otarmeni,2026-04-23,cohort FDA approval,,2026-04-23,,,False
Papzimeos,France,France,HAS-CT,,,,,,not-submitted,none,,,,,,,,,,2026-09-05,not-found,No EU authorisation (no EU authorisation); no French HAS assessment expected. Row records the gap.,decisions_has.csv,papzimeos,,cohort EU authorisation,,2025-08-14,,,False
Ryoncil,France,France,HAS-CT,,,,,,not-submitted,none,,,,,,,,,,2026-09-05,not-found,No EU authorisation (no EMA centrally authorised medicine); no French HAS assessment expected. Row records the gap.,decisions_has.csv,ryoncil,,cohort EU authorisation,,2024-12-19,,,False
Tecelra,France,France,HAS-CT,,,,,,not-submitted,none,,,,,,,,,,2026-09-05,not-found,No EU authorisation (no EU authorisation); no French HAS assessment expected. Row records the gap.,decisions_has.csv,tecelra,2024-08-01,cohort FDA approval,,2024-08-01,,,False
Tregzi,France,France,HAS-CT,,,,,,not-submitted,none,,,,,,,,,,2026-09-05,not-found,No EU authorisation (no EU authorisation); no French HAS assessment expected. Row records the gap.,decisions_has.csv,tregzi,2026-07-01,cohort FDA approval,,2026-07-01,,,False
Tudriqev,France,France,HAS-CT,,,,,,not-submitted,none,,,,,,,,,,2026-09-05,not-found,No EU authorisation (no EU authorisation); no French HAS assessment expected. Row records the gap.,decisions_has.csv,tudriqev,2026-08-06,cohort FDA approval,,2026-08-06,,,False
Zevaskyn,France,France,HAS-CT,,,,,,not-submitted,none,,,,,,,,,,2026-09-05,not-found,No EU authorisation (no EU authorisation); no French HAS assessment expected. Row records the gap.,decisions_has.csv,zevaskyn,2025-04-28,cohort FDA approval,,2025-04-28,,,False
Kymriah,England,UK,NICE,ALL_ped,Tisagenlecleucel for treating relapsed or refractory B-cell acute lymphoblastic leukaemia in people aged up to 25 years,2018-08-23,2018-03-15,2018-12-21,recommended-managed-access,cancer-drugs-fund,Recommended for use within the Cancer Drugs Fund under a managed access agreement which includes a patient access scheme (simple discount); data collection until June 2023,"ERG probabilistic base-case ICER incorporating PAS: £29,501/QALY vs blinatumomab and £48,265/QALY vs salvage chemotherapy; company £20,046 and £27,066",282000,GBP,list,"The most plausible cost-effectiveness estimates for tisagenlecleucel are higher than what NICE normally considers acceptable. The life expectancy of people with relapsed or refractory acute lymphoblastic leukaemia is uncertain. It does not meet both of NICE's criteria to be a life-extending treatment at the end of life. Therefore tisagenlecleucel cannot be recommended for routine use in the NHS. Collecting more data on overall survival, subsequent stem cell transplant rates, and immunoglobulin usage will reduce the uncertainty in the clinical- and cost-effectiveness evidence. Therefore tisagenlecleucel is recommended for use in the Cancer Drugs Fund.",Tisagenlecleucel for treating relapsed or refractory B-cell acute lymphoblastic leukaemia in people aged up to 25 years (TA554),TA554,https://www.nice.org.uk/guidance/ta554,2026-09-05,verified-from-source,"regulatory_approval_date = EU (EC) authorisation date from cohort brief, applicable to the UK at the time; MHRA GB date may differ for post-2020 products. Initial guidance; replaced by TA975 in May 2024. Live NICE page is a stub; recommendation text and list price read from Wayback snapshot (web.archive.org/web/20190601) of the original chapters. submission_or_start_date = invitation to participate; scope consultation 2017-11-23; final draft guidance 2018-11-16.",decisions_nice.csv,kymriah,2018-08-23,stated by agent,2018-12-21,2017-08-30,3.9,15.7,True
Kymriah,England,UK,NICE,ALL_ped,Tisagenlecleucel for treating relapsed or refractory B-cell acute lymphoblastic leukaemia in people 25 years and under,2018-08-23,2023-08-08,2024-05-15,recommended,confidential-discount,Simple discount patient access scheme; size of discount commercial in confidence,"Company base-case ICERs vs blinatumomab or salvage chemotherapy around £20,000/QALY or lower; exact ICERs confidential",282000,GBP,list,"When considering the condition's severity, and its effect on quality and length of life, the most likely cost-effectiveness estimates are within the range that NICE considers an acceptable use of NHS resources. So, tisagenlecleucel is recommended for routine use in the NHS.",Tisagenlecleucel for treating relapsed or refractory B-cell acute lymphoblastic leukaemia in people 25 years and under (TA975),TA975,https://www.nice.org.uk/guidance/ta975,2026-09-05,verified-from-source,"regulatory_approval_date = EU (EC) authorisation date from cohort brief, applicable to the UK at the time; MHRA GB date may differ for post-2020 products. Cancer Drugs Fund exit review of TA554. Resource impact statement: fewer than 100 children and young people in England eligible. Scope consultation 2023-07-18; final draft guidance 2024-04-11.",decisions_nice.csv,kymriah,2018-08-23,stated by agent,2024-05-15,2017-08-30,68.7,80.5,True
Kymriah,England,UK,NICE,LBCL_3L,Tisagenlecleucel for treating relapsed or refractory diffuse large B-cell lymphoma after 2 or more systemic therapies,2018-08-23,,2019-03-13,recommended-managed-access,cancer-drugs-fund,Recommended for use within the Cancer Drugs Fund under a managed access agreement including a patient access scheme and a commercial access agreement; data collection until 2023,"Committee: ICER with commercial discount ranged £42,991 to £55,403/QALY (ERG analyses with 2- to 4-year cure point); company revised base case £46,325/QALY",282000,GBP,list,"Tisagenlecleucel meets NICE's criteria to be considered a life-extending treatment at the end of life. All the cost-effectiveness estimates for tisagenlecleucel compared with salvage chemotherapy are uncertain because of limitations in the data. Because some of these estimates are higher than what NICE normally considers an acceptable use of NHS resources and are associated with a high degree of uncertainty, tisagenlecleucel cannot be recommended for routine use in the NHS. Collecting more data on progression-free survival, overall survival and immunoglobulin usage will reduce the uncertainty in the evidence. Therefore, tisagenlecleucel is recommended for use in the Cancer Drugs Fund.",Tisagenlecleucel for treating relapsed or refractory diffuse large B-cell lymphoma after 2 or more systemic therapies (TA567),TA567,https://www.nice.org.uk/guidance/ta567,2026-09-05,verified-from-source,"regulatory_approval_date = EU (EC) authorisation date from cohort brief, applicable to the UK at the time; MHRA GB date may differ for post-2020 products. Initial guidance; replaced by TA933 (terminated) in Nov 2023. Live page is a stub; text and price read from Wayback snapshot (web.archive.org/web/20190701). Start date blank: TA567 history not preserved on the live site and TA933 has no history entries.",decisions_nice.csv,kymriah,2018-08-23,stated by agent,2019-03-13,2017-08-30,6.6,18.4,True
Kymriah,England,UK,NICE,LBCL_3L,Tisagenlecleucel for treating relapsed or refractory diffuse large B-cell lymphoma after 2 or more systemic therapies (terminated appraisal),2018-08-23,,2023-11-29,terminated-or-withdrawn,none,CDF exit review terminated; company funds patients already on treatment,,,,,NICE is unable to make a recommendation about the use in the NHS of tisagenlecleucel for treating relapsed or refractory diffuse large B-cell lymphoma in adults after 2 or more systemic therapies. This is because Novartis has confirmed that it does not intend to make an evidence submission for the appraisal. Novartis has agreed with NICE and NHS England that a guidance update would not be a productive use of resources. Novartis considers that changes to treatment and reimbursement mean that the submission would not be viable within what NICE considers a cost-effective use of NHS resources.,Tisagenlecleucel for treating relapsed or refractory diffuse large B-cell lymphoma after 2 or more systemic therapies (terminated appraisal) (TA933),TA933,https://www.nice.org.uk/guidance/ta933,2026-09-05,verified-from-source,"regulatory_approval_date = EU (EC) authorisation date from cohort brief, applicable to the UK at the time; MHRA GB date may differ for post-2020 products. Cancer Drugs Fund exit review of TA567 terminated because the company did not submit; product exited the CDF for this indication. No history dates on page.",decisions_nice.csv,kymriah,2018-08-23,stated by agent,2023-11-29,2017-08-30,63.2,75.0,True
Kymriah,England,UK,NICE,FL_3L,Tisagenlecleucel for treating follicular lymphoma after 2 or more therapies (terminated appraisal),,2022-08-30,2022-11-22,terminated-or-withdrawn,none,,,,,,NICE is unable to make a recommendation about the use in the NHS of tisagenlecleucel for treating relapsed or refractory follicular lymphoma in adults after 2 or more therapies. This is because Novartis has confirmed that it does not intend to make an evidence submission for the appraisal. Novartis considers that the technology is unlikely to be a cost-effective use of NHS resources based on the current price in existing indications.,Tisagenlecleucel for treating follicular lymphoma after 2 or more therapies (terminated appraisal) (TA842),TA842,https://www.nice.org.uk/guidance/ta842,2026-09-05,verified-from-source,regulatory_approval_date blank: this is an extension of indication whose EC/MHRA date is not stated in the guidance; take from EPAR. Scope consultation 2022-04-06; invitation to participate 2022-08-30 and 2022-09-15.,decisions_nice.csv,kymriah,2018-08-23,cohort EU authorisation,2022-11-22,2017-08-30,51.0,62.7,True
Kymriah,England,UK,NICE,LBCL_2L,Tisagenlecleucel for treating relapsed or refractory aggressive diffuse large B-cell lymphoma after 1 systemic therapy [ID3974],,,2022-12-21,terminated-or-withdrawn,none,,,,,,"Suspended. For information, the company have advised that they are no longer pursuing a Marketing Authorisation Application from the Medicines and Healthcare products Regulatory Agency (MHRA) for this indication at this time.",Tisagenlecleucel for treating relapsed or refractory aggressive diffuse large B-cell lymphoma after 1 systemic therapy [ID3974] (discontinued),GID-TA10859,https://www.nice.org.uk/guidance/discontinued/gid-ta10859,2026-09-05,verified-from-source,No marketing authorisation for this indication (BELINDA trial negative). NICE topic suspended 2021-10-27 and discontinued 2022-12-21; decision_date = discontinuation date.,decisions_nice.csv,kymriah,2018-08-23,cohort EU authorisation,2022-12-21,2017-08-30,51.9,63.7,True
Yescarta,England,UK,NICE,LBCL_3L,Axicabtagene ciloleucel for treating diffuse large B-cell lymphoma and primary mediastinal large B-cell lymphoma after 2 or more systemic therapies,2018-08-23,2017-12-07,2019-01-23,recommended-managed-access,cancer-drugs-fund,Recommended for use within the Cancer Drugs Fund under a managed access agreement with a confidential commercial arrangement; data collection until around February 2022,"Company base-case ICER above £50,000/QALY at first meeting; ERG exploratory base case over £100,000/QALY; company revised base case below £50,000/QALY; exact ICERs confidential",,,,"Axicabtagene ciloleucel meets NICE's criteria to be considered a life-extending treatment at the end of life. The most plausible cost-effectiveness estimates for axicabtagene ciloleucel compared with salvage chemotherapy are uncertain because survival data on axicabtagene ciloleucel are immature. However, the range of cost-effectiveness estimates shows that axicabtagene ciloleucel has plausible potential to be cost effective, and collecting further data on progression-free survival, overall survival and immunoglobulin usage will reduce the uncertainty in the evidence. Therefore, axicabtagene ciloleucel is recommended for use as an option within the Cancer Drugs Fund.",Axicabtagene ciloleucel for treating diffuse large B-cell lymphoma and primary mediastinal large B-cell lymphoma after 2 or more systemic therapies (TA559),TA559,https://www.nice.org.uk/guidance/ta559,2026-09-05,verified-from-source,"regulatory_approval_date = EU (EC) authorisation date from cohort brief, applicable to the UK at the time; MHRA GB date may differ for post-2020 products. Initial guidance; replaced by TA872 in Feb 2023. Live page is a stub; text read from Wayback snapshot (web.archive.org/web/20190601). Price was submitted as commercial in confidence (no list price in the 2019 guidance). Draft guidance 2018-08-28; final draft guidance 2018-12-07 (from TA872 history).",decisions_nice.csv,yescarta,2018-08-23,stated by agent,2019-01-23,2017-10-18,5.0,15.2,True
Yescarta,England,UK,NICE,LBCL_3L,Axicabtagene ciloleucel for treating diffuse large B-cell lymphoma and primary mediastinal large B-cell lymphoma after 2 or more systemic therapies,2018-08-23,2022-03-17,2023-02-28,recommended,confidential-discount,Simple discount patient access scheme; size of discount commercial in confidence,ICERs confidential; committee concluded within acceptable range with end-of-life weighting,280451,GBP,list,"Axicabtagene ciloleucel meets NICE's criteria to be considered a life-extending treatment at the end of life. Taking this into account, the cost-effectiveness estimates for axicabtagene ciloleucel are within what NICE considers an acceptable use of NHS resources. So, axicabtagene ciloleucel is recommended for routine use in the NHS.",Axicabtagene ciloleucel for treating diffuse large B-cell lymphoma and primary mediastinal large B-cell lymphoma after 2 or more systemic therapies (TA872),TA872,https://www.nice.org.uk/guidance/ta872,2026-09-05,verified-from-source,"regulatory_approval_date = EU (EC) authorisation date from cohort brief, applicable to the UK at the time; MHRA GB date may differ for post-2020 products. Cancer Drugs Fund exit review of TA559. List price £280,451 per single infusion bag. Scope consultation 2022-02-08; final draft guidance 2023-01-26. No resource impact statement linked.",decisions_nice.csv,yescarta,2018-08-23,stated by agent,2023-02-28,2017-10-18,54.2,64.4,True
Yescarta,England,UK,NICE,LBCL_2L,Axicabtagene ciloleucel for treating relapsed or refractory diffuse large B-cell lymphoma after first-line chemoimmunotherapy,,2022-01-06,2023-06-07,recommended-managed-access,cancer-drugs-fund,Recommended for use within the Cancer Drugs Fund under a managed access agreement which includes a patient access scheme and a commercial access agreement; restricted to adults when an autologous stem cell transplant is suitable and disease relapsed within 12 months of or refractory to first-line chemoimmunotherapy,"Exact ICERs confidential; committee set maximum acceptable ICER substantially less than £50,000/QALY (end-of-life) because of uncertainty; estimate above lower end of range",280451,GBP,list,"Axicabtagene ciloleucel meets NICE's criteria to be considered a life-extending treatment at the end of life. The cost-effectiveness estimates are within the range NICE normally considers an acceptable use of NHS resources for end of life treatments. But, because of the uncertainty, an acceptable cost-effectiveness estimate would need to be at the lower end of the range. The cost-effectiveness estimate for axicabtagene ciloleucel is above the lower end of the range, so it cannot be recommended for routine use in the NHS. Axicabtagene ciloleucel has the potential to be cost effective, but more evidence is needed to reduce the uncertainties. Evidence from the trial and from NHS practice could help address these. So, axicabtagene ciloleucel is recommended for use in the Cancer Drugs Fund.",Axicabtagene ciloleucel for treating relapsed or refractory diffuse large B-cell lymphoma after first-line chemoimmunotherapy (TA895),TA895,https://www.nice.org.uk/guidance/ta895,2026-09-05,verified-from-source,regulatory_approval_date blank: this is an extension of indication whose EC/MHRA date is not stated in the guidance; take from EPAR. Resource impact statement: around 540 people per year with DLBCL eligible. Scope consultation 2021-10-29; draft guidance 2022-11-23; final draft guidance 2023-04-27.,decisions_nice.csv,yescarta,2018-08-23,cohort EU authorisation,2023-06-07,2017-10-18,57.5,67.6,True
Yescarta,England,UK,NICE,FL_4L,Axicabtagene ciloleucel for treating relapsed or refractory follicular lymphoma after 3 or more systemic treatments in adults,,2021-10-25,2023-06-07,not-recommended,none,Existing commercial arrangement would have applied if recommended,"Company deterministic and probabilistic base-case ICERs vs standard care over £40,000/QALY; acceptable range £20,000 to £30,000/QALY (end-of-life criteria not met)",280451,GBP,list,"Axicabtagene ciloleucel does not meet NICE's criteria to be considered a life-extending treatment at the end of life. This is because people having standard treatments for relapsed or refractory follicular lymphoma after 3 or more systemic treatments are likely to live longer than 2 years. Because there are uncertainties in the economic model, the cost-effectiveness estimates are also uncertain. They are also all above the range NICE normally considers to be an acceptable use of NHS resources. So, axicabtagene ciloleucel is not recommended for routine use in the NHS. The evidence suggests that axicabtagene ciloleucel is not likely to be cost effective. So, axicabtagene ciloleucel is not recommended for use in the Cancer Drugs Fund.",Axicabtagene ciloleucel for treating relapsed or refractory follicular lymphoma (TA894),TA894,https://www.nice.org.uk/guidance/ta894,2026-09-05,verified-from-source,regulatory_approval_date blank: this is an extension of indication whose EC/MHRA date is not stated in the guidance; take from EPAR. Scope consultation 2021-06-07; draft guidance 2022-07-27; final draft guidance 2023-05-02.,decisions_nice.csv,yescarta,2018-08-23,cohort EU authorisation,2023-06-07,2017-10-18,57.5,67.6,True
Tecartus,England,UK,NICE,MCL_3L,Brexucabtagene autoleucel for treating relapsed or refractory mantle cell lymphoma in adults who have previously had a Bruton's tyrosine kinase (BTK) inhibitor,2020-12-14,2020-02-13,2021-02-24,recommended-managed-access,cancer-drugs-fund,Recommended for use within the Cancer Drugs Fund under a managed access agreement including a simple discount patient access scheme and a commercial access agreement,"Committee: ICER with commercial discount ranged £46,898 (company revised base case) to £72,920/QALY (ERG upper mortality adjustment); end-of-life criteria met",,,,"The most likely cost-effectiveness estimates for brexucabtagene autoleucel compared with the most common alternative treatment are not known because the final survival data for brexucabtagene autoleucel are not yet available. However, early estimates suggest it could be cost effective, and collecting further data on progression-free survival, overall survival and age when treatment starts will reduce the uncertainty in the evidence.",Brexucabtagene autoleucel for treating relapsed or refractory mantle cell lymphoma (TA677),TA677,https://www.nice.org.uk/guidance/ta677,2026-09-05,verified-from-source,"regulatory_approval_date = EU (EC) authorisation date from cohort brief, applicable to the UK at the time; MHRA GB date may differ for post-2020 products. Price submitted as commercial in confidence (no list price in guidance). Resource impact statement: around 110 adults per year eligible, around 100 treated from year 2 at 90% uptake. Scope consultation 2019-10-25; invitation to participate 2020-02-13 and 2020-12-15; final draft guidance 2021-01-19. CDF exit review in progress as GID-TA11545 (separate row).",decisions_nice.csv,tecartus,2020-12-14,stated by agent,2021-02-24,2020-07-24,2.4,7.1,True
Tecartus,England,UK,NICE,MCL_3L,Brexucabtagene autoleucel for treating relapsed or refractory mantle cell lymphoma after 2 or more systemic treatments (review of TA677) [ID6325],2020-12-14,2024-12-06,,under-assessment,cancer-drugs-fund,Currently available via Cancer Drugs Fund under TA677 pending review outcome,,,,,,Brexucabtagene autoleucel for treating relapsed or refractory mantle cell lymphoma after 2 or more systemic treatments (review of TA677) [ID6325],GID-TA11545,https://www.nice.org.uk/guidance/indevelopment/gid-ta11545,2026-09-05,verified-from-source,"regulatory_approval_date = EU (EC) authorisation date from cohort brief, applicable to the UK at the time; MHRA GB date may differ for post-2020 products. Cancer Drugs Fund exit review. Key events: scope consultation 2024-09-30 to 2024-10-28; invitation to participate 2024-12-06; committee meetings 2025-07-01 and 2025-09-02; draft guidance consultation 2025-07-23 to 2025-08-13; final draft guidance 2025-12-24 to 2026-01-21; appeal lodged 2026-03-30; appeal decision 2026-06-09. Final guidance not yet published at fetch date; outcome of appeal not read.",decisions_nice.csv,tecartus,2020-12-14,stated by agent,,2020-07-24,,,False
Tecartus,England,UK,NICE,ALL_adult_26plus,Brexucabtagene autoleucel for treating relapsed or refractory B-cell acute lymphoblastic leukaemia in people 26 years and over,,2021-09-22,2023-06-07,recommended-managed-access,cancer-drugs-fund,Recommended for use within the Cancer Drugs Fund under a managed access agreement which includes a patient access scheme,"Exact ICERs confidential; not all substantially below £50,000/QALY (end-of-life); maximum acceptable ICER for routine use judged substantially lower than £50,000/QALY",316118,GBP,list,"The most likely cost-effectiveness estimates are uncertain, and some of them are higher than what NICE considers an acceptable use of NHS resources. So brexucabtagene autoleucel cannot be recommended for routine use. Evidence collected in the Cancer Drugs Fund would help reduce some of the uncertainties in the clinical evidence. Brexucabtagene autoleucel has the potential to be cost effective, so it is recommended for use in the Cancer Drugs Fund.",Brexucabtagene autoleucel for treating relapsed or refractory B-cell acute lymphoblastic leukaemia in people 26 years and over (TA893),TA893,https://www.nice.org.uk/guidance/ta893,2026-09-05,verified-from-source,"regulatory_approval_date blank: this is an extension of indication whose EC/MHRA date is not stated in the guidance; take from EPAR. List price £316,118 per single infusion (MIMS, Feb 2023). Resource impact statement: around 90 people per year eligible. Scope consultation 2021-04-08; draft guidance 2022-12-02; final draft guidance 2023-04-27.",decisions_nice.csv,tecartus,2020-12-14,cohort EU authorisation,2023-06-07,2020-07-24,29.7,34.4,True
Breyanzi,England,UK,NICE,LBCL_3L,Lisocabtagene maraleucel for treating relapsed or refractory aggressive B-cell non-Hodgkin lymphoma (terminated appraisal),2022-04-04,,2024-07-10,terminated-or-withdrawn,none,,,,,,,Lisocabtagene maraleucel for treating relapsed or refractory aggressive B-cell non-Hodgkin lymphoma (terminated appraisal) (TA987),TA987,https://www.nice.org.uk/guidance/ta987,2026-09-05,verified-from-source,"regulatory_approval_date = EU (EC) authorisation date from cohort brief, applicable to the UK at the time; MHRA GB date may differ for post-2020 products. Terminated appraisal, later updated and replaced by TA1159 (June 2026). Live page is a stub with no advice text or history dates; termination reason not readable.",decisions_nice.csv,breyanzi,2022-04-04,stated by agent,2024-07-10,2021-02-05,27.2,41.1,True
Breyanzi,England,UK,NICE,LBCL_3L,Lisocabtagene maraleucel for treating relapsed or refractory diffuse large B-cell lymphoma or primary mediastinal large B-cell lymphoma after 2 or more lines of systemic treatment in adults,2022-04-04,2025-11-25,2026-06-03,recommended-restricted,confidential-discount,Simple discount patient access scheme; cost-comparison recommendation: use the least expensive suitable option among liso-cel and axi-cel,Cost comparison vs axicabtagene ciloleucel: costs similar or lower; no ICER,297000,GBP,list,"For this evaluation, the company asked for lisocabtagene maraleucel (liso-cel) to be considered only for relapsed or refractory diffuse large B-cell lymphoma or primary mediastinal large B-cell lymphoma after 2 or more lines of systemic treatment. This does not include everyone who it is licensed for. [...] To be recommended as a treatment option, liso-cel should be likely to provide similar outcomes, and cost less or have similar costs, as axi-cel. The results of cost-comparison analyses show the costs of liso-cel are similar to or less than axi-cel.",Lisocabtagene maraleucel for treating relapsed or refractory large B-cell lymphoma after 2 or more lines of systemic treatment (TA1159),TA1159,https://www.nice.org.uk/guidance/ta1159,2026-09-05,verified-from-source,"regulatory_approval_date = EU (EC) authorisation date from cohort brief, applicable to the UK at the time; MHRA GB date may differ for post-2020 products. Review of TA987. Restricted to company-requested subpopulation (DLBCL/PMBCL, not all licensed histologies); must be funded within 30 days. Resource impact summary: eligible population around 140 people, uptake around 50% by year 3. Scope consultation 2025-09-26; final draft guidance 2026-05-19.",decisions_nice.csv,breyanzi,2022-04-04,stated by agent,2026-06-03,2021-02-05,50.0,63.9,True
Breyanzi,England,UK,NICE,LBCL_2L_ASCT_suitable,Lisocabtagene maraleucel for treating relapsed or refractory large B-cell lymphoma after first-line chemoimmunotherapy when a stem cell transplant is suitable,,2024-03-04,2025-03-26,recommended-restricted,confidential-discount,Simple discount patient access scheme; recommended only if an autologous stem cell transplant would be considered suitable,"Committee's preferred ICER around £30,000/QALY; acceptable ICER around £30,000/QALY",297000,GBP,list,"For this evaluation, the company asked for liso-cel to be considered only for people who can have an autologous stem cell transplant. This does not include everyone who it is licensed for. [...] There are uncertainties in the assumptions used in the economic model. But there are also some benefits of liso-cel that are not captured in the modelling. These include the potential for people to have liso-cel as an outpatient treatment. The cost-effectiveness estimates are within the range that NICE considers an acceptable use of NHS resources. So, liso-cel is recommended.",Lisocabtagene maraleucel for treating relapsed or refractory large B-cell lymphoma after first-line chemoimmunotherapy when a stem cell transplant is suitable (TA1048),TA1048,https://www.nice.org.uk/guidance/ta1048,2026-09-05,verified-from-source,regulatory_approval_date blank: this is an extension of indication whose EC/MHRA date is not stated in the guidance; take from EPAR. Resource impact summary: 565 to 592 people eligible per year 2024/25 to 2028/29; 57 treated in 2024/25 rising to 178 in 2028/29 (10% to 30% uptake). Scope consultation 2024-01-11; draft guidance 2024-11-14; final draft guidance 2025-02-20. Funding within 90 days.,decisions_nice.csv,breyanzi,2022-04-04,cohort EU authorisation,2025-03-26,2021-02-05,35.7,49.6,True
Breyanzi,England,UK,NICE,LBCL_2L_ASCT_unsuitable,Lisocabtagene maraleucel for treating relapsed or refractory aggressive B-cell non-Hodgkin lymphoma after 1 systemic treatment when a stem cell transplant is unsuitable (terminated appraisal),,,2025-07-23,terminated-or-withdrawn,none,,,,,,NICE is unable to make a recommendation about the use in the NHS of lisocabtagene maraleucel for treating relapsed or refractory large B-cell lymphomas after first-line chemotherapy in adults when a stem cell transplant is unsuitable. This is because Bristol-Myers Squibb has confirmed that it does not intend to make an evidence submission for the appraisal. Bristol-Myers Squibb considers that there is unlikely to be enough evidence that the technology is a cost-effective use of NHS resources in this population.,Lisocabtagene maraleucel for treating relapsed or refractory aggressive B-cell non-Hodgkin lymphoma after 1 systemic treatment when a stem cell transplant is unsuitable (terminated appraisal) (TA1083),TA1083,https://www.nice.org.uk/guidance/ta1083,2026-09-05,verified-from-source,regulatory_approval_date blank: this is an extension of indication whose EC/MHRA date is not stated in the guidance; take from EPAR. No history dates on page.,decisions_nice.csv,breyanzi,2022-04-04,cohort EU authorisation,2025-07-23,2021-02-05,39.6,53.5,True
Breyanzi,England,UK,NICE,FL_3L,Lisocabtagene maraleucel for treating relapsed or refractory follicular lymphoma after 2 or more lines of systemic treatment (terminated evaluation),,,2026-08-20,terminated-or-withdrawn,none,,,,,,NICE is unable to make a recommendation about the use in the NHS of lisocabtagene maraleucel for treating relapsed or refractory follicular lymphoma in adults after 2 or more lines of systemic treatment. This is because Bristol Myers Squibb has confirmed that it does not intend to make an evidence submission for the evaluation. Bristol Myers Squibb considers that there is unlikely to be enough evidence that the technology is a cost-effective use of NHS resources for this population.,Lisocabtagene maraleucel for treating relapsed or refractory follicular lymphoma after 2 or more lines of systemic treatment (terminated evaluation) (TA1186),TA1186,https://www.nice.org.uk/guidance/ta1186,2026-09-05,verified-from-source,regulatory_approval_date blank: this is an extension of indication whose EC/MHRA date is not stated in the guidance; take from EPAR. Guidance states liso-cel is not required to be funded in the NHS in England for this population.,decisions_nice.csv,breyanzi,2022-04-04,cohort EU authorisation,2026-08-20,2021-02-05,52.5,66.4,True
Breyanzi,England,UK,NICE,CLL_SLL,Lisocabtagene maraleucel for treating relapsed or refractory chronic lymphocytic leukaemia or small lymphocytic lymphoma [ID6174],,,2026-02-18,terminated-or-withdrawn,none,,,,,,"Suspended. For information, the company have advised that they are no longer pursuing a Marketing Authorisation Application from the Medicines and Healthcare products Regulatory Agency (MHRA) for this indication at this time.",Lisocabtagene maraleucel for treating relapsed or refractory chronic lymphocytic leukaemia or small lymphocytic lymphoma [ID6174] (discontinued),GID-TA11001,https://www.nice.org.uk/guidance/discontinued/gid-ta11001,2026-09-05,verified-from-source,No UK marketing authorisation pursued for CLL/SLL. Topic selected 2022-03-30; in progress 2024-03-04; suspended 2024-06-13; discontinued 2026-02-18 (decision_date).,decisions_nice.csv,breyanzi,2022-04-04,cohort EU authorisation,2026-02-18,2021-02-05,46.5,60.4,True
Breyanzi,England,UK,NICE,MCL_3L,Lisocabtagene maraleucel for treating relapsed or refractory mantle cell lymphoma [ID6695],,,,under-assessment,unknown,,,,,,,Lisocabtagene maraleucel for treating relapsed or refractory mantle cell lymphoma [ID6695] (awaiting development),GID-TA11930,https://www.nice.org.uk/guidance/awaiting-development/gid-ta11930,2026-09-05,verified-from-source,Awaiting development: topic selected 2025-12-15; note 2026-07-03 that timelines will be available in due course. MHRA/EC authorisation date for MCL not in source.,decisions_nice.csv,breyanzi,2022-04-04,cohort EU authorisation,,2021-02-05,,,False
Abecma,England,UK,NICE,MM_4L,Idecabtagene vicleucel for treating relapsed and refractory multiple myeloma after 3 or more treatments (terminated appraisal),2021-08-18,2020-10-06,2023-11-30,terminated-or-withdrawn,none,,,,,,NICE is unable to make a recommendation about the use in the NHS of idecabtagene vicleucel for treating relapsed and refractory multiple myeloma in people after 3 or more treatments. This is because BMS has confirmed that it does not intend to make an evidence submission for the appraisal.,Idecabtagene vicleucel for treating relapsed and refractory multiple myeloma after 3 or more treatments (terminated appraisal) (TA936),TA936,https://www.nice.org.uk/guidance/ta936,2026-09-05,verified-from-source,"regulatory_approval_date = EU (EC) authorisation date from cohort brief, applicable to the UK at the time; MHRA GB date may differ for post-2020 products. Scope consultation 2020-07-17; invitation to participate 2020-10-06; terminated 2023-11-30.",decisions_nice.csv,abecma,2021-08-18,stated by agent,2023-11-30,2021-03-26,27.4,32.2,True
Abecma,England,UK,NICE,MM_3L,Idecabtagene vicleucel for treating relapsed or refractory multiple myeloma after 2 to 4 treatments (terminated appraisal),,,2025-07-23,terminated-or-withdrawn,none,,,,,,NICE is unable to make a recommendation about the use in the NHS of idecabtagene vicleucel for treating relapsed or refractory multiple myeloma after 2 to 4 treatments in adults. This is because Bristol-Myers Squibb has confirmed that it does not intend to make an evidence submission for the appraisal. Bristol-Myers Squibb considers that there is unlikely to be enough evidence that the technology is a cost-effective use of NHS resources in this population.,Idecabtagene vicleucel for treating relapsed or refractory multiple myeloma after 2 to 4 treatments (terminated appraisal) (TA1084),TA1084,https://www.nice.org.uk/guidance/ta1084,2026-09-05,verified-from-source,regulatory_approval_date blank: this is an extension of indication whose EC/MHRA date is not stated in the guidance; take from EPAR. No history dates on page.,decisions_nice.csv,abecma,2021-08-18,cohort EU authorisation,2025-07-23,2021-03-26,47.1,51.9,True
Carvykti,England,UK,NICE,MM_4L,Ciltacabtagene autoleucel for treating relapsed or refractory multiple myeloma (terminated appraisal),2022-05-25,2021-03-12,2023-05-17,terminated-or-withdrawn,none,,,,,,"NICE is unable to make a recommendation about the use in the NHS of ciltacabtagene autoleucel for treating relapsed or refractory multiple myeloma in adults. This is because Janssen withdrew its evidence submission for the appraisal. Janssen considers that the technology will not, at this time, be launched in the UK for treating this indication.",Ciltacabtagene autoleucel for treating relapsed or refractory multiple myeloma (terminated appraisal) (TA889),TA889,https://www.nice.org.uk/guidance/ta889,2026-09-05,verified-from-source,"regulatory_approval_date = EU (EC) authorisation date from cohort brief, applicable to the UK at the time; MHRA GB date may differ for post-2020 products. Scope consultation 2021-02-01; invitation to participate 2021-03-12; company withdrew submission; terminated 2023-05-17.",decisions_nice.csv,carvykti,2022-05-25,stated by agent,2023-05-17,2022-02-28,11.7,14.6,True
Carvykti,England,UK,NICE,MM_2L,Ciltacabtagene autoleucel for treating relapsed and lenalidomide-refractory multiple myeloma after 1 to 3 therapies,,2026-07-08,,under-assessment,unknown,,,,,,"Suspended. The company has informed NICE that it will not provide an evidence submission for this appraisal. Therefore, we are suspending the appraisal while we consider the next steps.",Ciltacabtagene autoleucel for treating relapsed and lenalidomide-refractory multiple myeloma after 1 to 3 therapies [D5 / GID-TA12518],GID-TA10905; GID-TA12518,https://www.nice.org.uk/guidance/indevelopment/gid-ta12518,2026-09-05,verified-from-source,"regulatory_approval_date blank: this is an extension of indication whose EC/MHRA date is not stated in the guidance; take from EPAR. Original topic D5 (GID-TA10905): suspended 2024-03-08 after company declined to submit; rescheduled 2026-03-05; scope consultation 2026-05-08 to 2026-06-08; deferred 2026-07-01 to new record GID-TA12518, invitation to participate issued 2026-07-08 (used as submission_or_start_date). The verbatim quote is the 2024 suspension note, not a committee reason.",decisions_nice.csv,carvykti,2022-05-25,cohort EU authorisation,,2022-02-28,,,False
Aucatzyl,England,UK,NICE,ALL_adult_26plus,Obecabtagene autoleucel for treating relapsed or refractory B-cell precursor acute lymphoblastic leukaemia in people aged 26 years and over,2025-07-17,2024-09-05,2025-12-11,recommended-restricted,confidential-discount,"Simple discount patient access scheme; recommended for people 26 years and over only (not 18 to 25, where tisagenlecleucel is the comparator); 1.2 severity modifier applied","ICER vs inotuzumab below £30,000/QALY in overall population; acceptable ICER towards higher end of £20,000 to £30,000/QALY; 1.2 severity modifier",372000,GBP,list,"Compared with tisagenlecleucel, which is usually offered to people aged 18 to 25 years, the most likely cost-effectiveness estimates for obe-cel are above the range NICE considers an acceptable use of NHS resources. So obe-cel is not recommended for people aged 18 to 25 years. For people 26 years and over, when considering the condition's severity and its effect on quality and length of life, the most likely cost-effectiveness estimates for obe-cel are within the range that NICE considers an acceptable use of NHS resources. So obe-cel is recommended for people aged 26 years and over.",Obecabtagene autoleucel for treating relapsed or refractory B-cell precursor acute lymphoblastic leukaemia (TA1116),TA1116,https://www.nice.org.uk/guidance/ta1116,2026-09-05,verified-from-source,"regulatory_approval_date = EU (EC) authorisation date from cohort brief, applicable to the UK at the time; MHRA GB date may differ for post-2020 products. Guidance notes the (conditional) marketing authorisation covers adults; UK MHRA date not stated. Resource impact summary: eligible population around 50 people, uptake around 35 from year 2. Scope consultation 2024-07-11; draft guidance 2025-06-13; final draft guidance 2025-11-25. Funding within 90 days.",decisions_nice.csv,aucatzyl,2025-07-17,stated by agent,2025-12-11,2024-11-08,4.8,13.1,True
Casgevy,England,UK,NICE,TDT_12plus,"Exagamglogene autotemcel for treating transfusion-dependent beta-thalassaemia in people 12 years and over when a haematopoietic stem cell transplant (HSCT) is suitable, but a human leukocyte antigen-matched related haematopoietic stem cell donor is not available",2024-02-09,2023-04-25,2024-09-11,recommended-managed-access,managed-access-agreement,Recommended with managed access; commercial arrangement includes a commercial access agreement; restricted to people for whom HSCT is suitable but no HLA-matched related donor is available,"Committee-preferred ICER above cost-effective range (confidential); optimistic scenario (1.5% discount rate, 13.7 transfusions/yr) below range; severity modifier not met",1651000,GBP,list,"Exa-cel has the potential to be cost effective compared with standard care. But the cost-effectiveness estimates are highly uncertain. This is because of the uncertainty in exa-cel's long-term effects and impact on quality of life, and in the outcomes for people on standard care. Some of the most likely cost-effectiveness estimates are higher than what NICE normally considers an acceptable use of NHS resources, even when accounting for exa-cel's innovative nature and the health inequalities experienced by people with beta-thalassaemia. Collecting more data through a managed access agreement may resolve some uncertainty in the evidence. So, exa-cel is recommended for use with managed access.",Exagamglogene autotemcel for treating transfusion-dependent beta-thalassaemia in people 12 years and over (TA1003),TA1003,https://www.nice.org.uk/guidance/ta1003,2026-09-05,verified-from-source,regulatory_approval_date = EC conditional authorisation date from cohort brief; the MHRA granted a GB conditional authorisation earlier (November 2023) but the exact date was not read from a source here. Resource impact summary report: 475 people eligible (rising to 498 by 2028/29); 14 expected to be treated in 2024/25 then about 10 per year. Scope consultation 2023-01-19; final draft guidance 2024-08-08.,decisions_nice.csv,casgevy,2024-02-09,stated by agent,2024-09-11,2023-12-08,7.1,9.1,True
Casgevy,England,UK,NICE,SCD_VOC_12plus,"Exagamglogene autotemcel for treating sickle cell disease in people 12 years and over who have recurrent vaso-occlusive crises (VOCs) and a βS/βS, βS/β+ or βS/β0 genotype, when haematopoietic stem cell transplant (HSCT) is suitable but a human leukocyte antigen-matched related haematopoietic stem cell donor is not available; only for people who have had at least 2 VOCs per year during the 2 previous years",2024-02-09,2023-06-08,2025-02-26,recommended-managed-access,managed-access-agreement,"Recommended with managed access; commercial arrangement includes a commercial access agreement; restricted by genotype, VOC frequency and HSCT eligibility without matched related donor","Committee acceptable ICER range £30,000 to £35,000/QALY (health inequalities, innovation, carer benefits); preferred ICER above range (confidential); 1.2 severity modifier met (absolute shortfall 12.11 QALYs, proportional 54%)",1651000,GBP,list,"Taking this into account, exa-cel has the potential to be cost effective compared with standard care. But the cost-effectiveness estimates are highly uncertain. This is because of the uncertainty about exa-cel's long-term effects and its impact on quality of life, and about the outcomes for people having standard care. Some of the most likely cost-effectiveness estimates are higher than what NICE normally considers an acceptable use of NHS resources. Collecting more data through a managed access agreement may resolve some uncertainty in the evidence. So, exa-cel is recommended for use with managed access.",Exagamglogene autotemcel for treating severe sickle cell disease in people 12 years and over (TA1044),TA1044,https://www.nice.org.uk/guidance/ta1044,2026-09-05,verified-from-source,"regulatory_approval_date = EC conditional authorisation date from cohort brief; MHRA GB authorisation (November 2023) preceded it but exact date not read here. Resource impact summary: 1,794 people eligible (2025/26), 29 selected for treatment in 2025/26 rising to 96 per year by 2028/29, 81% completing. Draft guidance 2024-03-14 (initial draft did not recommend); final draft guidance 2025-01-31.",decisions_nice.csv,casgevy,2024-02-09,stated by agent,2025-02-26,2023-12-08,12.6,14.7,True
Zolgensma,England,UK,NICE,SMA_type1,"Onasemnogene abeparvovec for treating 5q spinal muscular atrophy (SMA) with a bi-allelic mutation in the SMN1 gene and a clinical diagnosis of type 1 SMA in babies, only if they are 6 months or younger, or aged 7 to 12 months with treatment agreed by the national multidisciplinary team, and permanent ventilation for more than 16 hours per day or a tracheostomy is not needed",2020-05-18,2019-06-06,2021-07-07,recommended-restricted,managed-access-agreement,Routine recommendation for type 1 SMA restricted by age and ventilation status with a simple discount patient access scheme; presymptomatic SMA (up to 3 SMN2 copies) recommended under a managed access agreement (later replaced by HST24); no recommendation for type 2/3 SMA or after nusinersen,"ICERs incorporating confidential discount not reportable; HST threshold £100,000/QALY with QALY weighting; 1.5% discount rate criteria met",1795000,GBP,list,"Because of the uncertainty in the clinical data, the cost-effectiveness estimates for onasemnogene abeparvovec for treating type 1 SMA are uncertain. However, they are likely to be within the range that NICE considers an effective use of NHS resources for highly specialised technologies for: babies 6 months and younger; babies aged 7 to 12 months if it is likely that they will have a similar benefit from treatment with onasemnogene abeparvovec as younger babies. [...] There is no evidence available for treatment with onasemnogene abeparvovec in babies with type 2 or 3 SMA with up to 3 copies of the SMN2 gene. Nor is there any evidence for its use in babies with type 1 SMA treated with nusinersen. Also, there are no ongoing clinical trials in these populations. Therefore, no recommendation can be made based on the clinical and cost effectiveness of onasemnogene abeparvovec treatment for these populations.",Onasemnogene abeparvovec for treating spinal muscular atrophy (HST15),HST15,https://www.nice.org.uk/guidance/hst15,2026-09-05,verified-from-source,"regulatory_approval_date = EU (EC) authorisation date from cohort brief, applicable to the UK at the time; MHRA GB date may differ for post-2020 products. HST guidance last updated 2023-04-19 when recommendation 1.3 (presymptomatic) was replaced by HST24. Scope consultation 2018-09-26; invitation to participate 2019-06-06 and 2020-08-28; evaluation consultation 2021-03-08; final evaluation determination 2021-06-04. No resource impact statement linked.",decisions_nice.csv,zolgensma,2020-05-18,stated by agent,2021-07-07,2019-05-24,13.6,25.5,True
Zolgensma,England,UK,NICE,SMA_presymptomatic,Onasemnogene abeparvovec for treating presymptomatic 5q spinal muscular atrophy (SMA) with a biallelic mutation in the SMN1 gene and up to 3 copies of the SMN2 gene in babies aged 12 months and under,2020-05-18,2022-06-09,2023-04-19,recommended,confidential-discount,Simple discount patient access scheme; managed access agreement from HST15 superseded by routine recommendation,"ICERs remained below £100,000/QALY in committee's preferred scenario",1795000,GBP,list,"Despite the high levels of uncertainty, there is evidence that onasemnogene abeparvovec provides substantial health benefits, such as reaching important motor milestones, for babies with presymptomatic SMA. The cost-effectiveness results show a lower overall cost compared with onasemnogene abeparvovec for type 1 SMA and best supportive care for types 2 and 3 SMA for babies aged 6 weeks and under.",Onasemnogene abeparvovec for treating presymptomatic spinal muscular atrophy (HST24),HST24,https://www.nice.org.uk/guidance/hst24,2026-09-05,verified-from-source,"regulatory_approval_date = EU (EC) authorisation date from cohort brief, applicable to the UK at the time; MHRA GB date may differ for post-2020 products. Partial review of HST15 (managed access exit for presymptomatic population). Scope consultation 2022-04-22; final evaluation determination 2023-03-16.",decisions_nice.csv,zolgensma,2020-05-18,stated by agent,2023-04-19,2019-05-24,35.0,46.8,True
Luxturna,England,UK,NICE,RPE65,Voretigene neparvovec for treating RPE65-mediated inherited retinal dystrophies in people with vision loss caused by inherited retinal dystrophy from confirmed biallelic RPE65 mutations and who have sufficient viable retinal cells,2018-11-22,2018-12-03,2019-10-09,recommended,confidential-discount,Simple discount patient access scheme,"At list price: company base case £86,635/QALY; committee-preferred £114,956 to £155,750/QALY at 3.5% discount rate, £60,908 to £86,118/QALY at 1.5%; ICERs with discount confidential",613410,GBP,list,"Some assumptions in the economic modelling are uncertain, particularly around the utility values and how long the treatment effect lasts. Despite the uncertainties, voretigene neparvovec is likely to provide important clinical benefits for people with RPE65-mediated inherited retinal dystrophies, and is considered an appropriate use of NHS resources within the context of a highly specialised service. It is therefore recommended for use in the NHS.",Voretigene neparvovec for treating inherited retinal dystrophies caused by RPE65 gene mutations (HST11),HST11,https://www.nice.org.uk/guidance/hst11,2026-09-05,verified-from-source,"regulatory_approval_date = EU (EC) authorisation date from cohort brief, applicable to the UK at the time; MHRA GB date may differ for post-2020 products. List price £613,410 per patient (excluding VAT). Scope consultation 2017-07-26; final evaluation determination 2019-09-04.",decisions_nice.csv,luxturna,2018-11-22,stated by agent,2019-10-09,2017-12-19,10.5,21.6,True
Hemgenix,England,UK,NICE,HEMB_adult,Etranacogene dezaparvovec for treating moderately severe or severe haemophilia B (congenital factor IX [FIX] deficiency) in adults without anti-FIX antibodies,2023-02-20,2022-11-01,2024-07-24,recommended-managed-access,managed-access-agreement,Recommended with managed access; commercial arrangement includes a commercial access agreement,Exact ICERs confidential; etranacogene dezaparvovec followed by FIX prophylaxis basket had lower costs and higher QALYs than comparator in base case but durability highly uncertain,2600000,GBP,list,"Etranacogene dezaparvovec has the potential to be cost effective compared with FIX prophylaxis. But the cost-effectiveness estimates are highly uncertain because of the uncertainty in how long the treatment effect will last. So, etranacogene dezaparvovec is not recommended for routine use in the NHS. Collecting more data through a managed access agreement may resolve the uncertainty in the evidence. So, etranacogene dezaparvovec is recommended for use with managed access.",Etranacogene dezaparvovec for treating moderately severe or severe haemophilia B (TA989),TA989,https://www.nice.org.uk/guidance/ta989,2026-09-05,verified-from-source,"regulatory_approval_date = EU (EC) authorisation date from cohort brief, applicable to the UK at the time; MHRA GB date may differ for post-2020 products. Guidance states conditional marketing authorisation. Resource impact summary: around 300 adults in England living with moderately severe or severe haemophilia B; eligible number likely lower. Scope consultation 2022-01-24; draft guidance 2023-08-02 and 2023-12-20 (two consultations); final draft guidance 2024-06-20/27.",decisions_nice.csv,hemgenix,2023-02-20,stated by agent,2024-07-24,2022-11-22,17.1,20.0,True
Lenmeldy / Libmeldy,England,UK,NICE,MLD_early,"Atidarsagene autotemcel for treating metachromatic leukodystrophy with mutations in the arylsulphatase A (ARSA) gene: for children who have late infantile or early juvenile types, with no clinical signs or symptoms; for children who have the early juvenile type, with early clinical signs or symptoms, and who can still walk independently and have no cognitive decline",2020-12-17,2020-09-23,2022-03-28,recommended,confidential-discount,Simple discount patient access scheme; to be delivered in a highly specialised service by a specialist multidisciplinary team,"Subgroup ICERs subject to commercial arrangement, confidential; HST threshold £100,000/QALY with weighting",2875000,GBP,list,"The cost-effectiveness estimates show that atidarsagene autotemcel provides substantial extra health and quality-of-life benefits. But how much is uncertain, and it varies for the different types of the condition. Taking into account the long-term uncertainty, for children with late infantile and early juvenile forms of the condition, the cost-effectiveness estimates are within what NICE normally considers an acceptable use of NHS resources for highly specialised technologies.",Atidarsagene autotemcel for treating metachromatic leukodystrophy (HST18),HST18,https://www.nice.org.uk/guidance/hst18,2026-09-05,verified-from-source,"regulatory_approval_date = EU (EC) authorisation date from cohort brief, applicable to the UK at the time; MHRA GB date may differ for post-2020 products. Recommendation is within marketing authorisation (all licensed subgroups). Scope consultation 2019-11-21/2019-12-05; evaluation consultation 2021-07-09; final evaluation determination 2022-02-04.",decisions_nice.csv,lenmeldy,2020-12-17,stated by agent,2022-03-28,2024-03-18,15.3,-23.7,True
Kebilidi / Upstaza,England,UK,NICE,AADC_severe_18m_plus,"Eladocagene exuparvovec for treating aromatic L-amino acid decarboxylase (AADC) deficiency in people 18 months and over with a clinical, molecular and genetically confirmed diagnosis of AADC deficiency with a severe phenotype",2022-07-18,2022-03-07,2023-04-19,recommended,confidential-discount,Simple discount patient access scheme,ICERs incorporating confidential discount not reportable; committee judged most plausible ICER sufficiently within HST range with QALY modifier,3010451,GBP,list,"The clinical evidence suggests that eladocagene exuparvovec improves motor development, and that these improvements will last. But the results are uncertain because the studies are very small, and provide limited long-term data and limited information about non-motor outcomes. Even taking this uncertainty into account, the cost-effectiveness estimates for eladocagene exuparvovec are within the range that NICE considers an effective use of NHS resources for highly specialised technologies. So, eladocagene exuparvovec is recommended for routine use in the NHS.",Eladocagene exuparvovec for treating aromatic L-amino acid decarboxylase deficiency (HST26),HST26,https://www.nice.org.uk/guidance/hst26,2026-09-05,verified-from-source,"regulatory_approval_date = EU (EC) authorisation date from cohort brief, applicable to the UK at the time; MHRA GB date may differ for post-2020 products. Price £3,010,451 per 0.5 ml solution for infusion (excluding VAT). Scope consultation 2021-07-01; final evaluation determination 2023-03-23.",decisions_nice.csv,kebilidi,2022-07-18,stated by agent,2023-04-19,2024-11-13,9.0,-18.9,True
Strimvelis,England,UK,NICE,ADA_SCID,Strimvelis for treating adenosine deaminase deficiency-severe combined immunodeficiency (ADA-SCID) when no suitable human leukocyte antigen-matched related stem cell donor is available,2016-05-26,2017-05-08,2018-02-07,recommended,none,"No commercial arrangement stated; treatment delivered only in Milan, Italy with NHS-funded travel","Committee-preferred ICERs at 3.5% discount: £120,506/QALY vs HSCT from matched unrelated donor and £12,106/QALY vs haploidentical HSCT; at 1.5%: £74,430/QALY vs MUD and dominant vs haploidentical",505000,GBP,list,"There are also several important uncertainties in the cost-effectiveness results associated with Strimvelis. However, there are health-related and wider benefits not included in the economic analysis but which are important to consider. Taking these into account, and considering the additional weight that can be assigned to the benefits when the estimated health gain is large, the plausible cost-effectiveness estimates for Strimvelis are within the range normally considered value for money in the context of a highly specialised service.",Strimvelis for treating adenosine deaminase deficiency-severe combined immunodeficiency (HST7),HST7,https://www.nice.org.uk/guidance/hst7,2026-09-05,verified-from-source,"regulatory_approval_date = EU (EC) authorisation date from cohort brief, applicable to the UK at the time; MHRA GB date may differ for post-2020 products. Price €594,000 excluding VAT, equating to £505,000 at €1 = £0.85 per the guidance. Company and NHS England expected 3 people diagnosed per year in England; 1 treated per year assumed. Draft scope 2017-04-13; evaluation consultation 2017-10-23; final evaluation determination 2017-12-28.",decisions_nice.csv,strimvelis,2016-05-26,stated by agent,2018-02-07,,20.4,,True
Roctavian,England,UK,NICE,HEMA_severe_adult,Valoctocogene roxaparvovec for treating severe haemophilia A [ID3806],2022-08-24,,,not-submitted,none,,,,,,,Valoctocogene roxaparvovec for treating severe haemophilia A [ID3806] (awaiting development),GID-TA10682,https://www.nice.org.uk/guidance/awaiting-development/gid-ta10682,2026-09-05,verified-from-source,"regulatory_approval_date = EU (EC) authorisation date from cohort brief, applicable to the UK at the time; MHRA GB date may differ for post-2020 products. NICE topic page status 'Awaiting development', expected publication TBC; only event is a note added 2024-10-08. No scoping, invitation or committee dates; no evidence submission recorded, so coded not-submitted.",decisions_nice.csv,roctavian,2022-08-24,stated by agent,,2023-06-30,,,False
Zynteglo,England,UK,NICE,TDT_12plus,Betibeglogene autotemcel for treating transfusion-dependent beta-thalassaemia [ID968],2019-05-29,2019-08-01,2022-12-16,terminated-or-withdrawn,none,,,,,,Suspended. This appraisal has been suspended while Bluebird Bio explores how to give patients in Europe access to its gene therapies in light of its forthcoming operational changes. A further update will be provided by late autumn.,Betibeglogene autotemcel for treating transfusion-dependent beta-thalassaemia [ID968] (discontinued),GID-TA10334,https://www.nice.org.uk/guidance/discontinued/gid-ta10334,2026-09-05,verified-from-source,"regulatory_approval_date = EU (EC) authorisation date from cohort brief, applicable to the UK at the time; MHRA GB date may differ for post-2020 products. Appraisal reached committee: scope consultations 2018-03-21 and 2019-06-14; invitation to participate 2019-08-01; paused for COVID-19 2020-05-05; committee meeting 1 2021-01-13; draft guidance consultation 2021-02-11 to 2021-03-04; committee meeting 2 2021-07-14; suspended 2021-08-18 (company withdrawing from Europe); discontinued 2022-12-16 (decision_date). EU authorisation withdrawn 2022-03-24. Draft guidance content not read.",decisions_nice.csv,zynteglo,2019-05-29,stated by agent,2022-12-16,2022-08-17,42.6,4.0,True
Skysona,England,UK,NICE,CALD,Elivaldogene autotemcel for treating cerebral adrenoleukodystrophy [ID1284],2021-07-16,2021-08-04,2023-02-10,terminated-or-withdrawn,none,,,,,,"For information the company have advised that they will no longer have a commercial presence in Europe in the near future and will not therefore be making a submission, or making this gene therapy available in the UK. Therefore, in collaboration with the company, NICE has suspended this evaluation from its current work programme.",Elivaldogene autotemcel for treating cerebral adrenoleukodystrophy [ID1284] (discontinued),GID-HST10038,https://www.nice.org.uk/guidance/discontinued/gid-hst10038,2026-09-05,verified-from-source,"regulatory_approval_date = EU (EC) authorisation date from cohort brief, applicable to the UK at the time; MHRA GB date may differ for post-2020 products. HST route. Scope consultation 2020-11-24 to 2020-12-21; scoping workshop 2021-01-21; invitation to participate 2021-08-04; suspended 2021-12-02; discontinued 2023-02-10 (decision_date). EU authorisation withdrawn 2021-11-18.",decisions_nice.csv,skysona,2021-07-16,stated by agent,2023-02-10,2022-09-16,18.9,4.8,True
Beqvez / Durveqtix,England,UK,NICE,HEMB_adult,Fidanacogene elaparvovec for treating moderately severe to severe haemophilia B [ID4032],2024-07-24,2023-10-25,2026-06-04,terminated-or-withdrawn,none,,,,,,"Suspended. The company has informed NICE that it will be withdrawing its evidence submission for this appraisal given fidanacogene elaparvovec cannot be launched until the expiry of uniQure's European Patent 3,581,650 in the UK. Therefore, we are suspending the appraisal while we consider the next steps.",Fidanacogene elaparvovec for treating moderately severe to severe haemophilia B [ID4032] (discontinued),GID-TA11117,https://www.nice.org.uk/guidance/discontinued/gid-ta11117,2026-09-05,verified-from-source,"regulatory_approval_date = EU (EC) authorisation date from cohort brief, applicable to the UK at the time; MHRA GB date may differ for post-2020 products. Scope consultation 2023-05-17 to 2023-06-15; invitation to participate 2023-10-25; committee meeting 2024-06-06; company withdrew submission, suspended 2025-01-27; discontinued 2026-06-04 (decision_date). EU authorisation withdrawn 2025-05-15.",decisions_nice.csv,beqvez,2024-07-24,stated by agent,2026-06-04,2024-04-25,22.3,25.3,True
Vyjuvek,England,UK,NICE,DEB_wounds,Beremagene geperpavec for treating skin wounds associated with dystrophic epidermolysis bullosa [ID3959],2025-04-23,2025-02-10,,under-assessment,unknown,,,,,,,Beremagene geperpavec for treating skin wounds associated with dystrophic epidermolysis bullosa [ID3959] (in development),GID-TA10868,https://www.nice.org.uk/guidance/indevelopment/gid-ta10868,2026-09-05,verified-from-source,"regulatory_approval_date = EU (EC) authorisation date from cohort brief, applicable to the UK at the time; MHRA GB date may differ for post-2020 products. Routed to TA (not HST) after company routing challenge; topic selection decision 2024-01-11. Scope consultations 2022-11-09 and 2024-12-02; invitation to participate 2025-02-10; committee meeting 1 rescheduled to 2026-05-21 to align with regulatory expectations; draft guidance consultation 2026-06-26 to 2026-08-10; expected publication 2026-11-18. Draft recommendation not read.",decisions_nice.csv,vyjuvek,2025-04-23,stated by agent,,2023-05-19,,,False
Itvisma,England,UK,NICE,SMA_2plus_intrathecal,Intrathecal onasemnogene abeparvovec for treating spinal muscular atrophy in people 2 years and over [ID6556],2026-06-30,2025-11-24,,under-assessment,unknown,,,,,,,Intrathecal onasemnogene abeparvovec for treating spinal muscular atrophy in people 2 years and over [ID6556] (in development),GID-TA11733,https://www.nice.org.uk/guidance/indevelopment/gid-ta11733,2026-09-05,verified-from-source,"regulatory_approval_date = EU (EC) authorisation date from cohort brief, applicable to the UK at the time; MHRA GB date may differ for post-2020 products. Topic selected 2025-04-08; scope consultation 2025-08-04 to 2025-09-02; invitation to participate 2025-11-24; committee meeting 1 2026-07-07; draft guidance consultation 2026-07-29 to 2026-08-19; expected publication 2026-11-25. Draft recommendation not read.",decisions_nice.csv,itvisma,2026-06-30,stated by agent,,2025-11-24,,,False
Ebvallo,England,UK,NICE,EBV_PTLD,Tabelecleucel for treating post-transplant lymphoproliferative disorder caused by the Epstein-Barr virus (terminated appraisal),2022-12-16,2022-10-31,2023-10-19,terminated-or-withdrawn,none,,,,,,NICE is unable to make a recommendation about the use in the NHS of tabelecleucel for treating post-transplant lymphoproliferative disorder caused by the Epstein-Barr virus. This is because Pierre Fabre Ltd has confirmed that it does not intend to make an evidence submission for the appraisal at this time and will review this at a later date.,Tabelecleucel for treating post-transplant lymphoproliferative disorder caused by the Epstein-Barr virus (terminated appraisal) (TA923),TA923,https://www.nice.org.uk/guidance/ta923,2026-09-05,verified-from-source,"regulatory_approval_date = EU (EC) authorisation date from cohort brief, applicable to the UK at the time; MHRA GB date may differ for post-2020 products. Scope consultation 2022-06-09; invitation to participate 2022-10-31; topic selection 2022-11-10; terminated 2023-10-19.",decisions_nice.csv,ebvallo,2022-12-16,stated by agent,2023-10-19,,10.1,,True
Alofisel,England,UK,NICE,CD_perianal_fistula,Darvadstrocel for previously treated complex perianal fistulas in adults with non-active or mildly active luminal Crohn's disease,2018-03-23,2018-02-09,2019-01-09,not-recommended,none,Company had a commercial arrangement (patient access scheme) which would have applied if recommended,"Company deterministic base case £20,591/QALY with PAS; company relapse scenarios £36,235/QALY and higher; committee unable to determine most plausible ICER",54000,GBP,list,"In a single clinical trial comparing remission rates for darvadstrocel and placebo, only an additional 14% of people showed a beneficial effect from darvadstrocel over and above placebo. Reliable follow-up results are only available for up to 1 year during which time more than 50% of patients who had remission subsequently relapsed in both the darvadstrocel and placebo arms, so it is unclear how long the treatment benefit will last. [...] The cost-effectiveness estimates are therefore highly uncertain and the committee was unable to decide on the most plausible cost-effectiveness estimate. Because of this, darvadstrocel cannot be recommended for routine commissioning for treating complex perianal fistulas in people with Crohn's disease.",Darvadstrocel for treating complex perianal fistulas in Crohn's disease (TA556),TA556,https://www.nice.org.uk/guidance/ta556,2026-09-05,verified-from-source,"regulatory_approval_date = EU (EC) authorisation date from cohort brief, applicable to the UK at the time; MHRA GB date may differ for post-2020 products. List price £13,500 per vial; one course (4 vials) £54,000. Scope consultation 2017-06-07; draft guidance 2018-08-16; final appraisal determination 2018-11-01. EU authorisation withdrawn 2024-12-13.",decisions_nice.csv,alofisel,2018-03-23,stated by agent,2019-01-09,,9.6,,True
Imlygic,England,UK,NICE,MEL_unresectable_3B_4M1a,"Talimogene laherparepvec for treating unresectable, regionally or distantly metastatic (stage 3B, 3C or 4M1a) melanoma that has not spread to bone, brain, lung or other internal organs, only if treatment with systemically administered immunotherapies is not considered the best option by a multidisciplinary team",2015-12-16,2015-09-10,2016-09-28,recommended-restricted,confidential-discount,Patient access scheme (simple discount agreed with the Department of Health); restricted to patients for whom systemic immunotherapy is not considered the best option,"Approximately £23,900/QALY vs dacarbazine and £24,100/QALY vs best supportive care; ICER vs ipilimumab could not be determined",1670,GBP,list,"The committee was not able to determine the ICER for talimogene laherparepvec compared with ipilimumab because of uncertainties in the relative clinical effectiveness of these agents. The committee considered talimogene laherparepvec to be cost effective compared with dacarbazine (£23,900 per QALY gained) and best supportive care (£24,100 per QALY gained) in people whose disease was not suitable for treatment with systemically administered immunotherapies.",Talimogene laherparepvec for treating unresectable metastatic melanoma (TA410),TA410,https://www.nice.org.uk/guidance/ta410,2026-09-05,verified-from-source,"regulatory_approval_date = EU (EC) authorisation date from cohort brief, applicable to the UK at the time; MHRA GB date may differ for post-2020 products. List price £1,670 per 1 ml vial (either strength); multiple doses per course. Final scope 2015-09-10 (used as start date; invitation date not in history); draft guidance 2016-03-16; final appraisal determination 2016-08-09. Recommendation 1.1 wording later updated from 'not suitable' to 'not considered the best option'. Separate topic for talimogene with pembrolizumab [ID3856] (GID-TA10836) was discontinued (not read).",decisions_nice.csv,imlygic,2015-12-16,stated by agent,2016-09-28,2015-10-27,9.4,11.1,True
Provenge,England,UK,NICE,mCRPC_asymptomatic,Sipuleucel-T for treating asymptomatic or minimally symptomatic metastatic hormone-relapsed prostate cancer,2013-09-06,,2015-02-23,not-recommended,none,,,,,,"NICE does not recommend Sipuleucel-T as a treatment for people with metastatic non-visceral hormone-relapsed prostate cancer, who have few or no symptoms and when chemotherapy is not yet suitable.",Sipuleucel-T for treating asymptomatic or minimally symptomatic metastatic hormone-relapsed prostate cancer (TA332),TA332,https://www.nice.org.uk/guidance/ta332,2026-09-05,verified-from-source,"regulatory_approval_date = EU (EC) authorisation date from cohort brief, applicable to the UK at the time; MHRA GB date may differ for post-2020 products. Live page: 'This appraisal has been withdrawn. This is because the marketing authorisation for sipuleucel-T was withdrawn on 19 May 2015.' Recommendation text read from Wayback snapshot of 2015-04-01 (public summary wording); committee discussion, price and history not recoverable from the live site.",decisions_nice.csv,provenge,2013-09-06,stated by agent,2015-02-23,2010-04-29,17.6,57.9,True
Amtagvi,England,UK,NICE,MEL_previously_treated,Lifileucel for previously treated unresectable or metastatic melanoma [ID3863],,2025-01-08,,under-assessment,unknown,,,,,,,Lifileucel for previously treated unresectable or metastatic melanoma [ID3863] (in development),GID-TA10752,https://www.nice.org.uk/guidance/indevelopment/gid-ta10752,2026-09-05,verified-from-source,"EU MAA withdrawn by applicant (cohort brief); MHRA status not verified here, so regulatory_approval_date blank. NICE STA in progress: scope consultation 2024-07-24 to 2024-08-21; invitation to participate 2025-01-08; committee meeting 2025-11-04; draft guidance consultation 2025-12-18 to 2026-01-22; expected publication TBC. Draft recommendation not read.",decisions_nice.csv,amtagvi,,cohort EU authorisation,,2024-02-16,,,False
Elevidys,England,UK,NICE,DMD_4to7,Delandistrogene moxeparvovec for treating Duchenne muscular dystrophy in children 4 to 7 years [ID3897],,,,not-submitted,none,,,,,,,Delandistrogene moxeparvovec for treating Duchenne muscular dystrophy in children 4 to 7 years [ID3897] (awaiting development),GID-TA11437,https://www.nice.org.uk/guidance/awaiting-development/gid-ta11437,2026-09-05,verified-from-source,No EU marketing authorisation (refused). NICE topic 'Awaiting development': topic selected 2023-10-24; scope consultation 2024-01-18 to 2024-02-15; DHSC referral confirmed 2025-06-18/30; expected publication TBC. No submission or committee dates.,decisions_nice.csv,elevidys,2023-06-22,cohort FDA approval,,2023-06-22,,,False
Tecelra,England,UK,NICE,SS_MAGE_A4,Afamitresgene autoleucel for previously treated MAGE-A4 positive advanced synovial sarcoma or myxoid round cell liposarcoma [ID4064],,,,not-submitted,none,,,,,,,Afamitresgene autoleucel for previously treated MAGE-A4 positive advanced synovial sarcoma or myxoid round cell liposarcoma [ID4064] (awaiting development),GID-TA11040,https://www.nice.org.uk/guidance/awaiting-development/gid-ta11040,2026-09-05,verified-from-source,No EU marketing authorisation. NICE topic 'Awaiting development': topic selected 2022-11-09; note added 2025-07-29; no scoping or submission dates.,decisions_nice.csv,tecelra,2024-08-01,cohort FDA approval,,2024-08-01,,,False
Adstiladrin,England,UK,NICE,NMIBC_BCG_unresponsive,nadofaragene firadenovec for BCG-unresponsive non-muscle-invasive bladder cancer,2026-05-28,,,not-found,none,,,,,,,,,https://www.nice.org.uk/search?q=Adstiladrin,2026-09-05,not-found,"regulatory_approval_date = EU (EC) authorisation date from cohort brief, applicable to the UK at the time; MHRA GB date may differ for post-2020 products. NICE site search for 'Adstiladrin' and 'nadofaragene firadenovec' (curl, 2026-09-05) returned no guidance or in-development topic.",decisions_nice.csv,adstiladrin,2026-05-28,stated by agent,,2022-12-16,,,False
Waskyra,England,UK,NICE,WAS,etuvetidigene autotemcel for Wiskott-Aldrich syndrome,2026-01-09,,,not-found,none,,,,,,,,,https://www.nice.org.uk/search?q=Waskyra,2026-09-05,not-found,"regulatory_approval_date = EU (EC) authorisation date from cohort brief, applicable to the UK at the time; MHRA GB date may differ for post-2020 products. NICE site search for 'Waskyra' and 'etuvetidigene autotemcel' returned no guidance or in-development topic.",decisions_nice.csv,waskyra,2026-01-09,stated by agent,,2025-12-09,,,False
Glybera,England,UK,NICE,LPLD,alipogene tiparvovec for lipoprotein lipase deficiency,2012-10-25,,,not-found,none,,,,,,,,,https://www.nice.org.uk/search?q=Glybera,2026-09-05,not-found,"regulatory_approval_date = EU (EC) authorisation date from cohort brief, applicable to the UK at the time; MHRA GB date may differ for post-2020 products. NICE site search for 'Glybera' and 'alipogene tiparvovec' returned nothing; never appraised by NICE. EU authorisation lapsed 2017-10-28.",decisions_nice.csv,glybera,2012-10-25,stated by agent,,,,,False
Zalmoxis,England,UK,NICE,haploHSCT_adjunct,allogeneic T cells with HSV-TK as adjunct to haploidentical HSCT,2016-08-18,,,not-found,none,,,,,,,,,https://www.nice.org.uk/search?q=Zalmoxis,2026-09-05,not-found,"regulatory_approval_date = EU (EC) authorisation date from cohort brief, applicable to the UK at the time; MHRA GB date may differ for post-2020 products. NICE site search for 'Zalmoxis' returned nothing; never appraised by NICE. EU authorisation withdrawn 2019-10-09.",decisions_nice.csv,zalmoxis,2016-08-18,stated by agent,,,,,False
Lyfgenia,England,UK,NICE,SCD_VOC_12plus,lovotibeglogene autotemcel for sickle cell disease,,,,not-found,none,,,,,,,,,https://www.nice.org.uk/search?q=Lyfgenia,2026-09-05,not-found,"No EU or UK marketing authorisation (cohort brief). NICE site search by brand and INN (curl, 2026-09-05) returned no guidance or in-development topic.",decisions_nice.csv,lyfgenia,,cohort EU authorisation,,2023-12-08,,,False
Encelto,England,UK,NICE,MacTel2,revakinagene taroretcel for macular telangiectasia type 2,,,,not-found,none,,,,,,,,,https://www.nice.org.uk/search?q=Encelto,2026-09-05,not-found,"No EU or UK marketing authorisation (cohort brief). NICE site search by brand and INN (curl, 2026-09-05) returned no guidance or in-development topic.",decisions_nice.csv,encelto,2025-03-05,cohort FDA approval,,2025-03-05,,,False
Genglycos,England,UK,NICE,GSD1a,pariglasgene brecaparvovec for glycogen storage disease type Ia,,,,not-found,none,,,,,,,,,https://www.nice.org.uk/search?q=Genglycos,2026-09-05,not-found,"No EU or UK marketing authorisation (cohort brief). NICE site search by brand and INN (curl, 2026-09-05) returned no guidance or in-development topic.",decisions_nice.csv,genglycos,2026-08-19,cohort FDA approval,,2026-08-19,,,False
Kresladi,England,UK,NICE,LAD1,marnetegragene autotemcel for leukocyte adhesion deficiency type I,,,,not-found,none,,,,,,,,,https://www.nice.org.uk/search?q=Kresladi,2026-09-05,not-found,"No EU or UK marketing authorisation (cohort brief). NICE site search by brand and INN (curl, 2026-09-05) returned no guidance or in-development topic.",decisions_nice.csv,kresladi,2026-03-26,cohort FDA approval,,2026-03-26,,,False
Lantidra,England,UK,NICE,T1D_islet,donislecel for type 1 diabetes,,,,not-found,none,,,,,,,,,https://www.nice.org.uk/search?q=Lantidra,2026-09-05,not-found,"No EU or UK marketing authorisation (cohort brief). NICE site search by brand and INN (curl, 2026-09-05) returned no guidance or in-development topic.",decisions_nice.csv,lantidra,,cohort EU authorisation,,2023-06-28,,,False
Omisirge,England,UK,NICE,HSCT_cord_expansion,omidubicel for cord blood expansion in HSCT,,,,not-found,none,,,,,,,,,https://www.nice.org.uk/search?q=Omisirge,2026-09-05,not-found,"No EU or UK marketing authorisation (cohort brief). NICE site search by brand and INN (curl, 2026-09-05) returned no guidance or in-development topic.",decisions_nice.csv,omisirge,,cohort EU authorisation,,2023-04-17,,,False
Otarmeni,England,UK,NICE,OTOF_hearing_loss,lunsotogene parvec for otoferlin-related hearing loss,,,,not-found,none,,,,,,,,,https://www.nice.org.uk/search?q=Otarmeni,2026-09-05,not-found,"No EU or UK marketing authorisation (cohort brief). NICE site search by brand and INN (curl, 2026-09-05) returned no guidance or in-development topic.",decisions_nice.csv,otarmeni,2026-04-23,cohort FDA approval,,2026-04-23,,,False
Papzimeos,England,UK,NICE,RRP,zopapogene imadenovec for recurrent respiratory papillomatosis,,,,not-found,none,,,,,,,,,https://www.nice.org.uk/search?q=Papzimeos,2026-09-05,not-found,"No EU or UK marketing authorisation (cohort brief). NICE site search by brand and INN (curl, 2026-09-05) returned no guidance or in-development topic.",decisions_nice.csv,papzimeos,,cohort EU authorisation,,2025-08-14,,,False
Ryoncil,England,UK,NICE,aGVHD_ped_SR,remestemcel-L for paediatric steroid-refractory acute GVHD,,,,not-found,none,,,,,,,,,https://www.nice.org.uk/search?q=Ryoncil,2026-09-05,not-found,"No EU or UK marketing authorisation (cohort brief). NICE site search by brand and INN (curl, 2026-09-05) returned no guidance or in-development topic.",decisions_nice.csv,ryoncil,,cohort EU authorisation,,2024-12-19,,,False
Tregzi,England,UK,NICE,HSCT_Treg,allogeneic regulatory T cell immunotherapy for haematologic malignancies undergoing allogeneic HSCT,,,,not-found,none,,,,,,,,,https://www.nice.org.uk/search?q=Tregzi,2026-09-05,not-found,"No EU or UK marketing authorisation (cohort brief). NICE site search by brand and INN (curl, 2026-09-05) returned no guidance or in-development topic.",decisions_nice.csv,tregzi,2026-07-01,cohort FDA approval,,2026-07-01,,,False
Tudriqev,England,UK,NICE,MEL_advanced,vusolimogene oderparepvec for melanoma,,,,not-found,none,,,,,,,,,https://www.nice.org.uk/search?q=Tudriqev,2026-09-05,not-found,"No EU or UK marketing authorisation (cohort brief). NICE site search by brand and INN (curl, 2026-09-05) returned no guidance or in-development topic.",decisions_nice.csv,tudriqev,2026-08-06,cohort FDA approval,,2026-08-06,,,False
Zevaskyn,England,UK,NICE,RDEB,prademagene zamikeracel for recessive dystrophic epidermolysis bullosa,,,,not-found,none,,,,,,,,,https://www.nice.org.uk/search?q=Zevaskyn,2026-09-05,not-found,"No EU or UK marketing authorisation (cohort brief). NICE site search by brand and INN (curl, 2026-09-05) returned no guidance or in-development topic.",decisions_nice.csv,zevaskyn,2025-04-28,cohort FDA approval,,2025-04-28,,,False
