system,body,product_key,indication_key,decision_date,outcome,arrangement_type,uncertainty-durability,cost-effectiveness,budget-impact,comparator-or-evidence,price,population-or-restriction,capacity-or-delivery,none stated,stated_reasons_verbatim,source_url
Italy,AIFA,kymriah,ALL_ped,2019-08-12,recommended-managed-access,outcomes-based,True,False,False,False,False,False,False,False,"Scheda innovatività (CTS gennaio 2019): 'In considerazione della rarità della malattia, si ritiene che a Kymriah possa essere riconosciuta l'innovatività in questa indicazione in considerazione del 1) bisogno terapeutico importante 2) valore terapeutico aggiunto importante 3) qualità delle prove moderata. L'innovatività verrà rivalutata dopo un anno.'",https://www.gazzettaufficiale.it/atto/serie_generale/caricaDettaglioAtto/originario?atto.dataPubblicazioneGazzetta=2019-08-12&atto.codiceRedazionale=19A05147
Italy,AIFA,kymriah,LBCL_3L,2019-08-12,recommended-managed-access,outcomes-based,False,False,False,False,True,False,False,False,"Scheda innovatività (CTS gennaio 2019): 'Data la rarità del DLBCL, si ritiene che a Kymriah possa essere riconosciuta l'innovatività in questa indicazione in considerazione del 1) bisogno terapeutico importante 2) valore terapeutico aggiunto importante 3) qualità delle prove bassa. L'innovatività verrà rivalutata dopo un anno. Giudizio espresso a maggioranza, con il parere divergente di due componenti che non ritengono possibile riconoscere l'innovatività piena sulla base delle prove disponibili.'",https://www.gazzettaufficiale.it/atto/serie_generale/caricaDettaglioAtto/originario?atto.dataPubblicazioneGazzetta=2019-08-12&atto.codiceRedazionale=19A05147
Italy,AIFA,kymriah,ALL_ped;LBCL_3L,2022-12-12,recommended-managed-access,outcomes-based,False,False,False,False,True,False,False,False,,https://www.gazzettaufficiale.it/atto/serie_generale/caricaDettaglioAtto/originario?atto.dataPubblicazioneGazzetta=2022-12-12&atto.codiceRedazionale=22A06867
Italy,AIFA,kymriah,FL_3L,2023-08-08,recommended-restricted,confidential-discount,False,False,False,False,True,True,False,False,"Scheda innovatività (CTS giugno 2022): 'In considerazione del bisogno terapeutico moderato, del valore terapeutico aggiunto moderato e qualità delle evidenze molto bassa, non può essere riconosciuta a Kymriah® nell'indicazione richiesta l'innovatività.'",https://www.gazzettaufficiale.it/atto/serie_generale/caricaDettaglioAtto/originario?atto.dataPubblicazioneGazzetta=2023-08-08&atto.codiceRedazionale=23A04400
Italy,AIFA,yescarta,LBCL_3L,2019-11-11,recommended-managed-access,outcomes-based,False,False,False,False,True,False,False,False,"Scheda innovatività (CTS gennaio 2019): 'Data la rarità del DLBCL/PMBCL, si ritiene che a Yescarta possa essere riconosciuta l'innovatività in questa indicazione in considerazione del 1) bisogno terapeutico importante 2) valore terapeutico aggiunto importante 3) qualità delle prove moderata. L'innovatività verrà rivalutata dopo un anno. Giudizio espresso a maggioranza, con il parere divergente di due componenti che non ritengono possibile riconoscere l'innovatività piena sulla base delle prove disponibili.'",https://www.gazzettaufficiale.it/atto/serie_generale/caricaDettaglioAtto/originario?atto.dataPubblicazioneGazzetta=2019-11-11&atto.codiceRedazionale=19A06932
Italy,AIFA,yescarta,LBCL_3L,2022-12-13,recommended-restricted,confidential-discount,False,False,False,False,True,False,False,False,,https://www.gazzettaufficiale.it/atto/serie_generale/caricaDettaglioAtto/originario?atto.dataPubblicazioneGazzetta=2022-12-13&atto.codiceRedazionale=22A07030
Italy,AIFA,yescarta,LBCL_2L,2023-11-11,recommended-restricted,confidential-discount,False,False,False,False,True,False,False,False,"Scheda innovatività (CTS febbraio 2023): 'Dati i risultati del trial ZUMA-7 e l'unmet clinical need nel setting interessato dalla sperimentazione, si ritiene che a Yescarta possa essere riconosciuta una innovatività piena in questa indicazione in considerazione del 1) bisogno terapeutico moderato 2) valore terapeutico aggiunto importante 3) qualità delle evidenze moderata.'",https://www.gazzettaufficiale.it/atto/serie_generale/caricaDettaglioAtto/originario?atto.dataPubblicazioneGazzetta=2023-11-11&atto.codiceRedazionale=23A06207
Italy,AIFA,yescarta,FL_4L,2023-11-11,recommended-restricted,confidential-discount,False,False,False,False,False,False,False,True,"Scheda innovatività (CTS marzo 2023): 'In considerazione del: 1) bisogno terapeutico moderato 2) valore terapeutico aggiunto moderato 3) qualità delle evidenze molto bassa, non può essere riconosciuta a Yescarta® nell'indicazione richiesta l'innovatività.'",https://www.gazzettaufficiale.it/atto/serie_generale/caricaDettaglioAtto/originario?atto.dataPubblicazioneGazzetta=2023-11-11&atto.codiceRedazionale=23A06207
Italy,AIFA,tecartus,MCL_3L,2022-03-11,recommended-restricted,confidential-discount,False,False,False,False,True,True,False,False,"Scheda innovatività (CTS marzo 2021): 'Data la rarità del MCL, si ritiene che a Tecartus possa essere riconosciuta l'innovatività in questa indicazione in considerazione del 1) bisogno terapeutico importante 2) valore terapeutico aggiunto importante 3) qualità delle prove molto bassa.'",https://www.gazzettaufficiale.it/atto/serie_generale/caricaDettaglioAtto/originario?atto.dataPubblicazioneGazzetta=2022-03-11&atto.codiceRedazionale=22A01661
Italy,AIFA,tecartus,ALL_adult_26plus,2023-12-04,recommended-restricted,confidential-discount,False,False,False,False,False,False,False,True,"Scheda innovatività (CTS febbraio 2023): 'In considerazione del: 1) bisogno terapeutico moderato 2) valore terapeutico aggiunto moderato 3) qualità delle evidenze bassa, può essere riconosciuta a Tecartus® nell'indicazione richiesta l'innovatività condizionata.'",https://www.gazzettaufficiale.it/atto/serie_generale/caricaDettaglioAtto/originario?atto.dataPubblicazioneGazzetta=2023-12-04&atto.codiceRedazionale=23A06556
Italy,AIFA,abecma,MM_4L,2023-08-19,not-recommended,none,False,False,False,False,False,False,False,True,,https://www.gazzettaufficiale.it/atto/serie_generale/caricaDettaglioAtto/originario?atto.dataPubblicazioneGazzetta=2023-08-19&atto.codiceRedazionale=23A04554
Italy,AIFA,abecma,MM_4L,2024-02-08,recommended-restricted,confidential-discount,False,False,False,False,True,False,False,False,Scheda innovatività (CTS novembre 2023): 'Si ritiene che ad Abecma possa essere riconosciuta l'innovatività condizionata in questa indicazione in considerazione del 1) bisogno terapeutico moderato 2) valore terapeutico aggiunto moderato 3) qualità delle evidenze bassa.',https://www.gazzettaufficiale.it/atto/serie_generale/caricaDettaglioAtto/originario?atto.dataPubblicazioneGazzetta=2024-02-08&atto.codiceRedazionale=24A00637
Italy,AIFA,abecma,MM_3L,2026-05-20,recommended-restricted,confidential-discount,False,False,False,False,False,False,False,True,"Scheda innovatività ABECMA_19567: 'Si ritiene che ad Abecma possa essere riconosciuta l'innovatività in questa indicazione in considerazione del bisogno terapeutico moderato, vantaggio terapeutico aggiunto moderato, qualità delle evidenze bassa. (malattia rara)'",https://trovanorme.aifa.gov.it/tnf-service/determina/tnf/pubblicate/e053daa1-6624-4e63-a772-36d4cc86a888 | https://www.gazzettaufficiale.it/atto/serie_generale/caricaDettaglioAtto/originario?atto.dataPubblicazioneGazzetta=2026-05-20&atto.codiceRedazionale=26A02520
Italy,AIFA,breyanzi,LBCL_3L,2024-02-08,recommended-restricted,confidential-discount,False,False,False,False,True,False,False,False,Scheda innovatività (CTS ottobre 2022): 'Si può attribuire una innovatività di classe a lisocabtagene maraleucel per l'indicazione ... in considerazione del 1) bisogno terapeutico moderato 2) valore terapeutico aggiunto importante 3) qualità delle evidenze bassa. Il farmaco presenta le caratteristiche che hanno consentito di riconoscere l'innovativita' al primo farmaco della classe in questa indicazione (axicabtagene ciloleucel). ... tale riconoscimento risulta valido fino alla scadenza dell'innovatività del primo farmaco della classe.',https://www.gazzettaufficiale.it/atto/serie_generale/caricaDettaglioAtto/originario?atto.dataPubblicazioneGazzetta=2024-02-08&atto.codiceRedazionale=24A00638
Italy,AIFA,breyanzi,LBCL_2L,2025-12-15,recommended-restricted,confidential-discount,False,False,False,False,True,False,False,False,Scheda innovatività (CSE dicembre 2024): 'Si può attribuire una innovatività di classe a lisocabtagene maraleucel per l'indicazione in domanda in considerazione del 1) bisogno terapeutico moderato 2) valore terapeutico aggiunto importante 3) qualità delle evidenze moderata. ... tale riconoscimento risulta valido fino alla scadenza dell'innovatività del primo farmaco della classe.',https://trovanorme.aifa.gov.it/tnf-service/determina/tnf/pubblicate/9a2189a6-8eaf-4c35-9e2f-86ecbae750c8 | https://www.gazzettaufficiale.it/atto/serie_generale/caricaDettaglioAtto/originario?atto.dataPubblicazioneGazzetta=2025-12-15&atto.codiceRedazionale=25A06661
Italy,AIFA,carvykti,MM_4L,2025-03-24,terminated-or-withdrawn,none,False,False,False,False,True,False,False,False,,https://www.gazzettaufficiale.it/atto/serie_generale/caricaDettaglioAtto/originario?atto.dataPubblicazioneGazzetta=2025-03-24&atto.codiceRedazionale=25A01768
Italy,AIFA,carvykti,MM_2L,2026-04-03,recommended-restricted,confidential-discount,False,False,False,False,True,False,False,False,Scheda innovatività v2.0: 'Si ritiene che a Carvykti possa essere riconosciuta l'innovatività in questa indicazione in considerazione del 1) bisogno terapeutico moderato 2) valore terapeutico aggiunto importante 3) qualità delle evidenze moderata.',https://trovanorme.aifa.gov.it/tnf-service/determina/tnf/pubblicate/a843b75f-3de6-4520-9580-d4e45c9493ea | https://www.gazzettaufficiale.it/atto/serie_generale/caricaDettaglioAtto/originario?atto.dataPubblicazioneGazzetta=2026-04-03&atto.codiceRedazionale=26A01675
Italy,AIFA,casgevy,TDT_12plus,2025-10-07,recommended-managed-access,managed-access-agreement,False,False,False,False,True,True,False,False,"Scheda innovatività (CSE febbraio 2025): TDT: 'alla luce del fabbisogno terapeutico moderato, del valore terapeutico aggiunto importante e della qualità delle prove bassa dello studio registrativo, al medicinale viene riconosciuta l'innovatività.' Scheda notes for SCD: 'Il numero dei pazienti coinvolti e la breve durata di osservazione sono troppo limitati per determinare gli effetti a lungo termine su endpoint hard nella popolazione target'.",https://trovanorme.aifa.gov.it/tnf-service/determina/tnf/pubblicate/1dcd6c1a-fc18-4340-917b-f61af11f8b18 | https://www.gazzettaufficiale.it/atto/serie_generale/caricaDettaglioAtto/originario?atto.dataPubblicazioneGazzetta=2025-10-07&atto.codiceRedazionale=25A05449
Italy,AIFA,casgevy,SCD_VOC_12plus,2025-10-07,recommended-managed-access,managed-access-agreement,False,False,False,False,True,True,False,False,"Scheda innovatività (CSE febbraio 2025): TDT: 'alla luce del fabbisogno terapeutico moderato, del valore terapeutico aggiunto importante e della qualità delle prove bassa dello studio registrativo, al medicinale viene riconosciuta l'innovatività.' Scheda notes for SCD: 'Il numero dei pazienti coinvolti e la breve durata di osservazione sono troppo limitati per determinare gli effetti a lungo termine su endpoint hard nella popolazione target'.",https://trovanorme.aifa.gov.it/tnf-service/determina/tnf/pubblicate/1dcd6c1a-fc18-4340-917b-f61af11f8b18 | https://www.gazzettaufficiale.it/atto/serie_generale/caricaDettaglioAtto/originario?atto.dataPubblicazioneGazzetta=2025-10-07&atto.codiceRedazionale=25A05449
Italy,AIFA,hemgenix,HEMB_adult,2025-09-03,recommended-managed-access,outcomes-based,False,False,False,False,True,False,False,False,"Scheda innovatività (CSE maggio 2025): 'alla luce del fabbisogno terapeutico scarso, del valore terapeutico aggiunto moderato e della qualità delle prove bassa dello studio pivotal, al medicinale viene riconosciuta l'innovatività condizionata.'",https://trovanorme.aifa.gov.it/tnf-service/determina/tnf/pubblicate/2a1a8371-ee7e-4509-b7af-3edf78fd93b7 | https://www.gazzettaufficiale.it/atto/serie_generale/caricaDettaglioAtto/originario?atto.dataPubblicazioneGazzetta=2025-09-03&atto.codiceRedazionale=25A04851
Italy,AIFA,roctavian,HEMA_adult,2024-01-22,recommended-restricted,confidential-discount,False,False,False,False,True,False,False,False,"Scheda innovatività (CTS febbraio 2023): 'In considerazione del: 1) bisogno terapeutico moderato 2) valore terapeutico aggiunto moderato 3) qualità delle evidenze bassa, può essere riconosciuta a Roctavian® nell'indicazione richiesta l'innovatività condizionata.'",https://www.gazzettaufficiale.it/atto/serie_generale/caricaDettaglioAtto/originario?atto.dataPubblicazioneGazzetta=2024-01-22&atto.codiceRedazionale=24A00268
Italy,AIFA,kebilidi,AADC,2023-12-04,recommended-restricted,confidential-discount,False,False,False,False,True,False,False,False,"Scheda innovatività (CTS maggio 2023): 'In considerazione del: 1) bisogno terapeutico massimo 2) valore terapeutico aggiunto moderato 3) qualità delle prove bassa, può essere riconosciuta a Upstaza® nell'indicazione richiesta l'innovatività.'",https://www.gazzettaufficiale.it/atto/serie_generale/caricaDettaglioAtto/originario?atto.dataPubblicazioneGazzetta=2023-12-04&atto.codiceRedazionale=23A06557
Italy,AIFA,lenmeldy,MLD_early,2022-04-07,recommended-restricted,confidential-discount,False,False,False,False,True,False,False,False,"Scheda innovatività (CTS febbraio 2021): 'In considerazione del: 1) bisogno terapeutico importante 2) valore terapeutico aggiunto importante 3) qualità delle evidenze molto bassa, può essere riconosciuta a Libmeldy® l'innovatività.'",https://www.gazzettaufficiale.it/atto/serie_generale/caricaDettaglioAtto/originario?atto.dataPubblicazioneGazzetta=2022-04-07&atto.codiceRedazionale=22A02124
Italy,AIFA,lenmeldy,MLD_early,2025-06-17,recommended-restricted,confidential-discount,False,False,False,False,True,False,False,False,,https://trovanorme.aifa.gov.it/tnf-service/determina/tnf/pubblicate/8f094c47-3199-420b-b333-971fc940aef5 | https://www.gazzettaufficiale.it/atto/serie_generale/caricaDettaglioAtto/originario?atto.dataPubblicazioneGazzetta=2025-06-17&atto.codiceRedazionale=25A03427
Italy,AIFA,luxturna,RPE65,2021-01-09,recommended-managed-access,price-volume,False,False,True,False,True,False,False,False,"Scheda innovatività (CTS 15-17 gennaio 2020): 'In considerazione del: 1) bisogno terapeutico massimo 2) valore terapeutico aggiunto importante 3) qualità delle evidenze bassa, può essere riconosciuta a Luxturna l'innovatività piena.'",https://www.gazzettaufficiale.it/atto/serie_generale/caricaDettaglioAtto/originario?atto.dataPubblicazioneGazzetta=2021-01-09&atto.codiceRedazionale=20A07274
Italy,AIFA,zolgensma,SMA_type1,2021-03-13,recommended-managed-access,outcomes-based,False,False,False,False,True,False,False,False,"Determina: 'viene riconosciuta l'innovativita' per dodici mesi, rinnovabile previo nuovo parere ... fino all'estensione massima di trentasei mesi'. Scheda di conferma (CTS aprile 2022): 'In considerazione di un: 1) bisogno terapeutico moderato, di un 2) valore terapeutico aggiunto importante, pur a fronte di una qualità delle prove bassa per via del disegno degli studi (pur giustificabile in una patologia ultrarara con un'aspettativa di vita ≤ 2 anni di età se non trattata), può essere confermata a Zolgensma® (farmaco orfano) nell'indicazione richiesta l'innovatività.'",https://www.gazzettaufficiale.it/atto/serie_generale/caricaDettaglioAtto/originario?atto.dataPubblicazioneGazzetta=2021-03-13&atto.codiceRedazionale=21A01554
Italy,AIFA,zolgensma,SMA_type1;SMA_presymptomatic_3SMN2,2024-03-16,recommended-restricted,confidential-discount,False,False,False,False,True,True,False,False,"Scheda di conferma (CTS giugno 2023): 'In considerazione di un: 1) bisogno terapeutico moderato, di un 2) valore terapeutico aggiunto importante, e della 3) qualità delle prove bassa, può essere confermata, per l'ultima volta, a Zolgensma® nell'indicazione richiesta l'innovatività per 12 mesi.'",https://www.gazzettaufficiale.it/atto/serie_generale/caricaDettaglioAtto/originario?atto.dataPubblicazioneGazzetta=2024-03-16&atto.codiceRedazionale=24A01361
Italy,AIFA,strimvelis,ADA_SCID,2016-08-01,recommended-managed-access,outcomes-based,True,False,False,True,False,False,False,False,"Determina: 'Attribuzione del requisito dell'innovazione terapeutica, da cui consegue: la non applicazione delle riduzioni di legge ...; l'inserimento nel fondo per i farmaci innovativi ...' (pre-2017 innovativeness regime; no GRADE scheda published)",https://www.gazzettaufficiale.it/atto/serie_generale/caricaDettaglioAtto/originario?atto.dataPubblicazioneGazzetta=2016-08-01&atto.codiceRedazionale=16A05546
Italy,AIFA,zalmoxis,haploHSCT_adjunct,2018-02-14,recommended-managed-access,other,False,False,False,True,False,False,False,False,"Scheda innovatività (CTS settembre 2017): 'L'innovatività non può essere attribuita a Zalmoxis, in considerazione: 1) di un bisogno terapeutico giudicato moderato ... 2) di un valore terapeutico aggiunto giudicato moderato in quanto il beneficio clinico nello studio registrativo TK007 è dimostrato primariamente su esiti surrogati ... 3) di una qualità delle prove giudicata molto bassa, in quanto è disponibile un unico studio (TK007) non randomizzato'",https://www.gazzettaufficiale.it/atto/serie_generale/caricaDettaglioAtto/originario?atto.dataPubblicazioneGazzetta=2018-02-14&atto.codiceRedazionale=18A00972
Italy,AIFA,alofisel,CD_perianal_fistula,2018-10-08,not-recommended,none,False,False,False,False,True,False,False,False,"Scheda innovatività (CTS aprile 2019): 'In considerazione di un bisogno terapeutico moderato, di un valore terapeutico aggiunto scarso e di una qualità delle prove bassa, il farmaco non può essere considerato innovativo.'",https://www.gazzettaufficiale.it/atto/serie_generale/caricaDettaglioAtto/originario?atto.dataPubblicazioneGazzetta=2018-10-08&atto.codiceRedazionale=18A06269
Italy,AIFA,ebvallo,EBV_PTLD_2L,2025-03-13,recommended-managed-access,managed-access-agreement,False,False,False,False,True,False,False,False,"Scheda innovatività (CTS 6-8 settembre 2023): 'Considerati i dati portati a supporto della richiesta di innovatività e la rarità della patologia in esame, si ritiene che ad Ebvallo non possa essere riconosciuta l'innovatività in questa indicazione, in considerazione del 1) bisogno terapeutico massimo 2) valore terapeutico aggiunto non valutabile 3) qualità delle prove bassa'",https://www.gazzettaufficiale.it/atto/serie_generale/caricaDettaglioAtto/originario?atto.dataPubblicazioneGazzetta=2025-03-13&atto.codiceRedazionale=25A01601
Australia,TGA,kymriah,ALL_ped,2018-12-13,recommended,none,False,False,False,False,False,False,False,True,,https://www.tga.gov.au/resources/prescription-medicines-registrations/kymriah-novartis-pharmaceuticals-australia-pty-ltd
Australia,TGA,kymriah,LBCL_3L,2018-12-13,recommended,none,False,False,False,False,False,False,False,True,,https://www.tga.gov.au/resources/prescription-medicines-registrations/kymriah-novartis-pharmaceuticals-australia-pty-ltd
Australia,MSAC,kymriah,LBCL_3L,2018-11-22,not-recommended,none,False,True,False,False,True,True,False,False,"did not support public funding for TIS for adults with confirmed relapsed/refractory DLBCL. For both conditions, MSAC recognised the large unmet clinical need and the preliminary supportive evidence of a clinically important treatment effect, but the incremental cost- effectiveness ratio (ICER) was both unacceptably high and underestimated. For DLBCL, the definition of the appropriate eligible population needed to be redefined, as well as amendments made to the economic evaluation and a reduced price for TIS ascertained at which it is acceptably cost-effective.",https://www.msac.gov.au/sites/default/files/documents/1519-Final%20PSD-April%202019_redacted.pdf
Australia,MSAC,kymriah,ALL_ped,2019-04-09,recommended-restricted,outcomes-based,True,False,True,True,True,True,False,False,"The MSAC reviewed the risk share arrangement in an out-of-session MSAC reconsideration. The MSAC supported the negotiated risk share arrangement, considering it appropriately managed the clinical, economic and financial uncertainty existing in the March 2019 application funding proposal and recommended the public funding of TIS for treatment of ALL in children and young adults up to 25 years old. The MSAC considered the following negotiated risk share agreement between the applicant and the Department for an initial 2 years of public funding, would appropriately manage the uncertainty existing in the applicant's March 2019 funding proposal: a pay only on successful infusion arrangement; Redacted; treatment to be limited to a single dose of TIS, as there is no evidence currently available informing the effectiveness or safety of multiple doses; and a full review of clinical effectiveness, cost- effectiveness and budget impact will be conducted by the MSAC no later than 2 years post the commencement of public subsidy.",https://www.msac.gov.au/sites/default/files/documents/1519-Final%20PSD-April%202019_redacted.pdf
Australia,Funding,kymriah,ALL_ped,2019-07-31,recommended-restricted,outcomes-based,False,False,False,False,False,False,False,True,"Public subsidy for tisagenlecleucel (TIS) to treat paediatric and young adult patients up to 25 years of age with B-cell precursor acute lymphoblastic leukaemia (pALL) that is refractory, in relapse post-transplant, or in second or later relapse, through the National Health Reform Agreements (NHRA) commenced on 31 July 2019.",https://www.msac.gov.au/sites/default/files/documents/1748%20Final%20PSD%20-%20July%202023%20(redacted).pdf
Australia,MSAC,kymriah,LBCL_3L,2019-11-28,recommended-restricted,outcomes-based,False,True,False,False,True,False,False,False,"After considering the strength of the available evidence in relation to comparative safety, clinical effectiveness and cost-effectiveness, MSAC supported the public funding of tisagenlecleucel (TIS) for certain patients with CD19-positive Diffuse Large B Cell Lymphoma (DLBCL), Primary Mediastinal B Cell Lymphoma (PMBCL) and Transformed Follicular Lymphoma (TFL). The MSAC recommendation for public funding was based on, among other matters, its assessment that the cost-effectiveness of TIS, although high, would be acceptable if the redacted price is no higher than that proposed in the submission, and if the following measures were implemented to contain the risks associated with public funding: treatment must be delivered by a haematologist working in a multi-disciplinary team specialising in the provision of CAR-T cell therapy; treatment must be delivered in a tertiary public hospital with appropriate credentials; governance and prescribing rules to ensure treatment is directed to patients most likely to benefit; no payment for TIS for an unsuccessful infusion; no payment for TIS if a patient is apheresed but does not receive the infusion of engineered lymphocytes; a limit to one successful CAR-T infusion per lifetime; data on the use of TIS for B cell lymphoma's in Australia should be recorded by the Australian Bone Marrow Transplant Recipient Registry.",https://www.msac.gov.au/sites/default/files/documents/1519.1%20Final%20updated%20PSD%20Nov%2019_redacted.pdf
Australia,MSAC,kymriah,LBCL_3L,2020-11-26,not-recommended,none,False,False,False,False,False,True,False,False,"MSAC did not support amending the eligibility criteria for tisagenlecleucel (TIS) (Kymriah) for the treatment of relapsed or refractory diffuse large B-cell lymphoma (DLBCL) by removing the requirement for patients to test positive for CD-19 expression on their B-cells. MSAC considered that since tisagenlecleucel is a cell-based therapy specifically targeting CD-19 expression, and since there is no minimum threshold set for CD-19 positivity, the argument for removing the requirement was not adequately supported.",https://www.msac.gov.au/sites/default/files/documents/1653%20Final%20PSD_Nov2020_redacted.pdf
Australia,MSAC,kymriah,LBCL_3L,2021-07-29,recommended,outcomes-based,False,False,False,True,False,True,False,False,MSAC supported the minor changes to the eligibility criteria for tisagenlecleucel (as proposed in the Pre-MSAC response) regarding certain patients with transformed follicular lymphoma (TFL) and certain patients with grade 3B follicular lymphoma (FL). MSAC considered there would be a very small number of additional patients that would be eligible and there was support for these changes from the National CAR-T Patient Prioritisation Committee and from the States and Territories.,https://www.msac.gov.au/sites/default/files/documents/1676%20Final%20PSD%20-%20July%202021_redacted.pdf
Australia,MSAC,kymriah,ALL_ped,2023-07-27,recommended-restricted,outcomes-based,True,False,True,False,True,True,False,False,"After reviewing updated evidence from clinical studies, Australian data from the Australian Bone Marrow Transplant Recipient Registry (ABMTRR) and utilisation data supplied by the States and Territories, MSAC considered that the available evidence did not fully address the clinical, economic and financial uncertainties which existed when it initially supported public funding. The review did not adequately address MSAC's previous concerns regarding the uncertainty of clinical outcomes beyond 12 months for TIS for pALL. MSAC considered that for most patients, TIS is likely used as a bridging therapy to aHSCT or aHSCT is being used to treat relapse post-TIS. Data from the States and Territories showed the true total cost of providing treatment with TIS was substantially higher than expected and that although significantly fewer patients than expected used TIS, the estimated budget impact was similar to that presented in the initial application for this reason. Therefore, MSAC advised a further review should be conducted in 3 years with the need for ongoing data collection. MSAC requested the Department negotiate based on TIS being a bridging treatment rather than a curative treatment.",https://www.msac.gov.au/sites/default/files/documents/1748%20Final%20PSD%20-%20July%202023%20(redacted).pdf
Australia,TGA,yescarta,LBCL_3L,2020-02-11,recommended,none,False,False,False,False,False,False,False,True,,https://www.msac.gov.au/sites/default/files/2024-10/1771_final_psd_-_aug2024_-_redacted.pdf
Australia,TGA,yescarta,LBCL_2L,2022-12,recommended,none,False,False,False,False,False,False,False,True,,https://www.ebs.tga.gov.au/servlet/xmlmillr6?dbid=ebs/PublicHTML/pdfStore.nsf&docid=400895&agid=(PrintDetailsPublic)&actionid=1
Australia,TGA,yescarta,FL_3L,2022-12-12,recommended,none,False,False,False,False,False,False,False,True,,https://www.ebs.tga.gov.au/servlet/xmlmillr6?dbid=ebs/PublicHTML/pdfStore.nsf&docid=400895&agid=(PrintDetailsPublic)&actionid=1
Australia,MSAC,yescarta,LBCL_3L,2020-01-16,recommended-restricted,outcomes-based,False,False,False,False,True,False,False,False,"Following the MSAC's November 2019 decision to defer providing advice to the Minister for Health on the public funding of AXI for DLBCL, TFL and PMBCL, the Therapeutics Goods Administration (TGA) Clinical Evaluation Report and Delegate's Summary became available. The TGA delegate has indicated (s)he is minded to approve AXI for registration for the same indications for which public funding has been sought. On receipt of this advice from the TGA, the MSAC confirmed its support for the public funding of AXI out-of-session on 16 January 2020, without making any changes to the other parts of its advice to the Minister from November 2019.",https://www.msac.gov.au/sites/default/files/documents/1587%20Final%20PSD%20Nov%2019_redacted.pdf
Australia,MSAC,yescarta,LBCL_2L,2023-03-30,not-recommended,none,True,True,False,False,False,True,False,False,"MSAC did not support public funding of axicabtagene ciloleucel (AXI) for the treatment of relapsed or refractory large B-cell lymphoma (LBCL) in the second-line (2L) setting. MSAC recognised the clinical need for the proposed treatment in this population. MSAC considered that from the evidence presented for evaluation, it was uncertain whether AXI demonstrated durable survival outcomes relative to standard of care, and that AXI had an inferior safety profile. MSAC was also concerned with the use of event-free survival (EFS) as a primary endpoint, which was likely to be biased in favour of the AXI arm, and that the trial did not adequately capture the difference between AXI in the 2L vs 3L setting, which had flow on effects to the economic model. MSAC also considered that the incremental cost-effectiveness ratio (ICER) was highly uncertain and was underestimated due to the optimistic extrapolation of survival favouring AXI.",https://www.msac.gov.au/sites/default/files/documents/1722%20Final%20PSD%20-%20Mar%202023%20(redacted)_Updated.pdf
Australia,MSAC,yescarta,LBCL_2L,2024-04-04,recommended-restricted,outcomes-based,True,True,False,False,True,True,False,False,"MSAC supported the public funding of axicabtagene ciloleucel (AXI) through the NHRA for the treatment of R/R LBCL in the 2L setting. MSAC recognised the clinical need for the proposed treatment in this population. MSAC noted that the updated clinical data demonstrated a statistically significant overall survival (OS) benefit of AXI relative to the standard of care over a longer follow up period, which MSAC considered supported the clinical claim of superior effectiveness. MSAC noted the proposed price for treatment with AXI in the 2L setting was higher than the average price previously supported by MSAC for AXI in the 3L setting. MSAC also noted that the application proposed increasing the annual patient cap for AXI but that the current utilisation of AXI is below the current annual patient cap for the 3L setting. Therefore, MSAC support for public funding of AXI in 2L setting was contingent on a risk sharing arrangement.",https://www.msac.gov.au/sites/default/files/documents/1722.1%20Final%20PSD%20-%20April2024%20(redacted).pdf
Australia,MSAC,yescarta,FL_3L,2024-08-01,not-recommended,none,True,True,False,False,True,True,False,False,"MSAC did not support public funding of axicabtagene ciloleucel (AXI) through the National Health Reform Agreement (NHRA) for the treatment of relapsed or refractory (r/r) follicular lymphoma (FL) after two or more lines of systemic therapy. MSAC acknowledged the clinical need for new therapies for this patient population, and considered that AXI appeared to offer clinical benefit, particularly in progression free survival. However, MSAC noted that due to the low certainty of evidence, the magnitude of benefit was highly uncertain. MSAC considered that AXI had an inferior safety profile compared to the current standard of care. MSAC considered the cost-effectiveness of AXI was highly uncertain, due to low certainty in comparative evidence, uncertain real-world costs and the unsubstantiated cure assumption used in the economic model. MSAC noted the proposed price of AXI had not been adequately justified and considered a price reduction along with a risk sharing arrangement would be required for any future re-application.",https://www.msac.gov.au/sites/default/files/2024-10/1771_final_psd_-_aug2024_-_redacted.pdf
Australia,MSAC,yescarta,FL_3L,2025-07-31,recommended-restricted,outcomes-based,True,True,False,False,True,True,False,False,"MSAC supported public funding of axicabtagene ciloleucel (AXI) as a Highly Specialised Therapy (HST) through the National Health Reform Agreement (NHRA) for the treatment of adult patients with relapsed or refractory (r/r) follicular lymphoma (FL) after two or more lines of systemic therapy. MSAC recalled it acknowledged the clinical need for the proposed treatment in this population and noted that while the updated clinical data demonstrated that AXI appeared to offer clinical benefit relative to the standard of care over a longer follow up period, the long-term clinical benefits remained uncertain as FL is a relatively indolent condition compared with other cancers with funded CAR-T therapies. MSAC considered AXI has an inferior safety profile compared to the current standard of care. MSAC considered a price reduction was required for AXI to be cost-effective. MSAC noted as joint funders of the HST, the jurisdictions were supportive of a risk sharing arrangement with a two-part pay for performance pricing structure.",https://www.msac.gov.au/sites/default/files/2025-10/1771.1_final_psd_-_july_2025_-_redacted_0.pdf
Australia,TGA,tecartus,MCL_2L,2021-07-21,recommended,none,False,False,False,False,False,False,False,True,,https://www.tga.gov.au/resources/prescription-medicines-registrations/tecartus-gilead-sciences-pty-ltd
Australia,MSAC,tecartus,MCL_2L,2021-07-29,recommended-restricted,outcomes-based,False,True,False,False,True,True,False,False,MSAC supported public funding of brexu-cel for certain patients with R/R MCL. MSAC considered there was significant unmet clinical need in this group of patients. MSAC considered that the level of clinical evidence in support of brexu-cel to be acceptable given the rarity of mantle cell lymphoma and the proposal for its use as a later line of therapy. MSAC support for public funding was contingent on a price reduction to achieve an average price per patient corresponding to the same incremental cost-effectiveness ratio (ICER) as that accepted for axicabtagene ciloleucel ($redacted/QALY) and if the following measures were implemented to contain the risks associated with public funding: treatment must be delivered by a haematologist working in a multi-disciplinary team specialising in the provision of CAR-T cell therapy; treatment must be delivered in a tertiary public hospital with appropriate credentials; no payment for brexu-cel for an unsuccessful infusion; a limit to one successful CAR-T infusion per lifetime for r/r MCL.,https://www.msac.gov.au/sites/default/files/documents/1647%20Final%20PSD%20-%20updated%20with%20July%202023%20Addendum%20(redacted).pdf
Australia,MSAC,tecartus,MCL_2L,2023-07-29,recommended-restricted,outcomes-based,False,False,False,False,False,False,False,True,"Following the MSAC's July 2021 advice to support the public funding of brexucabtagene autoleucel (brexu-cel) for certain patients with relapsed or refractory mantle cell lymphoma (R/R MCL), Gilead Sciences submitted a pricing proposal to progress the public funding of the CAR-T cell therapy in July 2023. Given the details of the pricing proposal varied from the MSAC's July 2021 advice, the MSAC considered the pricing proposal out-of-session on 29 July 2023. After considering the pricing proposal, MSAC confirmed its support for the public funding of brexu-cel for certain patients with R/R MCL. No changes were made to other parts of its advice to the Minister from July 2021.",https://www.msac.gov.au/sites/default/files/documents/1647%20Final%20PSD%20-%20updated%20with%20July%202023%20Addendum%20(redacted).pdf
Australia,MSAC,tecartus,ALL_adult,2022-11-24,not-recommended,none,True,True,False,False,True,True,False,False,"MSAC did not support public funding of brexucabtagene autoleucel (brexu-cel) for adult R/R B-ALL. MSAC considered that it was uncertain whether brexu-cel demonstrated superior efficacy in terms of durable survival outcomes compared with contemporary Australian practice because of low certainty of the evidence presented. In addition, MSAC considered that there was significant uncertainty around the place of brexu-cel in clinical practice and that brexu-cel had an inferior safety profile compared with other therapies. MSAC also considered that the incremental cost-effectiveness ratio was highly uncertain and was likely underestimated due to the optimistic extrapolation of survival favouring brexu-cel. MSAC noted the price of brexu-cel had not been adequately justified and no payment for performance or risk sharing criteria were proposed for consideration by MSAC. MSAC also noted that the states and territories were not supportive of the application as joint funders of this highly specialised therapy via the NHRA.",https://www.msac.gov.au/sites/default/files/documents/1723%20Final%20PSD-%20Nov%202022_redacted.pdf
Australia,MSAC,tecartus,ALL_adult,2023-11-23,recommended-restricted,outcomes-based,True,True,False,False,True,True,False,False,"MSAC supported public funding of brexu-cel for adult patients (aged 26 years or older) with R/R B-ALL. MSAC considered there was significant unmet clinical need in this group of patients and an equity of access issue as patients under 26-year-old are able to access an alternative chimeric antigen receptor T-cell (CAR-T) therapy for the same indication. MSAC noted that uncertainty remained regarding the clinical place of brexu-cel, in particular with regards to subsequent allogenic stem cell transplant (allo-SCT). MSAC considered that the uncertainty and limitations with the economic evaluation remained and as such did not demonstrate the cost-effectiveness of brexu-cel at a price of $redacted. MSAC noted the subsequent average price of $redacted submitted by the applicant in a subsequent pricing proposal was consistent with the price supported for other publicly funded CAR-T therapies, that it considered to be acceptable for funding.",https://www.msac.gov.au/sites/default/files/documents/1723.1%20Final%20PSD%20-%20Nov2023%20(redacted).pdf
Australia,TGA,carvykti,MM_4L,2023-06-05,recommended,none,False,False,False,False,False,False,False,True,,https://www.ebs.tga.gov.au/servlet/xmlmillr6?dbid=ebs/PublicHTML/pdfStore.nsf&docid=410143&agid=(PrintDetailsPublic)&actionid=1
Australia,MSAC,carvykti,MM_4L,2022-07-28,not-recommended,none,True,True,True,False,False,True,False,False,"MSAC did not support public funding of ciltacabtagene autoleucel (cilta-cel), a B-cell maturation antigen (BCMA)-directed chimeric antigen receptor T cell (CAR-T) therapy, for the treatment of adult patients with relapsed or refractory multiple myeloma (RRMM), who have received at least three prior lines of therapy, including a PI, an IMiD and an anti-CD38 antibody. MSAC considered there was high uncertainty regarding the clinical place of cilta-cel and the proposal for its use as a later line of therapy in the context of RRMM, which has a long disease history with many alternative and new treatment options that have improved patient outcomes. MSAC did not accept that cilta-cel is comparatively safe, effective and cost-effective over the modelled time horizon. MSAC also considered the low level of clinical evidence in support of cilta-cel to be unacceptable in the context of late-line treatment where other treatment options are available, and the prevalence of RRMM being clearly beyond that of a rare disease, with a large and uncertain financial impact.",https://www.msac.gov.au/sites/default/files/documents/1690%20Final%20PSD_Jul2022%20-%20Redacted_Final.pdf
Australia,MSAC,carvykti,MM_5L,2024-04-04,recommended-restricted,outcomes-based,True,False,False,False,False,False,False,False,"MSAC supported the public funding of cilta-cel for 5L+ RRMM at its April 2024 meeting based on an alternative funding model that appropriately managed the clinical, economic and financial uncertainty associated with the public funding of cilta-cel, in conjunction with a RSA that appropriately managed the risk of the applicant's financial estimates being exceeded. MSAC reviewed the funding proposal re-submitted by the applicant at its April 2024 meeting and considered that, despite being the third application, there had been no attempt from Janssen-Cilag to adequately address MSAC's concerns following the November 2023 deferral of its advice. MSAC considered the proposal by Janssen-Cilag, to limit the number of patients who could receive treatment with cilta-cel in a given funding year (i.e. a fixed cap) to compensate for the high-cost of the treatment and provide certainty around its financial estimates, was inequitable and unethical.",https://www.msac.gov.au/sites/default/files/2025-01/1690.1_psd_-_november_2024.pdf
Australia,MSAC,carvykti,MM_5L,2024-11-29,recommended-restricted,outcomes-based,True,True,False,False,True,False,False,False,"MSAC continued to support the public funding of cilta-cel for the treatment of adult patients with 5L+ RRMM. MSAC acknowledged the applicant had reduced its price since its April 2024 pricing proposal and that it no longer proposed to place caps on the number of patients treated with cilta-cel per year. However, MSAC considered the alternative funding proposal submitted by the applicant did not appropriately address the clinical, economic and financial uncertainty associated with public funding. MSAC considered the outcome measure of overall survival (OS) proposed by the applicant was not an appropriate outcome on which a Pay-for-Performance (PfP) arrangement should be based. MSAC considered the PfP should be based on an outcome that could be attributed directly to the use of cilta-cel, such as stringent complete response (sCR) with no use of subsequent therapies. However, MSAC considered that a shorter PfP arrangement based on sCR at 12 months and progression free survival (PFS) thereafter with no use of subsequent treatments, that resulted in a price and ICER largely aligned with the applicant's October 2024 funding proposal would be acceptable (i.e. maximum price per responder of $[redacted]; average price $[redacted]; and ICER $95,000 to < $115,000/ QALY.",https://www.msac.gov.au/sites/default/files/2025-01/1690.1_psd_-_november_2024.pdf
Australia,TGA,luxturna,RPE65,2020-08-04,recommended,none,False,False,False,False,False,False,False,True,,https://www.ebs.tga.gov.au/servlet/xmlmillr6?dbid=ebs/PublicHTML/pdfStore.nsf&docid=318929&agid=(PrintDetailsPublic)&actionid=1
Australia,MSAC,luxturna,RPE65,2020-11-26,recommended-restricted,outcomes-based,True,True,False,False,True,True,True,False,"MSAC supported joint Commonwealth and State/Territory funding of VN through the National Health Reform Agreement (NHRA). MSAC agreed VN addresses a high unmet clinical need for patients with biallelic RPE-65-mediated inherited retinal dystrophies for which no treatment is currently available and considered the available evidence indicates VN improves vision in patients with this condition, as long as the patient has sufficient viable retinal cells at the time of treatment. MSAC considered the reapplication did not satisfactorily address the significant outstanding uncertainties related to the economic modelling, resulting in high and uncertain cost- effectiveness remaining a concern for the Committee. MSAC considered a further reduction of redacted% to the proposed price would be required to adequately address the remaining uncertainties associated with the cost-effectiveness of VN, the duration of treatment effect and the absence of a financial or patient number cap in the risk sharing proposal.",https://www.msac.gov.au/sites/default/files/documents/1623%20Final%20PSD.pdf
Australia,TGA,zolgensma,SMA_under9m,2021-02-24,recommended,none,False,False,False,False,False,False,False,True,,https://www.ebs.tga.gov.au/servlet/xmlmillr6?dbid=ebs/PublicHTML/pdfStore.nsf&docid=327905&agid=(PrintDetailsPublic)&actionid=1
Australia,PBAC,zolgensma,SMA_type1,2021-09,recommended-restricted,outcomes-based,False,True,False,False,True,False,False,False,"Following a revised proposal from the sponsor, the PBAC recommended the Section 100 (Highly Specialised Drugs Program) listing of onasemnogene abeparvovec (ONA) for the treatment of Spinal Muscular Atrophy (SMA) in patients aged less than 9 months, with Type 1 SMA or pre-symptomatic patients with 1-2 copies of the SMN2 gene. The PBAC's recommendation for listing was based on, among other matters, its assessment that the cost-effectiveness of ONA would be acceptable if it were cost-minimised to the least costly disease-modifying therapy for this condition, which is risdiplam (RIS), and in the context of an outcomes-based risk sharing arrangement (RSA). The PBAC also considered that an outcomes-based RSA would be required to mitigate the financial risk to the Commonwealth associated with the significant upfront payment for ONA where the treatment fails, resulting in death, permanent ventilation or lack of efficacy.",https://www.pbs.gov.au/industry/pbac/psd/2021/09/onasemnogene-abeparvovec-psd-september-2021.pdf
Australia,Funding,zolgensma,SMA_type1,2022-05,recommended-restricted,outcomes-based,False,False,False,False,True,False,False,False,"ONA was listed on the PBS in May 2022 as a once-off treatment in patients aged less than 9 months with symptomatic SMA Type I or pre-symptomatic SMA with 1 to 2 copies of SMN2 on a cost minimisation basis versus risdiplam, which was the least costly disease-modifying therapy for this condition. A special pricing arrangement (SPA) also applies to the current PBS listing of ONA, with an effective price of $[redacted], including a performance rebate as part of a risk sharing arrangement (RSA).",https://www.pbs.gov.au/industry/pbac/psd/2022/11/onasemnogene-abebarvovec-psd-11-2022.pdf
Australia,PBAC,zolgensma,SMA_presymp_3copies,2022-11,not-recommended,none,False,True,False,False,True,False,False,False,"The PBAC did not recommend onasemnogene abeparvovec (ONA) for the treatment of pre-symptomatic patients who are genetically diagnosed with spinal muscular atrophy (SMA) and have 3 copies of the Survival Motor Neuron 2 (SMN2) gene. The PBAC considered that pre-symptomatic treatment with ONA may provide clinical benefit for some patients compared to treatment with existing disease modifying therapies following the onset of symptoms. However, the PBAC noted the magnitude of benefit was unclear from the limited clinical data available. The PBAC considered that the economic model presented was unreliable for informing the cost-effectiveness of ONA. The PBAC noted that the price requested was substantially higher than the current price for patients with 1-2 copies of SMN2 and considered this to be inconsistent with the reduced incremental benefit that would be observed for patients with 3 copies of SMN2.",https://www.pbs.gov.au/industry/pbac/psd/2022/11/onasemnogene-abebarvovec-psd-11-2022.pdf
Australia,PBAC,zolgensma,SMA_presymp_3copies,2023-07,recommended-restricted,outcomes-based,True,True,False,False,True,True,False,False,"The PBAC recommended the amendment to the current listing of ONA to include the pre-symptomatic treatment in patients aged up to 9 months, genetically diagnosed SMA, who have a SMN2 gene copy number of 3. The PBAC considered that pre-symptomatic treatment with ONA in patients with 3 copies of SMN2 would provide an additional benefit for some patients compared with initiation of treatment upon development of symptoms. The PBAC noted there was remaining uncertainty regarding the cost-effectiveness of pre-symptomatic treatment with ONA in patients with 3 copies of SMN2 due to the uncertain magnitude of incremental benefit compared to symptomatic treatment. However, the PBAC was satisfied that extension of the current listing would be adequately cost-effective with a price reduction for use in the proposed population.",https://www.pbs.gov.au/industry/pbac/psd/2023/07/onasemnogene-abeparvovec-psd-july-2023.pdf
Australia,PBAC,zolgensma,SMA_upto21kg,2025-11,recommended-restricted,outcomes-based,False,True,False,False,False,True,False,False,"The PBAC recommended expanding the current listing of onasemnogene abeparvovec (ONA) which requires patients to be less than 9 months of age to include treatment of SMA patients with: Symptomatic Type I-IIIa SMA, weighing up to 21 kg. Pre-symptomatic SMA with 1-3 copies SMN2, weighing up to 21 kg, where treatment with DMTs was initiated prior to 36 months of age. Pre-symptomatic SMA with 1-3 copies SMN2, up to 36 months of age, where patients are untreated with DMTs. The PBAC considered that although the evidence available was limited, the efficacy and safety of ONA in patients older than 9 months appears similar to that in patients younger than 9 months. The PBAC considered that ONA would be acceptably cost-effective in the older population at the same cost per patient as in the younger population, with the same outcomes-based RSA conditions applied.",https://www.pbs.gov.au/industry/pbac/psd/2025/11/onasemnogene-abeparvovec-psd-november-2025.pdf
Australia,TGA,hemgenix,HEMB_adult,2024-03-15,recommended-managed-access,none,False,False,False,False,False,False,False,True,,https://www.ebs.tga.gov.au/servlet/xmlmillr6?dbid=ebs/PublicHTML/pdfStore.nsf&docid=405360&agid=(PrintDetailsPublic)&actionid=1
Australia,MSAC,hemgenix,HEMB_adult,2024-08-01,not-recommended,none,True,True,False,False,True,True,False,False,"MSAC did not support public funding of the gene therapy etranacogene dezaparvovec (Hemgenix) for the treatment of adult patients with moderately severe or severe congenital haemophilia B. MSAC noted the limited low certainty clinical evidence indicated that Hemgenix may be effective for some patients in the short term but considered that there was substantial inter-individual variability in the patient response to Hemgenix. Although a lifetime benefit was claimed, MSAC considered the clinical evidence (3-year follow-up) was insufficient to substantiate the long-term safety and effectiveness of Hemgenix. MSAC considered the neutralising antibody test was essential for determining patient eligibility to Hemgenix, but noted this test has not been validated. MSAC also considered that the cost effectiveness of Hemgenix compared to factor IX replacement therapy was highly uncertain due to the uncertainties in both the clinical evidence and the oversimplified economic model which had inherent limitations. As such, MSAC considered the proposed very high price for Hemgenix was not cost-effective. MSAC considered that the estimated utilisation may be erroneously low given the prevalent pool of potentially eligible individuals.",https://www.msac.gov.au/sites/default/files/2024-10/1728_final_psd_-_aug2024_-_redacted.pdf
Australia,MSAC,hemgenix,HEMB_adult,2025-07-31,recommended-restricted,unknown,True,False,False,False,False,False,False,False,"MSAC supported public funding of the gene therapy etranacogene dezaparvovec (ED, Hemgenix) for the treatment of adult patients with moderately severe or severe congenital haemophilia B. Based on the available clinical evidence, MSAC considered that ED, administered as a one-time treatment, provides clinical benefit to patients. MSAC considered that an anti-adeno-associated virus type 5 neutralising antibody assay was essential for determining patient eligibility to treatment, but raised some concern about the accuracy and validity of the proposed assay. Among patients treated with ED in the key trial, approximately 94% of patients were able to cease regular (typically 1-2 times per week) prophylactic factor replacement injections, with approximately 41% of patients having no further bleeding episodes. However, MSAC noted that ED is provisionally registered in Australia and considered that the clinical evidence (4-year follow-up in the key trial) did not yet fully support the durability of treatment effect over a lifetime.",https://www.msac.gov.au/sites/default/files/2025-11/1728.1_final_psd_-_july_2025_-_redacted.pdf
Australia,TGA,imlygic,MEL_unresectable,2015-12-21,recommended,none,False,False,False,False,False,False,False,True,,https://www.pbs.gov.au/industry/pbac/psd/2016/07/talimogene-psd-july-2016.pdf
Australia,PBAC,imlygic,MEL_unresectable,2016-07,not-recommended,none,True,True,False,True,True,True,False,False,"The PBAC rejected the listing of T-VEC on the basis of highly uncertain magnitude of clinical benefit, and thus highly uncertain cost effectiveness compared to its nominated comparators (pembrolizumab, nivolumab and ipilimumab). The PBAC acknowledged that there may be some short-term unmet clinical need for additional therapies beyond current PBS-subsidised medicines in a small subgroup of previously untreated patients with stage IIIb/c and stage IVM1a melanoma. The PBAC considered that durable response rate, the primary endpoint in the key trial (OPTiM), was not a validated endpoint. The PBAC considered that the magnitude of survival benefit of T-VEC in the stage IIIb/c and stage IVM1a subgroups was highly uncertain, given the data was derived from an exploratory post-hoc subgroup.",https://www.pbs.gov.au/industry/pbac/psd/2016/07/talimogene-psd-july-2016.pdf
Canada,CADTH,kymriah,FL_3L,2023-07-12,recommended-restricted,confidential-discount,True,True,True,True,True,False,False,False,"Evidence from a clinical trial suggested that treatment with Kymriah resulted in durable responses and that it may improve overall survival time and the time until disease progression or death. [...] Based on CADTH's assessment of the health economic evidence, Kymriah does not represent good value to the health care system at the public list price. A price reduction is therefore required. Based on public list prices, Kymriah is estimated to cost the public drug plans approximately $192,483,483 over the next 3 years.",https://www.ncbi.nlm.nih.gov/books/NBK599771/
Canada,pCPA,kymriah,FL_3L,2025-06-12,recommended,confidential-discount,False,False,False,False,False,False,False,True,,https://www.pcpacanada.ca/negotiations (CSV export https://pcpa-app.ca/public-csv-export)
Canada,CADTH,yescarta,LBCL_2L,2022-11-08,recommended-restricted,confidential-discount,True,True,True,False,True,True,False,False,"Using the sponsor-submitted price for axicabtagene ciloleucel and publicly listed prices for all other drug costs, the incremental cost-effectiveness ratio (ICER) for axicabtagene ciloleucel was $404,418 per quality-adjusted life-year (QALY) gained compared with SOC. [...] Based on public list prices, Yescarta is estimated to cost the public drug plans approximately $348 million over the next 3 years. However, the actual budget impact is uncertain as the analysis is sensitive to the expected market uptake rates.",https://www.ncbi.nlm.nih.gov/books/NBK601820/
Canada,pCPA,yescarta,LBCL_2L,2024-09-06,recommended,confidential-discount,False,False,False,False,False,False,False,True,,https://www.pcpacanada.ca/negotiations (CSV export https://pcpa-app.ca/public-csv-export)
Canada,CADTH,yescarta,FL_3L,2023-09-13,recommended-restricted,confidential-discount,False,True,False,False,True,False,False,False,"Based on CADTH's assessment of the health economic evidence, Yescarta does not represent good value to the health care system at the public list price. A price reduction is therefore required. Based on public list prices, Yescarta is estimated to cost the public drug plans approximately $210,586,531 over the next 3 years.",https://www.ncbi.nlm.nih.gov/books/NBK599982/
Canada,pCPA,yescarta,FL_3L,2024-09-06,recommended,confidential-discount,False,False,False,False,False,False,False,True,,https://www.pcpacanada.ca/negotiations (CSV export https://pcpa-app.ca/public-csv-export)
Canada,CADTH,tecartus,MCL_3L,2021-05-13,recommended-restricted,confidential-discount,True,True,True,True,True,False,False,False,"One phase II, single-arm, open-label study (ZUMA-2, n = 68) demonstrated that treatment with brexucabtagene autoleucel was associated with fast and durable remission through a clinically meaningful objective response rate (ORR) of 93% (95% confidence interval [CI], 83.8, 98.2) and proportion of patients achieving a complete response (CR) to treatment (67% [95% CI, 53.3, 78.3]). [...] However, pERC acknowledged that there was uncertainty in the magnitude of clinical benefit given the phase II single-arm, open-label, non-randomized, non-comparative design of the ZUMA-2 study.",https://canjhealthtechnol.ca/index.php/cjht/article/view/pg0219
Canada,pCPA,tecartus,MCL_3L,2022-11-10,recommended,confidential-discount,False,False,False,False,False,False,False,True,,https://www.pcpacanada.ca/negotiations (CSV export https://pcpa-app.ca/public-csv-export)
Canada,CADTH,tecartus,ALL_adult,2023-02-08,recommended-restricted,confidential-discount,False,True,True,False,True,False,False,False,"Based on CADTH's assessment of the health economic evidence, Tecartus does not represent good value to the health care system at the public list price. A price reduction is therefore required. Based on public list prices, Tecartus is estimated to cost the public drug plans approximately $17 million over the next 3 years.",https://www.ncbi.nlm.nih.gov/books/NBK596615/
Canada,pCPA,tecartus,ALL_adult,2023-10-27,recommended,confidential-discount,False,False,False,False,False,False,False,True,,https://www.pcpacanada.ca/negotiations (CSV export https://pcpa-app.ca/public-csv-export)
Canada,CADTH,breyanzi,LBCL_3L,2022-04-13,recommended-restricted,confidential-discount,True,False,True,False,True,False,False,False,"Based on CADTH's assessment of the health economic evidence, Breyanzi does not represent good value to the health care system at the public list price. The CADTH pCODR Expert Review Committee determined that there is not enough evidence to justify a greater cost for Breyanzi compared with other available CAR T-cell therapies (Kymriah or Yescarta). Based on public list prices, Breyanzi is estimated to cost the public drug plans approximately $6.8 million over the next 3 years. However, the actual budget impact is uncertain.",https://www.ncbi.nlm.nih.gov/books/NBK603593/
Canada,pCPA,breyanzi,LBCL_3L,2023-12-12,recommended,confidential-discount,False,False,False,False,False,False,False,True,,https://www.pcpacanada.ca/negotiations (CSV export https://pcpa-app.ca/public-csv-export)
Canada,CDA-AMC,breyanzi,LBCL_2L,2024-10-09,recommended-restricted,confidential-discount,False,True,False,True,True,False,False,False,"One phase III, open-label, randomized controlled trial (RCT) - the TRANSFORM trial - demonstrated that treatment with liso-cel resulted in added benefit in event-free survival (EFS) for adults with relapsed or refractory (r/r) DLBCL within 12 months of first-line therapy, compared to SOC with salvage immunochemotherapy followed - depending on response - by high-dose chemotherapy (HDCT) and autologous HSCT. [...] Treatment with Breyanzi is expected to cost $501,900 per patient [...] approximately $3.5 million over the next 3 years",https://canjhealthtechnol.ca/index.php/cjht/article/view/PG0358
Canada,pCPA,breyanzi,LBCL_2L,2025-06-06,recommended,confidential-discount,False,False,False,False,False,False,False,True,,https://www.pcpacanada.ca/negotiations (CSV export https://pcpa-app.ca/public-csv-export)
Canada,CADTH,abecma,MM_4L,2021-05-14,not-recommended,none,True,False,True,False,True,False,False,False,"pERC reviewed 1 phase II, open-label, single-arm study (KarMMa, N = 140) of idecabtagene vicleucel in patients with relapsed or refractory multiple myeloma (RRMM). [...] Although results of the KarMMa study appear to suggest that treatment with idecabtagene vicleucel is associated with an improvement in ORR and CR rate in patients with RRMM, the study was associated with major limitations, specifically the single-arm design and lack of a control group. These limitations contribute to the lack of confidence in the observed benefits relative to other therapies and lead to considerable uncertainty in the results. [...] pERC was unable to determine whether treatment with idecabtagene vicleucel would meet patients' needs due to limitations of the trial design and with the statistical analyses.",https://canjhealthtechnol.ca/index.php/cjht/article/view/pg0240
Canada,CADTH,abecma,MM_4L,2021-10-13,not-recommended,none,True,False,False,False,False,False,False,False,"The CADTH pCODR Expert Review Committee (pERC) recommends that idecabtagene vicleucel should not be reimbursed for the treatment of adult patients with multiple myeloma who have received at least 3 prior therapies, including an immunomodulatory agent, a proteasome inhibitor, and an anti-CD38 antibody, and who are refractory to their last treatment. pERC reviewed 1 phase II, open-label, single-arm study (KarMMa, N = 140) of idecabtagene vicleucel in patients with relapsed or refractory multiple myeloma (RRMM). [...] Although results of the KarMMa study appear to suggest that treatment with idecabtagene vicleucel is associated with an improvement in ORR and CR rate in patients with RRMM, the study was associated with major limitations, specifically the single-arm design and lack of a control group. These limitations contribute to the lack of confidence in the observed benefits relative to other therapies and lead to considerable uncertainty in the results. [...] pERC was unable to determine whether treatment with idecabtagene vicleucel would meet patients' needs due to limitations of the trial design and with the statistical analyses.",https://canjhealthtechnol.ca/index.php/cjht/article/view/pg0240
Canada,pCPA,abecma,MM_4L,2024-04-18,terminated-or-withdrawn,none,False,False,False,False,True,False,False,False,,https://www.pcpacanada.ca/negotiations (CSV export https://pcpa-app.ca/public-csv-export)
Canada,CADTH,carvykti,MM_4L,2023-03-08,recommended-restricted,confidential-discount,True,True,True,False,True,True,False,False,"One ongoing phase Ib/II, single-arm, open-label trial (CARTITUDE-1) demonstrated that a single treatment with ciltacabtagene autoleucel resulted in benefits in response rates, overall survival (OS), and progression-free survival (PFS) [...] The overall response rate (ORR) was 97.9% (95% confidence interval [CI], 92.7% to 99.7%) in the treated population [...] the public list price. A price reduction is therefore required. [...] drug plans approximately $405 million over the next 3 years.",https://canjhealthtechnol.ca/index.php/cjht/article/view/PG0302
Canada,pCPA,carvykti,MM_4L,2025-09-18,not-recommended,none,False,False,False,False,True,False,False,False,,https://www.pcpacanada.ca/negotiations (CSV export https://pcpa-app.ca/public-csv-export)
Canada,CDA-AMC,carvykti,MM_2L,2024-09-11,recommended-restricted,confidential-discount,False,True,False,False,True,False,True,False,"Evidence from a clinical trial demonstrated that Carvykti prolonged the time until disease progression or death and was associated with an improved response to treatment. Based on our assessment of the health economic evidence, Carvykti does not represent good value to the health care system at the public list price. A price reduction is therefore required. [...] Based on public list prices, Carvykti is estimated to cost public drug plans approximately $477 million over the next 3 years.",https://www.ncbi.nlm.nih.gov/books/NBK610233/
Canada,pCPA,carvykti,MM_2L,2025-09-18,not-recommended,none,False,False,False,False,False,False,False,True,,https://www.pcpacanada.ca/negotiations (CSV export https://pcpa-app.ca/public-csv-export)
Canada,CDA-AMC,casgevy,SCD_VOC_12plus,2024-10-23,recommended-restricted,confidential-discount,True,True,True,False,True,False,False,False,"CDEC emphasized that there is a need for effective therapies for patients with severe manifestations of SCD, who typically present with recurrent VOCs, which are associated with ongoing organ damage, high health care utilization, and mortality. [...] The results of the interim analysis demonstrated that a majority of patients (96.7%; 95% confidence interval [CI], 82.8% to 99.9%) did not experience any severe VOCs for at least 12 consecutive months during follow-up. [...] public list price. A price reduction is therefore required. [...] plans approximately $59 million over the next 3 years.",https://canjhealthtechnol.ca/index.php/cjht/article/view/SG0830
Canada,CDA-AMC,casgevy,TDT_12plus,2024-10-23,recommended-restricted,confidential-discount,True,True,False,False,True,False,False,False,"CDEC emphasized that there is a need for effective therapies that significantly reduce or eliminate the need for transfusions and improve HRQoL for patients with TDT. [...] The results of the interim analysis demonstrated that most patients (92.9% [95% confidence interval (CI)], 80.5% to 98.5%) had transfusion independence (TI) for 12 consecutive months (TI12) during follow-up. [...] public list price. A price reduction is therefore required. [...] drug plans approximately $64.6 million over the next 3 years.",https://canjhealthtechnol.ca/index.php/cjht/article/view/SG0831
Canada,CADTH,hemgenix,HEMB_adult,2024-02-28,recommended-restricted,confidential-discount,True,False,True,False,True,True,False,False,"Based on CADTH's base-case analysis, etranacogene dezaparvovec may improve health outcomes and reduce overall health care costs relative to coagulation FIX (recombinant) fc fusion protein and coagulation FIX (recombinant) pegylated nonacog beta pegol. However, at the submitted price, it will take at least 10 years for the acquisition cost [...] The committee noted that due to the high degree of uncertainty regarding long-term efficacy, a price reduction is required. [...] Hemgenix is estimated to cost the public drug plans approximately $140 million over the next 3 years. The estimated budget impact is highly sensitive to the number of patients eligible for Hemgenix.",https://www.ncbi.nlm.nih.gov/books/NBK604816/
Canada,pCPA,hemgenix,HEMB_adult,2025-09-22,recommended,confidential-discount,False,False,False,False,False,False,False,True,,https://www.pcpacanada.ca/negotiations (CSV export https://pcpa-app.ca/public-csv-export)
Canada,CADTH,beqvez,HEMB_adult,2023-12-20,recommended-restricted,confidential-discount,True,True,False,False,True,False,False,False,"Based on the sponsor's submitted analysis, fidanacogene elaparvovec may improve health outcomes and reduce overall health care costs relative to FIX prophylaxis. However, at the submitted price, it will take at least 12 years [...] The committee noted that, due to the high degree of uncertainty regarding long-term efficacy, a price reduction is required. [...] Based on public list prices, Beqvez is estimated to cost the public drug plans approximately $127 million over the next 3 years.",https://www.ncbi.nlm.nih.gov/books/NBK602912/
Canada,pCPA,beqvez,HEMB_adult,2025-04-04,not-recommended,none,False,False,False,False,False,False,False,True,,https://www.pcpacanada.ca/negotiations (CSV export https://pcpa-app.ca/public-csv-export)
Canada,CADTH,zolgensma,SMA_ped,2020-11-18,recommended-restricted,confidential-discount,True,True,False,False,True,True,False,False,"One phase III, single-arm study, STR1VE-US (N = 22), enrolled patients diagnosed with SMA who were symptomatic or pre-symptomatic with one or two copies of the SMN2 gene. [...] STR1VE-US demonstrated that 59% (97.5% confidence interval [CI], 34% to 81%) of patients were able to sit independently for at least 30 seconds at 18 months of age [...] CADTH reanalysis of a cost-utility model submitted by the sponsor found that onasemnogene abeparvovec was unlikely to be cost-effective at the submitted price, with an estimated incremental cost-effectiveness ratio (ICER) of $334,090 per quality adjusted life-year (QALY) compared with best supportive care (BSC). [...] A price reduction of at least 90% is required for onasemnogene abeparvovec to achieve an ICER below $50,000 per QALY gained.",https://www.ncbi.nlm.nih.gov/books/NBK584044/
Canada,CADTH,zolgensma,SMA_ped,2021-03-17,recommended-restricted,confidential-discount,True,True,False,False,True,True,False,False,"The CADTH Canadian Drug Expert Committee (CDEC) recommends that onasemnogene abeparvovec be reimbursed for the treatment of pediatric patients with 5q spinal muscular atrophy (SMA) with biallelic mutations in the survival motor neuron 1 (SMN1) gene, only if the following conditions are met. [...] One phase III, single-arm study, STR1VE-US (N = 22), enrolled patients diagnosed with SMA who were symptomatic or pre-symptomatic with one or two copies of the SMN2 gene. [...] STR1VE-US demonstrated that 59% (97.5% confidence interval [CI], 34% to 81%) of patients were able to sit independently for at least 30 seconds at 18 months of age [...] CADTH reanalysis of a cost-utility model submitted by the sponsor found that onasemnogene abeparvovec was unlikely to be cost-effective at the submitted price, with an estimated incremental cost-effectiveness ratio (ICER) of $334,090 per quality adjusted life-year (QALY) compared with best supportive care (BSC). [...] A price reduction of at least 90% is required for onasemnogene abeparvovec to achieve an ICER below $50,000 per QALY gained.",https://www.ncbi.nlm.nih.gov/books/NBK584044/
Canada,pCPA,zolgensma,SMA_ped,2021-10-08,recommended,confidential-discount,False,False,False,False,False,False,False,True,,https://www.pcpacanada.ca/negotiations (CSV export https://pcpa-app.ca/public-csv-export)
Canada,CADTH,luxturna,RPE65,2020-09-16,recommended-restricted,confidential-discount,True,True,False,False,True,True,True,False,"The CADTH Canadian Drug Expert Committee (CDEC) recommends that voretigene neparvovec be reimbursed for the treatment of patients with vision loss due to inherited retinal dystrophy (IRD) caused by biallelic retinal pigment epithelium 65 kDa protein (RPE65) mutations only if the following conditions are met. [...] Voretigene neparvovec demonstrated a statistically significant improvement in functional vision under low light conditions as measured by multi-luminance mobility testing (MLMT) at one year post-treatment compared with best supportive care [...] Based on the CADTH reanalysis of the manufacturer-submitted economic model, voretigene neparvovec is associated with an incremental cost-effectiveness ratio (ICER) of $200,477 per quality-adjusted life-year (QALY) gained compared with best supportive care (BSC). However, this estimate is associated with significant uncertainty",https://www.ncbi.nlm.nih.gov/books/NBK568877/
Canada,pCPA,luxturna,RPE65,2022-09-16,recommended,confidential-discount,False,False,False,False,False,False,False,True,,https://www.pcpacanada.ca/negotiations (CSV export https://pcpa-app.ca/public-csv-export)
Germany,G-BA,kymriah,ALL_ped,2019-03-07,recommended-restricted,none,True,False,False,True,True,False,False,False,Der G-BA stuft das Ausmaß des allein aus rechtlicher Sicht nach § 35a Abs. 1 Satz 11 Halbsatz 1 SGB V zu unterstellenden Zusatznutzens von Tisagenlecleucel auf Basis der Kriterien in § 5 Abs. 7 der AM-NutzenV unter Berücksichtigung des Schweregrades der Erkrankung und des therapeutischen Ziels bei der Behandlung der Erkrankung als nicht quantifizierbar ein. (TrG:) Zudem legt der pharmazeutische Unternehmer indirekte Vergleiche der Studienergebnisse gegenüber historischen Kontrollen vor.,https://www.g-ba.de/bewertungsverfahren/nutzenbewertung/386/
Germany,G-BA,kymriah,LBCL_3L,2019-03-07,recommended-restricted,none,True,False,False,True,False,False,False,False,"(TrG:) liegen die Ergebnisse der einarmigen pivotalen Phase II-Studie JULIET, die supportive Fall-Serie von Schuster et al. ... Zudem sind diese Daten aufgrund der zu diesem Zeitpunkt noch nicht abgeschlossenen Rekrutierung der Patienten in die JULIET-Studie und der sehr kurzen medianen Nachbeobachtungsdauer von nur 3,71 Monaten mit starken Unsicherheiten behaftet.",https://www.g-ba.de/bewertungsverfahren/nutzenbewertung/385/
Germany,G-BA,kymriah,ALL_ped,2020-09-17,recommended-restricted,none,False,False,False,True,True,False,False,False,"Zusammenfassend wird der Zusatznutzen von Tisagenlecleucel wie folgt bewertet: Anhaltspunkt für einen nicht quantifizierbaren Zusatznutzen, weil die wissenschaftliche Datenlage eine Quantifizierung nicht zulässt",https://www.g-ba.de/bewertungsverfahren/nutzenbewertung/533/
Germany,G-BA,kymriah,LBCL_3L,2020-09-17,recommended-restricted,none,False,False,False,True,True,False,False,False,"Zusammenfassend wird der Zusatznutzen von Tisagenlecleucel wie folgt bewertet: Anhaltspunkt für einen nicht quantifizierbaren Zusatznutzen, weil die wissenschaftliche Datenlage eine Quantifizierung nicht zulässt Begründung: Der pharmazeutische Unternehmer stellt zu Tisagenlecleucel Daten zu der Studie JULIET; einer Studie des CIBMTR Register und einer Studie des CAR-T-Cell Consortiums dar.",https://www.g-ba.de/bewertungsverfahren/nutzenbewertung/532/
Germany,G-BA,kymriah,FL_3L,2022-12-01,recommended-restricted,none,True,False,False,True,True,False,False,False,"Insgesamt wird der vorgelegte indirekte Vergleich zwischen den Studien ELARA und ReCORD-FL als nicht geeignet erachtet, um belastbare Aussagen zum Ausmaß des Zusatznutzens ableiten zu können. Aufgrund des einarmigen Studiendesign ist eine vergleichende Bewertung der Daten zur Mortalität nicht möglich.",https://www.g-ba.de/bewertungsverfahren/nutzenbewertung/840/
Germany,G-BA,kymriah,ALL_ped,2024-02-15,recommended-restricted,none,False,False,False,True,True,False,False,False,"Zusammenfassend wird der Zusatznutzen von Tisagenlecleucel wie folgt bewertet: Anhaltspunkt für einen nicht quantifizierbaren Zusatznutzen, weil die wissenschaftliche Datengrundlage eine Quantifizierung nicht zulässt",https://www.g-ba.de/bewertungsverfahren/nutzenbewertung/990/
Germany,G-BA,kymriah,LBCL_3L,2024-02-15,recommended-restricted,none,True,False,False,True,True,False,False,False,Begründung: Der pharmazeutische Unternehmer stellt für die erneute Nutzenbewertung nach Fristablauf zu Tisagenlecleucel Daten der einarmigen Studie JULIET und der Beobachtungsstudie A2205B (LTFU) dar.,https://www.g-ba.de/bewertungsverfahren/nutzenbewertung/991/
Germany,G-BA,yescarta,LBCL_3L,2019-05-02,recommended-restricted,none,True,False,False,True,True,False,False,False,"Insgesamt wird für den Endpunkt Gesamtüberleben ein Zusatznutzen festgestellt, dessen Ausmaß sich nicht quantifizieren lässt. Aufgrund des einarmigen Studiendesigns ist eine vergleichende Bewertung der Studienergebnisse zum PFS nicht möglich.",https://www.g-ba.de/bewertungsverfahren/nutzenbewertung/408/
Germany,G-BA,yescarta,PMBCL_3L,2019-05-02,recommended-restricted,none,False,False,False,True,False,False,False,False,"Insgesamt wird für den Endpunkt Gesamtüberleben ein Zusatznutzen festgestellt, dessen Ausmaß sich nicht quantifizieren lässt.",https://www.g-ba.de/bewertungsverfahren/nutzenbewertung/406/
Germany,G-BA,yescarta,LBCL_3L,2022-11-03,recommended-restricted,none,True,False,False,True,True,True,False,False,Für die Ableitung des Zusatznutzens legt der pharmazeutische Unternehmer einen historischen indirekten Vergleich ohne Brückenkomparator zwischen den Studien ZUMA-1 und SCHOLAR-1 vor. ... Es ergeben sich Unsicherheiten aufgrund eines möglichen Selektionseffektes durch die Auswahl der auswertbaren Population der SCHOLAR-1-Studie.,https://www.g-ba.de/bewertungsverfahren/nutzenbewertung/833/
Germany,G-BA,yescarta,PMBCL_3L,2022-11-03,recommended-restricted,none,False,False,False,True,False,False,False,False,"Anhaltspunkt für einen nicht quantifizierbaren Zusatznutzen, weil die wissenschaftliche Datengrundlage eine Quantifizierung nicht zulässt.",https://www.g-ba.de/bewertungsverfahren/nutzenbewertung/833/
Germany,G-BA,yescarta,LBCL_3L,2023-12-21,not-recommended,none,False,False,False,True,True,False,False,False,Zusammenfassend wird der Zusatznutzen von Axicabtagen-Ciloleucel wie folgt bewertet: Ein Zusatznutzen ist nicht belegt.,https://www.g-ba.de/bewertungsverfahren/nutzenbewertung/968/
Germany,G-BA,yescarta,LBCL_3L,2024-06-06,not-recommended,none,False,False,False,False,False,False,False,True,Der Satz „2. Die Geltungsdauer ist bis zum 1. Juli 2024 befristet“ wird aufgehoben.,https://www.g-ba.de/bewertungsverfahren/nutzenbewertung/968/
Germany,G-BA,yescarta,LBCL_2L,2023-12-21,recommended-restricted,none,False,False,False,True,False,True,False,False,"(TrG:) die vom pharmazeutischen Unternehmer vorgelegten Auswertungen zu unerwünschten Ereignissen aus der pivotalen Studie ZUMA-7 für die Nutzenbewertung aufgrund einer nicht sachgerechten Auswertungspopulation für die dargelegten Ergebnisse zu Nebenwirkungen nicht geeignet waren, weshalb eine Abwägung von Nutzen und Schaden für Axicabtagen-Ciloleucel auf Basis der vorgelegten Daten nicht möglich gewesen war.",https://www.g-ba.de/bewertungsverfahren/nutzenbewertung/901/
Germany,G-BA,yescarta,LBCL_2L,2023-12-21,not-recommended,none,False,False,False,True,False,False,False,False,Ausmaß und Wahrscheinlichkeit des Zusatznutzens von Axicabtagen-Ciloleucel gegenüber der zweckmäßigen Vergleichstherapie: Ein Zusatznutzen ist nicht belegt.,https://www.g-ba.de/bewertungsverfahren/nutzenbewertung/901/
Germany,G-BA,yescarta,LBCL_2L,2024-12-19,recommended,none,False,False,False,True,False,False,False,False,Ausmaß und Wahrscheinlichkeit des Zusatznutzens von Axicabtagen-Ciloleucel gegenüber der zweckmäßigen Vergleichstherapie: Anhaltspunkt für einen geringen Zusatznutzen.,https://www.g-ba.de/bewertungsverfahren/nutzenbewertung/1097/
Germany,G-BA,yescarta,FL_4L,2023-12-21,not-recommended,none,True,False,False,True,False,False,False,False,Zusammenfassend wird der Zusatznutzen von Axicabtagen-Ciloleucel wie folgt bewertet: Erwachsene mit rezidiviertem oder refraktärem follikulärem Lymphom nach drei oder mehr systemischen Therapien Ein Zusatznutzen ist nicht belegt.,https://www.g-ba.de/bewertungsverfahren/nutzenbewertung/902/
Germany,G-BA,yescarta,FL_4L,2024-06-06,not-recommended,none,False,False,False,False,False,False,False,True,Der Satz „2. Die Geltungsdauer ist bis zum 1. Juli 2024 befristet“ wird aufgehoben.,https://www.g-ba.de/bewertungsverfahren/nutzenbewertung/902/
Germany,G-BA,tecartus,MCL_3L,2021-08-05,recommended-restricted,outcomes-based,True,False,False,True,True,True,False,False,"Begründung: Zur Bewertung des Zusatznutzens hat der pharmazeutische Unternehmer Daten der einarmigen pivotalen Zulassungsstudie ZUMA-2 dargelegt. Insgesamt liegen dem indirekten Vergleich zwischen den Studien ZUMA-2 und SCHOLAR-2 erhebliche Unsicherheiten zugrunde, die insbesondere aus der Frage einer hinreichenden Vergleichbarkeit der Studienpopulationen und der geringen Stichprobengröße der Studie SCHOLAR-2 resultieren.",https://www.g-ba.de/bewertungsverfahren/nutzenbewertung/657/
Germany,G-BA,tecartus,ALL_adult,2023-03-16,recommended-restricted,none,True,False,False,True,True,False,False,False,In der Gesamtschau weist der vorgelegte indirekte Vergleich erhebliche Unsicherheiten auf. Aufgrund des einarmigen Studiendesigns ist eine vergleichende Bewertung der Daten zum Gesamtüberleben nicht möglich.,https://www.g-ba.de/bewertungsverfahren/nutzenbewertung/878/
Germany,G-BA,breyanzi,LBCL_3L,2023-04-06,not-recommended,none,True,False,False,True,False,False,False,False,Zusammenfassend wird der Zusatznutzen von Lisocabtagen maraleucel wie folgt bewertet: Ein Zusatznutzen ist nicht belegt.,https://www.g-ba.de/bewertungsverfahren/nutzenbewertung/869/
Germany,G-BA,breyanzi,LBCL_3L,2023-06-01,not-recommended,none,False,False,False,False,False,False,False,True,Der Satz „2. Die Geltungsdauer des Beschlusses ist bis zum 15. Oktober 2023 befristet.“ wird aufgehoben.,https://www.g-ba.de/bewertungsverfahren/nutzenbewertung/869/
Germany,G-BA,breyanzi,LBCL_2L,2023-11-16,recommended,none,False,False,False,True,False,False,False,False,"Ausmaß und Wahrscheinlichkeit des Zusatznutzens von Lisocabtagen maraleucel gegenüber einer Induktionstherapie mit R-GDP, R-ICE oder R-DHAP gefolgt von einer Hochdosistherapie mit autologer Stammzelltransplantation: Anhaltspunkt für einen beträchtlichen Zusatznutzen",https://www.g-ba.de/bewertungsverfahren/nutzenbewertung/960/
Germany,G-BA,breyanzi,LBCL_2L,2023-11-16,not-recommended,none,False,False,False,True,False,False,False,False,Ausmaß und Wahrscheinlichkeit des Zusatznutzens von Lisocabtagen maraleucel gegenüber der zweckmäßigen Vergleichstherapie: Ein Zusatznutzen ist nicht belegt.,https://www.g-ba.de/bewertungsverfahren/nutzenbewertung/960/
Germany,G-BA,breyanzi,PMBCL_2L,2023-11-16,not-recommended,none,False,False,False,True,False,False,False,False,Ein Zusatznutzen ist nicht belegt.,https://www.g-ba.de/bewertungsverfahren/nutzenbewertung/960/
Germany,G-BA,breyanzi,FL_3L,2025-10-02,not-recommended,none,False,False,False,True,True,False,False,False,Zusammenfassend wird der Zusatznutzen von Lisocabtagen maraleucel wie folgt bewertet: Erwachsene mit rezidiviertem oder refraktärem follikulärem Lymphom nach mindestens zwei Linien einer systemischen Therapie Ein Zusatznutzen ist nicht belegt.,https://www.g-ba.de/bewertungsverfahren/nutzenbewertung/1200/
Germany,G-BA,breyanzi,MCL_3L,2026-06-04,not-recommended,none,False,False,False,True,True,False,False,False,Zusammenfassend wird der Zusatznutzen von Lisocabtagen maraleucel wie folgt bewertet: ... Ein Zusatznutzen ist nicht belegt.,https://www.g-ba.de/bewertungsverfahren/nutzenbewertung/1295/
Germany,G-BA,abecma,MM_4L,2022-06-16,recommended-restricted,none,True,False,False,False,True,True,False,False,"Fazit zu den indirekten Vergleichen zur Wirksamkeit In der Gesamtschau kann nicht mit hinreichender Sicherheit davon ausgegangen werden, dass für die relevanten Patientenkohorten der Studien NDS-MM-003, PREAMBLE und MM-007 eine Strukturgleichheit zu der Patientenpopulation der Studie KarMMa vorliegt. Aufgrund des einarmigen Studiendesigns ist eine vergleichende Bewertung der Ergebnisse zum Gesamtüberleben nicht möglich.",https://www.g-ba.de/bewertungsverfahren/nutzenbewertung/781/
Germany,G-BA,abecma,MM_4L,2024-05-02,terminated-or-withdrawn,none,False,False,False,False,False,False,False,True,wird das zum 1. März 2024 separat begonnene Nutzenbewertungsverfahren zu Idecabtagen Vicleucel im Anwendungsgebiet multiples Myelom nach mind. 3 Vortherapien eingestellt.,https://www.g-ba.de/bewertungsverfahren/nutzenbewertung/1065/
Germany,G-BA,abecma,MM_3L,2024-09-19,not-recommended,none,False,False,False,True,True,False,False,False,In der Gesamtschau der Ergebnisse zu Nebenwirkungen liegt ein Nachteil für Idecabtagen vicleucel im Vergleich zur patientenindividuellen Therapie vor. Ausmaß und Wahrscheinlichkeit des Zusatznutzens ... Ein Zusatznutzen ist nicht belegt.,https://www.g-ba.de/bewertungsverfahren/nutzenbewertung/1068/
Germany,G-BA,carvykti,MM_4L,2023-08-17,recommended-restricted,none,True,False,False,True,True,False,False,False,"Begründung: Für die Bewertung des Zusatznutzens von Ciltacabtagen autoleucel im Anwendungsgebiet rezidiviertes und refraktäres Multiples Myelom (≥ 3 Vortherapien) wurden vom pharmazeutischen Unternehmer im Dossier Daten der einarmigen, offenen Phase Ib/II-Studie CARTITUDE-1 vorgelegt.",https://www.g-ba.de/bewertungsverfahren/nutzenbewertung/924/
Germany,G-BA,carvykti,MM_2L,2025-05-15,recommended,none,False,False,False,True,True,False,False,False,Ausmaß und Wahrscheinlichkeit des Zusatznutzens von Ciltacabtagen autoleucel gegenüber DPd oder PVd: a1) ... Anhaltspunkt für einen beträchtlichen Zusatznutzen.,https://www.g-ba.de/bewertungsverfahren/nutzenbewertung/1088/
Germany,G-BA,carvykti,MM_5L,2025-05-15,not-recommended,none,False,False,False,True,False,False,False,False,a2) ... Ein Zusatznutzen ist nicht belegt.,https://www.g-ba.de/bewertungsverfahren/nutzenbewertung/1088/
Germany,G-BA,zolgensma,SMA,2020-12-03,terminated-or-withdrawn,none,False,False,False,True,False,False,False,False,Nach Überschreitung der 50 Millionen Euro Umsatzgrenze für Orphan Drugs für das Fertigarzneimittel Zolgensma mit dem Wirkstoff Onasemnogen-Abeparvovec wird die Beschlussfassung zur Nutzenbewertung von Zolgensma nach § 35a Abs. 3 Satz 1 SGB V vorläufig bis zum Vorliegen einer Nutzenbewertung des IQWiG ... ausgesetzt.,https://www.g-ba.de/bewertungsverfahren/nutzenbewertung/561/
Germany,G-BA,zolgensma,SMA,2021-02-04,recommended-restricted,outcomes-based,False,False,False,True,True,False,False,False,Forderung einer anwendungsbegleitenden Datenerhebung und von Auswertungen – Onasemnogen-Abeparvovec (Spinale Muskelatrophie),https://www.g-ba.de/anwendungsbegleitende-datenerhebung-verfahren/1/
Germany,G-BA,zolgensma,SMA_type1,2021-11-04,not-recommended,outcomes-based,True,False,False,True,True,False,False,False,Die vorgelegten Vergleiche einzelner Arme aus verschiedenen Studien zwischen Onasemnogen-Abeparvovec und Nusinersen sind aufgrund der großen Unsicherheiten für die Nutzenbewertung von Onasemnogen-Abeparvovec ungeeignet und können entsprechend nicht für die Ableitung eines Zusatznutzens herangezogen werden.,https://www.g-ba.de/bewertungsverfahren/nutzenbewertung/689/
Germany,G-BA,zolgensma,SMA_type2,2021-11-04,not-recommended,outcomes-based,False,False,False,True,False,False,False,False,Ein Zusatznutzen ist nicht belegt,https://www.g-ba.de/bewertungsverfahren/nutzenbewertung/689/
Germany,G-BA,zolgensma,SMA_type3,2021-11-04,not-recommended,outcomes-based,False,False,False,True,False,False,False,False,Ein Zusatznutzen ist nicht belegt,https://www.g-ba.de/bewertungsverfahren/nutzenbewertung/689/
Germany,G-BA,zolgensma,SMA_presymptomatic,2021-11-04,not-recommended,outcomes-based,True,False,False,False,False,False,False,False,"Diese Vorgehensweise ist jedoch mit sehr großen Unsicherheiten behaftet, da davon auszugehen ist, dass bisher nur sehr wenige präsymptomatische Patientinnen und Patienten in Deutschland identifiziert wurden.",https://www.g-ba.de/bewertungsverfahren/nutzenbewertung/689/
Germany,G-BA,luxturna,RPE65,2019-10-17,recommended-restricted,none,True,False,False,False,True,False,False,False,"Zusammenfassend werden die vorhandenen statistisch signifikanten und klinisch relevanten Vorteile von Voretigen Neparvovec gegenüber dem beobachtenden Abwarten in Bezug auf die Endpunkte MLMT, FST und Perimetrie in der Gesamtschau in ihrem Ausmaß als beträchtlich eingestuft. Für die Endpunkte FST und Perimetrie verbleiben erhebliche Unsicherheiten bezüglich der Operationalisierung, insbesondere zur Wiederholbarkeit der subjektiven Tests.",https://www.g-ba.de/bewertungsverfahren/nutzenbewertung/454/
Germany,G-BA,luxturna,RPE65,2021-05-20,recommended-restricted,none,False,False,False,False,False,False,False,True,Die mit Beschluss vom 17. Oktober 2019 in Kraft getretene Angabe „31. Dezember 2021“ wird durch die Angabe „1. April 2022“ ersetzt.,https://www.g-ba.de/bewertungsverfahren/nutzenbewertung/454/
Germany,G-BA,luxturna,RPE65,2022-09-15,recommended,none,False,False,False,True,True,False,False,False,Für erwachsene und pädiatrische Patientinnen und Patienten mit Sehverlust aufgrund einer erblichen Netzhautdystrophie ... liegt ein Anhaltspunkt für einen beträchtlichen Zusatznutzen vor.,https://www.g-ba.de/bewertungsverfahren/nutzenbewertung/813/
Germany,G-BA,hemgenix,HEMB_adult,2023-05-12,recommended-restricted,outcomes-based,False,False,False,True,True,False,False,False,Forderung einer anwendungsbegleitenden Datenerhebung und von Auswertungen – Etranacogen Dezaparvovec (Hämophilie B),https://www.g-ba.de/anwendungsbegleitende-datenerhebung-verfahren/4/
Germany,G-BA,hemgenix,HEMB_adult,2023-10-19,recommended-restricted,outcomes-based,True,False,False,True,True,False,False,False,"Zusammenfassend wird der Zusatznutzen von Etranacogen Dezaparvovec wie folgt bewertet: Für Erwachsene mit schwerer und mittelschwerer Hämophilie B (angeborener Faktor-IX-Mangel) ohne Faktor-IX-Inhibitoren in ihrer Vorgeschichte liegt einen Anhaltspunkt für einen nicht quantifizierbaren Zusatznutzen, weil die wissenschaftliche Datengrundlage eine Quantifizierung nicht zulässt, vor.",https://www.g-ba.de/bewertungsverfahren/nutzenbewertung/953/
Germany,G-BA,roctavian,HEMA_adult,2023-02-02,recommended-restricted,outcomes-based,False,False,False,True,False,False,False,False,Forderung einer anwendungsbegleitenden Datenerhebung und von Auswertungen – Valoctocogen Roxaparvovec (Hämophilie A),https://www.g-ba.de/anwendungsbegleitende-datenerhebung-verfahren/2/
Germany,G-BA,roctavian,HEMA_adult,2023-03-16,recommended-restricted,outcomes-based,True,False,False,True,True,False,False,False,"Anhaltspunkt für einen nicht quantifizierbaren Zusatznutzen, weil die wissenschaftliche Datengrundlage eine Quantifizierung nicht zulässt",https://www.g-ba.de/bewertungsverfahren/nutzenbewertung/877/
Germany,G-BA,casgevy,TDT_12plus,2025-07-03,recommended-restricted,none,False,False,False,True,True,False,False,False,"In der Gesamtschau liegt ein relevanter Vorteil für den Endpunkt Transfusionsunabhängigkeit vor. Eine abschließende Einschätzung des Nebenwirkungsprofils von Exagamglogen autotemcel ist aufgrund der begrenzten Daten zur Langzeitsicherheit und aufgrund fehlender vergleichender Daten nicht möglich. Im Ergebnis wird ein nicht quantifizierbarer Zusatznutzen für Exagamglogen autotemcel festgestellt, weil die wissenschaftliche Datengrundlage eine Quantifizierung nicht zulässt.",https://www.g-ba.de/bewertungsverfahren/nutzenbewertung/1166/
Germany,G-BA,casgevy,SCD_VOC_12plus,2025-07-03,recommended-restricted,outcomes-based,True,False,False,True,False,False,False,False,"Da es sich um einarmige Studien handelt, ist eine vergleichende Bewertung und damit eine Quantifizierung des Ausmaßes des Zusatznutzens auf Grundlage dieser Daten nicht möglich. Insgesamt wird für Exagamglogen autotemcel ein nicht quantifizierbarer Zusatznutzen abgeleitet, weil die wissenschaftliche Datengrundlage eine Quantifizierung nicht zulässt.",https://www.g-ba.de/bewertungsverfahren/nutzenbewertung/1167/
Germany,G-BA,casgevy,SCD_VOC_12plus,2025-09-18,recommended-restricted,outcomes-based,False,False,False,False,False,False,False,True,Nach der Angabe „circa 130 bis“ wird die Angabe „1 230“ durch die Angabe „330“ ersetzt.,https://www.g-ba.de/bewertungsverfahren/nutzenbewertung/1167/
Germany,G-BA,zynteglo,TDT_12plus,2020-05-14,recommended-restricted,outcomes-based,True,False,False,True,True,False,False,False,"In der Gesamtschau wird ein nicht quantifizierbarer Zusatznutzen für Betibeglogene autotemcel festgestellt, weil die wissenschaftliche Datengrundlage eine Quantifizierung nicht zulässt. Aufgrund der geringen Anzahl und der anhand umfassender Ein- und Ausschlusskriterien engen Auswahl der in die Studien eingeschlossen Patienten verbleiben darüber hinaus Unsicherheiten bezüglich des Anteils an Patienten im Anwendungsgebiet, die nach Behandlung mit Betibeglogene autotemcel eine Transfusionsunabhängigkeit erlangen und bezüglich der Dauerhaftigkeit der Transfusionsunabhängigkeit.",https://www.g-ba.de/bewertungsverfahren/nutzenbewertung/506/
Germany,G-BA,lenmeldy,MLD_presymptomatic,2021-11-04,recommended-restricted,none,True,False,False,True,True,False,False,False,Insgesamt lässt sich trotz der beschriebenen Unsicherheiten des historischen Vergleichs und der teilweise retrospektiven Datenerhebung vor dem Hintergrund des schweren Verlaufs der unbehandelten Geschwisterkinder und der vorliegenden Effektgröße ein sehr deutlicher Vorteil in der Endpunktkategorie Morbidität ableiten.,https://www.g-ba.de/bewertungsverfahren/nutzenbewertung/684/
Germany,G-BA,lenmeldy,MLD_early_symptomatic,2021-11-04,recommended-restricted,none,True,False,False,False,False,False,False,False,"Auch die im schriftlichen und mündlichen Anhörungsverfahren vorgetragenen Stellungnahmen sowie die nachgereichten Informationen konnten die Unsicherheiten nicht ausräumen, inwieweit der Krankheitsverlauf durch das Vorhandensein von Symptomen und der Manifestation der Erkrankung der vom Anwendungsgebiet umfassten Patientengruppen hinreichend vergleichbar ist, als dass eine Analyse ohne Differenzierung der Patienten sachgerecht erscheint.",https://www.g-ba.de/bewertungsverfahren/nutzenbewertung/684/
Germany,G-BA,lenmeldy,MLD_early,2024-06-20,recommended-restricted,none,False,False,False,False,False,False,False,True,Die Angabe „1. Juli 2024“ wird durch die Angabe „1. Juli 2026“ ersetzt.,https://www.g-ba.de/bewertungsverfahren/nutzenbewertung/684/
Germany,G-BA,kebilidi,AADC,2023-02-02,recommended-restricted,none,True,False,False,True,True,False,False,False,"Darüber hinaus bestehen aufgrund fehlender Daten zur Lebensqualität und fehlender vergleichender Daten zur Mortalität und zum Sicherheitsprofil von Eladocagene Exuparvovec relevante Unsicherheiten, die eine Einschätzung des Ausmaßes des Zusatznutzens nicht ermöglichen. Insgesamt wird für Eladocagene Exuparvovec ein nicht quantifizierbarer Zusatznutzen abgeleitet, weil die wissenschaftliche Datengrundlage eine Quantifizierung nicht zulässt.",https://www.g-ba.de/bewertungsverfahren/nutzenbewertung/868/
Germany,G-BA,imlygic,MEL_1L_BRAFmut,2016-12-15,not-recommended,none,False,False,False,True,True,False,False,False,Für alle drei vom zugelassenen Anwendungsgebiet umfassten Subgruppen ist der Zusatznutzen von Talimogen laherparepvec nicht belegt.,https://www.g-ba.de/bewertungsverfahren/nutzenbewertung/243/
Germany,G-BA,imlygic,MEL_1L_BRAFwt,2016-12-15,not-recommended,none,False,False,False,True,False,False,False,False,1b) Nicht vorbehandelte Patienten mit einem BRAF-V600-wildtyp Tumor: - Ein Zusatznutzen ist nicht belegt.,https://www.g-ba.de/bewertungsverfahren/nutzenbewertung/243/
Germany,G-BA,imlygic,MEL_2L,2016-12-15,not-recommended,none,False,False,False,True,False,False,False,False,Ein Zusatznutzen ist nicht belegt.,https://www.g-ba.de/bewertungsverfahren/nutzenbewertung/243/
Germany,G-BA,ebvallo,PTLD_2L,2023-10-05,recommended-restricted,none,True,False,False,False,True,False,False,False,Bewertung: Insgesamt bestehen aufgrund des nicht ausreichend beschriebenen Vorgehens bei der Confounder-Identifikation und -Selektion sowie fehlender Werte erhebliche Unsicherheiten.,https://www.g-ba.de/bewertungsverfahren/nutzenbewertung/947/
Germany,G-BA,alofisel,CD_fistula,2018-11-22,recommended-restricted,none,True,False,False,True,False,False,False,False,"Auch die für den Endpunkt „klinische Remission“ in der Beurteilung gesehenen Limitationen kommen weiterhin zum Tragen, so dass die Interpretierbarkeit der Ergebnisse mit Unsicherheiten behaftet ist; eine Quantifizierung des Vorteils ist nicht mit ausreichender Sicherheit möglich. Damit ist eine quantitative Beurteilung des Ausmaßes des Effektes und eine Quantifizierung des Zusatznutzens in eine der Kategorien ‚gering‘, ‚beträchtlich‘ oder ‚erheblich‘ auf der Grundlage der vorgelegten Daten nicht möglich.",https://www.g-ba.de/bewertungsverfahren/nutzenbewertung/366/
Germany,G-BA,provenge,mCRPC_asymptomatic,2015-03-19,recommended-restricted,none,True,False,False,False,False,False,False,False,"Zusammenfassend wird aufgrund des hohen Verzerrungspotenzials und den Unsicherheiten, trotz Vorliegens von 3 Studien, die Aussagesicherheit insgesamt als nicht ausreichend für einen ""Hinweis"" eingestuft.",https://www.g-ba.de/bewertungsverfahren/nutzenbewertung/143/
Germany,G-BA,glybera,LPLD,2015-05-21,recommended-restricted,none,False,False,False,True,True,False,False,False,"ist aber nicht quantifizierbar, weil die wissenschaftliche Datenlage eine quantifizierbare Aussage zum Ausmaß des Zusatznutzens für patientenrelevante Endpunkte zum derzeitigen Zeitpunkt nicht zulässt. Befristung: Entsprechend des EPAR von Glybera wurde dem pharmazeutischen Unternehmer die Auflage erteilt, halbjährlich regelmäßig aktualisierte Unbedenklichkeitsberichte (PSURs) der EMA vorzulegen.",https://www.g-ba.de/bewertungsverfahren/nutzenbewertung/146/
Germany,G-BA,glybera,LPLD,2016-05-19,recommended-restricted,none,False,False,False,False,False,False,False,True,Die Angabe „1. Juni 2016“ wird durch die Angabe „1. Juni 2017“ ersetzt.,https://www.g-ba.de/bewertungsverfahren/nutzenbewertung/146/
Germany,G-BA,glybera,LPLD,2017-05-18,recommended-restricted,none,False,False,False,False,False,False,False,True,Die Angabe „1. Juni 2017“ wird durch die Angabe „31. Dezember 2017“ ersetzt.,https://www.g-ba.de/bewertungsverfahren/nutzenbewertung/146/
Germany,G-BA,zalmoxis,haploHSCT_adjunct,2018-07-05,recommended-restricted,none,True,False,False,False,False,False,False,False,"Eine vergleichende Bewertung allein auf Basis der Ergebnisse aus Studie TK007 ist aufgrund des einarmigen, nicht-kontrollierten Designs nicht möglich. Darüber hinaus bestehen weitere relevante Unsicherheiten hinsichtlich der Aussagekraft der Studienergebnisse, zum einen aufgrund des Zeitraumes der Studiendurchführung und zum anderen wegen der kleinen Patientenanzahl",https://www.g-ba.de/bewertungsverfahren/nutzenbewertung/340/
Germany,G-BA,vyjuvek,DEB_COL7A1,2026-02-19,recommended-restricted,none,True,False,False,True,True,False,False,False,"Für Beremagen geperpavec wird ein nicht quantifizierbarer Zusatznutzen festgestellt, weil die wissenschaftliche Datengrundlage eine Quantifizierung nicht zulässt. Der G-BA berücksichtigt die im Dossier des pharmazeutischen Unternehmers angegebenen Patientenzahlen, die jedoch aufgrund der eingeschränkten epidemiologischen Datenlage zu Inzidenz und Prävalenz der Epidermolysis bullosa im deutschen Versorgungskontext insgesamt mit Unsicherheiten behaftet sind.",https://www.g-ba.de/bewertungsverfahren/nutzenbewertung/1250/
France,HAS-CT,yescarta,LBCL_3L,2018-12-05,recommended,unknown,True,False,False,True,False,True,False,False,"Compte tenu : • des données d’efficacité pertinentes obtenues à court terme sur la réponse complète (environ 50% de la population ITT) et sur la survie globale dans des situations cliniques engageant le pronostic vital et pour lesquelles les options thérapeutiques sont limitées et ne permettent pas d’envisager une rémission, • des incertitudes sur la quantité d’effet faute de comparaison directe à la prise en charge habituelle, et sur le maintien de l’efficacité clinique à plus long terme, • de la toxicité significative à court terme et de l’absence de donnée de tolérance à long terme, la Commission considère qu’en l’état actuel des données, YESCARTA apporte une amélioration du service médical rendu modérée (ASMR III) en termes d’efficacité par rapport à la prise en charge actuelle du lymphome diffus à grandes cellules B et du lymphome médiastinal primitif à grandes cellules B réfractaire ou en rechute, après au moins deux lignes de traitement systémique.",https://www.has-sante.fr/jcms/c_2888882
France,HAS-CT,kymriah,LBCL_3L,2018-12-12,recommended,unknown,True,False,False,True,False,True,False,False,"Compte tenu : • des données d’efficacité obtenues à court terme sur la réponse complète (environ 24% de la population ITT) et sur la survie globale avec une médiane de suivi d’environ 7 mois, dans des situations cliniques engageant le pronostic vital et pour lesquelles les options thérapeutiques sont limitées et ne permettent pas d’envisager une rémission, • des incertitudes sur la quantité d’effet faute de comparaison directe à la prise en charge habituelle, et sur le maintien de l’efficacité clinique à plus long terme, • de la toxicité significative à court terme et de l’absence de donnée de tolérance à long terme, la Commission considère qu’en l’état actuel des données, KYMRIAH apporte une amélioration du service médical rendu mineure (ASMR IV) en termes d’efficacité par rapport à la prise en charge historique du lymphome diffus à grandes cellules B réfractaire ou en rechute, après au moins deux lignes de traitement systémique, fondée sur diverses chimiothérapies.",https://www.has-sante.fr/jcms/c_2891692
France,HAS-CT,kymriah,ALL_ped,2018-12-12,recommended,unknown,True,False,False,True,False,True,False,False,"Compte tenu : • des données d’efficacité montrant un pourcentage élevé de rémissions complètes à 3 mois (environ 67% de la population ITT) maintenues chez environ 40% des patients après un suivi médian de 9 mois, • chez des patients âgés de 12 ans en moyenne, en majorité lourdement prétraités et dans des situations cliniques pour lesquelles les options thérapeutiques disponibles sont limitées et ne permettent pas d’envisager une rémission complète, • des incertitudes sur la quantité d’effet faute de comparaison directe à la prise en charge habituelle dans un contexte où celle-ci était difficilement réalisable, et sur le maintien de l’efficacité clinique à plus long terme, • et de la toxicité significative à court terme et de l’absence de donnée de tolérance à long terme, la Commission considère que KYMRIAH apporte une amélioration du service médical rendu modérée (ASMR III) dans la stratégie de prise en charge des enfants et jeunes adultes atteints de LAL B réfractaire, en rechute après greffe ou après la deuxième rechute ou plus.",https://www.has-sante.fr/jcms/c_2891689
France,HAS-CT,alofisel,CROHN_FISTULA,2019-02-06,recommended-restricted,unknown,True,False,False,True,False,True,False,False,"Dans le traitement des fistules périanales complexes non compliquées, chez les adultes atteints de maladie de Crohn non active/légèrement active, lorsque ces fistules ont répondu de manière inadéquate à au moins une biothérapie : Compte tenu : • de la démonstration, après 24 semaines de traitement, de la supériorité de l’administration d’une injection de darvadstrocel, en association à une biothérapie, par rapport au placebo sur la proportion de patients en rémission définie comme la fermeture de tous les orifices fistuleux externes malgré une pression douce au doigt + absence de collection > 2 cm en IRM, (critère de jugement principal), • du niveau de preuve élevé de cette démonstration (étude de phase III comparative randomisée et en double aveugle) dans un contexte de maladie rare, grave et invalidante, • de la quantité d’effet supplémentaire jugée modérée sur le critère de jugement principal, et dont la pertinence clinique est limitée en l’absence de différence statistiquement significative démontrée sur les deux critères de jugement secondaires hiérarchisés, • du profil de tolérance favorable à court terme (jusqu’à 52 semaines) avec des incertitudes à long terme (notamment la prise en charge des récidives), • du besoin médical mal couvert après échec ou réponse inadéquate à au moins une biothérapie, ALOFISEL apporte une amélioration du service médical rendu mineure (ASMR IV) dans le traitement des fistules périanales complexes non compliquées, chez les adultes atteints de maladie de Crohn non active/légèrement active, en association à une biothérapie, lorsque ces fistules ont répondu de manière inadéquate à au moins une biothérapie.",https://www.has-sante.fr/jcms/c_2904636
France,HAS-CT,alofisel,CROHN_FISTULA,2019-02-06,not-recommended,none,False,False,False,True,False,True,False,False,"Dans les autres situations, la Commission considère que le service médical rendu par ALOFISEL 5 millions de cellules/mL, suspension injectable est insuffisant pour justifier la prise en charge par la solidarité nationale, notamment après échec ou réponse inadéquate aux seuls traitements conventionnels.",https://www.has-sante.fr/jcms/c_2904636
France,HAS-CT,luxturna,RPE65,2019-04-03,recommended,unknown,False,False,False,True,False,True,False,False,"Prenant en compte : • la qualité de la démonstration de l’efficacité de LUXTURNA dans une étude de phase III versus l’absence de traitement, randomisée, multicentrique, et malgré le caractère ouvert de l’étude, • la pertinence du critère de jugement principal évaluant la vision fonctionnelle des patients par un test de mobilité en ambiance lumineuse variable (MLMT) et la pertinence clinique de l’effet observé après 1 an de suivi par rapport à l’absence de traitement, • le besoin médical non couvert dans une maladie invalidante et évoluant vers la cécité, • l’absence de démonstration robuste d’un effet de LUXTURNA sur la qualité de vie, la Commission considère que LUXTURNA 5 x 1012 génomes de vecteur/ml, solution à diluer injectable, apporte une amélioration du service médical rendu importante (ASMR II) dans la prise en charge des patients adultes et pédiatriques ayant une perte visuelle due à une dystrophie rétinienne héréditaire résultant de mutations bi-alléliques confirmées du gène RPE65 et possédant suffisamment de cellules rétiniennes viables.",https://web.archive.org/web/20191112230609/https://www.has-sante.fr/upload/docs/evamed/CT-17535_LUXTURNA_PIC_INS_Avis2_CT17535.pdf
France,HAS-CT,zolgensma,SMA_5q,2020-12-16,recommended-restricted,unknown,False,False,False,True,False,True,False,False,"ZOLGENSMA (onasemnogene abeparvovec) apporte une amélioration du service médical rendu modérée (ASMR III), au même titre que SPINRAZA (nusinersen), dans la stratégie thérapeutique : • des patients atteints de SMA de type I, • des patients pré-symptomatiques avec un diagnostic génétique de SMA (mutation bi-allélique du gène SMN1) et 1 à 2 copies du gène SMN2.",https://www.has-sante.fr/jcms/p_3224937
France,HAS-CT,zolgensma,SMA_5q,2020-12-16,recommended-restricted,unknown,False,False,False,True,False,True,False,False,"ZOLGENSMA (onasemnogene abeparvovec) n’apporte pas d’amélioration du service médical rendu (ASMR V) dans la stratégie thérapeutique, excluant SPINRAZA (nusinersen) : • des patients atteints de SMA de type II, • des patients pré-symptomatiques avec un diagnostic génétique de SMA (mutation bi-allélique du gène SMN1) et 3 copies du gène SMN2.",https://www.has-sante.fr/jcms/p_3224937
France,HAS-CT,zolgensma,SMA_5q,2020-12-16,not-recommended,none,False,False,False,True,False,True,False,False,Le service médical rendu par ZOLGENSMA (onasemnogene abeparvovec) est insuffisant pour justifier d’une prise en charge par la solidarité nationale dans le traitement des patients atteints d’amyotrophie spinale 5q (mutation bi allélique du gène SMN1) avec un diagnostic clinique de SMA de type III.,https://www.has-sante.fr/jcms/p_3224937
France,HAS-CT,yescarta,LBCL_3L,2021-03-24,recommended,unknown,False,False,False,True,False,True,False,False,"La Commission considère que ses précédentes conclusions ne sont pas susceptibles d’être modifiées. En l’état actuel des données, YESCARTA (axicabtagene ciloleucel) apporte toujours une amélioration du service médical rendu modérée (ASMR III) en termes d’efficacité par rapport à la prise en charge historique du lymphome diffus à grandes cellules B et du lymphome médiastinal primitif à grande cellule B réfractaire ou en rechute, après au moins deux lignes de traitement systémique, fondée sur diverses chimiothérapies.",https://www.has-sante.fr/jcms/p_3262244
France,HAS-CT,kymriah,LBCL_3L,2021-03-24,recommended,unknown,False,False,False,True,False,True,False,False,"La Commission considère que ses précédentes conclusions ne sont pas susceptibles d’être modifiées. En l’état actuel des données, KYMRIAH (tisagenlecleucel) apporte toujours une amélioration du service médical rendu mineure (ASMR IV) en termes d’efficacité par rapport à la prise en charge historique du lymphome diffus à grandes cellules B réfractaire ou en rechute, après au moins deux lignes de traitement systémique, fondée sur diverses chimiothérapies.",https://www.has-sante.fr/jcms/p_3262259
France,HAS-CT,kymriah,ALL_ped,2021-03-24,recommended,unknown,True,False,False,True,False,True,True,False,"Compte tenu : • des données d’efficacité actualisées des études cliniques ELIANA et ENSIGN qui confirment les résultats précédemment analysés, notamment en termes de pourcentage de rémissions complètes (60 à 67% de la population ITT maintenues chez au moins un tiers des patients après un suivi médian de plus de 3 ans) et de survie globale (chez les patients traités médiane de 29,9 mois dans ENSIGN et toujours non atteinte dans ELIANA), dans des situations cliniques engageant le pronostic vital à court terme pour lesquelles les options thérapeutiques disponibles sont limitées et ne permettent pas d’envisager une guérison, • de l’actualisation des résultats des comparaisons indirectes qui, malgré leurs limites, suggèrent un bénéfice de KYMRIAH (tisagenlecleucel) par rapport aux traitements standards, • du profil de tolérance marqué par une toxicité significative à court terme, • mais des incertitudes initiales identifiées qui perdurent malgré la demande de la CT, en particulier : o la quantité d’effet exacte par rapport à la prise en charge historique, faute de comparaison robuste, o de l’efficacité en vie réelle au regard de l’immaturité des données du registre DESCAR-T (18 patients traités, 6 centres activés, nombreuses données manquantes et non monitorées), ne permettant pas de confirmer à ce stade les résultats des études cliniques, o le maintien de l’efficacité clinique à moyen et long terme, notamment sur l’obtention de guérisons pour les patients en rémission durable, o et l’absence de données de tolérance à moyen et long terme la Commission considère que ses précédentes conclusions ne sont pas susceptibles d’être modifiées. En l’état actuel des données, KYMRIAH (tisagenlecleucel) apporte toujours une amélioration du service médical rendu modérée (ASMR III) dans la stratégie thérapeutique de prise en charge de enfants et jeunes adultes atteints de LAL B réfractaire, en rechute après greffe ou après la deuxième rechute ou plus.",https://www.has-sante.fr/jcms/p_3262256
France,HAS-CT,lenmeldy,MLD_early,2021-04-21,recommended-restricted,unknown,False,False,False,True,False,True,False,False,"LIBMELDY apporte une amélioration du service médical rendu modérée (ASMR III) dans la prise en charge des enfants asymptomatiques sans manifestation clinique de la maladie, que ce soit en termes d’atteinte motrice, cognitive et/ou comportementale, atteints de forme infantile tardive (se manifestant avant 30 mois) ou juvénile précoce (se manifestant entre 30 mois et 6 ans inclus) de leucodystrophie métachromatique.",https://www.has-sante.fr/jcms/p_3263243
France,HAS-CT,lenmeldy,MLD_early,2021-04-21,not-recommended,none,False,False,False,True,False,True,False,False,"Le service médical rendu par LIBMELDY (Population autologue enrichie en cellules CD34+ qui contient des cellules souches progénitrices hématopoïétiques transduites ex vivo avec un vecteur lentiviral codant le gène de l’arylsulfatase A humaine) est insuffisant pour justifier d’une prise en charge par la solidarité nationale chez les autres enfants du périmètre de l’AMM correspondant aux enfants symptomatiques, présentant des manifestations cliniques précoces de la maladie, qui ont conservé la capacité de marcher indépendamment et avant l’apparition du déclin cognitif, atteints de la forme juvénile précoce (se manifestant entre 30 mois et 6 ans inclus) de leucodystrophie métachromatique.",https://www.has-sante.fr/jcms/p_3263243
France,HAS-CT,tecartus,MCL_3L,2021-04-21,recommended,unknown,True,False,False,True,False,True,False,False,"Compte tenu : • des données d’efficacité pertinentes à court terme issues d’une étude de phase II non comparative (ZUMA-2) en termes de réponse complète (environ 60 % de la population ITT) et de survie globale (69 % des patients en vie avec un suivi médian théorique de 16,8 mois), dans des situations cliniques engageant le pronostic vital pour lesquelles les options thérapeutiques sont limitées et ne permettent pas d’envisager de rémission prolongée telles qu’observées, et malgré la pertinence clinique discutable du critère de jugement principal (taux de réponse globale) et l’immaturité des données, • des incertitudes sur la quantité d’effet faute de comparaison directe à la prise en charge habituelle et des limites des comparaisons indirectes effectués, • des incertitudes sur le maintien de l’efficacité clinique à plus long terme et notamment sur l’obtention de guérisons chez les patients en rémission durable, • de la toxicité significative à court terme et de l’absence de donnée de tolérance à long terme, la Commission considère qu’en l’état actuel des données, TECARTUS (cellules autologues CD3+ transduites anti-CD19) apporte une amélioration du service médical rendu modérée (ASMR III) en termes d’efficacité par rapport à la prise en charge actuelle du lymphome à cellule du manteau (LCM) réfractaire ou en rechute après au moins deux lignes de traitement systémique dont un traitement par un inhibiteur de tyrosine kinase de Bruton.",https://www.has-sante.fr/jcms/p_3265892
France,HAS-CT,zolgensma,SMA_5q,2021-09-08,recommended,unknown,False,False,False,True,False,True,False,False,"ZOLGENSMA (onasemnogene abeparvovec) n’apporte pas d’amélioration du service médical rendu (ASMR V) dans la stratégie thérapeutique, excluant SPINRAZA (nusinersen), chez : • les patients symptomatiques avec un diagnostic de SMA de type 2, • les patients pré-symptomatiques avec un diagnostic génétique de SMA et 3 copies du gène SMN2.",https://www.has-sante.fr/jcms/p_3291799
France,HAS-CT,zolgensma,SMA_5q,2021-09-08,recommended,unknown,False,False,False,True,False,True,False,False,"ZOLGENSMA (onasemnogene abeparvovec) conserve une amélioration du service médical rendu modérée (ASMR III) dans la stratégie thérapeutique, au même titre que SPINRAZA (nusinersen), chez : • les patients symptomatiques avec un diagnostic de SMA de type 1, • les patients pré-symptomatiques avec un diagnostic génétique de SMA et 1 à 2 copies du gène SMN2.",https://www.has-sante.fr/jcms/p_3291799
France,HAS-CT,abecma,MM_4L,2021-12-15,recommended,unknown,True,False,False,True,False,True,False,False,"Compte tenu : des données d’efficacité issues d’une étude de phase 2 non comparative, avec un taux de réponse globale de 67% [IC95% : 59-75] et un taux de réponse complète de 29% [IC95% : 21-36] en population ITT, dans une situation clinique engageant le pronostic vital, des incertitudes concernant la pertinence clinique du critère de jugement principal retenu (taux de réponse globale) et sa transposabilité sur la durée de survie globale ou l’amélioration de la qualité de vie, des incertitudes sur la quantité d’effet propre de ce traitement, considérant les faiblesses méthodologiques des comparaisons indirectes, dans un contexte où une comparaison formalisée a priori, avec une méthodologie robuste, à une cohorte historique de patients aurait été envisageable, du profil de tolérance marqué par une toxicité significative à court et moyen terme, des incertitudes sur l’efficacité clinique et la tolérance à plus long terme, de l’existence d’alternatives à partir de la 4ème ligne bien que considérées comme des développements concomitants, et malgré l’intérêt de disposer d’un médicament ayant été évalué après échec d’un traitement antérieur incluant un agent immunomodulateur, un inhibiteur du protéasome et un anticorps anti CD38, la Commission de la Transparence considère qu’en l’état actuel des données, et dans l’attente notamment des résultats de l’étude de phase III randomisée KarMMa-3, ABECMA (idecabtagene vicleucel) n’apporte pas d’amélioration du service médical rendu (ASMR V) dans la prise en charge chez les patients adultes atteints d’un myélome multiple en rechute et réfractaire ayant reçu au moins trois traitements antérieurs, incluant un agent immunomodulateur, un inhibiteur de protéasome et un anticorps anti CD38, et dont la maladie a progressé pendant le dernier traitement.",https://web.archive.org/web/20230626064416/http://www.has-sante.fr/upload/docs/evamed/CT-19358_ABECMA_PIC_INS_AvisDef_CT19358.pdf
France,HAS-CT,carvykti,MM_4L,2022-11-23,recommended,unknown,True,False,False,True,False,True,False,False,"Compte tenu : • des données d’efficacité issues d’une étude de phase 1/2 non comparative, avec un taux de réponse globale de 83% [IC95% : 75-90] sur la population en ITT, dans une situation engageant le pronostic vital, • des incertitudes concernant la pertinence clinique du critère de jugement principal retenu (taux de réponse globale) et de sa transposabilité sur la durée de survie globale ou l’amélioration de la qualité de vie, • des incertitudes sur la quantité d’effet propre de ce traitement, considérant les faiblesses mé-thodologiques des comparaisons indirectes, • du profil de tolérance marqué par une toxicité significative à court et moyen terme, • des incertitudes sur l’efficacité clinique et la tolérance à plus long terme, • et malgré l’intérêt de disposer d’un médicament ayant été évalué après échec d’un traitement antérieur incluant un agent immunomodulateur, un inhibiteur du protéasome et un anticorps an-ti-CD38, la Commission de la Transparence considère qu’en l’état actuel des données, et dans l’attente notamment des résultats de l’étude de phase III randomisée CARTITUDE-4, CARVYKTI (cilta-cabtagene autoleucel), comme ABECMA (idecabtagene vicleucel), n’apporte pas d’amélioration du service médical rendu (ASMR V) dans la prise en charge des patients adultes atteints d’un myélome multiple en rechute et réfractaire, ayant reçu au moins trois traitements antérieurs, incluant un agent immunomodulateur, un inhibiteur du protéasome et un anticorps anti-CD38 et dont la maladie a progressé pendant le dernier traitement.",https://www.has-sante.fr/jcms/p_3392179
France,HAS-CT,kebilidi,AADC,2022-12-07,recommended,unknown,False,False,False,True,False,True,False,False,UPSTAZA (éladocagène exuparvovec) apporte une amélioration du service médical rendu modérée (ASMR III) dans la stratégie thérapeutique actuelle qui comprend des traitements symptomatiques et des soins de support.,https://www.has-sante.fr/jcms/p_3402378
France,HAS-CT,kymriah,FL_3L,2022-12-07,recommended-restricted,unknown,True,False,False,True,False,True,False,False,"Compte tenu : • des données d’efficacité issues d’une étude de phase 2 non comparative, avec un pourcen-tage de réponse complète de 68,1 % (IC95% : [58,8 . 78,3]) avec une durée médiane de suivi de 28,9 mois, dans une situation engageant le pronostic vital, • de l’incertitude sur l’efficacité relative de ce traitement considérant l’absence de comparai-son directe et de la faiblesse méthodologique de la comparaison indirecte fournie, dans un contexte où une comparaison directe à une alternative thérapeutique disponible avec une méthodologie robuste était possible, • du profil de tolérance marqué par une toxicité significative à court et moyen terme, • des incertitudes sur l’efficacité clinique et la tolérance à plus long terme, la Commission de la Transparence considère qu’en l’état actuel des données, et dans l’attente notamment des résultats de l’étude de phase III randomisée, KYMRIAH (tisagenle-cleucel) n’apporte pas d’amélioration du service médical rendu (ASMR V) dans la prise en charge des patients adultes présentant un lymphome folliculaire après au moins deux lignes de traitement qui présentent une maladie réfractaire, ou en rechute pendant ou dans les 6 mois qui suivent la fin de leur traitement d’entretien, ou en rechute après une auto-greffe de cellules souches hématopoïétiques.",https://www.has-sante.fr/jcms/p_3396024
France,HAS-CT,kymriah,FL_3L,2022-12-07,not-recommended,none,False,False,False,True,False,True,False,False,Le service médical rendu par KYMRIAH (tisagenlecleucel) est insuffisant pour justifier une prise en charge par la solidarité nationale dans les autres situations de l’AMM.,https://www.has-sante.fr/jcms/p_3396024
France,HAS-CT,yescarta,FL_4L,2023-01-18,recommended,unknown,True,False,False,True,False,True,False,False,"Compte tenu : • des données d’efficacité issues d’une étude de phase 2 non comparative, avec un pourcentage de réponse objective de 94 % [IC95% : 84 % - 99 %] chez les patients ayant reçu = 3 lignes de traitement (critère de jugement secondaire), dans une situation engageant le pronostic vital, • de l’incertitude sur l’efficacité relative de ce traitement considérant l’absence de comparaison directe et de la faiblesse méthodologique de la comparaison indirecte fournie, dans un contexte où une comparaison directe à une alternative thérapeutique disponible avec une méthodologie robuste était possible, • du profil de tolérance marqué par une toxicité significative à court et moyen terme, • des incertitudes sur l’efficacité clinique et la tolérance à plus long terme, la Commission de la Transparence considère qu’en l’état actuel des données, et dans l’attente notamment des résultats de l’étude de phase III randomisée (ZUMA-22), YESCARTA (axi-cabtagene ciloleucel) n’apporte pas d’amélioration du service médical rendu (ASMR V) dans la prise en charge des patients adultes atteints de lymphome folliculaire (LF) réfractaire ou en rechute après au moins trois lignes de traitement systémique.",https://www.has-sante.fr/jcms/p_3407522
France,HAS-CT,yescarta,LBCL_2L,2023-02-15,recommended,unknown,False,False,False,True,False,True,False,False,"La Commission considère que YESCARTA (axicabtagene ciloleucel) apporte une amélioration du service médical rendu modérée (ASMR III) dans la prise en charge des patients adultes atteints de lymphome diffus à grandes cellules B (LDGCB) et de lymphome de haut grade à cellules B (LHGCB) ayant rechuté dans les 12 mois après la fin de la première ligne de chimio-immunothérapie, ou qui y sont réfractaires.",https://www.has-sante.fr/jcms/p_3419176
France,HAS-CT,tecartus,ALL_adult_3L,2023-02-15,recommended-restricted,unknown,True,False,False,True,False,True,False,False,"Chez les patients adultes de 26 ans et plus, atteints d’une LAL-B réfractaire ou en re-chute après au moins deux lignes de traitement antérieures Compte tenu : • des données d’efficacité issues d’une étude de phase I/II non comparative, avec un taux de rémission globale de 54,9% IC95% [43 . 67]), dont 43,7% rémissions complètes dans la population ITT, dans une situation engageant le pronostic vital, • des incertitudes sur la quantité d’effet propre de ce traitement, considérant les faiblesses méthodologiques des comparaisons indirectes. Par ailleurs, un nombre non négligeable (n=10) de patients ont été greffés après le traitement par CAR T dans les données de suivi, • du profil de tolérance marqué par une toxicité significative à court et moyen terme, • des incertitudes sur l’efficacité clinique et la tolérance à plus long terme, • et malgré l’intérêt de disposer d’un médicament ayant été évalué chez des patients en rechute ou réfractaires après au moins deux lignes de traitement, la Commission considère qu’en l’état actuel du dossier, TECARTUS (brexucabtagene autoleucel) n’apporte pas d’amélioration du service médical rendu (ASMR V) dans la stratégie thérapeutique actuelle.",https://www.has-sante.fr/jcms/p_3419164
France,HAS-CT,tecartus,ALL_adult_3L,2023-02-15,not-recommended,none,False,False,False,True,False,True,False,False,Le service médical rendu par TECARTUS (brexucabtagene autoleucel) est insuffisant dans les autres situations de l’AMM pour justifier d’une prise en charge par la solidarité nationale.,https://www.has-sante.fr/jcms/p_3419164
France,HAS-CT,zolgensma,SMA_5q,2023-05-10,recommended-restricted,unknown,False,False,False,True,False,True,False,False,"Patients ayant une SMA de type 2 ZOLGENSMA (onasemnogene abeparvovec) n’apporte pas d’amélioration du service médical rendu (ASMR V) dans la stratégie thérapeutique, excluant SPINRAZA (nusinersen) et EVRYSDI (risdiplam).",https://www.has-sante.fr/jcms/p_3442932
France,HAS-CT,zolgensma,SMA_5q,2023-05-10,recommended-restricted,unknown,False,False,False,True,False,True,False,False,"Patients présymptomatiques ayant 3 copies du gène SMN2 La Commission considère que ZOLGENSMA (onasemnogene abeparvovec) apporte une amélioration du service médical rendu modérée (ASMR III) dans la stratégie thérapeutique, au même titre que SPINRAZA (nusinersen). Patients présymptomatiques ayant 1 ou 2 copies du gène SMN2 La Commission considère que ZOLGENSMA (onasemnogene abeparvovec) apporte une amélioration du service médical rendu modérée (ASMR III) dans la stratégie thérapeutique, au même titre que SPINRAZA (nusinersen). Patients ayant une SMA de type 1 La Commission considère que ZOLGENSMA (onasemnogene abeparvovec) apporte une amélioration du service médical rendu modérée (ASMR III) dans la stratégie thérapeutique, au même titre que SPINRAZA (nusinersen) et EVRYSDI (risdiplam).",https://www.has-sante.fr/jcms/p_3442932
France,HAS-CT,zolgensma,SMA_5q,2023-05-10,not-recommended,none,False,False,False,True,False,True,False,False,"Le service médical rendu par ZOLGENSMA (onasemnogene abeparvovec), solution pour perfusion, est insuffisant dans le traitement des patients atteints d’amyotrophie spinale 5q (mutation bi allélique du gène SMN1) avec un diagnostic clinique de SMA de type 3, pour justifier d’une prise en charge par la solidarité nationale aux regard des alternatives disponibles.",https://www.has-sante.fr/jcms/p_3442932
France,HAS-CT,ebvallo,PTLD_EBV_2L,2023-06-07,recommended,unknown,True,False,False,True,False,True,False,False,"Compte tenu : • des données d’efficacité issues d’une étude non comparative, avec un taux de réponse globale de 48% (IC95% = [27,8 . 68,7]) dans la cohorte transplantation d’organe solide (dont 5 RC et 7 RP) et de 50% (IC95% = [23 . 77]) dans la population greffe de cellules couches hématopoïétiques (population FAS) . • des résultats de la comparaison indirecte entre les données de l’étude ALLELE et les données de l’étude observationnelle rétrospective RS002, suggérant une amélioration de la survie globale dans le groupe traité (étude ALLELE) avec un HR=0,37 et une IC95% : [0,20 .0,71] . • de l’intérêt de disposer d’un médicament ayant été évalué après échec d’un traitement anté-rieur incluant le rituximab et/ou la chimiothérapie, avec un profil de tolérance jugé acceptable . et malgré : • le manque de recul sur cette thérapie tant en matière d’efficacité que de tolérance . la Commission considère qu’en l’état actuel des données, et dans l’attente notamment des résultats finaux de l’étude ALLELE, EBVALLO (tabelecleucel) apporte une amélioration du service médical rendu mineure (ASMR IV) dans la stratégie thérapeutique actuelle à savoir chez les patients adultes et pédiatriques âgés de 2 ans et plus atteints d’une maladie lymphoproliférative post-transplantation et positive au virus d’Epstein-Barr récidivante ou réfractaire (LPT EBV+) qui ont reçu au moins un traitement antérieur.",https://www.has-sante.fr/jcms/p_3451087
France,HAS-CT,abecma,MM_4L,2023-06-21,recommended,unknown,False,False,False,True,False,True,False,False,"Compte-tenu : • de la démonstration dans une étude de phase 3, randomisée, en ouvert, de la supériorité d’ABECMA (idecabtagene vicleucel) par rapport au traitement au choix de l’investigateur (parmi 5 protocoles différents), en termes de : • survie sans progression évaluée par un comité indépendant selon les critères IMWG : HR=0,49 [IC95% : 0,38-0,65] . • taux de réponse globale évalué par un comité indépendant selon les critères IMWG : OR=3,5 [IC95% : 2,3-5,5] . • des analyses en sous-groupes, réalisées chez les patients ayant reçu 3 ou 4 traitements antérieurs, correspondant, en partie, à la population de l’AMM actuelle, ayant suggéré des résultats similaires, notamment en termes de survie sans progression : HR=0,49 [IC95% : 0,36-0,67], médiane de 11,9 mois (min-max : 9,2-14,1) dans le groupe ABECMA (idecabtagene vicleucel), et de 4,2 mois (min-max : 3,1-5,9) dans le groupe traitement au choix de l’investigateur, soit une estimation ponctuelle de la différence absolue de 7,7 mois . et malgré : • le caractère exploratoire de cette analyse en sous-groupe . • la réalisation en ouvert de l’étude . • les limites du groupe contrôle, puisque les patients pouvaient déjà avoir reçu auparavant le traitement . • l’absence de démonstration d’un impact sur la survie globale, en l’état actuel des données . • l’absence de conclusion formelle pouvant être tirée des résultats de qualité de vie . • l’absence de données chez les patients ayant reçu plus de 4 traitements antérieurs, faisant pourtant partie du libellé de l’AMM . • le profil de tolérance, marqué par une toxicité significative . la Commission considère qu’en l’état actuel du dossier, ABECMA (idecabtagene vicleucel) apporte une amélioration du service médical rendu mineure (ASMR IV) dans la stratégie thérapeutique actuelle, excluant CARVYKTI (ciltacabtagene autoleucel) et les anticorps bispéci-fiques (teclistamab et elranatanab).",https://www.has-sante.fr/jcms/p_3449177
France,HAS-CT,hemgenix,HEMB_adult,2023-08-30,recommended,unknown,True,False,False,True,False,True,False,False,"Compte tenu : • des données cliniques démontrant l’efficacité de HEMGENIX (etranacogene dezaparvovec), notamment sa supériorité par rapport à une prophylaxie conventionnelle continue par FIX à 18 mois post-traitement en matière de taux de saignement annualisé (critère principal de jugement), moyenne de 4,19 versus 1,51 soit un ratio des taux de 0,36 (IC95% = [0,20 . 0,64] . p = 0,0002)) et de ¿niveaux d’activité du FIX endogène dans une étude de phase III (HOPE-B) ayant inclus 54 patients hémophilies, • des données exploratoires suggérant le maintien de cette efficacité à 2 ans dans l’étude pivot, avec l’absence de recours à une prophylaxie par FIX pour 96% des patients, et à 3 ans dans une étude de phase II non comparative ayant inclus 3 patients, • du besoin médical partiellement couvert par les concentrés de facteur IX, mais au regard des nombreuses incertitudes portant notamment sur : • le caractère non optimal de la démonstration de la supériorité versus la prophylaxie par FIX, avec une possible surestimation du bénéfice observé (étude ouverte de faible effectif, comparaisons intra-patients, modalités de la prophylaxie préalable par FIX mal définies et possiblement non optimisée pour tous les patients), • le maintien de l’efficacité à long terme du fait d’un recul maximal limité à ce jour à 3 ans et pour seulement 3 patients, • la tolérance à long terme, notamment sur le risque potentiel de cancer lié à l’intégration du vecteur et en particulier de carcinome hépatocellulaire (1 cas observé dans l’étude pivot), la Commission considère que HEMGENIX (etranacogene dezaparvovec) apporte une amélioration du service médical rendu mineure (ASMR IV) par rapport à la prophylaxie par concentrés de facteur IX.",https://www.has-sante.fr/jcms/p_3460133
France,HAS-CT,kymriah,LBCL_3L,2023-09-06,recommended,unknown,True,False,False,True,False,True,True,False,"Compte tenu : • du recul supplémentaire concernant les données en vie réelle de KYMRIAH (tisagenlecleucel) issues du registre français DESCAR-T (26 centres activés, 388 patients traités, suivi médian de 15 mois depuis l’éligibilité), qui sont cohérentes avec les données cliniques (JULIET), • la place de à KYMRIAH (tisagenlecleucel) par rapport à YESCARTA (axicabtagene ciloleucel) qui reste difficile à déterminer compte des limites méthodologiques majeures de la comparaison indirecte fournie, • du profil de tolérance marqué par une toxicité significative à court terme, • et des incertitudes initiales identifiées qui perdurent malgré la demande de la CT, en particulier : • la quantité d’effet exacte par rapport à la prise en charge historique, faute de comparaison robuste, • le maintien de l’efficacité clinique à moyen et long terme, notamment sur l’obtention de guérison pour les patients en rémission durable, • et l’absence de données de tolérance à moyen et long terme, la Commission considère que ses précédentes conclusions ne sont pas susceptibles d’être modifiées. En l’état actuel des données, la Commission considère que KYMRIAH 1,2 x 10^6 – 6 x 10^8 cellules (tisagenlecleucel), dispersion cellulaire pour perfusion, apporte une amélioration du service médical rendu mineure (ASMR IV) en termes d’efficacité par rapport à la prise en charge historique du lymphome diffus à grandes cellules B réfractaire ou en rechute, après au moins deux lignes de traitement systémique, fondée sur diverses chimiothérapies.",https://www.has-sante.fr/jcms/p_3467532
France,HAS-CT,kymriah,ALL_ped,2023-09-06,recommended,unknown,False,False,False,True,False,True,False,False,"La Commission considère que ses précédentes conclusions ne sont pas susceptibles d’être modifiées. En l’état actuel des données KYMRIAH 1,2 x 10^6 – 6 x 10^8 cellules (tisagenlecleucel), dispersion cellulaire pour perfusion, apporte toujours une amélioration du service médical rendu modérée (ASMR III) dans la stratégie thérapeutique de prise en charge des enfants et jeunes adultes atteints de LAL B réfractaire, en rechute après greffe ou après la deuxième rechute ou plus.",https://www.has-sante.fr/jcms/p_3467523
France,HAS-CT,yescarta,LBCL_3L,2023-09-06,recommended,unknown,False,False,False,True,False,True,False,False,"La Commission considère que ses précédentes conclusions ne sont pas susceptibles d’être modifiées. En l’état actuel des données, la Commission considère que YESCARTA 0,4 - 2 x 108 cellules (axicabtagene ciloleucel), dispersion pour perfusion, apporte une amélioration du service médical rendu modérée (ASMR III) en termes d’efficacité par rapport à la prise en charge historique du lymphome diffus à grandes cellules B et du lymphome médiastinal primitif à grandes cellules B réfractaire ou en rechute, après au moins deux lignes de traitement systémique, fondée sur diverses chimiothérapies.",https://www.has-sante.fr/jcms/p_3467529
France,HAS-CT,breyanzi,LBCL_2L,2023-09-20,recommended,unknown,False,False,False,True,False,True,False,False,"BREYANZI (lisocabtagene maraleucel), 1,1-70x10^6 cellules/mL / 1,1-70x10^6 cellules/mL, dispersion pour perfusion apporte une amélioration du service médical rendu modérée (ASMR III) dans la stratégie thérapeutique actuelle qui comprend les comparateurs pertinents cités en paragraphe 5.2).",https://www.has-sante.fr/jcms/p_3465836
France,HAS-CT,luxturna,RPE65,2024-07-17,recommended,unknown,True,False,False,True,False,True,False,False,"Prenant en compte : • le besoin médical non couvert dans une maladie invalidante et évoluant vers la cécité en l’absence d’autres traitements à visée curative, • la qualité de la démonstration de l’efficacité de LUXTURNA (voretigene neparvovec) dans l’étude de phase III 301 versus l’absence de traitement, randomisée, multicentrique, et malgré le caractère ouvert de l’étude, • la pertinence du critère de jugement principal évaluant la vision fonctionnelle des patients par un test de mobilité en ambiance lumineuse variable (MLMT) et la pertinence clinique de l’effet observé après 1 an de suivi par rapport à l’absence de traitement, • les données de suivi à long terme dans 3 études (prolongation de l’étude 301 avec données exploitables jusqu’à 6 ans de recul, étude PASS PERCEIVE à partir des données du registre international sur 198 patients avec un suivi 1-2 ans voire 1 année supplémentaire pour les patients français et une étude observationnelle LIGHT sur 12 patients avec un suivi supérieur ou égal à 1 an) montrant le maintien des réponses cliniques sur les tests de mobilité, le seuil de sensibilité en lumière blanche plein champ et champ visuel, • une tolérance globalement inchangée depuis la commercialisation, malgré : • l’absence de démonstration robuste d’un effet de LUXTURNA (voretigene neparvovec) sur la qualité de vie, • la survenue fréquente d’une atrophie chorio-rétinienne progressive ayant eu peu d’impact sur l’évaluation des critères de jugement mais dont l’évolution à long terme doit être évaluée, la Commission considère que l’amélioration du service médical rendu par LUXTURNA 5 x 1012 génomes de vecteur/ml (voretigene neparvovec), solution à diluer injectable, reste importante (ASMR II) dans la prise en charge des patients adultes et pédiatriques ayant une perte visuelle due à une dystrophie rétinienne héréditaire résultant de mutations bi-alléliques confirmées du gène RPE65 et possédant suffisamment de cellules rétiniennes viables.",https://www.has-sante.fr/jcms/p_3538246
France,HAS-CT,abecma,MM_3L,2024-07-17,recommended,unknown,False,False,False,True,False,True,False,False,"Compte-tenu : • de la démonstration dans une étude de phase 3, randomisée, en ouvert, de la supériorité d’ABECMA (idecabtagene vicleucel) par rapport à un traitement au choix de l’investigateur, parmi 5 protocoles différents, en termes de : • survie sans progression évaluée par un comité de relecture indépendant selon les critères IMWG : HR=0,49 [IC95% : 0,38-0,65], avec une médiane de 13,3 mois (min-max : 11,8-16,1) dans le groupe ABECMA (idecabtagene vicleucel), et de 4,4 mois (min-max : 3,4-5,9) dans le groupe traitement au choix de l’investigateur, soit une estimation ponctuelle de la différence absolue de 8,9 mois . • taux de réponse globale évalué par un comité de relecture indépendant selon les critères IMWG : OR=3,5 [IC95% : 2,1-5,9] . et malgré : • la réalisation en ouvert de l’étude, ayant entraîné des biais d’évaluation possible, et notamment l’évaluation des décisions de traitement . • le fait que les patients du groupe traitement au choix de l’investigateur pouvaient recevoir un traitement reçu antérieurement (sauf le dernier traitement reçu) . • l’absence de pertinence clinique du taux de réponse globale dans ce contexte, compte tenu notamment de l’absence de démonstration de sa transposabilité sur la durée de survie globale ou l’amélioration de la qualité de vie . • l’absence de démonstration, en l’état actuel du dossier, d’un impact sur la survie globale, dans une maladie au stade avancé au pronostic défavorable . • l’absence de conclusion formelle pouvant être tirée des résultats de qualité de vie . • du profil de tolérance, marqué notamment par une toxicité significative . la Commission considère qu’ABECMA (idecabtagene vicleucel) apporte une amélioration du service médical rendu mineure (ASMR IV) dans la stratégie thérapeutique actuelle qui comprend les comparateurs pertinents (cf. 5 .2).",https://www.has-sante.fr/jcms/p_3538252
France,HAS-CT,casgevy,SCD_VOC_12plus,2024-08-28,recommended-restricted,unknown,False,False,False,True,False,True,False,False,CASGEVY 4 à 13 x 106 cellules/mL (exagamglogène autotemcel) n’apporte pas d’amélioration du service médical rendu (ASMR V) dans la stratégie thérapeutique actuelle qui comprend les comparateurs pertinents (cf. 5.2).,https://www.has-sante.fr/jcms/p_3541918
France,HAS-CT,casgevy,SCD_VOC_12plus,2024-08-28,not-recommended,none,False,False,False,True,False,True,False,False,Le service médical rendu par CASGEVY 4 à 13 x 106 cellules/mL (exagamglogène autotemcel) est insuffisant pour justifier d’une prise en charge par la solidarité nationale dans les autres situations de l’AMM.,https://www.has-sante.fr/jcms/p_3541918
France,HAS-CT,casgevy,TDT_12plus,2024-09-25,recommended-restricted,unknown,False,False,False,True,False,True,False,False,CASGEVY 4 à 13 x 106 cellules/mL (exagamglogène autotemcel) apporte une amélioration du service médical rendu mineure (ASMR IV) dans la stratégie thérapeutique actuelle qui comprend les comparateurs pertinents (cf. 5.2).,https://www.has-sante.fr/jcms/p_3545557
France,HAS-CT,casgevy,TDT_12plus,2024-09-25,not-recommended,none,False,False,False,True,False,True,False,False,Le service médical rendu par CASGEVY 4 à 13 x 106 cellules/mL (exagamglogène autotemcel) est insuffisant pour justifier d’une prise en charge par la solidarité nationale au regard des alternatives disponibles dans les autres situations de l’AMM (patients âgés de 35 ans et plus).,https://www.has-sante.fr/jcms/p_3545557
France,HAS-CT,tecartus,MCL_3L,2024-11-06,recommended,unknown,True,False,False,True,False,True,True,False,"Compte tenu : • des données actualisées de l’étude ZUMA-2, après un suivi médian de 46,4 mois, qui mettent en évidence une médiane de survie globale de 46,5 mois dans la population ITTm et 43,9 mois dans la population ITT . • du recul supplémentaire concernant les données en vie réelle de TECARTUS (brexucabtagene autoleucel) issues du registre français DESCAR-T (27 centres activés, 152 patients traités, suivi médian de 14,2 mois depuis l’éligibilité) . et ce, malgré : • des données actualisées de l’étude ZUMA-2, objectivant des différences au regard des données d’utilisation en vie réelle . • une médiane de survie globale de 43,9 mois dans l’étude ZUMA-2 (suivi médian de 46,4 mois) versus 19,8 mois pour le registre DESCAR-T (suivi médian de 14,2 mois) . • une durée médiane de réponse de 28,2 mois versus 12 mois pour le registre DESCAR-T . • des incertitudes sur la transposabilité des résultats du fait de la population potentiellement sélectionnée dans l’étude ZUMA-2 . • des incertitudes sur le maintien d’une efficacité à long terme . • le profil de tolérance marqué par une toxicité significative à court terme . la Commission considère qu’en l’état actuel des données, TECARTUS (brexucabtagene autoleucel) apporte une amélioration du service médical rendu mineure (ASMR IV) en termes d’efficacité par rapport à la prise en charge actuelle du lymphome à cellule du manteau (LCM) réfractaire ou en rechute après au moins deux lignes de traitement systémique dont un traitement par un inhibiteur de tyrosine kinase de Bruton.",https://www.has-sante.fr/jcms/p_3575020
France,HAS-CT,lenmeldy,MLD_early,2024-11-06,recommended,unknown,False,False,False,True,False,True,False,False,"LIBMELDY (atidarsagène autotemcel) apporte une amélioration du service médical rendu mineure (ASMR IV) dans la prise en charge des enfants symptomatiques, présentant des manifestations cliniques précoces de la maladie, qui ont conservé la capacité de marcher indépendamment et avant l’apparition du déclin cognitif, atteints de la forme juvénile précoce (se manifestant entre 30 mois et 6 ans inclus) de leucodystrophie métachromatique.",https://www.has-sante.fr/jcms/p_3555789
France,HAS-CT,lenmeldy,MLD_early,2024-11-06,recommended,unknown,False,False,False,True,False,True,False,False,"LIBMELDY (atidarsagène autotemcel) apporte une amélioration du service médical rendu modérée (ASMR III) dans la prise en charge des enfants asymptomatiques sans manifestation clinique de la maladie, que ce soit en termes d’atteinte motrice, cognitive et/ou comportementale, atteints de la forme infantile tardive (se manifestant avant 30 mois) ou juvénile précoce (se manifestant entre 30 mois et 6 ans inclus) de leucodystrophie métachromatique.",https://www.has-sante.fr/jcms/p_3555789
France,HAS-CT,carvykti,MM_2L,2025-07-16,recommended,unknown,False,False,False,True,False,True,False,False,"CARVYKTI (ciltacabtagene autoleucel) apporte une amélioration du service médical rendu modérée (ASMR III) par rapport aux protocoles DPd [daratumumab – pomalidomide – dexaméthasone] et PVd [pomalidomide – bortézomib – dexaméthasone] dans le traitement des patients adultes atteints d’un myélome multiple en rechute et réfractaire, ayant reçu au moins un traitement antérieur, incluant un agent immunomodulateur et un inhibiteur du protéasome, qui sont réfractaires au lénalidomide et dont la maladie a progressé pendant le dernier traitement.",https://www.has-sante.fr/jcms/p_3639814
France,HAS-CT,vyjuvek,DEB,2025-10-08,recommended,unknown,False,False,False,True,False,True,False,False,"VYJUVEK (bérémagène géperpavec), suspension et gel pour usage cutané apporte une amélioration du service médical rendu modérée (ASMR III) dans la prise en charge des plaies chez les patients atteints d’épidermolyse bulleuse dystrophique (EBD) présentant une ou plusieurs mutations du gène de la chaîne alpha 1 du collagène de type VII (COL7A1), dès la naissance.",https://www.has-sante.fr/jcms/p_3704146
France,HAS-CT,breyanzi,FL_3L,2025-12-10,recommended,unknown,True,False,False,True,False,True,False,False,"Compte tenu : • des données d’efficacité issues d’une étude de phase 2 non comparative, suggérant un taux de réponse globale de 97,0 % (IC95% [91,6 % . 99,4 %]) dont 94,1 % (IC95% [87,5 % . 97,8 %]) de réponse complète . • de l’incertitude sur les estimations de l’efficacité relative de ce traitement considérant l’absence de comparaison directe fournie, et de la faiblesse méthodologique des comparaisons indirectes réalisées, dans un contexte où une comparaison directe à une alternative disponible était possible . • du profil de tolérance marqué par une toxicité significative à court et à moyen terme . • des incertitudes sur l’efficacité clinique et la tolérance à plus long terme du fait du délai de suivi limité à près de 42 mois . la Commission considère que BREYANZI (lisocabtagene maraleucel), 1,1-70 x 106 cellules/mL / 1,1-70 x 106 cellules/mL, dispersion pour perfusion, n’apporte pas d’amélioration du service médical rendu (ASMR V) dans la prise en charge des patients adultes atteints de lymphome folliculaire (LF) réfractaire ou en rechute après au moins deux lignes de traitement systémique.",https://www.has-sante.fr/jcms/p_3808974
France,HAS-CT,yescarta,LBCL_2L,2026-05-06,recommended,unknown,False,False,False,True,False,True,False,False,"La Commission maintient une amélioration du service médical rendu modérée (ASMR III) de YESCARTA (axicabtagene ciloleucel), 0,4 – 2 x 108 cellules, dispersion pour perfusion, dans la prise en charge des patients adultes atteints de lymphome diffus à grandes cellules B (LDGCB) et de lymphome de haut grade à cellules B (LHGCB) ayant rechuté dans les 12 mois après la fin de la première ligne de chimio-immunothérapie, ou qui y sont réfractaires.",https://www.has-sante.fr/jcms/p_4052286
France,HAS-CT,breyanzi,LBCL_2L,2026-06-03,recommended,unknown,False,False,False,True,False,True,False,False,"La Commission maintient une amélioration du service médical rendu modérée (ASMR III) de BREYANZI (lisocabtagene maraleucel), 1,1-70x10^6 cellules/mL / 1,1-70x10^6 cellules/mL, dispersion pour perfusion, dans la prise en charge des patients adultes atteints d’un lymphome diffus à grandes cellules B (LDGCB), d’un lymphome B de haut grade (LHGCB), d’un lymphome médiastinal primitif à grandes cellules B (LMPGCB) ou d’un lymphome folliculaire de grade 3B (LF3B) en rechute dans les 12 mois suivant la fin d’une immunochimiothérapie de première ligne ou réfractaire à ce traitement de première ligne.",https://www.has-sante.fr/jcms/p_4052289
France,HAS-CT,zynteglo,TDT_12plus,2020-03-18,recommended-restricted,unknown,True,False,False,True,False,True,False,False,"Compte tenu : - des résultats, considérés comme cliniquement pertinents, démontrant l’efficacité de ZYNTEGLO en termes d’indépendance aux transfusions (critère de jugement principal), évaluée dans 3 études cliniques ouvertes, non comparatives, uniquement chez des patients âgés de plus de 12 ans à moins de 35 ans, mais, - de nombreuses incertitudes portant tout particulièrement : • sur le maintien de l’efficacité à moyen et long terme au regard du recul maximal de traitement par ZYNTEGLO limité à ce jour à 5 ans, pour un effectif de 3 patients seulement, • sur la tolérance au long cours de ZYNTEGLO, notamment au regard du risque potentiel de mutagénèse insertionnelle, la Commission considère que ZYNTEGLO (bétibéglogène autotemcel) apporte une amélioration du service médical rendu modérée (ASMR III) dans la prise en charge des patients âgés de plus de 12 ans à moins de 35 ans, atteints de β-thalassémie dépendante aux transfusions, non-β0/β0, pour lesquels une GCSH est indiquée mais ne disposant pas de donneur apparenté géno-identique.",https://web.archive.org/web/2/https://www.has-sante.fr/upload/docs/evamed/CT-18061_ZYNTEGLO_PIC_INS_AvisDef_CT18061_EPI659.pdf
France,HAS-CT,zynteglo,TDT_35plus,2020-03-18,not-recommended,none,False,False,False,True,False,True,False,False,Insuffisant pour justifier d’une prise en charge par la solidarité nationale dans l’indication de l’AMM chez les patients âgés de 35 ans et plus.,https://web.archive.org/web/2/https://www.has-sante.fr/upload/docs/evamed/CT-18061_ZYNTEGLO_PIC_INS_AvisDef_CT18061_EPI659.pdf
France,HAS-CT,glybera,LPLD_adult,2015-11-04,not-recommended,none,False,False,False,False,False,True,False,False,le service médical rendu par GLYBERA est insuffisant pour justifier une prise en charge par la solidarité nationale.,https://web.archive.org/web/20220228045554/http://www.has-sante.fr/upload/docs/evamed/CT-14224_GLYBERA_PIC_INS_Avis3_CT14224.pdf
France,HAS-CT,roctavian,HEMA_adult,2023-09-06,recommended,unknown,False,False,False,True,False,True,False,False,,https://www.has-sante.fr/jcms/p_3461362/fr/roctavian-valoctocogene-roxaparvovec-hemophilie-a
France,ANSM (accès précoce),abecma,MM_4L,2021-12-02,recommended-managed-access,managed-access-agreement,False,False,False,False,False,False,False,True,,https://ansm.sante.fr/tableau-atu-rtu/abecma-260-500-x-106-cellules-dispersion-pour-perfusion
France,ANSM (accès précoce),abecma,MM_4L,2021-04-29,recommended-managed-access,managed-access-agreement,False,False,False,False,False,False,False,True,,https://web.archive.org/web/20230626064416/http://www.has-sante.fr/upload/docs/evamed/CT-19358_ABECMA_PIC_INS_AvisDef_CT19358.pdf
France,ANSM (accès précoce),abecma,MM_3L,2024-07-25,recommended-managed-access,managed-access-agreement,False,False,False,False,False,False,False,True,,https://ansm.sante.fr/tableau-atu-rtu/abecma-260-500-x-106-cellules-dispersion-pour-perfusion
France,ANSM (accès précoce),breyanzi,LBCL_2L,2023-09-07,recommended-managed-access,managed-access-agreement,False,False,False,False,False,False,False,True,,https://ansm.sante.fr/tableau-atu-rtu/breyanzi
France,ANSM (accès précoce),casgevy,TDT_12plus,2024-01-18,recommended-managed-access,managed-access-agreement,False,False,False,False,False,False,False,True,,https://ansm.sante.fr/tableau-atu-rtu/casgevy
France,ANSM (accès précoce),casgevy,SCD_VOC_12plus,2024-07-11,recommended-managed-access,managed-access-agreement,False,False,False,False,False,False,False,True,,https://ansm.sante.fr/tableau-atu-rtu/casgevy
France,ANSM (accès précoce),ebvallo,PTLD_EBV_2L,2023-06-01,recommended-managed-access,managed-access-agreement,False,False,False,False,False,False,False,True,,https://ansm.sante.fr/tableau-atu-rtu/ebvallo
France,ANSM (accès précoce),kebilidi,AADC,2022-12-15,recommended-managed-access,managed-access-agreement,False,False,False,False,False,False,False,True,,https://ansm.sante.fr/tableau-atu-rtu/upstaza
France,ANSM (accès précoce),kymriah,FL_3L,2021-06-28,recommended-managed-access,managed-access-agreement,False,False,False,False,False,False,False,True,,https://www.legifrance.gouv.fr/jorf/id/JORFTEXT000044229326
France,ANSM (accès précoce),yescarta,FL_4L,2022-04-14,recommended-managed-access,managed-access-agreement,False,False,False,False,False,False,False,True,,https://ansm.sante.fr/tableau-atu-rtu/yescarta-0-4-2-x-108-cellules-dispersion-pour-perfusion
France,ANSM (accès précoce),vyjuvek,DEB_6m,2024-09-12,recommended-managed-access,managed-access-agreement,False,False,False,False,False,False,False,True,,https://ansm.sante.fr/tableau-atu-rtu/vyjuvek
France,ANSM (accès précoce),vyjuvek,DEB,2025-10-02,recommended-managed-access,managed-access-agreement,False,False,False,False,True,False,False,False,,https://ansm.sante.fr/tableau-atu-rtu/vyjuvek
France,ANSM (accès précoce),zolgensma,SMA_type1,2020-05-15,recommended-managed-access,managed-access-agreement,False,False,False,False,False,False,False,True,,https://ansm.sante.fr/tableau-atu-rtu/zolgensma-2-x-1013-genomes-de-vecteur-ml-solution-pour-perfusion
France,ANSM (accès précoce),luxturna,RPE65,2018-10-19,recommended-managed-access,managed-access-agreement,False,False,False,False,False,False,False,True,,https://web.archive.org/web/20191112230609/https://www.has-sante.fr/upload/docs/evamed/CT-17535_LUXTURNA_PIC_INS_Avis2_CT17535.pdf
France,JO (inscription),hemgenix,HEMB_adult,2023-12-05,recommended-managed-access,other,False,False,False,False,True,False,False,False,,https://www.legifrance.gouv.fr/jorf/id/JORFTEXT000048551003
France,JO (inscription),yescarta,LBCL_3L,2019-07-08,recommended,none,False,False,False,False,False,False,False,True,,https://www.legifrance.gouv.fr/jorf/id/JORFTEXT000038757767
France,JO (inscription),yescarta,LBCL_2L,2024-04-11,recommended,none,False,False,False,False,False,False,False,True,,https://www.legifrance.gouv.fr/jorf/id/JORFTEXT000049453692
France,JO (inscription),kymriah,ALL_ped,2019-12-20,recommended,none,False,False,False,False,False,False,False,True,,https://www.legifrance.gouv.fr/jorf/id/JORFTEXT000039667265
France,JO (inscription),kymriah,FL_3L,2023-09-12,recommended,none,False,False,False,False,False,False,False,True,,https://www.legifrance.gouv.fr/jorf/id/JORFTEXT000048068093
France,JO (inscription),luxturna,RPE65,2021-08-04,recommended,none,False,False,False,False,False,False,False,True,,https://www.legifrance.gouv.fr/jorf/id/JORFTEXT000043909970
France,JO (inscription),abecma,MM_4L,2024-11-05,recommended,none,False,False,False,True,False,False,False,False,,https://www.legifrance.gouv.fr/jorf/id/JORFTEXT000050489128
France,JO (inscription),abecma,MM_3L,2025-12-05,recommended,none,False,False,False,False,False,False,False,True,,https://www.legifrance.gouv.fr/jorf/id/JORFTEXT000053000804
France,JO (inscription),breyanzi,LBCL_2L,2024-07-08,recommended,none,False,False,False,False,False,True,True,False,,https://www.legifrance.gouv.fr/jorf/id/JORFTEXT000049938593
France,JO (inscription),tecartus,MCL_3L,2022-08-03,recommended,none,False,False,False,False,False,False,False,True,,https://www.legifrance.gouv.fr/jorf/id/JORFTEXT000046160974
France,JO (inscription),tecartus,ALL_adult_3L,2024-07-08,recommended,none,False,False,False,False,False,False,False,True,,https://www.legifrance.gouv.fr/jorf/id/JORFTEXT000049908644
France,JO (inscription),ebvallo,PTLD_EBV_2L,2025-06-02,recommended,none,False,False,False,False,False,False,False,True,,https://www.legifrance.gouv.fr/jorf/id/JORFTEXT000051843966
France,CEPS (price),kymriah,ALL_ped,2019-12-26,recommended,confidential-discount,False,False,False,False,True,False,False,False,,https://www.legifrance.gouv.fr/jorf/id/JORFTEXT000039668553
France,CEPS (price),kymriah,FL_3L,2023-09-14,recommended,confidential-discount,False,False,False,False,True,False,False,False,,https://www.legifrance.gouv.fr/jorf/id/JORFTEXT000048068436
France,CEPS (price),yescarta,LBCL_3L,2019-07-13,recommended,confidential-discount,False,False,False,False,True,False,False,False,,https://www.legifrance.gouv.fr/jorf/id/JORFTEXT000038758420
France,CEPS (price),tecartus,MCL_3L,2022-08-09,recommended,confidential-discount,False,False,False,False,True,False,False,False,,https://www.legifrance.gouv.fr/jorf/id/JORFTEXT000046161266
France,CEPS (price),tecartus,ALL_adult_3L,2024-07-04,recommended,confidential-discount,False,False,False,False,True,False,False,False,,https://www.legifrance.gouv.fr/jorf/id/JORFTEXT000049872035
France,CEPS (price),abecma,MM_4L,2024-11-13,recommended,confidential-discount,False,False,False,False,True,False,False,False,,https://www.legifrance.gouv.fr/jorf/id/JORFTEXT000050489427
France,CEPS (price),breyanzi,LBCL_2L,2024-07-11,recommended,confidential-discount,False,False,False,False,True,False,False,False,,https://www.legifrance.gouv.fr/jorf/id/JORFTEXT000049939198
France,CEPS (price),luxturna,RPE65,2021-08-06,recommended,confidential-discount,False,False,False,False,True,False,False,False,,https://www.legifrance.gouv.fr/jorf/id/JORFTEXT000043910352
France,CEPS (price),ebvallo,PTLD_EBV_2L,2025-07-04,recommended,confidential-discount,False,False,False,False,True,False,False,False,,https://www.legifrance.gouv.fr/jorf/id/JORFTEXT000051844592
England,NICE,kymriah,ALL_ped,2018-12-21,recommended-managed-access,cancer-drugs-fund,True,True,False,False,True,True,False,False,"The most plausible cost-effectiveness estimates for tisagenlecleucel are higher than what NICE normally considers acceptable. The life expectancy of people with relapsed or refractory acute lymphoblastic leukaemia is uncertain. It does not meet both of NICE's criteria to be a life-extending treatment at the end of life. Therefore tisagenlecleucel cannot be recommended for routine use in the NHS. Collecting more data on overall survival, subsequent stem cell transplant rates, and immunoglobulin usage will reduce the uncertainty in the clinical- and cost-effectiveness evidence. Therefore tisagenlecleucel is recommended for use in the Cancer Drugs Fund.",https://www.nice.org.uk/guidance/ta554
England,NICE,kymriah,ALL_ped,2024-05-15,recommended,confidential-discount,False,True,False,False,True,True,False,False,"When considering the condition's severity, and its effect on quality and length of life, the most likely cost-effectiveness estimates are within the range that NICE considers an acceptable use of NHS resources. So, tisagenlecleucel is recommended for routine use in the NHS.",https://www.nice.org.uk/guidance/ta975
England,NICE,kymriah,LBCL_3L,2019-03-13,recommended-managed-access,cancer-drugs-fund,True,True,False,False,True,True,False,False,"Tisagenlecleucel meets NICE's criteria to be considered a life-extending treatment at the end of life. All the cost-effectiveness estimates for tisagenlecleucel compared with salvage chemotherapy are uncertain because of limitations in the data. Because some of these estimates are higher than what NICE normally considers an acceptable use of NHS resources and are associated with a high degree of uncertainty, tisagenlecleucel cannot be recommended for routine use in the NHS. Collecting more data on progression-free survival, overall survival and immunoglobulin usage will reduce the uncertainty in the evidence. Therefore, tisagenlecleucel is recommended for use in the Cancer Drugs Fund.",https://www.nice.org.uk/guidance/ta567
England,NICE,kymriah,LBCL_3L,2023-11-29,terminated-or-withdrawn,none,False,True,False,False,False,False,False,False,NICE is unable to make a recommendation about the use in the NHS of tisagenlecleucel for treating relapsed or refractory diffuse large B-cell lymphoma in adults after 2 or more systemic therapies. This is because Novartis has confirmed that it does not intend to make an evidence submission for the appraisal. Novartis has agreed with NICE and NHS England that a guidance update would not be a productive use of resources. Novartis considers that changes to treatment and reimbursement mean that the submission would not be viable within what NICE considers a cost-effective use of NHS resources.,https://www.nice.org.uk/guidance/ta933
England,NICE,kymriah,FL_3L,2022-11-22,terminated-or-withdrawn,none,False,True,False,False,True,False,False,False,NICE is unable to make a recommendation about the use in the NHS of tisagenlecleucel for treating relapsed or refractory follicular lymphoma in adults after 2 or more therapies. This is because Novartis has confirmed that it does not intend to make an evidence submission for the appraisal. Novartis considers that the technology is unlikely to be a cost-effective use of NHS resources based on the current price in existing indications.,https://www.nice.org.uk/guidance/ta842
England,NICE,kymriah,LBCL_2L,2022-12-21,terminated-or-withdrawn,none,False,False,False,False,False,False,False,True,"Suspended. For information, the company have advised that they are no longer pursuing a Marketing Authorisation Application from the Medicines and Healthcare products Regulatory Agency (MHRA) for this indication at this time.",https://www.nice.org.uk/guidance/discontinued/gid-ta10859
England,NICE,yescarta,LBCL_3L,2019-01-23,recommended-managed-access,cancer-drugs-fund,True,True,False,False,True,True,False,False,"Axicabtagene ciloleucel meets NICE's criteria to be considered a life-extending treatment at the end of life. The most plausible cost-effectiveness estimates for axicabtagene ciloleucel compared with salvage chemotherapy are uncertain because survival data on axicabtagene ciloleucel are immature. However, the range of cost-effectiveness estimates shows that axicabtagene ciloleucel has plausible potential to be cost effective, and collecting further data on progression-free survival, overall survival and immunoglobulin usage will reduce the uncertainty in the evidence. Therefore, axicabtagene ciloleucel is recommended for use as an option within the Cancer Drugs Fund.",https://www.nice.org.uk/guidance/ta559
England,NICE,yescarta,LBCL_3L,2023-02-28,recommended,confidential-discount,False,True,False,False,True,True,False,False,"Axicabtagene ciloleucel meets NICE's criteria to be considered a life-extending treatment at the end of life. Taking this into account, the cost-effectiveness estimates for axicabtagene ciloleucel are within what NICE considers an acceptable use of NHS resources. So, axicabtagene ciloleucel is recommended for routine use in the NHS.",https://www.nice.org.uk/guidance/ta872
England,NICE,yescarta,LBCL_2L,2023-06-07,recommended-managed-access,cancer-drugs-fund,True,True,False,False,False,True,False,False,"Axicabtagene ciloleucel meets NICE's criteria to be considered a life-extending treatment at the end of life. The cost-effectiveness estimates are within the range NICE normally considers an acceptable use of NHS resources for end of life treatments. But, because of the uncertainty, an acceptable cost-effectiveness estimate would need to be at the lower end of the range. The cost-effectiveness estimate for axicabtagene ciloleucel is above the lower end of the range, so it cannot be recommended for routine use in the NHS. Axicabtagene ciloleucel has the potential to be cost effective, but more evidence is needed to reduce the uncertainties. Evidence from the trial and from NHS practice could help address these. So, axicabtagene ciloleucel is recommended for use in the Cancer Drugs Fund.",https://www.nice.org.uk/guidance/ta895
England,NICE,yescarta,FL_4L,2023-06-07,not-recommended,none,True,True,False,False,False,True,False,False,"Axicabtagene ciloleucel does not meet NICE's criteria to be considered a life-extending treatment at the end of life. This is because people having standard treatments for relapsed or refractory follicular lymphoma after 3 or more systemic treatments are likely to live longer than 2 years. Because there are uncertainties in the economic model, the cost-effectiveness estimates are also uncertain. They are also all above the range NICE normally considers to be an acceptable use of NHS resources. So, axicabtagene ciloleucel is not recommended for routine use in the NHS. The evidence suggests that axicabtagene ciloleucel is not likely to be cost effective. So, axicabtagene ciloleucel is not recommended for use in the Cancer Drugs Fund.",https://www.nice.org.uk/guidance/ta894
England,NICE,tecartus,MCL_3L,2021-02-24,recommended-managed-access,cancer-drugs-fund,True,True,False,False,True,True,False,False,"The most likely cost-effectiveness estimates for brexucabtagene autoleucel compared with the most common alternative treatment are not known because the final survival data for brexucabtagene autoleucel are not yet available. However, early estimates suggest it could be cost effective, and collecting further data on progression-free survival, overall survival and age when treatment starts will reduce the uncertainty in the evidence.",https://www.nice.org.uk/guidance/ta677
England,NICE,tecartus,ALL_adult_26plus,2023-06-07,recommended-managed-access,cancer-drugs-fund,True,True,False,False,True,True,False,False,"The most likely cost-effectiveness estimates are uncertain, and some of them are higher than what NICE considers an acceptable use of NHS resources. So brexucabtagene autoleucel cannot be recommended for routine use. Evidence collected in the Cancer Drugs Fund would help reduce some of the uncertainties in the clinical evidence. Brexucabtagene autoleucel has the potential to be cost effective, so it is recommended for use in the Cancer Drugs Fund.",https://www.nice.org.uk/guidance/ta893
England,NICE,breyanzi,LBCL_3L,2024-07-10,terminated-or-withdrawn,none,False,False,False,False,False,False,False,True,,https://www.nice.org.uk/guidance/ta987
England,NICE,breyanzi,LBCL_3L,2026-06-03,recommended-restricted,confidential-discount,False,False,False,False,True,True,False,False,"For this evaluation, the company asked for lisocabtagene maraleucel (liso-cel) to be considered only for relapsed or refractory diffuse large B-cell lymphoma or primary mediastinal large B-cell lymphoma after 2 or more lines of systemic treatment. This does not include everyone who it is licensed for. [...] To be recommended as a treatment option, liso-cel should be likely to provide similar outcomes, and cost less or have similar costs, as axi-cel. The results of cost-comparison analyses show the costs of liso-cel are similar to or less than axi-cel.",https://www.nice.org.uk/guidance/ta1159
England,NICE,breyanzi,LBCL_2L_ASCT_suitable,2025-03-26,recommended-restricted,confidential-discount,True,True,False,False,True,True,False,False,"For this evaluation, the company asked for liso-cel to be considered only for people who can have an autologous stem cell transplant. This does not include everyone who it is licensed for. [...] There are uncertainties in the assumptions used in the economic model. But there are also some benefits of liso-cel that are not captured in the modelling. These include the potential for people to have liso-cel as an outpatient treatment. The cost-effectiveness estimates are within the range that NICE considers an acceptable use of NHS resources. So, liso-cel is recommended.",https://www.nice.org.uk/guidance/ta1048
England,NICE,breyanzi,LBCL_2L_ASCT_unsuitable,2025-07-23,terminated-or-withdrawn,none,False,True,False,False,False,True,False,False,NICE is unable to make a recommendation about the use in the NHS of lisocabtagene maraleucel for treating relapsed or refractory large B-cell lymphomas after first-line chemotherapy in adults when a stem cell transplant is unsuitable. This is because Bristol-Myers Squibb has confirmed that it does not intend to make an evidence submission for the appraisal. Bristol-Myers Squibb considers that there is unlikely to be enough evidence that the technology is a cost-effective use of NHS resources in this population.,https://www.nice.org.uk/guidance/ta1083
England,NICE,breyanzi,FL_3L,2026-08-20,terminated-or-withdrawn,none,False,True,False,False,False,True,False,False,NICE is unable to make a recommendation about the use in the NHS of lisocabtagene maraleucel for treating relapsed or refractory follicular lymphoma in adults after 2 or more lines of systemic treatment. This is because Bristol Myers Squibb has confirmed that it does not intend to make an evidence submission for the evaluation. Bristol Myers Squibb considers that there is unlikely to be enough evidence that the technology is a cost-effective use of NHS resources for this population.,https://www.nice.org.uk/guidance/ta1186
England,NICE,breyanzi,CLL_SLL,2026-02-18,terminated-or-withdrawn,none,False,False,False,False,False,False,False,True,"Suspended. For information, the company have advised that they are no longer pursuing a Marketing Authorisation Application from the Medicines and Healthcare products Regulatory Agency (MHRA) for this indication at this time.",https://www.nice.org.uk/guidance/discontinued/gid-ta11001
England,NICE,abecma,MM_4L,2023-11-30,terminated-or-withdrawn,none,False,False,False,False,False,False,False,True,NICE is unable to make a recommendation about the use in the NHS of idecabtagene vicleucel for treating relapsed and refractory multiple myeloma in people after 3 or more treatments. This is because BMS has confirmed that it does not intend to make an evidence submission for the appraisal.,https://www.nice.org.uk/guidance/ta936
England,NICE,abecma,MM_3L,2025-07-23,terminated-or-withdrawn,none,False,True,False,False,False,True,False,False,NICE is unable to make a recommendation about the use in the NHS of idecabtagene vicleucel for treating relapsed or refractory multiple myeloma after 2 to 4 treatments in adults. This is because Bristol-Myers Squibb has confirmed that it does not intend to make an evidence submission for the appraisal. Bristol-Myers Squibb considers that there is unlikely to be enough evidence that the technology is a cost-effective use of NHS resources in this population.,https://www.nice.org.uk/guidance/ta1084
England,NICE,carvykti,MM_4L,2023-05-17,terminated-or-withdrawn,none,False,False,False,False,False,False,False,True,"NICE is unable to make a recommendation about the use in the NHS of ciltacabtagene autoleucel for treating relapsed or refractory multiple myeloma in adults. This is because Janssen withdrew its evidence submission for the appraisal. Janssen considers that the technology will not, at this time, be launched in the UK for treating this indication.",https://www.nice.org.uk/guidance/ta889
England,NICE,aucatzyl,ALL_adult_26plus,2025-12-11,recommended-restricted,confidential-discount,False,True,False,True,True,True,False,False,"Compared with tisagenlecleucel, which is usually offered to people aged 18 to 25 years, the most likely cost-effectiveness estimates for obe-cel are above the range NICE considers an acceptable use of NHS resources. So obe-cel is not recommended for people aged 18 to 25 years. For people 26 years and over, when considering the condition's severity and its effect on quality and length of life, the most likely cost-effectiveness estimates for obe-cel are within the range that NICE considers an acceptable use of NHS resources. So obe-cel is recommended for people aged 26 years and over.",https://www.nice.org.uk/guidance/ta1116
England,NICE,casgevy,TDT_12plus,2024-09-11,recommended-managed-access,managed-access-agreement,True,True,False,False,False,True,False,False,"Exa-cel has the potential to be cost effective compared with standard care. But the cost-effectiveness estimates are highly uncertain. This is because of the uncertainty in exa-cel's long-term effects and impact on quality of life, and in the outcomes for people on standard care. Some of the most likely cost-effectiveness estimates are higher than what NICE normally considers an acceptable use of NHS resources, even when accounting for exa-cel's innovative nature and the health inequalities experienced by people with beta-thalassaemia. Collecting more data through a managed access agreement may resolve some uncertainty in the evidence. So, exa-cel is recommended for use with managed access.",https://www.nice.org.uk/guidance/ta1003
England,NICE,casgevy,SCD_VOC_12plus,2025-02-26,recommended-managed-access,managed-access-agreement,True,True,False,False,False,True,False,False,"Taking this into account, exa-cel has the potential to be cost effective compared with standard care. But the cost-effectiveness estimates are highly uncertain. This is because of the uncertainty about exa-cel's long-term effects and its impact on quality of life, and about the outcomes for people having standard care. Some of the most likely cost-effectiveness estimates are higher than what NICE normally considers an acceptable use of NHS resources. Collecting more data through a managed access agreement may resolve some uncertainty in the evidence. So, exa-cel is recommended for use with managed access.",https://www.nice.org.uk/guidance/ta1044
England,NICE,zolgensma,SMA_type1,2021-07-07,recommended-restricted,managed-access-agreement,True,True,False,True,True,True,False,False,"Because of the uncertainty in the clinical data, the cost-effectiveness estimates for onasemnogene abeparvovec for treating type 1 SMA are uncertain. However, they are likely to be within the range that NICE considers an effective use of NHS resources for highly specialised technologies for: babies 6 months and younger; babies aged 7 to 12 months if it is likely that they will have a similar benefit from treatment with onasemnogene abeparvovec as younger babies. [...] There is no evidence available for treatment with onasemnogene abeparvovec in babies with type 2 or 3 SMA with up to 3 copies of the SMN2 gene. Nor is there any evidence for its use in babies with type 1 SMA treated with nusinersen. Also, there are no ongoing clinical trials in these populations. Therefore, no recommendation can be made based on the clinical and cost effectiveness of onasemnogene abeparvovec treatment for these populations.",https://www.nice.org.uk/guidance/hst15
England,NICE,zolgensma,SMA_presymptomatic,2023-04-19,recommended,confidential-discount,True,True,False,False,True,True,False,False,"Despite the high levels of uncertainty, there is evidence that onasemnogene abeparvovec provides substantial health benefits, such as reaching important motor milestones, for babies with presymptomatic SMA. The cost-effectiveness results show a lower overall cost compared with onasemnogene abeparvovec for type 1 SMA and best supportive care for types 2 and 3 SMA for babies aged 6 weeks and under.",https://www.nice.org.uk/guidance/hst24
England,NICE,luxturna,RPE65,2019-10-09,recommended,confidential-discount,True,False,False,False,True,False,False,False,"Some assumptions in the economic modelling are uncertain, particularly around the utility values and how long the treatment effect lasts. Despite the uncertainties, voretigene neparvovec is likely to provide important clinical benefits for people with RPE65-mediated inherited retinal dystrophies, and is considered an appropriate use of NHS resources within the context of a highly specialised service. It is therefore recommended for use in the NHS.",https://www.nice.org.uk/guidance/hst11
England,NICE,hemgenix,HEMB_adult,2024-07-24,recommended-managed-access,managed-access-agreement,True,True,False,False,False,True,False,False,"Etranacogene dezaparvovec has the potential to be cost effective compared with FIX prophylaxis. But the cost-effectiveness estimates are highly uncertain because of the uncertainty in how long the treatment effect will last. So, etranacogene dezaparvovec is not recommended for routine use in the NHS. Collecting more data through a managed access agreement may resolve the uncertainty in the evidence. So, etranacogene dezaparvovec is recommended for use with managed access.",https://www.nice.org.uk/guidance/ta989
England,NICE,lenmeldy,MLD_early,2022-03-28,recommended,confidential-discount,True,True,False,False,True,True,False,False,"The cost-effectiveness estimates show that atidarsagene autotemcel provides substantial extra health and quality-of-life benefits. But how much is uncertain, and it varies for the different types of the condition. Taking into account the long-term uncertainty, for children with late infantile and early juvenile forms of the condition, the cost-effectiveness estimates are within what NICE normally considers an acceptable use of NHS resources for highly specialised technologies.",https://www.nice.org.uk/guidance/hst18
England,NICE,kebilidi,AADC_severe_18m_plus,2023-04-19,recommended,confidential-discount,True,True,False,False,True,False,False,False,"The clinical evidence suggests that eladocagene exuparvovec improves motor development, and that these improvements will last. But the results are uncertain because the studies are very small, and provide limited long-term data and limited information about non-motor outcomes. Even taking this uncertainty into account, the cost-effectiveness estimates for eladocagene exuparvovec are within the range that NICE considers an effective use of NHS resources for highly specialised technologies. So, eladocagene exuparvovec is recommended for routine use in the NHS.",https://www.nice.org.uk/guidance/hst26
England,NICE,strimvelis,ADA_SCID,2018-02-07,recommended,none,True,True,False,False,True,False,False,False,"There are also several important uncertainties in the cost-effectiveness results associated with Strimvelis. However, there are health-related and wider benefits not included in the economic analysis but which are important to consider. Taking these into account, and considering the additional weight that can be assigned to the benefits when the estimated health gain is large, the plausible cost-effectiveness estimates for Strimvelis are within the range normally considered value for money in the context of a highly specialised service.",https://www.nice.org.uk/guidance/hst7
England,NICE,zynteglo,TDT_12plus,2022-12-16,terminated-or-withdrawn,none,False,False,False,False,False,False,False,True,Suspended. This appraisal has been suspended while Bluebird Bio explores how to give patients in Europe access to its gene therapies in light of its forthcoming operational changes. A further update will be provided by late autumn.,https://www.nice.org.uk/guidance/discontinued/gid-ta10334
England,NICE,skysona,CALD,2023-02-10,terminated-or-withdrawn,none,False,False,False,False,False,False,False,True,"For information the company have advised that they will no longer have a commercial presence in Europe in the near future and will not therefore be making a submission, or making this gene therapy available in the UK. Therefore, in collaboration with the company, NICE has suspended this evaluation from its current work programme.",https://www.nice.org.uk/guidance/discontinued/gid-hst10038
England,NICE,beqvez,HEMB_adult,2026-06-04,terminated-or-withdrawn,none,False,False,True,False,False,False,False,False,"Suspended. The company has informed NICE that it will be withdrawing its evidence submission for this appraisal given fidanacogene elaparvovec cannot be launched until the expiry of uniQure's European Patent 3,581,650 in the UK. Therefore, we are suspending the appraisal while we consider the next steps.",https://www.nice.org.uk/guidance/discontinued/gid-ta11117
England,NICE,ebvallo,EBV_PTLD,2023-10-19,terminated-or-withdrawn,none,False,False,False,False,False,False,False,True,NICE is unable to make a recommendation about the use in the NHS of tabelecleucel for treating post-transplant lymphoproliferative disorder caused by the Epstein-Barr virus. This is because Pierre Fabre Ltd has confirmed that it does not intend to make an evidence submission for the appraisal at this time and will review this at a later date.,https://www.nice.org.uk/guidance/ta923
England,NICE,alofisel,CD_perianal_fistula,2019-01-09,not-recommended,none,True,True,False,False,True,False,False,False,"In a single clinical trial comparing remission rates for darvadstrocel and placebo, only an additional 14% of people showed a beneficial effect from darvadstrocel over and above placebo. Reliable follow-up results are only available for up to 1 year during which time more than 50% of patients who had remission subsequently relapsed in both the darvadstrocel and placebo arms, so it is unclear how long the treatment benefit will last. [...] The cost-effectiveness estimates are therefore highly uncertain and the committee was unable to decide on the most plausible cost-effectiveness estimate. Because of this, darvadstrocel cannot be recommended for routine commissioning for treating complex perianal fistulas in people with Crohn's disease.",https://www.nice.org.uk/guidance/ta556
England,NICE,imlygic,MEL_unresectable_3B_4M1a,2016-09-28,recommended-restricted,confidential-discount,True,True,False,False,True,True,False,False,"The committee was not able to determine the ICER for talimogene laherparepvec compared with ipilimumab because of uncertainties in the relative clinical effectiveness of these agents. The committee considered talimogene laherparepvec to be cost effective compared with dacarbazine (£23,900 per QALY gained) and best supportive care (£24,100 per QALY gained) in people whose disease was not suitable for treatment with systemically administered immunotherapies.",https://www.nice.org.uk/guidance/ta410
England,NICE,provenge,mCRPC_asymptomatic,2015-02-23,not-recommended,none,False,False,False,False,True,False,False,False,"NICE does not recommend Sipuleucel-T as a treatment for people with metastatic non-visceral hormone-relapsed prostate cancer, who have few or no symptoms and when chemotherapy is not yet suitable.",https://www.nice.org.uk/guidance/ta332
