registry,geography,year,product_or_class,count,count_type,per_10m_population,verbatim,source_doc,source_url,status,notes
EBMT activity survey,Europe (EBMT survey area),2024,CAR-T all,6090,patients,,"Europe 688 centres: 43791 (47204) 19900/23891, 6090 (6204) 45/6045","Greco R, Sánchez-Ortega I et al. The 2024 EBMT activity report: crossing one million HCTs and 20,000 CAR-T. A landmark in cellular therapy. Bone Marrow Transplant 2026 (doi 10.1038/s41409-026-02919-9) - Supplementary file: EBMT Transplant Activity Survey: List of reporting transplant centers in 2024 (Appendix 2024, 41409_2026_2919_MOESM3_ESM.pdf)",https://media.springernature.com/original/springer-static/esm/art%3A10.1038%2Fs41409-026-02919-9/MediaObjects/41409_2026_2919_MOESM3_ESM.pdf,verified-from-source,"Appendix header: Number of reporting centers: total 1st HCT (total all HCT) N allogeneic 1st HCT / N autologous 1st HCT, total 1st CAR-T (total all CAR-T) N allogeneic 1st CAR-T / N autologous 1st CAR-T. Count = total 1st CAR-T across 688 reporting centres; total all CAR-T 6204; allogeneic 1st CAR-T 45 / autologous 1st CAR-T 6045. Paper body gives 6082 first infusions and 6196 therapies (appendix totals differ slightly: 6090/6204); fetched 2026-09-05"
EBMT activity survey,Europe (EBMT survey area),2024,CAR-T all,6204,infusions,,"Europe 688 centres: 43791 (47204) 19900/23891, 6090 (6204) 45/6045","Greco R, Sánchez-Ortega I et al. The 2024 EBMT activity report: crossing one million HCTs and 20,000 CAR-T. A landmark in cellular therapy. Bone Marrow Transplant 2026 (doi 10.1038/s41409-026-02919-9) - Supplementary file: EBMT Transplant Activity Survey: List of reporting transplant centers in 2024 (Appendix 2024, 41409_2026_2919_MOESM3_ESM.pdf)",https://media.springernature.com/original/springer-static/esm/art%3A10.1038%2Fs41409-026-02919-9/MediaObjects/41409_2026_2919_MOESM3_ESM.pdf,verified-from-source,Total all CAR-T (first plus additional infusions) from appendix Europe line; see notes on the patients row; fetched 2026-09-05
EBMT activity survey,Algeria,2024,CAR-T all,0,patients,,"Algeria: (2 centres: 383 (383) 195/188), (0 (0) 0/0)","Greco R, Sánchez-Ortega I et al. The 2024 EBMT activity report: crossing one million HCTs and 20,000 CAR-T. A landmark in cellular therapy. Bone Marrow Transplant 2026 (doi 10.1038/s41409-026-02919-9) - Supplementary file: EBMT Transplant Activity Survey: List of reporting transplant centers in 2024 (Appendix 2024, 41409_2026_2919_MOESM3_ESM.pdf)",https://media.springernature.com/original/springer-static/esm/art%3A10.1038%2Fs41409-026-02919-9/MediaObjects/41409_2026_2919_MOESM3_ESM.pdf,verified-from-source,"Country line of Appendix 2024; format per header: Number of reporting centers: total 1st HCT (total all HCT) N allogeneic 1st HCT / N autologous 1st HCT, total 1st CAR-T (total all CAR-T) N allogeneic 1st CAR-T / N autologous 1st CAR-T. First CAR-T 0 (all CAR-T 0), allogeneic 1st 0 / autologous 1st 0. Covers centres reporting to the EBMT activity survey (HCT-reporting centres; CAR-T reported by the same centres); derived from the centre lines: 0 of 2 reporting centres list >=1 first CAR-T in 2024 (all 2 centre lines parsed, sums reconcile); fetched 2026-09-05"
EBMT activity survey,Armenia,2024,CAR-T all,0,patients,,"Armenia: (1 centres: 59 (59) 9/50), (0 (0) 0/0)","Greco R, Sánchez-Ortega I et al. The 2024 EBMT activity report: crossing one million HCTs and 20,000 CAR-T. A landmark in cellular therapy. Bone Marrow Transplant 2026 (doi 10.1038/s41409-026-02919-9) - Supplementary file: EBMT Transplant Activity Survey: List of reporting transplant centers in 2024 (Appendix 2024, 41409_2026_2919_MOESM3_ESM.pdf)",https://media.springernature.com/original/springer-static/esm/art%3A10.1038%2Fs41409-026-02919-9/MediaObjects/41409_2026_2919_MOESM3_ESM.pdf,verified-from-source,"Country line of Appendix 2024; format per header: Number of reporting centers: total 1st HCT (total all HCT) N allogeneic 1st HCT / N autologous 1st HCT, total 1st CAR-T (total all CAR-T) N allogeneic 1st CAR-T / N autologous 1st CAR-T. First CAR-T 0 (all CAR-T 0), allogeneic 1st 0 / autologous 1st 0. Covers centres reporting to the EBMT activity survey (HCT-reporting centres; CAR-T reported by the same centres); derived from the centre lines: 0 of 1 reporting centres list >=1 first CAR-T in 2024 (all 1 centre lines parsed, sums reconcile); fetched 2026-09-05"
EBMT activity survey,Austria,2024,CAR-T all,89,patients,97.17,"Austria: (13 centres: 542 (591) 250/292), (89 (118) 0/89)","Greco R, Sánchez-Ortega I et al. The 2024 EBMT activity report: crossing one million HCTs and 20,000 CAR-T. A landmark in cellular therapy. Bone Marrow Transplant 2026 (doi 10.1038/s41409-026-02919-9) - Supplementary file: EBMT Transplant Activity Survey: List of reporting transplant centers in 2024 (Appendix 2024, 41409_2026_2919_MOESM3_ESM.pdf)",https://media.springernature.com/original/springer-static/esm/art%3A10.1038%2Fs41409-026-02919-9/MediaObjects/41409_2026_2919_MOESM3_ESM.pdf,verified-from-source,"Country line of Appendix 2024; format per header: Number of reporting centers: total 1st HCT (total all HCT) N allogeneic 1st HCT / N autologous 1st HCT, total 1st CAR-T (total all CAR-T) N allogeneic 1st CAR-T / N autologous 1st CAR-T. First CAR-T 89 (all CAR-T 118), allogeneic 1st 0 / autologous 1st 89. Covers centres reporting to the EBMT activity survey (HCT-reporting centres; CAR-T reported by the same centres); derived from the centre lines: 6 of 13 reporting centres list >=1 first CAR-T in 2024 (all 13 centre lines parsed, sums reconcile); 2024 rate 97,17 per 10 million from Supplementary Table 2 of the same paper; fetched 2026-09-05"
EBMT activity survey,Austria,2024,CAR-T all,118,infusions,,"Austria: (13 centres: 542 (591) 250/292), (89 (118) 0/89)","Greco R, Sánchez-Ortega I et al. The 2024 EBMT activity report: crossing one million HCTs and 20,000 CAR-T. A landmark in cellular therapy. Bone Marrow Transplant 2026 (doi 10.1038/s41409-026-02919-9) - Supplementary file: EBMT Transplant Activity Survey: List of reporting transplant centers in 2024 (Appendix 2024, 41409_2026_2919_MOESM3_ESM.pdf)",https://media.springernature.com/original/springer-static/esm/art%3A10.1038%2Fs41409-026-02919-9/MediaObjects/41409_2026_2919_MOESM3_ESM.pdf,verified-from-source,Total all CAR-T (first plus additional infusions) for Austria; first CAR-T 89; fetched 2026-09-05
EBMT activity survey,Azerbaijan,2024,CAR-T all,0,patients,,"Azerbaijan: (1 centres: 32 (32) 30/2), (0 (0) 0/0)","Greco R, Sánchez-Ortega I et al. The 2024 EBMT activity report: crossing one million HCTs and 20,000 CAR-T. A landmark in cellular therapy. Bone Marrow Transplant 2026 (doi 10.1038/s41409-026-02919-9) - Supplementary file: EBMT Transplant Activity Survey: List of reporting transplant centers in 2024 (Appendix 2024, 41409_2026_2919_MOESM3_ESM.pdf)",https://media.springernature.com/original/springer-static/esm/art%3A10.1038%2Fs41409-026-02919-9/MediaObjects/41409_2026_2919_MOESM3_ESM.pdf,verified-from-source,"Country line of Appendix 2024; format per header: Number of reporting centers: total 1st HCT (total all HCT) N allogeneic 1st HCT / N autologous 1st HCT, total 1st CAR-T (total all CAR-T) N allogeneic 1st CAR-T / N autologous 1st CAR-T. First CAR-T 0 (all CAR-T 0), allogeneic 1st 0 / autologous 1st 0. Covers centres reporting to the EBMT activity survey (HCT-reporting centres; CAR-T reported by the same centres); fetched 2026-09-05"
EBMT activity survey,Belarus,2024,CAR-T all,0,patients,,"Belarus: (2 centres: 259 (262) 67/192), (0 (0) 0/0)","Greco R, Sánchez-Ortega I et al. The 2024 EBMT activity report: crossing one million HCTs and 20,000 CAR-T. A landmark in cellular therapy. Bone Marrow Transplant 2026 (doi 10.1038/s41409-026-02919-9) - Supplementary file: EBMT Transplant Activity Survey: List of reporting transplant centers in 2024 (Appendix 2024, 41409_2026_2919_MOESM3_ESM.pdf)",https://media.springernature.com/original/springer-static/esm/art%3A10.1038%2Fs41409-026-02919-9/MediaObjects/41409_2026_2919_MOESM3_ESM.pdf,verified-from-source,"Country line of Appendix 2024; format per header: Number of reporting centers: total 1st HCT (total all HCT) N allogeneic 1st HCT / N autologous 1st HCT, total 1st CAR-T (total all CAR-T) N allogeneic 1st CAR-T / N autologous 1st CAR-T. First CAR-T 0 (all CAR-T 0), allogeneic 1st 0 / autologous 1st 0. Covers centres reporting to the EBMT activity survey (HCT-reporting centres; CAR-T reported by the same centres); fetched 2026-09-05"
EBMT activity survey,Belgium,2024,CAR-T all,159,patients,134.55,"Belgium: (16 centres: 904 (983) 436/468), (159 (164) 0/159)","Greco R, Sánchez-Ortega I et al. The 2024 EBMT activity report: crossing one million HCTs and 20,000 CAR-T. A landmark in cellular therapy. Bone Marrow Transplant 2026 (doi 10.1038/s41409-026-02919-9) - Supplementary file: EBMT Transplant Activity Survey: List of reporting transplant centers in 2024 (Appendix 2024, 41409_2026_2919_MOESM3_ESM.pdf)",https://media.springernature.com/original/springer-static/esm/art%3A10.1038%2Fs41409-026-02919-9/MediaObjects/41409_2026_2919_MOESM3_ESM.pdf,verified-from-source,"Country line of Appendix 2024; format per header: Number of reporting centers: total 1st HCT (total all HCT) N allogeneic 1st HCT / N autologous 1st HCT, total 1st CAR-T (total all CAR-T) N allogeneic 1st CAR-T / N autologous 1st CAR-T. First CAR-T 159 (all CAR-T 164), allogeneic 1st 0 / autologous 1st 159. Covers centres reporting to the EBMT activity survey (HCT-reporting centres; CAR-T reported by the same centres); derived from the centre lines: at least 8 centres list >=1 first CAR-T in 2024 (only 15 of 16 centre lines parsed cleanly, so this is a lower bound); 2024 rate 134,55 per 10 million from Supplementary Table 2 of the same paper; fetched 2026-09-05"
EBMT activity survey,Belgium,2024,CAR-T all,164,infusions,,"Belgium: (16 centres: 904 (983) 436/468), (159 (164) 0/159)","Greco R, Sánchez-Ortega I et al. The 2024 EBMT activity report: crossing one million HCTs and 20,000 CAR-T. A landmark in cellular therapy. Bone Marrow Transplant 2026 (doi 10.1038/s41409-026-02919-9) - Supplementary file: EBMT Transplant Activity Survey: List of reporting transplant centers in 2024 (Appendix 2024, 41409_2026_2919_MOESM3_ESM.pdf)",https://media.springernature.com/original/springer-static/esm/art%3A10.1038%2Fs41409-026-02919-9/MediaObjects/41409_2026_2919_MOESM3_ESM.pdf,verified-from-source,Total all CAR-T (first plus additional infusions) for Belgium; first CAR-T 159; fetched 2026-09-05
EBMT activity survey,Bosnia and Herzegovina,2024,CAR-T all,0,patients,,"Bosnia and Herzegovina: (1 centres: 7 (7) 0/7), (0 (0) 0/0)","Greco R, Sánchez-Ortega I et al. The 2024 EBMT activity report: crossing one million HCTs and 20,000 CAR-T. A landmark in cellular therapy. Bone Marrow Transplant 2026 (doi 10.1038/s41409-026-02919-9) - Supplementary file: EBMT Transplant Activity Survey: List of reporting transplant centers in 2024 (Appendix 2024, 41409_2026_2919_MOESM3_ESM.pdf)",https://media.springernature.com/original/springer-static/esm/art%3A10.1038%2Fs41409-026-02919-9/MediaObjects/41409_2026_2919_MOESM3_ESM.pdf,verified-from-source,"Country line of Appendix 2024; format per header: Number of reporting centers: total 1st HCT (total all HCT) N allogeneic 1st HCT / N autologous 1st HCT, total 1st CAR-T (total all CAR-T) N allogeneic 1st CAR-T / N autologous 1st CAR-T. First CAR-T 0 (all CAR-T 0), allogeneic 1st 0 / autologous 1st 0. Covers centres reporting to the EBMT activity survey (HCT-reporting centres; CAR-T reported by the same centres); derived from the centre lines: 0 of 1 reporting centres list >=1 first CAR-T in 2024 (all 1 centre lines parsed, sums reconcile); fetched 2026-09-05"
EBMT activity survey,Bulgaria,2024,CAR-T all,0,patients,,"Bulgaria: (2 centres: 118 (118) 30/88), (0 (0) 0/0)","Greco R, Sánchez-Ortega I et al. The 2024 EBMT activity report: crossing one million HCTs and 20,000 CAR-T. A landmark in cellular therapy. Bone Marrow Transplant 2026 (doi 10.1038/s41409-026-02919-9) - Supplementary file: EBMT Transplant Activity Survey: List of reporting transplant centers in 2024 (Appendix 2024, 41409_2026_2919_MOESM3_ESM.pdf)",https://media.springernature.com/original/springer-static/esm/art%3A10.1038%2Fs41409-026-02919-9/MediaObjects/41409_2026_2919_MOESM3_ESM.pdf,verified-from-source,"Country line of Appendix 2024; format per header: Number of reporting centers: total 1st HCT (total all HCT) N allogeneic 1st HCT / N autologous 1st HCT, total 1st CAR-T (total all CAR-T) N allogeneic 1st CAR-T / N autologous 1st CAR-T. First CAR-T 0 (all CAR-T 0), allogeneic 1st 0 / autologous 1st 0. Covers centres reporting to the EBMT activity survey (HCT-reporting centres; CAR-T reported by the same centres); derived from the centre lines: 0 of 2 reporting centres list >=1 first CAR-T in 2024 (all 2 centre lines parsed, sums reconcile); fetched 2026-09-05"
EBMT activity survey,Croatia,2024,CAR-T all,9,patients,23.3,"Croatia: (4 centres: 255 (301) 90/165), (9 (9) 0/9)","Greco R, Sánchez-Ortega I et al. The 2024 EBMT activity report: crossing one million HCTs and 20,000 CAR-T. A landmark in cellular therapy. Bone Marrow Transplant 2026 (doi 10.1038/s41409-026-02919-9) - Supplementary file: EBMT Transplant Activity Survey: List of reporting transplant centers in 2024 (Appendix 2024, 41409_2026_2919_MOESM3_ESM.pdf)",https://media.springernature.com/original/springer-static/esm/art%3A10.1038%2Fs41409-026-02919-9/MediaObjects/41409_2026_2919_MOESM3_ESM.pdf,verified-from-source,"Country line of Appendix 2024; format per header: Number of reporting centers: total 1st HCT (total all HCT) N allogeneic 1st HCT / N autologous 1st HCT, total 1st CAR-T (total all CAR-T) N allogeneic 1st CAR-T / N autologous 1st CAR-T. First CAR-T 9 (all CAR-T 9), allogeneic 1st 0 / autologous 1st 9. Covers centres reporting to the EBMT activity survey (HCT-reporting centres; CAR-T reported by the same centres); 2024 rate 23,3 per 10 million from Supplementary Table 2 of the same paper; fetched 2026-09-05"
EBMT activity survey,Croatia,2024,CAR-T all,9,infusions,,"Croatia: (4 centres: 255 (301) 90/165), (9 (9) 0/9)","Greco R, Sánchez-Ortega I et al. The 2024 EBMT activity report: crossing one million HCTs and 20,000 CAR-T. A landmark in cellular therapy. Bone Marrow Transplant 2026 (doi 10.1038/s41409-026-02919-9) - Supplementary file: EBMT Transplant Activity Survey: List of reporting transplant centers in 2024 (Appendix 2024, 41409_2026_2919_MOESM3_ESM.pdf)",https://media.springernature.com/original/springer-static/esm/art%3A10.1038%2Fs41409-026-02919-9/MediaObjects/41409_2026_2919_MOESM3_ESM.pdf,verified-from-source,Total all CAR-T (first plus additional infusions) for Croatia; first CAR-T 9; fetched 2026-09-05
EBMT activity survey,Cyprus,2024,CAR-T all,0,patients,,"Cyprus: (2 centres: 18 (18) 0/18), (0 (0) 0/0)","Greco R, Sánchez-Ortega I et al. The 2024 EBMT activity report: crossing one million HCTs and 20,000 CAR-T. A landmark in cellular therapy. Bone Marrow Transplant 2026 (doi 10.1038/s41409-026-02919-9) - Supplementary file: EBMT Transplant Activity Survey: List of reporting transplant centers in 2024 (Appendix 2024, 41409_2026_2919_MOESM3_ESM.pdf)",https://media.springernature.com/original/springer-static/esm/art%3A10.1038%2Fs41409-026-02919-9/MediaObjects/41409_2026_2919_MOESM3_ESM.pdf,verified-from-source,"Country line of Appendix 2024; format per header: Number of reporting centers: total 1st HCT (total all HCT) N allogeneic 1st HCT / N autologous 1st HCT, total 1st CAR-T (total all CAR-T) N allogeneic 1st CAR-T / N autologous 1st CAR-T. First CAR-T 0 (all CAR-T 0), allogeneic 1st 0 / autologous 1st 0. Covers centres reporting to the EBMT activity survey (HCT-reporting centres; CAR-T reported by the same centres); derived from the centre lines: 0 of 2 reporting centres list >=1 first CAR-T in 2024 (all 2 centre lines parsed, sums reconcile); fetched 2026-09-05"
EBMT activity survey,Czech Republic,2024,CAR-T all,98,patients,89.9,"Czech Republic: (9 centres: 540 (642) 232/308), (98 (102) 0/98)","Greco R, Sánchez-Ortega I et al. The 2024 EBMT activity report: crossing one million HCTs and 20,000 CAR-T. A landmark in cellular therapy. Bone Marrow Transplant 2026 (doi 10.1038/s41409-026-02919-9) - Supplementary file: EBMT Transplant Activity Survey: List of reporting transplant centers in 2024 (Appendix 2024, 41409_2026_2919_MOESM3_ESM.pdf)",https://media.springernature.com/original/springer-static/esm/art%3A10.1038%2Fs41409-026-02919-9/MediaObjects/41409_2026_2919_MOESM3_ESM.pdf,verified-from-source,"Country line of Appendix 2024; format per header: Number of reporting centers: total 1st HCT (total all HCT) N allogeneic 1st HCT / N autologous 1st HCT, total 1st CAR-T (total all CAR-T) N allogeneic 1st CAR-T / N autologous 1st CAR-T. First CAR-T 98 (all CAR-T 102), allogeneic 1st 0 / autologous 1st 98. Covers centres reporting to the EBMT activity survey (HCT-reporting centres; CAR-T reported by the same centres); derived from the centre lines: at least 6 centres list >=1 first CAR-T in 2024 (only 7 of 9 centre lines parsed cleanly, so this is a lower bound); 2024 rate 89,9 per 10 million from Supplementary Table 2 of the same paper; fetched 2026-09-05"
EBMT activity survey,Czech Republic,2024,CAR-T all,102,infusions,,"Czech Republic: (9 centres: 540 (642) 232/308), (98 (102) 0/98)","Greco R, Sánchez-Ortega I et al. The 2024 EBMT activity report: crossing one million HCTs and 20,000 CAR-T. A landmark in cellular therapy. Bone Marrow Transplant 2026 (doi 10.1038/s41409-026-02919-9) - Supplementary file: EBMT Transplant Activity Survey: List of reporting transplant centers in 2024 (Appendix 2024, 41409_2026_2919_MOESM3_ESM.pdf)",https://media.springernature.com/original/springer-static/esm/art%3A10.1038%2Fs41409-026-02919-9/MediaObjects/41409_2026_2919_MOESM3_ESM.pdf,verified-from-source,Total all CAR-T (first plus additional infusions) for Czech Republic; first CAR-T 98; fetched 2026-09-05
EBMT activity survey,Denmark,2024,CAR-T all,30,patients,50.33,"Denmark: (3 centres: 324 (340) 172/152), (30 (30) 0/30)","Greco R, Sánchez-Ortega I et al. The 2024 EBMT activity report: crossing one million HCTs and 20,000 CAR-T. A landmark in cellular therapy. Bone Marrow Transplant 2026 (doi 10.1038/s41409-026-02919-9) - Supplementary file: EBMT Transplant Activity Survey: List of reporting transplant centers in 2024 (Appendix 2024, 41409_2026_2919_MOESM3_ESM.pdf)",https://media.springernature.com/original/springer-static/esm/art%3A10.1038%2Fs41409-026-02919-9/MediaObjects/41409_2026_2919_MOESM3_ESM.pdf,verified-from-source,"Country line of Appendix 2024; format per header: Number of reporting centers: total 1st HCT (total all HCT) N allogeneic 1st HCT / N autologous 1st HCT, total 1st CAR-T (total all CAR-T) N allogeneic 1st CAR-T / N autologous 1st CAR-T. First CAR-T 30 (all CAR-T 30), allogeneic 1st 0 / autologous 1st 30. Covers centres reporting to the EBMT activity survey (HCT-reporting centres; CAR-T reported by the same centres); derived from the centre lines: 2 of 3 reporting centres list >=1 first CAR-T in 2024 (all 3 centre lines parsed, sums reconcile); 2024 rate 50,33 per 10 million from Supplementary Table 2 of the same paper; fetched 2026-09-05"
EBMT activity survey,Denmark,2024,CAR-T all,30,infusions,,"Denmark: (3 centres: 324 (340) 172/152), (30 (30) 0/30)","Greco R, Sánchez-Ortega I et al. The 2024 EBMT activity report: crossing one million HCTs and 20,000 CAR-T. A landmark in cellular therapy. Bone Marrow Transplant 2026 (doi 10.1038/s41409-026-02919-9) - Supplementary file: EBMT Transplant Activity Survey: List of reporting transplant centers in 2024 (Appendix 2024, 41409_2026_2919_MOESM3_ESM.pdf)",https://media.springernature.com/original/springer-static/esm/art%3A10.1038%2Fs41409-026-02919-9/MediaObjects/41409_2026_2919_MOESM3_ESM.pdf,verified-from-source,Total all CAR-T (first plus additional infusions) for Denmark; first CAR-T 30; fetched 2026-09-05
EBMT activity survey,Estonia,2024,CAR-T all,0,patients,,"Estonia: (2 centres: 84 (99) 28/56), (0 (0) 0/0)","Greco R, Sánchez-Ortega I et al. The 2024 EBMT activity report: crossing one million HCTs and 20,000 CAR-T. A landmark in cellular therapy. Bone Marrow Transplant 2026 (doi 10.1038/s41409-026-02919-9) - Supplementary file: EBMT Transplant Activity Survey: List of reporting transplant centers in 2024 (Appendix 2024, 41409_2026_2919_MOESM3_ESM.pdf)",https://media.springernature.com/original/springer-static/esm/art%3A10.1038%2Fs41409-026-02919-9/MediaObjects/41409_2026_2919_MOESM3_ESM.pdf,verified-from-source,"Country line of Appendix 2024; format per header: Number of reporting centers: total 1st HCT (total all HCT) N allogeneic 1st HCT / N autologous 1st HCT, total 1st CAR-T (total all CAR-T) N allogeneic 1st CAR-T / N autologous 1st CAR-T. First CAR-T 0 (all CAR-T 0), allogeneic 1st 0 / autologous 1st 0. Covers centres reporting to the EBMT activity survey (HCT-reporting centres; CAR-T reported by the same centres); derived from the centre lines: 0 of 2 reporting centres list >=1 first CAR-T in 2024 (all 2 centre lines parsed, sums reconcile); fetched 2026-09-05"
EBMT activity survey,Finland,2024,CAR-T all,34,patients,60.67,"Finland: (7 centres: 337 (350) 127/210), (34 (35) 0/34)","Greco R, Sánchez-Ortega I et al. The 2024 EBMT activity report: crossing one million HCTs and 20,000 CAR-T. A landmark in cellular therapy. Bone Marrow Transplant 2026 (doi 10.1038/s41409-026-02919-9) - Supplementary file: EBMT Transplant Activity Survey: List of reporting transplant centers in 2024 (Appendix 2024, 41409_2026_2919_MOESM3_ESM.pdf)",https://media.springernature.com/original/springer-static/esm/art%3A10.1038%2Fs41409-026-02919-9/MediaObjects/41409_2026_2919_MOESM3_ESM.pdf,verified-from-source,"Country line of Appendix 2024; format per header: Number of reporting centers: total 1st HCT (total all HCT) N allogeneic 1st HCT / N autologous 1st HCT, total 1st CAR-T (total all CAR-T) N allogeneic 1st CAR-T / N autologous 1st CAR-T. First CAR-T 34 (all CAR-T 35), allogeneic 1st 0 / autologous 1st 34. Covers centres reporting to the EBMT activity survey (HCT-reporting centres; CAR-T reported by the same centres); derived from the centre lines: at least 4 centres list >=1 first CAR-T in 2024 (only 6 of 7 centre lines parsed cleanly, so this is a lower bound); 2024 rate 60,67 per 10 million from Supplementary Table 2 of the same paper; fetched 2026-09-05"
EBMT activity survey,Finland,2024,CAR-T all,35,infusions,,"Finland: (7 centres: 337 (350) 127/210), (34 (35) 0/34)","Greco R, Sánchez-Ortega I et al. The 2024 EBMT activity report: crossing one million HCTs and 20,000 CAR-T. A landmark in cellular therapy. Bone Marrow Transplant 2026 (doi 10.1038/s41409-026-02919-9) - Supplementary file: EBMT Transplant Activity Survey: List of reporting transplant centers in 2024 (Appendix 2024, 41409_2026_2919_MOESM3_ESM.pdf)",https://media.springernature.com/original/springer-static/esm/art%3A10.1038%2Fs41409-026-02919-9/MediaObjects/41409_2026_2919_MOESM3_ESM.pdf,verified-from-source,Total all CAR-T (first plus additional infusions) for Finland; first CAR-T 34; fetched 2026-09-05
EBMT activity survey,France,2024,CAR-T all,1093,patients,159.64,"France: (69 centres: 4361 (4654) 2097/2264), (1093 (1102) 1/1092)","Greco R, Sánchez-Ortega I et al. The 2024 EBMT activity report: crossing one million HCTs and 20,000 CAR-T. A landmark in cellular therapy. Bone Marrow Transplant 2026 (doi 10.1038/s41409-026-02919-9) - Supplementary file: EBMT Transplant Activity Survey: List of reporting transplant centers in 2024 (Appendix 2024, 41409_2026_2919_MOESM3_ESM.pdf)",https://media.springernature.com/original/springer-static/esm/art%3A10.1038%2Fs41409-026-02919-9/MediaObjects/41409_2026_2919_MOESM3_ESM.pdf,verified-from-source,"Country line of Appendix 2024; format per header: Number of reporting centers: total 1st HCT (total all HCT) N allogeneic 1st HCT / N autologous 1st HCT, total 1st CAR-T (total all CAR-T) N allogeneic 1st CAR-T / N autologous 1st CAR-T. First CAR-T 1093 (all CAR-T 1102), allogeneic 1st 1 / autologous 1st 1092. Covers centres reporting to the EBMT activity survey (HCT-reporting centres; CAR-T reported by the same centres); derived from the centre lines: at least 30 centres list >=1 first CAR-T in 2024 (only 67 of 69 centre lines parsed cleanly, so this is a lower bound); 2024 rate 159,64 per 10 million from Supplementary Table 2 of the same paper; fetched 2026-09-05"
EBMT activity survey,France,2024,CAR-T all,1102,infusions,,"France: (69 centres: 4361 (4654) 2097/2264), (1093 (1102) 1/1092)","Greco R, Sánchez-Ortega I et al. The 2024 EBMT activity report: crossing one million HCTs and 20,000 CAR-T. A landmark in cellular therapy. Bone Marrow Transplant 2026 (doi 10.1038/s41409-026-02919-9) - Supplementary file: EBMT Transplant Activity Survey: List of reporting transplant centers in 2024 (Appendix 2024, 41409_2026_2919_MOESM3_ESM.pdf)",https://media.springernature.com/original/springer-static/esm/art%3A10.1038%2Fs41409-026-02919-9/MediaObjects/41409_2026_2919_MOESM3_ESM.pdf,verified-from-source,Total all CAR-T (first plus additional infusions) for France; first CAR-T 1093; fetched 2026-09-05
EBMT activity survey,Georgia,2024,CAR-T all,0,patients,,"Georgia: (1 centres: 59 (59) 1/58), (0 (0) 0/0)","Greco R, Sánchez-Ortega I et al. The 2024 EBMT activity report: crossing one million HCTs and 20,000 CAR-T. A landmark in cellular therapy. Bone Marrow Transplant 2026 (doi 10.1038/s41409-026-02919-9) - Supplementary file: EBMT Transplant Activity Survey: List of reporting transplant centers in 2024 (Appendix 2024, 41409_2026_2919_MOESM3_ESM.pdf)",https://media.springernature.com/original/springer-static/esm/art%3A10.1038%2Fs41409-026-02919-9/MediaObjects/41409_2026_2919_MOESM3_ESM.pdf,verified-from-source,"Country line of Appendix 2024; format per header: Number of reporting centers: total 1st HCT (total all HCT) N allogeneic 1st HCT / N autologous 1st HCT, total 1st CAR-T (total all CAR-T) N allogeneic 1st CAR-T / N autologous 1st CAR-T. First CAR-T 0 (all CAR-T 0), allogeneic 1st 0 / autologous 1st 0. Covers centres reporting to the EBMT activity survey (HCT-reporting centres; CAR-T reported by the same centres); derived from the centre lines: 0 of 1 reporting centres list >=1 first CAR-T in 2024 (all 1 centre lines parsed, sums reconcile); fetched 2026-09-05"
EBMT activity survey,Germany,2024,CAR-T all,1439,patients,172.43,"Germany: (122 centres: 6711 (7542) 3332/3379), (1439 (1467) 1/1438)","Greco R, Sánchez-Ortega I et al. The 2024 EBMT activity report: crossing one million HCTs and 20,000 CAR-T. A landmark in cellular therapy. Bone Marrow Transplant 2026 (doi 10.1038/s41409-026-02919-9) - Supplementary file: EBMT Transplant Activity Survey: List of reporting transplant centers in 2024 (Appendix 2024, 41409_2026_2919_MOESM3_ESM.pdf)",https://media.springernature.com/original/springer-static/esm/art%3A10.1038%2Fs41409-026-02919-9/MediaObjects/41409_2026_2919_MOESM3_ESM.pdf,verified-from-source,"Country line of Appendix 2024; format per header: Number of reporting centers: total 1st HCT (total all HCT) N allogeneic 1st HCT / N autologous 1st HCT, total 1st CAR-T (total all CAR-T) N allogeneic 1st CAR-T / N autologous 1st CAR-T. First CAR-T 1439 (all CAR-T 1467), allogeneic 1st 1 / autologous 1st 1438. Covers centres reporting to the EBMT activity survey (HCT-reporting centres; CAR-T reported by the same centres); derived from the centre lines: at least 54 centres list >=1 first CAR-T in 2024 (only 119 of 122 centre lines parsed cleanly, so this is a lower bound); 2024 rate 172,43 per 10 million from Supplementary Table 2 of the same paper; fetched 2026-09-05"
EBMT activity survey,Germany,2024,CAR-T all,1467,infusions,,"Germany: (122 centres: 6711 (7542) 3332/3379), (1439 (1467) 1/1438)","Greco R, Sánchez-Ortega I et al. The 2024 EBMT activity report: crossing one million HCTs and 20,000 CAR-T. A landmark in cellular therapy. Bone Marrow Transplant 2026 (doi 10.1038/s41409-026-02919-9) - Supplementary file: EBMT Transplant Activity Survey: List of reporting transplant centers in 2024 (Appendix 2024, 41409_2026_2919_MOESM3_ESM.pdf)",https://media.springernature.com/original/springer-static/esm/art%3A10.1038%2Fs41409-026-02919-9/MediaObjects/41409_2026_2919_MOESM3_ESM.pdf,verified-from-source,Total all CAR-T (first plus additional infusions) for Germany; first CAR-T 1439; fetched 2026-09-05
EBMT activity survey,Greece,2024,CAR-T all,53,patients,50.96,"Greece: (13 centres: 415 (429) 224/191), (53 (53) 2/51)","Greco R, Sánchez-Ortega I et al. The 2024 EBMT activity report: crossing one million HCTs and 20,000 CAR-T. A landmark in cellular therapy. Bone Marrow Transplant 2026 (doi 10.1038/s41409-026-02919-9) - Supplementary file: EBMT Transplant Activity Survey: List of reporting transplant centers in 2024 (Appendix 2024, 41409_2026_2919_MOESM3_ESM.pdf)",https://media.springernature.com/original/springer-static/esm/art%3A10.1038%2Fs41409-026-02919-9/MediaObjects/41409_2026_2919_MOESM3_ESM.pdf,verified-from-source,"Country line of Appendix 2024; format per header: Number of reporting centers: total 1st HCT (total all HCT) N allogeneic 1st HCT / N autologous 1st HCT, total 1st CAR-T (total all CAR-T) N allogeneic 1st CAR-T / N autologous 1st CAR-T. First CAR-T 53 (all CAR-T 53), allogeneic 1st 2 / autologous 1st 51. Covers centres reporting to the EBMT activity survey (HCT-reporting centres; CAR-T reported by the same centres); derived from the centre lines: 6 of 13 reporting centres list >=1 first CAR-T in 2024 (all 13 centre lines parsed, sums reconcile); 2024 rate 50,96 per 10 million from Supplementary Table 2 of the same paper; fetched 2026-09-05"
EBMT activity survey,Greece,2024,CAR-T all,53,infusions,,"Greece: (13 centres: 415 (429) 224/191), (53 (53) 2/51)","Greco R, Sánchez-Ortega I et al. The 2024 EBMT activity report: crossing one million HCTs and 20,000 CAR-T. A landmark in cellular therapy. Bone Marrow Transplant 2026 (doi 10.1038/s41409-026-02919-9) - Supplementary file: EBMT Transplant Activity Survey: List of reporting transplant centers in 2024 (Appendix 2024, 41409_2026_2919_MOESM3_ESM.pdf)",https://media.springernature.com/original/springer-static/esm/art%3A10.1038%2Fs41409-026-02919-9/MediaObjects/41409_2026_2919_MOESM3_ESM.pdf,verified-from-source,Total all CAR-T (first plus additional infusions) for Greece; first CAR-T 53; fetched 2026-09-05
EBMT activity survey,Hungary,2024,CAR-T all,6,patients,6.26,"Hungary: (4 centres: 345 (358) 148/197), (6 (6) 0/6)","Greco R, Sánchez-Ortega I et al. The 2024 EBMT activity report: crossing one million HCTs and 20,000 CAR-T. A landmark in cellular therapy. Bone Marrow Transplant 2026 (doi 10.1038/s41409-026-02919-9) - Supplementary file: EBMT Transplant Activity Survey: List of reporting transplant centers in 2024 (Appendix 2024, 41409_2026_2919_MOESM3_ESM.pdf)",https://media.springernature.com/original/springer-static/esm/art%3A10.1038%2Fs41409-026-02919-9/MediaObjects/41409_2026_2919_MOESM3_ESM.pdf,verified-from-source,"Country line of Appendix 2024; format per header: Number of reporting centers: total 1st HCT (total all HCT) N allogeneic 1st HCT / N autologous 1st HCT, total 1st CAR-T (total all CAR-T) N allogeneic 1st CAR-T / N autologous 1st CAR-T. First CAR-T 6 (all CAR-T 6), allogeneic 1st 0 / autologous 1st 6. Covers centres reporting to the EBMT activity survey (HCT-reporting centres; CAR-T reported by the same centres); derived from the centre lines: 2 of 4 reporting centres list >=1 first CAR-T in 2024 (all 4 centre lines parsed, sums reconcile); 2024 rate 6,26 per 10 million from Supplementary Table 2 of the same paper; fetched 2026-09-05"
EBMT activity survey,Hungary,2024,CAR-T all,6,infusions,,"Hungary: (4 centres: 345 (358) 148/197), (6 (6) 0/6)","Greco R, Sánchez-Ortega I et al. The 2024 EBMT activity report: crossing one million HCTs and 20,000 CAR-T. A landmark in cellular therapy. Bone Marrow Transplant 2026 (doi 10.1038/s41409-026-02919-9) - Supplementary file: EBMT Transplant Activity Survey: List of reporting transplant centers in 2024 (Appendix 2024, 41409_2026_2919_MOESM3_ESM.pdf)",https://media.springernature.com/original/springer-static/esm/art%3A10.1038%2Fs41409-026-02919-9/MediaObjects/41409_2026_2919_MOESM3_ESM.pdf,verified-from-source,Total all CAR-T (first plus additional infusions) for Hungary; first CAR-T 6; fetched 2026-09-05
EBMT activity survey,Iceland,2024,CAR-T all,0,patients,,"Iceland: (1 centres: 12 (14) 0/12), (0 (0) 0/0)","Greco R, Sánchez-Ortega I et al. The 2024 EBMT activity report: crossing one million HCTs and 20,000 CAR-T. A landmark in cellular therapy. Bone Marrow Transplant 2026 (doi 10.1038/s41409-026-02919-9) - Supplementary file: EBMT Transplant Activity Survey: List of reporting transplant centers in 2024 (Appendix 2024, 41409_2026_2919_MOESM3_ESM.pdf)",https://media.springernature.com/original/springer-static/esm/art%3A10.1038%2Fs41409-026-02919-9/MediaObjects/41409_2026_2919_MOESM3_ESM.pdf,verified-from-source,"Country line of Appendix 2024; format per header: Number of reporting centers: total 1st HCT (total all HCT) N allogeneic 1st HCT / N autologous 1st HCT, total 1st CAR-T (total all CAR-T) N allogeneic 1st CAR-T / N autologous 1st CAR-T. First CAR-T 0 (all CAR-T 0), allogeneic 1st 0 / autologous 1st 0. Covers centres reporting to the EBMT activity survey (HCT-reporting centres; CAR-T reported by the same centres); derived from the centre lines: 0 of 1 reporting centres list >=1 first CAR-T in 2024 (all 1 centre lines parsed, sums reconcile); fetched 2026-09-05"
EBMT activity survey,Iran,2024,CAR-T all,3,patients,0.33,"Iran: (5 centres: 892 (912) 436/456), (3 (3) 0/3)","Greco R, Sánchez-Ortega I et al. The 2024 EBMT activity report: crossing one million HCTs and 20,000 CAR-T. A landmark in cellular therapy. Bone Marrow Transplant 2026 (doi 10.1038/s41409-026-02919-9) - Supplementary file: EBMT Transplant Activity Survey: List of reporting transplant centers in 2024 (Appendix 2024, 41409_2026_2919_MOESM3_ESM.pdf)",https://media.springernature.com/original/springer-static/esm/art%3A10.1038%2Fs41409-026-02919-9/MediaObjects/41409_2026_2919_MOESM3_ESM.pdf,verified-from-source,"Country line of Appendix 2024; format per header: Number of reporting centers: total 1st HCT (total all HCT) N allogeneic 1st HCT / N autologous 1st HCT, total 1st CAR-T (total all CAR-T) N allogeneic 1st CAR-T / N autologous 1st CAR-T. First CAR-T 3 (all CAR-T 3), allogeneic 1st 0 / autologous 1st 3. Covers centres reporting to the EBMT activity survey (HCT-reporting centres; CAR-T reported by the same centres); derived from the centre lines: at least 1 centres list >=1 first CAR-T in 2024 (only 4 of 5 centre lines parsed cleanly, so this is a lower bound); 2024 rate 0,33 per 10 million from Supplementary Table 2 of the same paper; fetched 2026-09-05"
EBMT activity survey,Iran,2024,CAR-T all,3,infusions,,"Iran: (5 centres: 892 (912) 436/456), (3 (3) 0/3)","Greco R, Sánchez-Ortega I et al. The 2024 EBMT activity report: crossing one million HCTs and 20,000 CAR-T. A landmark in cellular therapy. Bone Marrow Transplant 2026 (doi 10.1038/s41409-026-02919-9) - Supplementary file: EBMT Transplant Activity Survey: List of reporting transplant centers in 2024 (Appendix 2024, 41409_2026_2919_MOESM3_ESM.pdf)",https://media.springernature.com/original/springer-static/esm/art%3A10.1038%2Fs41409-026-02919-9/MediaObjects/41409_2026_2919_MOESM3_ESM.pdf,verified-from-source,Total all CAR-T (first plus additional infusions) for Iran; first CAR-T 3; fetched 2026-09-05
EBMT activity survey,Iraq,2024,CAR-T all,0,patients,,"Iraq: (1 centres: 68 (68) 30/38), (0 (0) 0/0)","Greco R, Sánchez-Ortega I et al. The 2024 EBMT activity report: crossing one million HCTs and 20,000 CAR-T. A landmark in cellular therapy. Bone Marrow Transplant 2026 (doi 10.1038/s41409-026-02919-9) - Supplementary file: EBMT Transplant Activity Survey: List of reporting transplant centers in 2024 (Appendix 2024, 41409_2026_2919_MOESM3_ESM.pdf)",https://media.springernature.com/original/springer-static/esm/art%3A10.1038%2Fs41409-026-02919-9/MediaObjects/41409_2026_2919_MOESM3_ESM.pdf,verified-from-source,"Country line of Appendix 2024; format per header: Number of reporting centers: total 1st HCT (total all HCT) N allogeneic 1st HCT / N autologous 1st HCT, total 1st CAR-T (total all CAR-T) N allogeneic 1st CAR-T / N autologous 1st CAR-T. First CAR-T 0 (all CAR-T 0), allogeneic 1st 0 / autologous 1st 0. Covers centres reporting to the EBMT activity survey (HCT-reporting centres; CAR-T reported by the same centres); fetched 2026-09-05"
EBMT activity survey,Ireland,2024,CAR-T all,43,patients,80.35,"Ireland: (4 centres: 274 (303) 102/172), (43 (43) 0/43)","Greco R, Sánchez-Ortega I et al. The 2024 EBMT activity report: crossing one million HCTs and 20,000 CAR-T. A landmark in cellular therapy. Bone Marrow Transplant 2026 (doi 10.1038/s41409-026-02919-9) - Supplementary file: EBMT Transplant Activity Survey: List of reporting transplant centers in 2024 (Appendix 2024, 41409_2026_2919_MOESM3_ESM.pdf)",https://media.springernature.com/original/springer-static/esm/art%3A10.1038%2Fs41409-026-02919-9/MediaObjects/41409_2026_2919_MOESM3_ESM.pdf,verified-from-source,"Country line of Appendix 2024; format per header: Number of reporting centers: total 1st HCT (total all HCT) N allogeneic 1st HCT / N autologous 1st HCT, total 1st CAR-T (total all CAR-T) N allogeneic 1st CAR-T / N autologous 1st CAR-T. First CAR-T 43 (all CAR-T 43), allogeneic 1st 0 / autologous 1st 43. Covers centres reporting to the EBMT activity survey (HCT-reporting centres; CAR-T reported by the same centres); derived from the centre lines: 1 of 4 reporting centres list >=1 first CAR-T in 2024 (all 4 centre lines parsed, sums reconcile); 2024 rate 80,35 per 10 million from Supplementary Table 2 of the same paper; fetched 2026-09-05"
EBMT activity survey,Ireland,2024,CAR-T all,43,infusions,,"Ireland: (4 centres: 274 (303) 102/172), (43 (43) 0/43)","Greco R, Sánchez-Ortega I et al. The 2024 EBMT activity report: crossing one million HCTs and 20,000 CAR-T. A landmark in cellular therapy. Bone Marrow Transplant 2026 (doi 10.1038/s41409-026-02919-9) - Supplementary file: EBMT Transplant Activity Survey: List of reporting transplant centers in 2024 (Appendix 2024, 41409_2026_2919_MOESM3_ESM.pdf)",https://media.springernature.com/original/springer-static/esm/art%3A10.1038%2Fs41409-026-02919-9/MediaObjects/41409_2026_2919_MOESM3_ESM.pdf,verified-from-source,Total all CAR-T (first plus additional infusions) for Ireland; first CAR-T 43; fetched 2026-09-05
EBMT activity survey,Israel,2024,CAR-T all,210,patients,210.54,"Israel: (10 centres: 691 (760) 413/278), (210 (210) 1/209)","Greco R, Sánchez-Ortega I et al. The 2024 EBMT activity report: crossing one million HCTs and 20,000 CAR-T. A landmark in cellular therapy. Bone Marrow Transplant 2026 (doi 10.1038/s41409-026-02919-9) - Supplementary file: EBMT Transplant Activity Survey: List of reporting transplant centers in 2024 (Appendix 2024, 41409_2026_2919_MOESM3_ESM.pdf)",https://media.springernature.com/original/springer-static/esm/art%3A10.1038%2Fs41409-026-02919-9/MediaObjects/41409_2026_2919_MOESM3_ESM.pdf,verified-from-source,"Country line of Appendix 2024; format per header: Number of reporting centers: total 1st HCT (total all HCT) N allogeneic 1st HCT / N autologous 1st HCT, total 1st CAR-T (total all CAR-T) N allogeneic 1st CAR-T / N autologous 1st CAR-T. First CAR-T 210 (all CAR-T 210), allogeneic 1st 1 / autologous 1st 209. Covers centres reporting to the EBMT activity survey (HCT-reporting centres; CAR-T reported by the same centres); derived from the centre lines: 7 of 10 reporting centres list >=1 first CAR-T in 2024 (all 10 centre lines parsed, sums reconcile); 2024 rate 210,54 per 10 million from Supplementary Table 2 of the same paper; fetched 2026-09-05"
EBMT activity survey,Israel,2024,CAR-T all,210,infusions,,"Israel: (10 centres: 691 (760) 413/278), (210 (210) 1/209)","Greco R, Sánchez-Ortega I et al. The 2024 EBMT activity report: crossing one million HCTs and 20,000 CAR-T. A landmark in cellular therapy. Bone Marrow Transplant 2026 (doi 10.1038/s41409-026-02919-9) - Supplementary file: EBMT Transplant Activity Survey: List of reporting transplant centers in 2024 (Appendix 2024, 41409_2026_2919_MOESM3_ESM.pdf)",https://media.springernature.com/original/springer-static/esm/art%3A10.1038%2Fs41409-026-02919-9/MediaObjects/41409_2026_2919_MOESM3_ESM.pdf,verified-from-source,Total all CAR-T (first plus additional infusions) for Israel; first CAR-T 210; fetched 2026-09-05
EBMT activity survey,Italy,2024,CAR-T all,685,patients,116.16,"Italy: (93 centres: 4686 (5232) 1979/2707), (685 (689) 7/678)","Greco R, Sánchez-Ortega I et al. The 2024 EBMT activity report: crossing one million HCTs and 20,000 CAR-T. A landmark in cellular therapy. Bone Marrow Transplant 2026 (doi 10.1038/s41409-026-02919-9) - Supplementary file: EBMT Transplant Activity Survey: List of reporting transplant centers in 2024 (Appendix 2024, 41409_2026_2919_MOESM3_ESM.pdf)",https://media.springernature.com/original/springer-static/esm/art%3A10.1038%2Fs41409-026-02919-9/MediaObjects/41409_2026_2919_MOESM3_ESM.pdf,verified-from-source,"Country line of Appendix 2024; format per header: Number of reporting centers: total 1st HCT (total all HCT) N allogeneic 1st HCT / N autologous 1st HCT, total 1st CAR-T (total all CAR-T) N allogeneic 1st CAR-T / N autologous 1st CAR-T. First CAR-T 685 (all CAR-T 689), allogeneic 1st 7 / autologous 1st 678. Covers centres reporting to the EBMT activity survey (HCT-reporting centres; CAR-T reported by the same centres); derived from the centre lines: at least 35 centres list >=1 first CAR-T in 2024 (only 86 of 93 centre lines parsed cleanly, so this is a lower bound); 2024 rate 116,16 per 10 million from Supplementary Table 2 of the same paper; fetched 2026-09-05"
EBMT activity survey,Italy,2024,CAR-T all,689,infusions,,"Italy: (93 centres: 4686 (5232) 1979/2707), (685 (689) 7/678)","Greco R, Sánchez-Ortega I et al. The 2024 EBMT activity report: crossing one million HCTs and 20,000 CAR-T. A landmark in cellular therapy. Bone Marrow Transplant 2026 (doi 10.1038/s41409-026-02919-9) - Supplementary file: EBMT Transplant Activity Survey: List of reporting transplant centers in 2024 (Appendix 2024, 41409_2026_2919_MOESM3_ESM.pdf)",https://media.springernature.com/original/springer-static/esm/art%3A10.1038%2Fs41409-026-02919-9/MediaObjects/41409_2026_2919_MOESM3_ESM.pdf,verified-from-source,Total all CAR-T (first plus additional infusions) for Italy; first CAR-T 685; fetched 2026-09-05
EBMT activity survey,Jordan,2024,CAR-T all,0,patients,,"Jordan: (2 centres: 221 (228) 105/116), (0 (0) 0/0)","Greco R, Sánchez-Ortega I et al. The 2024 EBMT activity report: crossing one million HCTs and 20,000 CAR-T. A landmark in cellular therapy. Bone Marrow Transplant 2026 (doi 10.1038/s41409-026-02919-9) - Supplementary file: EBMT Transplant Activity Survey: List of reporting transplant centers in 2024 (Appendix 2024, 41409_2026_2919_MOESM3_ESM.pdf)",https://media.springernature.com/original/springer-static/esm/art%3A10.1038%2Fs41409-026-02919-9/MediaObjects/41409_2026_2919_MOESM3_ESM.pdf,verified-from-source,"Country line of Appendix 2024; format per header: Number of reporting centers: total 1st HCT (total all HCT) N allogeneic 1st HCT / N autologous 1st HCT, total 1st CAR-T (total all CAR-T) N allogeneic 1st CAR-T / N autologous 1st CAR-T. First CAR-T 0 (all CAR-T 0), allogeneic 1st 0 / autologous 1st 0. Covers centres reporting to the EBMT activity survey (HCT-reporting centres; CAR-T reported by the same centres); derived from the centre lines: 0 of 2 reporting centres list >=1 first CAR-T in 2024 (all 2 centre lines parsed, sums reconcile); fetched 2026-09-05"
EBMT activity survey,Kazakhstan,2024,CAR-T all,0,patients,,"Kazakhstan: (1 centres: 35 (35) 35/0), (0 (0) 0/0)","Greco R, Sánchez-Ortega I et al. The 2024 EBMT activity report: crossing one million HCTs and 20,000 CAR-T. A landmark in cellular therapy. Bone Marrow Transplant 2026 (doi 10.1038/s41409-026-02919-9) - Supplementary file: EBMT Transplant Activity Survey: List of reporting transplant centers in 2024 (Appendix 2024, 41409_2026_2919_MOESM3_ESM.pdf)",https://media.springernature.com/original/springer-static/esm/art%3A10.1038%2Fs41409-026-02919-9/MediaObjects/41409_2026_2919_MOESM3_ESM.pdf,verified-from-source,"Country line of Appendix 2024; format per header: Number of reporting centers: total 1st HCT (total all HCT) N allogeneic 1st HCT / N autologous 1st HCT, total 1st CAR-T (total all CAR-T) N allogeneic 1st CAR-T / N autologous 1st CAR-T. First CAR-T 0 (all CAR-T 0), allogeneic 1st 0 / autologous 1st 0. Covers centres reporting to the EBMT activity survey (HCT-reporting centres; CAR-T reported by the same centres); derived from the centre lines: 0 of 1 reporting centres list >=1 first CAR-T in 2024 (all 1 centre lines parsed, sums reconcile); fetched 2026-09-05"
EBMT activity survey,Latvia,2024,CAR-T all,0,patients,,"Latvia: (1 centres: 46 (46) 0/46), (0 (0) 0/0)","Greco R, Sánchez-Ortega I et al. The 2024 EBMT activity report: crossing one million HCTs and 20,000 CAR-T. A landmark in cellular therapy. Bone Marrow Transplant 2026 (doi 10.1038/s41409-026-02919-9) - Supplementary file: EBMT Transplant Activity Survey: List of reporting transplant centers in 2024 (Appendix 2024, 41409_2026_2919_MOESM3_ESM.pdf)",https://media.springernature.com/original/springer-static/esm/art%3A10.1038%2Fs41409-026-02919-9/MediaObjects/41409_2026_2919_MOESM3_ESM.pdf,verified-from-source,"Country line of Appendix 2024; format per header: Number of reporting centers: total 1st HCT (total all HCT) N allogeneic 1st HCT / N autologous 1st HCT, total 1st CAR-T (total all CAR-T) N allogeneic 1st CAR-T / N autologous 1st CAR-T. First CAR-T 0 (all CAR-T 0), allogeneic 1st 0 / autologous 1st 0. Covers centres reporting to the EBMT activity survey (HCT-reporting centres; CAR-T reported by the same centres); derived from the centre lines: 0 of 1 reporting centres list >=1 first CAR-T in 2024 (all 1 centre lines parsed, sums reconcile); fetched 2026-09-05"
EBMT activity survey,Lebanon,2024,CAR-T all,0,patients,,"Lebanon: (2 centres: 277 (293) 117/160), (0 (0) 0/0)","Greco R, Sánchez-Ortega I et al. The 2024 EBMT activity report: crossing one million HCTs and 20,000 CAR-T. A landmark in cellular therapy. Bone Marrow Transplant 2026 (doi 10.1038/s41409-026-02919-9) - Supplementary file: EBMT Transplant Activity Survey: List of reporting transplant centers in 2024 (Appendix 2024, 41409_2026_2919_MOESM3_ESM.pdf)",https://media.springernature.com/original/springer-static/esm/art%3A10.1038%2Fs41409-026-02919-9/MediaObjects/41409_2026_2919_MOESM3_ESM.pdf,verified-from-source,"Country line of Appendix 2024; format per header: Number of reporting centers: total 1st HCT (total all HCT) N allogeneic 1st HCT / N autologous 1st HCT, total 1st CAR-T (total all CAR-T) N allogeneic 1st CAR-T / N autologous 1st CAR-T. First CAR-T 0 (all CAR-T 0), allogeneic 1st 0 / autologous 1st 0. Covers centres reporting to the EBMT activity survey (HCT-reporting centres; CAR-T reported by the same centres); derived from the centre lines: 0 of 2 reporting centres list >=1 first CAR-T in 2024 (all 2 centre lines parsed, sums reconcile); fetched 2026-09-05"
EBMT activity survey,Lithuania,2024,CAR-T all,29,patients,100.49,"Lithuania: (3 centres: 260 (310) 122/138), (29 (29) 0/29)","Greco R, Sánchez-Ortega I et al. The 2024 EBMT activity report: crossing one million HCTs and 20,000 CAR-T. A landmark in cellular therapy. Bone Marrow Transplant 2026 (doi 10.1038/s41409-026-02919-9) - Supplementary file: EBMT Transplant Activity Survey: List of reporting transplant centers in 2024 (Appendix 2024, 41409_2026_2919_MOESM3_ESM.pdf)",https://media.springernature.com/original/springer-static/esm/art%3A10.1038%2Fs41409-026-02919-9/MediaObjects/41409_2026_2919_MOESM3_ESM.pdf,verified-from-source,"Country line of Appendix 2024; format per header: Number of reporting centers: total 1st HCT (total all HCT) N allogeneic 1st HCT / N autologous 1st HCT, total 1st CAR-T (total all CAR-T) N allogeneic 1st CAR-T / N autologous 1st CAR-T. First CAR-T 29 (all CAR-T 29), allogeneic 1st 0 / autologous 1st 29. Covers centres reporting to the EBMT activity survey (HCT-reporting centres; CAR-T reported by the same centres); 2024 rate 100,49 per 10 million from Supplementary Table 2 of the same paper; fetched 2026-09-05"
EBMT activity survey,Lithuania,2024,CAR-T all,29,infusions,,"Lithuania: (3 centres: 260 (310) 122/138), (29 (29) 0/29)","Greco R, Sánchez-Ortega I et al. The 2024 EBMT activity report: crossing one million HCTs and 20,000 CAR-T. A landmark in cellular therapy. Bone Marrow Transplant 2026 (doi 10.1038/s41409-026-02919-9) - Supplementary file: EBMT Transplant Activity Survey: List of reporting transplant centers in 2024 (Appendix 2024, 41409_2026_2919_MOESM3_ESM.pdf)",https://media.springernature.com/original/springer-static/esm/art%3A10.1038%2Fs41409-026-02919-9/MediaObjects/41409_2026_2919_MOESM3_ESM.pdf,verified-from-source,Total all CAR-T (first plus additional infusions) for Lithuania; first CAR-T 29; fetched 2026-09-05
EBMT activity survey,Luxembourg,2024,CAR-T all,0,patients,,"Luxembourg: (1 centres: 23 (23) 0/23), (0 (0) 0/0)","Greco R, Sánchez-Ortega I et al. The 2024 EBMT activity report: crossing one million HCTs and 20,000 CAR-T. A landmark in cellular therapy. Bone Marrow Transplant 2026 (doi 10.1038/s41409-026-02919-9) - Supplementary file: EBMT Transplant Activity Survey: List of reporting transplant centers in 2024 (Appendix 2024, 41409_2026_2919_MOESM3_ESM.pdf)",https://media.springernature.com/original/springer-static/esm/art%3A10.1038%2Fs41409-026-02919-9/MediaObjects/41409_2026_2919_MOESM3_ESM.pdf,verified-from-source,"Country line of Appendix 2024; format per header: Number of reporting centers: total 1st HCT (total all HCT) N allogeneic 1st HCT / N autologous 1st HCT, total 1st CAR-T (total all CAR-T) N allogeneic 1st CAR-T / N autologous 1st CAR-T. First CAR-T 0 (all CAR-T 0), allogeneic 1st 0 / autologous 1st 0. Covers centres reporting to the EBMT activity survey (HCT-reporting centres; CAR-T reported by the same centres); derived from the centre lines: 0 of 1 reporting centres list >=1 first CAR-T in 2024 (all 1 centre lines parsed, sums reconcile); fetched 2026-09-05"
EBMT activity survey,Macedonia,2024,CAR-T all,0,patients,,"Macedonia: (1 centres: 53 (53) 18/35), (0 (0) 0/0)","Greco R, Sánchez-Ortega I et al. The 2024 EBMT activity report: crossing one million HCTs and 20,000 CAR-T. A landmark in cellular therapy. Bone Marrow Transplant 2026 (doi 10.1038/s41409-026-02919-9) - Supplementary file: EBMT Transplant Activity Survey: List of reporting transplant centers in 2024 (Appendix 2024, 41409_2026_2919_MOESM3_ESM.pdf)",https://media.springernature.com/original/springer-static/esm/art%3A10.1038%2Fs41409-026-02919-9/MediaObjects/41409_2026_2919_MOESM3_ESM.pdf,verified-from-source,"Country line of Appendix 2024; format per header: Number of reporting centers: total 1st HCT (total all HCT) N allogeneic 1st HCT / N autologous 1st HCT, total 1st CAR-T (total all CAR-T) N allogeneic 1st CAR-T / N autologous 1st CAR-T. First CAR-T 0 (all CAR-T 0), allogeneic 1st 0 / autologous 1st 0. Covers centres reporting to the EBMT activity survey (HCT-reporting centres; CAR-T reported by the same centres); derived from the centre lines: 0 of 1 reporting centres list >=1 first CAR-T in 2024 (all 1 centre lines parsed, sums reconcile); fetched 2026-09-05"
EBMT activity survey,Netherlands,2024,CAR-T all,198,patients,110.35,"Netherlands: (13 centres: 1515 (1632) 624/891), (198 (203) 0/198)","Greco R, Sánchez-Ortega I et al. The 2024 EBMT activity report: crossing one million HCTs and 20,000 CAR-T. A landmark in cellular therapy. Bone Marrow Transplant 2026 (doi 10.1038/s41409-026-02919-9) - Supplementary file: EBMT Transplant Activity Survey: List of reporting transplant centers in 2024 (Appendix 2024, 41409_2026_2919_MOESM3_ESM.pdf)",https://media.springernature.com/original/springer-static/esm/art%3A10.1038%2Fs41409-026-02919-9/MediaObjects/41409_2026_2919_MOESM3_ESM.pdf,verified-from-source,"Country line of Appendix 2024; format per header: Number of reporting centers: total 1st HCT (total all HCT) N allogeneic 1st HCT / N autologous 1st HCT, total 1st CAR-T (total all CAR-T) N allogeneic 1st CAR-T / N autologous 1st CAR-T. First CAR-T 198 (all CAR-T 203), allogeneic 1st 0 / autologous 1st 198. Covers centres reporting to the EBMT activity survey (HCT-reporting centres; CAR-T reported by the same centres); derived from the centre lines: at least 9 centres list >=1 first CAR-T in 2024 (only 12 of 13 centre lines parsed cleanly, so this is a lower bound); 2024 rate 110,35 per 10 million from Supplementary Table 2 of the same paper; fetched 2026-09-05"
EBMT activity survey,Netherlands,2024,CAR-T all,203,infusions,,"Netherlands: (13 centres: 1515 (1632) 624/891), (198 (203) 0/198)","Greco R, Sánchez-Ortega I et al. The 2024 EBMT activity report: crossing one million HCTs and 20,000 CAR-T. A landmark in cellular therapy. Bone Marrow Transplant 2026 (doi 10.1038/s41409-026-02919-9) - Supplementary file: EBMT Transplant Activity Survey: List of reporting transplant centers in 2024 (Appendix 2024, 41409_2026_2919_MOESM3_ESM.pdf)",https://media.springernature.com/original/springer-static/esm/art%3A10.1038%2Fs41409-026-02919-9/MediaObjects/41409_2026_2919_MOESM3_ESM.pdf,verified-from-source,Total all CAR-T (first plus additional infusions) for Netherlands; first CAR-T 198; fetched 2026-09-05
EBMT activity survey,Nigeria,2024,CAR-T all,0,patients,,"Nigeria: (1 centres: 9 (9) 5/4), (0 (0) 0/0)","Greco R, Sánchez-Ortega I et al. The 2024 EBMT activity report: crossing one million HCTs and 20,000 CAR-T. A landmark in cellular therapy. Bone Marrow Transplant 2026 (doi 10.1038/s41409-026-02919-9) - Supplementary file: EBMT Transplant Activity Survey: List of reporting transplant centers in 2024 (Appendix 2024, 41409_2026_2919_MOESM3_ESM.pdf)",https://media.springernature.com/original/springer-static/esm/art%3A10.1038%2Fs41409-026-02919-9/MediaObjects/41409_2026_2919_MOESM3_ESM.pdf,verified-from-source,"Country line of Appendix 2024; format per header: Number of reporting centers: total 1st HCT (total all HCT) N allogeneic 1st HCT / N autologous 1st HCT, total 1st CAR-T (total all CAR-T) N allogeneic 1st CAR-T / N autologous 1st CAR-T. First CAR-T 0 (all CAR-T 0), allogeneic 1st 0 / autologous 1st 0. Covers centres reporting to the EBMT activity survey (HCT-reporting centres; CAR-T reported by the same centres); derived from the centre lines: 0 of 1 reporting centres list >=1 first CAR-T in 2024 (all 1 centre lines parsed, sums reconcile); fetched 2026-09-05"
EBMT activity survey,Norway,2024,CAR-T all,41,patients,73.58,"Norway: (4 centres: 366 (406) 151/215), (41 (41) 0/41)","Greco R, Sánchez-Ortega I et al. The 2024 EBMT activity report: crossing one million HCTs and 20,000 CAR-T. A landmark in cellular therapy. Bone Marrow Transplant 2026 (doi 10.1038/s41409-026-02919-9) - Supplementary file: EBMT Transplant Activity Survey: List of reporting transplant centers in 2024 (Appendix 2024, 41409_2026_2919_MOESM3_ESM.pdf)",https://media.springernature.com/original/springer-static/esm/art%3A10.1038%2Fs41409-026-02919-9/MediaObjects/41409_2026_2919_MOESM3_ESM.pdf,verified-from-source,"Country line of Appendix 2024; format per header: Number of reporting centers: total 1st HCT (total all HCT) N allogeneic 1st HCT / N autologous 1st HCT, total 1st CAR-T (total all CAR-T) N allogeneic 1st CAR-T / N autologous 1st CAR-T. First CAR-T 41 (all CAR-T 41), allogeneic 1st 0 / autologous 1st 41. Covers centres reporting to the EBMT activity survey (HCT-reporting centres; CAR-T reported by the same centres); derived from the centre lines: 1 of 4 reporting centres list >=1 first CAR-T in 2024 (all 4 centre lines parsed, sums reconcile); 2024 rate 73,58 per 10 million from Supplementary Table 2 of the same paper; fetched 2026-09-05"
EBMT activity survey,Norway,2024,CAR-T all,41,infusions,,"Norway: (4 centres: 366 (406) 151/215), (41 (41) 0/41)","Greco R, Sánchez-Ortega I et al. The 2024 EBMT activity report: crossing one million HCTs and 20,000 CAR-T. A landmark in cellular therapy. Bone Marrow Transplant 2026 (doi 10.1038/s41409-026-02919-9) - Supplementary file: EBMT Transplant Activity Survey: List of reporting transplant centers in 2024 (Appendix 2024, 41409_2026_2919_MOESM3_ESM.pdf)",https://media.springernature.com/original/springer-static/esm/art%3A10.1038%2Fs41409-026-02919-9/MediaObjects/41409_2026_2919_MOESM3_ESM.pdf,verified-from-source,Total all CAR-T (first plus additional infusions) for Norway; first CAR-T 41; fetched 2026-09-05
EBMT activity survey,Poland,2024,CAR-T all,131,patients,35.77,"Poland: (22 centres: 1690 (1814) 813/877), (131 (131) 0/131)","Greco R, Sánchez-Ortega I et al. The 2024 EBMT activity report: crossing one million HCTs and 20,000 CAR-T. A landmark in cellular therapy. Bone Marrow Transplant 2026 (doi 10.1038/s41409-026-02919-9) - Supplementary file: EBMT Transplant Activity Survey: List of reporting transplant centers in 2024 (Appendix 2024, 41409_2026_2919_MOESM3_ESM.pdf)",https://media.springernature.com/original/springer-static/esm/art%3A10.1038%2Fs41409-026-02919-9/MediaObjects/41409_2026_2919_MOESM3_ESM.pdf,verified-from-source,"Country line of Appendix 2024; format per header: Number of reporting centers: total 1st HCT (total all HCT) N allogeneic 1st HCT / N autologous 1st HCT, total 1st CAR-T (total all CAR-T) N allogeneic 1st CAR-T / N autologous 1st CAR-T. First CAR-T 131 (all CAR-T 131), allogeneic 1st 0 / autologous 1st 131. Covers centres reporting to the EBMT activity survey (HCT-reporting centres; CAR-T reported by the same centres); derived from the centre lines: at least 8 centres list >=1 first CAR-T in 2024 (only 18 of 22 centre lines parsed cleanly, so this is a lower bound); 2024 rate 35,77 per 10 million from Supplementary Table 2 of the same paper; fetched 2026-09-05"
EBMT activity survey,Poland,2024,CAR-T all,131,infusions,,"Poland: (22 centres: 1690 (1814) 813/877), (131 (131) 0/131)","Greco R, Sánchez-Ortega I et al. The 2024 EBMT activity report: crossing one million HCTs and 20,000 CAR-T. A landmark in cellular therapy. Bone Marrow Transplant 2026 (doi 10.1038/s41409-026-02919-9) - Supplementary file: EBMT Transplant Activity Survey: List of reporting transplant centers in 2024 (Appendix 2024, 41409_2026_2919_MOESM3_ESM.pdf)",https://media.springernature.com/original/springer-static/esm/art%3A10.1038%2Fs41409-026-02919-9/MediaObjects/41409_2026_2919_MOESM3_ESM.pdf,verified-from-source,Total all CAR-T (first plus additional infusions) for Poland; first CAR-T 131; fetched 2026-09-05
EBMT activity survey,Portugal,2024,CAR-T all,25,patients,23.5,"Portugal: (6 centres: 592 (610) 191/401), (25 (30) 0/25)","Greco R, Sánchez-Ortega I et al. The 2024 EBMT activity report: crossing one million HCTs and 20,000 CAR-T. A landmark in cellular therapy. Bone Marrow Transplant 2026 (doi 10.1038/s41409-026-02919-9) - Supplementary file: EBMT Transplant Activity Survey: List of reporting transplant centers in 2024 (Appendix 2024, 41409_2026_2919_MOESM3_ESM.pdf)",https://media.springernature.com/original/springer-static/esm/art%3A10.1038%2Fs41409-026-02919-9/MediaObjects/41409_2026_2919_MOESM3_ESM.pdf,verified-from-source,"Country line of Appendix 2024; format per header: Number of reporting centers: total 1st HCT (total all HCT) N allogeneic 1st HCT / N autologous 1st HCT, total 1st CAR-T (total all CAR-T) N allogeneic 1st CAR-T / N autologous 1st CAR-T. First CAR-T 25 (all CAR-T 30), allogeneic 1st 0 / autologous 1st 25. Covers centres reporting to the EBMT activity survey (HCT-reporting centres; CAR-T reported by the same centres); derived from the centre lines: at least 1 centres list >=1 first CAR-T in 2024 (only 5 of 6 centre lines parsed cleanly, so this is a lower bound); 2024 rate 23,5 per 10 million from Supplementary Table 2 of the same paper; fetched 2026-09-05"
EBMT activity survey,Portugal,2024,CAR-T all,30,infusions,,"Portugal: (6 centres: 592 (610) 191/401), (25 (30) 0/25)","Greco R, Sánchez-Ortega I et al. The 2024 EBMT activity report: crossing one million HCTs and 20,000 CAR-T. A landmark in cellular therapy. Bone Marrow Transplant 2026 (doi 10.1038/s41409-026-02919-9) - Supplementary file: EBMT Transplant Activity Survey: List of reporting transplant centers in 2024 (Appendix 2024, 41409_2026_2919_MOESM3_ESM.pdf)",https://media.springernature.com/original/springer-static/esm/art%3A10.1038%2Fs41409-026-02919-9/MediaObjects/41409_2026_2919_MOESM3_ESM.pdf,verified-from-source,Total all CAR-T (first plus additional infusions) for Portugal; first CAR-T 25; fetched 2026-09-05
EBMT activity survey,Romania,2024,CAR-T all,11,patients,5.77,"Romania: (5 centres: 257 (271) 82/175), (11 (11) 1/10)","Greco R, Sánchez-Ortega I et al. The 2024 EBMT activity report: crossing one million HCTs and 20,000 CAR-T. A landmark in cellular therapy. Bone Marrow Transplant 2026 (doi 10.1038/s41409-026-02919-9) - Supplementary file: EBMT Transplant Activity Survey: List of reporting transplant centers in 2024 (Appendix 2024, 41409_2026_2919_MOESM3_ESM.pdf)",https://media.springernature.com/original/springer-static/esm/art%3A10.1038%2Fs41409-026-02919-9/MediaObjects/41409_2026_2919_MOESM3_ESM.pdf,verified-from-source,"Country line of Appendix 2024; format per header: Number of reporting centers: total 1st HCT (total all HCT) N allogeneic 1st HCT / N autologous 1st HCT, total 1st CAR-T (total all CAR-T) N allogeneic 1st CAR-T / N autologous 1st CAR-T. First CAR-T 11 (all CAR-T 11), allogeneic 1st 1 / autologous 1st 10. Covers centres reporting to the EBMT activity survey (HCT-reporting centres; CAR-T reported by the same centres); derived from the centre lines: at least 2 centres list >=1 first CAR-T in 2024 (only 4 of 5 centre lines parsed cleanly, so this is a lower bound); 2024 rate 5,77 per 10 million from Supplementary Table 2 of the same paper; fetched 2026-09-05"
EBMT activity survey,Romania,2024,CAR-T all,11,infusions,,"Romania: (5 centres: 257 (271) 82/175), (11 (11) 1/10)","Greco R, Sánchez-Ortega I et al. The 2024 EBMT activity report: crossing one million HCTs and 20,000 CAR-T. A landmark in cellular therapy. Bone Marrow Transplant 2026 (doi 10.1038/s41409-026-02919-9) - Supplementary file: EBMT Transplant Activity Survey: List of reporting transplant centers in 2024 (Appendix 2024, 41409_2026_2919_MOESM3_ESM.pdf)",https://media.springernature.com/original/springer-static/esm/art%3A10.1038%2Fs41409-026-02919-9/MediaObjects/41409_2026_2919_MOESM3_ESM.pdf,verified-from-source,Total all CAR-T (first plus additional infusions) for Romania; first CAR-T 11; fetched 2026-09-05
EBMT activity survey,Russia,2024,CAR-T all,21,patients,1.46,"Russia: (15 centres: 1688 (1805) 773/915), (21 (26) 13/8)","Greco R, Sánchez-Ortega I et al. The 2024 EBMT activity report: crossing one million HCTs and 20,000 CAR-T. A landmark in cellular therapy. Bone Marrow Transplant 2026 (doi 10.1038/s41409-026-02919-9) - Supplementary file: EBMT Transplant Activity Survey: List of reporting transplant centers in 2024 (Appendix 2024, 41409_2026_2919_MOESM3_ESM.pdf)",https://media.springernature.com/original/springer-static/esm/art%3A10.1038%2Fs41409-026-02919-9/MediaObjects/41409_2026_2919_MOESM3_ESM.pdf,verified-from-source,"Country line of Appendix 2024; format per header: Number of reporting centers: total 1st HCT (total all HCT) N allogeneic 1st HCT / N autologous 1st HCT, total 1st CAR-T (total all CAR-T) N allogeneic 1st CAR-T / N autologous 1st CAR-T. First CAR-T 21 (all CAR-T 26), allogeneic 1st 13 / autologous 1st 8. Covers centres reporting to the EBMT activity survey (HCT-reporting centres; CAR-T reported by the same centres); derived from the centre lines: at least 2 centres list >=1 first CAR-T in 2024 (only 13 of 15 centre lines parsed cleanly, so this is a lower bound); 2024 rate 1,46 per 10 million from Supplementary Table 2 of the same paper; fetched 2026-09-05"
EBMT activity survey,Russia,2024,CAR-T all,26,infusions,,"Russia: (15 centres: 1688 (1805) 773/915), (21 (26) 13/8)","Greco R, Sánchez-Ortega I et al. The 2024 EBMT activity report: crossing one million HCTs and 20,000 CAR-T. A landmark in cellular therapy. Bone Marrow Transplant 2026 (doi 10.1038/s41409-026-02919-9) - Supplementary file: EBMT Transplant Activity Survey: List of reporting transplant centers in 2024 (Appendix 2024, 41409_2026_2919_MOESM3_ESM.pdf)",https://media.springernature.com/original/springer-static/esm/art%3A10.1038%2Fs41409-026-02919-9/MediaObjects/41409_2026_2919_MOESM3_ESM.pdf,verified-from-source,Total all CAR-T (first plus additional infusions) for Russia; first CAR-T 21; fetched 2026-09-05
EBMT activity survey,Saudi Arabia,2024,CAR-T all,41,patients,11.61,"Saudi Arabia: (5 centres: 814 (890) 583/231), (41 (42) 0/41)","Greco R, Sánchez-Ortega I et al. The 2024 EBMT activity report: crossing one million HCTs and 20,000 CAR-T. A landmark in cellular therapy. Bone Marrow Transplant 2026 (doi 10.1038/s41409-026-02919-9) - Supplementary file: EBMT Transplant Activity Survey: List of reporting transplant centers in 2024 (Appendix 2024, 41409_2026_2919_MOESM3_ESM.pdf)",https://media.springernature.com/original/springer-static/esm/art%3A10.1038%2Fs41409-026-02919-9/MediaObjects/41409_2026_2919_MOESM3_ESM.pdf,verified-from-source,"Country line of Appendix 2024; format per header: Number of reporting centers: total 1st HCT (total all HCT) N allogeneic 1st HCT / N autologous 1st HCT, total 1st CAR-T (total all CAR-T) N allogeneic 1st CAR-T / N autologous 1st CAR-T. First CAR-T 41 (all CAR-T 42), allogeneic 1st 0 / autologous 1st 41. Covers centres reporting to the EBMT activity survey (HCT-reporting centres; CAR-T reported by the same centres); derived from the centre lines: 3 of 5 reporting centres list >=1 first CAR-T in 2024 (all 5 centre lines parsed, sums reconcile); 2024 rate 11,61 per 10 million from Supplementary Table 2 of the same paper; fetched 2026-09-05"
EBMT activity survey,Saudi Arabia,2024,CAR-T all,42,infusions,,"Saudi Arabia: (5 centres: 814 (890) 583/231), (41 (42) 0/41)","Greco R, Sánchez-Ortega I et al. The 2024 EBMT activity report: crossing one million HCTs and 20,000 CAR-T. A landmark in cellular therapy. Bone Marrow Transplant 2026 (doi 10.1038/s41409-026-02919-9) - Supplementary file: EBMT Transplant Activity Survey: List of reporting transplant centers in 2024 (Appendix 2024, 41409_2026_2919_MOESM3_ESM.pdf)",https://media.springernature.com/original/springer-static/esm/art%3A10.1038%2Fs41409-026-02919-9/MediaObjects/41409_2026_2919_MOESM3_ESM.pdf,verified-from-source,Total all CAR-T (first plus additional infusions) for Saudi Arabia; first CAR-T 41; fetched 2026-09-05
EBMT activity survey,Serbia,2024,CAR-T all,0,patients,,"Serbia: (4 centres: 216 (223) 70/146), (0 (0) 0/0)","Greco R, Sánchez-Ortega I et al. The 2024 EBMT activity report: crossing one million HCTs and 20,000 CAR-T. A landmark in cellular therapy. Bone Marrow Transplant 2026 (doi 10.1038/s41409-026-02919-9) - Supplementary file: EBMT Transplant Activity Survey: List of reporting transplant centers in 2024 (Appendix 2024, 41409_2026_2919_MOESM3_ESM.pdf)",https://media.springernature.com/original/springer-static/esm/art%3A10.1038%2Fs41409-026-02919-9/MediaObjects/41409_2026_2919_MOESM3_ESM.pdf,verified-from-source,"Country line of Appendix 2024; format per header: Number of reporting centers: total 1st HCT (total all HCT) N allogeneic 1st HCT / N autologous 1st HCT, total 1st CAR-T (total all CAR-T) N allogeneic 1st CAR-T / N autologous 1st CAR-T. First CAR-T 0 (all CAR-T 0), allogeneic 1st 0 / autologous 1st 0. Covers centres reporting to the EBMT activity survey (HCT-reporting centres; CAR-T reported by the same centres); fetched 2026-09-05"
EBMT activity survey,Singapore,2024,CAR-T all,12,patients,,"Singapore: (1 centres: 91 (96) 55/36), (12 (12) 0/12)","Greco R, Sánchez-Ortega I et al. The 2024 EBMT activity report: crossing one million HCTs and 20,000 CAR-T. A landmark in cellular therapy. Bone Marrow Transplant 2026 (doi 10.1038/s41409-026-02919-9) - Supplementary file: EBMT Transplant Activity Survey: List of reporting transplant centers in 2024 (Appendix 2024, 41409_2026_2919_MOESM3_ESM.pdf)",https://media.springernature.com/original/springer-static/esm/art%3A10.1038%2Fs41409-026-02919-9/MediaObjects/41409_2026_2919_MOESM3_ESM.pdf,verified-from-source,"Country line of Appendix 2024; format per header: Number of reporting centers: total 1st HCT (total all HCT) N allogeneic 1st HCT / N autologous 1st HCT, total 1st CAR-T (total all CAR-T) N allogeneic 1st CAR-T / N autologous 1st CAR-T. First CAR-T 12 (all CAR-T 12), allogeneic 1st 0 / autologous 1st 12. Covers centres reporting to the EBMT activity survey (HCT-reporting centres; CAR-T reported by the same centres); derived from the centre lines: 1 of 1 reporting centres list >=1 first CAR-T in 2024 (all 1 centre lines parsed, sums reconcile); fetched 2026-09-05"
EBMT activity survey,Singapore,2024,CAR-T all,12,infusions,,"Singapore: (1 centres: 91 (96) 55/36), (12 (12) 0/12)","Greco R, Sánchez-Ortega I et al. The 2024 EBMT activity report: crossing one million HCTs and 20,000 CAR-T. A landmark in cellular therapy. Bone Marrow Transplant 2026 (doi 10.1038/s41409-026-02919-9) - Supplementary file: EBMT Transplant Activity Survey: List of reporting transplant centers in 2024 (Appendix 2024, 41409_2026_2919_MOESM3_ESM.pdf)",https://media.springernature.com/original/springer-static/esm/art%3A10.1038%2Fs41409-026-02919-9/MediaObjects/41409_2026_2919_MOESM3_ESM.pdf,verified-from-source,Total all CAR-T (first plus additional infusions) for Singapore; first CAR-T 12; fetched 2026-09-05
EBMT activity survey,Slovakia,2024,CAR-T all,34,patients,62.68,"Slovakia: (5 centres: 258 (282) 89/169), (34 (34) 0/34)","Greco R, Sánchez-Ortega I et al. The 2024 EBMT activity report: crossing one million HCTs and 20,000 CAR-T. A landmark in cellular therapy. Bone Marrow Transplant 2026 (doi 10.1038/s41409-026-02919-9) - Supplementary file: EBMT Transplant Activity Survey: List of reporting transplant centers in 2024 (Appendix 2024, 41409_2026_2919_MOESM3_ESM.pdf)",https://media.springernature.com/original/springer-static/esm/art%3A10.1038%2Fs41409-026-02919-9/MediaObjects/41409_2026_2919_MOESM3_ESM.pdf,verified-from-source,"Country line of Appendix 2024; format per header: Number of reporting centers: total 1st HCT (total all HCT) N allogeneic 1st HCT / N autologous 1st HCT, total 1st CAR-T (total all CAR-T) N allogeneic 1st CAR-T / N autologous 1st CAR-T. First CAR-T 34 (all CAR-T 34), allogeneic 1st 0 / autologous 1st 34. Covers centres reporting to the EBMT activity survey (HCT-reporting centres; CAR-T reported by the same centres); derived from the centre lines: 1 of 5 reporting centres list >=1 first CAR-T in 2024 (all 5 centre lines parsed, sums reconcile); 2024 rate 62,68 per 10 million from Supplementary Table 2 of the same paper; fetched 2026-09-05"
EBMT activity survey,Slovakia,2024,CAR-T all,34,infusions,,"Slovakia: (5 centres: 258 (282) 89/169), (34 (34) 0/34)","Greco R, Sánchez-Ortega I et al. The 2024 EBMT activity report: crossing one million HCTs and 20,000 CAR-T. A landmark in cellular therapy. Bone Marrow Transplant 2026 (doi 10.1038/s41409-026-02919-9) - Supplementary file: EBMT Transplant Activity Survey: List of reporting transplant centers in 2024 (Appendix 2024, 41409_2026_2919_MOESM3_ESM.pdf)",https://media.springernature.com/original/springer-static/esm/art%3A10.1038%2Fs41409-026-02919-9/MediaObjects/41409_2026_2919_MOESM3_ESM.pdf,verified-from-source,Total all CAR-T (first plus additional infusions) for Slovakia; first CAR-T 34; fetched 2026-09-05
EBMT activity survey,Slovenia,2024,CAR-T all,5,patients,23.54,"Slovenia: (1 centres: 88 (108) 28/60), (5 (5) 0/5)","Greco R, Sánchez-Ortega I et al. The 2024 EBMT activity report: crossing one million HCTs and 20,000 CAR-T. A landmark in cellular therapy. Bone Marrow Transplant 2026 (doi 10.1038/s41409-026-02919-9) - Supplementary file: EBMT Transplant Activity Survey: List of reporting transplant centers in 2024 (Appendix 2024, 41409_2026_2919_MOESM3_ESM.pdf)",https://media.springernature.com/original/springer-static/esm/art%3A10.1038%2Fs41409-026-02919-9/MediaObjects/41409_2026_2919_MOESM3_ESM.pdf,verified-from-source,"Country line of Appendix 2024; format per header: Number of reporting centers: total 1st HCT (total all HCT) N allogeneic 1st HCT / N autologous 1st HCT, total 1st CAR-T (total all CAR-T) N allogeneic 1st CAR-T / N autologous 1st CAR-T. First CAR-T 5 (all CAR-T 5), allogeneic 1st 0 / autologous 1st 5. Covers centres reporting to the EBMT activity survey (HCT-reporting centres; CAR-T reported by the same centres); derived from the centre lines: 1 of 1 reporting centres list >=1 first CAR-T in 2024 (all 1 centre lines parsed, sums reconcile); 2024 rate 23,54 per 10 million from Supplementary Table 2 of the same paper; fetched 2026-09-05"
EBMT activity survey,Slovenia,2024,CAR-T all,5,infusions,,"Slovenia: (1 centres: 88 (108) 28/60), (5 (5) 0/5)","Greco R, Sánchez-Ortega I et al. The 2024 EBMT activity report: crossing one million HCTs and 20,000 CAR-T. A landmark in cellular therapy. Bone Marrow Transplant 2026 (doi 10.1038/s41409-026-02919-9) - Supplementary file: EBMT Transplant Activity Survey: List of reporting transplant centers in 2024 (Appendix 2024, 41409_2026_2919_MOESM3_ESM.pdf)",https://media.springernature.com/original/springer-static/esm/art%3A10.1038%2Fs41409-026-02919-9/MediaObjects/41409_2026_2919_MOESM3_ESM.pdf,verified-from-source,Total all CAR-T (first plus additional infusions) for Slovenia; first CAR-T 5; fetched 2026-09-05
EBMT activity survey,South Africa,2024,CAR-T all,0,patients,,"South Africa: (10 centres: 375 (381) 135/240), (0 (0) 0/0)","Greco R, Sánchez-Ortega I et al. The 2024 EBMT activity report: crossing one million HCTs and 20,000 CAR-T. A landmark in cellular therapy. Bone Marrow Transplant 2026 (doi 10.1038/s41409-026-02919-9) - Supplementary file: EBMT Transplant Activity Survey: List of reporting transplant centers in 2024 (Appendix 2024, 41409_2026_2919_MOESM3_ESM.pdf)",https://media.springernature.com/original/springer-static/esm/art%3A10.1038%2Fs41409-026-02919-9/MediaObjects/41409_2026_2919_MOESM3_ESM.pdf,verified-from-source,"Country line of Appendix 2024; format per header: Number of reporting centers: total 1st HCT (total all HCT) N allogeneic 1st HCT / N autologous 1st HCT, total 1st CAR-T (total all CAR-T) N allogeneic 1st CAR-T / N autologous 1st CAR-T. First CAR-T 0 (all CAR-T 0), allogeneic 1st 0 / autologous 1st 0. Covers centres reporting to the EBMT activity survey (HCT-reporting centres; CAR-T reported by the same centres); derived from the centre lines: 0 of 10 reporting centres list >=1 first CAR-T in 2024 (all 10 centre lines parsed, sums reconcile); fetched 2026-09-05"
EBMT activity survey,Spain,2024,CAR-T all,763,patients,156.93,"Spain: (71 centres: 3542 (3710) 1508/2034), (763 (776) 5/758)","Greco R, Sánchez-Ortega I et al. The 2024 EBMT activity report: crossing one million HCTs and 20,000 CAR-T. A landmark in cellular therapy. Bone Marrow Transplant 2026 (doi 10.1038/s41409-026-02919-9) - Supplementary file: EBMT Transplant Activity Survey: List of reporting transplant centers in 2024 (Appendix 2024, 41409_2026_2919_MOESM3_ESM.pdf)",https://media.springernature.com/original/springer-static/esm/art%3A10.1038%2Fs41409-026-02919-9/MediaObjects/41409_2026_2919_MOESM3_ESM.pdf,verified-from-source,"Country line of Appendix 2024; format per header: Number of reporting centers: total 1st HCT (total all HCT) N allogeneic 1st HCT / N autologous 1st HCT, total 1st CAR-T (total all CAR-T) N allogeneic 1st CAR-T / N autologous 1st CAR-T. First CAR-T 763 (all CAR-T 776), allogeneic 1st 5 / autologous 1st 758. Covers centres reporting to the EBMT activity survey (HCT-reporting centres; CAR-T reported by the same centres); derived from the centre lines: at least 29 centres list >=1 first CAR-T in 2024 (only 68 of 71 centre lines parsed cleanly, so this is a lower bound); 2024 rate 156,93 per 10 million from Supplementary Table 2 of the same paper; fetched 2026-09-05"
EBMT activity survey,Spain,2024,CAR-T all,776,infusions,,"Spain: (71 centres: 3542 (3710) 1508/2034), (763 (776) 5/758)","Greco R, Sánchez-Ortega I et al. The 2024 EBMT activity report: crossing one million HCTs and 20,000 CAR-T. A landmark in cellular therapy. Bone Marrow Transplant 2026 (doi 10.1038/s41409-026-02919-9) - Supplementary file: EBMT Transplant Activity Survey: List of reporting transplant centers in 2024 (Appendix 2024, 41409_2026_2919_MOESM3_ESM.pdf)",https://media.springernature.com/original/springer-static/esm/art%3A10.1038%2Fs41409-026-02919-9/MediaObjects/41409_2026_2919_MOESM3_ESM.pdf,verified-from-source,Total all CAR-T (first plus additional infusions) for Spain; first CAR-T 763; fetched 2026-09-05
EBMT activity survey,Sweden,2024,CAR-T all,70,patients,66.34,"Sweden: (6 centres: 609 (676) 320/289), (70 (71) 0/70)","Greco R, Sánchez-Ortega I et al. The 2024 EBMT activity report: crossing one million HCTs and 20,000 CAR-T. A landmark in cellular therapy. Bone Marrow Transplant 2026 (doi 10.1038/s41409-026-02919-9) - Supplementary file: EBMT Transplant Activity Survey: List of reporting transplant centers in 2024 (Appendix 2024, 41409_2026_2919_MOESM3_ESM.pdf)",https://media.springernature.com/original/springer-static/esm/art%3A10.1038%2Fs41409-026-02919-9/MediaObjects/41409_2026_2919_MOESM3_ESM.pdf,verified-from-source,"Country line of Appendix 2024; format per header: Number of reporting centers: total 1st HCT (total all HCT) N allogeneic 1st HCT / N autologous 1st HCT, total 1st CAR-T (total all CAR-T) N allogeneic 1st CAR-T / N autologous 1st CAR-T. First CAR-T 70 (all CAR-T 71), allogeneic 1st 0 / autologous 1st 70. Covers centres reporting to the EBMT activity survey (HCT-reporting centres; CAR-T reported by the same centres); derived from the centre lines: 6 of 6 reporting centres list >=1 first CAR-T in 2024 (all 6 centre lines parsed, sums reconcile); 2024 rate 66,34 per 10 million from Supplementary Table 2 of the same paper; fetched 2026-09-05"
EBMT activity survey,Sweden,2024,CAR-T all,71,infusions,,"Sweden: (6 centres: 609 (676) 320/289), (70 (71) 0/70)","Greco R, Sánchez-Ortega I et al. The 2024 EBMT activity report: crossing one million HCTs and 20,000 CAR-T. A landmark in cellular therapy. Bone Marrow Transplant 2026 (doi 10.1038/s41409-026-02919-9) - Supplementary file: EBMT Transplant Activity Survey: List of reporting transplant centers in 2024 (Appendix 2024, 41409_2026_2919_MOESM3_ESM.pdf)",https://media.springernature.com/original/springer-static/esm/art%3A10.1038%2Fs41409-026-02919-9/MediaObjects/41409_2026_2919_MOESM3_ESM.pdf,verified-from-source,Total all CAR-T (first plus additional infusions) for Sweden; first CAR-T 70; fetched 2026-09-05
EBMT activity survey,Switzerland,2024,CAR-T all,191,patients,202.57,"Switzerland: (10 centres: 609 (676) 315/294), (191 (191) 0/191)","Greco R, Sánchez-Ortega I et al. The 2024 EBMT activity report: crossing one million HCTs and 20,000 CAR-T. A landmark in cellular therapy. Bone Marrow Transplant 2026 (doi 10.1038/s41409-026-02919-9) - Supplementary file: EBMT Transplant Activity Survey: List of reporting transplant centers in 2024 (Appendix 2024, 41409_2026_2919_MOESM3_ESM.pdf)",https://media.springernature.com/original/springer-static/esm/art%3A10.1038%2Fs41409-026-02919-9/MediaObjects/41409_2026_2919_MOESM3_ESM.pdf,verified-from-source,"Country line of Appendix 2024; format per header: Number of reporting centers: total 1st HCT (total all HCT) N allogeneic 1st HCT / N autologous 1st HCT, total 1st CAR-T (total all CAR-T) N allogeneic 1st CAR-T / N autologous 1st CAR-T. First CAR-T 191 (all CAR-T 191), allogeneic 1st 0 / autologous 1st 191. Covers centres reporting to the EBMT activity survey (HCT-reporting centres; CAR-T reported by the same centres); derived from the centre lines: 10 of 10 reporting centres list >=1 first CAR-T in 2024 (all 10 centre lines parsed, sums reconcile); 2024 rate 202,57 per 10 million from Supplementary Table 2 of the same paper; fetched 2026-09-05"
EBMT activity survey,Switzerland,2024,CAR-T all,191,infusions,,"Switzerland: (10 centres: 609 (676) 315/294), (191 (191) 0/191)","Greco R, Sánchez-Ortega I et al. The 2024 EBMT activity report: crossing one million HCTs and 20,000 CAR-T. A landmark in cellular therapy. Bone Marrow Transplant 2026 (doi 10.1038/s41409-026-02919-9) - Supplementary file: EBMT Transplant Activity Survey: List of reporting transplant centers in 2024 (Appendix 2024, 41409_2026_2919_MOESM3_ESM.pdf)",https://media.springernature.com/original/springer-static/esm/art%3A10.1038%2Fs41409-026-02919-9/MediaObjects/41409_2026_2919_MOESM3_ESM.pdf,verified-from-source,Total all CAR-T (first plus additional infusions) for Switzerland; first CAR-T 191; fetched 2026-09-05
EBMT activity survey,Tunisia,2024,CAR-T all,0,patients,,"Tunisia: (1 centres: 97 (97) 47/50), (0 (0) 0/0)","Greco R, Sánchez-Ortega I et al. The 2024 EBMT activity report: crossing one million HCTs and 20,000 CAR-T. A landmark in cellular therapy. Bone Marrow Transplant 2026 (doi 10.1038/s41409-026-02919-9) - Supplementary file: EBMT Transplant Activity Survey: List of reporting transplant centers in 2024 (Appendix 2024, 41409_2026_2919_MOESM3_ESM.pdf)",https://media.springernature.com/original/springer-static/esm/art%3A10.1038%2Fs41409-026-02919-9/MediaObjects/41409_2026_2919_MOESM3_ESM.pdf,verified-from-source,"Country line of Appendix 2024; format per header: Number of reporting centers: total 1st HCT (total all HCT) N allogeneic 1st HCT / N autologous 1st HCT, total 1st CAR-T (total all CAR-T) N allogeneic 1st CAR-T / N autologous 1st CAR-T. First CAR-T 0 (all CAR-T 0), allogeneic 1st 0 / autologous 1st 0. Covers centres reporting to the EBMT activity survey (HCT-reporting centres; CAR-T reported by the same centres); derived from the centre lines: 0 of 1 reporting centres list >=1 first CAR-T in 2024 (all 1 centre lines parsed, sums reconcile); fetched 2026-09-05"
EBMT activity survey,Turkey,2024,CAR-T all,5,patients,0.58,"Turkey: (53 centres: 3108 (3205) 1506/1602), (5 (6) 0/5)","Greco R, Sánchez-Ortega I et al. The 2024 EBMT activity report: crossing one million HCTs and 20,000 CAR-T. A landmark in cellular therapy. Bone Marrow Transplant 2026 (doi 10.1038/s41409-026-02919-9) - Supplementary file: EBMT Transplant Activity Survey: List of reporting transplant centers in 2024 (Appendix 2024, 41409_2026_2919_MOESM3_ESM.pdf)",https://media.springernature.com/original/springer-static/esm/art%3A10.1038%2Fs41409-026-02919-9/MediaObjects/41409_2026_2919_MOESM3_ESM.pdf,verified-from-source,"Country line of Appendix 2024; format per header: Number of reporting centers: total 1st HCT (total all HCT) N allogeneic 1st HCT / N autologous 1st HCT, total 1st CAR-T (total all CAR-T) N allogeneic 1st CAR-T / N autologous 1st CAR-T. First CAR-T 5 (all CAR-T 6), allogeneic 1st 0 / autologous 1st 5. Covers centres reporting to the EBMT activity survey (HCT-reporting centres; CAR-T reported by the same centres); derived from the centre lines: at least 2 centres list >=1 first CAR-T in 2024 (only 51 of 53 centre lines parsed cleanly, so this is a lower bound); 2024 rate 0,58 per 10 million from Supplementary Table 2 of the same paper; fetched 2026-09-05"
EBMT activity survey,Turkey,2024,CAR-T all,6,infusions,,"Turkey: (53 centres: 3108 (3205) 1506/1602), (5 (6) 0/5)","Greco R, Sánchez-Ortega I et al. The 2024 EBMT activity report: crossing one million HCTs and 20,000 CAR-T. A landmark in cellular therapy. Bone Marrow Transplant 2026 (doi 10.1038/s41409-026-02919-9) - Supplementary file: EBMT Transplant Activity Survey: List of reporting transplant centers in 2024 (Appendix 2024, 41409_2026_2919_MOESM3_ESM.pdf)",https://media.springernature.com/original/springer-static/esm/art%3A10.1038%2Fs41409-026-02919-9/MediaObjects/41409_2026_2919_MOESM3_ESM.pdf,verified-from-source,Total all CAR-T (first plus additional infusions) for Turkey; first CAR-T 5; fetched 2026-09-05
EBMT activity survey,Ukraine,2024,CAR-T all,0,patients,,"Ukraine: (7 centres: 366 (368) 126/240), (0 (0) 0/0)","Greco R, Sánchez-Ortega I et al. The 2024 EBMT activity report: crossing one million HCTs and 20,000 CAR-T. A landmark in cellular therapy. Bone Marrow Transplant 2026 (doi 10.1038/s41409-026-02919-9) - Supplementary file: EBMT Transplant Activity Survey: List of reporting transplant centers in 2024 (Appendix 2024, 41409_2026_2919_MOESM3_ESM.pdf)",https://media.springernature.com/original/springer-static/esm/art%3A10.1038%2Fs41409-026-02919-9/MediaObjects/41409_2026_2919_MOESM3_ESM.pdf,verified-from-source,"Country line of Appendix 2024; format per header: Number of reporting centers: total 1st HCT (total all HCT) N allogeneic 1st HCT / N autologous 1st HCT, total 1st CAR-T (total all CAR-T) N allogeneic 1st CAR-T / N autologous 1st CAR-T. First CAR-T 0 (all CAR-T 0), allogeneic 1st 0 / autologous 1st 0. Covers centres reporting to the EBMT activity survey (HCT-reporting centres; CAR-T reported by the same centres); derived from the centre lines: 0 of 7 reporting centres list >=1 first CAR-T in 2024 (all 7 centre lines parsed, sums reconcile); fetched 2026-09-05"
EBMT activity survey,United Arab Emirates,2024,CAR-T all,0,patients,,"United Arab Emirates: (1 centres: 41 (42) 25/16), (0 (0) 0/0)","Greco R, Sánchez-Ortega I et al. The 2024 EBMT activity report: crossing one million HCTs and 20,000 CAR-T. A landmark in cellular therapy. Bone Marrow Transplant 2026 (doi 10.1038/s41409-026-02919-9) - Supplementary file: EBMT Transplant Activity Survey: List of reporting transplant centers in 2024 (Appendix 2024, 41409_2026_2919_MOESM3_ESM.pdf)",https://media.springernature.com/original/springer-static/esm/art%3A10.1038%2Fs41409-026-02919-9/MediaObjects/41409_2026_2919_MOESM3_ESM.pdf,verified-from-source,"Country line of Appendix 2024; format per header: Number of reporting centers: total 1st HCT (total all HCT) N allogeneic 1st HCT / N autologous 1st HCT, total 1st CAR-T (total all CAR-T) N allogeneic 1st CAR-T / N autologous 1st CAR-T. First CAR-T 0 (all CAR-T 0), allogeneic 1st 0 / autologous 1st 0. Covers centres reporting to the EBMT activity survey (HCT-reporting centres; CAR-T reported by the same centres); derived from the centre lines: 0 of 1 reporting centres list >=1 first CAR-T in 2024 (all 1 centre lines parsed, sums reconcile); fetched 2026-09-05"
EBMT activity survey,United Kingdom,2024,CAR-T all,562,patients,81.18,"United Kingdom: (48 centres: 4169 (4399) 1629/2540), (562 (565) 14/548)","Greco R, Sánchez-Ortega I et al. The 2024 EBMT activity report: crossing one million HCTs and 20,000 CAR-T. A landmark in cellular therapy. Bone Marrow Transplant 2026 (doi 10.1038/s41409-026-02919-9) - Supplementary file: EBMT Transplant Activity Survey: List of reporting transplant centers in 2024 (Appendix 2024, 41409_2026_2919_MOESM3_ESM.pdf)",https://media.springernature.com/original/springer-static/esm/art%3A10.1038%2Fs41409-026-02919-9/MediaObjects/41409_2026_2919_MOESM3_ESM.pdf,verified-from-source,"Country line of Appendix 2024; format per header: Number of reporting centers: total 1st HCT (total all HCT) N allogeneic 1st HCT / N autologous 1st HCT, total 1st CAR-T (total all CAR-T) N allogeneic 1st CAR-T / N autologous 1st CAR-T. First CAR-T 562 (all CAR-T 565), allogeneic 1st 14 / autologous 1st 548. Covers centres reporting to the EBMT activity survey (HCT-reporting centres; CAR-T reported by the same centres); derived from the centre lines: at least 24 centres list >=1 first CAR-T in 2024 (only 46 of 48 centre lines parsed cleanly, so this is a lower bound); 2024 rate 81,18 per 10 million from Supplementary Table 2 of the same paper; fetched 2026-09-05"
EBMT activity survey,United Kingdom,2024,CAR-T all,565,infusions,,"United Kingdom: (48 centres: 4169 (4399) 1629/2540), (562 (565) 14/548)","Greco R, Sánchez-Ortega I et al. The 2024 EBMT activity report: crossing one million HCTs and 20,000 CAR-T. A landmark in cellular therapy. Bone Marrow Transplant 2026 (doi 10.1038/s41409-026-02919-9) - Supplementary file: EBMT Transplant Activity Survey: List of reporting transplant centers in 2024 (Appendix 2024, 41409_2026_2919_MOESM3_ESM.pdf)",https://media.springernature.com/original/springer-static/esm/art%3A10.1038%2Fs41409-026-02919-9/MediaObjects/41409_2026_2919_MOESM3_ESM.pdf,verified-from-source,Total all CAR-T (first plus additional infusions) for United Kingdom; first CAR-T 562; fetched 2026-09-05
EBMT activity survey,Austria,2018,CAR-T all,,patients,4.53,"Supplementary Table 2. CAR-T therapy rate by country and year: Austria, 2018: 4,53","Greco R, Sánchez-Ortega I et al. The 2024 EBMT activity report: crossing one million HCTs and 20,000 CAR-T. A landmark in cellular therapy. Bone Marrow Transplant 2026 (doi 10.1038/s41409-026-02919-9) - Supplementary Table 2. CAR-T therapy rate by country and year (41409_2026_2919_MOESM2_ESM.docx)",https://media.springernature.com/original/springer-static/esm/art%3A10.1038%2Fs41409-026-02919-9/MediaObjects/41409_2026_2919_MOESM2_ESM.docx,verified-from-source,Rate per 10 million population as printed (decimal comma in source); patient count for this country-year is not printed in any EBMT survey table (2018-2023 appendices list HCT only); count can be derived as rate x population / 1e7 (paper states population numbers from Eurostat). Blank cells in the source table (years with no CAR-T reported or before first activity) are omitted; fetched 2026-09-05
EBMT activity survey,Austria,2019,CAR-T all,,patients,5.64,"Supplementary Table 2. CAR-T therapy rate by country and year: Austria, 2019: 5,64","Greco R, Sánchez-Ortega I et al. The 2024 EBMT activity report: crossing one million HCTs and 20,000 CAR-T. A landmark in cellular therapy. Bone Marrow Transplant 2026 (doi 10.1038/s41409-026-02919-9) - Supplementary Table 2. CAR-T therapy rate by country and year (41409_2026_2919_MOESM2_ESM.docx)",https://media.springernature.com/original/springer-static/esm/art%3A10.1038%2Fs41409-026-02919-9/MediaObjects/41409_2026_2919_MOESM2_ESM.docx,verified-from-source,Rate per 10 million population as printed (decimal comma in source); patient count for this country-year is not printed in any EBMT survey table (2018-2023 appendices list HCT only); count can be derived as rate x population / 1e7 (paper states population numbers from Eurostat). Blank cells in the source table (years with no CAR-T reported or before first activity) are omitted; fetched 2026-09-05
EBMT activity survey,Austria,2020,CAR-T all,,patients,17.98,"Supplementary Table 2. CAR-T therapy rate by country and year: Austria, 2020: 17,98","Greco R, Sánchez-Ortega I et al. The 2024 EBMT activity report: crossing one million HCTs and 20,000 CAR-T. A landmark in cellular therapy. Bone Marrow Transplant 2026 (doi 10.1038/s41409-026-02919-9) - Supplementary Table 2. CAR-T therapy rate by country and year (41409_2026_2919_MOESM2_ESM.docx)",https://media.springernature.com/original/springer-static/esm/art%3A10.1038%2Fs41409-026-02919-9/MediaObjects/41409_2026_2919_MOESM2_ESM.docx,verified-from-source,Rate per 10 million population as printed (decimal comma in source); patient count for this country-year is not printed in any EBMT survey table (2018-2023 appendices list HCT only); count can be derived as rate x population / 1e7 (paper states population numbers from Eurostat). Blank cells in the source table (years with no CAR-T reported or before first activity) are omitted; fetched 2026-09-05
EBMT activity survey,Austria,2021,CAR-T all,,patients,47.02,"Supplementary Table 2. CAR-T therapy rate by country and year: Austria, 2021: 47,02","Greco R, Sánchez-Ortega I et al. The 2024 EBMT activity report: crossing one million HCTs and 20,000 CAR-T. A landmark in cellular therapy. Bone Marrow Transplant 2026 (doi 10.1038/s41409-026-02919-9) - Supplementary Table 2. CAR-T therapy rate by country and year (41409_2026_2919_MOESM2_ESM.docx)",https://media.springernature.com/original/springer-static/esm/art%3A10.1038%2Fs41409-026-02919-9/MediaObjects/41409_2026_2919_MOESM2_ESM.docx,verified-from-source,Rate per 10 million population as printed (decimal comma in source); patient count for this country-year is not printed in any EBMT survey table (2018-2023 appendices list HCT only); count can be derived as rate x population / 1e7 (paper states population numbers from Eurostat). Blank cells in the source table (years with no CAR-T reported or before first activity) are omitted; fetched 2026-09-05
EBMT activity survey,Austria,2022,CAR-T all,,patients,72.39,"Supplementary Table 2. CAR-T therapy rate by country and year: Austria, 2022: 72,39","Greco R, Sánchez-Ortega I et al. The 2024 EBMT activity report: crossing one million HCTs and 20,000 CAR-T. A landmark in cellular therapy. Bone Marrow Transplant 2026 (doi 10.1038/s41409-026-02919-9) - Supplementary Table 2. CAR-T therapy rate by country and year (41409_2026_2919_MOESM2_ESM.docx)",https://media.springernature.com/original/springer-static/esm/art%3A10.1038%2Fs41409-026-02919-9/MediaObjects/41409_2026_2919_MOESM2_ESM.docx,verified-from-source,Rate per 10 million population as printed (decimal comma in source); patient count for this country-year is not printed in any EBMT survey table (2018-2023 appendices list HCT only); count can be derived as rate x population / 1e7 (paper states population numbers from Eurostat). Blank cells in the source table (years with no CAR-T reported or before first activity) are omitted; fetched 2026-09-05
EBMT activity survey,Austria,2023,CAR-T all,,patients,92.26,"Supplementary Table 2. CAR-T therapy rate by country and year: Austria, 2023: 92,26","Greco R, Sánchez-Ortega I et al. The 2024 EBMT activity report: crossing one million HCTs and 20,000 CAR-T. A landmark in cellular therapy. Bone Marrow Transplant 2026 (doi 10.1038/s41409-026-02919-9) - Supplementary Table 2. CAR-T therapy rate by country and year (41409_2026_2919_MOESM2_ESM.docx)",https://media.springernature.com/original/springer-static/esm/art%3A10.1038%2Fs41409-026-02919-9/MediaObjects/41409_2026_2919_MOESM2_ESM.docx,verified-from-source,Rate per 10 million population as printed (decimal comma in source); patient count for this country-year is not printed in any EBMT survey table (2018-2023 appendices list HCT only); count can be derived as rate x population / 1e7 (paper states population numbers from Eurostat). Blank cells in the source table (years with no CAR-T reported or before first activity) are omitted; fetched 2026-09-05
EBMT activity survey,Belarus,2020,CAR-T all,,patients,1.07,"Supplementary Table 2. CAR-T therapy rate by country and year: Belarus, 2020: 1,07","Greco R, Sánchez-Ortega I et al. The 2024 EBMT activity report: crossing one million HCTs and 20,000 CAR-T. A landmark in cellular therapy. Bone Marrow Transplant 2026 (doi 10.1038/s41409-026-02919-9) - Supplementary Table 2. CAR-T therapy rate by country and year (41409_2026_2919_MOESM2_ESM.docx)",https://media.springernature.com/original/springer-static/esm/art%3A10.1038%2Fs41409-026-02919-9/MediaObjects/41409_2026_2919_MOESM2_ESM.docx,verified-from-source,Rate per 10 million population as printed (decimal comma in source); patient count for this country-year is not printed in any EBMT survey table (2018-2023 appendices list HCT only); count can be derived as rate x population / 1e7 (paper states population numbers from Eurostat). Blank cells in the source table (years with no CAR-T reported or before first activity) are omitted; fetched 2026-09-05
EBMT activity survey,Belarus,2021,CAR-T all,,patients,4.3,"Supplementary Table 2. CAR-T therapy rate by country and year: Belarus, 2021: 4,3","Greco R, Sánchez-Ortega I et al. The 2024 EBMT activity report: crossing one million HCTs and 20,000 CAR-T. A landmark in cellular therapy. Bone Marrow Transplant 2026 (doi 10.1038/s41409-026-02919-9) - Supplementary Table 2. CAR-T therapy rate by country and year (41409_2026_2919_MOESM2_ESM.docx)",https://media.springernature.com/original/springer-static/esm/art%3A10.1038%2Fs41409-026-02919-9/MediaObjects/41409_2026_2919_MOESM2_ESM.docx,verified-from-source,Rate per 10 million population as printed (decimal comma in source); patient count for this country-year is not printed in any EBMT survey table (2018-2023 appendices list HCT only); count can be derived as rate x population / 1e7 (paper states population numbers from Eurostat). Blank cells in the source table (years with no CAR-T reported or before first activity) are omitted; fetched 2026-09-05
EBMT activity survey,Belarus,2022,CAR-T all,,patients,3.25,"Supplementary Table 2. CAR-T therapy rate by country and year: Belarus, 2022: 3,25","Greco R, Sánchez-Ortega I et al. The 2024 EBMT activity report: crossing one million HCTs and 20,000 CAR-T. A landmark in cellular therapy. Bone Marrow Transplant 2026 (doi 10.1038/s41409-026-02919-9) - Supplementary Table 2. CAR-T therapy rate by country and year (41409_2026_2919_MOESM2_ESM.docx)",https://media.springernature.com/original/springer-static/esm/art%3A10.1038%2Fs41409-026-02919-9/MediaObjects/41409_2026_2919_MOESM2_ESM.docx,verified-from-source,Rate per 10 million population as printed (decimal comma in source); patient count for this country-year is not printed in any EBMT survey table (2018-2023 appendices list HCT only); count can be derived as rate x population / 1e7 (paper states population numbers from Eurostat). Blank cells in the source table (years with no CAR-T reported or before first activity) are omitted; fetched 2026-09-05
EBMT activity survey,Belarus,2023,CAR-T all,,patients,7.63,"Supplementary Table 2. CAR-T therapy rate by country and year: Belarus, 2023: 7,63","Greco R, Sánchez-Ortega I et al. The 2024 EBMT activity report: crossing one million HCTs and 20,000 CAR-T. A landmark in cellular therapy. Bone Marrow Transplant 2026 (doi 10.1038/s41409-026-02919-9) - Supplementary Table 2. CAR-T therapy rate by country and year (41409_2026_2919_MOESM2_ESM.docx)",https://media.springernature.com/original/springer-static/esm/art%3A10.1038%2Fs41409-026-02919-9/MediaObjects/41409_2026_2919_MOESM2_ESM.docx,verified-from-source,Rate per 10 million population as printed (decimal comma in source); patient count for this country-year is not printed in any EBMT survey table (2018-2023 appendices list HCT only); count can be derived as rate x population / 1e7 (paper states population numbers from Eurostat). Blank cells in the source table (years with no CAR-T reported or before first activity) are omitted; fetched 2026-09-05
EBMT activity survey,Belgium,2018,CAR-T all,,patients,8.77,"Supplementary Table 2. CAR-T therapy rate by country and year: Belgium, 2018: 8,77","Greco R, Sánchez-Ortega I et al. The 2024 EBMT activity report: crossing one million HCTs and 20,000 CAR-T. A landmark in cellular therapy. Bone Marrow Transplant 2026 (doi 10.1038/s41409-026-02919-9) - Supplementary Table 2. CAR-T therapy rate by country and year (41409_2026_2919_MOESM2_ESM.docx)",https://media.springernature.com/original/springer-static/esm/art%3A10.1038%2Fs41409-026-02919-9/MediaObjects/41409_2026_2919_MOESM2_ESM.docx,verified-from-source,Rate per 10 million population as printed (decimal comma in source); patient count for this country-year is not printed in any EBMT survey table (2018-2023 appendices list HCT only); count can be derived as rate x population / 1e7 (paper states population numbers from Eurostat). Blank cells in the source table (years with no CAR-T reported or before first activity) are omitted; fetched 2026-09-05
EBMT activity survey,Belgium,2019,CAR-T all,,patients,24.44,"Supplementary Table 2. CAR-T therapy rate by country and year: Belgium, 2019: 24,44","Greco R, Sánchez-Ortega I et al. The 2024 EBMT activity report: crossing one million HCTs and 20,000 CAR-T. A landmark in cellular therapy. Bone Marrow Transplant 2026 (doi 10.1038/s41409-026-02919-9) - Supplementary Table 2. CAR-T therapy rate by country and year (41409_2026_2919_MOESM2_ESM.docx)",https://media.springernature.com/original/springer-static/esm/art%3A10.1038%2Fs41409-026-02919-9/MediaObjects/41409_2026_2919_MOESM2_ESM.docx,verified-from-source,Rate per 10 million population as printed (decimal comma in source); patient count for this country-year is not printed in any EBMT survey table (2018-2023 appendices list HCT only); count can be derived as rate x population / 1e7 (paper states population numbers from Eurostat). Blank cells in the source table (years with no CAR-T reported or before first activity) are omitted; fetched 2026-09-05
EBMT activity survey,Belgium,2020,CAR-T all,,patients,32.98,"Supplementary Table 2. CAR-T therapy rate by country and year: Belgium, 2020: 32,98","Greco R, Sánchez-Ortega I et al. The 2024 EBMT activity report: crossing one million HCTs and 20,000 CAR-T. A landmark in cellular therapy. Bone Marrow Transplant 2026 (doi 10.1038/s41409-026-02919-9) - Supplementary Table 2. CAR-T therapy rate by country and year (41409_2026_2919_MOESM2_ESM.docx)",https://media.springernature.com/original/springer-static/esm/art%3A10.1038%2Fs41409-026-02919-9/MediaObjects/41409_2026_2919_MOESM2_ESM.docx,verified-from-source,Rate per 10 million population as printed (decimal comma in source); patient count for this country-year is not printed in any EBMT survey table (2018-2023 appendices list HCT only); count can be derived as rate x population / 1e7 (paper states population numbers from Eurostat). Blank cells in the source table (years with no CAR-T reported or before first activity) are omitted; fetched 2026-09-05
EBMT activity survey,Belgium,2021,CAR-T all,,patients,54.52,"Supplementary Table 2. CAR-T therapy rate by country and year: Belgium, 2021: 54,52","Greco R, Sánchez-Ortega I et al. The 2024 EBMT activity report: crossing one million HCTs and 20,000 CAR-T. A landmark in cellular therapy. Bone Marrow Transplant 2026 (doi 10.1038/s41409-026-02919-9) - Supplementary Table 2. CAR-T therapy rate by country and year (41409_2026_2919_MOESM2_ESM.docx)",https://media.springernature.com/original/springer-static/esm/art%3A10.1038%2Fs41409-026-02919-9/MediaObjects/41409_2026_2919_MOESM2_ESM.docx,verified-from-source,Rate per 10 million population as printed (decimal comma in source); patient count for this country-year is not printed in any EBMT survey table (2018-2023 appendices list HCT only); count can be derived as rate x population / 1e7 (paper states population numbers from Eurostat). Blank cells in the source table (years with no CAR-T reported or before first activity) are omitted; fetched 2026-09-05
EBMT activity survey,Belgium,2022,CAR-T all,,patients,62.84,"Supplementary Table 2. CAR-T therapy rate by country and year: Belgium, 2022: 62,84","Greco R, Sánchez-Ortega I et al. The 2024 EBMT activity report: crossing one million HCTs and 20,000 CAR-T. A landmark in cellular therapy. Bone Marrow Transplant 2026 (doi 10.1038/s41409-026-02919-9) - Supplementary Table 2. CAR-T therapy rate by country and year (41409_2026_2919_MOESM2_ESM.docx)",https://media.springernature.com/original/springer-static/esm/art%3A10.1038%2Fs41409-026-02919-9/MediaObjects/41409_2026_2919_MOESM2_ESM.docx,verified-from-source,Rate per 10 million population as printed (decimal comma in source); patient count for this country-year is not printed in any EBMT survey table (2018-2023 appendices list HCT only); count can be derived as rate x population / 1e7 (paper states population numbers from Eurostat). Blank cells in the source table (years with no CAR-T reported or before first activity) are omitted; fetched 2026-09-05
EBMT activity survey,Belgium,2023,CAR-T all,,patients,74.09,"Supplementary Table 2. CAR-T therapy rate by country and year: Belgium, 2023: 74,09","Greco R, Sánchez-Ortega I et al. The 2024 EBMT activity report: crossing one million HCTs and 20,000 CAR-T. A landmark in cellular therapy. Bone Marrow Transplant 2026 (doi 10.1038/s41409-026-02919-9) - Supplementary Table 2. CAR-T therapy rate by country and year (41409_2026_2919_MOESM2_ESM.docx)",https://media.springernature.com/original/springer-static/esm/art%3A10.1038%2Fs41409-026-02919-9/MediaObjects/41409_2026_2919_MOESM2_ESM.docx,verified-from-source,Rate per 10 million population as printed (decimal comma in source); patient count for this country-year is not printed in any EBMT survey table (2018-2023 appendices list HCT only); count can be derived as rate x population / 1e7 (paper states population numbers from Eurostat). Blank cells in the source table (years with no CAR-T reported or before first activity) are omitted; fetched 2026-09-05
EBMT activity survey,Croatia,2020,CAR-T all,,patients,15.25,"Supplementary Table 2. CAR-T therapy rate by country and year: Croatia, 2020: 15,25","Greco R, Sánchez-Ortega I et al. The 2024 EBMT activity report: crossing one million HCTs and 20,000 CAR-T. A landmark in cellular therapy. Bone Marrow Transplant 2026 (doi 10.1038/s41409-026-02919-9) - Supplementary Table 2. CAR-T therapy rate by country and year (41409_2026_2919_MOESM2_ESM.docx)",https://media.springernature.com/original/springer-static/esm/art%3A10.1038%2Fs41409-026-02919-9/MediaObjects/41409_2026_2919_MOESM2_ESM.docx,verified-from-source,Rate per 10 million population as printed (decimal comma in source); patient count for this country-year is not printed in any EBMT survey table (2018-2023 appendices list HCT only); count can be derived as rate x population / 1e7 (paper states population numbers from Eurostat). Blank cells in the source table (years with no CAR-T reported or before first activity) are omitted; fetched 2026-09-05
EBMT activity survey,Croatia,2021,CAR-T all,,patients,28.26,"Supplementary Table 2. CAR-T therapy rate by country and year: Croatia, 2021: 28,26","Greco R, Sánchez-Ortega I et al. The 2024 EBMT activity report: crossing one million HCTs and 20,000 CAR-T. A landmark in cellular therapy. Bone Marrow Transplant 2026 (doi 10.1038/s41409-026-02919-9) - Supplementary Table 2. CAR-T therapy rate by country and year (41409_2026_2919_MOESM2_ESM.docx)",https://media.springernature.com/original/springer-static/esm/art%3A10.1038%2Fs41409-026-02919-9/MediaObjects/41409_2026_2919_MOESM2_ESM.docx,verified-from-source,Rate per 10 million population as printed (decimal comma in source); patient count for this country-year is not printed in any EBMT survey table (2018-2023 appendices list HCT only); count can be derived as rate x population / 1e7 (paper states population numbers from Eurostat). Blank cells in the source table (years with no CAR-T reported or before first activity) are omitted; fetched 2026-09-05
EBMT activity survey,Croatia,2022,CAR-T all,,patients,28.48,"Supplementary Table 2. CAR-T therapy rate by country and year: Croatia, 2022: 28,48","Greco R, Sánchez-Ortega I et al. The 2024 EBMT activity report: crossing one million HCTs and 20,000 CAR-T. A landmark in cellular therapy. Bone Marrow Transplant 2026 (doi 10.1038/s41409-026-02919-9) - Supplementary Table 2. CAR-T therapy rate by country and year (41409_2026_2919_MOESM2_ESM.docx)",https://media.springernature.com/original/springer-static/esm/art%3A10.1038%2Fs41409-026-02919-9/MediaObjects/41409_2026_2919_MOESM2_ESM.docx,verified-from-source,Rate per 10 million population as printed (decimal comma in source); patient count for this country-year is not printed in any EBMT survey table (2018-2023 appendices list HCT only); count can be derived as rate x population / 1e7 (paper states population numbers from Eurostat). Blank cells in the source table (years with no CAR-T reported or before first activity) are omitted; fetched 2026-09-05
EBMT activity survey,Croatia,2023,CAR-T all,,patients,23.37,"Supplementary Table 2. CAR-T therapy rate by country and year: Croatia, 2023: 23,37","Greco R, Sánchez-Ortega I et al. The 2024 EBMT activity report: crossing one million HCTs and 20,000 CAR-T. A landmark in cellular therapy. Bone Marrow Transplant 2026 (doi 10.1038/s41409-026-02919-9) - Supplementary Table 2. CAR-T therapy rate by country and year (41409_2026_2919_MOESM2_ESM.docx)",https://media.springernature.com/original/springer-static/esm/art%3A10.1038%2Fs41409-026-02919-9/MediaObjects/41409_2026_2919_MOESM2_ESM.docx,verified-from-source,Rate per 10 million population as printed (decimal comma in source); patient count for this country-year is not printed in any EBMT survey table (2018-2023 appendices list HCT only); count can be derived as rate x population / 1e7 (paper states population numbers from Eurostat). Blank cells in the source table (years with no CAR-T reported or before first activity) are omitted; fetched 2026-09-05
EBMT activity survey,Czech Republic,2019,CAR-T all,,patients,2.82,"Supplementary Table 2. CAR-T therapy rate by country and year: Czech Republic, 2019: 2,82","Greco R, Sánchez-Ortega I et al. The 2024 EBMT activity report: crossing one million HCTs and 20,000 CAR-T. A landmark in cellular therapy. Bone Marrow Transplant 2026 (doi 10.1038/s41409-026-02919-9) - Supplementary Table 2. CAR-T therapy rate by country and year (41409_2026_2919_MOESM2_ESM.docx)",https://media.springernature.com/original/springer-static/esm/art%3A10.1038%2Fs41409-026-02919-9/MediaObjects/41409_2026_2919_MOESM2_ESM.docx,verified-from-source,Rate per 10 million population as printed (decimal comma in source); patient count for this country-year is not printed in any EBMT survey table (2018-2023 appendices list HCT only); count can be derived as rate x population / 1e7 (paper states population numbers from Eurostat). Blank cells in the source table (years with no CAR-T reported or before first activity) are omitted; fetched 2026-09-05
EBMT activity survey,Czech Republic,2020,CAR-T all,,patients,28.99,"Supplementary Table 2. CAR-T therapy rate by country and year: Czech Republic, 2020: 28,99","Greco R, Sánchez-Ortega I et al. The 2024 EBMT activity report: crossing one million HCTs and 20,000 CAR-T. A landmark in cellular therapy. Bone Marrow Transplant 2026 (doi 10.1038/s41409-026-02919-9) - Supplementary Table 2. CAR-T therapy rate by country and year (41409_2026_2919_MOESM2_ESM.docx)",https://media.springernature.com/original/springer-static/esm/art%3A10.1038%2Fs41409-026-02919-9/MediaObjects/41409_2026_2919_MOESM2_ESM.docx,verified-from-source,Rate per 10 million population as printed (decimal comma in source); patient count for this country-year is not printed in any EBMT survey table (2018-2023 appendices list HCT only); count can be derived as rate x population / 1e7 (paper states population numbers from Eurostat). Blank cells in the source table (years with no CAR-T reported or before first activity) are omitted; fetched 2026-09-05
EBMT activity survey,Czech Republic,2021,CAR-T all,,patients,46.69,"Supplementary Table 2. CAR-T therapy rate by country and year: Czech Republic, 2021: 46,69","Greco R, Sánchez-Ortega I et al. The 2024 EBMT activity report: crossing one million HCTs and 20,000 CAR-T. A landmark in cellular therapy. Bone Marrow Transplant 2026 (doi 10.1038/s41409-026-02919-9) - Supplementary Table 2. CAR-T therapy rate by country and year (41409_2026_2919_MOESM2_ESM.docx)",https://media.springernature.com/original/springer-static/esm/art%3A10.1038%2Fs41409-026-02919-9/MediaObjects/41409_2026_2919_MOESM2_ESM.docx,verified-from-source,Rate per 10 million population as printed (decimal comma in source); patient count for this country-year is not printed in any EBMT survey table (2018-2023 appendices list HCT only); count can be derived as rate x population / 1e7 (paper states population numbers from Eurostat). Blank cells in the source table (years with no CAR-T reported or before first activity) are omitted; fetched 2026-09-05
EBMT activity survey,Czech Republic,2022,CAR-T all,,patients,51.35,"Supplementary Table 2. CAR-T therapy rate by country and year: Czech Republic, 2022: 51,35","Greco R, Sánchez-Ortega I et al. The 2024 EBMT activity report: crossing one million HCTs and 20,000 CAR-T. A landmark in cellular therapy. Bone Marrow Transplant 2026 (doi 10.1038/s41409-026-02919-9) - Supplementary Table 2. CAR-T therapy rate by country and year (41409_2026_2919_MOESM2_ESM.docx)",https://media.springernature.com/original/springer-static/esm/art%3A10.1038%2Fs41409-026-02919-9/MediaObjects/41409_2026_2919_MOESM2_ESM.docx,verified-from-source,Rate per 10 million population as printed (decimal comma in source); patient count for this country-year is not printed in any EBMT survey table (2018-2023 appendices list HCT only); count can be derived as rate x population / 1e7 (paper states population numbers from Eurostat). Blank cells in the source table (years with no CAR-T reported or before first activity) are omitted; fetched 2026-09-05
EBMT activity survey,Czech Republic,2023,CAR-T all,,patients,106.21,"Supplementary Table 2. CAR-T therapy rate by country and year: Czech Republic, 2023: 106,21","Greco R, Sánchez-Ortega I et al. The 2024 EBMT activity report: crossing one million HCTs and 20,000 CAR-T. A landmark in cellular therapy. Bone Marrow Transplant 2026 (doi 10.1038/s41409-026-02919-9) - Supplementary Table 2. CAR-T therapy rate by country and year (41409_2026_2919_MOESM2_ESM.docx)",https://media.springernature.com/original/springer-static/esm/art%3A10.1038%2Fs41409-026-02919-9/MediaObjects/41409_2026_2919_MOESM2_ESM.docx,verified-from-source,Rate per 10 million population as printed (decimal comma in source); patient count for this country-year is not printed in any EBMT survey table (2018-2023 appendices list HCT only); count can be derived as rate x population / 1e7 (paper states population numbers from Eurostat). Blank cells in the source table (years with no CAR-T reported or before first activity) are omitted; fetched 2026-09-05
EBMT activity survey,Denmark,2019,CAR-T all,,patients,1.72,"Supplementary Table 2. CAR-T therapy rate by country and year: Denmark, 2019: 1,72","Greco R, Sánchez-Ortega I et al. The 2024 EBMT activity report: crossing one million HCTs and 20,000 CAR-T. A landmark in cellular therapy. Bone Marrow Transplant 2026 (doi 10.1038/s41409-026-02919-9) - Supplementary Table 2. CAR-T therapy rate by country and year (41409_2026_2919_MOESM2_ESM.docx)",https://media.springernature.com/original/springer-static/esm/art%3A10.1038%2Fs41409-026-02919-9/MediaObjects/41409_2026_2919_MOESM2_ESM.docx,verified-from-source,Rate per 10 million population as printed (decimal comma in source); patient count for this country-year is not printed in any EBMT survey table (2018-2023 appendices list HCT only); count can be derived as rate x population / 1e7 (paper states population numbers from Eurostat). Blank cells in the source table (years with no CAR-T reported or before first activity) are omitted; fetched 2026-09-05
EBMT activity survey,Denmark,2020,CAR-T all,,patients,5.15,"Supplementary Table 2. CAR-T therapy rate by country and year: Denmark, 2020: 5,15","Greco R, Sánchez-Ortega I et al. The 2024 EBMT activity report: crossing one million HCTs and 20,000 CAR-T. A landmark in cellular therapy. Bone Marrow Transplant 2026 (doi 10.1038/s41409-026-02919-9) - Supplementary Table 2. CAR-T therapy rate by country and year (41409_2026_2919_MOESM2_ESM.docx)",https://media.springernature.com/original/springer-static/esm/art%3A10.1038%2Fs41409-026-02919-9/MediaObjects/41409_2026_2919_MOESM2_ESM.docx,verified-from-source,Rate per 10 million population as printed (decimal comma in source); patient count for this country-year is not printed in any EBMT survey table (2018-2023 appendices list HCT only); count can be derived as rate x population / 1e7 (paper states population numbers from Eurostat). Blank cells in the source table (years with no CAR-T reported or before first activity) are omitted; fetched 2026-09-05
EBMT activity survey,Denmark,2021,CAR-T all,,patients,3.42,"Supplementary Table 2. CAR-T therapy rate by country and year: Denmark, 2021: 3,42","Greco R, Sánchez-Ortega I et al. The 2024 EBMT activity report: crossing one million HCTs and 20,000 CAR-T. A landmark in cellular therapy. Bone Marrow Transplant 2026 (doi 10.1038/s41409-026-02919-9) - Supplementary Table 2. CAR-T therapy rate by country and year (41409_2026_2919_MOESM2_ESM.docx)",https://media.springernature.com/original/springer-static/esm/art%3A10.1038%2Fs41409-026-02919-9/MediaObjects/41409_2026_2919_MOESM2_ESM.docx,verified-from-source,Rate per 10 million population as printed (decimal comma in source); patient count for this country-year is not printed in any EBMT survey table (2018-2023 appendices list HCT only); count can be derived as rate x population / 1e7 (paper states population numbers from Eurostat). Blank cells in the source table (years with no CAR-T reported or before first activity) are omitted; fetched 2026-09-05
EBMT activity survey,Denmark,2022,CAR-T all,,patients,11.92,"Supplementary Table 2. CAR-T therapy rate by country and year: Denmark, 2022: 11,92","Greco R, Sánchez-Ortega I et al. The 2024 EBMT activity report: crossing one million HCTs and 20,000 CAR-T. A landmark in cellular therapy. Bone Marrow Transplant 2026 (doi 10.1038/s41409-026-02919-9) - Supplementary Table 2. CAR-T therapy rate by country and year (41409_2026_2919_MOESM2_ESM.docx)",https://media.springernature.com/original/springer-static/esm/art%3A10.1038%2Fs41409-026-02919-9/MediaObjects/41409_2026_2919_MOESM2_ESM.docx,verified-from-source,Rate per 10 million population as printed (decimal comma in source); patient count for this country-year is not printed in any EBMT survey table (2018-2023 appendices list HCT only); count can be derived as rate x population / 1e7 (paper states population numbers from Eurostat). Blank cells in the source table (years with no CAR-T reported or before first activity) are omitted; fetched 2026-09-05
EBMT activity survey,Denmark,2023,CAR-T all,,patients,10.11,"Supplementary Table 2. CAR-T therapy rate by country and year: Denmark, 2023: 10,11","Greco R, Sánchez-Ortega I et al. The 2024 EBMT activity report: crossing one million HCTs and 20,000 CAR-T. A landmark in cellular therapy. Bone Marrow Transplant 2026 (doi 10.1038/s41409-026-02919-9) - Supplementary Table 2. CAR-T therapy rate by country and year (41409_2026_2919_MOESM2_ESM.docx)",https://media.springernature.com/original/springer-static/esm/art%3A10.1038%2Fs41409-026-02919-9/MediaObjects/41409_2026_2919_MOESM2_ESM.docx,verified-from-source,Rate per 10 million population as printed (decimal comma in source); patient count for this country-year is not printed in any EBMT survey table (2018-2023 appendices list HCT only); count can be derived as rate x population / 1e7 (paper states population numbers from Eurostat). Blank cells in the source table (years with no CAR-T reported or before first activity) are omitted; fetched 2026-09-05
EBMT activity survey,Finland,2019,CAR-T all,,patients,5.44,"Supplementary Table 2. CAR-T therapy rate by country and year: Finland, 2019: 5,44","Greco R, Sánchez-Ortega I et al. The 2024 EBMT activity report: crossing one million HCTs and 20,000 CAR-T. A landmark in cellular therapy. Bone Marrow Transplant 2026 (doi 10.1038/s41409-026-02919-9) - Supplementary Table 2. CAR-T therapy rate by country and year (41409_2026_2919_MOESM2_ESM.docx)",https://media.springernature.com/original/springer-static/esm/art%3A10.1038%2Fs41409-026-02919-9/MediaObjects/41409_2026_2919_MOESM2_ESM.docx,verified-from-source,Rate per 10 million population as printed (decimal comma in source); patient count for this country-year is not printed in any EBMT survey table (2018-2023 appendices list HCT only); count can be derived as rate x population / 1e7 (paper states population numbers from Eurostat). Blank cells in the source table (years with no CAR-T reported or before first activity) are omitted; fetched 2026-09-05
EBMT activity survey,Finland,2020,CAR-T all,,patients,16.29,"Supplementary Table 2. CAR-T therapy rate by country and year: Finland, 2020: 16,29","Greco R, Sánchez-Ortega I et al. The 2024 EBMT activity report: crossing one million HCTs and 20,000 CAR-T. A landmark in cellular therapy. Bone Marrow Transplant 2026 (doi 10.1038/s41409-026-02919-9) - Supplementary Table 2. CAR-T therapy rate by country and year (41409_2026_2919_MOESM2_ESM.docx)",https://media.springernature.com/original/springer-static/esm/art%3A10.1038%2Fs41409-026-02919-9/MediaObjects/41409_2026_2919_MOESM2_ESM.docx,verified-from-source,Rate per 10 million population as printed (decimal comma in source); patient count for this country-year is not printed in any EBMT survey table (2018-2023 appendices list HCT only); count can be derived as rate x population / 1e7 (paper states population numbers from Eurostat). Blank cells in the source table (years with no CAR-T reported or before first activity) are omitted; fetched 2026-09-05
EBMT activity survey,Finland,2021,CAR-T all,,patients,14.46,"Supplementary Table 2. CAR-T therapy rate by country and year: Finland, 2021: 14,46","Greco R, Sánchez-Ortega I et al. The 2024 EBMT activity report: crossing one million HCTs and 20,000 CAR-T. A landmark in cellular therapy. Bone Marrow Transplant 2026 (doi 10.1038/s41409-026-02919-9) - Supplementary Table 2. CAR-T therapy rate by country and year (41409_2026_2919_MOESM2_ESM.docx)",https://media.springernature.com/original/springer-static/esm/art%3A10.1038%2Fs41409-026-02919-9/MediaObjects/41409_2026_2919_MOESM2_ESM.docx,verified-from-source,Rate per 10 million population as printed (decimal comma in source); patient count for this country-year is not printed in any EBMT survey table (2018-2023 appendices list HCT only); count can be derived as rate x population / 1e7 (paper states population numbers from Eurostat). Blank cells in the source table (years with no CAR-T reported or before first activity) are omitted; fetched 2026-09-05
EBMT activity survey,Finland,2022,CAR-T all,,patients,18.02,"Supplementary Table 2. CAR-T therapy rate by country and year: Finland, 2022: 18,02","Greco R, Sánchez-Ortega I et al. The 2024 EBMT activity report: crossing one million HCTs and 20,000 CAR-T. A landmark in cellular therapy. Bone Marrow Transplant 2026 (doi 10.1038/s41409-026-02919-9) - Supplementary Table 2. CAR-T therapy rate by country and year (41409_2026_2919_MOESM2_ESM.docx)",https://media.springernature.com/original/springer-static/esm/art%3A10.1038%2Fs41409-026-02919-9/MediaObjects/41409_2026_2919_MOESM2_ESM.docx,verified-from-source,Rate per 10 million population as printed (decimal comma in source); patient count for this country-year is not printed in any EBMT survey table (2018-2023 appendices list HCT only); count can be derived as rate x population / 1e7 (paper states population numbers from Eurostat). Blank cells in the source table (years with no CAR-T reported or before first activity) are omitted; fetched 2026-09-05
EBMT activity survey,Finland,2023,CAR-T all,,patients,28.76,"Supplementary Table 2. CAR-T therapy rate by country and year: Finland, 2023: 28,76","Greco R, Sánchez-Ortega I et al. The 2024 EBMT activity report: crossing one million HCTs and 20,000 CAR-T. A landmark in cellular therapy. Bone Marrow Transplant 2026 (doi 10.1038/s41409-026-02919-9) - Supplementary Table 2. CAR-T therapy rate by country and year (41409_2026_2919_MOESM2_ESM.docx)",https://media.springernature.com/original/springer-static/esm/art%3A10.1038%2Fs41409-026-02919-9/MediaObjects/41409_2026_2919_MOESM2_ESM.docx,verified-from-source,Rate per 10 million population as printed (decimal comma in source); patient count for this country-year is not printed in any EBMT survey table (2018-2023 appendices list HCT only); count can be derived as rate x population / 1e7 (paper states population numbers from Eurostat). Blank cells in the source table (years with no CAR-T reported or before first activity) are omitted; fetched 2026-09-05
EBMT activity survey,France,2018,CAR-T all,,patients,6.86,"Supplementary Table 2. CAR-T therapy rate by country and year: France, 2018: 6,86","Greco R, Sánchez-Ortega I et al. The 2024 EBMT activity report: crossing one million HCTs and 20,000 CAR-T. A landmark in cellular therapy. Bone Marrow Transplant 2026 (doi 10.1038/s41409-026-02919-9) - Supplementary Table 2. CAR-T therapy rate by country and year (41409_2026_2919_MOESM2_ESM.docx)",https://media.springernature.com/original/springer-static/esm/art%3A10.1038%2Fs41409-026-02919-9/MediaObjects/41409_2026_2919_MOESM2_ESM.docx,verified-from-source,Rate per 10 million population as printed (decimal comma in source); patient count for this country-year is not printed in any EBMT survey table (2018-2023 appendices list HCT only); count can be derived as rate x population / 1e7 (paper states population numbers from Eurostat). Blank cells in the source table (years with no CAR-T reported or before first activity) are omitted; fetched 2026-09-05
EBMT activity survey,France,2019,CAR-T all,,patients,31.06,"Supplementary Table 2. CAR-T therapy rate by country and year: France, 2019: 31,06","Greco R, Sánchez-Ortega I et al. The 2024 EBMT activity report: crossing one million HCTs and 20,000 CAR-T. A landmark in cellular therapy. Bone Marrow Transplant 2026 (doi 10.1038/s41409-026-02919-9) - Supplementary Table 2. CAR-T therapy rate by country and year (41409_2026_2919_MOESM2_ESM.docx)",https://media.springernature.com/original/springer-static/esm/art%3A10.1038%2Fs41409-026-02919-9/MediaObjects/41409_2026_2919_MOESM2_ESM.docx,verified-from-source,Rate per 10 million population as printed (decimal comma in source); patient count for this country-year is not printed in any EBMT survey table (2018-2023 appendices list HCT only); count can be derived as rate x population / 1e7 (paper states population numbers from Eurostat). Blank cells in the source table (years with no CAR-T reported or before first activity) are omitted; fetched 2026-09-05
EBMT activity survey,France,2020,CAR-T all,,patients,42.83,"Supplementary Table 2. CAR-T therapy rate by country and year: France, 2020: 42,83","Greco R, Sánchez-Ortega I et al. The 2024 EBMT activity report: crossing one million HCTs and 20,000 CAR-T. A landmark in cellular therapy. Bone Marrow Transplant 2026 (doi 10.1038/s41409-026-02919-9) - Supplementary Table 2. CAR-T therapy rate by country and year (41409_2026_2919_MOESM2_ESM.docx)",https://media.springernature.com/original/springer-static/esm/art%3A10.1038%2Fs41409-026-02919-9/MediaObjects/41409_2026_2919_MOESM2_ESM.docx,verified-from-source,Rate per 10 million population as printed (decimal comma in source); patient count for this country-year is not printed in any EBMT survey table (2018-2023 appendices list HCT only); count can be derived as rate x population / 1e7 (paper states population numbers from Eurostat). Blank cells in the source table (years with no CAR-T reported or before first activity) are omitted; fetched 2026-09-05
EBMT activity survey,France,2021,CAR-T all,,patients,60.39,"Supplementary Table 2. CAR-T therapy rate by country and year: France, 2021: 60,39","Greco R, Sánchez-Ortega I et al. The 2024 EBMT activity report: crossing one million HCTs and 20,000 CAR-T. A landmark in cellular therapy. Bone Marrow Transplant 2026 (doi 10.1038/s41409-026-02919-9) - Supplementary Table 2. CAR-T therapy rate by country and year (41409_2026_2919_MOESM2_ESM.docx)",https://media.springernature.com/original/springer-static/esm/art%3A10.1038%2Fs41409-026-02919-9/MediaObjects/41409_2026_2919_MOESM2_ESM.docx,verified-from-source,Rate per 10 million population as printed (decimal comma in source); patient count for this country-year is not printed in any EBMT survey table (2018-2023 appendices list HCT only); count can be derived as rate x population / 1e7 (paper states population numbers from Eurostat). Blank cells in the source table (years with no CAR-T reported or before first activity) are omitted; fetched 2026-09-05
EBMT activity survey,France,2022,CAR-T all,,patients,88.85,"Supplementary Table 2. CAR-T therapy rate by country and year: France, 2022: 88,85","Greco R, Sánchez-Ortega I et al. The 2024 EBMT activity report: crossing one million HCTs and 20,000 CAR-T. A landmark in cellular therapy. Bone Marrow Transplant 2026 (doi 10.1038/s41409-026-02919-9) - Supplementary Table 2. CAR-T therapy rate by country and year (41409_2026_2919_MOESM2_ESM.docx)",https://media.springernature.com/original/springer-static/esm/art%3A10.1038%2Fs41409-026-02919-9/MediaObjects/41409_2026_2919_MOESM2_ESM.docx,verified-from-source,Rate per 10 million population as printed (decimal comma in source); patient count for this country-year is not printed in any EBMT survey table (2018-2023 appendices list HCT only); count can be derived as rate x population / 1e7 (paper states population numbers from Eurostat). Blank cells in the source table (years with no CAR-T reported or before first activity) are omitted; fetched 2026-09-05
EBMT activity survey,France,2023,CAR-T all,,patients,124.35,"Supplementary Table 2. CAR-T therapy rate by country and year: France, 2023: 124,35","Greco R, Sánchez-Ortega I et al. The 2024 EBMT activity report: crossing one million HCTs and 20,000 CAR-T. A landmark in cellular therapy. Bone Marrow Transplant 2026 (doi 10.1038/s41409-026-02919-9) - Supplementary Table 2. CAR-T therapy rate by country and year (41409_2026_2919_MOESM2_ESM.docx)",https://media.springernature.com/original/springer-static/esm/art%3A10.1038%2Fs41409-026-02919-9/MediaObjects/41409_2026_2919_MOESM2_ESM.docx,verified-from-source,Rate per 10 million population as printed (decimal comma in source); patient count for this country-year is not printed in any EBMT survey table (2018-2023 appendices list HCT only); count can be derived as rate x population / 1e7 (paper states population numbers from Eurostat). Blank cells in the source table (years with no CAR-T reported or before first activity) are omitted; fetched 2026-09-05
EBMT activity survey,Germany,2018,CAR-T all,,patients,5.68,"Supplementary Table 2. CAR-T therapy rate by country and year: Germany, 2018: 5,68","Greco R, Sánchez-Ortega I et al. The 2024 EBMT activity report: crossing one million HCTs and 20,000 CAR-T. A landmark in cellular therapy. Bone Marrow Transplant 2026 (doi 10.1038/s41409-026-02919-9) - Supplementary Table 2. CAR-T therapy rate by country and year (41409_2026_2919_MOESM2_ESM.docx)",https://media.springernature.com/original/springer-static/esm/art%3A10.1038%2Fs41409-026-02919-9/MediaObjects/41409_2026_2919_MOESM2_ESM.docx,verified-from-source,Rate per 10 million population as printed (decimal comma in source); patient count for this country-year is not printed in any EBMT survey table (2018-2023 appendices list HCT only); count can be derived as rate x population / 1e7 (paper states population numbers from Eurostat). Blank cells in the source table (years with no CAR-T reported or before first activity) are omitted; fetched 2026-09-05
EBMT activity survey,Germany,2019,CAR-T all,,patients,30.35,"Supplementary Table 2. CAR-T therapy rate by country and year: Germany, 2019: 30,35","Greco R, Sánchez-Ortega I et al. The 2024 EBMT activity report: crossing one million HCTs and 20,000 CAR-T. A landmark in cellular therapy. Bone Marrow Transplant 2026 (doi 10.1038/s41409-026-02919-9) - Supplementary Table 2. CAR-T therapy rate by country and year (41409_2026_2919_MOESM2_ESM.docx)",https://media.springernature.com/original/springer-static/esm/art%3A10.1038%2Fs41409-026-02919-9/MediaObjects/41409_2026_2919_MOESM2_ESM.docx,verified-from-source,Rate per 10 million population as printed (decimal comma in source); patient count for this country-year is not printed in any EBMT survey table (2018-2023 appendices list HCT only); count can be derived as rate x population / 1e7 (paper states population numbers from Eurostat). Blank cells in the source table (years with no CAR-T reported or before first activity) are omitted; fetched 2026-09-05
EBMT activity survey,Germany,2020,CAR-T all,,patients,44.97,"Supplementary Table 2. CAR-T therapy rate by country and year: Germany, 2020: 44,97","Greco R, Sánchez-Ortega I et al. The 2024 EBMT activity report: crossing one million HCTs and 20,000 CAR-T. A landmark in cellular therapy. Bone Marrow Transplant 2026 (doi 10.1038/s41409-026-02919-9) - Supplementary Table 2. CAR-T therapy rate by country and year (41409_2026_2919_MOESM2_ESM.docx)",https://media.springernature.com/original/springer-static/esm/art%3A10.1038%2Fs41409-026-02919-9/MediaObjects/41409_2026_2919_MOESM2_ESM.docx,verified-from-source,Rate per 10 million population as printed (decimal comma in source); patient count for this country-year is not printed in any EBMT survey table (2018-2023 appendices list HCT only); count can be derived as rate x population / 1e7 (paper states population numbers from Eurostat). Blank cells in the source table (years with no CAR-T reported or before first activity) are omitted; fetched 2026-09-05
EBMT activity survey,Germany,2021,CAR-T all,,patients,51.71,"Supplementary Table 2. CAR-T therapy rate by country and year: Germany, 2021: 51,71","Greco R, Sánchez-Ortega I et al. The 2024 EBMT activity report: crossing one million HCTs and 20,000 CAR-T. A landmark in cellular therapy. Bone Marrow Transplant 2026 (doi 10.1038/s41409-026-02919-9) - Supplementary Table 2. CAR-T therapy rate by country and year (41409_2026_2919_MOESM2_ESM.docx)",https://media.springernature.com/original/springer-static/esm/art%3A10.1038%2Fs41409-026-02919-9/MediaObjects/41409_2026_2919_MOESM2_ESM.docx,verified-from-source,Rate per 10 million population as printed (decimal comma in source); patient count for this country-year is not printed in any EBMT survey table (2018-2023 appendices list HCT only); count can be derived as rate x population / 1e7 (paper states population numbers from Eurostat). Blank cells in the source table (years with no CAR-T reported or before first activity) are omitted; fetched 2026-09-05
EBMT activity survey,Germany,2022,CAR-T all,,patients,79.17,"Supplementary Table 2. CAR-T therapy rate by country and year: Germany, 2022: 79,17","Greco R, Sánchez-Ortega I et al. The 2024 EBMT activity report: crossing one million HCTs and 20,000 CAR-T. A landmark in cellular therapy. Bone Marrow Transplant 2026 (doi 10.1038/s41409-026-02919-9) - Supplementary Table 2. CAR-T therapy rate by country and year (41409_2026_2919_MOESM2_ESM.docx)",https://media.springernature.com/original/springer-static/esm/art%3A10.1038%2Fs41409-026-02919-9/MediaObjects/41409_2026_2919_MOESM2_ESM.docx,verified-from-source,Rate per 10 million population as printed (decimal comma in source); patient count for this country-year is not printed in any EBMT survey table (2018-2023 appendices list HCT only); count can be derived as rate x population / 1e7 (paper states population numbers from Eurostat). Blank cells in the source table (years with no CAR-T reported or before first activity) are omitted; fetched 2026-09-05
EBMT activity survey,Germany,2023,CAR-T all,,patients,139.56,"Supplementary Table 2. CAR-T therapy rate by country and year: Germany, 2023: 139,56","Greco R, Sánchez-Ortega I et al. The 2024 EBMT activity report: crossing one million HCTs and 20,000 CAR-T. A landmark in cellular therapy. Bone Marrow Transplant 2026 (doi 10.1038/s41409-026-02919-9) - Supplementary Table 2. CAR-T therapy rate by country and year (41409_2026_2919_MOESM2_ESM.docx)",https://media.springernature.com/original/springer-static/esm/art%3A10.1038%2Fs41409-026-02919-9/MediaObjects/41409_2026_2919_MOESM2_ESM.docx,verified-from-source,Rate per 10 million population as printed (decimal comma in source); patient count for this country-year is not printed in any EBMT survey table (2018-2023 appendices list HCT only); count can be derived as rate x population / 1e7 (paper states population numbers from Eurostat). Blank cells in the source table (years with no CAR-T reported or before first activity) are omitted; fetched 2026-09-05
EBMT activity survey,Greece,2020,CAR-T all,,patients,17.73,"Supplementary Table 2. CAR-T therapy rate by country and year: Greece, 2020: 17,73","Greco R, Sánchez-Ortega I et al. The 2024 EBMT activity report: crossing one million HCTs and 20,000 CAR-T. A landmark in cellular therapy. Bone Marrow Transplant 2026 (doi 10.1038/s41409-026-02919-9) - Supplementary Table 2. CAR-T therapy rate by country and year (41409_2026_2919_MOESM2_ESM.docx)",https://media.springernature.com/original/springer-static/esm/art%3A10.1038%2Fs41409-026-02919-9/MediaObjects/41409_2026_2919_MOESM2_ESM.docx,verified-from-source,Rate per 10 million population as printed (decimal comma in source); patient count for this country-year is not printed in any EBMT survey table (2018-2023 appendices list HCT only); count can be derived as rate x population / 1e7 (paper states population numbers from Eurostat). Blank cells in the source table (years with no CAR-T reported or before first activity) are omitted; fetched 2026-09-05
EBMT activity survey,Greece,2021,CAR-T all,,patients,14.98,"Supplementary Table 2. CAR-T therapy rate by country and year: Greece, 2021: 14,98","Greco R, Sánchez-Ortega I et al. The 2024 EBMT activity report: crossing one million HCTs and 20,000 CAR-T. A landmark in cellular therapy. Bone Marrow Transplant 2026 (doi 10.1038/s41409-026-02919-9) - Supplementary Table 2. CAR-T therapy rate by country and year (41409_2026_2919_MOESM2_ESM.docx)",https://media.springernature.com/original/springer-static/esm/art%3A10.1038%2Fs41409-026-02919-9/MediaObjects/41409_2026_2919_MOESM2_ESM.docx,verified-from-source,Rate per 10 million population as printed (decimal comma in source); patient count for this country-year is not printed in any EBMT survey table (2018-2023 appendices list HCT only); count can be derived as rate x population / 1e7 (paper states population numbers from Eurostat). Blank cells in the source table (years with no CAR-T reported or before first activity) are omitted; fetched 2026-09-05
EBMT activity survey,Greece,2022,CAR-T all,,patients,36.32,"Supplementary Table 2. CAR-T therapy rate by country and year: Greece, 2022: 36,32","Greco R, Sánchez-Ortega I et al. The 2024 EBMT activity report: crossing one million HCTs and 20,000 CAR-T. A landmark in cellular therapy. Bone Marrow Transplant 2026 (doi 10.1038/s41409-026-02919-9) - Supplementary Table 2. CAR-T therapy rate by country and year (41409_2026_2919_MOESM2_ESM.docx)",https://media.springernature.com/original/springer-static/esm/art%3A10.1038%2Fs41409-026-02919-9/MediaObjects/41409_2026_2919_MOESM2_ESM.docx,verified-from-source,Rate per 10 million population as printed (decimal comma in source); patient count for this country-year is not printed in any EBMT survey table (2018-2023 appendices list HCT only); count can be derived as rate x population / 1e7 (paper states population numbers from Eurostat). Blank cells in the source table (years with no CAR-T reported or before first activity) are omitted; fetched 2026-09-05
EBMT activity survey,Greece,2023,CAR-T all,,patients,50.89,"Supplementary Table 2. CAR-T therapy rate by country and year: Greece, 2023: 50,89","Greco R, Sánchez-Ortega I et al. The 2024 EBMT activity report: crossing one million HCTs and 20,000 CAR-T. A landmark in cellular therapy. Bone Marrow Transplant 2026 (doi 10.1038/s41409-026-02919-9) - Supplementary Table 2. CAR-T therapy rate by country and year (41409_2026_2919_MOESM2_ESM.docx)",https://media.springernature.com/original/springer-static/esm/art%3A10.1038%2Fs41409-026-02919-9/MediaObjects/41409_2026_2919_MOESM2_ESM.docx,verified-from-source,Rate per 10 million population as printed (decimal comma in source); patient count for this country-year is not printed in any EBMT survey table (2018-2023 appendices list HCT only); count can be derived as rate x population / 1e7 (paper states population numbers from Eurostat). Blank cells in the source table (years with no CAR-T reported or before first activity) are omitted; fetched 2026-09-05
EBMT activity survey,Hungary,2023,CAR-T all,,patients,2.08,"Supplementary Table 2. CAR-T therapy rate by country and year: Hungary, 2023: 2,08","Greco R, Sánchez-Ortega I et al. The 2024 EBMT activity report: crossing one million HCTs and 20,000 CAR-T. A landmark in cellular therapy. Bone Marrow Transplant 2026 (doi 10.1038/s41409-026-02919-9) - Supplementary Table 2. CAR-T therapy rate by country and year (41409_2026_2919_MOESM2_ESM.docx)",https://media.springernature.com/original/springer-static/esm/art%3A10.1038%2Fs41409-026-02919-9/MediaObjects/41409_2026_2919_MOESM2_ESM.docx,verified-from-source,Rate per 10 million population as printed (decimal comma in source); patient count for this country-year is not printed in any EBMT survey table (2018-2023 appendices list HCT only); count can be derived as rate x population / 1e7 (paper states population numbers from Eurostat). Blank cells in the source table (years with no CAR-T reported or before first activity) are omitted; fetched 2026-09-05
EBMT activity survey,Iran,2022,CAR-T all,,patients,0.11,"Supplementary Table 2. CAR-T therapy rate by country and year: Iran, 2022: 0,11","Greco R, Sánchez-Ortega I et al. The 2024 EBMT activity report: crossing one million HCTs and 20,000 CAR-T. A landmark in cellular therapy. Bone Marrow Transplant 2026 (doi 10.1038/s41409-026-02919-9) - Supplementary Table 2. CAR-T therapy rate by country and year (41409_2026_2919_MOESM2_ESM.docx)",https://media.springernature.com/original/springer-static/esm/art%3A10.1038%2Fs41409-026-02919-9/MediaObjects/41409_2026_2919_MOESM2_ESM.docx,verified-from-source,Rate per 10 million population as printed (decimal comma in source); patient count for this country-year is not printed in any EBMT survey table (2018-2023 appendices list HCT only); count can be derived as rate x population / 1e7 (paper states population numbers from Eurostat). Blank cells in the source table (years with no CAR-T reported or before first activity) are omitted; fetched 2026-09-05
EBMT activity survey,Iran,2023,CAR-T all,,patients,0.11,"Supplementary Table 2. CAR-T therapy rate by country and year: Iran, 2023: 0,11","Greco R, Sánchez-Ortega I et al. The 2024 EBMT activity report: crossing one million HCTs and 20,000 CAR-T. A landmark in cellular therapy. Bone Marrow Transplant 2026 (doi 10.1038/s41409-026-02919-9) - Supplementary Table 2. CAR-T therapy rate by country and year (41409_2026_2919_MOESM2_ESM.docx)",https://media.springernature.com/original/springer-static/esm/art%3A10.1038%2Fs41409-026-02919-9/MediaObjects/41409_2026_2919_MOESM2_ESM.docx,verified-from-source,Rate per 10 million population as printed (decimal comma in source); patient count for this country-year is not printed in any EBMT survey table (2018-2023 appendices list HCT only); count can be derived as rate x population / 1e7 (paper states population numbers from Eurostat). Blank cells in the source table (years with no CAR-T reported or before first activity) are omitted; fetched 2026-09-05
EBMT activity survey,Ireland,2021,CAR-T all,,patients,1.97,"Supplementary Table 2. CAR-T therapy rate by country and year: Ireland, 2021: 1,97","Greco R, Sánchez-Ortega I et al. The 2024 EBMT activity report: crossing one million HCTs and 20,000 CAR-T. A landmark in cellular therapy. Bone Marrow Transplant 2026 (doi 10.1038/s41409-026-02919-9) - Supplementary Table 2. CAR-T therapy rate by country and year (41409_2026_2919_MOESM2_ESM.docx)",https://media.springernature.com/original/springer-static/esm/art%3A10.1038%2Fs41409-026-02919-9/MediaObjects/41409_2026_2919_MOESM2_ESM.docx,verified-from-source,Rate per 10 million population as printed (decimal comma in source); patient count for this country-year is not printed in any EBMT survey table (2018-2023 appendices list HCT only); count can be derived as rate x population / 1e7 (paper states population numbers from Eurostat). Blank cells in the source table (years with no CAR-T reported or before first activity) are omitted; fetched 2026-09-05
EBMT activity survey,Ireland,2022,CAR-T all,,patients,46.56,"Supplementary Table 2. CAR-T therapy rate by country and year: Ireland, 2022: 46,56","Greco R, Sánchez-Ortega I et al. The 2024 EBMT activity report: crossing one million HCTs and 20,000 CAR-T. A landmark in cellular therapy. Bone Marrow Transplant 2026 (doi 10.1038/s41409-026-02919-9) - Supplementary Table 2. CAR-T therapy rate by country and year (41409_2026_2919_MOESM2_ESM.docx)",https://media.springernature.com/original/springer-static/esm/art%3A10.1038%2Fs41409-026-02919-9/MediaObjects/41409_2026_2919_MOESM2_ESM.docx,verified-from-source,Rate per 10 million population as printed (decimal comma in source); patient count for this country-year is not printed in any EBMT survey table (2018-2023 appendices list HCT only); count can be derived as rate x population / 1e7 (paper states population numbers from Eurostat). Blank cells in the source table (years with no CAR-T reported or before first activity) are omitted; fetched 2026-09-05
EBMT activity survey,Ireland,2023,CAR-T all,,patients,62.6,"Supplementary Table 2. CAR-T therapy rate by country and year: Ireland, 2023: 62,6","Greco R, Sánchez-Ortega I et al. The 2024 EBMT activity report: crossing one million HCTs and 20,000 CAR-T. A landmark in cellular therapy. Bone Marrow Transplant 2026 (doi 10.1038/s41409-026-02919-9) - Supplementary Table 2. CAR-T therapy rate by country and year (41409_2026_2919_MOESM2_ESM.docx)",https://media.springernature.com/original/springer-static/esm/art%3A10.1038%2Fs41409-026-02919-9/MediaObjects/41409_2026_2919_MOESM2_ESM.docx,verified-from-source,Rate per 10 million population as printed (decimal comma in source); patient count for this country-year is not printed in any EBMT survey table (2018-2023 appendices list HCT only); count can be derived as rate x population / 1e7 (paper states population numbers from Eurostat). Blank cells in the source table (years with no CAR-T reported or before first activity) are omitted; fetched 2026-09-05
EBMT activity survey,Israel,2018,CAR-T all,,patients,41.65,"Supplementary Table 2. CAR-T therapy rate by country and year: Israel, 2018: 41,65","Greco R, Sánchez-Ortega I et al. The 2024 EBMT activity report: crossing one million HCTs and 20,000 CAR-T. A landmark in cellular therapy. Bone Marrow Transplant 2026 (doi 10.1038/s41409-026-02919-9) - Supplementary Table 2. CAR-T therapy rate by country and year (41409_2026_2919_MOESM2_ESM.docx)",https://media.springernature.com/original/springer-static/esm/art%3A10.1038%2Fs41409-026-02919-9/MediaObjects/41409_2026_2919_MOESM2_ESM.docx,verified-from-source,Rate per 10 million population as printed (decimal comma in source); patient count for this country-year is not printed in any EBMT survey table (2018-2023 appendices list HCT only); count can be derived as rate x population / 1e7 (paper states population numbers from Eurostat). Blank cells in the source table (years with no CAR-T reported or before first activity) are omitted; fetched 2026-09-05
EBMT activity survey,Israel,2019,CAR-T all,,patients,96.09,"Supplementary Table 2. CAR-T therapy rate by country and year: Israel, 2019: 96,09","Greco R, Sánchez-Ortega I et al. The 2024 EBMT activity report: crossing one million HCTs and 20,000 CAR-T. A landmark in cellular therapy. Bone Marrow Transplant 2026 (doi 10.1038/s41409-026-02919-9) - Supplementary Table 2. CAR-T therapy rate by country and year (41409_2026_2919_MOESM2_ESM.docx)",https://media.springernature.com/original/springer-static/esm/art%3A10.1038%2Fs41409-026-02919-9/MediaObjects/41409_2026_2919_MOESM2_ESM.docx,verified-from-source,Rate per 10 million population as printed (decimal comma in source); patient count for this country-year is not printed in any EBMT survey table (2018-2023 appendices list HCT only); count can be derived as rate x population / 1e7 (paper states population numbers from Eurostat). Blank cells in the source table (years with no CAR-T reported or before first activity) are omitted; fetched 2026-09-05
EBMT activity survey,Israel,2020,CAR-T all,,patients,166.03,"Supplementary Table 2. CAR-T therapy rate by country and year: Israel, 2020: 166,03","Greco R, Sánchez-Ortega I et al. The 2024 EBMT activity report: crossing one million HCTs and 20,000 CAR-T. A landmark in cellular therapy. Bone Marrow Transplant 2026 (doi 10.1038/s41409-026-02919-9) - Supplementary Table 2. CAR-T therapy rate by country and year (41409_2026_2919_MOESM2_ESM.docx)",https://media.springernature.com/original/springer-static/esm/art%3A10.1038%2Fs41409-026-02919-9/MediaObjects/41409_2026_2919_MOESM2_ESM.docx,verified-from-source,Rate per 10 million population as printed (decimal comma in source); patient count for this country-year is not printed in any EBMT survey table (2018-2023 appendices list HCT only); count can be derived as rate x population / 1e7 (paper states population numbers from Eurostat). Blank cells in the source table (years with no CAR-T reported or before first activity) are omitted; fetched 2026-09-05
EBMT activity survey,Israel,2021,CAR-T all,,patients,141.92,"Supplementary Table 2. CAR-T therapy rate by country and year: Israel, 2021: 141,92","Greco R, Sánchez-Ortega I et al. The 2024 EBMT activity report: crossing one million HCTs and 20,000 CAR-T. A landmark in cellular therapy. Bone Marrow Transplant 2026 (doi 10.1038/s41409-026-02919-9) - Supplementary Table 2. CAR-T therapy rate by country and year (41409_2026_2919_MOESM2_ESM.docx)",https://media.springernature.com/original/springer-static/esm/art%3A10.1038%2Fs41409-026-02919-9/MediaObjects/41409_2026_2919_MOESM2_ESM.docx,verified-from-source,Rate per 10 million population as printed (decimal comma in source); patient count for this country-year is not printed in any EBMT survey table (2018-2023 appendices list HCT only); count can be derived as rate x population / 1e7 (paper states population numbers from Eurostat). Blank cells in the source table (years with no CAR-T reported or before first activity) are omitted; fetched 2026-09-05
EBMT activity survey,Israel,2022,CAR-T all,,patients,231.23,"Supplementary Table 2. CAR-T therapy rate by country and year: Israel, 2022: 231,23","Greco R, Sánchez-Ortega I et al. The 2024 EBMT activity report: crossing one million HCTs and 20,000 CAR-T. A landmark in cellular therapy. Bone Marrow Transplant 2026 (doi 10.1038/s41409-026-02919-9) - Supplementary Table 2. CAR-T therapy rate by country and year (41409_2026_2919_MOESM2_ESM.docx)",https://media.springernature.com/original/springer-static/esm/art%3A10.1038%2Fs41409-026-02919-9/MediaObjects/41409_2026_2919_MOESM2_ESM.docx,verified-from-source,Rate per 10 million population as printed (decimal comma in source); patient count for this country-year is not printed in any EBMT survey table (2018-2023 appendices list HCT only); count can be derived as rate x population / 1e7 (paper states population numbers from Eurostat). Blank cells in the source table (years with no CAR-T reported or before first activity) are omitted; fetched 2026-09-05
EBMT activity survey,Israel,2023,CAR-T all,,patients,294.45,"Supplementary Table 2. CAR-T therapy rate by country and year: Israel, 2023: 294,45","Greco R, Sánchez-Ortega I et al. The 2024 EBMT activity report: crossing one million HCTs and 20,000 CAR-T. A landmark in cellular therapy. Bone Marrow Transplant 2026 (doi 10.1038/s41409-026-02919-9) - Supplementary Table 2. CAR-T therapy rate by country and year (41409_2026_2919_MOESM2_ESM.docx)",https://media.springernature.com/original/springer-static/esm/art%3A10.1038%2Fs41409-026-02919-9/MediaObjects/41409_2026_2919_MOESM2_ESM.docx,verified-from-source,Rate per 10 million population as printed (decimal comma in source); patient count for this country-year is not printed in any EBMT survey table (2018-2023 appendices list HCT only); count can be derived as rate x population / 1e7 (paper states population numbers from Eurostat). Blank cells in the source table (years with no CAR-T reported or before first activity) are omitted; fetched 2026-09-05
EBMT activity survey,Italy,2018,CAR-T all,,patients,5.84,"Supplementary Table 2. CAR-T therapy rate by country and year: Italy, 2018: 5,84","Greco R, Sánchez-Ortega I et al. The 2024 EBMT activity report: crossing one million HCTs and 20,000 CAR-T. A landmark in cellular therapy. Bone Marrow Transplant 2026 (doi 10.1038/s41409-026-02919-9) - Supplementary Table 2. CAR-T therapy rate by country and year (41409_2026_2919_MOESM2_ESM.docx)",https://media.springernature.com/original/springer-static/esm/art%3A10.1038%2Fs41409-026-02919-9/MediaObjects/41409_2026_2919_MOESM2_ESM.docx,verified-from-source,Rate per 10 million population as printed (decimal comma in source); patient count for this country-year is not printed in any EBMT survey table (2018-2023 appendices list HCT only); count can be derived as rate x population / 1e7 (paper states population numbers from Eurostat). Blank cells in the source table (years with no CAR-T reported or before first activity) are omitted; fetched 2026-09-05
EBMT activity survey,Italy,2019,CAR-T all,,patients,8.36,"Supplementary Table 2. CAR-T therapy rate by country and year: Italy, 2019: 8,36","Greco R, Sánchez-Ortega I et al. The 2024 EBMT activity report: crossing one million HCTs and 20,000 CAR-T. A landmark in cellular therapy. Bone Marrow Transplant 2026 (doi 10.1038/s41409-026-02919-9) - Supplementary Table 2. CAR-T therapy rate by country and year (41409_2026_2919_MOESM2_ESM.docx)",https://media.springernature.com/original/springer-static/esm/art%3A10.1038%2Fs41409-026-02919-9/MediaObjects/41409_2026_2919_MOESM2_ESM.docx,verified-from-source,Rate per 10 million population as printed (decimal comma in source); patient count for this country-year is not printed in any EBMT survey table (2018-2023 appendices list HCT only); count can be derived as rate x population / 1e7 (paper states population numbers from Eurostat). Blank cells in the source table (years with no CAR-T reported or before first activity) are omitted; fetched 2026-09-05
EBMT activity survey,Italy,2020,CAR-T all,,patients,23.47,"Supplementary Table 2. CAR-T therapy rate by country and year: Italy, 2020: 23,47","Greco R, Sánchez-Ortega I et al. The 2024 EBMT activity report: crossing one million HCTs and 20,000 CAR-T. A landmark in cellular therapy. Bone Marrow Transplant 2026 (doi 10.1038/s41409-026-02919-9) - Supplementary Table 2. CAR-T therapy rate by country and year (41409_2026_2919_MOESM2_ESM.docx)",https://media.springernature.com/original/springer-static/esm/art%3A10.1038%2Fs41409-026-02919-9/MediaObjects/41409_2026_2919_MOESM2_ESM.docx,verified-from-source,Rate per 10 million population as printed (decimal comma in source); patient count for this country-year is not printed in any EBMT survey table (2018-2023 appendices list HCT only); count can be derived as rate x population / 1e7 (paper states population numbers from Eurostat). Blank cells in the source table (years with no CAR-T reported or before first activity) are omitted; fetched 2026-09-05
EBMT activity survey,Italy,2021,CAR-T all,,patients,47.61,"Supplementary Table 2. CAR-T therapy rate by country and year: Italy, 2021: 47,61","Greco R, Sánchez-Ortega I et al. The 2024 EBMT activity report: crossing one million HCTs and 20,000 CAR-T. A landmark in cellular therapy. Bone Marrow Transplant 2026 (doi 10.1038/s41409-026-02919-9) - Supplementary Table 2. CAR-T therapy rate by country and year (41409_2026_2919_MOESM2_ESM.docx)",https://media.springernature.com/original/springer-static/esm/art%3A10.1038%2Fs41409-026-02919-9/MediaObjects/41409_2026_2919_MOESM2_ESM.docx,verified-from-source,Rate per 10 million population as printed (decimal comma in source); patient count for this country-year is not printed in any EBMT survey table (2018-2023 appendices list HCT only); count can be derived as rate x population / 1e7 (paper states population numbers from Eurostat). Blank cells in the source table (years with no CAR-T reported or before first activity) are omitted; fetched 2026-09-05
EBMT activity survey,Italy,2022,CAR-T all,,patients,49.64,"Supplementary Table 2. CAR-T therapy rate by country and year: Italy, 2022: 49,64","Greco R, Sánchez-Ortega I et al. The 2024 EBMT activity report: crossing one million HCTs and 20,000 CAR-T. A landmark in cellular therapy. Bone Marrow Transplant 2026 (doi 10.1038/s41409-026-02919-9) - Supplementary Table 2. CAR-T therapy rate by country and year (41409_2026_2919_MOESM2_ESM.docx)",https://media.springernature.com/original/springer-static/esm/art%3A10.1038%2Fs41409-026-02919-9/MediaObjects/41409_2026_2919_MOESM2_ESM.docx,verified-from-source,Rate per 10 million population as printed (decimal comma in source); patient count for this country-year is not printed in any EBMT survey table (2018-2023 appendices list HCT only); count can be derived as rate x population / 1e7 (paper states population numbers from Eurostat). Blank cells in the source table (years with no CAR-T reported or before first activity) are omitted; fetched 2026-09-05
EBMT activity survey,Italy,2023,CAR-T all,,patients,61.19,"Supplementary Table 2. CAR-T therapy rate by country and year: Italy, 2023: 61,19","Greco R, Sánchez-Ortega I et al. The 2024 EBMT activity report: crossing one million HCTs and 20,000 CAR-T. A landmark in cellular therapy. Bone Marrow Transplant 2026 (doi 10.1038/s41409-026-02919-9) - Supplementary Table 2. CAR-T therapy rate by country and year (41409_2026_2919_MOESM2_ESM.docx)",https://media.springernature.com/original/springer-static/esm/art%3A10.1038%2Fs41409-026-02919-9/MediaObjects/41409_2026_2919_MOESM2_ESM.docx,verified-from-source,Rate per 10 million population as printed (decimal comma in source); patient count for this country-year is not printed in any EBMT survey table (2018-2023 appendices list HCT only); count can be derived as rate x population / 1e7 (paper states population numbers from Eurostat). Blank cells in the source table (years with no CAR-T reported or before first activity) are omitted; fetched 2026-09-05
EBMT activity survey,Lithuania,2022,CAR-T all,,patients,35.64,"Supplementary Table 2. CAR-T therapy rate by country and year: Lithuania, 2022: 35,64","Greco R, Sánchez-Ortega I et al. The 2024 EBMT activity report: crossing one million HCTs and 20,000 CAR-T. A landmark in cellular therapy. Bone Marrow Transplant 2026 (doi 10.1038/s41409-026-02919-9) - Supplementary Table 2. CAR-T therapy rate by country and year (41409_2026_2919_MOESM2_ESM.docx)",https://media.springernature.com/original/springer-static/esm/art%3A10.1038%2Fs41409-026-02919-9/MediaObjects/41409_2026_2919_MOESM2_ESM.docx,verified-from-source,Rate per 10 million population as printed (decimal comma in source); patient count for this country-year is not printed in any EBMT survey table (2018-2023 appendices list HCT only); count can be derived as rate x population / 1e7 (paper states population numbers from Eurostat). Blank cells in the source table (years with no CAR-T reported or before first activity) are omitted; fetched 2026-09-05
EBMT activity survey,Lithuania,2023,CAR-T all,,patients,31.5,"Supplementary Table 2. CAR-T therapy rate by country and year: Lithuania, 2023: 31,5","Greco R, Sánchez-Ortega I et al. The 2024 EBMT activity report: crossing one million HCTs and 20,000 CAR-T. A landmark in cellular therapy. Bone Marrow Transplant 2026 (doi 10.1038/s41409-026-02919-9) - Supplementary Table 2. CAR-T therapy rate by country and year (41409_2026_2919_MOESM2_ESM.docx)",https://media.springernature.com/original/springer-static/esm/art%3A10.1038%2Fs41409-026-02919-9/MediaObjects/41409_2026_2919_MOESM2_ESM.docx,verified-from-source,Rate per 10 million population as printed (decimal comma in source); patient count for this country-year is not printed in any EBMT survey table (2018-2023 appendices list HCT only); count can be derived as rate x population / 1e7 (paper states population numbers from Eurostat). Blank cells in the source table (years with no CAR-T reported or before first activity) are omitted; fetched 2026-09-05
EBMT activity survey,Netherlands,2018,CAR-T all,,patients,3.49,"Supplementary Table 2. CAR-T therapy rate by country and year: Netherlands, 2018: 3,49","Greco R, Sánchez-Ortega I et al. The 2024 EBMT activity report: crossing one million HCTs and 20,000 CAR-T. A landmark in cellular therapy. Bone Marrow Transplant 2026 (doi 10.1038/s41409-026-02919-9) - Supplementary Table 2. CAR-T therapy rate by country and year (41409_2026_2919_MOESM2_ESM.docx)",https://media.springernature.com/original/springer-static/esm/art%3A10.1038%2Fs41409-026-02919-9/MediaObjects/41409_2026_2919_MOESM2_ESM.docx,verified-from-source,Rate per 10 million population as printed (decimal comma in source); patient count for this country-year is not printed in any EBMT survey table (2018-2023 appendices list HCT only); count can be derived as rate x population / 1e7 (paper states population numbers from Eurostat). Blank cells in the source table (years with no CAR-T reported or before first activity) are omitted; fetched 2026-09-05
EBMT activity survey,Netherlands,2019,CAR-T all,,patients,16.2,"Supplementary Table 2. CAR-T therapy rate by country and year: Netherlands, 2019: 16,2","Greco R, Sánchez-Ortega I et al. The 2024 EBMT activity report: crossing one million HCTs and 20,000 CAR-T. A landmark in cellular therapy. Bone Marrow Transplant 2026 (doi 10.1038/s41409-026-02919-9) - Supplementary Table 2. CAR-T therapy rate by country and year (41409_2026_2919_MOESM2_ESM.docx)",https://media.springernature.com/original/springer-static/esm/art%3A10.1038%2Fs41409-026-02919-9/MediaObjects/41409_2026_2919_MOESM2_ESM.docx,verified-from-source,Rate per 10 million population as printed (decimal comma in source); patient count for this country-year is not printed in any EBMT survey table (2018-2023 appendices list HCT only); count can be derived as rate x population / 1e7 (paper states population numbers from Eurostat). Blank cells in the source table (years with no CAR-T reported or before first activity) are omitted; fetched 2026-09-05
EBMT activity survey,Netherlands,2020,CAR-T all,,patients,51.13,"Supplementary Table 2. CAR-T therapy rate by country and year: Netherlands, 2020: 51,13","Greco R, Sánchez-Ortega I et al. The 2024 EBMT activity report: crossing one million HCTs and 20,000 CAR-T. A landmark in cellular therapy. Bone Marrow Transplant 2026 (doi 10.1038/s41409-026-02919-9) - Supplementary Table 2. CAR-T therapy rate by country and year (41409_2026_2919_MOESM2_ESM.docx)",https://media.springernature.com/original/springer-static/esm/art%3A10.1038%2Fs41409-026-02919-9/MediaObjects/41409_2026_2919_MOESM2_ESM.docx,verified-from-source,Rate per 10 million population as printed (decimal comma in source); patient count for this country-year is not printed in any EBMT survey table (2018-2023 appendices list HCT only); count can be derived as rate x population / 1e7 (paper states population numbers from Eurostat). Blank cells in the source table (years with no CAR-T reported or before first activity) are omitted; fetched 2026-09-05
EBMT activity survey,Netherlands,2021,CAR-T all,,patients,66.38,"Supplementary Table 2. CAR-T therapy rate by country and year: Netherlands, 2021: 66,38","Greco R, Sánchez-Ortega I et al. The 2024 EBMT activity report: crossing one million HCTs and 20,000 CAR-T. A landmark in cellular therapy. Bone Marrow Transplant 2026 (doi 10.1038/s41409-026-02919-9) - Supplementary Table 2. CAR-T therapy rate by country and year (41409_2026_2919_MOESM2_ESM.docx)",https://media.springernature.com/original/springer-static/esm/art%3A10.1038%2Fs41409-026-02919-9/MediaObjects/41409_2026_2919_MOESM2_ESM.docx,verified-from-source,Rate per 10 million population as printed (decimal comma in source); patient count for this country-year is not printed in any EBMT survey table (2018-2023 appendices list HCT only); count can be derived as rate x population / 1e7 (paper states population numbers from Eurostat). Blank cells in the source table (years with no CAR-T reported or before first activity) are omitted; fetched 2026-09-05
EBMT activity survey,Netherlands,2022,CAR-T all,,patients,80.16,"Supplementary Table 2. CAR-T therapy rate by country and year: Netherlands, 2022: 80,16","Greco R, Sánchez-Ortega I et al. The 2024 EBMT activity report: crossing one million HCTs and 20,000 CAR-T. A landmark in cellular therapy. Bone Marrow Transplant 2026 (doi 10.1038/s41409-026-02919-9) - Supplementary Table 2. CAR-T therapy rate by country and year (41409_2026_2919_MOESM2_ESM.docx)",https://media.springernature.com/original/springer-static/esm/art%3A10.1038%2Fs41409-026-02919-9/MediaObjects/41409_2026_2919_MOESM2_ESM.docx,verified-from-source,Rate per 10 million population as printed (decimal comma in source); patient count for this country-year is not printed in any EBMT survey table (2018-2023 appendices list HCT only); count can be derived as rate x population / 1e7 (paper states population numbers from Eurostat). Blank cells in the source table (years with no CAR-T reported or before first activity) are omitted; fetched 2026-09-05
EBMT activity survey,Netherlands,2023,CAR-T all,,patients,80.85,"Supplementary Table 2. CAR-T therapy rate by country and year: Netherlands, 2023: 80,85","Greco R, Sánchez-Ortega I et al. The 2024 EBMT activity report: crossing one million HCTs and 20,000 CAR-T. A landmark in cellular therapy. Bone Marrow Transplant 2026 (doi 10.1038/s41409-026-02919-9) - Supplementary Table 2. CAR-T therapy rate by country and year (41409_2026_2919_MOESM2_ESM.docx)",https://media.springernature.com/original/springer-static/esm/art%3A10.1038%2Fs41409-026-02919-9/MediaObjects/41409_2026_2919_MOESM2_ESM.docx,verified-from-source,Rate per 10 million population as printed (decimal comma in source); patient count for this country-year is not printed in any EBMT survey table (2018-2023 appendices list HCT only); count can be derived as rate x population / 1e7 (paper states population numbers from Eurostat). Blank cells in the source table (years with no CAR-T reported or before first activity) are omitted; fetched 2026-09-05
EBMT activity survey,Norway,2019,CAR-T all,,patients,13.09,"Supplementary Table 2. CAR-T therapy rate by country and year: Norway, 2019: 13,09","Greco R, Sánchez-Ortega I et al. The 2024 EBMT activity report: crossing one million HCTs and 20,000 CAR-T. A landmark in cellular therapy. Bone Marrow Transplant 2026 (doi 10.1038/s41409-026-02919-9) - Supplementary Table 2. CAR-T therapy rate by country and year (41409_2026_2919_MOESM2_ESM.docx)",https://media.springernature.com/original/springer-static/esm/art%3A10.1038%2Fs41409-026-02919-9/MediaObjects/41409_2026_2919_MOESM2_ESM.docx,verified-from-source,Rate per 10 million population as printed (decimal comma in source); patient count for this country-year is not printed in any EBMT survey table (2018-2023 appendices list HCT only); count can be derived as rate x population / 1e7 (paper states population numbers from Eurostat). Blank cells in the source table (years with no CAR-T reported or before first activity) are omitted; fetched 2026-09-05
EBMT activity survey,Norway,2020,CAR-T all,,patients,16.73,"Supplementary Table 2. CAR-T therapy rate by country and year: Norway, 2020: 16,73","Greco R, Sánchez-Ortega I et al. The 2024 EBMT activity report: crossing one million HCTs and 20,000 CAR-T. A landmark in cellular therapy. Bone Marrow Transplant 2026 (doi 10.1038/s41409-026-02919-9) - Supplementary Table 2. CAR-T therapy rate by country and year (41409_2026_2919_MOESM2_ESM.docx)",https://media.springernature.com/original/springer-static/esm/art%3A10.1038%2Fs41409-026-02919-9/MediaObjects/41409_2026_2919_MOESM2_ESM.docx,verified-from-source,Rate per 10 million population as printed (decimal comma in source); patient count for this country-year is not printed in any EBMT survey table (2018-2023 appendices list HCT only); count can be derived as rate x population / 1e7 (paper states population numbers from Eurostat). Blank cells in the source table (years with no CAR-T reported or before first activity) are omitted; fetched 2026-09-05
EBMT activity survey,Norway,2021,CAR-T all,,patients,18.49,"Supplementary Table 2. CAR-T therapy rate by country and year: Norway, 2021: 18,49","Greco R, Sánchez-Ortega I et al. The 2024 EBMT activity report: crossing one million HCTs and 20,000 CAR-T. A landmark in cellular therapy. Bone Marrow Transplant 2026 (doi 10.1038/s41409-026-02919-9) - Supplementary Table 2. CAR-T therapy rate by country and year (41409_2026_2919_MOESM2_ESM.docx)",https://media.springernature.com/original/springer-static/esm/art%3A10.1038%2Fs41409-026-02919-9/MediaObjects/41409_2026_2919_MOESM2_ESM.docx,verified-from-source,Rate per 10 million population as printed (decimal comma in source); patient count for this country-year is not printed in any EBMT survey table (2018-2023 appendices list HCT only); count can be derived as rate x population / 1e7 (paper states population numbers from Eurostat). Blank cells in the source table (years with no CAR-T reported or before first activity) are omitted; fetched 2026-09-05
EBMT activity survey,Norway,2022,CAR-T all,,patients,3.66,"Supplementary Table 2. CAR-T therapy rate by country and year: Norway, 2022: 3,66","Greco R, Sánchez-Ortega I et al. The 2024 EBMT activity report: crossing one million HCTs and 20,000 CAR-T. A landmark in cellular therapy. Bone Marrow Transplant 2026 (doi 10.1038/s41409-026-02919-9) - Supplementary Table 2. CAR-T therapy rate by country and year (41409_2026_2919_MOESM2_ESM.docx)",https://media.springernature.com/original/springer-static/esm/art%3A10.1038%2Fs41409-026-02919-9/MediaObjects/41409_2026_2919_MOESM2_ESM.docx,verified-from-source,Rate per 10 million population as printed (decimal comma in source); patient count for this country-year is not printed in any EBMT survey table (2018-2023 appendices list HCT only); count can be derived as rate x population / 1e7 (paper states population numbers from Eurostat). Blank cells in the source table (years with no CAR-T reported or before first activity) are omitted; fetched 2026-09-05
EBMT activity survey,Norway,2023,CAR-T all,,patients,59.79,"Supplementary Table 2. CAR-T therapy rate by country and year: Norway, 2023: 59,79","Greco R, Sánchez-Ortega I et al. The 2024 EBMT activity report: crossing one million HCTs and 20,000 CAR-T. A landmark in cellular therapy. Bone Marrow Transplant 2026 (doi 10.1038/s41409-026-02919-9) - Supplementary Table 2. CAR-T therapy rate by country and year (41409_2026_2919_MOESM2_ESM.docx)",https://media.springernature.com/original/springer-static/esm/art%3A10.1038%2Fs41409-026-02919-9/MediaObjects/41409_2026_2919_MOESM2_ESM.docx,verified-from-source,Rate per 10 million population as printed (decimal comma in source); patient count for this country-year is not printed in any EBMT survey table (2018-2023 appendices list HCT only); count can be derived as rate x population / 1e7 (paper states population numbers from Eurostat). Blank cells in the source table (years with no CAR-T reported or before first activity) are omitted; fetched 2026-09-05
EBMT activity survey,Poland,2019,CAR-T all,,patients,0.26,"Supplementary Table 2. CAR-T therapy rate by country and year: Poland, 2019: 0,26","Greco R, Sánchez-Ortega I et al. The 2024 EBMT activity report: crossing one million HCTs and 20,000 CAR-T. A landmark in cellular therapy. Bone Marrow Transplant 2026 (doi 10.1038/s41409-026-02919-9) - Supplementary Table 2. CAR-T therapy rate by country and year (41409_2026_2919_MOESM2_ESM.docx)",https://media.springernature.com/original/springer-static/esm/art%3A10.1038%2Fs41409-026-02919-9/MediaObjects/41409_2026_2919_MOESM2_ESM.docx,verified-from-source,Rate per 10 million population as printed (decimal comma in source); patient count for this country-year is not printed in any EBMT survey table (2018-2023 appendices list HCT only); count can be derived as rate x population / 1e7 (paper states population numbers from Eurostat). Blank cells in the source table (years with no CAR-T reported or before first activity) are omitted; fetched 2026-09-05
EBMT activity survey,Poland,2020,CAR-T all,,patients,1.84,"Supplementary Table 2. CAR-T therapy rate by country and year: Poland, 2020: 1,84","Greco R, Sánchez-Ortega I et al. The 2024 EBMT activity report: crossing one million HCTs and 20,000 CAR-T. A landmark in cellular therapy. Bone Marrow Transplant 2026 (doi 10.1038/s41409-026-02919-9) - Supplementary Table 2. CAR-T therapy rate by country and year (41409_2026_2919_MOESM2_ESM.docx)",https://media.springernature.com/original/springer-static/esm/art%3A10.1038%2Fs41409-026-02919-9/MediaObjects/41409_2026_2919_MOESM2_ESM.docx,verified-from-source,Rate per 10 million population as printed (decimal comma in source); patient count for this country-year is not printed in any EBMT survey table (2018-2023 appendices list HCT only); count can be derived as rate x population / 1e7 (paper states population numbers from Eurostat). Blank cells in the source table (years with no CAR-T reported or before first activity) are omitted; fetched 2026-09-05
EBMT activity survey,Poland,2021,CAR-T all,,patients,3.24,"Supplementary Table 2. CAR-T therapy rate by country and year: Poland, 2021: 3,24","Greco R, Sánchez-Ortega I et al. The 2024 EBMT activity report: crossing one million HCTs and 20,000 CAR-T. A landmark in cellular therapy. Bone Marrow Transplant 2026 (doi 10.1038/s41409-026-02919-9) - Supplementary Table 2. CAR-T therapy rate by country and year (41409_2026_2919_MOESM2_ESM.docx)",https://media.springernature.com/original/springer-static/esm/art%3A10.1038%2Fs41409-026-02919-9/MediaObjects/41409_2026_2919_MOESM2_ESM.docx,verified-from-source,Rate per 10 million population as printed (decimal comma in source); patient count for this country-year is not printed in any EBMT survey table (2018-2023 appendices list HCT only); count can be derived as rate x population / 1e7 (paper states population numbers from Eurostat). Blank cells in the source table (years with no CAR-T reported or before first activity) are omitted; fetched 2026-09-05
EBMT activity survey,Poland,2022,CAR-T all,,patients,9.49,"Supplementary Table 2. CAR-T therapy rate by country and year: Poland, 2022: 9,49","Greco R, Sánchez-Ortega I et al. The 2024 EBMT activity report: crossing one million HCTs and 20,000 CAR-T. A landmark in cellular therapy. Bone Marrow Transplant 2026 (doi 10.1038/s41409-026-02919-9) - Supplementary Table 2. CAR-T therapy rate by country and year (41409_2026_2919_MOESM2_ESM.docx)",https://media.springernature.com/original/springer-static/esm/art%3A10.1038%2Fs41409-026-02919-9/MediaObjects/41409_2026_2919_MOESM2_ESM.docx,verified-from-source,Rate per 10 million population as printed (decimal comma in source); patient count for this country-year is not printed in any EBMT survey table (2018-2023 appendices list HCT only); count can be derived as rate x population / 1e7 (paper states population numbers from Eurostat). Blank cells in the source table (years with no CAR-T reported or before first activity) are omitted; fetched 2026-09-05
EBMT activity survey,Poland,2023,CAR-T all,,patients,27.48,"Supplementary Table 2. CAR-T therapy rate by country and year: Poland, 2023: 27,48","Greco R, Sánchez-Ortega I et al. The 2024 EBMT activity report: crossing one million HCTs and 20,000 CAR-T. A landmark in cellular therapy. Bone Marrow Transplant 2026 (doi 10.1038/s41409-026-02919-9) - Supplementary Table 2. CAR-T therapy rate by country and year (41409_2026_2919_MOESM2_ESM.docx)",https://media.springernature.com/original/springer-static/esm/art%3A10.1038%2Fs41409-026-02919-9/MediaObjects/41409_2026_2919_MOESM2_ESM.docx,verified-from-source,Rate per 10 million population as printed (decimal comma in source); patient count for this country-year is not printed in any EBMT survey table (2018-2023 appendices list HCT only); count can be derived as rate x population / 1e7 (paper states population numbers from Eurostat). Blank cells in the source table (years with no CAR-T reported or before first activity) are omitted; fetched 2026-09-05
EBMT activity survey,Portugal,2019,CAR-T all,,patients,0.97,"Supplementary Table 2. CAR-T therapy rate by country and year: Portugal, 2019: 0,97","Greco R, Sánchez-Ortega I et al. The 2024 EBMT activity report: crossing one million HCTs and 20,000 CAR-T. A landmark in cellular therapy. Bone Marrow Transplant 2026 (doi 10.1038/s41409-026-02919-9) - Supplementary Table 2. CAR-T therapy rate by country and year (41409_2026_2919_MOESM2_ESM.docx)",https://media.springernature.com/original/springer-static/esm/art%3A10.1038%2Fs41409-026-02919-9/MediaObjects/41409_2026_2919_MOESM2_ESM.docx,verified-from-source,Rate per 10 million population as printed (decimal comma in source); patient count for this country-year is not printed in any EBMT survey table (2018-2023 appendices list HCT only); count can be derived as rate x population / 1e7 (paper states population numbers from Eurostat). Blank cells in the source table (years with no CAR-T reported or before first activity) are omitted; fetched 2026-09-05
EBMT activity survey,Portugal,2020,CAR-T all,,patients,1.93,"Supplementary Table 2. CAR-T therapy rate by country and year: Portugal, 2020: 1,93","Greco R, Sánchez-Ortega I et al. The 2024 EBMT activity report: crossing one million HCTs and 20,000 CAR-T. A landmark in cellular therapy. Bone Marrow Transplant 2026 (doi 10.1038/s41409-026-02919-9) - Supplementary Table 2. CAR-T therapy rate by country and year (41409_2026_2919_MOESM2_ESM.docx)",https://media.springernature.com/original/springer-static/esm/art%3A10.1038%2Fs41409-026-02919-9/MediaObjects/41409_2026_2919_MOESM2_ESM.docx,verified-from-source,Rate per 10 million population as printed (decimal comma in source); patient count for this country-year is not printed in any EBMT survey table (2018-2023 appendices list HCT only); count can be derived as rate x population / 1e7 (paper states population numbers from Eurostat). Blank cells in the source table (years with no CAR-T reported or before first activity) are omitted; fetched 2026-09-05
EBMT activity survey,Portugal,2021,CAR-T all,,patients,9.62,"Supplementary Table 2. CAR-T therapy rate by country and year: Portugal, 2021: 9,62","Greco R, Sánchez-Ortega I et al. The 2024 EBMT activity report: crossing one million HCTs and 20,000 CAR-T. A landmark in cellular therapy. Bone Marrow Transplant 2026 (doi 10.1038/s41409-026-02919-9) - Supplementary Table 2. CAR-T therapy rate by country and year (41409_2026_2919_MOESM2_ESM.docx)",https://media.springernature.com/original/springer-static/esm/art%3A10.1038%2Fs41409-026-02919-9/MediaObjects/41409_2026_2919_MOESM2_ESM.docx,verified-from-source,Rate per 10 million population as printed (decimal comma in source); patient count for this country-year is not printed in any EBMT survey table (2018-2023 appendices list HCT only); count can be derived as rate x population / 1e7 (paper states population numbers from Eurostat). Blank cells in the source table (years with no CAR-T reported or before first activity) are omitted; fetched 2026-09-05
EBMT activity survey,Portugal,2022,CAR-T all,,patients,5.76,"Supplementary Table 2. CAR-T therapy rate by country and year: Portugal, 2022: 5,76","Greco R, Sánchez-Ortega I et al. The 2024 EBMT activity report: crossing one million HCTs and 20,000 CAR-T. A landmark in cellular therapy. Bone Marrow Transplant 2026 (doi 10.1038/s41409-026-02919-9) - Supplementary Table 2. CAR-T therapy rate by country and year (41409_2026_2919_MOESM2_ESM.docx)",https://media.springernature.com/original/springer-static/esm/art%3A10.1038%2Fs41409-026-02919-9/MediaObjects/41409_2026_2919_MOESM2_ESM.docx,verified-from-source,Rate per 10 million population as printed (decimal comma in source); patient count for this country-year is not printed in any EBMT survey table (2018-2023 appendices list HCT only); count can be derived as rate x population / 1e7 (paper states population numbers from Eurostat). Blank cells in the source table (years with no CAR-T reported or before first activity) are omitted; fetched 2026-09-05
EBMT activity survey,Portugal,2023,CAR-T all,,patients,39.94,"Supplementary Table 2. CAR-T therapy rate by country and year: Portugal, 2023: 39,94","Greco R, Sánchez-Ortega I et al. The 2024 EBMT activity report: crossing one million HCTs and 20,000 CAR-T. A landmark in cellular therapy. Bone Marrow Transplant 2026 (doi 10.1038/s41409-026-02919-9) - Supplementary Table 2. CAR-T therapy rate by country and year (41409_2026_2919_MOESM2_ESM.docx)",https://media.springernature.com/original/springer-static/esm/art%3A10.1038%2Fs41409-026-02919-9/MediaObjects/41409_2026_2919_MOESM2_ESM.docx,verified-from-source,Rate per 10 million population as printed (decimal comma in source); patient count for this country-year is not printed in any EBMT survey table (2018-2023 appendices list HCT only); count can be derived as rate x population / 1e7 (paper states population numbers from Eurostat). Blank cells in the source table (years with no CAR-T reported or before first activity) are omitted; fetched 2026-09-05
EBMT activity survey,Romania,2022,CAR-T all,,patients,1.58,"Supplementary Table 2. CAR-T therapy rate by country and year: Romania, 2022: 1,58","Greco R, Sánchez-Ortega I et al. The 2024 EBMT activity report: crossing one million HCTs and 20,000 CAR-T. A landmark in cellular therapy. Bone Marrow Transplant 2026 (doi 10.1038/s41409-026-02919-9) - Supplementary Table 2. CAR-T therapy rate by country and year (41409_2026_2919_MOESM2_ESM.docx)",https://media.springernature.com/original/springer-static/esm/art%3A10.1038%2Fs41409-026-02919-9/MediaObjects/41409_2026_2919_MOESM2_ESM.docx,verified-from-source,Rate per 10 million population as printed (decimal comma in source); patient count for this country-year is not printed in any EBMT survey table (2018-2023 appendices list HCT only); count can be derived as rate x population / 1e7 (paper states population numbers from Eurostat). Blank cells in the source table (years with no CAR-T reported or before first activity) are omitted; fetched 2026-09-05
EBMT activity survey,Romania,2023,CAR-T all,,patients,5.25,"Supplementary Table 2. CAR-T therapy rate by country and year: Romania, 2023: 5,25","Greco R, Sánchez-Ortega I et al. The 2024 EBMT activity report: crossing one million HCTs and 20,000 CAR-T. A landmark in cellular therapy. Bone Marrow Transplant 2026 (doi 10.1038/s41409-026-02919-9) - Supplementary Table 2. CAR-T therapy rate by country and year (41409_2026_2919_MOESM2_ESM.docx)",https://media.springernature.com/original/springer-static/esm/art%3A10.1038%2Fs41409-026-02919-9/MediaObjects/41409_2026_2919_MOESM2_ESM.docx,verified-from-source,Rate per 10 million population as printed (decimal comma in source); patient count for this country-year is not printed in any EBMT survey table (2018-2023 appendices list HCT only); count can be derived as rate x population / 1e7 (paper states population numbers from Eurostat). Blank cells in the source table (years with no CAR-T reported or before first activity) are omitted; fetched 2026-09-05
EBMT activity survey,Russia,2018,CAR-T all,,patients,1.58,"Supplementary Table 2. CAR-T therapy rate by country and year: Russia, 2018: 1,58","Greco R, Sánchez-Ortega I et al. The 2024 EBMT activity report: crossing one million HCTs and 20,000 CAR-T. A landmark in cellular therapy. Bone Marrow Transplant 2026 (doi 10.1038/s41409-026-02919-9) - Supplementary Table 2. CAR-T therapy rate by country and year (41409_2026_2919_MOESM2_ESM.docx)",https://media.springernature.com/original/springer-static/esm/art%3A10.1038%2Fs41409-026-02919-9/MediaObjects/41409_2026_2919_MOESM2_ESM.docx,verified-from-source,Rate per 10 million population as printed (decimal comma in source); patient count for this country-year is not printed in any EBMT survey table (2018-2023 appendices list HCT only); count can be derived as rate x population / 1e7 (paper states population numbers from Eurostat). Blank cells in the source table (years with no CAR-T reported or before first activity) are omitted; fetched 2026-09-05
EBMT activity survey,Russia,2019,CAR-T all,,patients,2.34,"Supplementary Table 2. CAR-T therapy rate by country and year: Russia, 2019: 2,34","Greco R, Sánchez-Ortega I et al. The 2024 EBMT activity report: crossing one million HCTs and 20,000 CAR-T. A landmark in cellular therapy. Bone Marrow Transplant 2026 (doi 10.1038/s41409-026-02919-9) - Supplementary Table 2. CAR-T therapy rate by country and year (41409_2026_2919_MOESM2_ESM.docx)",https://media.springernature.com/original/springer-static/esm/art%3A10.1038%2Fs41409-026-02919-9/MediaObjects/41409_2026_2919_MOESM2_ESM.docx,verified-from-source,Rate per 10 million population as printed (decimal comma in source); patient count for this country-year is not printed in any EBMT survey table (2018-2023 appendices list HCT only); count can be derived as rate x population / 1e7 (paper states population numbers from Eurostat). Blank cells in the source table (years with no CAR-T reported or before first activity) are omitted; fetched 2026-09-05
EBMT activity survey,Russia,2020,CAR-T all,,patients,2.96,"Supplementary Table 2. CAR-T therapy rate by country and year: Russia, 2020: 2,96","Greco R, Sánchez-Ortega I et al. The 2024 EBMT activity report: crossing one million HCTs and 20,000 CAR-T. A landmark in cellular therapy. Bone Marrow Transplant 2026 (doi 10.1038/s41409-026-02919-9) - Supplementary Table 2. CAR-T therapy rate by country and year (41409_2026_2919_MOESM2_ESM.docx)",https://media.springernature.com/original/springer-static/esm/art%3A10.1038%2Fs41409-026-02919-9/MediaObjects/41409_2026_2919_MOESM2_ESM.docx,verified-from-source,Rate per 10 million population as printed (decimal comma in source); patient count for this country-year is not printed in any EBMT survey table (2018-2023 appendices list HCT only); count can be derived as rate x population / 1e7 (paper states population numbers from Eurostat). Blank cells in the source table (years with no CAR-T reported or before first activity) are omitted; fetched 2026-09-05
EBMT activity survey,Russia,2021,CAR-T all,,patients,1.93,"Supplementary Table 2. CAR-T therapy rate by country and year: Russia, 2021: 1,93","Greco R, Sánchez-Ortega I et al. The 2024 EBMT activity report: crossing one million HCTs and 20,000 CAR-T. A landmark in cellular therapy. Bone Marrow Transplant 2026 (doi 10.1038/s41409-026-02919-9) - Supplementary Table 2. CAR-T therapy rate by country and year (41409_2026_2919_MOESM2_ESM.docx)",https://media.springernature.com/original/springer-static/esm/art%3A10.1038%2Fs41409-026-02919-9/MediaObjects/41409_2026_2919_MOESM2_ESM.docx,verified-from-source,Rate per 10 million population as printed (decimal comma in source); patient count for this country-year is not printed in any EBMT survey table (2018-2023 appendices list HCT only); count can be derived as rate x population / 1e7 (paper states population numbers from Eurostat). Blank cells in the source table (years with no CAR-T reported or before first activity) are omitted; fetched 2026-09-05
EBMT activity survey,Russia,2022,CAR-T all,,patients,0.76,"Supplementary Table 2. CAR-T therapy rate by country and year: Russia, 2022: 0,76","Greco R, Sánchez-Ortega I et al. The 2024 EBMT activity report: crossing one million HCTs and 20,000 CAR-T. A landmark in cellular therapy. Bone Marrow Transplant 2026 (doi 10.1038/s41409-026-02919-9) - Supplementary Table 2. CAR-T therapy rate by country and year (41409_2026_2919_MOESM2_ESM.docx)",https://media.springernature.com/original/springer-static/esm/art%3A10.1038%2Fs41409-026-02919-9/MediaObjects/41409_2026_2919_MOESM2_ESM.docx,verified-from-source,Rate per 10 million population as printed (decimal comma in source); patient count for this country-year is not printed in any EBMT survey table (2018-2023 appendices list HCT only); count can be derived as rate x population / 1e7 (paper states population numbers from Eurostat). Blank cells in the source table (years with no CAR-T reported or before first activity) are omitted; fetched 2026-09-05
EBMT activity survey,Russia,2023,CAR-T all,,patients,2.22,"Supplementary Table 2. CAR-T therapy rate by country and year: Russia, 2023: 2,22","Greco R, Sánchez-Ortega I et al. The 2024 EBMT activity report: crossing one million HCTs and 20,000 CAR-T. A landmark in cellular therapy. Bone Marrow Transplant 2026 (doi 10.1038/s41409-026-02919-9) - Supplementary Table 2. CAR-T therapy rate by country and year (41409_2026_2919_MOESM2_ESM.docx)",https://media.springernature.com/original/springer-static/esm/art%3A10.1038%2Fs41409-026-02919-9/MediaObjects/41409_2026_2919_MOESM2_ESM.docx,verified-from-source,Rate per 10 million population as printed (decimal comma in source); patient count for this country-year is not printed in any EBMT survey table (2018-2023 appendices list HCT only); count can be derived as rate x population / 1e7 (paper states population numbers from Eurostat). Blank cells in the source table (years with no CAR-T reported or before first activity) are omitted; fetched 2026-09-05
EBMT activity survey,Saudi Arabia,2021,CAR-T all,,patients,6.17,"Supplementary Table 2. CAR-T therapy rate by country and year: Saudi Arabia, 2021: 6,17","Greco R, Sánchez-Ortega I et al. The 2024 EBMT activity report: crossing one million HCTs and 20,000 CAR-T. A landmark in cellular therapy. Bone Marrow Transplant 2026 (doi 10.1038/s41409-026-02919-9) - Supplementary Table 2. CAR-T therapy rate by country and year (41409_2026_2919_MOESM2_ESM.docx)",https://media.springernature.com/original/springer-static/esm/art%3A10.1038%2Fs41409-026-02919-9/MediaObjects/41409_2026_2919_MOESM2_ESM.docx,verified-from-source,Rate per 10 million population as printed (decimal comma in source); patient count for this country-year is not printed in any EBMT survey table (2018-2023 appendices list HCT only); count can be derived as rate x population / 1e7 (paper states population numbers from Eurostat). Blank cells in the source table (years with no CAR-T reported or before first activity) are omitted; fetched 2026-09-05
EBMT activity survey,Saudi Arabia,2022,CAR-T all,,patients,7.46,"Supplementary Table 2. CAR-T therapy rate by country and year: Saudi Arabia, 2022: 7,46","Greco R, Sánchez-Ortega I et al. The 2024 EBMT activity report: crossing one million HCTs and 20,000 CAR-T. A landmark in cellular therapy. Bone Marrow Transplant 2026 (doi 10.1038/s41409-026-02919-9) - Supplementary Table 2. CAR-T therapy rate by country and year (41409_2026_2919_MOESM2_ESM.docx)",https://media.springernature.com/original/springer-static/esm/art%3A10.1038%2Fs41409-026-02919-9/MediaObjects/41409_2026_2919_MOESM2_ESM.docx,verified-from-source,Rate per 10 million population as printed (decimal comma in source); patient count for this country-year is not printed in any EBMT survey table (2018-2023 appendices list HCT only); count can be derived as rate x population / 1e7 (paper states population numbers from Eurostat). Blank cells in the source table (years with no CAR-T reported or before first activity) are omitted; fetched 2026-09-05
EBMT activity survey,Saudi Arabia,2023,CAR-T all,,patients,23.14,"Supplementary Table 2. CAR-T therapy rate by country and year: Saudi Arabia, 2023: 23,14","Greco R, Sánchez-Ortega I et al. The 2024 EBMT activity report: crossing one million HCTs and 20,000 CAR-T. A landmark in cellular therapy. Bone Marrow Transplant 2026 (doi 10.1038/s41409-026-02919-9) - Supplementary Table 2. CAR-T therapy rate by country and year (41409_2026_2919_MOESM2_ESM.docx)",https://media.springernature.com/original/springer-static/esm/art%3A10.1038%2Fs41409-026-02919-9/MediaObjects/41409_2026_2919_MOESM2_ESM.docx,verified-from-source,Rate per 10 million population as printed (decimal comma in source); patient count for this country-year is not printed in any EBMT survey table (2018-2023 appendices list HCT only); count can be derived as rate x population / 1e7 (paper states population numbers from Eurostat). Blank cells in the source table (years with no CAR-T reported or before first activity) are omitted; fetched 2026-09-05
EBMT activity survey,Slovakia,2023,CAR-T all,,patients,14.74,"Supplementary Table 2. CAR-T therapy rate by country and year: Slovakia, 2023: 14,74","Greco R, Sánchez-Ortega I et al. The 2024 EBMT activity report: crossing one million HCTs and 20,000 CAR-T. A landmark in cellular therapy. Bone Marrow Transplant 2026 (doi 10.1038/s41409-026-02919-9) - Supplementary Table 2. CAR-T therapy rate by country and year (41409_2026_2919_MOESM2_ESM.docx)",https://media.springernature.com/original/springer-static/esm/art%3A10.1038%2Fs41409-026-02919-9/MediaObjects/41409_2026_2919_MOESM2_ESM.docx,verified-from-source,Rate per 10 million population as printed (decimal comma in source); patient count for this country-year is not printed in any EBMT survey table (2018-2023 appendices list HCT only); count can be derived as rate x population / 1e7 (paper states population numbers from Eurostat). Blank cells in the source table (years with no CAR-T reported or before first activity) are omitted; fetched 2026-09-05
EBMT activity survey,Slovenia,2020,CAR-T all,,patients,9.54,"Supplementary Table 2. CAR-T therapy rate by country and year: Slovenia, 2020: 9,54","Greco R, Sánchez-Ortega I et al. The 2024 EBMT activity report: crossing one million HCTs and 20,000 CAR-T. A landmark in cellular therapy. Bone Marrow Transplant 2026 (doi 10.1038/s41409-026-02919-9) - Supplementary Table 2. CAR-T therapy rate by country and year (41409_2026_2919_MOESM2_ESM.docx)",https://media.springernature.com/original/springer-static/esm/art%3A10.1038%2Fs41409-026-02919-9/MediaObjects/41409_2026_2919_MOESM2_ESM.docx,verified-from-source,Rate per 10 million population as printed (decimal comma in source); patient count for this country-year is not printed in any EBMT survey table (2018-2023 appendices list HCT only); count can be derived as rate x population / 1e7 (paper states population numbers from Eurostat). Blank cells in the source table (years with no CAR-T reported or before first activity) are omitted; fetched 2026-09-05
EBMT activity survey,Slovenia,2021,CAR-T all,,patients,9.48,"Supplementary Table 2. CAR-T therapy rate by country and year: Slovenia, 2021: 9,48","Greco R, Sánchez-Ortega I et al. The 2024 EBMT activity report: crossing one million HCTs and 20,000 CAR-T. A landmark in cellular therapy. Bone Marrow Transplant 2026 (doi 10.1038/s41409-026-02919-9) - Supplementary Table 2. CAR-T therapy rate by country and year (41409_2026_2919_MOESM2_ESM.docx)",https://media.springernature.com/original/springer-static/esm/art%3A10.1038%2Fs41409-026-02919-9/MediaObjects/41409_2026_2919_MOESM2_ESM.docx,verified-from-source,Rate per 10 million population as printed (decimal comma in source); patient count for this country-year is not printed in any EBMT survey table (2018-2023 appendices list HCT only); count can be derived as rate x population / 1e7 (paper states population numbers from Eurostat). Blank cells in the source table (years with no CAR-T reported or before first activity) are omitted; fetched 2026-09-05
EBMT activity survey,Slovenia,2022,CAR-T all,,patients,23.73,"Supplementary Table 2. CAR-T therapy rate by country and year: Slovenia, 2022: 23,73","Greco R, Sánchez-Ortega I et al. The 2024 EBMT activity report: crossing one million HCTs and 20,000 CAR-T. A landmark in cellular therapy. Bone Marrow Transplant 2026 (doi 10.1038/s41409-026-02919-9) - Supplementary Table 2. CAR-T therapy rate by country and year (41409_2026_2919_MOESM2_ESM.docx)",https://media.springernature.com/original/springer-static/esm/art%3A10.1038%2Fs41409-026-02919-9/MediaObjects/41409_2026_2919_MOESM2_ESM.docx,verified-from-source,Rate per 10 million population as printed (decimal comma in source); patient count for this country-year is not printed in any EBMT survey table (2018-2023 appendices list HCT only); count can be derived as rate x population / 1e7 (paper states population numbers from Eurostat). Blank cells in the source table (years with no CAR-T reported or before first activity) are omitted; fetched 2026-09-05
EBMT activity survey,Slovenia,2023,CAR-T all,,patients,28.34,"Supplementary Table 2. CAR-T therapy rate by country and year: Slovenia, 2023: 28,34","Greco R, Sánchez-Ortega I et al. The 2024 EBMT activity report: crossing one million HCTs and 20,000 CAR-T. A landmark in cellular therapy. Bone Marrow Transplant 2026 (doi 10.1038/s41409-026-02919-9) - Supplementary Table 2. CAR-T therapy rate by country and year (41409_2026_2919_MOESM2_ESM.docx)",https://media.springernature.com/original/springer-static/esm/art%3A10.1038%2Fs41409-026-02919-9/MediaObjects/41409_2026_2919_MOESM2_ESM.docx,verified-from-source,Rate per 10 million population as printed (decimal comma in source); patient count for this country-year is not printed in any EBMT survey table (2018-2023 appendices list HCT only); count can be derived as rate x population / 1e7 (paper states population numbers from Eurostat). Blank cells in the source table (years with no CAR-T reported or before first activity) are omitted; fetched 2026-09-05
EBMT activity survey,Spain,2018,CAR-T all,,patients,9.22,"Supplementary Table 2. CAR-T therapy rate by country and year: Spain, 2018: 9,22","Greco R, Sánchez-Ortega I et al. The 2024 EBMT activity report: crossing one million HCTs and 20,000 CAR-T. A landmark in cellular therapy. Bone Marrow Transplant 2026 (doi 10.1038/s41409-026-02919-9) - Supplementary Table 2. CAR-T therapy rate by country and year (41409_2026_2919_MOESM2_ESM.docx)",https://media.springernature.com/original/springer-static/esm/art%3A10.1038%2Fs41409-026-02919-9/MediaObjects/41409_2026_2919_MOESM2_ESM.docx,verified-from-source,Rate per 10 million population as printed (decimal comma in source); patient count for this country-year is not printed in any EBMT survey table (2018-2023 appendices list HCT only); count can be derived as rate x population / 1e7 (paper states population numbers from Eurostat). Blank cells in the source table (years with no CAR-T reported or before first activity) are omitted; fetched 2026-09-05
EBMT activity survey,Spain,2019,CAR-T all,,patients,31.12,"Supplementary Table 2. CAR-T therapy rate by country and year: Spain, 2019: 31,12","Greco R, Sánchez-Ortega I et al. The 2024 EBMT activity report: crossing one million HCTs and 20,000 CAR-T. A landmark in cellular therapy. Bone Marrow Transplant 2026 (doi 10.1038/s41409-026-02919-9) - Supplementary Table 2. CAR-T therapy rate by country and year (41409_2026_2919_MOESM2_ESM.docx)",https://media.springernature.com/original/springer-static/esm/art%3A10.1038%2Fs41409-026-02919-9/MediaObjects/41409_2026_2919_MOESM2_ESM.docx,verified-from-source,Rate per 10 million population as printed (decimal comma in source); patient count for this country-year is not printed in any EBMT survey table (2018-2023 appendices list HCT only); count can be derived as rate x population / 1e7 (paper states population numbers from Eurostat). Blank cells in the source table (years with no CAR-T reported or before first activity) are omitted; fetched 2026-09-05
EBMT activity survey,Spain,2020,CAR-T all,,patients,62.13,"Supplementary Table 2. CAR-T therapy rate by country and year: Spain, 2020: 62,13","Greco R, Sánchez-Ortega I et al. The 2024 EBMT activity report: crossing one million HCTs and 20,000 CAR-T. A landmark in cellular therapy. Bone Marrow Transplant 2026 (doi 10.1038/s41409-026-02919-9) - Supplementary Table 2. CAR-T therapy rate by country and year (41409_2026_2919_MOESM2_ESM.docx)",https://media.springernature.com/original/springer-static/esm/art%3A10.1038%2Fs41409-026-02919-9/MediaObjects/41409_2026_2919_MOESM2_ESM.docx,verified-from-source,Rate per 10 million population as printed (decimal comma in source); patient count for this country-year is not printed in any EBMT survey table (2018-2023 appendices list HCT only); count can be derived as rate x population / 1e7 (paper states population numbers from Eurostat). Blank cells in the source table (years with no CAR-T reported or before first activity) are omitted; fetched 2026-09-05
EBMT activity survey,Spain,2021,CAR-T all,,patients,77.64,"Supplementary Table 2. CAR-T therapy rate by country and year: Spain, 2021: 77,64","Greco R, Sánchez-Ortega I et al. The 2024 EBMT activity report: crossing one million HCTs and 20,000 CAR-T. A landmark in cellular therapy. Bone Marrow Transplant 2026 (doi 10.1038/s41409-026-02919-9) - Supplementary Table 2. CAR-T therapy rate by country and year (41409_2026_2919_MOESM2_ESM.docx)",https://media.springernature.com/original/springer-static/esm/art%3A10.1038%2Fs41409-026-02919-9/MediaObjects/41409_2026_2919_MOESM2_ESM.docx,verified-from-source,Rate per 10 million population as printed (decimal comma in source); patient count for this country-year is not printed in any EBMT survey table (2018-2023 appendices list HCT only); count can be derived as rate x population / 1e7 (paper states population numbers from Eurostat). Blank cells in the source table (years with no CAR-T reported or before first activity) are omitted; fetched 2026-09-05
EBMT activity survey,Spain,2022,CAR-T all,,patients,77.07,"Supplementary Table 2. CAR-T therapy rate by country and year: Spain, 2022: 77,07","Greco R, Sánchez-Ortega I et al. The 2024 EBMT activity report: crossing one million HCTs and 20,000 CAR-T. A landmark in cellular therapy. Bone Marrow Transplant 2026 (doi 10.1038/s41409-026-02919-9) - Supplementary Table 2. CAR-T therapy rate by country and year (41409_2026_2919_MOESM2_ESM.docx)",https://media.springernature.com/original/springer-static/esm/art%3A10.1038%2Fs41409-026-02919-9/MediaObjects/41409_2026_2919_MOESM2_ESM.docx,verified-from-source,Rate per 10 million population as printed (decimal comma in source); patient count for this country-year is not printed in any EBMT survey table (2018-2023 appendices list HCT only); count can be derived as rate x population / 1e7 (paper states population numbers from Eurostat). Blank cells in the source table (years with no CAR-T reported or before first activity) are omitted; fetched 2026-09-05
EBMT activity survey,Spain,2023,CAR-T all,,patients,112.92,"Supplementary Table 2. CAR-T therapy rate by country and year: Spain, 2023: 112,92","Greco R, Sánchez-Ortega I et al. The 2024 EBMT activity report: crossing one million HCTs and 20,000 CAR-T. A landmark in cellular therapy. Bone Marrow Transplant 2026 (doi 10.1038/s41409-026-02919-9) - Supplementary Table 2. CAR-T therapy rate by country and year (41409_2026_2919_MOESM2_ESM.docx)",https://media.springernature.com/original/springer-static/esm/art%3A10.1038%2Fs41409-026-02919-9/MediaObjects/41409_2026_2919_MOESM2_ESM.docx,verified-from-source,Rate per 10 million population as printed (decimal comma in source); patient count for this country-year is not printed in any EBMT survey table (2018-2023 appendices list HCT only); count can be derived as rate x population / 1e7 (paper states population numbers from Eurostat). Blank cells in the source table (years with no CAR-T reported or before first activity) are omitted; fetched 2026-09-05
EBMT activity survey,Sweden,2018,CAR-T all,,patients,9.88,"Supplementary Table 2. CAR-T therapy rate by country and year: Sweden, 2018: 9,88","Greco R, Sánchez-Ortega I et al. The 2024 EBMT activity report: crossing one million HCTs and 20,000 CAR-T. A landmark in cellular therapy. Bone Marrow Transplant 2026 (doi 10.1038/s41409-026-02919-9) - Supplementary Table 2. CAR-T therapy rate by country and year (41409_2026_2919_MOESM2_ESM.docx)",https://media.springernature.com/original/springer-static/esm/art%3A10.1038%2Fs41409-026-02919-9/MediaObjects/41409_2026_2919_MOESM2_ESM.docx,verified-from-source,Rate per 10 million population as printed (decimal comma in source); patient count for this country-year is not printed in any EBMT survey table (2018-2023 appendices list HCT only); count can be derived as rate x population / 1e7 (paper states population numbers from Eurostat). Blank cells in the source table (years with no CAR-T reported or before first activity) are omitted; fetched 2026-09-05
EBMT activity survey,Sweden,2019,CAR-T all,,patients,11.73,"Supplementary Table 2. CAR-T therapy rate by country and year: Sweden, 2019: 11,73","Greco R, Sánchez-Ortega I et al. The 2024 EBMT activity report: crossing one million HCTs and 20,000 CAR-T. A landmark in cellular therapy. Bone Marrow Transplant 2026 (doi 10.1038/s41409-026-02919-9) - Supplementary Table 2. CAR-T therapy rate by country and year (41409_2026_2919_MOESM2_ESM.docx)",https://media.springernature.com/original/springer-static/esm/art%3A10.1038%2Fs41409-026-02919-9/MediaObjects/41409_2026_2919_MOESM2_ESM.docx,verified-from-source,Rate per 10 million population as printed (decimal comma in source); patient count for this country-year is not printed in any EBMT survey table (2018-2023 appendices list HCT only); count can be derived as rate x population / 1e7 (paper states population numbers from Eurostat). Blank cells in the source table (years with no CAR-T reported or before first activity) are omitted; fetched 2026-09-05
EBMT activity survey,Sweden,2020,CAR-T all,,patients,16.46,"Supplementary Table 2. CAR-T therapy rate by country and year: Sweden, 2020: 16,46","Greco R, Sánchez-Ortega I et al. The 2024 EBMT activity report: crossing one million HCTs and 20,000 CAR-T. A landmark in cellular therapy. Bone Marrow Transplant 2026 (doi 10.1038/s41409-026-02919-9) - Supplementary Table 2. CAR-T therapy rate by country and year (41409_2026_2919_MOESM2_ESM.docx)",https://media.springernature.com/original/springer-static/esm/art%3A10.1038%2Fs41409-026-02919-9/MediaObjects/41409_2026_2919_MOESM2_ESM.docx,verified-from-source,Rate per 10 million population as printed (decimal comma in source); patient count for this country-year is not printed in any EBMT survey table (2018-2023 appendices list HCT only); count can be derived as rate x population / 1e7 (paper states population numbers from Eurostat). Blank cells in the source table (years with no CAR-T reported or before first activity) are omitted; fetched 2026-09-05
EBMT activity survey,Sweden,2021,CAR-T all,,patients,30.83,"Supplementary Table 2. CAR-T therapy rate by country and year: Sweden, 2021: 30,83","Greco R, Sánchez-Ortega I et al. The 2024 EBMT activity report: crossing one million HCTs and 20,000 CAR-T. A landmark in cellular therapy. Bone Marrow Transplant 2026 (doi 10.1038/s41409-026-02919-9) - Supplementary Table 2. CAR-T therapy rate by country and year (41409_2026_2919_MOESM2_ESM.docx)",https://media.springernature.com/original/springer-static/esm/art%3A10.1038%2Fs41409-026-02919-9/MediaObjects/41409_2026_2919_MOESM2_ESM.docx,verified-from-source,Rate per 10 million population as printed (decimal comma in source); patient count for this country-year is not printed in any EBMT survey table (2018-2023 appendices list HCT only); count can be derived as rate x population / 1e7 (paper states population numbers from Eurostat). Blank cells in the source table (years with no CAR-T reported or before first activity) are omitted; fetched 2026-09-05
EBMT activity survey,Sweden,2022,CAR-T all,,patients,30.62,"Supplementary Table 2. CAR-T therapy rate by country and year: Sweden, 2022: 30,62","Greco R, Sánchez-Ortega I et al. The 2024 EBMT activity report: crossing one million HCTs and 20,000 CAR-T. A landmark in cellular therapy. Bone Marrow Transplant 2026 (doi 10.1038/s41409-026-02919-9) - Supplementary Table 2. CAR-T therapy rate by country and year (41409_2026_2919_MOESM2_ESM.docx)",https://media.springernature.com/original/springer-static/esm/art%3A10.1038%2Fs41409-026-02919-9/MediaObjects/41409_2026_2919_MOESM2_ESM.docx,verified-from-source,Rate per 10 million population as printed (decimal comma in source); patient count for this country-year is not printed in any EBMT survey table (2018-2023 appendices list HCT only); count can be derived as rate x population / 1e7 (paper states population numbers from Eurostat). Blank cells in the source table (years with no CAR-T reported or before first activity) are omitted; fetched 2026-09-05
EBMT activity survey,Sweden,2023,CAR-T all,,patients,49.42,"Supplementary Table 2. CAR-T therapy rate by country and year: Sweden, 2023: 49,42","Greco R, Sánchez-Ortega I et al. The 2024 EBMT activity report: crossing one million HCTs and 20,000 CAR-T. A landmark in cellular therapy. Bone Marrow Transplant 2026 (doi 10.1038/s41409-026-02919-9) - Supplementary Table 2. CAR-T therapy rate by country and year (41409_2026_2919_MOESM2_ESM.docx)",https://media.springernature.com/original/springer-static/esm/art%3A10.1038%2Fs41409-026-02919-9/MediaObjects/41409_2026_2919_MOESM2_ESM.docx,verified-from-source,Rate per 10 million population as printed (decimal comma in source); patient count for this country-year is not printed in any EBMT survey table (2018-2023 appendices list HCT only); count can be derived as rate x population / 1e7 (paper states population numbers from Eurostat). Blank cells in the source table (years with no CAR-T reported or before first activity) are omitted; fetched 2026-09-05
EBMT activity survey,Switzerland,2019,CAR-T all,,patients,50.14,"Supplementary Table 2. CAR-T therapy rate by country and year: Switzerland, 2019: 50,14","Greco R, Sánchez-Ortega I et al. The 2024 EBMT activity report: crossing one million HCTs and 20,000 CAR-T. A landmark in cellular therapy. Bone Marrow Transplant 2026 (doi 10.1038/s41409-026-02919-9) - Supplementary Table 2. CAR-T therapy rate by country and year (41409_2026_2919_MOESM2_ESM.docx)",https://media.springernature.com/original/springer-static/esm/art%3A10.1038%2Fs41409-026-02919-9/MediaObjects/41409_2026_2919_MOESM2_ESM.docx,verified-from-source,Rate per 10 million population as printed (decimal comma in source); patient count for this country-year is not printed in any EBMT survey table (2018-2023 appendices list HCT only); count can be derived as rate x population / 1e7 (paper states population numbers from Eurostat). Blank cells in the source table (years with no CAR-T reported or before first activity) are omitted; fetched 2026-09-05
EBMT activity survey,Switzerland,2020,CAR-T all,,patients,77.56,"Supplementary Table 2. CAR-T therapy rate by country and year: Switzerland, 2020: 77,56","Greco R, Sánchez-Ortega I et al. The 2024 EBMT activity report: crossing one million HCTs and 20,000 CAR-T. A landmark in cellular therapy. Bone Marrow Transplant 2026 (doi 10.1038/s41409-026-02919-9) - Supplementary Table 2. CAR-T therapy rate by country and year (41409_2026_2919_MOESM2_ESM.docx)",https://media.springernature.com/original/springer-static/esm/art%3A10.1038%2Fs41409-026-02919-9/MediaObjects/41409_2026_2919_MOESM2_ESM.docx,verified-from-source,Rate per 10 million population as printed (decimal comma in source); patient count for this country-year is not printed in any EBMT survey table (2018-2023 appendices list HCT only); count can be derived as rate x population / 1e7 (paper states population numbers from Eurostat). Blank cells in the source table (years with no CAR-T reported or before first activity) are omitted; fetched 2026-09-05
EBMT activity survey,Switzerland,2021,CAR-T all,,patients,106.84,"Supplementary Table 2. CAR-T therapy rate by country and year: Switzerland, 2021: 106,84","Greco R, Sánchez-Ortega I et al. The 2024 EBMT activity report: crossing one million HCTs and 20,000 CAR-T. A landmark in cellular therapy. Bone Marrow Transplant 2026 (doi 10.1038/s41409-026-02919-9) - Supplementary Table 2. CAR-T therapy rate by country and year (41409_2026_2919_MOESM2_ESM.docx)",https://media.springernature.com/original/springer-static/esm/art%3A10.1038%2Fs41409-026-02919-9/MediaObjects/41409_2026_2919_MOESM2_ESM.docx,verified-from-source,Rate per 10 million population as printed (decimal comma in source); patient count for this country-year is not printed in any EBMT survey table (2018-2023 appendices list HCT only); count can be derived as rate x population / 1e7 (paper states population numbers from Eurostat). Blank cells in the source table (years with no CAR-T reported or before first activity) are omitted; fetched 2026-09-05
EBMT activity survey,Switzerland,2022,CAR-T all,,patients,144.69,"Supplementary Table 2. CAR-T therapy rate by country and year: Switzerland, 2022: 144,69","Greco R, Sánchez-Ortega I et al. The 2024 EBMT activity report: crossing one million HCTs and 20,000 CAR-T. A landmark in cellular therapy. Bone Marrow Transplant 2026 (doi 10.1038/s41409-026-02919-9) - Supplementary Table 2. CAR-T therapy rate by country and year (41409_2026_2919_MOESM2_ESM.docx)",https://media.springernature.com/original/springer-static/esm/art%3A10.1038%2Fs41409-026-02919-9/MediaObjects/41409_2026_2919_MOESM2_ESM.docx,verified-from-source,Rate per 10 million population as printed (decimal comma in source); patient count for this country-year is not printed in any EBMT survey table (2018-2023 appendices list HCT only); count can be derived as rate x population / 1e7 (paper states population numbers from Eurostat). Blank cells in the source table (years with no CAR-T reported or before first activity) are omitted; fetched 2026-09-05
EBMT activity survey,Switzerland,2023,CAR-T all,,patients,195.75,"Supplementary Table 2. CAR-T therapy rate by country and year: Switzerland, 2023: 195,75","Greco R, Sánchez-Ortega I et al. The 2024 EBMT activity report: crossing one million HCTs and 20,000 CAR-T. A landmark in cellular therapy. Bone Marrow Transplant 2026 (doi 10.1038/s41409-026-02919-9) - Supplementary Table 2. CAR-T therapy rate by country and year (41409_2026_2919_MOESM2_ESM.docx)",https://media.springernature.com/original/springer-static/esm/art%3A10.1038%2Fs41409-026-02919-9/MediaObjects/41409_2026_2919_MOESM2_ESM.docx,verified-from-source,Rate per 10 million population as printed (decimal comma in source); patient count for this country-year is not printed in any EBMT survey table (2018-2023 appendices list HCT only); count can be derived as rate x population / 1e7 (paper states population numbers from Eurostat). Blank cells in the source table (years with no CAR-T reported or before first activity) are omitted; fetched 2026-09-05
EBMT activity survey,Turkey,2019,CAR-T all,,patients,0.36,"Supplementary Table 2. CAR-T therapy rate by country and year: Turkey, 2019: 0,36","Greco R, Sánchez-Ortega I et al. The 2024 EBMT activity report: crossing one million HCTs and 20,000 CAR-T. A landmark in cellular therapy. Bone Marrow Transplant 2026 (doi 10.1038/s41409-026-02919-9) - Supplementary Table 2. CAR-T therapy rate by country and year (41409_2026_2919_MOESM2_ESM.docx)",https://media.springernature.com/original/springer-static/esm/art%3A10.1038%2Fs41409-026-02919-9/MediaObjects/41409_2026_2919_MOESM2_ESM.docx,verified-from-source,Rate per 10 million population as printed (decimal comma in source); patient count for this country-year is not printed in any EBMT survey table (2018-2023 appendices list HCT only); count can be derived as rate x population / 1e7 (paper states population numbers from Eurostat). Blank cells in the source table (years with no CAR-T reported or before first activity) are omitted; fetched 2026-09-05
EBMT activity survey,Turkey,2022,CAR-T all,,patients,0.47,"Supplementary Table 2. CAR-T therapy rate by country and year: Turkey, 2022: 0,47","Greco R, Sánchez-Ortega I et al. The 2024 EBMT activity report: crossing one million HCTs and 20,000 CAR-T. A landmark in cellular therapy. Bone Marrow Transplant 2026 (doi 10.1038/s41409-026-02919-9) - Supplementary Table 2. CAR-T therapy rate by country and year (41409_2026_2919_MOESM2_ESM.docx)",https://media.springernature.com/original/springer-static/esm/art%3A10.1038%2Fs41409-026-02919-9/MediaObjects/41409_2026_2919_MOESM2_ESM.docx,verified-from-source,Rate per 10 million population as printed (decimal comma in source); patient count for this country-year is not printed in any EBMT survey table (2018-2023 appendices list HCT only); count can be derived as rate x population / 1e7 (paper states population numbers from Eurostat). Blank cells in the source table (years with no CAR-T reported or before first activity) are omitted; fetched 2026-09-05
EBMT activity survey,Turkey,2023,CAR-T all,,patients,0.82,"Supplementary Table 2. CAR-T therapy rate by country and year: Turkey, 2023: 0,82","Greco R, Sánchez-Ortega I et al. The 2024 EBMT activity report: crossing one million HCTs and 20,000 CAR-T. A landmark in cellular therapy. Bone Marrow Transplant 2026 (doi 10.1038/s41409-026-02919-9) - Supplementary Table 2. CAR-T therapy rate by country and year (41409_2026_2919_MOESM2_ESM.docx)",https://media.springernature.com/original/springer-static/esm/art%3A10.1038%2Fs41409-026-02919-9/MediaObjects/41409_2026_2919_MOESM2_ESM.docx,verified-from-source,Rate per 10 million population as printed (decimal comma in source); patient count for this country-year is not printed in any EBMT survey table (2018-2023 appendices list HCT only); count can be derived as rate x population / 1e7 (paper states population numbers from Eurostat). Blank cells in the source table (years with no CAR-T reported or before first activity) are omitted; fetched 2026-09-05
EBMT activity survey,United Kingdom,2018,CAR-T all,,patients,6.03,"Supplementary Table 2. CAR-T therapy rate by country and year: United Kingdom, 2018: 6,03","Greco R, Sánchez-Ortega I et al. The 2024 EBMT activity report: crossing one million HCTs and 20,000 CAR-T. A landmark in cellular therapy. Bone Marrow Transplant 2026 (doi 10.1038/s41409-026-02919-9) - Supplementary Table 2. CAR-T therapy rate by country and year (41409_2026_2919_MOESM2_ESM.docx)",https://media.springernature.com/original/springer-static/esm/art%3A10.1038%2Fs41409-026-02919-9/MediaObjects/41409_2026_2919_MOESM2_ESM.docx,verified-from-source,Rate per 10 million population as printed (decimal comma in source); patient count for this country-year is not printed in any EBMT survey table (2018-2023 appendices list HCT only); count can be derived as rate x population / 1e7 (paper states population numbers from Eurostat). Blank cells in the source table (years with no CAR-T reported or before first activity) are omitted; fetched 2026-09-05
EBMT activity survey,United Kingdom,2019,CAR-T all,,patients,33.17,"Supplementary Table 2. CAR-T therapy rate by country and year: United Kingdom, 2019: 33,17","Greco R, Sánchez-Ortega I et al. The 2024 EBMT activity report: crossing one million HCTs and 20,000 CAR-T. A landmark in cellular therapy. Bone Marrow Transplant 2026 (doi 10.1038/s41409-026-02919-9) - Supplementary Table 2. CAR-T therapy rate by country and year (41409_2026_2919_MOESM2_ESM.docx)",https://media.springernature.com/original/springer-static/esm/art%3A10.1038%2Fs41409-026-02919-9/MediaObjects/41409_2026_2919_MOESM2_ESM.docx,verified-from-source,Rate per 10 million population as printed (decimal comma in source); patient count for this country-year is not printed in any EBMT survey table (2018-2023 appendices list HCT only); count can be derived as rate x population / 1e7 (paper states population numbers from Eurostat). Blank cells in the source table (years with no CAR-T reported or before first activity) are omitted; fetched 2026-09-05
EBMT activity survey,United Kingdom,2020,CAR-T all,,patients,39.85,"Supplementary Table 2. CAR-T therapy rate by country and year: United Kingdom, 2020: 39,85","Greco R, Sánchez-Ortega I et al. The 2024 EBMT activity report: crossing one million HCTs and 20,000 CAR-T. A landmark in cellular therapy. Bone Marrow Transplant 2026 (doi 10.1038/s41409-026-02919-9) - Supplementary Table 2. CAR-T therapy rate by country and year (41409_2026_2919_MOESM2_ESM.docx)",https://media.springernature.com/original/springer-static/esm/art%3A10.1038%2Fs41409-026-02919-9/MediaObjects/41409_2026_2919_MOESM2_ESM.docx,verified-from-source,Rate per 10 million population as printed (decimal comma in source); patient count for this country-year is not printed in any EBMT survey table (2018-2023 appendices list HCT only); count can be derived as rate x population / 1e7 (paper states population numbers from Eurostat). Blank cells in the source table (years with no CAR-T reported or before first activity) are omitted; fetched 2026-09-05
EBMT activity survey,United Kingdom,2021,CAR-T all,,patients,57.33,"Supplementary Table 2. CAR-T therapy rate by country and year: United Kingdom, 2021: 57,33","Greco R, Sánchez-Ortega I et al. The 2024 EBMT activity report: crossing one million HCTs and 20,000 CAR-T. A landmark in cellular therapy. Bone Marrow Transplant 2026 (doi 10.1038/s41409-026-02919-9) - Supplementary Table 2. CAR-T therapy rate by country and year (41409_2026_2919_MOESM2_ESM.docx)",https://media.springernature.com/original/springer-static/esm/art%3A10.1038%2Fs41409-026-02919-9/MediaObjects/41409_2026_2919_MOESM2_ESM.docx,verified-from-source,Rate per 10 million population as printed (decimal comma in source); patient count for this country-year is not printed in any EBMT survey table (2018-2023 appendices list HCT only); count can be derived as rate x population / 1e7 (paper states population numbers from Eurostat). Blank cells in the source table (years with no CAR-T reported or before first activity) are omitted; fetched 2026-09-05
EBMT activity survey,United Kingdom,2022,CAR-T all,,patients,55.47,"Supplementary Table 2. CAR-T therapy rate by country and year: United Kingdom, 2022: 55,47","Greco R, Sánchez-Ortega I et al. The 2024 EBMT activity report: crossing one million HCTs and 20,000 CAR-T. A landmark in cellular therapy. Bone Marrow Transplant 2026 (doi 10.1038/s41409-026-02919-9) - Supplementary Table 2. CAR-T therapy rate by country and year (41409_2026_2919_MOESM2_ESM.docx)",https://media.springernature.com/original/springer-static/esm/art%3A10.1038%2Fs41409-026-02919-9/MediaObjects/41409_2026_2919_MOESM2_ESM.docx,verified-from-source,Rate per 10 million population as printed (decimal comma in source); patient count for this country-year is not printed in any EBMT survey table (2018-2023 appendices list HCT only); count can be derived as rate x population / 1e7 (paper states population numbers from Eurostat). Blank cells in the source table (years with no CAR-T reported or before first activity) are omitted; fetched 2026-09-05
EBMT activity survey,United Kingdom,2023,CAR-T all,,patients,84.1,"Supplementary Table 2. CAR-T therapy rate by country and year: United Kingdom, 2023: 84,1","Greco R, Sánchez-Ortega I et al. The 2024 EBMT activity report: crossing one million HCTs and 20,000 CAR-T. A landmark in cellular therapy. Bone Marrow Transplant 2026 (doi 10.1038/s41409-026-02919-9) - Supplementary Table 2. CAR-T therapy rate by country and year (41409_2026_2919_MOESM2_ESM.docx)",https://media.springernature.com/original/springer-static/esm/art%3A10.1038%2Fs41409-026-02919-9/MediaObjects/41409_2026_2919_MOESM2_ESM.docx,verified-from-source,Rate per 10 million population as printed (decimal comma in source); patient count for this country-year is not printed in any EBMT survey table (2018-2023 appendices list HCT only); count can be derived as rate x population / 1e7 (paper states population numbers from Eurostat). Blank cells in the source table (years with no CAR-T reported or before first activity) are omitted; fetched 2026-09-05
EBMT activity survey,Europe (EBMT survey area),2024,CAR-T all,6196,infusions,,"In 2024, 278 centres from 30 countries reported a total of 6196 CAR-T cell therapies (6,082 first CAR-T infusions and 114 s therapies).","Greco R, Sánchez-Ortega I et al. The 2024 EBMT activity report: crossing one million HCTs and 20,000 CAR-T. A landmark in cellular therapy. Bone Marrow Transplant 2026 (doi 10.1038/s41409-026-02919-9)",https://www.nature.com/articles/s41409-026-02919-9,verified-from-source,Paper body (CAR-T therapy rates section); 6082 first infusions plus 114 subsequent therapies; 278 centres from 30 countries; fetched 2026-09-05
EBMT activity survey,Europe (EBMT survey area),2024,CAR-T all,278,centres_reporting_CAR-T,,"In 2024, 278 centres from 30 countries reported a total of 6196 CAR-T cell therapies (6,082 first CAR-T infusions and 114 s therapies).","Greco R, Sánchez-Ortega I et al. The 2024 EBMT activity report: crossing one million HCTs and 20,000 CAR-T. A landmark in cellular therapy. Bone Marrow Transplant 2026 (doi 10.1038/s41409-026-02919-9)",https://www.nature.com/articles/s41409-026-02919-9,verified-from-source,"Centres reporting CAR-T in 2024, 30 countries; ""Among these 278 centres, 247 (89%) reported both allogeneic and autologous CAR-T therapies, 26 only autologous and 5 centres, only allogeneic""; fetched 2026-09-05"
EBMT activity survey,Germany,2024,CAR-T autologous (first infusions),1438,patients,,"For autologous CAR-T cell therapy, 75% of the patients (n = 4514) were reported by 181 centres across 5 countries (Germany 1438, France 1092, Spain 758, Italy 678 and UK 548 patients).","Greco R, Sánchez-Ortega I et al. The 2024 EBMT activity report: crossing one million HCTs and 20,000 CAR-T. A landmark in cellular therapy. Bone Marrow Transplant 2026 (doi 10.1038/s41409-026-02919-9)",https://www.nature.com/articles/s41409-026-02919-9,verified-from-source,Autologous first CAR-T patients; matches the appendix country line autologous figure; fetched 2026-09-05
EBMT activity survey,France,2024,CAR-T autologous (first infusions),1092,patients,,"For autologous CAR-T cell therapy, 75% of the patients (n = 4514) were reported by 181 centres across 5 countries (Germany 1438, France 1092, Spain 758, Italy 678 and UK 548 patients).","Greco R, Sánchez-Ortega I et al. The 2024 EBMT activity report: crossing one million HCTs and 20,000 CAR-T. A landmark in cellular therapy. Bone Marrow Transplant 2026 (doi 10.1038/s41409-026-02919-9)",https://www.nature.com/articles/s41409-026-02919-9,verified-from-source,Autologous first CAR-T patients; matches the appendix country line autologous figure; fetched 2026-09-05
EBMT activity survey,Spain,2024,CAR-T autologous (first infusions),758,patients,,"For autologous CAR-T cell therapy, 75% of the patients (n = 4514) were reported by 181 centres across 5 countries (Germany 1438, France 1092, Spain 758, Italy 678 and UK 548 patients).","Greco R, Sánchez-Ortega I et al. The 2024 EBMT activity report: crossing one million HCTs and 20,000 CAR-T. A landmark in cellular therapy. Bone Marrow Transplant 2026 (doi 10.1038/s41409-026-02919-9)",https://www.nature.com/articles/s41409-026-02919-9,verified-from-source,Autologous first CAR-T patients; matches the appendix country line autologous figure; fetched 2026-09-05
EBMT activity survey,Italy,2024,CAR-T autologous (first infusions),678,patients,,"For autologous CAR-T cell therapy, 75% of the patients (n = 4514) were reported by 181 centres across 5 countries (Germany 1438, France 1092, Spain 758, Italy 678 and UK 548 patients).","Greco R, Sánchez-Ortega I et al. The 2024 EBMT activity report: crossing one million HCTs and 20,000 CAR-T. A landmark in cellular therapy. Bone Marrow Transplant 2026 (doi 10.1038/s41409-026-02919-9)",https://www.nature.com/articles/s41409-026-02919-9,verified-from-source,Autologous first CAR-T patients; matches the appendix country line autologous figure; fetched 2026-09-05
EBMT activity survey,United Kingdom,2024,CAR-T autologous (first infusions),548,patients,,"For autologous CAR-T cell therapy, 75% of the patients (n = 4514) were reported by 181 centres across 5 countries (Germany 1438, France 1092, Spain 758, Italy 678 and UK 548 patients).","Greco R, Sánchez-Ortega I et al. The 2024 EBMT activity report: crossing one million HCTs and 20,000 CAR-T. A landmark in cellular therapy. Bone Marrow Transplant 2026 (doi 10.1038/s41409-026-02919-9)",https://www.nature.com/articles/s41409-026-02919-9,verified-from-source,Autologous first CAR-T patients; matches the appendix country line autologous figure; fetched 2026-09-05
EBMT activity survey,United Kingdom,2024,CAR-T allogeneic,14,patients,,"Forty-five patients receiving allogeneic CAR-T cell therapy were reported by 11 centres from 9 countries: UK (n = 14), Russia (n = 13), Italy (n = 7), Spain (n = 5), Greece (n = 2) and one patient each from France, Germany, Romania and Israel.","Greco R, Sánchez-Ortega I et al. The 2024 EBMT activity report: crossing one million HCTs and 20,000 CAR-T. A landmark in cellular therapy. Bone Marrow Transplant 2026 (doi 10.1038/s41409-026-02919-9)",https://www.nature.com/articles/s41409-026-02919-9,verified-from-source,Allogeneic CAR-T patients 2024; fetched 2026-09-05
EBMT activity survey,Russia,2024,CAR-T allogeneic,13,patients,,"Forty-five patients receiving allogeneic CAR-T cell therapy were reported by 11 centres from 9 countries: UK (n = 14), Russia (n = 13), Italy (n = 7), Spain (n = 5), Greece (n = 2) and one patient each from France, Germany, Romania and Israel.","Greco R, Sánchez-Ortega I et al. The 2024 EBMT activity report: crossing one million HCTs and 20,000 CAR-T. A landmark in cellular therapy. Bone Marrow Transplant 2026 (doi 10.1038/s41409-026-02919-9)",https://www.nature.com/articles/s41409-026-02919-9,verified-from-source,Allogeneic CAR-T patients 2024; fetched 2026-09-05
EBMT activity survey,Italy,2024,CAR-T allogeneic,7,patients,,"Forty-five patients receiving allogeneic CAR-T cell therapy were reported by 11 centres from 9 countries: UK (n = 14), Russia (n = 13), Italy (n = 7), Spain (n = 5), Greece (n = 2) and one patient each from France, Germany, Romania and Israel.","Greco R, Sánchez-Ortega I et al. The 2024 EBMT activity report: crossing one million HCTs and 20,000 CAR-T. A landmark in cellular therapy. Bone Marrow Transplant 2026 (doi 10.1038/s41409-026-02919-9)",https://www.nature.com/articles/s41409-026-02919-9,verified-from-source,Allogeneic CAR-T patients 2024; fetched 2026-09-05
EBMT activity survey,Spain,2024,CAR-T allogeneic,5,patients,,"Forty-five patients receiving allogeneic CAR-T cell therapy were reported by 11 centres from 9 countries: UK (n = 14), Russia (n = 13), Italy (n = 7), Spain (n = 5), Greece (n = 2) and one patient each from France, Germany, Romania and Israel.","Greco R, Sánchez-Ortega I et al. The 2024 EBMT activity report: crossing one million HCTs and 20,000 CAR-T. A landmark in cellular therapy. Bone Marrow Transplant 2026 (doi 10.1038/s41409-026-02919-9)",https://www.nature.com/articles/s41409-026-02919-9,verified-from-source,Allogeneic CAR-T patients 2024; fetched 2026-09-05
EBMT activity survey,Greece,2024,CAR-T allogeneic,2,patients,,"Forty-five patients receiving allogeneic CAR-T cell therapy were reported by 11 centres from 9 countries: UK (n = 14), Russia (n = 13), Italy (n = 7), Spain (n = 5), Greece (n = 2) and one patient each from France, Germany, Romania and Israel.","Greco R, Sánchez-Ortega I et al. The 2024 EBMT activity report: crossing one million HCTs and 20,000 CAR-T. A landmark in cellular therapy. Bone Marrow Transplant 2026 (doi 10.1038/s41409-026-02919-9)",https://www.nature.com/articles/s41409-026-02919-9,verified-from-source,Allogeneic CAR-T patients 2024; fetched 2026-09-05
EBMT activity survey,France,2024,CAR-T allogeneic,1,patients,,"Forty-five patients receiving allogeneic CAR-T cell therapy were reported by 11 centres from 9 countries: UK (n = 14), Russia (n = 13), Italy (n = 7), Spain (n = 5), Greece (n = 2) and one patient each from France, Germany, Romania and Israel.","Greco R, Sánchez-Ortega I et al. The 2024 EBMT activity report: crossing one million HCTs and 20,000 CAR-T. A landmark in cellular therapy. Bone Marrow Transplant 2026 (doi 10.1038/s41409-026-02919-9)",https://www.nature.com/articles/s41409-026-02919-9,verified-from-source,Allogeneic CAR-T patients 2024; fetched 2026-09-05
EBMT activity survey,Germany,2024,CAR-T allogeneic,1,patients,,"Forty-five patients receiving allogeneic CAR-T cell therapy were reported by 11 centres from 9 countries: UK (n = 14), Russia (n = 13), Italy (n = 7), Spain (n = 5), Greece (n = 2) and one patient each from France, Germany, Romania and Israel.","Greco R, Sánchez-Ortega I et al. The 2024 EBMT activity report: crossing one million HCTs and 20,000 CAR-T. A landmark in cellular therapy. Bone Marrow Transplant 2026 (doi 10.1038/s41409-026-02919-9)",https://www.nature.com/articles/s41409-026-02919-9,verified-from-source,Allogeneic CAR-T patients 2024; fetched 2026-09-05
EBMT activity survey,Romania,2024,CAR-T allogeneic,1,patients,,"Forty-five patients receiving allogeneic CAR-T cell therapy were reported by 11 centres from 9 countries: UK (n = 14), Russia (n = 13), Italy (n = 7), Spain (n = 5), Greece (n = 2) and one patient each from France, Germany, Romania and Israel.","Greco R, Sánchez-Ortega I et al. The 2024 EBMT activity report: crossing one million HCTs and 20,000 CAR-T. A landmark in cellular therapy. Bone Marrow Transplant 2026 (doi 10.1038/s41409-026-02919-9)",https://www.nature.com/articles/s41409-026-02919-9,verified-from-source,Allogeneic CAR-T patients 2024; fetched 2026-09-05
EBMT activity survey,Israel,2024,CAR-T allogeneic,1,patients,,"Forty-five patients receiving allogeneic CAR-T cell therapy were reported by 11 centres from 9 countries: UK (n = 14), Russia (n = 13), Italy (n = 7), Spain (n = 5), Greece (n = 2) and one patient each from France, Germany, Romania and Israel.","Greco R, Sánchez-Ortega I et al. The 2024 EBMT activity report: crossing one million HCTs and 20,000 CAR-T. A landmark in cellular therapy. Bone Marrow Transplant 2026 (doi 10.1038/s41409-026-02919-9)",https://www.nature.com/articles/s41409-026-02919-9,verified-from-source,Allogeneic CAR-T patients 2024; fetched 2026-09-05
EBMT activity survey,Europe (EBMT survey area),2023,CAR-T all,258,centres_reporting_CAR-T,,"In 2023, 258 centers in 30 countries reported CAR-T cell therapies.","Passweg JR, Baldomero H et al. The 2023 EBMT report on hematopoietic cell transplantation and cellular therapies. Increased use of allogeneic HCT for myeloid malignancies and of CAR-T at the expense of autologous HCT. Bone Marrow Transplant 2025 (doi 10.1038/s41409-025-02524-2; PMC11971038)",https://pmc.ncbi.nlm.nih.gov/articles/PMC11971038/,verified-from-source,"30 countries; ""Eighty-five patients receiving allogeneic CAR-T cell therapy were reported by 19 centers in 12 countries""; fetched 2026-09-05"
EBMT activity survey,Europe (EBMT survey area),2023,CAR-T allogeneic,85,patients,,Eighty-five patients receiving allogeneic CAR-T cell therapy were reported by 19 centers in 12 countries.,"Passweg JR, Baldomero H et al. The 2023 EBMT report on hematopoietic cell transplantation and cellular therapies. Increased use of allogeneic HCT for myeloid malignancies and of CAR-T at the expense of autologous HCT. Bone Marrow Transplant 2025 (doi 10.1038/s41409-025-02524-2; PMC11971038)",https://pmc.ncbi.nlm.nih.gov/articles/PMC11971038/,verified-from-source,fetched 2026-09-05
EBMT activity survey,Europe (EBMT survey area),2022,CAR-T all,214,centres_reporting_CAR-T,,"Of the 214 CAR-T cellular therapy centers, just 15 reported doing autologous HCT only and 4 centers allogeneic HCT only.","Passweg JR, Baldomero H et al. Hematopoietic cell transplantation and cellular therapies in Europe 2022. CAR-T activity continues to grow; transplant activity has slowed: a report from the EBMT. Bone Marrow Transplant 2024 (doi 10.1038/s41409-024-02248-9; PMC11161408)",https://www.nature.com/articles/s41409-024-02248-9,verified-from-source,"""Fifty-two patients receiving an allogeneic CAR-T therapy were reported by 17 centers in twelve countries""; fetched 2026-09-05"
EBMT activity survey,Europe (EBMT survey area),2022,CAR-T allogeneic,52,patients,,Fifty-two patients receiving an allogeneic CAR-T therapy were reported by 17 centers in twelve countries.,"Passweg JR, Baldomero H et al. Hematopoietic cell transplantation and cellular therapies in Europe 2022. CAR-T activity continues to grow; transplant activity has slowed: a report from the EBMT. Bone Marrow Transplant 2024 (doi 10.1038/s41409-024-02248-9; PMC11161408)",https://www.nature.com/articles/s41409-024-02248-9,verified-from-source,fetched 2026-09-05
EBMT activity survey,Europe (EBMT survey area),2021,CAR-T all,197,centres_reporting_CAR-T,,One hundred and ninety-seven centers in 24 countries reported 2524 CAR-T cellular therapies in 2021.,"Passweg JR, Baldomero H et al. Hematopoietic cell transplantation and cellular therapies in Europe 2021. The second year of the SARS-CoV-2 pandemic. A Report from the EBMT Activity Survey. Bone Marrow Transplant 2023 (doi 10.1038/s41409-023-01943-3; PMC9987384)",https://www.nature.com/articles/s41409-023-01943-3,verified-from-source,"24 countries; ""For autologous CAR-T, 24 countries reported 2466 CAR-T's with a median of 25""; ""Fifty-eight patients with allogeneic CAR-T were reported in nine countries""; fetched 2026-09-05"
EBMT activity survey,Europe (EBMT survey area),2021,CAR-T autologous,2466,patients,,"For autologous CAR-T, 24 countries reported 2466 CAR-T's with a median of 25.","Passweg JR, Baldomero H et al. Hematopoietic cell transplantation and cellular therapies in Europe 2021. The second year of the SARS-CoV-2 pandemic. A Report from the EBMT Activity Survey. Bone Marrow Transplant 2023 (doi 10.1038/s41409-023-01943-3; PMC9987384)",https://www.nature.com/articles/s41409-023-01943-3,verified-from-source,fetched 2026-09-05
EBMT activity survey,Europe (EBMT survey area),2021,CAR-T allogeneic,58,patients,,Fifty-eight patients with allogeneic CAR-T were reported in nine countries.,"Passweg JR, Baldomero H et al. Hematopoietic cell transplantation and cellular therapies in Europe 2021. The second year of the SARS-CoV-2 pandemic. A Report from the EBMT Activity Survey. Bone Marrow Transplant 2023 (doi 10.1038/s41409-023-01943-3; PMC9987384)",https://www.nature.com/articles/s41409-023-01943-3,verified-from-source,fetched 2026-09-05
EBMT activity survey,Europe (EBMT survey area),2020,CAR-T autologous,1846,patients,,"For autologous CAR-T, 21 countries reported a total of 1846 CAR-T's, the median being 24.","Passweg JR, Baldomero H et al. Impact of the SARS-CoV-2 pandemic on hematopoietic cell transplantation and cellular therapies in Europe 2020: a report from the EBMT activity survey. Bone Marrow Transplant 2022 (doi 10.1038/s41409-022-01604-x)",https://www.nature.com/articles/s41409-022-01604-x,verified-from-source,21 countries reporting autologous CAR-T in 2020; per-country counts not printed; fetched 2026-09-05
EBMT activity survey,Europe by country,2018,CAR-T all,,patients,,APPENDIX 2018 ... (Number of reporting centers: total 1st HCT (total all HCT) N allogeneic 1st HCT / N autologous 1st HCT),"Passweg JR, Baldomero H et al. The EBMT activity survey on hematopoietic-cell transplantation and cellular therapy 2018: CAR-T's come into focus. Bone Marrow Transplant 2020 (doi 10.1038/s41409-020-0826-4)",https://www.nature.com/articles/s41409-020-0826-4,not-found,"Opened the paper and its supplementary appendix (41409_2020_826_MOESM1_ESM.pdf): the 2018 appendix lists HCT numbers per centre and country only, with no CAR-T column, and the paper tables are by indication, not by country. Only the 2024 appendix carries CAR-T per centre/country. Per-country CAR-T rates for 2018 are in Supplementary Table 2 of the 2024 paper (see rate rows); fetched 2026-09-05"
EBMT activity survey,Europe by country,2019,CAR-T all,,patients,,APPENDIX 2019 ... (Number of reporting centers: total 1st HCT (total all HCT) N allogeneic 1st HCT / N autologous 1st HCT),"Passweg JR, Baldomero H et al. Hematopoietic cell transplantation and cellular therapy survey of the EBMT: monitoring of activities and trends over 30 years. Bone Marrow Transplant 2021 (doi 10.1038/s41409-021-01227-8)",https://www.nature.com/articles/s41409-021-01227-8,not-found,"Opened the paper and its supplementary appendix (41409_2021_1227_MOESM1_ESM.pdf): the 2019 appendix lists HCT numbers per centre and country only, with no CAR-T column, and the paper tables are by indication, not by country. Only the 2024 appendix carries CAR-T per centre/country. Per-country CAR-T rates for 2019 are in Supplementary Table 2 of the 2024 paper (see rate rows); fetched 2026-09-05"
EBMT activity survey,Europe by country,2020,CAR-T all,,patients,,APPENDIX 2020 ... (Number of reporting centers: total 1st HCT (total all HCT) N allogeneic 1st HCT / N autologous 1st HCT),"Passweg JR, Baldomero H et al. Impact of the SARS-CoV-2 pandemic on hematopoietic cell transplantation and cellular therapies in Europe 2020: a report from the EBMT activity survey. Bone Marrow Transplant 2022 (doi 10.1038/s41409-022-01604-x)",https://www.nature.com/articles/s41409-022-01604-x,not-found,"Opened the paper and its supplementary appendix (41409_2022_1604_MOESM1_ESM.pdf): the 2020 appendix lists HCT numbers per centre and country only, with no CAR-T column, and the paper tables are by indication, not by country. Only the 2024 appendix carries CAR-T per centre/country. Per-country CAR-T rates for 2020 are in Supplementary Table 2 of the 2024 paper (see rate rows); fetched 2026-09-05"
EBMT activity survey,Europe by country,2021,CAR-T all,,patients,,APPENDIX 2021 ... (Number of reporting centers: total 1st HCT (total all HCT) N allogeneic 1st HCT / N autologous 1st HCT),"Passweg JR, Baldomero H et al. Hematopoietic cell transplantation and cellular therapies in Europe 2021. The second year of the SARS-CoV-2 pandemic. A Report from the EBMT Activity Survey. Bone Marrow Transplant 2023 (doi 10.1038/s41409-023-01943-3; PMC9987384)",https://www.nature.com/articles/s41409-023-01943-3,not-found,"Opened the paper and its supplementary appendix (41409_2023_1943_MOESM1_ESM.pdf): the 2021 appendix lists HCT numbers per centre and country only, with no CAR-T column, and the paper tables are by indication, not by country. Only the 2024 appendix carries CAR-T per centre/country. Per-country CAR-T rates for 2021 are in Supplementary Table 2 of the 2024 paper (see rate rows); fetched 2026-09-05"
EBMT activity survey,Europe by country,2022,CAR-T all,,patients,,APPENDIX 2022 ... (Number of reporting centers: total 1st HCT (total all HCT) N allogeneic 1st HCT / N autologous 1st HCT),"Passweg JR, Baldomero H et al. Hematopoietic cell transplantation and cellular therapies in Europe 2022. CAR-T activity continues to grow; transplant activity has slowed: a report from the EBMT. Bone Marrow Transplant 2024 (doi 10.1038/s41409-024-02248-9; PMC11161408)",https://www.nature.com/articles/s41409-024-02248-9,not-found,"Opened the paper and its supplementary appendix (41409_2024_2248_MOESM4_ESM.pdf): the 2022 appendix lists HCT numbers per centre and country only, with no CAR-T column, and the paper tables are by indication, not by country. Only the 2024 appendix carries CAR-T per centre/country. Per-country CAR-T rates for 2022 are in Supplementary Table 2 of the 2024 paper (see rate rows); fetched 2026-09-05"
EBMT activity survey,Europe by country,2023,CAR-T all,,patients,,APPENDIX 2023 ... (Number of reporting centers: total 1st HCT (total all HCT) N allogeneic 1st HCT / N autologous 1st HCT),"Passweg JR, Baldomero H et al. The 2023 EBMT report on hematopoietic cell transplantation and cellular therapies. Increased use of allogeneic HCT for myeloid malignancies and of CAR-T at the expense of autologous HCT. Bone Marrow Transplant 2025 (doi 10.1038/s41409-025-02524-2; PMC11971038)",https://pmc.ncbi.nlm.nih.gov/articles/PMC11971038/,not-found,"Opened the paper and its supplementary appendix (41409_2025_2524_MOESM2_ESM.pdf): the 2023 appendix lists HCT numbers per centre and country only, with no CAR-T column, and the paper tables are by indication, not by country. Only the 2024 appendix carries CAR-T per centre/country. Per-country CAR-T rates for 2023 are in Supplementary Table 2 of the 2024 paper (see rate rows); fetched 2026-09-05"
DESCAR-T registry (LYSARC),France,2024,CAR-T all,3066,cumulative_patients,,"Here we analyzed the DESCAR-T registry database, encompassing all pediatric and adult patients with hematologic malignancies who received CAR T cell therapy in France since 1 July 2018. Of the 3,066 patients included (2,536 B cell lymphoma, 162 B cell acute lymphoblastic leukemia (ALL) and 368 multiple myeloma), 1,680 (54.8%) received axicabtagene ciloleucel, 205 (6.7%) brexucabtagene autoleucel, 44 (1.4%) lisocabtagene maraleucel and 769 (25.1%) tisagenlecleucel. All multiple myeloma patients received idecabtagene vicleucel, with none receiving ciltacabtagene autoleucel.",Nature Medicine 2025;31:1130-1133. T cell malignancies after CAR T cell therapy in the DESCAR-T registry (doi 10.1038/s41591-024-03458-w) - abstract,https://www.nature.com/articles/s41591-024-03458-w,verified-from-source,Cumulative since 1 July 2018; data cut-off date not retrieved (abstract only fetched; full text paywalled); paper published January 2025 so year is approximate. Counts are patients who received CAR-T (infused); fetched 2026-09-05
DESCAR-T registry (LYSARC),France,2024,Yescarta (axicabtagene ciloleucel),1680,cumulative_patients,,"Here we analyzed the DESCAR-T registry database, encompassing all pediatric and adult patients with hematologic malignancies who received CAR T cell therapy in France since 1 July 2018. Of the 3,066 patients included (2,536 B cell lymphoma, 162 B cell acute lymphoblastic leukemia (ALL) and 368 multiple myeloma), 1,680 (54.8%) received axicabtagene ciloleucel, 205 (6.7%) brexucabtagene autoleucel, 44 (1.4%) lisocabtagene maraleucel and 769 (25.1%) tisagenlecleucel. All multiple myeloma patients received idecabtagene vicleucel, with none receiving ciltacabtagene autoleucel.",Nature Medicine 2025;31:1130-1133. T cell malignancies after CAR T cell therapy in the DESCAR-T registry (doi 10.1038/s41591-024-03458-w) - abstract,https://www.nature.com/articles/s41591-024-03458-w,verified-from-source,Cumulative since 1 July 2018; data cut-off date not retrieved (abstract only fetched; full text paywalled); paper published January 2025 so year is approximate. Counts are patients who received CAR-T (infused); fetched 2026-09-05
DESCAR-T registry (LYSARC),France,2024,Tecartus (brexucabtagene autoleucel),205,cumulative_patients,,"Here we analyzed the DESCAR-T registry database, encompassing all pediatric and adult patients with hematologic malignancies who received CAR T cell therapy in France since 1 July 2018. Of the 3,066 patients included (2,536 B cell lymphoma, 162 B cell acute lymphoblastic leukemia (ALL) and 368 multiple myeloma), 1,680 (54.8%) received axicabtagene ciloleucel, 205 (6.7%) brexucabtagene autoleucel, 44 (1.4%) lisocabtagene maraleucel and 769 (25.1%) tisagenlecleucel. All multiple myeloma patients received idecabtagene vicleucel, with none receiving ciltacabtagene autoleucel.",Nature Medicine 2025;31:1130-1133. T cell malignancies after CAR T cell therapy in the DESCAR-T registry (doi 10.1038/s41591-024-03458-w) - abstract,https://www.nature.com/articles/s41591-024-03458-w,verified-from-source,Cumulative since 1 July 2018; data cut-off date not retrieved (abstract only fetched; full text paywalled); paper published January 2025 so year is approximate. Counts are patients who received CAR-T (infused); fetched 2026-09-05
DESCAR-T registry (LYSARC),France,2024,Breyanzi (lisocabtagene maraleucel),44,cumulative_patients,,"Here we analyzed the DESCAR-T registry database, encompassing all pediatric and adult patients with hematologic malignancies who received CAR T cell therapy in France since 1 July 2018. Of the 3,066 patients included (2,536 B cell lymphoma, 162 B cell acute lymphoblastic leukemia (ALL) and 368 multiple myeloma), 1,680 (54.8%) received axicabtagene ciloleucel, 205 (6.7%) brexucabtagene autoleucel, 44 (1.4%) lisocabtagene maraleucel and 769 (25.1%) tisagenlecleucel. All multiple myeloma patients received idecabtagene vicleucel, with none receiving ciltacabtagene autoleucel.",Nature Medicine 2025;31:1130-1133. T cell malignancies after CAR T cell therapy in the DESCAR-T registry (doi 10.1038/s41591-024-03458-w) - abstract,https://www.nature.com/articles/s41591-024-03458-w,verified-from-source,Cumulative since 1 July 2018; data cut-off date not retrieved (abstract only fetched; full text paywalled); paper published January 2025 so year is approximate. Counts are patients who received CAR-T (infused); fetched 2026-09-05
DESCAR-T registry (LYSARC),France,2024,Kymriah (tisagenlecleucel),769,cumulative_patients,,"Here we analyzed the DESCAR-T registry database, encompassing all pediatric and adult patients with hematologic malignancies who received CAR T cell therapy in France since 1 July 2018. Of the 3,066 patients included (2,536 B cell lymphoma, 162 B cell acute lymphoblastic leukemia (ALL) and 368 multiple myeloma), 1,680 (54.8%) received axicabtagene ciloleucel, 205 (6.7%) brexucabtagene autoleucel, 44 (1.4%) lisocabtagene maraleucel and 769 (25.1%) tisagenlecleucel. All multiple myeloma patients received idecabtagene vicleucel, with none receiving ciltacabtagene autoleucel.",Nature Medicine 2025;31:1130-1133. T cell malignancies after CAR T cell therapy in the DESCAR-T registry (doi 10.1038/s41591-024-03458-w) - abstract,https://www.nature.com/articles/s41591-024-03458-w,verified-from-source,Cumulative since 1 July 2018; data cut-off date not retrieved (abstract only fetched; full text paywalled); paper published January 2025 so year is approximate. Counts are patients who received CAR-T (infused); fetched 2026-09-05
DESCAR-T registry (LYSARC),France,2024,Abecma (idecabtagene vicleucel),368,cumulative_patients,,"Here we analyzed the DESCAR-T registry database, encompassing all pediatric and adult patients with hematologic malignancies who received CAR T cell therapy in France since 1 July 2018. Of the 3,066 patients included (2,536 B cell lymphoma, 162 B cell acute lymphoblastic leukemia (ALL) and 368 multiple myeloma), 1,680 (54.8%) received axicabtagene ciloleucel, 205 (6.7%) brexucabtagene autoleucel, 44 (1.4%) lisocabtagene maraleucel and 769 (25.1%) tisagenlecleucel. All multiple myeloma patients received idecabtagene vicleucel, with none receiving ciltacabtagene autoleucel.",Nature Medicine 2025;31:1130-1133. T cell malignancies after CAR T cell therapy in the DESCAR-T registry (doi 10.1038/s41591-024-03458-w) - abstract,https://www.nature.com/articles/s41591-024-03458-w,verified-from-source,Cumulative since 1 July 2018; data cut-off date not retrieved (abstract only fetched; full text paywalled); paper published January 2025 so year is approximate. Counts are patients who received CAR-T (infused); Abecma = all 368 multiple myeloma patients; fetched 2026-09-05
DESCAR-T registry (LYSARC),France,2024,Carvykti (ciltacabtagene autoleucel),0,cumulative_patients,,"Here we analyzed the DESCAR-T registry database, encompassing all pediatric and adult patients with hematologic malignancies who received CAR T cell therapy in France since 1 July 2018. Of the 3,066 patients included (2,536 B cell lymphoma, 162 B cell acute lymphoblastic leukemia (ALL) and 368 multiple myeloma), 1,680 (54.8%) received axicabtagene ciloleucel, 205 (6.7%) brexucabtagene autoleucel, 44 (1.4%) lisocabtagene maraleucel and 769 (25.1%) tisagenlecleucel. All multiple myeloma patients received idecabtagene vicleucel, with none receiving ciltacabtagene autoleucel.",Nature Medicine 2025;31:1130-1133. T cell malignancies after CAR T cell therapy in the DESCAR-T registry (doi 10.1038/s41591-024-03458-w) - abstract,https://www.nature.com/articles/s41591-024-03458-w,verified-from-source,Cumulative since 1 July 2018; data cut-off date not retrieved (abstract only fetched; full text paywalled); paper published January 2025 so year is approximate. Counts are patients who received CAR-T (infused); fetched 2026-09-05
DESCAR-T registry (LYSARC),France,2024,B-cell lymphoma,2536,cumulative_patients,,"Here we analyzed the DESCAR-T registry database, encompassing all pediatric and adult patients with hematologic malignancies who received CAR T cell therapy in France since 1 July 2018. Of the 3,066 patients included (2,536 B cell lymphoma, 162 B cell acute lymphoblastic leukemia (ALL) and 368 multiple myeloma), 1,680 (54.8%) received axicabtagene ciloleucel, 205 (6.7%) brexucabtagene autoleucel, 44 (1.4%) lisocabtagene maraleucel and 769 (25.1%) tisagenlecleucel. All multiple myeloma patients received idecabtagene vicleucel, with none receiving ciltacabtagene autoleucel.",Nature Medicine 2025;31:1130-1133. T cell malignancies after CAR T cell therapy in the DESCAR-T registry (doi 10.1038/s41591-024-03458-w) - abstract,https://www.nature.com/articles/s41591-024-03458-w,verified-from-source,Cumulative since 1 July 2018; data cut-off date not retrieved (abstract only fetched; full text paywalled); paper published January 2025 so year is approximate. Counts are patients who received CAR-T (infused); fetched 2026-09-05
DESCAR-T registry (LYSARC),France,2024,B-cell ALL,162,cumulative_patients,,"Here we analyzed the DESCAR-T registry database, encompassing all pediatric and adult patients with hematologic malignancies who received CAR T cell therapy in France since 1 July 2018. Of the 3,066 patients included (2,536 B cell lymphoma, 162 B cell acute lymphoblastic leukemia (ALL) and 368 multiple myeloma), 1,680 (54.8%) received axicabtagene ciloleucel, 205 (6.7%) brexucabtagene autoleucel, 44 (1.4%) lisocabtagene maraleucel and 769 (25.1%) tisagenlecleucel. All multiple myeloma patients received idecabtagene vicleucel, with none receiving ciltacabtagene autoleucel.",Nature Medicine 2025;31:1130-1133. T cell malignancies after CAR T cell therapy in the DESCAR-T registry (doi 10.1038/s41591-024-03458-w) - abstract,https://www.nature.com/articles/s41591-024-03458-w,verified-from-source,Cumulative since 1 July 2018; data cut-off date not retrieved (abstract only fetched; full text paywalled); paper published January 2025 so year is approximate. Counts are patients who received CAR-T (infused); fetched 2026-09-05
DESCAR-T registry (LYSARC),France,2024,Multiple myeloma,368,cumulative_patients,,"Here we analyzed the DESCAR-T registry database, encompassing all pediatric and adult patients with hematologic malignancies who received CAR T cell therapy in France since 1 July 2018. Of the 3,066 patients included (2,536 B cell lymphoma, 162 B cell acute lymphoblastic leukemia (ALL) and 368 multiple myeloma), 1,680 (54.8%) received axicabtagene ciloleucel, 205 (6.7%) brexucabtagene autoleucel, 44 (1.4%) lisocabtagene maraleucel and 769 (25.1%) tisagenlecleucel. All multiple myeloma patients received idecabtagene vicleucel, with none receiving ciltacabtagene autoleucel.",Nature Medicine 2025;31:1130-1133. T cell malignancies after CAR T cell therapy in the DESCAR-T registry (doi 10.1038/s41591-024-03458-w) - abstract,https://www.nature.com/articles/s41591-024-03458-w,verified-from-source,Cumulative since 1 July 2018; data cut-off date not retrieved (abstract only fetched; full text paywalled); paper published January 2025 so year is approximate. Counts are patients who received CAR-T (infused); fetched 2026-09-05
DESCAR-T registry (LYSARC),France,2025,CAR-T all,5000,cumulative_patients,,"Le registre DESCAR-T, consacré au suivi des patients traités par thérapie CAR-T pour des hémopathies malignes (lymphomes, myélomes et leucémies aiguës lymphoblastiques) vient d'inclure son 5 000e patient.","Onko+ news item, 4 February 2025: Hématologie - Un 5 000e patient inclus dans le registre DESCAR-T",https://onko.fr/hematologie-un-5-000e-patient-inclus-dans-le-registre-descar-t/,verified-from-source,"Secondary press item (not a LYSARC document); milestone of 5,000 inclusions reached by early February 2025; inclusions include patients registered at CAR-T order, not only infused; fetched 2026-09-05"
DESCAR-T registry (LYSARC),France,2022,CD19 CAR-T for LBCL (axi-cel + tisa-cel),957,cumulative_patients,,"Between July 2018 and April 2022, 957 consecutive patients treated in 27 centers and registered in the DESCAR-T registry received either axi-cel (n = 598; 62%) or tisacel (n = 359; 38%).","Lemoine J, Bachy E, Cartron G et al. Nonrelapse mortality after CAR T-cell therapy for large B-cell lymphoma: a LYSA study from the DESCAR-T registry. Blood Adv 2023;7(21):6589-6598 (PMC10641092)",https://www.ebi.ac.uk/europepmc/webservices/rest/PMC10641092/fullTextXML,verified-from-source,Infused LBCL patients July 2018 to April 2022 (data cut-off 05/02/2022 per paper); standard-of-care only; fetched 2026-09-05
DESCAR-T registry (LYSARC),France,2022,"Yescarta (axicabtagene ciloleucel), LBCL",598,cumulative_patients,,"Between July 2018 and April 2022, 957 consecutive patients treated in 27 centers and registered in the DESCAR-T registry received either axi-cel (n = 598; 62%) or tisacel (n = 359; 38%).","Lemoine J, Bachy E, Cartron G et al. Nonrelapse mortality after CAR T-cell therapy for large B-cell lymphoma: a LYSA study from the DESCAR-T registry. Blood Adv 2023;7(21):6589-6598 (PMC10641092)",https://www.ebi.ac.uk/europepmc/webservices/rest/PMC10641092/fullTextXML,verified-from-source,Infused LBCL patients July 2018 to April 2022; fetched 2026-09-05
DESCAR-T registry (LYSARC),France,2022,"Kymriah (tisagenlecleucel), LBCL",359,cumulative_patients,,"Between July 2018 and April 2022, 957 consecutive patients treated in 27 centers and registered in the DESCAR-T registry received either axi-cel (n = 598; 62%) or tisacel (n = 359; 38%).","Lemoine J, Bachy E, Cartron G et al. Nonrelapse mortality after CAR T-cell therapy for large B-cell lymphoma: a LYSA study from the DESCAR-T registry. Blood Adv 2023;7(21):6589-6598 (PMC10641092)",https://www.ebi.ac.uk/europepmc/webservices/rest/PMC10641092/fullTextXML,verified-from-source,Infused LBCL patients July 2018 to April 2022; fetched 2026-09-05
DESCAR-T registry (LYSARC),France,2022,CAR-T all,27,centres_treating,,"Between July 2018 and April 2022, 957 consecutive patients treated in 27 centers and registered in the DESCAR-T registry received either axi-cel (n = 598; 62%) or tisacel (n = 359; 38%).","Lemoine J, Bachy E, Cartron G et al. Nonrelapse mortality after CAR T-cell therapy for large B-cell lymphoma: a LYSA study from the DESCAR-T registry. Blood Adv 2023;7(21):6589-6598 (PMC10641092)",https://www.ebi.ac.uk/europepmc/webservices/rest/PMC10641092/fullTextXML,verified-from-source,27 French centres treating LBCL with commercial CD19 CAR-T between July 2018 and April 2022; fetched 2026-09-05
DESCAR-T registry (LYSARC),France,2021,"CD19 CAR-T for R/R DLBCL (axi-cel + tisa-cel), ordered",809,cumulative_patients,,"Between December 2019 and October 2021, 809 patients from 23 French centers with R/R DLBCL after at least two lines of previous therapy had a commercial CAR T order for axi-cel or tisa-cel and were registered in DESCAR-T",Bachy E et al. A real-world comparison of tisagenlecleucel and axicabtagene ciloleucel CAR T cells in relapsed or refractory diffuse large B cell lymphoma. Nat Med 2022 (doi 10.1038/s41591-022-01969-y; PMC9556323),https://www.ebi.ac.uk/europepmc/webservices/rest/PMC9556323/fullTextXML,verified-from-source,"Patients with a commercial CAR-T order December 2019 to October 2021 (intention to treat); ""of 729 patients infused with a CAR T product"" - i.e. 729 infused; 23 centres; fetched 2026-09-05"
DESCAR-T registry (LYSARC),France,2021,"CD19 CAR-T for R/R DLBCL (axi-cel + tisa-cel), infused",729,cumulative_patients,,"For PSM, of 729 patients infused with a CAR T product, 34 patients with PMBCL (for which tisa-cel is not approved) and 23 patients with more than 25% of missing data for matching variables were removed before matching",Bachy E et al. A real-world comparison of tisagenlecleucel and axicabtagene ciloleucel CAR T cells in relapsed or refractory diffuse large B cell lymphoma. Nat Med 2022 (doi 10.1038/s41591-022-01969-y; PMC9556323),https://www.ebi.ac.uk/europepmc/webservices/rest/PMC9556323/fullTextXML,verified-from-source,"Infused subset of the 809 ordered, December 2019 to October 2021; fetched 2026-09-05"
DESCAR-T registry (LYSARC),France,2023,"Tecartus (brexucabtagene autoleucel), MCL, registered",181,cumulative_patients,,A total of 181 patients from 24 French centers were registered,"Herbaux C, Bret C, Bachy E et al. Brexucabtagene autoleucel in relapsed or refractory mantle cell lymphoma, intention-to-treat use in the DESCAR-T registry. Haematologica 2024;109(11):3745-3750 (PMC11532701)",https://www.ebi.ac.uk/europepmc/webservices/rest/PMC11532701/fullTextXML,verified-from-source,"MCL patients registered for brexu-cel in DESCAR-T (24 centres); ITT set 178 after excluding 3 with ongoing manufacture; treated set 152, untreated 26. Data window not quoted in the extracted text; paper published 2024; fetched 2026-09-05"
DESCAR-T registry (LYSARC),France,2023,"Tecartus (brexucabtagene autoleucel), MCL, infused",152,cumulative_patients,,"the ""treated set"" and the ""untreated set"" included 152 and 26 patients respectively","Herbaux C, Bret C, Bachy E et al. Brexucabtagene autoleucel in relapsed or refractory mantle cell lymphoma, intention-to-treat use in the DESCAR-T registry. Haematologica 2024;109(11):3745-3750 (PMC11532701)",https://www.ebi.ac.uk/europepmc/webservices/rest/PMC11532701/fullTextXML,verified-from-source,See registered row; fetched 2026-09-05
DESCAR-T registry (LYSARC),France,2024,"Tecartus (brexucabtagene autoleucel), MCL, enrolled",217,cumulative_patients,,"Between 2019 and 2024, 217 patients diagnosed with R/R MCL and in intent to treatment with brexu-cel were enrolled in the DESCAR-T registry.",Blood Adv 2026: Outcome of patients with mantle cell lymphoma after failure of anti-CD19 CAR T-cell therapy: a DESCAR-T study (doi 10.1182/bloodadvances.2025017234; PMC12804153),https://www.ebi.ac.uk/europepmc/webservices/rest/PMC12804153/fullTextXML,verified-from-source,"""In the DESCAR-T registry, 178 patients with R/R MCL received brexu-cel"" (infused, 2019-2024); fetched 2026-09-05"
DESCAR-T registry (LYSARC),France,2024,"Tecartus (brexucabtagene autoleucel), MCL, infused",178,cumulative_patients,,"In the DESCAR-T registry, 178 patients with R/R MCL received brexu-cel.",Blood Adv 2026: Outcome of patients with mantle cell lymphoma after failure of anti-CD19 CAR T-cell therapy: a DESCAR-T study (doi 10.1182/bloodadvances.2025017234; PMC12804153),https://www.ebi.ac.uk/europepmc/webservices/rest/PMC12804153/fullTextXML,verified-from-source,2019-2024; fetched 2026-09-05
Agence de la biomedecine (ABM) CSH activity report,France,2024,CAR-T all (leukapheresis for CAR-T manufacture),1810,leukapheresis_procedures,,Nombre de patients prélevés / Nombre de prélèvements: Adultes 1736 1763; Enfants 42 47; Total 1778 1810,"Agence de la biomédecine. Rapport médical et scientifique - Prélèvement et greffe de CSH et RFGM 2024 (PDF), Tableau CSH P4. Activité de prélèvement de lymphocytes autologues pour transformation ultérieure en CarT Cells, en 2024",https://rams-back.agence-biomedecine.fr/uploads/2024-csh_1-14-2026_4-31-50%20PM.pdf,verified-from-source,"Autologous lymphocyte collections for later CAR-T manufacture, declared by French apheresis centres in 2024; not infusions (includes manufacturing failures and patients not infused); adults 1763, children 47. ABM report does not count CAR-T injections; fetched 2026-09-05"
Agence de la biomedecine (ABM) CSH activity report,France,2024,CAR-T all (patients leukapheresed for CAR-T),1778,patients_leukapheresed,,Nombre de patients prélevés / Nombre de prélèvements: Adultes 1736 1763; Enfants 42 47; Total 1778 1810,"Agence de la biomédecine. Rapport médical et scientifique - Prélèvement et greffe de CSH et RFGM 2024 (PDF), Tableau CSH P4. Activité de prélèvement de lymphocytes autologues pour transformation ultérieure en CarT Cells, en 2024",https://rams-back.agence-biomedecine.fr/uploads/2024-csh_1-14-2026_4-31-50%20PM.pdf,verified-from-source,"Adults 1736, children 42; see procedures row; fetched 2026-09-05"
Agence de la biomedecine (ABM) CSH activity report,France,2023,CAR-T all (leukapheresis for CAR-T manufacture),1477,leukapheresis_procedures,,"En 2024, une nouvelle augmentation significative du nombre de prélèvements de lymphocytes destinés à la transformation en cellules CAR-T est observée (1 810 prélèvements en 2024 contre 1 477 en 2023, soit une augmentation de 23%). Cette tendance est maintenue en continu depuis 2020, avec 596 prélèvements cette année-là.","Agence de la biomédecine. Rapport médical et scientifique - Prélèvement et greffe de CSH et RFGM 2024 (PDF), Tableau CSH P4. Activité de prélèvement de lymphocytes autologues pour transformation ultérieure en CarT Cells, en 2024",https://rams-back.agence-biomedecine.fr/uploads/2024-csh_1-14-2026_4-31-50%20PM.pdf,verified-from-source,"From the 2024 report narrative; leukapheresis procedures, not infusions; fetched 2026-09-05"
Agence de la biomedecine (ABM) CSH activity report,France,2020,CAR-T all (leukapheresis for CAR-T manufacture),596,leukapheresis_procedures,,"En 2024, une nouvelle augmentation significative du nombre de prélèvements de lymphocytes destinés à la transformation en cellules CAR-T est observée (1 810 prélèvements en 2024 contre 1 477 en 2023, soit une augmentation de 23%). Cette tendance est maintenue en continu depuis 2020, avec 596 prélèvements cette année-là.","Agence de la biomédecine. Rapport médical et scientifique - Prélèvement et greffe de CSH et RFGM 2024 (PDF), Tableau CSH P4. Activité de prélèvement de lymphocytes autologues pour transformation ultérieure en CarT Cells, en 2024",https://rams-back.agence-biomedecine.fr/uploads/2024-csh_1-14-2026_4-31-50%20PM.pdf,verified-from-source,"From the 2024 report narrative; leukapheresis procedures, not infusions; 2021 and 2022 values are in the earlier ABM reports whose pages are JavaScript-rendered and returned no text to curl; fetched 2026-09-05"
DGOS / ministerial arrete (as reported by Oncocentre),France,2021,CAR-T all,35,centres_qualified,,"35 centres français qualifiés (septembre 2021) o 28 centres activés (27 centres actifs, 1 centre inactif) o 7 centres activés avant fin 2021","Oncocentre (Centre-Val de Loire) slides, 2 Dec 2021: Panorama des CAR-T cells en France - aspects cliniques (C. Dreuillet, E. Courcault)",https://oncocentre.org/wp-content/uploads/2_CART_Onconcentre_dec2021_CDreuillet_ECourcault.pdf,verified-from-source,"Qualified under the arrêtés of 28 March 2019 and 19 May 2021 (valid to 31 Dec 2023); 28 activated (27 active) as of September 2021; regional-network slide deck, secondary to the ministerial list; fetched 2026-09-05"
DGOS / ministerial arrete (as reported by Oncocentre),France,2021,CAR-T all,28,centres_active,,"35 centres français qualifiés (septembre 2021) o 28 centres activés (27 centres actifs, 1 centre inactif)","Oncocentre (Centre-Val de Loire) slides, 2 Dec 2021: Panorama des CAR-T cells en France - aspects cliniques (C. Dreuillet, E. Courcault)",https://oncocentre.org/wp-content/uploads/2_CART_Onconcentre_dec2021_CDreuillet_ECourcault.pdf,verified-from-source,See qualified row; fetched 2026-09-05
LYSARC (DESCAR-T site),France,2026,CAR-T all,39,centres_qualified,,"Les établissements de santé proposant les traitements par CAR-T font l'objet d'une qualification. Actuellement, on peut dénombrer environ 39 centres agréés à travers la France.","LYSA / Experts Recherche Lymphome (LYSARC) website: DESCAR-T - Les CAR-T, qu'est-ce que c'est ? (page with lists ""Les centres qualifiés CAR-T pour le traitement des adultes"" and ""Les centres qualifiés CAR-T pédiatriques"")",https://experts-recherche-lymphome.org/lysa/parcourir-les-etudes-cliniques-en-cours/descar-t/les-car-t-quest-ce-que-cest/,verified-from-source,"Page undated (fetched 2026-09-05); ""environ 39""; the page lists 33 numbered adult qualified centres and 10 numbered paediatric qualified centres (several sites appear in both lists); fetched 2026-09-05"
LYSARC (DESCAR-T site),France,2026,CAR-T all (adult centres),33,centres_qualified,,Les centres qualifiés CAR-T pour le traitement des adultes ... 1. Hôpital Henri Mondor Créteil APHP ... 33. CHU de la Cavale Blanche - BREST,"LYSA / Experts Recherche Lymphome (LYSARC) website: DESCAR-T - Les CAR-T, qu'est-ce que c'est ? (page with lists ""Les centres qualifiés CAR-T pour le traitement des adultes"" and ""Les centres qualifiés CAR-T pédiatriques"")",https://experts-recherche-lymphome.org/lysa/parcourir-les-etudes-cliniques-en-cours/descar-t/les-car-t-quest-ce-que-cest/,verified-from-source,"Count of numbered entries in the adult list on the page (derived count of list items, last item numbered 33); fetched 2026-09-05"
LYSARC (DESCAR-T site),France,2026,CAR-T all (paediatric centres),10,centres_qualified,,Les centres qualifiés CAR-T pédiatriques ... 1. Hôpital Saint-Louis Paris APHP 2. CHU Poitiers 3. CHU Montpellier 4. CHU Nantes 5. Hôpital de la Timone 6. Hôpital Universitaire Robert Debré (Pédiatrie) 7. CHU Nancy 8. CHU de Pellegrin Bordeaux 9. IHOPe Lyon 10. SIHOP Rouen,"LYSA / Experts Recherche Lymphome (LYSARC) website: DESCAR-T - Les CAR-T, qu'est-ce que c'est ? (page with lists ""Les centres qualifiés CAR-T pour le traitement des adultes"" and ""Les centres qualifiés CAR-T pédiatriques"")",https://experts-recherche-lymphome.org/lysa/parcourir-les-etudes-cliniques-en-cours/descar-t/les-car-t-quest-ce-que-cest/,verified-from-source,Count of numbered entries in the paediatric list (derived count of list items); fetched 2026-09-05
Ministere de la Sante (arrete),France,2024,CAR-T all,,centres_qualified,,L'administration des CAR-T Cells ne peut être réalisée que dans les établissements de santé répondant à l'ensemble des critères suivants,"Arrêté du 28 juin 2024 limitant l'utilisation de médicaments de thérapie innovante à base de lymphocytes T génétiquement modifiés dits CAR-T Cells autologues à certains établissements de santé (JORF n°0152, 29 June 2024; in force 1 Oct 2024 to 31 Jan 2029)",https://www.legifrance.gouv.fr/jorf/id/JORFTEXT000049832322,not-found,"Arrêté sets criteria only; no annex listing establishments (regional health agencies determine compliance, Article 4), so no official count of qualified centres is printed. Légifrance blocked curl (Cloudflare); content read via WebFetch; fetched 2026-09-05"
DESCAR-T registry (LYSARC),France,2023,CAR-T all,,patients,,,DESCAR-T registry (LYSARC) - per-year infusion counts,https://experts-recherche-lymphome.org/lysa/parcourir-les-etudes-cliniques-en-cours/descar-t/,not-found,"No DESCAR-T publication or LYSARC page found that prints annual (per calendar year) CAR-T infusions in France; publications give cumulative counts by product with study windows (see other DESCAR-T rows). Nearest annual proxies: ABM leukapheresis counts (2020: 596, 2023: 1477, 2024: 1810) and EBMT appendix 2024 (France 1093 first CAR-T); fetched 2026-09-05"
Spanish Ministry of Health CAR-T expert-group requests (Plan de Terapias Avanzadas),Spain,2025,CAR-T all (adult centres),29,centres_designated,,"Como resultado de las designaciones vigentes tras las actuaciones realizadas en 2025, el Sistema Nacional de Salud cuenta actualmente con 29 centros designados para la administración de medicamentos CAR-T en población adulta y 11 centros en población pediátrica.",Ministerio de Sanidad. Informe anual final de seguimiento del Plan de Terapias Avanzadas en el SNS 2025 (INFORME_ANUAL_FINAL_TA_2025.pdf),https://www.sanidad.gob.es/areas/farmacia/infoMedicamentos/terapiasAvanzadas/docs/INFORME_ANUAL_FINAL_TA_2025.pdf,verified-from-source,"Designated (not necessarily all qualified/contracted) centres as of the 2025 report; four adult centres added in 2025 (Santiago, Vigo, Navarra, Miguel Servet) and La Fe for paediatric ALL; fetched 2026-09-05"
Spanish Ministry of Health CAR-T expert-group requests (Plan de Terapias Avanzadas),Spain,2025,CAR-T all (paediatric centres),11,centres_designated,,... 29 centros designados para la administración de medicamentos CAR-T en población adulta y 11 centros en población pediátrica.,Ministerio de Sanidad. Informe anual final de seguimiento del Plan de Terapias Avanzadas en el SNS 2025 (INFORME_ANUAL_FINAL_TA_2025.pdf),https://www.sanidad.gob.es/areas/farmacia/infoMedicamentos/terapiasAvanzadas/docs/INFORME_ANUAL_FINAL_TA_2025.pdf,verified-from-source,fetched 2026-09-05
Spanish Ministry of Health CAR-T expert-group requests (Plan de Terapias Avanzadas),Spain,2019,"CAR-T all (adult centres, LBDCG)",8,centres_designated,,El 25 de abril de 2019 se emitió la resolución de designación de 8 centros para el uso de medicamentos CAR-T en LBDCG,"Ministerio de Sanidad. Informe de seguimiento del Plan de abordaje de las Terapias Avanzadas en el SNS, 1 December 2020 (20201201.Informe_MS_seguimiento_Plan_terapias_avanzadas_SNS.pdf)",https://www.sanidad.gob.es/areas/farmacia/infoMedicamentos/terapiasAvanzadas/docs/20201201.Informe_MS_seguimiento_Plan_terapias_avanzadas_SNS.pdf,verified-from-source,"Initial designation 25 April 2019; ""En el caso de LLA en mayores de 18 años también se propusieron 8 centros""; plus two additional centres for overflow; fetched 2026-09-05"
Spanish Ministry of Health CAR-T expert-group requests (Plan de Terapias Avanzadas),Spain,2019,"CAR-T all (paediatric centres, ALL <18)",3,centres_designated,,"Para LLA en menores de 18 años se designaron 3 centros, 2 centros estaban cualificados y 1 no.","Ministerio de Sanidad. Informe de seguimiento del Plan de abordaje de las Terapias Avanzadas en el SNS, 1 December 2020 (20201201.Informe_MS_seguimiento_Plan_terapias_avanzadas_SNS.pdf)",https://www.sanidad.gob.es/areas/farmacia/infoMedicamentos/terapiasAvanzadas/docs/20201201.Informe_MS_seguimiento_Plan_terapias_avanzadas_SNS.pdf,verified-from-source,Initial designation 25 April 2019; fetched 2026-09-05
Spanish Ministry of Health CAR-T expert-group requests (Plan de Terapias Avanzadas),Spain,2025,"Kymriah (tisagenlecleucel), LBDCG",204,cumulative_requests,,"Tabla 4. CAR-T solicitados por patología (columns Kymriah, Yescarta, Kymriah / Yescarta, Tecartus, Abecma, Carvykti, ARI-0001, ARI-0002h, TOTAL): LBDCG 204 890 721 19 1.834; LLA-B 254 136 390; MM 62 95 3 160; LCM 90 90; LBPM 86 3 89; LBAG 53 53; LF 52 52; OTRAS 3 7 64 74; TOTAL 458 1.084 728 90 62 95 222 3 2.742",Ministerio de Sanidad. Informe anual final de seguimiento del Plan de Terapias Avanzadas en el SNS 2025 (INFORME_ANUAL_FINAL_TA_2025.pdf),https://www.sanidad.gob.es/areas/farmacia/infoMedicamentos/terapiasAvanzadas/docs/INFORME_ANUAL_FINAL_TA_2025.pdf,verified-from-source,"Cumulative requests (solicitudes) to the SNS expert group from March 2019 to June 2025, not infusions; the PDF text flattens empty cells, so the product column of each cell was assigned by reconciling row and column totals (all totals reconcile exactly); fetched 2026-09-05"
Spanish Ministry of Health CAR-T expert-group requests (Plan de Terapias Avanzadas),Spain,2025,"Yescarta (axicabtagene ciloleucel), LBDCG",890,cumulative_requests,,"Tabla 4. CAR-T solicitados por patología (columns Kymriah, Yescarta, Kymriah / Yescarta, Tecartus, Abecma, Carvykti, ARI-0001, ARI-0002h, TOTAL): LBDCG 204 890 721 19 1.834; LLA-B 254 136 390; MM 62 95 3 160; LCM 90 90; LBPM 86 3 89; LBAG 53 53; LF 52 52; OTRAS 3 7 64 74; TOTAL 458 1.084 728 90 62 95 222 3 2.742",Ministerio de Sanidad. Informe anual final de seguimiento del Plan de Terapias Avanzadas en el SNS 2025 (INFORME_ANUAL_FINAL_TA_2025.pdf),https://www.sanidad.gob.es/areas/farmacia/infoMedicamentos/terapiasAvanzadas/docs/INFORME_ANUAL_FINAL_TA_2025.pdf,verified-from-source,"Cumulative requests (solicitudes) to the SNS expert group from March 2019 to June 2025, not infusions; the PDF text flattens empty cells, so the product column of each cell was assigned by reconciling row and column totals (all totals reconcile exactly); fetched 2026-09-05"
Spanish Ministry of Health CAR-T expert-group requests (Plan de Terapias Avanzadas),Spain,2025,"Kymriah/Yescarta (either), LBDCG",721,cumulative_requests,,"Tabla 4. CAR-T solicitados por patología (columns Kymriah, Yescarta, Kymriah / Yescarta, Tecartus, Abecma, Carvykti, ARI-0001, ARI-0002h, TOTAL): LBDCG 204 890 721 19 1.834; LLA-B 254 136 390; MM 62 95 3 160; LCM 90 90; LBPM 86 3 89; LBAG 53 53; LF 52 52; OTRAS 3 7 64 74; TOTAL 458 1.084 728 90 62 95 222 3 2.742",Ministerio de Sanidad. Informe anual final de seguimiento del Plan de Terapias Avanzadas en el SNS 2025 (INFORME_ANUAL_FINAL_TA_2025.pdf),https://www.sanidad.gob.es/areas/farmacia/infoMedicamentos/terapiasAvanzadas/docs/INFORME_ANUAL_FINAL_TA_2025.pdf,verified-from-source,"Cumulative requests (solicitudes) to the SNS expert group from March 2019 to June 2025, not infusions; the PDF text flattens empty cells, so the product column of each cell was assigned by reconciling row and column totals (all totals reconcile exactly); fetched 2026-09-05"
Spanish Ministry of Health CAR-T expert-group requests (Plan de Terapias Avanzadas),Spain,2025,"ARI-0001 (academic), LBDCG",19,cumulative_requests,,"Tabla 4. CAR-T solicitados por patología (columns Kymriah, Yescarta, Kymriah / Yescarta, Tecartus, Abecma, Carvykti, ARI-0001, ARI-0002h, TOTAL): LBDCG 204 890 721 19 1.834; LLA-B 254 136 390; MM 62 95 3 160; LCM 90 90; LBPM 86 3 89; LBAG 53 53; LF 52 52; OTRAS 3 7 64 74; TOTAL 458 1.084 728 90 62 95 222 3 2.742",Ministerio de Sanidad. Informe anual final de seguimiento del Plan de Terapias Avanzadas en el SNS 2025 (INFORME_ANUAL_FINAL_TA_2025.pdf),https://www.sanidad.gob.es/areas/farmacia/infoMedicamentos/terapiasAvanzadas/docs/INFORME_ANUAL_FINAL_TA_2025.pdf,verified-from-source,"Cumulative requests (solicitudes) to the SNS expert group from March 2019 to June 2025, not infusions; the PDF text flattens empty cells, so the product column of each cell was assigned by reconciling row and column totals (all totals reconcile exactly); fetched 2026-09-05"
Spanish Ministry of Health CAR-T expert-group requests (Plan de Terapias Avanzadas),Spain,2025,"Kymriah (tisagenlecleucel), LLA-B",254,cumulative_requests,,"Tabla 4. CAR-T solicitados por patología (columns Kymriah, Yescarta, Kymriah / Yescarta, Tecartus, Abecma, Carvykti, ARI-0001, ARI-0002h, TOTAL): LBDCG 204 890 721 19 1.834; LLA-B 254 136 390; MM 62 95 3 160; LCM 90 90; LBPM 86 3 89; LBAG 53 53; LF 52 52; OTRAS 3 7 64 74; TOTAL 458 1.084 728 90 62 95 222 3 2.742",Ministerio de Sanidad. Informe anual final de seguimiento del Plan de Terapias Avanzadas en el SNS 2025 (INFORME_ANUAL_FINAL_TA_2025.pdf),https://www.sanidad.gob.es/areas/farmacia/infoMedicamentos/terapiasAvanzadas/docs/INFORME_ANUAL_FINAL_TA_2025.pdf,verified-from-source,"Cumulative requests (solicitudes) to the SNS expert group from March 2019 to June 2025, not infusions; the PDF text flattens empty cells, so the product column of each cell was assigned by reconciling row and column totals (all totals reconcile exactly); fetched 2026-09-05"
Spanish Ministry of Health CAR-T expert-group requests (Plan de Terapias Avanzadas),Spain,2025,"ARI-0001 (academic), LLA-B",136,cumulative_requests,,"Tabla 4. CAR-T solicitados por patología (columns Kymriah, Yescarta, Kymriah / Yescarta, Tecartus, Abecma, Carvykti, ARI-0001, ARI-0002h, TOTAL): LBDCG 204 890 721 19 1.834; LLA-B 254 136 390; MM 62 95 3 160; LCM 90 90; LBPM 86 3 89; LBAG 53 53; LF 52 52; OTRAS 3 7 64 74; TOTAL 458 1.084 728 90 62 95 222 3 2.742",Ministerio de Sanidad. Informe anual final de seguimiento del Plan de Terapias Avanzadas en el SNS 2025 (INFORME_ANUAL_FINAL_TA_2025.pdf),https://www.sanidad.gob.es/areas/farmacia/infoMedicamentos/terapiasAvanzadas/docs/INFORME_ANUAL_FINAL_TA_2025.pdf,verified-from-source,"Cumulative requests (solicitudes) to the SNS expert group from March 2019 to June 2025, not infusions; the PDF text flattens empty cells, so the product column of each cell was assigned by reconciling row and column totals (all totals reconcile exactly); fetched 2026-09-05"
Spanish Ministry of Health CAR-T expert-group requests (Plan de Terapias Avanzadas),Spain,2025,"Abecma (idecabtagene vicleucel), MM",62,cumulative_requests,,"Tabla 4. CAR-T solicitados por patología (columns Kymriah, Yescarta, Kymriah / Yescarta, Tecartus, Abecma, Carvykti, ARI-0001, ARI-0002h, TOTAL): LBDCG 204 890 721 19 1.834; LLA-B 254 136 390; MM 62 95 3 160; LCM 90 90; LBPM 86 3 89; LBAG 53 53; LF 52 52; OTRAS 3 7 64 74; TOTAL 458 1.084 728 90 62 95 222 3 2.742",Ministerio de Sanidad. Informe anual final de seguimiento del Plan de Terapias Avanzadas en el SNS 2025 (INFORME_ANUAL_FINAL_TA_2025.pdf),https://www.sanidad.gob.es/areas/farmacia/infoMedicamentos/terapiasAvanzadas/docs/INFORME_ANUAL_FINAL_TA_2025.pdf,verified-from-source,"Cumulative requests (solicitudes) to the SNS expert group from March 2019 to June 2025, not infusions; the PDF text flattens empty cells, so the product column of each cell was assigned by reconciling row and column totals (all totals reconcile exactly); fetched 2026-09-05"
Spanish Ministry of Health CAR-T expert-group requests (Plan de Terapias Avanzadas),Spain,2025,"Carvykti (ciltacabtagene autoleucel), MM",95,cumulative_requests,,"Tabla 4. CAR-T solicitados por patología (columns Kymriah, Yescarta, Kymriah / Yescarta, Tecartus, Abecma, Carvykti, ARI-0001, ARI-0002h, TOTAL): LBDCG 204 890 721 19 1.834; LLA-B 254 136 390; MM 62 95 3 160; LCM 90 90; LBPM 86 3 89; LBAG 53 53; LF 52 52; OTRAS 3 7 64 74; TOTAL 458 1.084 728 90 62 95 222 3 2.742",Ministerio de Sanidad. Informe anual final de seguimiento del Plan de Terapias Avanzadas en el SNS 2025 (INFORME_ANUAL_FINAL_TA_2025.pdf),https://www.sanidad.gob.es/areas/farmacia/infoMedicamentos/terapiasAvanzadas/docs/INFORME_ANUAL_FINAL_TA_2025.pdf,verified-from-source,"Cumulative requests (solicitudes) to the SNS expert group from March 2019 to June 2025, not infusions; the PDF text flattens empty cells, so the product column of each cell was assigned by reconciling row and column totals (all totals reconcile exactly); fetched 2026-09-05"
Spanish Ministry of Health CAR-T expert-group requests (Plan de Terapias Avanzadas),Spain,2025,"ARI-0002h (academic), MM",3,cumulative_requests,,"Tabla 4. CAR-T solicitados por patología (columns Kymriah, Yescarta, Kymriah / Yescarta, Tecartus, Abecma, Carvykti, ARI-0001, ARI-0002h, TOTAL): LBDCG 204 890 721 19 1.834; LLA-B 254 136 390; MM 62 95 3 160; LCM 90 90; LBPM 86 3 89; LBAG 53 53; LF 52 52; OTRAS 3 7 64 74; TOTAL 458 1.084 728 90 62 95 222 3 2.742",Ministerio de Sanidad. Informe anual final de seguimiento del Plan de Terapias Avanzadas en el SNS 2025 (INFORME_ANUAL_FINAL_TA_2025.pdf),https://www.sanidad.gob.es/areas/farmacia/infoMedicamentos/terapiasAvanzadas/docs/INFORME_ANUAL_FINAL_TA_2025.pdf,verified-from-source,"Cumulative requests (solicitudes) to the SNS expert group from March 2019 to June 2025, not infusions; the PDF text flattens empty cells, so the product column of each cell was assigned by reconciling row and column totals (all totals reconcile exactly); fetched 2026-09-05"
Spanish Ministry of Health CAR-T expert-group requests (Plan de Terapias Avanzadas),Spain,2025,"Tecartus (brexucabtagene autoleucel), LCM",90,cumulative_requests,,"Tabla 4. CAR-T solicitados por patología (columns Kymriah, Yescarta, Kymriah / Yescarta, Tecartus, Abecma, Carvykti, ARI-0001, ARI-0002h, TOTAL): LBDCG 204 890 721 19 1.834; LLA-B 254 136 390; MM 62 95 3 160; LCM 90 90; LBPM 86 3 89; LBAG 53 53; LF 52 52; OTRAS 3 7 64 74; TOTAL 458 1.084 728 90 62 95 222 3 2.742",Ministerio de Sanidad. Informe anual final de seguimiento del Plan de Terapias Avanzadas en el SNS 2025 (INFORME_ANUAL_FINAL_TA_2025.pdf),https://www.sanidad.gob.es/areas/farmacia/infoMedicamentos/terapiasAvanzadas/docs/INFORME_ANUAL_FINAL_TA_2025.pdf,verified-from-source,"Cumulative requests (solicitudes) to the SNS expert group from March 2019 to June 2025, not infusions; the PDF text flattens empty cells, so the product column of each cell was assigned by reconciling row and column totals (all totals reconcile exactly); fetched 2026-09-05"
Spanish Ministry of Health CAR-T expert-group requests (Plan de Terapias Avanzadas),Spain,2025,"Yescarta (axicabtagene ciloleucel), LBPM",86,cumulative_requests,,"Tabla 4. CAR-T solicitados por patología (columns Kymriah, Yescarta, Kymriah / Yescarta, Tecartus, Abecma, Carvykti, ARI-0001, ARI-0002h, TOTAL): LBDCG 204 890 721 19 1.834; LLA-B 254 136 390; MM 62 95 3 160; LCM 90 90; LBPM 86 3 89; LBAG 53 53; LF 52 52; OTRAS 3 7 64 74; TOTAL 458 1.084 728 90 62 95 222 3 2.742",Ministerio de Sanidad. Informe anual final de seguimiento del Plan de Terapias Avanzadas en el SNS 2025 (INFORME_ANUAL_FINAL_TA_2025.pdf),https://www.sanidad.gob.es/areas/farmacia/infoMedicamentos/terapiasAvanzadas/docs/INFORME_ANUAL_FINAL_TA_2025.pdf,verified-from-source,"Cumulative requests (solicitudes) to the SNS expert group from March 2019 to June 2025, not infusions; the PDF text flattens empty cells, so the product column of each cell was assigned by reconciling row and column totals (all totals reconcile exactly); fetched 2026-09-05"
Spanish Ministry of Health CAR-T expert-group requests (Plan de Terapias Avanzadas),Spain,2025,"ARI-0001 (academic), LBPM",3,cumulative_requests,,"Tabla 4. CAR-T solicitados por patología (columns Kymriah, Yescarta, Kymriah / Yescarta, Tecartus, Abecma, Carvykti, ARI-0001, ARI-0002h, TOTAL): LBDCG 204 890 721 19 1.834; LLA-B 254 136 390; MM 62 95 3 160; LCM 90 90; LBPM 86 3 89; LBAG 53 53; LF 52 52; OTRAS 3 7 64 74; TOTAL 458 1.084 728 90 62 95 222 3 2.742",Ministerio de Sanidad. Informe anual final de seguimiento del Plan de Terapias Avanzadas en el SNS 2025 (INFORME_ANUAL_FINAL_TA_2025.pdf),https://www.sanidad.gob.es/areas/farmacia/infoMedicamentos/terapiasAvanzadas/docs/INFORME_ANUAL_FINAL_TA_2025.pdf,verified-from-source,"Cumulative requests (solicitudes) to the SNS expert group from March 2019 to June 2025, not infusions; the PDF text flattens empty cells, so the product column of each cell was assigned by reconciling row and column totals (all totals reconcile exactly); fetched 2026-09-05"
Spanish Ministry of Health CAR-T expert-group requests (Plan de Terapias Avanzadas),Spain,2025,"Yescarta (axicabtagene ciloleucel), LBAG",53,cumulative_requests,,"Tabla 4. CAR-T solicitados por patología (columns Kymriah, Yescarta, Kymriah / Yescarta, Tecartus, Abecma, Carvykti, ARI-0001, ARI-0002h, TOTAL): LBDCG 204 890 721 19 1.834; LLA-B 254 136 390; MM 62 95 3 160; LCM 90 90; LBPM 86 3 89; LBAG 53 53; LF 52 52; OTRAS 3 7 64 74; TOTAL 458 1.084 728 90 62 95 222 3 2.742",Ministerio de Sanidad. Informe anual final de seguimiento del Plan de Terapias Avanzadas en el SNS 2025 (INFORME_ANUAL_FINAL_TA_2025.pdf),https://www.sanidad.gob.es/areas/farmacia/infoMedicamentos/terapiasAvanzadas/docs/INFORME_ANUAL_FINAL_TA_2025.pdf,verified-from-source,"Cumulative requests (solicitudes) to the SNS expert group from March 2019 to June 2025, not infusions; the PDF text flattens empty cells, so the product column of each cell was assigned by reconciling row and column totals (all totals reconcile exactly); fetched 2026-09-05"
Spanish Ministry of Health CAR-T expert-group requests (Plan de Terapias Avanzadas),Spain,2025,"Yescarta (axicabtagene ciloleucel), LF",52,cumulative_requests,,"Tabla 4. CAR-T solicitados por patología (columns Kymriah, Yescarta, Kymriah / Yescarta, Tecartus, Abecma, Carvykti, ARI-0001, ARI-0002h, TOTAL): LBDCG 204 890 721 19 1.834; LLA-B 254 136 390; MM 62 95 3 160; LCM 90 90; LBPM 86 3 89; LBAG 53 53; LF 52 52; OTRAS 3 7 64 74; TOTAL 458 1.084 728 90 62 95 222 3 2.742",Ministerio de Sanidad. Informe anual final de seguimiento del Plan de Terapias Avanzadas en el SNS 2025 (INFORME_ANUAL_FINAL_TA_2025.pdf),https://www.sanidad.gob.es/areas/farmacia/infoMedicamentos/terapiasAvanzadas/docs/INFORME_ANUAL_FINAL_TA_2025.pdf,verified-from-source,"Cumulative requests (solicitudes) to the SNS expert group from March 2019 to June 2025, not infusions; the PDF text flattens empty cells, so the product column of each cell was assigned by reconciling row and column totals (all totals reconcile exactly); fetched 2026-09-05"
Spanish Ministry of Health CAR-T expert-group requests (Plan de Terapias Avanzadas),Spain,2025,"Yescarta (axicabtagene ciloleucel), OTRAS",3,cumulative_requests,,"Tabla 4. CAR-T solicitados por patología (columns Kymriah, Yescarta, Kymriah / Yescarta, Tecartus, Abecma, Carvykti, ARI-0001, ARI-0002h, TOTAL): LBDCG 204 890 721 19 1.834; LLA-B 254 136 390; MM 62 95 3 160; LCM 90 90; LBPM 86 3 89; LBAG 53 53; LF 52 52; OTRAS 3 7 64 74; TOTAL 458 1.084 728 90 62 95 222 3 2.742",Ministerio de Sanidad. Informe anual final de seguimiento del Plan de Terapias Avanzadas en el SNS 2025 (INFORME_ANUAL_FINAL_TA_2025.pdf),https://www.sanidad.gob.es/areas/farmacia/infoMedicamentos/terapiasAvanzadas/docs/INFORME_ANUAL_FINAL_TA_2025.pdf,verified-from-source,"Cumulative requests (solicitudes) to the SNS expert group from March 2019 to June 2025, not infusions; the PDF text flattens empty cells, so the product column of each cell was assigned by reconciling row and column totals (all totals reconcile exactly); fetched 2026-09-05"
Spanish Ministry of Health CAR-T expert-group requests (Plan de Terapias Avanzadas),Spain,2025,"Kymriah/Yescarta (either), OTRAS",7,cumulative_requests,,"Tabla 4. CAR-T solicitados por patología (columns Kymriah, Yescarta, Kymriah / Yescarta, Tecartus, Abecma, Carvykti, ARI-0001, ARI-0002h, TOTAL): LBDCG 204 890 721 19 1.834; LLA-B 254 136 390; MM 62 95 3 160; LCM 90 90; LBPM 86 3 89; LBAG 53 53; LF 52 52; OTRAS 3 7 64 74; TOTAL 458 1.084 728 90 62 95 222 3 2.742",Ministerio de Sanidad. Informe anual final de seguimiento del Plan de Terapias Avanzadas en el SNS 2025 (INFORME_ANUAL_FINAL_TA_2025.pdf),https://www.sanidad.gob.es/areas/farmacia/infoMedicamentos/terapiasAvanzadas/docs/INFORME_ANUAL_FINAL_TA_2025.pdf,verified-from-source,"Cumulative requests (solicitudes) to the SNS expert group from March 2019 to June 2025, not infusions; the PDF text flattens empty cells, so the product column of each cell was assigned by reconciling row and column totals (all totals reconcile exactly); fetched 2026-09-05"
Spanish Ministry of Health CAR-T expert-group requests (Plan de Terapias Avanzadas),Spain,2025,"ARI-0001 (academic), OTRAS",64,cumulative_requests,,"Tabla 4. CAR-T solicitados por patología (columns Kymriah, Yescarta, Kymriah / Yescarta, Tecartus, Abecma, Carvykti, ARI-0001, ARI-0002h, TOTAL): LBDCG 204 890 721 19 1.834; LLA-B 254 136 390; MM 62 95 3 160; LCM 90 90; LBPM 86 3 89; LBAG 53 53; LF 52 52; OTRAS 3 7 64 74; TOTAL 458 1.084 728 90 62 95 222 3 2.742",Ministerio de Sanidad. Informe anual final de seguimiento del Plan de Terapias Avanzadas en el SNS 2025 (INFORME_ANUAL_FINAL_TA_2025.pdf),https://www.sanidad.gob.es/areas/farmacia/infoMedicamentos/terapiasAvanzadas/docs/INFORME_ANUAL_FINAL_TA_2025.pdf,verified-from-source,"Cumulative requests (solicitudes) to the SNS expert group from March 2019 to June 2025, not infusions; the PDF text flattens empty cells, so the product column of each cell was assigned by reconciling row and column totals (all totals reconcile exactly); fetched 2026-09-05"
DRST / DRST-EBMT activity survey,Germany,2025,CAR-T all,39,centres_treating,,"D Deutschlandkarte: Standorte der in 2025 mit CAR-T-Zell-Therapien behandelnden Zentren: Dresden, Leipzig, Halle (Saale), Jena, Chemnitz, Berlin, Greifswald, Rostock, Hamburg, Lübeck, Kiel, Oldenburg, Bremen, Hannover, Minden, Marburg, Göttingen, Magdeburg, Düsseldorf, Bochum, Dortmund, Essen, Münster, Köln, Aachen, Bonn, Mainz, Frankfurt (Main), Homburg (Saar), Mannheim, Heidelberg, Stuttgart, Tübingen, Karlsruhe, Freiburg, München, Augsburg, Ulm, Nürnberg, Erlangen, Regensburg, Würzburg","DRST Jahresbericht 2025 (Deutsches Register für Stammzelltransplantationen), section 3.4 CAR-T-Zell-Therapien in Deutschland and Anlage D",https://drst.de/wp-content/uploads/2026/07/DRST_JB_2025_final.pdf,verified-from-source,"Derived count of city labels on the map (39 label strings; Greifswald/Rostock, Aachen/Bonn and Augsburg/Ulm print as merged labels so the city count is 42 if split); localities, not centres - a city can host more than one centre. The report prints no numeric count of CAR-T centres. EBMT appendix 2024 lists at least 54 German centres with >=1 first CAR-T (lower bound); fetched 2026-09-05"
DRST / DRST-EBMT activity survey,Germany,2021,Autoimmune disease,4,patients,,Tabelle 3.9: Verteilung der Indikationen für CAR-T-Zell-Therapien in Deutschland (Quelle: DRST/EBMT Survey on Transplant and Cellular Therapy Activity): Diagnose 2021 2022 2023 2024 2025 Gesamt (autolog allogen per year): Autoimmunerkrankung 4 8 31 49 58 150; Malignom: ALL 46 3 41 1 73 3 62 52 281; Malignom: Lymphom 335 1 390 1 666 698 811 2902; Malignom: Myelom 191 342 562 836 1931; Malignom: anderes 48 48; andere Indikation 27 45 67 1 61 2 203; Gesamt 433 4 657 2 1157 3 1438 1 1818 2 5515,"DRST Jahresbericht 2025 (Deutsches Register für Stammzelltransplantationen), section 3.4 CAR-T-Zell-Therapien in Deutschland and Anlage D",https://drst.de/wp-content/uploads/2026/07/DRST_JB_2025_final.pdf,verified-from-source,Patients receiving CAR-T for autoimmune disease per survey year; row total 150 reconciles; fetched 2026-09-05
DRST / DRST-EBMT activity survey,Germany,2022,Autoimmune disease,8,patients,,Tabelle 3.9: Verteilung der Indikationen für CAR-T-Zell-Therapien in Deutschland (Quelle: DRST/EBMT Survey on Transplant and Cellular Therapy Activity): Diagnose 2021 2022 2023 2024 2025 Gesamt (autolog allogen per year): Autoimmunerkrankung 4 8 31 49 58 150; Malignom: ALL 46 3 41 1 73 3 62 52 281; Malignom: Lymphom 335 1 390 1 666 698 811 2902; Malignom: Myelom 191 342 562 836 1931; Malignom: anderes 48 48; andere Indikation 27 45 67 1 61 2 203; Gesamt 433 4 657 2 1157 3 1438 1 1818 2 5515,"DRST Jahresbericht 2025 (Deutsches Register für Stammzelltransplantationen), section 3.4 CAR-T-Zell-Therapien in Deutschland and Anlage D",https://drst.de/wp-content/uploads/2026/07/DRST_JB_2025_final.pdf,verified-from-source,Patients receiving CAR-T for autoimmune disease per survey year; row total 150 reconciles; fetched 2026-09-05
DRST / DRST-EBMT activity survey,Germany,2023,Autoimmune disease,31,patients,,Tabelle 3.9: Verteilung der Indikationen für CAR-T-Zell-Therapien in Deutschland (Quelle: DRST/EBMT Survey on Transplant and Cellular Therapy Activity): Diagnose 2021 2022 2023 2024 2025 Gesamt (autolog allogen per year): Autoimmunerkrankung 4 8 31 49 58 150; Malignom: ALL 46 3 41 1 73 3 62 52 281; Malignom: Lymphom 335 1 390 1 666 698 811 2902; Malignom: Myelom 191 342 562 836 1931; Malignom: anderes 48 48; andere Indikation 27 45 67 1 61 2 203; Gesamt 433 4 657 2 1157 3 1438 1 1818 2 5515,"DRST Jahresbericht 2025 (Deutsches Register für Stammzelltransplantationen), section 3.4 CAR-T-Zell-Therapien in Deutschland and Anlage D",https://drst.de/wp-content/uploads/2026/07/DRST_JB_2025_final.pdf,verified-from-source,Patients receiving CAR-T for autoimmune disease per survey year; row total 150 reconciles; fetched 2026-09-05
DRST / DRST-EBMT activity survey,Germany,2024,Autoimmune disease,49,patients,,Tabelle 3.9: Verteilung der Indikationen für CAR-T-Zell-Therapien in Deutschland (Quelle: DRST/EBMT Survey on Transplant and Cellular Therapy Activity): Diagnose 2021 2022 2023 2024 2025 Gesamt (autolog allogen per year): Autoimmunerkrankung 4 8 31 49 58 150; Malignom: ALL 46 3 41 1 73 3 62 52 281; Malignom: Lymphom 335 1 390 1 666 698 811 2902; Malignom: Myelom 191 342 562 836 1931; Malignom: anderes 48 48; andere Indikation 27 45 67 1 61 2 203; Gesamt 433 4 657 2 1157 3 1438 1 1818 2 5515,"DRST Jahresbericht 2025 (Deutsches Register für Stammzelltransplantationen), section 3.4 CAR-T-Zell-Therapien in Deutschland and Anlage D",https://drst.de/wp-content/uploads/2026/07/DRST_JB_2025_final.pdf,verified-from-source,Patients receiving CAR-T for autoimmune disease per survey year; row total 150 reconciles; fetched 2026-09-05
DRST / DRST-EBMT activity survey,Germany,2025,Autoimmune disease,58,patients,,Tabelle 3.9: Verteilung der Indikationen für CAR-T-Zell-Therapien in Deutschland (Quelle: DRST/EBMT Survey on Transplant and Cellular Therapy Activity): Diagnose 2021 2022 2023 2024 2025 Gesamt (autolog allogen per year): Autoimmunerkrankung 4 8 31 49 58 150; Malignom: ALL 46 3 41 1 73 3 62 52 281; Malignom: Lymphom 335 1 390 1 666 698 811 2902; Malignom: Myelom 191 342 562 836 1931; Malignom: anderes 48 48; andere Indikation 27 45 67 1 61 2 203; Gesamt 433 4 657 2 1157 3 1438 1 1818 2 5515,"DRST Jahresbericht 2025 (Deutsches Register für Stammzelltransplantationen), section 3.4 CAR-T-Zell-Therapien in Deutschland and Anlage D",https://drst.de/wp-content/uploads/2026/07/DRST_JB_2025_final.pdf,verified-from-source,Patients receiving CAR-T for autoimmune disease per survey year; row total 150 reconciles; fetched 2026-09-05
DRST / DRST-EBMT activity survey,Germany,2022,Other indication,27,patients,,Tabelle 3.9: Verteilung der Indikationen für CAR-T-Zell-Therapien in Deutschland (Quelle: DRST/EBMT Survey on Transplant and Cellular Therapy Activity): Diagnose 2021 2022 2023 2024 2025 Gesamt (autolog allogen per year): Autoimmunerkrankung 4 8 31 49 58 150; Malignom: ALL 46 3 41 1 73 3 62 52 281; Malignom: Lymphom 335 1 390 1 666 698 811 2902; Malignom: Myelom 191 342 562 836 1931; Malignom: anderes 48 48; andere Indikation 27 45 67 1 61 2 203; Gesamt 433 4 657 2 1157 3 1438 1 1818 2 5515,"DRST Jahresbericht 2025 (Deutsches Register für Stammzelltransplantationen), section 3.4 CAR-T-Zell-Therapien in Deutschland and Anlage D",https://drst.de/wp-content/uploads/2026/07/DRST_JB_2025_final.pdf,verified-from-source,"""andere Indikation"" autologous plus allogeneic (2024: 67+1; 2025: 61+2); category exists since survey 2022; fetched 2026-09-05"
DRST / DRST-EBMT activity survey,Germany,2023,Other indication,45,patients,,Tabelle 3.9: Verteilung der Indikationen für CAR-T-Zell-Therapien in Deutschland (Quelle: DRST/EBMT Survey on Transplant and Cellular Therapy Activity): Diagnose 2021 2022 2023 2024 2025 Gesamt (autolog allogen per year): Autoimmunerkrankung 4 8 31 49 58 150; Malignom: ALL 46 3 41 1 73 3 62 52 281; Malignom: Lymphom 335 1 390 1 666 698 811 2902; Malignom: Myelom 191 342 562 836 1931; Malignom: anderes 48 48; andere Indikation 27 45 67 1 61 2 203; Gesamt 433 4 657 2 1157 3 1438 1 1818 2 5515,"DRST Jahresbericht 2025 (Deutsches Register für Stammzelltransplantationen), section 3.4 CAR-T-Zell-Therapien in Deutschland and Anlage D",https://drst.de/wp-content/uploads/2026/07/DRST_JB_2025_final.pdf,verified-from-source,"""andere Indikation"" autologous plus allogeneic (2024: 67+1; 2025: 61+2); category exists since survey 2022; fetched 2026-09-05"
DRST / DRST-EBMT activity survey,Germany,2024,Other indication,68,patients,,Tabelle 3.9: Verteilung der Indikationen für CAR-T-Zell-Therapien in Deutschland (Quelle: DRST/EBMT Survey on Transplant and Cellular Therapy Activity): Diagnose 2021 2022 2023 2024 2025 Gesamt (autolog allogen per year): Autoimmunerkrankung 4 8 31 49 58 150; Malignom: ALL 46 3 41 1 73 3 62 52 281; Malignom: Lymphom 335 1 390 1 666 698 811 2902; Malignom: Myelom 191 342 562 836 1931; Malignom: anderes 48 48; andere Indikation 27 45 67 1 61 2 203; Gesamt 433 4 657 2 1157 3 1438 1 1818 2 5515,"DRST Jahresbericht 2025 (Deutsches Register für Stammzelltransplantationen), section 3.4 CAR-T-Zell-Therapien in Deutschland and Anlage D",https://drst.de/wp-content/uploads/2026/07/DRST_JB_2025_final.pdf,verified-from-source,"""andere Indikation"" autologous plus allogeneic (2024: 67+1; 2025: 61+2); category exists since survey 2022; fetched 2026-09-05"
DRST / DRST-EBMT activity survey,Germany,2025,Other indication,63,patients,,Tabelle 3.9: Verteilung der Indikationen für CAR-T-Zell-Therapien in Deutschland (Quelle: DRST/EBMT Survey on Transplant and Cellular Therapy Activity): Diagnose 2021 2022 2023 2024 2025 Gesamt (autolog allogen per year): Autoimmunerkrankung 4 8 31 49 58 150; Malignom: ALL 46 3 41 1 73 3 62 52 281; Malignom: Lymphom 335 1 390 1 666 698 811 2902; Malignom: Myelom 191 342 562 836 1931; Malignom: anderes 48 48; andere Indikation 27 45 67 1 61 2 203; Gesamt 433 4 657 2 1157 3 1438 1 1818 2 5515,"DRST Jahresbericht 2025 (Deutsches Register für Stammzelltransplantationen), section 3.4 CAR-T-Zell-Therapien in Deutschland and Anlage D",https://drst.de/wp-content/uploads/2026/07/DRST_JB_2025_final.pdf,verified-from-source,"""andere Indikation"" autologous plus allogeneic (2024: 67+1; 2025: 61+2); category exists since survey 2022; fetched 2026-09-05"
DRST / DRST-EBMT activity survey,Germany,2021,Other malignancy,48,patients,,Tabelle 3.9: Verteilung der Indikationen für CAR-T-Zell-Therapien in Deutschland (Quelle: DRST/EBMT Survey on Transplant and Cellular Therapy Activity): Diagnose 2021 2022 2023 2024 2025 Gesamt (autolog allogen per year): Autoimmunerkrankung 4 8 31 49 58 150; Malignom: ALL 46 3 41 1 73 3 62 52 281; Malignom: Lymphom 335 1 390 1 666 698 811 2902; Malignom: Myelom 191 342 562 836 1931; Malignom: anderes 48 48; andere Indikation 27 45 67 1 61 2 203; Gesamt 433 4 657 2 1157 3 1438 1 1818 2 5515,"DRST Jahresbericht 2025 (Deutsches Register für Stammzelltransplantationen), section 3.4 CAR-T-Zell-Therapien in Deutschland and Anlage D",https://drst.de/wp-content/uploads/2026/07/DRST_JB_2025_final.pdf,verified-from-source,"""Malignom: anderes"" reported only in the 2021 survey; fetched 2026-09-05"
DRST / DRST-EBMT activity survey,Germany,2021,CAR-T allogeneic,4,patients,,Tabelle 3.9: Verteilung der Indikationen für CAR-T-Zell-Therapien in Deutschland (Quelle: DRST/EBMT Survey on Transplant and Cellular Therapy Activity): Diagnose 2021 2022 2023 2024 2025 Gesamt (autolog allogen per year): Autoimmunerkrankung 4 8 31 49 58 150; Malignom: ALL 46 3 41 1 73 3 62 52 281; Malignom: Lymphom 335 1 390 1 666 698 811 2902; Malignom: Myelom 191 342 562 836 1931; Malignom: anderes 48 48; andere Indikation 27 45 67 1 61 2 203; Gesamt 433 4 657 2 1157 3 1438 1 1818 2 5515,"DRST Jahresbericht 2025 (Deutsches Register für Stammzelltransplantationen), section 3.4 CAR-T-Zell-Therapien in Deutschland and Anlage D",https://drst.de/wp-content/uploads/2026/07/DRST_JB_2025_final.pdf,verified-from-source,"Allogeneic CAR-T per survey year (Gesamt row, allogen column); autologous: 2021 433, 2022 657, 2023 1157, 2024 1438, 2025 1818; fetched 2026-09-05"
DRST / DRST-EBMT activity survey,Germany,2022,CAR-T allogeneic,2,patients,,Tabelle 3.9: Verteilung der Indikationen für CAR-T-Zell-Therapien in Deutschland (Quelle: DRST/EBMT Survey on Transplant and Cellular Therapy Activity): Diagnose 2021 2022 2023 2024 2025 Gesamt (autolog allogen per year): Autoimmunerkrankung 4 8 31 49 58 150; Malignom: ALL 46 3 41 1 73 3 62 52 281; Malignom: Lymphom 335 1 390 1 666 698 811 2902; Malignom: Myelom 191 342 562 836 1931; Malignom: anderes 48 48; andere Indikation 27 45 67 1 61 2 203; Gesamt 433 4 657 2 1157 3 1438 1 1818 2 5515,"DRST Jahresbericht 2025 (Deutsches Register für Stammzelltransplantationen), section 3.4 CAR-T-Zell-Therapien in Deutschland and Anlage D",https://drst.de/wp-content/uploads/2026/07/DRST_JB_2025_final.pdf,verified-from-source,"Allogeneic CAR-T per survey year (Gesamt row, allogen column); autologous: 2021 433, 2022 657, 2023 1157, 2024 1438, 2025 1818; fetched 2026-09-05"
DRST / DRST-EBMT activity survey,Germany,2023,CAR-T allogeneic,3,patients,,Tabelle 3.9: Verteilung der Indikationen für CAR-T-Zell-Therapien in Deutschland (Quelle: DRST/EBMT Survey on Transplant and Cellular Therapy Activity): Diagnose 2021 2022 2023 2024 2025 Gesamt (autolog allogen per year): Autoimmunerkrankung 4 8 31 49 58 150; Malignom: ALL 46 3 41 1 73 3 62 52 281; Malignom: Lymphom 335 1 390 1 666 698 811 2902; Malignom: Myelom 191 342 562 836 1931; Malignom: anderes 48 48; andere Indikation 27 45 67 1 61 2 203; Gesamt 433 4 657 2 1157 3 1438 1 1818 2 5515,"DRST Jahresbericht 2025 (Deutsches Register für Stammzelltransplantationen), section 3.4 CAR-T-Zell-Therapien in Deutschland and Anlage D",https://drst.de/wp-content/uploads/2026/07/DRST_JB_2025_final.pdf,verified-from-source,"Allogeneic CAR-T per survey year (Gesamt row, allogen column); autologous: 2021 433, 2022 657, 2023 1157, 2024 1438, 2025 1818; fetched 2026-09-05"
DRST / DRST-EBMT activity survey,Germany,2024,CAR-T allogeneic,1,patients,,Tabelle 3.9: Verteilung der Indikationen für CAR-T-Zell-Therapien in Deutschland (Quelle: DRST/EBMT Survey on Transplant and Cellular Therapy Activity): Diagnose 2021 2022 2023 2024 2025 Gesamt (autolog allogen per year): Autoimmunerkrankung 4 8 31 49 58 150; Malignom: ALL 46 3 41 1 73 3 62 52 281; Malignom: Lymphom 335 1 390 1 666 698 811 2902; Malignom: Myelom 191 342 562 836 1931; Malignom: anderes 48 48; andere Indikation 27 45 67 1 61 2 203; Gesamt 433 4 657 2 1157 3 1438 1 1818 2 5515,"DRST Jahresbericht 2025 (Deutsches Register für Stammzelltransplantationen), section 3.4 CAR-T-Zell-Therapien in Deutschland and Anlage D",https://drst.de/wp-content/uploads/2026/07/DRST_JB_2025_final.pdf,verified-from-source,"Allogeneic CAR-T per survey year (Gesamt row, allogen column); autologous: 2021 433, 2022 657, 2023 1157, 2024 1438, 2025 1818; fetched 2026-09-05"
DRST / DRST-EBMT activity survey,Germany,2025,CAR-T allogeneic,2,patients,,Tabelle 3.9: Verteilung der Indikationen für CAR-T-Zell-Therapien in Deutschland (Quelle: DRST/EBMT Survey on Transplant and Cellular Therapy Activity): Diagnose 2021 2022 2023 2024 2025 Gesamt (autolog allogen per year): Autoimmunerkrankung 4 8 31 49 58 150; Malignom: ALL 46 3 41 1 73 3 62 52 281; Malignom: Lymphom 335 1 390 1 666 698 811 2902; Malignom: Myelom 191 342 562 836 1931; Malignom: anderes 48 48; andere Indikation 27 45 67 1 61 2 203; Gesamt 433 4 657 2 1157 3 1438 1 1818 2 5515,"DRST Jahresbericht 2025 (Deutsches Register für Stammzelltransplantationen), section 3.4 CAR-T-Zell-Therapien in Deutschland and Anlage D",https://drst.de/wp-content/uploads/2026/07/DRST_JB_2025_final.pdf,verified-from-source,"Allogeneic CAR-T per survey year (Gesamt row, allogen column); autologous: 2021 433, 2022 657, 2023 1157, 2024 1438, 2025 1818; fetched 2026-09-05"
DRST / DRST-EBMT activity survey,Germany,2025,CAR-T all,,patients,,,DRST Jahresbericht 2025,https://drst.de/wp-content/uploads/2026/07/DRST_JB_2025_final.pdf,not-found,No per-product (Kymriah/Yescarta/Tecartus/Breyanzi/Abecma/Carvykti) split is printed in the DRST report; only diagnosis groups; fetched 2026-09-05
TEHA-Ambrosetti centre survey (Italy),Italy,2019,CAR-T all,9,centres_active,,"Figura 10. A sinistra: Pazienti trattati con CAR-T e centri attivi in Italia (numero), 2019-2024 ... Centri: 9 20 28 32 34 41 2.041 pazienti","The European House - Ambrosetti / GITMO, ""La rivoluzione CAR-T"" position paper (January 2025), Figura 10/11 and text",https://www.gitmo.it/storage/gitmo/article/pdf/388/1535-250121_TEHA_Rivoluzione%20CAR-T_Paper.pdf,verified-from-source,"Centres with >=1 CAR-T infusion in the year, from the TEHA mapping of centres active 2019-Dec 2024 (41 centres, 2,041 patients); year assignment follows the left-to-right order of the six values under the 2019-2024 axis in the figure text; fetched 2026-09-05"
TEHA-Ambrosetti centre survey (Italy),Italy,2020,CAR-T all,20,centres_active,,"Figura 10. A sinistra: Pazienti trattati con CAR-T e centri attivi in Italia (numero), 2019-2024 ... Centri: 9 20 28 32 34 41 2.041 pazienti","The European House - Ambrosetti / GITMO, ""La rivoluzione CAR-T"" position paper (January 2025), Figura 10/11 and text",https://www.gitmo.it/storage/gitmo/article/pdf/388/1535-250121_TEHA_Rivoluzione%20CAR-T_Paper.pdf,verified-from-source,"Centres with >=1 CAR-T infusion in the year, from the TEHA mapping of centres active 2019-Dec 2024 (41 centres, 2,041 patients); year assignment follows the left-to-right order of the six values under the 2019-2024 axis in the figure text; fetched 2026-09-05"
TEHA-Ambrosetti centre survey (Italy),Italy,2021,CAR-T all,28,centres_active,,"Figura 10. A sinistra: Pazienti trattati con CAR-T e centri attivi in Italia (numero), 2019-2024 ... Centri: 9 20 28 32 34 41 2.041 pazienti","The European House - Ambrosetti / GITMO, ""La rivoluzione CAR-T"" position paper (January 2025), Figura 10/11 and text",https://www.gitmo.it/storage/gitmo/article/pdf/388/1535-250121_TEHA_Rivoluzione%20CAR-T_Paper.pdf,verified-from-source,"Centres with >=1 CAR-T infusion in the year, from the TEHA mapping of centres active 2019-Dec 2024 (41 centres, 2,041 patients); year assignment follows the left-to-right order of the six values under the 2019-2024 axis in the figure text; fetched 2026-09-05"
TEHA-Ambrosetti centre survey (Italy),Italy,2022,CAR-T all,32,centres_active,,"Figura 10. A sinistra: Pazienti trattati con CAR-T e centri attivi in Italia (numero), 2019-2024 ... Centri: 9 20 28 32 34 41 2.041 pazienti","The European House - Ambrosetti / GITMO, ""La rivoluzione CAR-T"" position paper (January 2025), Figura 10/11 and text",https://www.gitmo.it/storage/gitmo/article/pdf/388/1535-250121_TEHA_Rivoluzione%20CAR-T_Paper.pdf,verified-from-source,"Centres with >=1 CAR-T infusion in the year, from the TEHA mapping of centres active 2019-Dec 2024 (41 centres, 2,041 patients); year assignment follows the left-to-right order of the six values under the 2019-2024 axis in the figure text; fetched 2026-09-05"
TEHA-Ambrosetti centre survey (Italy),Italy,2023,CAR-T all,34,centres_active,,"Figura 10. A sinistra: Pazienti trattati con CAR-T e centri attivi in Italia (numero), 2019-2024 ... Centri: 9 20 28 32 34 41 2.041 pazienti","The European House - Ambrosetti / GITMO, ""La rivoluzione CAR-T"" position paper (January 2025), Figura 10/11 and text",https://www.gitmo.it/storage/gitmo/article/pdf/388/1535-250121_TEHA_Rivoluzione%20CAR-T_Paper.pdf,verified-from-source,"Centres with >=1 CAR-T infusion in the year, from the TEHA mapping of centres active 2019-Dec 2024 (41 centres, 2,041 patients); year assignment follows the left-to-right order of the six values under the 2019-2024 axis in the figure text; fetched 2026-09-05"
TEHA-Ambrosetti centre survey (Italy),Italy,2024,CAR-T all,41,centres_active,,"Figura 10. A sinistra: Pazienti trattati con CAR-T e centri attivi in Italia (numero), 2019-2024 ... Centri: 9 20 28 32 34 41 2.041 pazienti","The European House - Ambrosetti / GITMO, ""La rivoluzione CAR-T"" position paper (January 2025), Figura 10/11 and text",https://www.gitmo.it/storage/gitmo/article/pdf/388/1535-250121_TEHA_Rivoluzione%20CAR-T_Paper.pdf,verified-from-source,"Centres with >=1 CAR-T infusion in the year, from the TEHA mapping of centres active 2019-Dec 2024 (41 centres, 2,041 patients); year assignment follows the left-to-right order of the six values under the 2019-2024 axis in the figure text; fetched 2026-09-05"
"GITMO (Libro GITMO 2023, as cited by TEHA)",Italy,2024,CAR-T all,42,centres_active,,"Al 31 gennaio 2024, 42 Centri risultano attivi per le CAR-T, con oltre la metà dei Centri localizzata nel Nord Italia.","The European House - Ambrosetti / GITMO, ""La rivoluzione CAR-T"" position paper (January 2025), Figura 10/11 and text",https://www.gitmo.it/storage/gitmo/article/pdf/388/1535-250121_TEHA_Rivoluzione%20CAR-T_Paper.pdf,verified-from-source,"GITMO count at 31 January 2024; ""a maggio 2024, 3 Centri accreditati non avevano ancora completato"" their first treatment; fetched 2026-09-05"
TEHA-Ambrosetti centre survey (Italy),Italy,2024,CAR-T all,,patients,,Regione CAR-T effettuate nel 2024 Numero centri attivi a livello regionale Abruzzo 11 1 Calabria 26 1 Campania 31 4 Emilia Romagna 50 1 Friuli Venezia Giulia 26 1 Lazio 118 3 Liguria 22 1 Lombardia 197 10 Marche 7 2 Piemonte 64 4 Puglia 37 4 ... Toscana 48 3 Umbria 17 1 Veneto 47 3,"The European House - Ambrosetti / GITMO, ""La rivoluzione CAR-T"" position paper (January 2025), Figura 10/11 and text",https://www.gitmo.it/storage/gitmo/article/pdf/388/1535-250121_TEHA_Rivoluzione%20CAR-T_Paper.pdf,verified-from-source,"Regional split of 2024 CAR-T infusions and active centres (Figura 12); count left blank because this row is a regional breakdown, the national 2024 total (756) is already in cart_registry_counts.csv; the extracted text truncates between Puglia and Toscana (Sardegna/Sicilia rows not captured); fetched 2026-09-05"
NHS England (via ICO decision notice),United Kingdom (England),2025,CAR-T all (adult centres),20,centres_commissioned,,There are currently 20 centres which are commissioned by NHS England to deliver adult CAR-T therapy in England and nearly 400 patients were treated with this therapy between April 2024 and March 2025.,"ICO decision notice IC-371005-H0Q5 (FOIA), quoting NHS England's submission on the CAR-T tariff",https://ico.org.uk/media2/xldfavj5/ic-371005-h0q5.pdf,verified-from-source,England only; adult commissioned centres as stated by NHS England in 2025; paediatric centre count not stated; fetched 2026-09-05
NHS England (via ICO decision notice),United Kingdom (England),2024,CAR-T all (adult),400,patients,,There are currently 20 centres which are commissioned by NHS England to deliver adult CAR-T therapy in England and nearly 400 patients were treated with this therapy between April 2024 and March 2025.,"ICO decision notice IC-371005-H0Q5 (FOIA), quoting NHS England's submission on the CAR-T tariff",https://ico.org.uk/media2/xldfavj5/ic-371005-h0q5.pdf,verified-from-source,"""nearly 400"" adult patients treated April 2024 to March 2025 (financial year 2024/25), England, NHS-commissioned; approximate as stated; fetched 2026-09-05"
BSBMTCT registry,United Kingdom,2024,CAR-T all (first CAR-T),562,patients,,Totals 1st HSCT/CAR-T/GT ... CAR-T Allo 14 Auto 548 Total 562,"BSBMTCT UK & ROI Transplant Activity Table 2024 (Table 1a, Table 2a, Table 2b)",https://bsbmtct.org/2024-activity/,verified-from-source,"First CAR-T 2024 UK & ROI (14 allogeneic, 548 autologous); all CAR-T incl. non-first 565; Table 2a UK row: CAR-T Allo 14, Auto 551, Total 565 (ROI 0); fetched 2026-09-05"
BSBMTCT registry,United Kingdom,2024,"CAR-T all (paediatric, first CAR-T)",51,patients,,Table 2b: 2024 UK & ROI Activity ... First HSCT - Paediatrics Only ... UK Paeds ... CAR-T ALLO 3 AUTO 48 CAR-T 51,"BSBMTCT UK & ROI Transplant Activity Table 2024 (Table 1a, Table 2a, Table 2b)",https://bsbmtct.org/2024-activity/,verified-from-source,"Paediatric first CAR-T 2024 (3 allogeneic, 48 autologous); gene therapy 8; fetched 2026-09-05"
NHS England,United Kingdom (England),2024,CAR-T all (paediatric centres),,centres_commissioned,,,NHS England CAR-T therapy commissioning page,https://www.england.nhs.uk/commissioning/spec-services/advanced-therapy-medicinal-products/car-t-therapy/,not-found,england.nhs.uk returned empty responses to both curl and WebFetch; number of paediatric commissioned centres not retrieved; fetched 2026-09-05
BSBMTCT registry,United Kingdom,2021,CAR-T all,,infusions,,,BSBMTCT 2021 activity page,https://bsbmtct.org/2021-activity/,not-found,Both https://bsbmtct.org/activity/2021/ and https://bsbmtct.org/2021-activity/ return only navigation HTML (tables load client-side); 2024 page carried the table inline; fetched 2026-09-05
BSBMTCT registry,United Kingdom,2022,CAR-T all,,infusions,,,BSBMTCT 2022 activity page,https://bsbmtct.org/2022-activity/,not-found,Both https://bsbmtct.org/activity/2022/ and https://bsbmtct.org/2022-activity/ return only navigation HTML (tables load client-side); 2024 page carried the table inline; fetched 2026-09-05
BSBMTCT registry,United Kingdom,2023,CAR-T all,,infusions,,,BSBMTCT 2023 activity page,https://bsbmtct.org/2023-activity/,not-found,Both https://bsbmtct.org/activity/2023/ and https://bsbmtct.org/2023-activity/ return only navigation HTML (tables load client-side); 2024 page carried the table inline; fetched 2026-09-05
Manufacturer facility lists (as compiled in JSTCT journal review),Japan,2023,CAR-T all,43,centres_treating,,本稿執筆時点（2023年1月）でCAR-T提供3社のホームページに掲載されているCAR-T実施施設数はキムリア：40施設（68診療科），イエスカルタ：6施設（6診療科：全てキムリア実施施設，HP掲載承認施設のみ），ブレヤンジ：19施設（キムリア実施施設以外は2施設），アベクマ：12施設（キムリア実施施設以外は1施設）。... 全国のCAR-T実施施設は43施設（71診療科）,Onishi Y. CAR-T細胞療法の基礎知識 (Basics of CAR-T cell therapy). 日本造血・免疫細胞療法学会雑誌 (J Jpn Soc Transplant Cell Ther) 2023;12(3):148- (doi 10.7889/tct-23-004),https://www.jstage.jst.go.jp/article/tct/12/3/12_23-004/_pdf,verified-from-source,"Facilities able to deliver at least one CAR-T product as of January 2023 (43 facilities, 71 departments); by region Hokkaido 2, Tohoku 1, Kanto 15, Chubu 8, Kinki 10, Chugoku 4, Shikoku 1, Kyushu 2 (the Chubu figure was split across a line break in the PDF text; 8 follows by subtraction from the stated total of 43); fetched 2026-09-05"
Manufacturer facility lists (as compiled in JSTCT journal review),Japan,2023,Kymriah (tisagenlecleucel),40,centres_treating,,本稿執筆時点（2023年1月）でCAR-T提供3社のホームページに掲載されているCAR-T実施施設数はキムリア：40施設（68診療科），イエスカルタ：6施設（6診療科：全てキムリア実施施設，HP掲載承認施設のみ），ブレヤンジ：19施設（キムリア実施施設以外は2施設），アベクマ：12施設（キムリア実施施設以外は1施設）。... 全国のCAR-T実施施設は43施設（71診療科）,Onishi Y. CAR-T細胞療法の基礎知識 (Basics of CAR-T cell therapy). 日本造血・免疫細胞療法学会雑誌 (J Jpn Soc Transplant Cell Ther) 2023;12(3):148- (doi 10.7889/tct-23-004),https://www.jstage.jst.go.jp/article/tct/12/3/12_23-004/_pdf,verified-from-source,"Product-specific certified facilities listed on the manufacturers' websites, January 2023 (Yescarta: only facilities approving website listing); fetched 2026-09-05"
Manufacturer facility lists (as compiled in JSTCT journal review),Japan,2023,Yescarta (axicabtagene ciloleucel),6,centres_treating,,本稿執筆時点（2023年1月）でCAR-T提供3社のホームページに掲載されているCAR-T実施施設数はキムリア：40施設（68診療科），イエスカルタ：6施設（6診療科：全てキムリア実施施設，HP掲載承認施設のみ），ブレヤンジ：19施設（キムリア実施施設以外は2施設），アベクマ：12施設（キムリア実施施設以外は1施設）。... 全国のCAR-T実施施設は43施設（71診療科）,Onishi Y. CAR-T細胞療法の基礎知識 (Basics of CAR-T cell therapy). 日本造血・免疫細胞療法学会雑誌 (J Jpn Soc Transplant Cell Ther) 2023;12(3):148- (doi 10.7889/tct-23-004),https://www.jstage.jst.go.jp/article/tct/12/3/12_23-004/_pdf,verified-from-source,"Product-specific certified facilities listed on the manufacturers' websites, January 2023 (Yescarta: only facilities approving website listing); fetched 2026-09-05"
Manufacturer facility lists (as compiled in JSTCT journal review),Japan,2023,Breyanzi (lisocabtagene maraleucel),19,centres_treating,,本稿執筆時点（2023年1月）でCAR-T提供3社のホームページに掲載されているCAR-T実施施設数はキムリア：40施設（68診療科），イエスカルタ：6施設（6診療科：全てキムリア実施施設，HP掲載承認施設のみ），ブレヤンジ：19施設（キムリア実施施設以外は2施設），アベクマ：12施設（キムリア実施施設以外は1施設）。... 全国のCAR-T実施施設は43施設（71診療科）,Onishi Y. CAR-T細胞療法の基礎知識 (Basics of CAR-T cell therapy). 日本造血・免疫細胞療法学会雑誌 (J Jpn Soc Transplant Cell Ther) 2023;12(3):148- (doi 10.7889/tct-23-004),https://www.jstage.jst.go.jp/article/tct/12/3/12_23-004/_pdf,verified-from-source,"Product-specific certified facilities listed on the manufacturers' websites, January 2023 (Yescarta: only facilities approving website listing); fetched 2026-09-05"
Manufacturer facility lists (as compiled in JSTCT journal review),Japan,2023,Abecma (idecabtagene vicleucel),12,centres_treating,,本稿執筆時点（2023年1月）でCAR-T提供3社のホームページに掲載されているCAR-T実施施設数はキムリア：40施設（68診療科），イエスカルタ：6施設（6診療科：全てキムリア実施施設，HP掲載承認施設のみ），ブレヤンジ：19施設（キムリア実施施設以外は2施設），アベクマ：12施設（キムリア実施施設以外は1施設）。... 全国のCAR-T実施施設は43施設（71診療科）,Onishi Y. CAR-T細胞療法の基礎知識 (Basics of CAR-T cell therapy). 日本造血・免疫細胞療法学会雑誌 (J Jpn Soc Transplant Cell Ther) 2023;12(3):148- (doi 10.7889/tct-23-004),https://www.jstage.jst.go.jp/article/tct/12/3/12_23-004/_pdf,verified-from-source,"Product-specific certified facilities listed on the manufacturers' websites, January 2023 (Yescarta: only facilities approving website listing); fetched 2026-09-05"
JDCHCT / manufacturers,Japan,2024,CAR-T all,,centres_treating,,,,,not-found,"No 2024 or 2025 count of certified CAR-T facilities in Japan retrieved (search snippet said ""50施設以上"" without a citable source); fetched 2026-09-05"
National registry,Netherlands,2024,CAR-T all,,patients,,,,,not-found,No Dutch national CAR-T count sourced (no DHOG/Zorginstituut page fetched); EBMT appendix 2024 gives Netherlands 198 first CAR-T (203 all) from 13 reporting centres and Supplementary Table 2 gives rates 2018-2024; fetched 2026-09-05
EBMT activity survey,Europe (EBMT survey area),2024,CAR-T all,,population,,Population numbers for the European countries in 2024 were obtained from Eurostat,"Greco R, Sánchez-Ortega I et al. The 2024 EBMT activity report: crossing one million HCTs and 20,000 CAR-T. A landmark in cellular therapy. Bone Marrow Transplant 2026 (doi 10.1038/s41409-026-02919-9)",https://www.nature.com/articles/s41409-026-02919-9,not-found,The survey does not print an aggregate population base for the whole survey area; rates are per country using Eurostat 2024 populations; fetched 2026-09-05
