registry,geography,year,product_or_class,count,count_type,per_10m_population,verbatim,source_doc,source_url,status,notes
EBMT activity survey,Europe (EBMT survey area),2018,CAR-T all,301,patients,,Continued increase in the use of CAR-T therapy despite the SAR-CoV2 pandemic: 2018 n=301 to 2022 n=3 205: total 9 039,"EBMT Activity Survey Poster 2022 (Baldomero H, Passweg JR; Activity Survey Office, Basel)",https://www.ebmt.org/sites/default/files/2024-09/Activity%20survey%20Poster%202022.pdf,verified-from-source,Same series printed in Passweg et al. 2024 (PMC11161408) and Passweg et al. 2025 (2018: 301).
EBMT activity survey,Europe (EBMT survey area),2019,CAR-T all,1134,patients,,"Main increase by disease is myeloma/others, increasing from 56 in 2019 to 566 in 2022, followed by NHL, increasing from 826 to 2 259 and ALL, increasing from 252 to 380","EBMT Activity Survey Poster 2022 (Baldomero H, Passweg JR; Activity Survey Office, Basel)",https://www.ebmt.org/sites/default/files/2024-09/Activity%20survey%20Poster%202022.pdf,verified-from-source,"Total 1134 = 826 NHL + 252 ALL + 56 myeloma/other as printed on the poster; Passweg et al. 2024 (PMC11161408) and 2025 list 2019: 1,134."
EBMT activity survey,Europe (EBMT survey area),2020,CAR-T all,1875,patients,,"2020: 1,875 (year series as extracted by fetch tool from Passweg et al. 2024)","Passweg JR, Baldomero H et al. Hematopoietic cell transplantation and cellular therapies in Europe 2022. CAR-T activity continues to grow; transplant activity has slowed: a report from the EBMT. Bone Marrow Transplant 2024 (doi 10.1038/s41409-024-02248-9; PMC11161408)",https://pmc.ncbi.nlm.nih.gov/articles/PMC11161408/,verified-from-source,"The 2021 report (PMC9987384) gives 1,874 for 2020 (+34.7% to 2,524 in 2021); the 2022 and 2023 reports give 1,875. Paraphrase, not a verbatim sentence."
EBMT activity survey,Europe (EBMT survey area),2021,CAR-T all,2524,patients,,2524 CAR-T cellular therapies in 2021 ... 197 centers in 24 countries,"Passweg JR, Baldomero H et al. Hematopoietic cell transplantation and cellular therapies in Europe 2021. The second year of the SARS-CoV-2 pandemic. A Report from the EBMT Activity Survey. Bone Marrow Transplant 2023;58:647-658 (PMC9987384)",https://pmc.ncbi.nlm.nih.gov/articles/PMC9987384/,verified-from-source,"+34.7% vs 2020. Median patients per country 30; median CAR-T rate 29.3 per 10 million; range 2.0 (Ireland) to 142 (Israel) per 10 million. Median rate 6.98 in countries with GNI < 40,000 USD vs 47.3 with GNI > 40,000 USD."
EBMT activity survey,Europe (EBMT survey area),2021,Lymphoma (HL/NHL),1851,patients,,"Lymphoma (HL/NHL): 1,851 patients (99% autologous) (Table 2, as extracted)","Passweg JR, Baldomero H et al. Hematopoietic cell transplantation and cellular therapies in Europe 2021. The second year of the SARS-CoV-2 pandemic. A Report from the EBMT Activity Survey. Bone Marrow Transplant 2023;58:647-658 (PMC9987384)",https://pmc.ncbi.nlm.nih.gov/articles/PMC9987384/,verified-from-source,Table 2 of the 2021 report.
EBMT activity survey,Europe (EBMT survey area),2021,ALL,379,patients,,"Acute Lymphatic Leukemia (ALL): 379 patients (89% autologous) (Table 2, as extracted)","Passweg JR, Baldomero H et al. Hematopoietic cell transplantation and cellular therapies in Europe 2021. The second year of the SARS-CoV-2 pandemic. A Report from the EBMT Activity Survey. Bone Marrow Transplant 2023;58:647-658 (PMC9987384)",https://pmc.ncbi.nlm.nih.gov/articles/PMC9987384/,verified-from-source,
EBMT activity survey,Europe (EBMT survey area),2021,"Other (myeloma, autoimmune, other)",294,patients,,"Other malignancies (myeloma, autoimmune disease): 294 patients (95% autologous) (Table 2, as extracted)","Passweg JR, Baldomero H et al. Hematopoietic cell transplantation and cellular therapies in Europe 2021. The second year of the SARS-CoV-2 pandemic. A Report from the EBMT Activity Survey. Bone Marrow Transplant 2023;58:647-658 (PMC9987384)",https://pmc.ncbi.nlm.nih.gov/articles/PMC9987384/,verified-from-source,
EBMT activity survey,Europe (EBMT survey area),2022,CAR-T all,3205,patients,,214 centers in 28 countries reported 3205 CAR-T cellular therapies in 2022,"Passweg JR, Baldomero H et al. Hematopoietic cell transplantation and cellular therapies in Europe 2022. CAR-T activity continues to grow; transplant activity has slowed: a report from the EBMT. Bone Marrow Transplant 2024 (doi 10.1038/s41409-024-02248-9; PMC11161408)",https://pmc.ncbi.nlm.nih.gov/articles/PMC11161408/,verified-from-source,Median patients per country 28 (range 1-221 as printed; the upper bound conflicts with Germany's 659 in the DRST/EBMT survey) and median CAR-T rate 33.1 per 10 million. 52 allogeneic CAR-T patients in 17 centres in 12 countries; 3153 autologous (98.4%). Poster: 3 205 reported by 214 centres in 28 countries.
EBMT activity survey,Europe (EBMT survey area),2022,Lymphoma (HL/NHL),2259,patients,,"Lymphoma (n=2259; 70.5%), myeloma (n=470; 14.7%), ALL (n=380; 11.8%), and other malignancies (n=96; 3.0%)","EBMT Activity Survey Poster 2022 (Baldomero H, Passweg JR; Activity Survey Office, Basel)",https://www.ebmt.org/sites/default/files/2024-09/Activity%20survey%20Poster%202022.pdf,verified-from-source,
EBMT activity survey,Europe (EBMT survey area),2022,Myeloma,470,patients,,"Lymphoma (n=2259; 70.5%), myeloma (n=470; 14.7%), ALL (n=380; 11.8%), and other malignancies (n=96; 3.0%)","EBMT Activity Survey Poster 2022 (Baldomero H, Passweg JR; Activity Survey Office, Basel)",https://www.ebmt.org/sites/default/files/2024-09/Activity%20survey%20Poster%202022.pdf,verified-from-source,
EBMT activity survey,Europe (EBMT survey area),2022,ALL,380,patients,,"Lymphoma (n=2259; 70.5%), myeloma (n=470; 14.7%), ALL (n=380; 11.8%), and other malignancies (n=96; 3.0%)","EBMT Activity Survey Poster 2022 (Baldomero H, Passweg JR; Activity Survey Office, Basel)",https://www.ebmt.org/sites/default/files/2024-09/Activity%20survey%20Poster%202022.pdf,verified-from-source,
EBMT activity survey,Europe (EBMT survey area),2022,Other malignancies,96,patients,,"Lymphoma (n=2259; 70.5%), myeloma (n=470; 14.7%), ALL (n=380; 11.8%), and other malignancies (n=96; 3.0%)","EBMT Activity Survey Poster 2022 (Baldomero H, Passweg JR; Activity Survey Office, Basel)",https://www.ebmt.org/sites/default/files/2024-09/Activity%20survey%20Poster%202022.pdf,verified-from-source,
EBMT activity survey,Europe (EBMT survey area),2022,CAR-T all,9039,cumulative_patients,,The number of reported CAR-T therapies performed in Europe is increasing steadily and has reached a cumulative total of 9039 patients treated between 2018 and 2022,"Passweg JR, Baldomero H et al. Hematopoietic cell transplantation and cellular therapies in Europe 2022. CAR-T activity continues to grow; transplant activity has slowed: a report from the EBMT. Bone Marrow Transplant 2024 (doi 10.1038/s41409-024-02248-9; PMC11161408)",https://pmc.ncbi.nlm.nih.gov/articles/PMC11161408/,verified-from-source,2018-2022 cumulative from the annual survey (not the patient-level registry).
EBMT activity survey,Europe (EBMT survey area),2023,CAR-T all,4888,patients,,"CAR-T: 4 888 (+52.5%) ... over 13,000 CAR-T patients in Europe by 2023 (258 centers in 30 countries)","2023 EBMT Activity Survey poster, EBMT 2025 Annual Meeting (Atlija M, Kleovoulou I, Baldomero H, Passweg JR)",https://www.ebmt.org/sites/default/files/2025-12/EBMT%202025%20Annual%20Meeting%20Poster%20Activity%20Survey.pdf,verified-from-source,"Paper (PMC11971038) confirms 4,888 in 2023 (+52.5% vs 2022; 16.2-fold since 2018). Median patients per country 47 (range 1-1160; the maximum equals Germany's 1160 in the DRST/EBMT survey); median CAR-T rate 44.7 per 10 million. 85 allogeneic CAR-T patients in 19 centres in 12 countries."
EBMT activity survey,Europe (EBMT survey area),2023,B-cell NHL,3462,patients,,"The main indication for CAR-T cellular therapy since 2019 was B-NHL, increasing from 826 in 2019 to 3462 in 2023","2023 EBMT Activity Survey poster, EBMT 2025 Annual Meeting (Atlija M, Kleovoulou I, Baldomero H, Passweg JR)",https://www.ebmt.org/sites/default/files/2025-12/EBMT%202025%20Annual%20Meeting%20Poster%20Activity%20Survey.pdf,verified-from-source,"Table 2 of the 2023 report: B-cell NHL 3,462; myeloma 736; ALL 566; other 124."
EBMT activity survey,Europe (EBMT survey area),2023,Myeloma,736,patients,,"Myeloma: 736 patients (Table 2, as extracted)","Passweg JR, Baldomero H et al. The 2023 EBMT report on hematopoietic cell transplantation and cellular therapies. Increased use of allogeneic HCT for myeloid malignancies and of CAR-T at the expense of autologous HCT. Bone Marrow Transplant 2025 (doi 10.1038/s41409-025-02524-2; PMC11971038), full text read via Europe PMC",https://www.ebi.ac.uk/europepmc/webservices/rest/PMC11971038/fullTextXML,verified-from-source,
EBMT activity survey,Europe (EBMT survey area),2023,ALL,566,patients,,"ALL: 566 patients (Table 2, as extracted)","Passweg JR, Baldomero H et al. The 2023 EBMT report on hematopoietic cell transplantation and cellular therapies. Increased use of allogeneic HCT for myeloid malignancies and of CAR-T at the expense of autologous HCT. Bone Marrow Transplant 2025 (doi 10.1038/s41409-025-02524-2; PMC11971038), full text read via Europe PMC",https://www.ebi.ac.uk/europepmc/webservices/rest/PMC11971038/fullTextXML,verified-from-source,
EBMT activity survey,Europe (EBMT survey area),2023,Other indications,124,patients,,"Other indications: 124 patients (Table 2, as extracted)","Passweg JR, Baldomero H et al. The 2023 EBMT report on hematopoietic cell transplantation and cellular therapies. Increased use of allogeneic HCT for myeloid malignancies and of CAR-T at the expense of autologous HCT. Bone Marrow Transplant 2025 (doi 10.1038/s41409-025-02524-2; PMC11971038), full text read via Europe PMC",https://www.ebi.ac.uk/europepmc/webservices/rest/PMC11971038/fullTextXML,verified-from-source,
EBMT activity survey,Europe (EBMT survey area),2023,CAR-T all,13000,cumulative_patients,,"over 13,000 CAR-T patients in Europe by 2023 (258 centers in 30 countries)","2023 EBMT Activity Survey poster, EBMT 2025 Annual Meeting (Atlija M, Kleovoulou I, Baldomero H, Passweg JR)",https://www.ebmt.org/sites/default/files/2025-12/EBMT%202025%20Annual%20Meeting%20Poster%20Activity%20Survey.pdf,verified-from-source,"Lower bound; poster says 'over 13,000'. Sum of annual survey totals 2018-2023 = 13,927."
EBMT activity survey,Europe (EBMT survey area),2024,CAR-T all,6082,patients,,"CAR-T therapy reached 6,082 patients (+24.5% vs 2023), surpassing 20,000 since 2018 (as extracted)","Passweg JR, Baldomero H, Bader P et al. The 2024 EBMT activity report: crossing one million HCTs and 20,000 CAR-T. A landmark in cellular therapy. Bone Marrow Transplant 2026 (doi 10.1038/s41409-026-02919-9; PMC13349854), full text read via Europe PMC",https://www.ebi.ac.uk/europepmc/webservices/rest/PMC13349854/fullTextXML,verified-from-source,"Whole survey: 688 centres in 53 countries; number of CAR-T centres not separately extracted. Main text gives lymphoma about 70%, multiple myeloma 18%, ALL 8%; 91 CAR-T for solid tumours; autoimmune CAR-T +67% vs 2023 (percentages, no per-indication counts extracted)."
EBMT activity survey,Europe (EBMT survey area),2024,CAR-T all,20000,cumulative_patients,,"surpassing 20,000 since 2018 (as extracted; title: crossing one million HCTs and 20,000 CAR-T)","Passweg JR, Baldomero H, Bader P et al. The 2024 EBMT activity report: crossing one million HCTs and 20,000 CAR-T. A landmark in cellular therapy. Bone Marrow Transplant 2026 (doi 10.1038/s41409-026-02919-9; PMC13349854), full text read via Europe PMC",https://www.ebi.ac.uk/europepmc/webservices/rest/PMC13349854/fullTextXML,verified-from-source,"Lower bound. Sum of annual survey totals 2018-2024 = 20,009."
EBMT activity survey,Israel,2022,CAR-T all,,patients,231,CAR-T Rates per 10 Million Population (by country): Israel: 231/10^7; Switzerland: 145/10^7; France: 89/10^7; Netherlands: 80/10^7; Germany: 79/10^7 (as extracted),"Passweg JR, Baldomero H et al. Hematopoietic cell transplantation and cellular therapies in Europe 2022. CAR-T activity continues to grow; transplant activity has slowed: a report from the EBMT. Bone Marrow Transplant 2024 (doi 10.1038/s41409-024-02248-9; PMC11161408)",https://pmc.ncbi.nlm.nih.gov/articles/PMC11161408/,verified-from-source,Only these five countries are named in the text; patient counts per country are not printed. Germany count from the same survey is 659 (see DRST rows).
EBMT activity survey,Switzerland,2022,CAR-T all,,patients,145,CAR-T Rates per 10 Million Population (by country): Israel: 231/10^7; Switzerland: 145/10^7; France: 89/10^7; Netherlands: 80/10^7; Germany: 79/10^7 (as extracted),"Passweg JR, Baldomero H et al. Hematopoietic cell transplantation and cellular therapies in Europe 2022. CAR-T activity continues to grow; transplant activity has slowed: a report from the EBMT. Bone Marrow Transplant 2024 (doi 10.1038/s41409-024-02248-9; PMC11161408)",https://pmc.ncbi.nlm.nih.gov/articles/PMC11161408/,verified-from-source,Only these five countries are named in the text; patient counts per country are not printed. Germany count from the same survey is 659 (see DRST rows).
EBMT activity survey,France,2022,CAR-T all,,patients,89,CAR-T Rates per 10 Million Population (by country): Israel: 231/10^7; Switzerland: 145/10^7; France: 89/10^7; Netherlands: 80/10^7; Germany: 79/10^7 (as extracted),"Passweg JR, Baldomero H et al. Hematopoietic cell transplantation and cellular therapies in Europe 2022. CAR-T activity continues to grow; transplant activity has slowed: a report from the EBMT. Bone Marrow Transplant 2024 (doi 10.1038/s41409-024-02248-9; PMC11161408)",https://pmc.ncbi.nlm.nih.gov/articles/PMC11161408/,verified-from-source,Only these five countries are named in the text; patient counts per country are not printed. Germany count from the same survey is 659 (see DRST rows).
EBMT activity survey,Netherlands,2022,CAR-T all,,patients,80,CAR-T Rates per 10 Million Population (by country): Israel: 231/10^7; Switzerland: 145/10^7; France: 89/10^7; Netherlands: 80/10^7; Germany: 79/10^7 (as extracted),"Passweg JR, Baldomero H et al. Hematopoietic cell transplantation and cellular therapies in Europe 2022. CAR-T activity continues to grow; transplant activity has slowed: a report from the EBMT. Bone Marrow Transplant 2024 (doi 10.1038/s41409-024-02248-9; PMC11161408)",https://pmc.ncbi.nlm.nih.gov/articles/PMC11161408/,verified-from-source,Only these five countries are named in the text; patient counts per country are not printed. Germany count from the same survey is 659 (see DRST rows).
EBMT activity survey,Germany,2022,CAR-T all,,patients,79,CAR-T Rates per 10 Million Population (by country): Israel: 231/10^7; Switzerland: 145/10^7; France: 89/10^7; Netherlands: 80/10^7; Germany: 79/10^7 (as extracted),"Passweg JR, Baldomero H et al. Hematopoietic cell transplantation and cellular therapies in Europe 2022. CAR-T activity continues to grow; transplant activity has slowed: a report from the EBMT. Bone Marrow Transplant 2024 (doi 10.1038/s41409-024-02248-9; PMC11161408)",https://pmc.ncbi.nlm.nih.gov/articles/PMC11161408/,verified-from-source,Only these five countries are named in the text; patient counts per country are not printed. Germany count from the same survey is 659 (see DRST rows).
EBMT activity survey,Europe by country,2021,CAR-T all,,patients,,CAR-T rates per 10 million population in 2021 ranged from 2.0 in Ireland to 142 in Israel,"Passweg JR, Baldomero H et al. Hematopoietic cell transplantation and cellular therapies in Europe 2021. The second year of the SARS-CoV-2 pandemic. A Report from the EBMT Activity Survey. Bone Marrow Transplant 2023;58:647-658 (PMC9987384)",https://pmc.ncbi.nlm.nih.gov/articles/PMC9987384/,gap,Country-level CAR-T rates are shown only as Figure 7 (bar chart image) in the 2021 report; no table of counts per country. Supplementary file 41409_2023_1943_MOESM1_ESM.pdf is the list of participating centres.
EBMT activity survey,Europe by country,2022,CAR-T all,,patients,,"Supplementary figure 1c (144KB, tif) - CAR-T rates by country","Passweg JR, Baldomero H et al. Hematopoietic cell transplantation and cellular therapies in Europe 2022. CAR-T activity continues to grow; transplant activity has slowed: a report from the EBMT. Bone Marrow Transplant 2024 (doi 10.1038/s41409-024-02248-9; PMC11161408)",https://pmc.ncbi.nlm.nih.gov/articles/PMC11161408/,gap,Per-country 2022 CAR-T rates exist only as Supplementary Figure 1c (TIF image) of PMC11161408 and Fig 5 of the 2022 poster (map image); not readable as text. Companion paper supplement (41409_2024_2459_MOESM1_ESM.pdf) gives CAR-T counts for the 25 most active CENTRES in 2022: London UCLH 101; Lyon HCL 98; Tel Hashomer Sheba 85; Barcelona Hospital Clinic 81; Rennes 73; Lille 65; Wuerzburg 55; Jerusalem Hadassah 53; Leipzig 47; Madrid Gregorio Maranon 46; Marseille IPC 44; Berlin Charite 44; Sevilla Virgen del Rocio 43; Bern 43; London King's 43; Heidelberg 42; Salamanca 42; Birmingham QEH 41; Groningen 39; Pessac/Bordeaux 37; Goettingen 33; Zurich 32; Toulouse 31; Bologna 31; Tel Aviv Sourasky 30.
EBMT activity survey,Europe by country,2023,CAR-T all,,patients,,Fig 5: CAR-T therapy rates per 10 million population in 2023,"2023 EBMT Activity Survey poster, EBMT 2025 Annual Meeting (Atlija M, Kleovoulou I, Baldomero H, Passweg JR)",https://www.ebmt.org/sites/default/files/2025-12/EBMT%202025%20Annual%20Meeting%20Poster%20Activity%20Survey.pdf,gap,Per-country 2023 CAR-T rates shown only as a map image (poster Fig 5); the 2023 paper has no country table for CAR-T (Table 1/2 are by indication).
EBMT activity survey,Europe by country,2024,CAR-T all,,patients,,"Supplemental Figure 5. CAR-T rates in Europe in 2024 (per 10 million population). ... Supplemental Figure 6. Temporal patterns of CAR-T therapies across reporting countries, 2018-2024",Supplemental Appendix to Passweg et al. 2026 (41409_2026_2919_MOESM1_ESM.pdf),https://static-content.springer.com/esm/art%3A10.1038%2Fs41409-026-02919-9/MediaObjects/41409_2026_2919_MOESM1_ESM.pdf,gap,"Supplement contains a map in rate bands (0; 0.1-10; 10-50; 50-100; >100 per 10 million) and per-country line charts 2018-2024 for Austria, Belarus, Belgium, Croatia, Czech Republic, Denmark, Finland, France, Germany, Greece, Hungary, Iran, Ireland, Israel, Italy, Lithuania, Netherlands, Norway, Poland, Portugal, Romania, Russia, Saudi Arabia, Slovakia, Slovenia, Spain, Sweden, Switzerland, Turkey, United Kingdom; no numeric labels, so values cannot be extracted."
EBMT Registry (patient-level),Europe (EBMT survey area),2024,CAR-T all,10000,cumulative_patients,,"As of 2024, the EBMT Registry contains data on over 700,000 patients who have received a HCT procedure and over 10,000 patients who have received CAR T-cell therapy","EBMT press release, The EBMT reaches major milestone: 10,000 CAR-T treated patients registered in its Registry (Barcelona, 9 September 2024)","https://www.ebmt.org/sites/default/files/2024-09/EBMT-Press-Release-10,000%20CAR-T%20Patients%20Registered%20in%20the%20Registry.pdf",verified-from-source,Milestone reached 9 September 2024. Same document: Lille University Hospital started CAR-T in 2018 with six patients and had infused over 350 patients by September 2024.
EBMT Registry (patient-level),Europe (EBMT survey area),2024,CAR-T all,9000,cumulative_patients,,"The EBMT Registry received a positive opinion from the European Medicines Agency in 2019, and five years later contains information on more than 9,000 treated patients",Celebrating the registration of 9.000 patients treated with CAR T cells in the EBMT registry: Collection of real-world data in the context of hematopoietic cellular therapies. Best Pract Res Clin Haematol 2024 (PubMed 39098799),https://pubmed.ncbi.nlm.nih.gov/39098799/,provisional-from-snippet,Abstract snippet only (paper published mid-2024); full text (ScienceDirect S1521692624000239) not fetched. No per-year breakdown of registrations retrieved.
CIBMTR,United States,2016,CAR-T all,63,infusions,,"CAR-T infusions by indication, US, 2016-2024 (slide 37) - 2016 bar labels: Large B-cell lymphoma 27; Acute lymphoblastic leukemia 35; Multiple myeloma 1","CIBMTR US Summary Slides 2025 (Broglie L, Xu K, Oloyede T, Chen M, Allbee-Johnson M), slide 37 'CAR-T infusions by indication, US, 2016-2024'",https://cibmtr.org/Files/Summary-Slides--Reports/2025-Summary-Slides-Final-for-WEB.pdf,verified-from-source,Sum of the five indication segments read from the stacked bar (slide image OCR + visual check). Includes commercial and non-commercial (trial) CAR-T reported to CIBMTR; CIBMTR states it captures about 60-70% of US CAR-T therapies. Segments absent from the bar are counted as 0.
CIBMTR,United States,2016,Large B-cell lymphoma,27,infusions,,"CAR-T infusions by indication, US, 2016-2024 (slide 37) - 2016 bar label: Large B-cell lymphoma 27","CIBMTR US Summary Slides 2025 (Broglie L, Xu K, Oloyede T, Chen M, Allbee-Johnson M), slide 37 'CAR-T infusions by indication, US, 2016-2024'",https://cibmtr.org/Files/Summary-Slides--Reports/2025-Summary-Slides-Final-for-WEB.pdf,verified-from-source,Indication segment of the stacked bar on slide 37.
CIBMTR,United States,2016,Acute lymphoblastic leukemia,35,infusions,,"CAR-T infusions by indication, US, 2016-2024 (slide 37) - 2016 bar label: Acute lymphoblastic leukemia 35","CIBMTR US Summary Slides 2025 (Broglie L, Xu K, Oloyede T, Chen M, Allbee-Johnson M), slide 37 'CAR-T infusions by indication, US, 2016-2024'",https://cibmtr.org/Files/Summary-Slides--Reports/2025-Summary-Slides-Final-for-WEB.pdf,verified-from-source,Indication segment of the stacked bar on slide 37.
CIBMTR,United States,2016,Multiple myeloma,1,infusions,,"CAR-T infusions by indication, US, 2016-2024 (slide 37) - 2016 bar label: Multiple myeloma 1","CIBMTR US Summary Slides 2025 (Broglie L, Xu K, Oloyede T, Chen M, Allbee-Johnson M), slide 37 'CAR-T infusions by indication, US, 2016-2024'",https://cibmtr.org/Files/Summary-Slides--Reports/2025-Summary-Slides-Final-for-WEB.pdf,verified-from-source,Indication segment of the stacked bar on slide 37.
CIBMTR,United States,2017,CAR-T all,137,infusions,,"CAR-T infusions by indication, US, 2016-2024 (slide 37) - 2017 bar labels: Large B-cell lymphoma 44; Acute lymphoblastic leukemia 80; Mantle cell lymphoma 6; Follicular lymphoma 3; Multiple myeloma 4","CIBMTR US Summary Slides 2025 (Broglie L, Xu K, Oloyede T, Chen M, Allbee-Johnson M), slide 37 'CAR-T infusions by indication, US, 2016-2024'",https://cibmtr.org/Files/Summary-Slides--Reports/2025-Summary-Slides-Final-for-WEB.pdf,verified-from-source,Sum of the five indication segments read from the stacked bar (slide image OCR + visual check). Includes commercial and non-commercial (trial) CAR-T reported to CIBMTR; CIBMTR states it captures about 60-70% of US CAR-T therapies. Segments absent from the bar are counted as 0.
CIBMTR,United States,2017,Large B-cell lymphoma,44,infusions,,"CAR-T infusions by indication, US, 2016-2024 (slide 37) - 2017 bar label: Large B-cell lymphoma 44","CIBMTR US Summary Slides 2025 (Broglie L, Xu K, Oloyede T, Chen M, Allbee-Johnson M), slide 37 'CAR-T infusions by indication, US, 2016-2024'",https://cibmtr.org/Files/Summary-Slides--Reports/2025-Summary-Slides-Final-for-WEB.pdf,verified-from-source,Indication segment of the stacked bar on slide 37.
CIBMTR,United States,2017,Acute lymphoblastic leukemia,80,infusions,,"CAR-T infusions by indication, US, 2016-2024 (slide 37) - 2017 bar label: Acute lymphoblastic leukemia 80","CIBMTR US Summary Slides 2025 (Broglie L, Xu K, Oloyede T, Chen M, Allbee-Johnson M), slide 37 'CAR-T infusions by indication, US, 2016-2024'",https://cibmtr.org/Files/Summary-Slides--Reports/2025-Summary-Slides-Final-for-WEB.pdf,verified-from-source,Indication segment of the stacked bar on slide 37.
CIBMTR,United States,2017,Mantle cell lymphoma,6,infusions,,"CAR-T infusions by indication, US, 2016-2024 (slide 37) - 2017 bar label: Mantle cell lymphoma 6","CIBMTR US Summary Slides 2025 (Broglie L, Xu K, Oloyede T, Chen M, Allbee-Johnson M), slide 37 'CAR-T infusions by indication, US, 2016-2024'",https://cibmtr.org/Files/Summary-Slides--Reports/2025-Summary-Slides-Final-for-WEB.pdf,verified-from-source,Indication segment of the stacked bar on slide 37.
CIBMTR,United States,2017,Follicular lymphoma,3,infusions,,"CAR-T infusions by indication, US, 2016-2024 (slide 37) - 2017 bar label: Follicular lymphoma 3","CIBMTR US Summary Slides 2025 (Broglie L, Xu K, Oloyede T, Chen M, Allbee-Johnson M), slide 37 'CAR-T infusions by indication, US, 2016-2024'",https://cibmtr.org/Files/Summary-Slides--Reports/2025-Summary-Slides-Final-for-WEB.pdf,verified-from-source,Indication segment of the stacked bar on slide 37.
CIBMTR,United States,2017,Multiple myeloma,4,infusions,,"CAR-T infusions by indication, US, 2016-2024 (slide 37) - 2017 bar label: Multiple myeloma 4","CIBMTR US Summary Slides 2025 (Broglie L, Xu K, Oloyede T, Chen M, Allbee-Johnson M), slide 37 'CAR-T infusions by indication, US, 2016-2024'",https://cibmtr.org/Files/Summary-Slides--Reports/2025-Summary-Slides-Final-for-WEB.pdf,verified-from-source,Indication segment of the stacked bar on slide 37.
CIBMTR,United States,2018,CAR-T all,910,infusions,,"CAR-T infusions by indication, US, 2016-2024 (slide 37) - 2018 bar labels: Large B-cell lymphoma 617; Acute lymphoblastic leukemia 191; Mantle cell lymphoma 16; Follicular lymphoma 22; Multiple myeloma 64","CIBMTR US Summary Slides 2025 (Broglie L, Xu K, Oloyede T, Chen M, Allbee-Johnson M), slide 37 'CAR-T infusions by indication, US, 2016-2024'",https://cibmtr.org/Files/Summary-Slides--Reports/2025-Summary-Slides-Final-for-WEB.pdf,verified-from-source,Sum of the five indication segments read from the stacked bar (slide image OCR + visual check). Includes commercial and non-commercial (trial) CAR-T reported to CIBMTR; CIBMTR states it captures about 60-70% of US CAR-T therapies. Segments absent from the bar are counted as 0.
CIBMTR,United States,2018,Large B-cell lymphoma,617,infusions,,"CAR-T infusions by indication, US, 2016-2024 (slide 37) - 2018 bar label: Large B-cell lymphoma 617","CIBMTR US Summary Slides 2025 (Broglie L, Xu K, Oloyede T, Chen M, Allbee-Johnson M), slide 37 'CAR-T infusions by indication, US, 2016-2024'",https://cibmtr.org/Files/Summary-Slides--Reports/2025-Summary-Slides-Final-for-WEB.pdf,verified-from-source,Indication segment of the stacked bar on slide 37.
CIBMTR,United States,2018,Acute lymphoblastic leukemia,191,infusions,,"CAR-T infusions by indication, US, 2016-2024 (slide 37) - 2018 bar label: Acute lymphoblastic leukemia 191","CIBMTR US Summary Slides 2025 (Broglie L, Xu K, Oloyede T, Chen M, Allbee-Johnson M), slide 37 'CAR-T infusions by indication, US, 2016-2024'",https://cibmtr.org/Files/Summary-Slides--Reports/2025-Summary-Slides-Final-for-WEB.pdf,verified-from-source,Indication segment of the stacked bar on slide 37.
CIBMTR,United States,2018,Mantle cell lymphoma,16,infusions,,"CAR-T infusions by indication, US, 2016-2024 (slide 37) - 2018 bar label: Mantle cell lymphoma 16","CIBMTR US Summary Slides 2025 (Broglie L, Xu K, Oloyede T, Chen M, Allbee-Johnson M), slide 37 'CAR-T infusions by indication, US, 2016-2024'",https://cibmtr.org/Files/Summary-Slides--Reports/2025-Summary-Slides-Final-for-WEB.pdf,verified-from-source,Indication segment of the stacked bar on slide 37.
CIBMTR,United States,2018,Follicular lymphoma,22,infusions,,"CAR-T infusions by indication, US, 2016-2024 (slide 37) - 2018 bar label: Follicular lymphoma 22","CIBMTR US Summary Slides 2025 (Broglie L, Xu K, Oloyede T, Chen M, Allbee-Johnson M), slide 37 'CAR-T infusions by indication, US, 2016-2024'",https://cibmtr.org/Files/Summary-Slides--Reports/2025-Summary-Slides-Final-for-WEB.pdf,verified-from-source,Indication segment of the stacked bar on slide 37.
CIBMTR,United States,2018,Multiple myeloma,64,infusions,,"CAR-T infusions by indication, US, 2016-2024 (slide 37) - 2018 bar label: Multiple myeloma 64","CIBMTR US Summary Slides 2025 (Broglie L, Xu K, Oloyede T, Chen M, Allbee-Johnson M), slide 37 'CAR-T infusions by indication, US, 2016-2024'",https://cibmtr.org/Files/Summary-Slides--Reports/2025-Summary-Slides-Final-for-WEB.pdf,verified-from-source,Indication segment of the stacked bar on slide 37.
CIBMTR,United States,2019,CAR-T all,1525,infusions,,"CAR-T infusions by indication, US, 2016-2024 (slide 37) - 2019 bar labels: Large B-cell lymphoma 1135; Acute lymphoblastic leukemia 277; Mantle cell lymphoma 6; Follicular lymphoma 27; Multiple myeloma 80","CIBMTR US Summary Slides 2025 (Broglie L, Xu K, Oloyede T, Chen M, Allbee-Johnson M), slide 37 'CAR-T infusions by indication, US, 2016-2024'",https://cibmtr.org/Files/Summary-Slides--Reports/2025-Summary-Slides-Final-for-WEB.pdf,verified-from-source,Sum of the five indication segments read from the stacked bar (slide image OCR + visual check). Includes commercial and non-commercial (trial) CAR-T reported to CIBMTR; CIBMTR states it captures about 60-70% of US CAR-T therapies. Segments absent from the bar are counted as 0.
CIBMTR,United States,2019,Large B-cell lymphoma,1135,infusions,,"CAR-T infusions by indication, US, 2016-2024 (slide 37) - 2019 bar label: Large B-cell lymphoma 1135","CIBMTR US Summary Slides 2025 (Broglie L, Xu K, Oloyede T, Chen M, Allbee-Johnson M), slide 37 'CAR-T infusions by indication, US, 2016-2024'",https://cibmtr.org/Files/Summary-Slides--Reports/2025-Summary-Slides-Final-for-WEB.pdf,verified-from-source,Indication segment of the stacked bar on slide 37.
CIBMTR,United States,2019,Acute lymphoblastic leukemia,277,infusions,,"CAR-T infusions by indication, US, 2016-2024 (slide 37) - 2019 bar label: Acute lymphoblastic leukemia 277","CIBMTR US Summary Slides 2025 (Broglie L, Xu K, Oloyede T, Chen M, Allbee-Johnson M), slide 37 'CAR-T infusions by indication, US, 2016-2024'",https://cibmtr.org/Files/Summary-Slides--Reports/2025-Summary-Slides-Final-for-WEB.pdf,verified-from-source,Indication segment of the stacked bar on slide 37.
CIBMTR,United States,2019,Mantle cell lymphoma,6,infusions,,"CAR-T infusions by indication, US, 2016-2024 (slide 37) - 2019 bar label: Mantle cell lymphoma 6","CIBMTR US Summary Slides 2025 (Broglie L, Xu K, Oloyede T, Chen M, Allbee-Johnson M), slide 37 'CAR-T infusions by indication, US, 2016-2024'",https://cibmtr.org/Files/Summary-Slides--Reports/2025-Summary-Slides-Final-for-WEB.pdf,verified-from-source,Indication segment of the stacked bar on slide 37.
CIBMTR,United States,2019,Follicular lymphoma,27,infusions,,"CAR-T infusions by indication, US, 2016-2024 (slide 37) - 2019 bar label: Follicular lymphoma 27","CIBMTR US Summary Slides 2025 (Broglie L, Xu K, Oloyede T, Chen M, Allbee-Johnson M), slide 37 'CAR-T infusions by indication, US, 2016-2024'",https://cibmtr.org/Files/Summary-Slides--Reports/2025-Summary-Slides-Final-for-WEB.pdf,verified-from-source,Indication segment of the stacked bar on slide 37.
CIBMTR,United States,2019,Multiple myeloma,80,infusions,,"CAR-T infusions by indication, US, 2016-2024 (slide 37) - 2019 bar label: Multiple myeloma 80","CIBMTR US Summary Slides 2025 (Broglie L, Xu K, Oloyede T, Chen M, Allbee-Johnson M), slide 37 'CAR-T infusions by indication, US, 2016-2024'",https://cibmtr.org/Files/Summary-Slides--Reports/2025-Summary-Slides-Final-for-WEB.pdf,verified-from-source,Indication segment of the stacked bar on slide 37.
CIBMTR,United States,2020,CAR-T all,1690,infusions,,"CAR-T infusions by indication, US, 2016-2024 (slide 37) - 2020 bar labels: Large B-cell lymphoma 1266; Acute lymphoblastic leukemia 230; Mantle cell lymphoma 88; Follicular lymphoma 18; Multiple myeloma 88","CIBMTR US Summary Slides 2025 (Broglie L, Xu K, Oloyede T, Chen M, Allbee-Johnson M), slide 37 'CAR-T infusions by indication, US, 2016-2024'",https://cibmtr.org/Files/Summary-Slides--Reports/2025-Summary-Slides-Final-for-WEB.pdf,verified-from-source,Sum of the five indication segments read from the stacked bar (slide image OCR + visual check). Includes commercial and non-commercial (trial) CAR-T reported to CIBMTR; CIBMTR states it captures about 60-70% of US CAR-T therapies. Segments absent from the bar are counted as 0.
CIBMTR,United States,2020,Large B-cell lymphoma,1266,infusions,,"CAR-T infusions by indication, US, 2016-2024 (slide 37) - 2020 bar label: Large B-cell lymphoma 1266","CIBMTR US Summary Slides 2025 (Broglie L, Xu K, Oloyede T, Chen M, Allbee-Johnson M), slide 37 'CAR-T infusions by indication, US, 2016-2024'",https://cibmtr.org/Files/Summary-Slides--Reports/2025-Summary-Slides-Final-for-WEB.pdf,verified-from-source,Indication segment of the stacked bar on slide 37.
CIBMTR,United States,2020,Acute lymphoblastic leukemia,230,infusions,,"CAR-T infusions by indication, US, 2016-2024 (slide 37) - 2020 bar label: Acute lymphoblastic leukemia 230","CIBMTR US Summary Slides 2025 (Broglie L, Xu K, Oloyede T, Chen M, Allbee-Johnson M), slide 37 'CAR-T infusions by indication, US, 2016-2024'",https://cibmtr.org/Files/Summary-Slides--Reports/2025-Summary-Slides-Final-for-WEB.pdf,verified-from-source,Indication segment of the stacked bar on slide 37.
CIBMTR,United States,2020,Mantle cell lymphoma,88,infusions,,"CAR-T infusions by indication, US, 2016-2024 (slide 37) - 2020 bar label: Mantle cell lymphoma 88","CIBMTR US Summary Slides 2025 (Broglie L, Xu K, Oloyede T, Chen M, Allbee-Johnson M), slide 37 'CAR-T infusions by indication, US, 2016-2024'",https://cibmtr.org/Files/Summary-Slides--Reports/2025-Summary-Slides-Final-for-WEB.pdf,verified-from-source,Indication segment of the stacked bar on slide 37.
CIBMTR,United States,2020,Follicular lymphoma,18,infusions,,"CAR-T infusions by indication, US, 2016-2024 (slide 37) - 2020 bar label: Follicular lymphoma 18","CIBMTR US Summary Slides 2025 (Broglie L, Xu K, Oloyede T, Chen M, Allbee-Johnson M), slide 37 'CAR-T infusions by indication, US, 2016-2024'",https://cibmtr.org/Files/Summary-Slides--Reports/2025-Summary-Slides-Final-for-WEB.pdf,verified-from-source,Indication segment of the stacked bar on slide 37.
CIBMTR,United States,2020,Multiple myeloma,88,infusions,,"CAR-T infusions by indication, US, 2016-2024 (slide 37) - 2020 bar label: Multiple myeloma 88","CIBMTR US Summary Slides 2025 (Broglie L, Xu K, Oloyede T, Chen M, Allbee-Johnson M), slide 37 'CAR-T infusions by indication, US, 2016-2024'",https://cibmtr.org/Files/Summary-Slides--Reports/2025-Summary-Slides-Final-for-WEB.pdf,verified-from-source,Indication segment of the stacked bar on slide 37.
CIBMTR,United States,2021,CAR-T all,2312,infusions,,"CAR-T infusions by indication, US, 2016-2024 (slide 37) - 2021 bar labels: Large B-cell lymphoma 1237; Acute lymphoblastic leukemia 241; Mantle cell lymphoma 272; Follicular lymphoma 186; Multiple myeloma 376","CIBMTR US Summary Slides 2025 (Broglie L, Xu K, Oloyede T, Chen M, Allbee-Johnson M), slide 37 'CAR-T infusions by indication, US, 2016-2024'",https://cibmtr.org/Files/Summary-Slides--Reports/2025-Summary-Slides-Final-for-WEB.pdf,verified-from-source,Sum of the five indication segments read from the stacked bar (slide image OCR + visual check). Includes commercial and non-commercial (trial) CAR-T reported to CIBMTR; CIBMTR states it captures about 60-70% of US CAR-T therapies. Segments absent from the bar are counted as 0.
CIBMTR,United States,2021,Large B-cell lymphoma,1237,infusions,,"CAR-T infusions by indication, US, 2016-2024 (slide 37) - 2021 bar label: Large B-cell lymphoma 1237","CIBMTR US Summary Slides 2025 (Broglie L, Xu K, Oloyede T, Chen M, Allbee-Johnson M), slide 37 'CAR-T infusions by indication, US, 2016-2024'",https://cibmtr.org/Files/Summary-Slides--Reports/2025-Summary-Slides-Final-for-WEB.pdf,verified-from-source,Indication segment of the stacked bar on slide 37.
CIBMTR,United States,2021,Acute lymphoblastic leukemia,241,infusions,,"CAR-T infusions by indication, US, 2016-2024 (slide 37) - 2021 bar label: Acute lymphoblastic leukemia 241","CIBMTR US Summary Slides 2025 (Broglie L, Xu K, Oloyede T, Chen M, Allbee-Johnson M), slide 37 'CAR-T infusions by indication, US, 2016-2024'",https://cibmtr.org/Files/Summary-Slides--Reports/2025-Summary-Slides-Final-for-WEB.pdf,verified-from-source,Indication segment of the stacked bar on slide 37.
CIBMTR,United States,2021,Mantle cell lymphoma,272,infusions,,"CAR-T infusions by indication, US, 2016-2024 (slide 37) - 2021 bar label: Mantle cell lymphoma 272","CIBMTR US Summary Slides 2025 (Broglie L, Xu K, Oloyede T, Chen M, Allbee-Johnson M), slide 37 'CAR-T infusions by indication, US, 2016-2024'",https://cibmtr.org/Files/Summary-Slides--Reports/2025-Summary-Slides-Final-for-WEB.pdf,verified-from-source,Indication segment of the stacked bar on slide 37.
CIBMTR,United States,2021,Follicular lymphoma,186,infusions,,"CAR-T infusions by indication, US, 2016-2024 (slide 37) - 2021 bar label: Follicular lymphoma 186","CIBMTR US Summary Slides 2025 (Broglie L, Xu K, Oloyede T, Chen M, Allbee-Johnson M), slide 37 'CAR-T infusions by indication, US, 2016-2024'",https://cibmtr.org/Files/Summary-Slides--Reports/2025-Summary-Slides-Final-for-WEB.pdf,verified-from-source,Indication segment of the stacked bar on slide 37.
CIBMTR,United States,2021,Multiple myeloma,376,infusions,,"CAR-T infusions by indication, US, 2016-2024 (slide 37) - 2021 bar label: Multiple myeloma 376","CIBMTR US Summary Slides 2025 (Broglie L, Xu K, Oloyede T, Chen M, Allbee-Johnson M), slide 37 'CAR-T infusions by indication, US, 2016-2024'",https://cibmtr.org/Files/Summary-Slides--Reports/2025-Summary-Slides-Final-for-WEB.pdf,verified-from-source,Indication segment of the stacked bar on slide 37.
CIBMTR,United States,2022,CAR-T all,3761,infusions,,"CAR-T infusions by indication, US, 2016-2024 (slide 37) - 2022 bar labels: Large B-cell lymphoma 1901; Acute lymphoblastic leukemia 409; Mantle cell lymphoma 282; Follicular lymphoma 238; Multiple myeloma 931","CIBMTR US Summary Slides 2025 (Broglie L, Xu K, Oloyede T, Chen M, Allbee-Johnson M), slide 37 'CAR-T infusions by indication, US, 2016-2024'",https://cibmtr.org/Files/Summary-Slides--Reports/2025-Summary-Slides-Final-for-WEB.pdf,verified-from-source,Sum of the five indication segments read from the stacked bar (slide image OCR + visual check). Includes commercial and non-commercial (trial) CAR-T reported to CIBMTR; CIBMTR states it captures about 60-70% of US CAR-T therapies. Segments absent from the bar are counted as 0.
CIBMTR,United States,2022,Large B-cell lymphoma,1901,infusions,,"CAR-T infusions by indication, US, 2016-2024 (slide 37) - 2022 bar label: Large B-cell lymphoma 1901","CIBMTR US Summary Slides 2025 (Broglie L, Xu K, Oloyede T, Chen M, Allbee-Johnson M), slide 37 'CAR-T infusions by indication, US, 2016-2024'",https://cibmtr.org/Files/Summary-Slides--Reports/2025-Summary-Slides-Final-for-WEB.pdf,verified-from-source,Indication segment of the stacked bar on slide 37.
CIBMTR,United States,2022,Acute lymphoblastic leukemia,409,infusions,,"CAR-T infusions by indication, US, 2016-2024 (slide 37) - 2022 bar label: Acute lymphoblastic leukemia 409","CIBMTR US Summary Slides 2025 (Broglie L, Xu K, Oloyede T, Chen M, Allbee-Johnson M), slide 37 'CAR-T infusions by indication, US, 2016-2024'",https://cibmtr.org/Files/Summary-Slides--Reports/2025-Summary-Slides-Final-for-WEB.pdf,verified-from-source,Indication segment of the stacked bar on slide 37.
CIBMTR,United States,2022,Mantle cell lymphoma,282,infusions,,"CAR-T infusions by indication, US, 2016-2024 (slide 37) - 2022 bar label: Mantle cell lymphoma 282","CIBMTR US Summary Slides 2025 (Broglie L, Xu K, Oloyede T, Chen M, Allbee-Johnson M), slide 37 'CAR-T infusions by indication, US, 2016-2024'",https://cibmtr.org/Files/Summary-Slides--Reports/2025-Summary-Slides-Final-for-WEB.pdf,verified-from-source,Indication segment of the stacked bar on slide 37.
CIBMTR,United States,2022,Follicular lymphoma,238,infusions,,"CAR-T infusions by indication, US, 2016-2024 (slide 37) - 2022 bar label: Follicular lymphoma 238","CIBMTR US Summary Slides 2025 (Broglie L, Xu K, Oloyede T, Chen M, Allbee-Johnson M), slide 37 'CAR-T infusions by indication, US, 2016-2024'",https://cibmtr.org/Files/Summary-Slides--Reports/2025-Summary-Slides-Final-for-WEB.pdf,verified-from-source,Indication segment of the stacked bar on slide 37.
CIBMTR,United States,2022,Multiple myeloma,931,infusions,,"CAR-T infusions by indication, US, 2016-2024 (slide 37) - 2022 bar label: Multiple myeloma 931","CIBMTR US Summary Slides 2025 (Broglie L, Xu K, Oloyede T, Chen M, Allbee-Johnson M), slide 37 'CAR-T infusions by indication, US, 2016-2024'",https://cibmtr.org/Files/Summary-Slides--Reports/2025-Summary-Slides-Final-for-WEB.pdf,verified-from-source,Indication segment of the stacked bar on slide 37.
CIBMTR,United States,2023,CAR-T all,4903,infusions,,"CAR-T infusions by indication, US, 2016-2024 (slide 37) - 2023 bar labels: Large B-cell lymphoma 2193; Acute lymphoblastic leukemia 461; Mantle cell lymphoma 292; Follicular lymphoma 337; Multiple myeloma 1620","CIBMTR US Summary Slides 2025 (Broglie L, Xu K, Oloyede T, Chen M, Allbee-Johnson M), slide 37 'CAR-T infusions by indication, US, 2016-2024'",https://cibmtr.org/Files/Summary-Slides--Reports/2025-Summary-Slides-Final-for-WEB.pdf,verified-from-source,Sum of the five indication segments read from the stacked bar (slide image OCR + visual check). Includes commercial and non-commercial (trial) CAR-T reported to CIBMTR; CIBMTR states it captures about 60-70% of US CAR-T therapies. Segments absent from the bar are counted as 0.
CIBMTR,United States,2023,Large B-cell lymphoma,2193,infusions,,"CAR-T infusions by indication, US, 2016-2024 (slide 37) - 2023 bar label: Large B-cell lymphoma 2193","CIBMTR US Summary Slides 2025 (Broglie L, Xu K, Oloyede T, Chen M, Allbee-Johnson M), slide 37 'CAR-T infusions by indication, US, 2016-2024'",https://cibmtr.org/Files/Summary-Slides--Reports/2025-Summary-Slides-Final-for-WEB.pdf,verified-from-source,Indication segment of the stacked bar on slide 37.
CIBMTR,United States,2023,Acute lymphoblastic leukemia,461,infusions,,"CAR-T infusions by indication, US, 2016-2024 (slide 37) - 2023 bar label: Acute lymphoblastic leukemia 461","CIBMTR US Summary Slides 2025 (Broglie L, Xu K, Oloyede T, Chen M, Allbee-Johnson M), slide 37 'CAR-T infusions by indication, US, 2016-2024'",https://cibmtr.org/Files/Summary-Slides--Reports/2025-Summary-Slides-Final-for-WEB.pdf,verified-from-source,Indication segment of the stacked bar on slide 37.
CIBMTR,United States,2023,Mantle cell lymphoma,292,infusions,,"CAR-T infusions by indication, US, 2016-2024 (slide 37) - 2023 bar label: Mantle cell lymphoma 292","CIBMTR US Summary Slides 2025 (Broglie L, Xu K, Oloyede T, Chen M, Allbee-Johnson M), slide 37 'CAR-T infusions by indication, US, 2016-2024'",https://cibmtr.org/Files/Summary-Slides--Reports/2025-Summary-Slides-Final-for-WEB.pdf,verified-from-source,Indication segment of the stacked bar on slide 37.
CIBMTR,United States,2023,Follicular lymphoma,337,infusions,,"CAR-T infusions by indication, US, 2016-2024 (slide 37) - 2023 bar label: Follicular lymphoma 337","CIBMTR US Summary Slides 2025 (Broglie L, Xu K, Oloyede T, Chen M, Allbee-Johnson M), slide 37 'CAR-T infusions by indication, US, 2016-2024'",https://cibmtr.org/Files/Summary-Slides--Reports/2025-Summary-Slides-Final-for-WEB.pdf,verified-from-source,Indication segment of the stacked bar on slide 37.
CIBMTR,United States,2023,Multiple myeloma,1620,infusions,,"CAR-T infusions by indication, US, 2016-2024 (slide 37) - 2023 bar label: Multiple myeloma 1620","CIBMTR US Summary Slides 2025 (Broglie L, Xu K, Oloyede T, Chen M, Allbee-Johnson M), slide 37 'CAR-T infusions by indication, US, 2016-2024'",https://cibmtr.org/Files/Summary-Slides--Reports/2025-Summary-Slides-Final-for-WEB.pdf,verified-from-source,Indication segment of the stacked bar on slide 37.
CIBMTR,United States,2024,CAR-T all,5266,infusions,,"CAR-T infusions by indication, US, 2016-2024 (slide 37) - 2024 bar labels: Large B-cell lymphoma 2140; Acute lymphoblastic leukemia 494; Mantle cell lymphoma 302; Follicular lymphoma 247; Multiple myeloma 2083","CIBMTR US Summary Slides 2025 (Broglie L, Xu K, Oloyede T, Chen M, Allbee-Johnson M), slide 37 'CAR-T infusions by indication, US, 2016-2024'",https://cibmtr.org/Files/Summary-Slides--Reports/2025-Summary-Slides-Final-for-WEB.pdf,verified-from-source,Sum of the five indication segments read from the stacked bar (slide image OCR + visual check). Includes commercial and non-commercial (trial) CAR-T reported to CIBMTR; CIBMTR states it captures about 60-70% of US CAR-T therapies. Segments absent from the bar are counted as 0.
CIBMTR,United States,2024,Large B-cell lymphoma,2140,infusions,,"CAR-T infusions by indication, US, 2016-2024 (slide 37) - 2024 bar label: Large B-cell lymphoma 2140","CIBMTR US Summary Slides 2025 (Broglie L, Xu K, Oloyede T, Chen M, Allbee-Johnson M), slide 37 'CAR-T infusions by indication, US, 2016-2024'",https://cibmtr.org/Files/Summary-Slides--Reports/2025-Summary-Slides-Final-for-WEB.pdf,verified-from-source,Indication segment of the stacked bar on slide 37.
CIBMTR,United States,2024,Acute lymphoblastic leukemia,494,infusions,,"CAR-T infusions by indication, US, 2016-2024 (slide 37) - 2024 bar label: Acute lymphoblastic leukemia 494","CIBMTR US Summary Slides 2025 (Broglie L, Xu K, Oloyede T, Chen M, Allbee-Johnson M), slide 37 'CAR-T infusions by indication, US, 2016-2024'",https://cibmtr.org/Files/Summary-Slides--Reports/2025-Summary-Slides-Final-for-WEB.pdf,verified-from-source,Indication segment of the stacked bar on slide 37.
CIBMTR,United States,2024,Mantle cell lymphoma,302,infusions,,"CAR-T infusions by indication, US, 2016-2024 (slide 37) - 2024 bar label: Mantle cell lymphoma 302","CIBMTR US Summary Slides 2025 (Broglie L, Xu K, Oloyede T, Chen M, Allbee-Johnson M), slide 37 'CAR-T infusions by indication, US, 2016-2024'",https://cibmtr.org/Files/Summary-Slides--Reports/2025-Summary-Slides-Final-for-WEB.pdf,verified-from-source,Indication segment of the stacked bar on slide 37.
CIBMTR,United States,2024,Follicular lymphoma,247,infusions,,"CAR-T infusions by indication, US, 2016-2024 (slide 37) - 2024 bar label: Follicular lymphoma 247","CIBMTR US Summary Slides 2025 (Broglie L, Xu K, Oloyede T, Chen M, Allbee-Johnson M), slide 37 'CAR-T infusions by indication, US, 2016-2024'",https://cibmtr.org/Files/Summary-Slides--Reports/2025-Summary-Slides-Final-for-WEB.pdf,verified-from-source,Indication segment of the stacked bar on slide 37.
CIBMTR,United States,2024,Multiple myeloma,2083,infusions,,"CAR-T infusions by indication, US, 2016-2024 (slide 37) - 2024 bar label: Multiple myeloma 2083","CIBMTR US Summary Slides 2025 (Broglie L, Xu K, Oloyede T, Chen M, Allbee-Johnson M), slide 37 'CAR-T infusions by indication, US, 2016-2024'",https://cibmtr.org/Files/Summary-Slides--Reports/2025-Summary-Slides-Final-for-WEB.pdf,verified-from-source,Indication segment of the stacked bar on slide 37.
CIBMTR,United States,2023,CAR-T all,10347,cumulative_patients,,"As of September of 2023, CIBMTR has information from 253,127 first autologous HCT recipients, 183,327 first allogeneic HCT recipients, and 10,347 first CAR-T recipients","Current Trends and Outcomes in Cellular Therapy Activity in the United States, Including Prospective Patient-Reported Outcomes Data Collection in the CIBMTR Registry. Transplant Cell Ther 2024 (doi 10.1016/j.jtct.2024.06.021; PMC11587342), read via NCBI efetch",https://pmc.ncbi.nlm.nih.gov/articles/PMC11587342/,verified-from-source,"First CAR-T recipients with data in CIBMTR as of September 2023. Same paper: 'CIBMTR also collects information submitted on a voluntary basis for about 85% of all autologous HCTs in the U.S. and 60-70% of CAR-T therapies, beginning in July 2016.'"
CIBMTR,United States,2022,Large B-cell lymphoma (DLBCL),6119,cumulative_patients,,"6,119 patients received CAR-T for DLBCL during 2017-2022 (as extracted)","Current Activity Trends and Outcomes in Hematopoietic Cell Transplantation and Cellular Therapy - A Report from the CIBMTR. Transplant Cell Ther 2025 (doi 10.1016/j.jtct.2025.05.014; PMC12302970), read via NCBI efetch",https://pmc.ncbi.nlm.nih.gov/articles/PMC12302970/,verified-from-source,Cumulative 2017-2022. Same paper: LBCL was the most common commercial CAR-T indication 2016-2023 (56% of all cases).
CIBMTR,United States,2022,Acute lymphoblastic leukemia,1418,cumulative_patients,,"1,418 patients received first CAR-T infusion during 2017-2022 (as extracted)","Current Activity Trends and Outcomes in Hematopoietic Cell Transplantation and Cellular Therapy - A Report from the CIBMTR. Transplant Cell Ther 2025 (doi 10.1016/j.jtct.2025.05.014; PMC12302970), read via NCBI efetch",https://pmc.ncbi.nlm.nih.gov/articles/PMC12302970/,verified-from-source,"Cumulative 2017-2022, first CAR-T infusions for ALL."
DRST / DRST-EBMT activity survey,Germany,2021,CAR-T all,437,patients,,Tabelle 3.9 Gesamt 2021: autolog 433 allogen 4,"DRST (Deutsches Register fuer haematopoetische Stammzelltransplantation und Zelltherapie) Jahresbericht 2025, section 3.4 CAR-T-Zell-Therapien in Deutschland, Tabelle 3.9 and 3.10",https://drst.de/wp-content/uploads/2026/07/DRST_JB_2025_final.pdf,verified-from-source,Source: DRST/EBMT Survey on Transplant and Cellular Therapy Activity (the German input to the EBMT survey). Up to survey 2023 = patients receiving one or more CAR-T in the year; from survey 2024 = first CAR-T therapies only (additional CAR-T excluded). Text: 'Im Jahr 2025 stieg die Zahl der gemeldeten CAR-T-Zell-Therapien im Vergleich zum Vorjahr erneut deutlich auf 1820 Faelle (+26%)'. Germany 2023 (1160) equals the maximum country value in the EBMT 2023 survey (range 1-1160).
DRST / DRST-EBMT activity survey,Germany,2022,CAR-T all,659,patients,,Tabelle 3.9 Gesamt 2022: autolog 657 allogen 2,"DRST (Deutsches Register fuer haematopoetische Stammzelltransplantation und Zelltherapie) Jahresbericht 2025, section 3.4 CAR-T-Zell-Therapien in Deutschland, Tabelle 3.9 and 3.10",https://drst.de/wp-content/uploads/2026/07/DRST_JB_2025_final.pdf,verified-from-source,Source: DRST/EBMT Survey on Transplant and Cellular Therapy Activity (the German input to the EBMT survey). Up to survey 2023 = patients receiving one or more CAR-T in the year; from survey 2024 = first CAR-T therapies only (additional CAR-T excluded). Text: 'Im Jahr 2025 stieg die Zahl der gemeldeten CAR-T-Zell-Therapien im Vergleich zum Vorjahr erneut deutlich auf 1820 Faelle (+26%)'. Germany 2023 (1160) equals the maximum country value in the EBMT 2023 survey (range 1-1160).
DRST / DRST-EBMT activity survey,Germany,2023,CAR-T all,1160,patients,,Tabelle 3.9 Gesamt 2023: autolog 1157 allogen 3,"DRST (Deutsches Register fuer haematopoetische Stammzelltransplantation und Zelltherapie) Jahresbericht 2025, section 3.4 CAR-T-Zell-Therapien in Deutschland, Tabelle 3.9 and 3.10",https://drst.de/wp-content/uploads/2026/07/DRST_JB_2025_final.pdf,verified-from-source,Source: DRST/EBMT Survey on Transplant and Cellular Therapy Activity (the German input to the EBMT survey). Up to survey 2023 = patients receiving one or more CAR-T in the year; from survey 2024 = first CAR-T therapies only (additional CAR-T excluded). Text: 'Im Jahr 2025 stieg die Zahl der gemeldeten CAR-T-Zell-Therapien im Vergleich zum Vorjahr erneut deutlich auf 1820 Faelle (+26%)'. Germany 2023 (1160) equals the maximum country value in the EBMT 2023 survey (range 1-1160).
DRST / DRST-EBMT activity survey,Germany,2024,CAR-T all,1439,patients,,Tabelle 3.9 Gesamt 2024: autolog 1438 allogen 1,"DRST (Deutsches Register fuer haematopoetische Stammzelltransplantation und Zelltherapie) Jahresbericht 2025, section 3.4 CAR-T-Zell-Therapien in Deutschland, Tabelle 3.9 and 3.10",https://drst.de/wp-content/uploads/2026/07/DRST_JB_2025_final.pdf,verified-from-source,Source: DRST/EBMT Survey on Transplant and Cellular Therapy Activity (the German input to the EBMT survey). Up to survey 2023 = patients receiving one or more CAR-T in the year; from survey 2024 = first CAR-T therapies only (additional CAR-T excluded). Text: 'Im Jahr 2025 stieg die Zahl der gemeldeten CAR-T-Zell-Therapien im Vergleich zum Vorjahr erneut deutlich auf 1820 Faelle (+26%)'. Germany 2023 (1160) equals the maximum country value in the EBMT 2023 survey (range 1-1160).
DRST / DRST-EBMT activity survey,Germany,2025,CAR-T all,1820,patients,,Tabelle 3.9 Gesamt 2025: autolog 1818 allogen 2,"DRST (Deutsches Register fuer haematopoetische Stammzelltransplantation und Zelltherapie) Jahresbericht 2025, section 3.4 CAR-T-Zell-Therapien in Deutschland, Tabelle 3.9 and 3.10",https://drst.de/wp-content/uploads/2026/07/DRST_JB_2025_final.pdf,verified-from-source,Source: DRST/EBMT Survey on Transplant and Cellular Therapy Activity (the German input to the EBMT survey). Up to survey 2023 = patients receiving one or more CAR-T in the year; from survey 2024 = first CAR-T therapies only (additional CAR-T excluded). Text: 'Im Jahr 2025 stieg die Zahl der gemeldeten CAR-T-Zell-Therapien im Vergleich zum Vorjahr erneut deutlich auf 1820 Faelle (+26%)'. Germany 2023 (1160) equals the maximum country value in the EBMT 2023 survey (range 1-1160).
DRST / DRST-EBMT activity survey,Germany,2021,Lymphoma,336,patients,,Tabelle 3.9 Malignom: Lymphom 2021: 335 autolog + 1 allogen,"DRST (Deutsches Register fuer haematopoetische Stammzelltransplantation und Zelltherapie) Jahresbericht 2025, section 3.4 CAR-T-Zell-Therapien in Deutschland, Tabelle 3.9 and 3.10",https://drst.de/wp-content/uploads/2026/07/DRST_JB_2025_final.pdf,verified-from-source,"Myeloma asked separately only from survey 2022 (2021 myeloma sits in 'andere Indikation'). 2025 text: 'Besonders ausgepraegt war der Anstieg beim Multiplen Myelom mit 836 Behandlungen (+49%). Damit uebertraf das Multiple Myelom erstmals das maligne Lymphom (n=811)'. Autoimmune disease: 4 (2021), 8 (2022), 31 (2023), 49 (2024), 58 (2025)."
DRST / DRST-EBMT activity survey,Germany,2022,Lymphoma,391,patients,,Tabelle 3.9 Malignom: Lymphom 2022: 390 autolog + 1 allogen,"DRST (Deutsches Register fuer haematopoetische Stammzelltransplantation und Zelltherapie) Jahresbericht 2025, section 3.4 CAR-T-Zell-Therapien in Deutschland, Tabelle 3.9 and 3.10",https://drst.de/wp-content/uploads/2026/07/DRST_JB_2025_final.pdf,verified-from-source,"Myeloma asked separately only from survey 2022 (2021 myeloma sits in 'andere Indikation'). 2025 text: 'Besonders ausgepraegt war der Anstieg beim Multiplen Myelom mit 836 Behandlungen (+49%). Damit uebertraf das Multiple Myelom erstmals das maligne Lymphom (n=811)'. Autoimmune disease: 4 (2021), 8 (2022), 31 (2023), 49 (2024), 58 (2025)."
DRST / DRST-EBMT activity survey,Germany,2023,Lymphoma,666,patients,,Tabelle 3.9 Malignom: Lymphom 2023: 666,"DRST (Deutsches Register fuer haematopoetische Stammzelltransplantation und Zelltherapie) Jahresbericht 2025, section 3.4 CAR-T-Zell-Therapien in Deutschland, Tabelle 3.9 and 3.10",https://drst.de/wp-content/uploads/2026/07/DRST_JB_2025_final.pdf,verified-from-source,"Myeloma asked separately only from survey 2022 (2021 myeloma sits in 'andere Indikation'). 2025 text: 'Besonders ausgepraegt war der Anstieg beim Multiplen Myelom mit 836 Behandlungen (+49%). Damit uebertraf das Multiple Myelom erstmals das maligne Lymphom (n=811)'. Autoimmune disease: 4 (2021), 8 (2022), 31 (2023), 49 (2024), 58 (2025)."
DRST / DRST-EBMT activity survey,Germany,2024,Lymphoma,698,patients,,Tabelle 3.9 Malignom: Lymphom 2024: 698,"DRST (Deutsches Register fuer haematopoetische Stammzelltransplantation und Zelltherapie) Jahresbericht 2025, section 3.4 CAR-T-Zell-Therapien in Deutschland, Tabelle 3.9 and 3.10",https://drst.de/wp-content/uploads/2026/07/DRST_JB_2025_final.pdf,verified-from-source,"Myeloma asked separately only from survey 2022 (2021 myeloma sits in 'andere Indikation'). 2025 text: 'Besonders ausgepraegt war der Anstieg beim Multiplen Myelom mit 836 Behandlungen (+49%). Damit uebertraf das Multiple Myelom erstmals das maligne Lymphom (n=811)'. Autoimmune disease: 4 (2021), 8 (2022), 31 (2023), 49 (2024), 58 (2025)."
DRST / DRST-EBMT activity survey,Germany,2025,Lymphoma,811,patients,,Tabelle 3.9 Malignom: Lymphom 2025: 811,"DRST (Deutsches Register fuer haematopoetische Stammzelltransplantation und Zelltherapie) Jahresbericht 2025, section 3.4 CAR-T-Zell-Therapien in Deutschland, Tabelle 3.9 and 3.10",https://drst.de/wp-content/uploads/2026/07/DRST_JB_2025_final.pdf,verified-from-source,"Myeloma asked separately only from survey 2022 (2021 myeloma sits in 'andere Indikation'). 2025 text: 'Besonders ausgepraegt war der Anstieg beim Multiplen Myelom mit 836 Behandlungen (+49%). Damit uebertraf das Multiple Myelom erstmals das maligne Lymphom (n=811)'. Autoimmune disease: 4 (2021), 8 (2022), 31 (2023), 49 (2024), 58 (2025)."
DRST / DRST-EBMT activity survey,Germany,2022,Myeloma,191,patients,,Tabelle 3.9 Malignom: Myelom 2022: 191,"DRST (Deutsches Register fuer haematopoetische Stammzelltransplantation und Zelltherapie) Jahresbericht 2025, section 3.4 CAR-T-Zell-Therapien in Deutschland, Tabelle 3.9 and 3.10",https://drst.de/wp-content/uploads/2026/07/DRST_JB_2025_final.pdf,verified-from-source,"Myeloma asked separately only from survey 2022 (2021 myeloma sits in 'andere Indikation'). 2025 text: 'Besonders ausgepraegt war der Anstieg beim Multiplen Myelom mit 836 Behandlungen (+49%). Damit uebertraf das Multiple Myelom erstmals das maligne Lymphom (n=811)'. Autoimmune disease: 4 (2021), 8 (2022), 31 (2023), 49 (2024), 58 (2025)."
DRST / DRST-EBMT activity survey,Germany,2023,Myeloma,342,patients,,Tabelle 3.9 Malignom: Myelom 2023: 342,"DRST (Deutsches Register fuer haematopoetische Stammzelltransplantation und Zelltherapie) Jahresbericht 2025, section 3.4 CAR-T-Zell-Therapien in Deutschland, Tabelle 3.9 and 3.10",https://drst.de/wp-content/uploads/2026/07/DRST_JB_2025_final.pdf,verified-from-source,"Myeloma asked separately only from survey 2022 (2021 myeloma sits in 'andere Indikation'). 2025 text: 'Besonders ausgepraegt war der Anstieg beim Multiplen Myelom mit 836 Behandlungen (+49%). Damit uebertraf das Multiple Myelom erstmals das maligne Lymphom (n=811)'. Autoimmune disease: 4 (2021), 8 (2022), 31 (2023), 49 (2024), 58 (2025)."
DRST / DRST-EBMT activity survey,Germany,2024,Myeloma,562,patients,,Tabelle 3.9 Malignom: Myelom 2024: 562,"DRST (Deutsches Register fuer haematopoetische Stammzelltransplantation und Zelltherapie) Jahresbericht 2025, section 3.4 CAR-T-Zell-Therapien in Deutschland, Tabelle 3.9 and 3.10",https://drst.de/wp-content/uploads/2026/07/DRST_JB_2025_final.pdf,verified-from-source,"Myeloma asked separately only from survey 2022 (2021 myeloma sits in 'andere Indikation'). 2025 text: 'Besonders ausgepraegt war der Anstieg beim Multiplen Myelom mit 836 Behandlungen (+49%). Damit uebertraf das Multiple Myelom erstmals das maligne Lymphom (n=811)'. Autoimmune disease: 4 (2021), 8 (2022), 31 (2023), 49 (2024), 58 (2025)."
DRST / DRST-EBMT activity survey,Germany,2025,Myeloma,836,patients,,Tabelle 3.9 Malignom: Myelom 2025: 836,"DRST (Deutsches Register fuer haematopoetische Stammzelltransplantation und Zelltherapie) Jahresbericht 2025, section 3.4 CAR-T-Zell-Therapien in Deutschland, Tabelle 3.9 and 3.10",https://drst.de/wp-content/uploads/2026/07/DRST_JB_2025_final.pdf,verified-from-source,"Myeloma asked separately only from survey 2022 (2021 myeloma sits in 'andere Indikation'). 2025 text: 'Besonders ausgepraegt war der Anstieg beim Multiplen Myelom mit 836 Behandlungen (+49%). Damit uebertraf das Multiple Myelom erstmals das maligne Lymphom (n=811)'. Autoimmune disease: 4 (2021), 8 (2022), 31 (2023), 49 (2024), 58 (2025)."
DRST / DRST-EBMT activity survey,Germany,2021,ALL,49,patients,,Tabelle 3.9 Malignom: ALL 2021: 46 autolog + 3 allogen,"DRST (Deutsches Register fuer haematopoetische Stammzelltransplantation und Zelltherapie) Jahresbericht 2025, section 3.4 CAR-T-Zell-Therapien in Deutschland, Tabelle 3.9 and 3.10",https://drst.de/wp-content/uploads/2026/07/DRST_JB_2025_final.pdf,verified-from-source,"Myeloma asked separately only from survey 2022 (2021 myeloma sits in 'andere Indikation'). 2025 text: 'Besonders ausgepraegt war der Anstieg beim Multiplen Myelom mit 836 Behandlungen (+49%). Damit uebertraf das Multiple Myelom erstmals das maligne Lymphom (n=811)'. Autoimmune disease: 4 (2021), 8 (2022), 31 (2023), 49 (2024), 58 (2025)."
DRST / DRST-EBMT activity survey,Germany,2022,ALL,42,patients,,Tabelle 3.9 Malignom: ALL 2022: 41 autolog + 1 allogen,"DRST (Deutsches Register fuer haematopoetische Stammzelltransplantation und Zelltherapie) Jahresbericht 2025, section 3.4 CAR-T-Zell-Therapien in Deutschland, Tabelle 3.9 and 3.10",https://drst.de/wp-content/uploads/2026/07/DRST_JB_2025_final.pdf,verified-from-source,"Myeloma asked separately only from survey 2022 (2021 myeloma sits in 'andere Indikation'). 2025 text: 'Besonders ausgepraegt war der Anstieg beim Multiplen Myelom mit 836 Behandlungen (+49%). Damit uebertraf das Multiple Myelom erstmals das maligne Lymphom (n=811)'. Autoimmune disease: 4 (2021), 8 (2022), 31 (2023), 49 (2024), 58 (2025)."
DRST / DRST-EBMT activity survey,Germany,2023,ALL,76,patients,,Tabelle 3.9 Malignom: ALL 2023: 73 autolog + 3 allogen,"DRST (Deutsches Register fuer haematopoetische Stammzelltransplantation und Zelltherapie) Jahresbericht 2025, section 3.4 CAR-T-Zell-Therapien in Deutschland, Tabelle 3.9 and 3.10",https://drst.de/wp-content/uploads/2026/07/DRST_JB_2025_final.pdf,verified-from-source,"Myeloma asked separately only from survey 2022 (2021 myeloma sits in 'andere Indikation'). 2025 text: 'Besonders ausgepraegt war der Anstieg beim Multiplen Myelom mit 836 Behandlungen (+49%). Damit uebertraf das Multiple Myelom erstmals das maligne Lymphom (n=811)'. Autoimmune disease: 4 (2021), 8 (2022), 31 (2023), 49 (2024), 58 (2025)."
DRST / DRST-EBMT activity survey,Germany,2024,ALL,62,patients,,Tabelle 3.9 Malignom: ALL 2024: 62,"DRST (Deutsches Register fuer haematopoetische Stammzelltransplantation und Zelltherapie) Jahresbericht 2025, section 3.4 CAR-T-Zell-Therapien in Deutschland, Tabelle 3.9 and 3.10",https://drst.de/wp-content/uploads/2026/07/DRST_JB_2025_final.pdf,verified-from-source,"Myeloma asked separately only from survey 2022 (2021 myeloma sits in 'andere Indikation'). 2025 text: 'Besonders ausgepraegt war der Anstieg beim Multiplen Myelom mit 836 Behandlungen (+49%). Damit uebertraf das Multiple Myelom erstmals das maligne Lymphom (n=811)'. Autoimmune disease: 4 (2021), 8 (2022), 31 (2023), 49 (2024), 58 (2025)."
DRST / DRST-EBMT activity survey,Germany,2025,ALL,52,patients,,Tabelle 3.9 Malignom: ALL 2025: 52,"DRST (Deutsches Register fuer haematopoetische Stammzelltransplantation und Zelltherapie) Jahresbericht 2025, section 3.4 CAR-T-Zell-Therapien in Deutschland, Tabelle 3.9 and 3.10",https://drst.de/wp-content/uploads/2026/07/DRST_JB_2025_final.pdf,verified-from-source,"Myeloma asked separately only from survey 2022 (2021 myeloma sits in 'andere Indikation'). 2025 text: 'Besonders ausgepraegt war der Anstieg beim Multiplen Myelom mit 836 Behandlungen (+49%). Damit uebertraf das Multiple Myelom erstmals das maligne Lymphom (n=811)'. Autoimmune disease: 4 (2021), 8 (2022), 31 (2023), 49 (2024), 58 (2025)."
DRST / DRST-EBMT activity survey,Germany,2025,CAR-T all,6196,cumulative_patients,,CAR-T-Zell-Therapien in Deutschland werden seit 2018 im DRST/EBMT Survey on Transplant and Cellular Therapy Activity erfasst. Bis Ende 2025 wurden darueber insgesamt 6196 Patienten mit einer CAR-T-Zell-Therapie gemeldet.,"DRST (Deutsches Register fuer haematopoetische Stammzelltransplantation und Zelltherapie) Jahresbericht 2025, section 3.4 CAR-T-Zell-Therapien in Deutschland, Tabelle 3.9 and 3.10",https://drst.de/wp-content/uploads/2026/07/DRST_JB_2025_final.pdf,verified-from-source,"Cumulative 2018-2025. Table 3.9 covers 2021-2025 (sum 5,515), so 2018-2020 combined = 681 (derived)."
DRST / DRST-EBMT activity survey,Germany,2020,CAR-T all,,patients,,(not in the 2025 report),"DRST (Deutsches Register fuer haematopoetische Stammzelltransplantation und Zelltherapie) Jahresbericht 2025, section 3.4 CAR-T-Zell-Therapien in Deutschland, Tabelle 3.9 and 3.10",https://drst.de/wp-content/uploads/2026/07/DRST_JB_2025_final.pdf,gap,"Per-year German counts for 2018, 2019 and 2020 are in the earlier DRST Jahresberichte (https://drst.de/downloads/#jahresberichte), not fetched. Combined 2018-2020 = 681 derived from 6196 cumulative minus 5515 (2021-2025)."
"EBMT Registry (Germany, DRST-documented)",Germany,2021,CAR-T all,318,infusions,,Tabelle 3.10 Gesamt 2021: 318,"DRST (Deutsches Register fuer haematopoetische Stammzelltransplantation und Zelltherapie) Jahresbericht 2025, section 3.4 CAR-T-Zell-Therapien in Deutschland, Tabelle 3.9 and 3.10",https://drst.de/wp-content/uploads/2026/07/DRST_JB_2025_final.pdf,verified-from-source,"Number of first and additional CAR-T therapies documented in the EBMT Registry (patient-level, mandatory under the G-BA decision for commercial products) for Germany; lower than the activity-survey count for the same year. NHL 278/345/562/596/603 and plasma-cell neoplasms 8/167/310/531/697 for 2021-2025."
"EBMT Registry (Germany, DRST-documented)",Germany,2022,CAR-T all,554,infusions,,Tabelle 3.10 Gesamt 2022: 554,"DRST (Deutsches Register fuer haematopoetische Stammzelltransplantation und Zelltherapie) Jahresbericht 2025, section 3.4 CAR-T-Zell-Therapien in Deutschland, Tabelle 3.9 and 3.10",https://drst.de/wp-content/uploads/2026/07/DRST_JB_2025_final.pdf,verified-from-source,"Number of first and additional CAR-T therapies documented in the EBMT Registry (patient-level, mandatory under the G-BA decision for commercial products) for Germany; lower than the activity-survey count for the same year. NHL 278/345/562/596/603 and plasma-cell neoplasms 8/167/310/531/697 for 2021-2025."
"EBMT Registry (Germany, DRST-documented)",Germany,2023,CAR-T all,947,infusions,,Tabelle 3.10 Gesamt 2023: 947,"DRST (Deutsches Register fuer haematopoetische Stammzelltransplantation und Zelltherapie) Jahresbericht 2025, section 3.4 CAR-T-Zell-Therapien in Deutschland, Tabelle 3.9 and 3.10",https://drst.de/wp-content/uploads/2026/07/DRST_JB_2025_final.pdf,verified-from-source,"Number of first and additional CAR-T therapies documented in the EBMT Registry (patient-level, mandatory under the G-BA decision for commercial products) for Germany; lower than the activity-survey count for the same year. NHL 278/345/562/596/603 and plasma-cell neoplasms 8/167/310/531/697 for 2021-2025."
"EBMT Registry (Germany, DRST-documented)",Germany,2024,CAR-T all,1189,infusions,,Tabelle 3.10 Gesamt 2024: 1189,"DRST (Deutsches Register fuer haematopoetische Stammzelltransplantation und Zelltherapie) Jahresbericht 2025, section 3.4 CAR-T-Zell-Therapien in Deutschland, Tabelle 3.9 and 3.10",https://drst.de/wp-content/uploads/2026/07/DRST_JB_2025_final.pdf,verified-from-source,"Number of first and additional CAR-T therapies documented in the EBMT Registry (patient-level, mandatory under the G-BA decision for commercial products) for Germany; lower than the activity-survey count for the same year. NHL 278/345/562/596/603 and plasma-cell neoplasms 8/167/310/531/697 for 2021-2025."
"EBMT Registry (Germany, DRST-documented)",Germany,2025,CAR-T all,1357,infusions,,Tabelle 3.10 Gesamt 2025: 1357,"DRST (Deutsches Register fuer haematopoetische Stammzelltransplantation und Zelltherapie) Jahresbericht 2025, section 3.4 CAR-T-Zell-Therapien in Deutschland, Tabelle 3.9 and 3.10",https://drst.de/wp-content/uploads/2026/07/DRST_JB_2025_final.pdf,verified-from-source,"Number of first and additional CAR-T therapies documented in the EBMT Registry (patient-level, mandatory under the G-BA decision for commercial products) for Germany; lower than the activity-survey count for the same year. NHL 278/345/562/596/603 and plasma-cell neoplasms 8/167/310/531/697 for 2021-2025."
"EBMT Registry (Germany, DRST-documented)",Germany,2026,CAR-T all,5214,cumulative_patients,,Hier sind nun Stand 01.07.2026 insgesamt 5214 CAR-T-Zell-Therapien dokumentiert.,"DRST (Deutsches Register fuer haematopoetische Stammzelltransplantation und Zelltherapie) Jahresbericht 2025, section 3.4 CAR-T-Zell-Therapien in Deutschland, Tabelle 3.9 and 3.10",https://drst.de/wp-content/uploads/2026/07/DRST_JB_2025_final.pdf,verified-from-source,"Registry-documented CAR-T therapies in Germany as of 1 July 2026 (Tabelle 3.10 total for 2021-2025 is 4,365)."
BSBMTCT registry,United Kingdom,2024,CAR-T all,565,infusions,,"Total CAR-T Infusions (2024): 565 infusions across UK and ROI - UK: 551 CAR-T infusions, ROI: 0 (as extracted)",BSBMTCT (British Society of Blood and Marrow Transplantation and Cellular Therapy) UK & ROI activity 2024 web page (Table 1a),https://bsbmtct.org/2024-activity/,verified-from-source,Figures as summarised by the fetch tool from the activity table; internal breakdown is not fully consistent (UK 551 + ROI 0 vs total 565; 'first' CAR-T 562 = 14 allogeneic + 548 autologous; paediatric 51). Re-check Table 1a before use. UK count is likely incomplete relative to NHS activity.
BSBMTCT registry,United Kingdom,2024,Acute lymphoblastic leukemia,105,infusions,,Table 1a CAR-T Acute lymphoblastic leukemia: 105 (as extracted),BSBMTCT (British Society of Blood and Marrow Transplantation and Cellular Therapy) UK & ROI activity 2024 web page (Table 1a),https://bsbmtct.org/2024-activity/,verified-from-source,Indication rows as summarised by the fetch tool; ALL 105 total of which 103 autologous CAR-T.
BSBMTCT registry,United Kingdom,2024,Non-Hodgkin lymphoma,431,infusions,,Table 1a CAR-T Non-Hodgkin lymphoma: 431 (as extracted),BSBMTCT (British Society of Blood and Marrow Transplantation and Cellular Therapy) UK & ROI activity 2024 web page (Table 1a),https://bsbmtct.org/2024-activity/,verified-from-source,Indication rows as summarised by the fetch tool; ALL 105 total of which 103 autologous CAR-T.
BSBMTCT registry,United Kingdom,2024,Multiple myeloma,7,infusions,,Table 1a CAR-T Multiple myeloma: 7 (as extracted),BSBMTCT (British Society of Blood and Marrow Transplantation and Cellular Therapy) UK & ROI activity 2024 web page (Table 1a),https://bsbmtct.org/2024-activity/,verified-from-source,Indication rows as summarised by the fetch tool; ALL 105 total of which 103 autologous CAR-T.
BSBMTCT registry,United Kingdom,2024,CLL,1,infusions,,Table 1a CAR-T CLL: 1 (as extracted),BSBMTCT (British Society of Blood and Marrow Transplantation and Cellular Therapy) UK & ROI activity 2024 web page (Table 1a),https://bsbmtct.org/2024-activity/,verified-from-source,Indication rows as summarised by the fetch tool; ALL 105 total of which 103 autologous CAR-T.
BSBMTCT registry,United Kingdom,2024,Solid tumours,6,infusions,,Table 1a CAR-T Solid tumours: 6 (as extracted),BSBMTCT (British Society of Blood and Marrow Transplantation and Cellular Therapy) UK & ROI activity 2024 web page (Table 1a),https://bsbmtct.org/2024-activity/,verified-from-source,Indication rows as summarised by the fetch tool; ALL 105 total of which 103 autologous CAR-T.
BSBMTCT registry,United Kingdom,2021,CAR-T all,,infusions,,,BSBMTCT UK activity 2021 web page,https://bsbmtct.org/activity/2021/,gap,"Page exists (listed on https://bsbmtct.org/activity/) but was not fetched within budget. NHS England CAR-T pages (england.nhs.uk) returned empty to fetch. EBMT 2022 per-centre data: London UCLH 101, London King's 43, Birmingham QEH 41 CAR-T in 2022."
BSBMTCT registry,United Kingdom,2022,CAR-T all,,infusions,,,BSBMTCT UK activity 2022 web page,https://bsbmtct.org/activity/2022/,gap,"Page exists (listed on https://bsbmtct.org/activity/) but was not fetched within budget. NHS England CAR-T pages (england.nhs.uk) returned empty to fetch. EBMT 2022 per-centre data: London UCLH 101, London King's 43, Birmingham QEH 41 CAR-T in 2022."
BSBMTCT registry,United Kingdom,2023,CAR-T all,,infusions,,,BSBMTCT UK activity 2023 web page,https://bsbmtct.org/activity/2023/,gap,"Page exists (listed on https://bsbmtct.org/activity/) but was not fetched within budget. NHS England CAR-T pages (england.nhs.uk) returned empty to fetch. EBMT 2022 per-centre data: London UCLH 101, London King's 43, Birmingham QEH 41 CAR-T in 2022."
DESCAR-T registry (LYSARC),France,2021,CAR-T all,748,cumulative_patients,,"As of April 29th, 2021, 748 patients have been included in DESCAR-T, with 23 hospitals actively participating in the registry","Bachy E et al. DESCAR-T, a nationwide registry for patients treated by CAR-T cells in France. Bull Cancer 2021 (PubMed 34920797)",https://pubmed.ncbi.nlm.nih.gov/34920797/,provisional-from-snippet,Abstract snippet via search; registry includes patients eligible for CAR-T (some not infused).
DESCAR-T registry (LYSARC),France,2024,CAR-T all,3066,cumulative_patients,,"Of the 3,066 patients included (2,536 B cell lymphoma, 162 B cell acute lymphoblastic leukemia (ALL) and 368 multiple myeloma), 1,680 (54.8%) received axicabtagene ciloleucel, 205 (6.7%) brexucabtagene autoleucel, 44 (1.4%) lisocabtagene maraleucel and 769 (25.1%) tisagenlecleucel",Hamilton MP et al.? / DESCAR-T investigators. T cell malignancies after CAR T cell therapy in the DESCAR-T registry. Nature Medicine 2025 (doi 10.1038/s41591-024-03458-w),https://www.nature.com/articles/s41591-024-03458-w,provisional-from-snippet,Search snippet; article not open access (no PMC copy) and nature.com redirected to a login gateway. Data cut-off date not retrieved (paper published January 2025); year column is approximate. Registry covers all CAR-T in France since 1 July 2018.
DESCAR-T registry (LYSARC),France,2023,CAR-T all,,patients,,,DESCAR-T registry publications / SFGM-TC activity reports,https://clinicaltrials.gov/study/NCT04328298,gap,"No French per-year CAR-T count was retrieved: DESCAR-T papers report cumulative inclusions only; SFGM-TC and Agence de la biomedecine reports not fetched (search quota exhausted). Available anchors: EBMT rate 89 per 10 million in 2022; EBMT 2022 per-centre counts Lyon HCL 98, Rennes 73, Lille 65, Marseille IPC 44, Pessac 37, Toulouse 31; Lille CHU >350 cumulative by Sept 2024."
TEHA-Ambrosetti centre survey (GITMO-hosted),Italy,2019,CAR-T all,49,patients,,"Figura 11 totale 15 Regioni 41 Centri: 2019 49, 2020 163, 2021 270, 2022 342, 2023 461, 2024 756, 2019-2024 2.041; Centri: 9 20 28 32 34 41","The European House - Ambrosetti / GITMO, Rivoluzione CAR-T (December 2024), Figura 10-11 (centre survey) and page 18-19 (GITMO and EBMT Registry data)",https://www.gitmo.it/storage/gitmo/article/pdf/388/1535-250121_TEHA_Rivoluzione%20CAR-T_Paper.pdf,verified-from-source,"Patients infused per centre survey (commercial incl. compassionate/early access, academic CAR-T and trial patients), data to early December 2024; 9 active centres in 2019. Growth labels +27% (2022), +35% (2023), +64% (2024)."
TEHA-Ambrosetti centre survey (GITMO-hosted),Italy,2020,CAR-T all,163,patients,,"Figura 11 totale 15 Regioni 41 Centri: 2019 49, 2020 163, 2021 270, 2022 342, 2023 461, 2024 756, 2019-2024 2.041; Centri: 9 20 28 32 34 41","The European House - Ambrosetti / GITMO, Rivoluzione CAR-T (December 2024), Figura 10-11 (centre survey) and page 18-19 (GITMO and EBMT Registry data)",https://www.gitmo.it/storage/gitmo/article/pdf/388/1535-250121_TEHA_Rivoluzione%20CAR-T_Paper.pdf,verified-from-source,"Patients infused per centre survey (commercial incl. compassionate/early access, academic CAR-T and trial patients), data to early December 2024; 20 active centres in 2020. Growth labels +27% (2022), +35% (2023), +64% (2024)."
TEHA-Ambrosetti centre survey (GITMO-hosted),Italy,2021,CAR-T all,270,patients,,"Figura 11 totale 15 Regioni 41 Centri: 2019 49, 2020 163, 2021 270, 2022 342, 2023 461, 2024 756, 2019-2024 2.041; Centri: 9 20 28 32 34 41","The European House - Ambrosetti / GITMO, Rivoluzione CAR-T (December 2024), Figura 10-11 (centre survey) and page 18-19 (GITMO and EBMT Registry data)",https://www.gitmo.it/storage/gitmo/article/pdf/388/1535-250121_TEHA_Rivoluzione%20CAR-T_Paper.pdf,verified-from-source,"Patients infused per centre survey (commercial incl. compassionate/early access, academic CAR-T and trial patients), data to early December 2024; 28 active centres in 2021. Growth labels +27% (2022), +35% (2023), +64% (2024)."
TEHA-Ambrosetti centre survey (GITMO-hosted),Italy,2022,CAR-T all,342,patients,,"Figura 11 totale 15 Regioni 41 Centri: 2019 49, 2020 163, 2021 270, 2022 342, 2023 461, 2024 756, 2019-2024 2.041; Centri: 9 20 28 32 34 41","The European House - Ambrosetti / GITMO, Rivoluzione CAR-T (December 2024), Figura 10-11 (centre survey) and page 18-19 (GITMO and EBMT Registry data)",https://www.gitmo.it/storage/gitmo/article/pdf/388/1535-250121_TEHA_Rivoluzione%20CAR-T_Paper.pdf,verified-from-source,"Patients infused per centre survey (commercial incl. compassionate/early access, academic CAR-T and trial patients), data to early December 2024; 32 active centres in 2022. Growth labels +27% (2022), +35% (2023), +64% (2024)."
TEHA-Ambrosetti centre survey (GITMO-hosted),Italy,2023,CAR-T all,461,patients,,"Figura 11 totale 15 Regioni 41 Centri: 2019 49, 2020 163, 2021 270, 2022 342, 2023 461, 2024 756, 2019-2024 2.041; Centri: 9 20 28 32 34 41","The European House - Ambrosetti / GITMO, Rivoluzione CAR-T (December 2024), Figura 10-11 (centre survey) and page 18-19 (GITMO and EBMT Registry data)",https://www.gitmo.it/storage/gitmo/article/pdf/388/1535-250121_TEHA_Rivoluzione%20CAR-T_Paper.pdf,verified-from-source,"Patients infused per centre survey (commercial incl. compassionate/early access, academic CAR-T and trial patients), data to early December 2024; 34 active centres in 2023. Growth labels +27% (2022), +35% (2023), +64% (2024)."
TEHA-Ambrosetti centre survey (GITMO-hosted),Italy,2024,CAR-T all,756,patients,,"Figura 11 totale 15 Regioni 41 Centri: 2019 49, 2020 163, 2021 270, 2022 342, 2023 461, 2024 756, 2019-2024 2.041; Centri: 9 20 28 32 34 41","The European House - Ambrosetti / GITMO, Rivoluzione CAR-T (December 2024), Figura 10-11 (centre survey) and page 18-19 (GITMO and EBMT Registry data)",https://www.gitmo.it/storage/gitmo/article/pdf/388/1535-250121_TEHA_Rivoluzione%20CAR-T_Paper.pdf,verified-from-source,"Patients infused per centre survey (commercial incl. compassionate/early access, academic CAR-T and trial patients), data to early December 2024; 41 active centres in 2024. Growth labels +27% (2022), +35% (2023), +64% (2024)."
TEHA-Ambrosetti centre survey (GITMO-hosted),Italy,2024,CAR-T all,2041,cumulative_patients,,Secondo le rilevazioni risultano attivi 41 centri per un totale di 2.041 pazienti infusi.,"The European House - Ambrosetti / GITMO, Rivoluzione CAR-T (December 2024), Figura 10-11 (centre survey) and page 18-19 (GITMO and EBMT Registry data)",https://www.gitmo.it/storage/gitmo/article/pdf/388/1535-250121_TEHA_Rivoluzione%20CAR-T_Paper.pdf,verified-from-source,"Cumulative 2019 to early December 2024. Regional 2024 counts: Lombardia 197, Lazio 118, Piemonte 64, Sicilia 55, Emilia Romagna 50, Toscana 48, Veneto 47, Puglia 37, Campania 31, Calabria 26, Friuli VG 26, Liguria 22, Umbria 17, Abruzzo 11, Marche 7."
EBMT Registry (as cited by TEHA/GITMO),Italy,2019,Cellular therapies (mostly CAR-T),35,patients,,"Secondo i dati dell'EBMT Registry, aggiornati a novembre 2024, in Italia dal 2019 sono state effettuate 1.623 terapie cellulari, in buona parte CAR-T. Il numero di terapie eseguite e cresciuto di anno in anno, dalle 35 del 2019 (di cui l'83% nel Nord Italia) alle 498 nel 2024 (64% al Nord).","The European House - Ambrosetti / GITMO, Rivoluzione CAR-T (December 2024), Figura 10-11 (centre survey) and page 18-19 (GITMO and EBMT Registry data)",https://www.gitmo.it/storage/gitmo/article/pdf/388/1535-250121_TEHA_Rivoluzione%20CAR-T_Paper.pdf,verified-from-source,"Secondary citation of EBMT Registry data (November 2024 extract) inside the TEHA paper; registry under-captures Italian activity vs the centre survey (49 in 2019, 756 in 2024)."
EBMT Registry (as cited by TEHA/GITMO),Italy,2024,Cellular therapies (mostly CAR-T),498,patients,,dalle 35 del 2019 (di cui l'83% nel Nord Italia) alle 498 nel 2024 (64% al Nord),"The European House - Ambrosetti / GITMO, Rivoluzione CAR-T (December 2024), Figura 10-11 (centre survey) and page 18-19 (GITMO and EBMT Registry data)",https://www.gitmo.it/storage/gitmo/article/pdf/388/1535-250121_TEHA_Rivoluzione%20CAR-T_Paper.pdf,verified-from-source,Partial year (registry extract November 2024).
EBMT Registry (as cited by TEHA/GITMO),Italy,2024,Cellular therapies (mostly CAR-T),1623,cumulative_patients,,"in Italia dal 2019 sono state effettuate 1.623 terapie cellulari, in buona parte CAR-T","The European House - Ambrosetti / GITMO, Rivoluzione CAR-T (December 2024), Figura 10-11 (centre survey) and page 18-19 (GITMO and EBMT Registry data)",https://www.gitmo.it/storage/gitmo/article/pdf/388/1535-250121_TEHA_Rivoluzione%20CAR-T_Paper.pdf,verified-from-source,Cumulative 2019 to November 2024 in the EBMT Registry.
"GITMO (Libro GITMO 2023, EBMT Registry preliminary analysis)",Italy,2024,CAR-T all,950,cumulative_patients,,"Sempre secondo i dati del libro GITMO 2023, a maggio 2024 sono oltre 950 le procedure CAR-T eseguite in Italia ... Al 31 gennaio 2024, 42 Centri risultano attivi per le CAR-T","The European House - Ambrosetti / GITMO, Rivoluzione CAR-T (December 2024), Figura 10-11 (centre survey) and page 18-19 (GITMO and EBMT Registry data)",https://www.gitmo.it/storage/gitmo/article/pdf/388/1535-250121_TEHA_Rivoluzione%20CAR-T_Paper.pdf,verified-from-source,Lower bound ('oltre 950') as of May 2024; 42 active CAR-T centres at 31 January 2024; 522 procedures for DLBCL. Only 1 centre in 4 does >40 infusions/year; 22 centres <20.
AIFA ATMP report (secondary),Italy,2022,CAR-T all,335,patients,,"From 2019 to 2022, the number of patients treated increased significantly, from 12 to 335 (search summary)",Sanita33 / AIFA VII Rapporto ATMP as summarised in search results,https://www.sanita33.it/speciale-l-impatto-delle-terapie-car-t/4472/l-impatto-delle-terapie-car-t-finanziamenti-accesso-e-domanda-di-salute.html,provisional-from-snippet,Unattributed search-summary figure; likely AIFA ATMP monitoring (reimbursed CAR-T) which reports 12 in 2019 and 335 in 2022 and +51.1% in 2023 vs 2022; treat with caution and verify against AIFA report.
Spanish Ministry of Health CAR-T expert-group circuit,Spain,2019,CAR-T all,159,patients,33,"Partiendo de 159 solicitudes en 2019 (ano parcial, desde marzo), se registraron 268 en 2020, 295 en 2021, 352 en 2022 y 430 en 2023. En 2024 se observa un salto cuantitativo relevante, con 746 solicitudes en el ano","Ministerio de Sanidad (Spain), Informe anual Terapias Avanzadas 2025 (solicitudes de tratamiento CAR-T, marzo 2019 - junio 2025), published January 2026",https://www.sanidad.gob.es/areas/farmacia/infoMedicamentos/terapiasAvanzadas/docs/INFORME_ANUAL_FINAL_TA_2025.pdf,verified-from-source,"Count = treatment REQUESTS (solicitudes) to the national SNS expert group, including re-evaluations, not infusions; 93.3% of requests were favourable over the period. per_10m converted from Tabla 3 'Media nacional' solicitudes por 100.000 habitantes (0.33 per 100,000 x 100). 2019 partial year from March."
Spanish Ministry of Health CAR-T expert-group circuit,Spain,2020,CAR-T all,268,patients,46,"Partiendo de 159 solicitudes en 2019 (ano parcial, desde marzo), se registraron 268 en 2020, 295 en 2021, 352 en 2022 y 430 en 2023. En 2024 se observa un salto cuantitativo relevante, con 746 solicitudes en el ano","Ministerio de Sanidad (Spain), Informe anual Terapias Avanzadas 2025 (solicitudes de tratamiento CAR-T, marzo 2019 - junio 2025), published January 2026",https://www.sanidad.gob.es/areas/farmacia/infoMedicamentos/terapiasAvanzadas/docs/INFORME_ANUAL_FINAL_TA_2025.pdf,verified-from-source,"Count = treatment REQUESTS (solicitudes) to the national SNS expert group, including re-evaluations, not infusions; 93.3% of requests were favourable over the period. per_10m converted from Tabla 3 'Media nacional' solicitudes por 100.000 habitantes (0.46 per 100,000 x 100). 2019 partial year from March."
Spanish Ministry of Health CAR-T expert-group circuit,Spain,2021,CAR-T all,295,patients,62,"Partiendo de 159 solicitudes en 2019 (ano parcial, desde marzo), se registraron 268 en 2020, 295 en 2021, 352 en 2022 y 430 en 2023. En 2024 se observa un salto cuantitativo relevante, con 746 solicitudes en el ano","Ministerio de Sanidad (Spain), Informe anual Terapias Avanzadas 2025 (solicitudes de tratamiento CAR-T, marzo 2019 - junio 2025), published January 2026",https://www.sanidad.gob.es/areas/farmacia/infoMedicamentos/terapiasAvanzadas/docs/INFORME_ANUAL_FINAL_TA_2025.pdf,verified-from-source,"Count = treatment REQUESTS (solicitudes) to the national SNS expert group, including re-evaluations, not infusions; 93.3% of requests were favourable over the period. per_10m converted from Tabla 3 'Media nacional' solicitudes por 100.000 habitantes (0.62 per 100,000 x 100). 2019 partial year from March."
Spanish Ministry of Health CAR-T expert-group circuit,Spain,2022,CAR-T all,352,patients,75,"Partiendo de 159 solicitudes en 2019 (ano parcial, desde marzo), se registraron 268 en 2020, 295 en 2021, 352 en 2022 y 430 en 2023. En 2024 se observa un salto cuantitativo relevante, con 746 solicitudes en el ano","Ministerio de Sanidad (Spain), Informe anual Terapias Avanzadas 2025 (solicitudes de tratamiento CAR-T, marzo 2019 - junio 2025), published January 2026",https://www.sanidad.gob.es/areas/farmacia/infoMedicamentos/terapiasAvanzadas/docs/INFORME_ANUAL_FINAL_TA_2025.pdf,verified-from-source,"Count = treatment REQUESTS (solicitudes) to the national SNS expert group, including re-evaluations, not infusions; 93.3% of requests were favourable over the period. per_10m converted from Tabla 3 'Media nacional' solicitudes por 100.000 habitantes (0.75 per 100,000 x 100). 2019 partial year from March."
Spanish Ministry of Health CAR-T expert-group circuit,Spain,2023,CAR-T all,430,patients,80,"Partiendo de 159 solicitudes en 2019 (ano parcial, desde marzo), se registraron 268 en 2020, 295 en 2021, 352 en 2022 y 430 en 2023. En 2024 se observa un salto cuantitativo relevante, con 746 solicitudes en el ano","Ministerio de Sanidad (Spain), Informe anual Terapias Avanzadas 2025 (solicitudes de tratamiento CAR-T, marzo 2019 - junio 2025), published January 2026",https://www.sanidad.gob.es/areas/farmacia/infoMedicamentos/terapiasAvanzadas/docs/INFORME_ANUAL_FINAL_TA_2025.pdf,verified-from-source,"Count = treatment REQUESTS (solicitudes) to the national SNS expert group, including re-evaluations, not infusions; 93.3% of requests were favourable over the period. per_10m converted from Tabla 3 'Media nacional' solicitudes por 100.000 habitantes (0.80 per 100,000 x 100). 2019 partial year from March."
Spanish Ministry of Health CAR-T expert-group circuit,Spain,2024,CAR-T all,746,patients,150,"Partiendo de 159 solicitudes en 2019 (ano parcial, desde marzo), se registraron 268 en 2020, 295 en 2021, 352 en 2022 y 430 en 2023. En 2024 se observa un salto cuantitativo relevante, con 746 solicitudes en el ano","Ministerio de Sanidad (Spain), Informe anual Terapias Avanzadas 2025 (solicitudes de tratamiento CAR-T, marzo 2019 - junio 2025), published January 2026",https://www.sanidad.gob.es/areas/farmacia/infoMedicamentos/terapiasAvanzadas/docs/INFORME_ANUAL_FINAL_TA_2025.pdf,verified-from-source,"Count = treatment REQUESTS (solicitudes) to the national SNS expert group, including re-evaluations, not infusions; 93.3% of requests were favourable over the period. per_10m converted from Tabla 3 'Media nacional' solicitudes por 100.000 habitantes (1.50 per 100,000 x 100). 2019 partial year from March."
Spanish Ministry of Health CAR-T expert-group circuit,Spain,2025,CAR-T all,492,patients,,En el primer semestre de 2025 ya se han recibido 492,"Ministerio de Sanidad (Spain), Informe anual Terapias Avanzadas 2025 (solicitudes de tratamiento CAR-T, marzo 2019 - junio 2025), published January 2026",https://www.sanidad.gob.es/areas/farmacia/infoMedicamentos/terapiasAvanzadas/docs/INFORME_ANUAL_FINAL_TA_2025.pdf,verified-from-source,"First half of 2025 only (January-June). 40 designated centres (29 adult, 11 paediatric) after 2025 designations; 187 requesting hospitals."
Spanish Ministry of Health CAR-T expert-group circuit,Spain,2025,CAR-T all,2742,cumulative_patients,,"Desde marzo de 2019 a junio de 2025 se han recibido un total de 2.742 solicitudes de tratamiento con terapias CAR-T en el marco del circuito establecido, incluidas 78 reevaluaciones.","Ministerio de Sanidad (Spain), Informe anual Terapias Avanzadas 2025 (solicitudes de tratamiento CAR-T, marzo 2019 - junio 2025), published January 2026",https://www.sanidad.gob.es/areas/farmacia/infoMedicamentos/terapiasAvanzadas/docs/INFORME_ANUAL_FINAL_TA_2025.pdf,verified-from-source,"Cumulative requests March 2019-June 2025; Tabla 8: 2,558 favourable (93.3%), 166 not favourable, 18 dismissed. By pathology: LBDCG 1,834; LLA-B 390; MM 160; LCM 90; LBPM 89; LBAG 53; LF 52; other 74."
Spanish Ministry of Health CAR-T expert-group circuit,Spain,2025,Yescarta (axicabtagene ciloleucel),1084,cumulative_patients,,"Tabla 4. CAR-T solicitados por patologia: TOTAL Kymriah 458, Yescarta 1.084, Kymriah/Yescarta 728, Tecartus 90, Abecma 62, Carvykti 95, ARI-0001 222, ARI-0002h 3, TOTAL 2.742","Ministerio de Sanidad (Spain), Informe anual Terapias Avanzadas 2025 (solicitudes de tratamiento CAR-T, marzo 2019 - junio 2025), published January 2026",https://www.sanidad.gob.es/areas/farmacia/infoMedicamentos/terapiasAvanzadas/docs/INFORME_ANUAL_FINAL_TA_2025.pdf,verified-from-source,"Cumulative requests by requested product, March 2019-June 2025."
Spanish Ministry of Health CAR-T expert-group circuit,Spain,2025,Kymriah (tisagenlecleucel),458,cumulative_patients,,"Tabla 4. CAR-T solicitados por patologia: TOTAL Kymriah 458, Yescarta 1.084, Kymriah/Yescarta 728, Tecartus 90, Abecma 62, Carvykti 95, ARI-0001 222, ARI-0002h 3, TOTAL 2.742","Ministerio de Sanidad (Spain), Informe anual Terapias Avanzadas 2025 (solicitudes de tratamiento CAR-T, marzo 2019 - junio 2025), published January 2026",https://www.sanidad.gob.es/areas/farmacia/infoMedicamentos/terapiasAvanzadas/docs/INFORME_ANUAL_FINAL_TA_2025.pdf,verified-from-source,"Cumulative requests by requested product, March 2019-June 2025."
Spanish Ministry of Health CAR-T expert-group circuit,Spain,2025,Kymriah/Yescarta (either),728,cumulative_patients,,"Tabla 4. CAR-T solicitados por patologia: TOTAL Kymriah 458, Yescarta 1.084, Kymriah/Yescarta 728, Tecartus 90, Abecma 62, Carvykti 95, ARI-0001 222, ARI-0002h 3, TOTAL 2.742","Ministerio de Sanidad (Spain), Informe anual Terapias Avanzadas 2025 (solicitudes de tratamiento CAR-T, marzo 2019 - junio 2025), published January 2026",https://www.sanidad.gob.es/areas/farmacia/infoMedicamentos/terapiasAvanzadas/docs/INFORME_ANUAL_FINAL_TA_2025.pdf,verified-from-source,"Cumulative requests by requested product, March 2019-June 2025."
Spanish Ministry of Health CAR-T expert-group circuit,Spain,2025,"ARI-0001 (academic, Hospital Clinic)",222,cumulative_patients,,"Tabla 4. CAR-T solicitados por patologia: TOTAL Kymriah 458, Yescarta 1.084, Kymriah/Yescarta 728, Tecartus 90, Abecma 62, Carvykti 95, ARI-0001 222, ARI-0002h 3, TOTAL 2.742","Ministerio de Sanidad (Spain), Informe anual Terapias Avanzadas 2025 (solicitudes de tratamiento CAR-T, marzo 2019 - junio 2025), published January 2026",https://www.sanidad.gob.es/areas/farmacia/infoMedicamentos/terapiasAvanzadas/docs/INFORME_ANUAL_FINAL_TA_2025.pdf,verified-from-source,"Cumulative requests by requested product, March 2019-June 2025."
Spanish Ministry of Health CAR-T expert-group circuit,Spain,2025,Carvykti (ciltacabtagene autoleucel),95,cumulative_patients,,"Tabla 4. CAR-T solicitados por patologia: TOTAL Kymriah 458, Yescarta 1.084, Kymriah/Yescarta 728, Tecartus 90, Abecma 62, Carvykti 95, ARI-0001 222, ARI-0002h 3, TOTAL 2.742","Ministerio de Sanidad (Spain), Informe anual Terapias Avanzadas 2025 (solicitudes de tratamiento CAR-T, marzo 2019 - junio 2025), published January 2026",https://www.sanidad.gob.es/areas/farmacia/infoMedicamentos/terapiasAvanzadas/docs/INFORME_ANUAL_FINAL_TA_2025.pdf,verified-from-source,"Cumulative requests by requested product, March 2019-June 2025."
Spanish Ministry of Health CAR-T expert-group circuit,Spain,2025,Tecartus (brexucabtagene autoleucel),90,cumulative_patients,,"Tabla 4. CAR-T solicitados por patologia: TOTAL Kymriah 458, Yescarta 1.084, Kymriah/Yescarta 728, Tecartus 90, Abecma 62, Carvykti 95, ARI-0001 222, ARI-0002h 3, TOTAL 2.742","Ministerio de Sanidad (Spain), Informe anual Terapias Avanzadas 2025 (solicitudes de tratamiento CAR-T, marzo 2019 - junio 2025), published January 2026",https://www.sanidad.gob.es/areas/farmacia/infoMedicamentos/terapiasAvanzadas/docs/INFORME_ANUAL_FINAL_TA_2025.pdf,verified-from-source,"Cumulative requests by requested product, March 2019-June 2025."
Spanish Ministry of Health CAR-T expert-group circuit,Spain,2025,Abecma (idecabtagene vicleucel),62,cumulative_patients,,"Tabla 4. CAR-T solicitados por patologia: TOTAL Kymriah 458, Yescarta 1.084, Kymriah/Yescarta 728, Tecartus 90, Abecma 62, Carvykti 95, ARI-0001 222, ARI-0002h 3, TOTAL 2.742","Ministerio de Sanidad (Spain), Informe anual Terapias Avanzadas 2025 (solicitudes de tratamiento CAR-T, marzo 2019 - junio 2025), published January 2026",https://www.sanidad.gob.es/areas/farmacia/infoMedicamentos/terapiasAvanzadas/docs/INFORME_ANUAL_FINAL_TA_2025.pdf,verified-from-source,"Cumulative requests by requested product, March 2019-June 2025."
Spanish Ministry of Health CAR-T expert-group circuit,Spain,2025,ARI-0002h (academic),3,cumulative_patients,,"Tabla 4. CAR-T solicitados por patologia: TOTAL Kymriah 458, Yescarta 1.084, Kymriah/Yescarta 728, Tecartus 90, Abecma 62, Carvykti 95, ARI-0001 222, ARI-0002h 3, TOTAL 2.742","Ministerio de Sanidad (Spain), Informe anual Terapias Avanzadas 2025 (solicitudes de tratamiento CAR-T, marzo 2019 - junio 2025), published January 2026",https://www.sanidad.gob.es/areas/farmacia/infoMedicamentos/terapiasAvanzadas/docs/INFORME_ANUAL_FINAL_TA_2025.pdf,verified-from-source,"Cumulative requests by requested product, March 2019-June 2025."
JDCHCT Cellular Therapy Registry (JSTCT),Japan,2019,CAR-T all,10,infusions,,CAR-T細胞輸注件数の年次推移 (bar for 2019; no data label) - 2024年9月末時点,"JDCHCT / JSTCT, 2024 Nendo Nihon ni okeru saibo chiryo slide-shu (Cellular Therapy Registry slides, data registered to end September 2024), slide 3 'CAR-T saibo yuchu kensu no nenji suii' (annual CAR-T infusions), file Nationwide_Survey_CTR_fy2024_sep_vol_jpn_pic_20250331.pptx",http://www.jdchct.or.jp/data/slide/2024/Nationwide_Survey_CTR_fy2024_sep_vol_jpn_pic_20250331.pptx,provisional-from-snippet,"CHART-READ ESTIMATE, not a printed number: bars are unlabeled; value measured in pixels against the right-hand axis gridlines (0-1000 infusions), uncertainty about +/-15. Bar sum 2019-2024 ~1,984 vs cumulative line ~1,969. Cumulative shares 2019-2024 (slide 4, printed): large B-cell lymphoma 74%, multiple myeloma/plasma cell 13%, ALL 8%, follicular lymphoma 6%."
JDCHCT Cellular Therapy Registry (JSTCT),Japan,2020,CAR-T all,136,infusions,,CAR-T細胞輸注件数の年次推移 (bar for 2020; no data label) - 2024年9月末時点,"JDCHCT / JSTCT, 2024 Nendo Nihon ni okeru saibo chiryo slide-shu (Cellular Therapy Registry slides, data registered to end September 2024), slide 3 'CAR-T saibo yuchu kensu no nenji suii' (annual CAR-T infusions), file Nationwide_Survey_CTR_fy2024_sep_vol_jpn_pic_20250331.pptx",http://www.jdchct.or.jp/data/slide/2024/Nationwide_Survey_CTR_fy2024_sep_vol_jpn_pic_20250331.pptx,provisional-from-snippet,"CHART-READ ESTIMATE, not a printed number: bars are unlabeled; value measured in pixels against the right-hand axis gridlines (0-1000 infusions), uncertainty about +/-15. Bar sum 2019-2024 ~1,984 vs cumulative line ~1,969. Cumulative shares 2019-2024 (slide 4, printed): large B-cell lymphoma 74%, multiple myeloma/plasma cell 13%, ALL 8%, follicular lymphoma 6%."
JDCHCT Cellular Therapy Registry (JSTCT),Japan,2021,CAR-T all,222,infusions,,CAR-T細胞輸注件数の年次推移 (bar for 2021; no data label) - 2024年9月末時点,"JDCHCT / JSTCT, 2024 Nendo Nihon ni okeru saibo chiryo slide-shu (Cellular Therapy Registry slides, data registered to end September 2024), slide 3 'CAR-T saibo yuchu kensu no nenji suii' (annual CAR-T infusions), file Nationwide_Survey_CTR_fy2024_sep_vol_jpn_pic_20250331.pptx",http://www.jdchct.or.jp/data/slide/2024/Nationwide_Survey_CTR_fy2024_sep_vol_jpn_pic_20250331.pptx,provisional-from-snippet,"CHART-READ ESTIMATE, not a printed number: bars are unlabeled; value measured in pixels against the right-hand axis gridlines (0-1000 infusions), uncertainty about +/-15. Bar sum 2019-2024 ~1,984 vs cumulative line ~1,969. Cumulative shares 2019-2024 (slide 4, printed): large B-cell lymphoma 74%, multiple myeloma/plasma cell 13%, ALL 8%, follicular lymphoma 6%."
JDCHCT Cellular Therapy Registry (JSTCT),Japan,2022,CAR-T all,439,infusions,,CAR-T細胞輸注件数の年次推移 (bar for 2022; no data label) - 2024年9月末時点,"JDCHCT / JSTCT, 2024 Nendo Nihon ni okeru saibo chiryo slide-shu (Cellular Therapy Registry slides, data registered to end September 2024), slide 3 'CAR-T saibo yuchu kensu no nenji suii' (annual CAR-T infusions), file Nationwide_Survey_CTR_fy2024_sep_vol_jpn_pic_20250331.pptx",http://www.jdchct.or.jp/data/slide/2024/Nationwide_Survey_CTR_fy2024_sep_vol_jpn_pic_20250331.pptx,provisional-from-snippet,"CHART-READ ESTIMATE, not a printed number: bars are unlabeled; value measured in pixels against the right-hand axis gridlines (0-1000 infusions), uncertainty about +/-15. Bar sum 2019-2024 ~1,984 vs cumulative line ~1,969. Cumulative shares 2019-2024 (slide 4, printed): large B-cell lymphoma 74%, multiple myeloma/plasma cell 13%, ALL 8%, follicular lymphoma 6%."
JDCHCT Cellular Therapy Registry (JSTCT),Japan,2023,CAR-T all,674,infusions,,CAR-T細胞輸注件数の年次推移 (bar for 2023; no data label) - 2024年9月末時点,"JDCHCT / JSTCT, 2024 Nendo Nihon ni okeru saibo chiryo slide-shu (Cellular Therapy Registry slides, data registered to end September 2024), slide 3 'CAR-T saibo yuchu kensu no nenji suii' (annual CAR-T infusions), file Nationwide_Survey_CTR_fy2024_sep_vol_jpn_pic_20250331.pptx",http://www.jdchct.or.jp/data/slide/2024/Nationwide_Survey_CTR_fy2024_sep_vol_jpn_pic_20250331.pptx,provisional-from-snippet,"CHART-READ ESTIMATE, not a printed number: bars are unlabeled; value measured in pixels against the right-hand axis gridlines (0-1000 infusions), uncertainty about +/-15. Bar sum 2019-2024 ~1,984 vs cumulative line ~1,969. Cumulative shares 2019-2024 (slide 4, printed): large B-cell lymphoma 74%, multiple myeloma/plasma cell 13%, ALL 8%, follicular lymphoma 6%."
JDCHCT Cellular Therapy Registry (JSTCT),Japan,2024,CAR-T all,503,infusions,,CAR-T細胞輸注件数の年次推移 (bar for 2024; no data label) - 2024年9月末時点,"JDCHCT / JSTCT, 2024 Nendo Nihon ni okeru saibo chiryo slide-shu (Cellular Therapy Registry slides, data registered to end September 2024), slide 3 'CAR-T saibo yuchu kensu no nenji suii' (annual CAR-T infusions), file Nationwide_Survey_CTR_fy2024_sep_vol_jpn_pic_20250331.pptx",http://www.jdchct.or.jp/data/slide/2024/Nationwide_Survey_CTR_fy2024_sep_vol_jpn_pic_20250331.pptx,provisional-from-snippet,"CHART-READ ESTIMATE, not a printed number: bars are unlabeled; value measured in pixels against the right-hand axis gridlines (0-1000 infusions), uncertainty about +/-15. 2024 covers January-September 2024 only. Bar sum 2019-2024 ~1,984 vs cumulative line ~1,969. Cumulative shares 2019-2024 (slide 4, printed): large B-cell lymphoma 74%, multiple myeloma/plasma cell 13%, ALL 8%, follicular lymphoma 6%."
JDCHCT Cellular Therapy Registry (JSTCT),Japan,2024,CAR-T all,1969,cumulative_patients,,"累積件数 line, CAR-T細胞輸注件数の年次推移, 2024年9月末時点","JDCHCT / JSTCT, 2024 Nendo Nihon ni okeru saibo chiryo slide-shu (Cellular Therapy Registry slides, data registered to end September 2024), slide 3 'CAR-T saibo yuchu kensu no nenji suii' (annual CAR-T infusions), file Nationwide_Survey_CTR_fy2024_sep_vol_jpn_pic_20250331.pptx",http://www.jdchct.or.jp/data/slide/2024/Nationwide_Survey_CTR_fy2024_sep_vol_jpn_pic_20250331.pptx,provisional-from-snippet,"Chart-read estimate of the cumulative-infusions line at 2024 (left axis 0-2000); registry data to end of September 2024. JDCHCT slide decks carry the charts as images; the Blood Advances 2026 nationwide LBCL registry analysis (ashpublications.org, 2019-2024) may give exact counts but was not fetched."
ANZTCT Registry (formerly ABMTRR),Australia/New Zealand,2024,CAR-T all,,patients,,"The 2025 Annual Data Summary is now available ... Free for contributing clinicians, $4,000 (excluding GST) for other interested parties",ANZTCT Registry Annual Data Summary 2025 (abmtrr.org domain is now parked),https://anztct.org.au/registry/annual-data-summary/,gap,Registry records CAR-T (TGA/MSAC condition of approval) but the Annual Data Summary is paywalled for non-contributors and no CAR-T totals appear on the public pages. APBMT Annual Report 2024 states a non-HSCT cellular therapy survey began with 2024 data but prints no country counts.
