product_key,nct,brief_title,official_title,start_date,status,study_type,phases,sponsor,interventions,matched_by
kymriah,NCT02624258,"Pilot Study of Non-Viral, RNA-Redirected Autologous T Cells in Patients With Refractory or Relapsed Hodgkin Lymphoma","Pilot Study of Non-Viral, RNA-Redirected Autologous T Cells Engineered to Contain Anti-CD19 Linked to TCR and 4-1BB Signaling Domains in Patients With Refractory or Relapsed Hodgkin Lymphoma",2015-11,TERMINATED,INTERVENTIONAL,EARLY_PHASE1,University of Pennsylvania,CD19 RNA redirected autologous T-cells (RNA CART19 cells),search
kymriah,NCT03568461,Efficacy and Safety of Tisagenlecleucel in Adult Patients With Refractory or Relapsed Follicular Lymphoma,"A Phase II, Single Arm, Multicenter Open Label Trial to Determine the Efficacy and Safety of Tisagenlecleucel (CTL019) in Adult Patients With Refractory or Relapsed Follicular Lymphoma",2018-11-12,COMPLETED,INTERVENTIONAL,PHASE2,Novartis Pharmaceuticals,tisagenlecleucel,search
kymriah,NCT01029366,CART19 to Treat B-Cell Leukemia or Lymphoma That Are Resistant or Refractory to Chemotherapy,Pilot Study of Redirected Autologous T-cells Engineered to Contain Anti-CD19 Attached to TCR and 4-1BB Signaling Domains in Patient With Chemotherapy Resistant or Refractory CD19+ Leukemia and Lymphoma,2010-03-17,COMPLETED,INTERVENTIONAL,PHASE1,University of Pennsylvania,CART-19,search
kymriah,NCT03570892,Tisagenlecleucel in Adult Patients With Aggressive B-cell Non-Hodgkin Lymphoma,"Tisagenlecleucel Versus Standard of Care in Adult Patients With Relapsed or Refractory Aggressive B-cell Non-Hodgkin Lymphoma: A Randomized, Open Label, Phase III Trial (BELINDA)",2019-05-09,COMPLETED,INTERVENTIONAL,PHASE3,Novartis Pharmaceuticals,Tisagenlecleucel after optional bridging and lymphodepleting chemotherapy|Platinum-based immunochemotherapy followed in responding patients with high dose chemotherapy and autologous hematopoietic stem cell transplant (HSCT),search
kymriah,NCT02135406,CART-19 for Multiple Myeloma,Pilot Study Of Redirected Autologous T Cells Engineered To Contain Anti-CD19 Attached To TCRζ And 4-1BB Signaling Domains Coupled With Salvage Autologous Stem-Cell Transplantation (ASCT) In Multiple Myeloma Patients With Early Relapse/Progression After Initial ASCT,2014-05,COMPLETED,INTERVENTIONAL,PHASE1,University of Pennsylvania,CART-19 T cells,search
kymriah,NCT06101381,CD19-directed CAR-T Cell Therapy for R/R Acute Leukemia and Lymphoma,CD19-directed CAR-T Cell Therapy for Refractory or Relapsed Acute Lymphoblastic Leukemia or Non-Hodgkin Lymphoma: a Multicenter Phase I/II Trial.,2024-03-21,RECRUITING,INTERVENTIONAL,PHASE1|PHASE2,University of Sao Paulo,CART-19,search
kymriah,NCT02167360,Study of Efficacy and Safety of CTL019 in Adult ALL Patients,"A Phase II, Single Arm, Multicenter Trial to Determine the Efficacy and Safety of CTL019 in Adult Patients With Relapsed and Refractory B-cell Acute Lymphoblastic Leukemia",2016-06,WITHDRAWN,INTERVENTIONAL,PHASE2,Abramson Cancer Center at Penn Medicine,CTL019,search
kymriah,NCT01747486,Dose Optimization Trial of CD19 Redirected Autologous T Cells,Dose Optimization Trial of Autologous T Cells Engineered to Express Anti-CD19 Chimeric Antigen Receptor (CART-19) in Patients With Relapsed or Refractory CD19+ Chronic Lymphocytic Leukemia (CLL),2013-01-02,COMPLETED,INTERVENTIONAL,PHASE2,University of Pennsylvania,CART-19,search
kymriah,NCT06408194,Autologous CD22 CAR T Cells Following Commercial CD19 CAR T Cells in B Cell Malignancies,Phase I/Ib Clinical Trial of Autologous CD22 Chimeric Antigen Receptor (CAR) T Cells Following Commercial CD19 CAR T Cells in Children and Young Adults With Recurrent or Refractory B Cell Malignancies,2024-05-13,RECRUITING,INTERVENTIONAL,PHASE1,Stanford University,CD22CART infusion|Tisagenlecleucel,search
kymriah,NCT05037669,Programmed Allogeneic CRISPR-edited T Cells Engineered to Express Anti-CD19 Chimeric Antigen Receptor (PACE CART19) in Patients With Relapsed Or Refractory CD19+ Leukemia and Lymphoma,"Phase I Trial of Programmed Allogeneic CRISPR-edited T Cells (PACE) Gene Edited to Eliminate Endogenous TCR, HLA-class I and HLA-class II and Engineered to Express Anti-CD19 Chimeric Antigen Receptor (PACE CART19) in Patients With Relapsed Or Refractory CD19+ Leukemia and Lymphoma",2022-07,WITHDRAWN,INTERVENTIONAL,PHASE1,University of Pennsylvania,PACE CART19,search
kymriah,NCT04855253,Ph I/II Study of E7777 Prior to CAR-T for R/R LBCL,Phase I/II Trial Using E7777 to Enhance Regulatory T-Cell Depletion Prior to CAR-T Therapy for Relapsed/Refractory Large B-Cell Lymphomas,2021-06-09,SUSPENDED,INTERVENTIONAL,PHASE1|PHASE2,"Masonic Cancer Center, University of Minnesota",E7777|Fludarabine|Cyclophosphamide|Tisagenlecleucel|Axicabtagene Ciloleucel|Lisocabtagene Maraleucel Intravenous Suspension,search
kymriah,NCT02810223,Efficacy of CART-19 Cell Therapy in B Cell Acute Lymphoblastic Leukemia,,2016-05,UNKNOWN,INTERVENTIONAL,PHASE1,"Beijing Sanwater Biological Technology Co., Ltd.",CART-19,search
kymriah,NCT05460533,A Second Infusion (Early Reinfusion) of Tisagenlecleucel in Children and Young Adults With B-Cell Acute Lymphoblastic Leukemia(B-ALL),Phase II Open Label Multicenter Study of Early REinFusion of Tisagenlecleucel to Promote DUrable B-CEll ApLasia in Pediatric and Young Adult Patients With Relapsed/Refractory CD19-Positive B-Cell Acute Lymphoblastic Leukemia (REFUEL),2022-07-12,ACTIVE_NOT_RECRUITING,INTERVENTIONAL,PHASE2,Memorial Sloan Kettering Cancer Center,Tisagenlecleucel,search
kymriah,NCT03685786,CART19 Cells Treatment of MRD of B Cell Malignancies and Then Auto-HSCT,The Study of Autologous T Cells Expressing CD19 Chimeric Antigen Receptors Treatment of Minimal Residual Disease(MRD) of B Cell Malignancies and Then Autologous Hematopoietic Stem Cell Transplantation(Auto-HSCT),2018-06-01,UNKNOWN,INTERVENTIONAL,PHASE1,Shenzhen Second People's Hospital,CART19 cell and auto-HSCT,search
kymriah,NCT06839976,CD19-Directed Chimeric Antigen Receptor Autologous T Cells (CART19) for Lupus,CD19-Directed Chimeric Antigen Receptor Autologous T Cells (CART19) for Adolescents and Young Adults With Systemic Lupus Erythematosus (SLE),2025-05-06,RECRUITING,INTERVENTIONAL,PHASE1|PHASE2,Children's Hospital of Philadelphia,CART19,search
kymriah,NCT02030847,Study of Redirected Autologous T Cells Engineered to Contain Anti-CD19 Attached to TCR and 4-1BB Signaling Domains in Patients With Chemotherapy Resistant or Refractory Acute Lymphoblastic Leukemia,Phase II Study of Redirected Autologous T Cells Engineered to Contain Anti-CD19 Attached to TCR and 4-1BB Signaling Domains in Patients With Chemotherapy Resistant or RefractoryAcute Lymphoblastic Leukemia,2014-02-27,COMPLETED,INTERVENTIONAL,PHASE2,University of Pennsylvania,CART-19|CART-19|CART-19|CART-19,search
kymriah,NCT04276870,Orphan Indications for CD19 Redirected Autologous T Cells,CD19-Directed Chimeric Antigen Receptor CD19 Redirected Autologous T Cells (CART19) for Orphan Indications of Pediatric B Cell Acute Lymphoblastic Leukemia (B ALL),2020-03-12,RECRUITING,INTERVENTIONAL,PHASE2,Stephan Grupp MD PhD,Murine CART19,search
kymriah,NCT03123939,Phase III B in Acute Lymphoblastic Leukemia,Phase IIIb Study for Relapsed/Refractory Pediatric/Young Adult Acute Lymphoblastic Leukemia Patients to be Treated With CTL019,2017-04-24,COMPLETED,INTERVENTIONAL,PHASE3,Novartis Pharmaceuticals,CTL019,search
kymriah,NCT02924753,The Safety and Efficacy of CART-19 Cells in B-cell Acute Lymphoblastic Leukemia (B-ALL).,The Safety and Efficacy of CART-19 Cells in Relapse and Refractory Patients With CD19+ B-cell Acute Lymphoblastic Leukemia.,2016-07-18,UNKNOWN,INTERVENTIONAL,PHASE1,Henan Cancer Hospital,Cyclophosphamide|Fludarabine|CART-19 cells,search
kymriah,NCT03455972,Study of T Cells Targeting CD19/BCMA (CART-19/BCMA) for High Risk Multiple Myeloma Followed With Auto-HSCT,Study of T Cells Targeting CD19/BCMA (CART-19/BCMA) for High Risk Multiple Myeloma Followed With Auto-HSCT,2018-02-20,ACTIVE_NOT_RECRUITING,INTERVENTIONAL,PHASE1|PHASE2,The First Affiliated Hospital of Soochow University,anti-CD19 and anti-BCMA CAR|Immunomodulatory drugs,search
kymriah,NCT03610724,Phase II Open Label Trial to Determine Safety & Efficacy of Tisagenlecleucel in Pediatric Non-Hodgkin Lymphoma Patients,"A Phase II, Single Arm, Multicenter Open Label Trial to Determine the Safety and Efficacy of Tisagenlecleucel in Pediatric Subjects With Relapsed or Refractory Mature B-cell Non-Hodgkin Lymphoma (NHL)",2019-02-15,COMPLETED,INTERVENTIONAL,PHASE2,Novartis Pharmaceuticals,Tisagenlecleucel|lymphodepleting chemotherapy|Bridging Therapy,search
kymriah,NCT02529813,CD19-Specific T-cells in Treating Patients With Advanced Lymphoid Malignancies,CD19+ Chimeric Antigen Receptor T Cells for Patients With Advanced Lymphoid Malignancies,2015-12-16,COMPLETED,INTERVENTIONAL,PHASE1,M.D. Anderson Cancer Center,Cyclophosphamide|Fludarabine Phosphate|Laboratory Biomarker Analysis|Tisagenlecleucel,search
kymriah,NCT03876769,Study of Efficacy and Safety of Tisagenlecleucel in HR B-ALL EOC MRD Positive Patients,A Phase II Trial of Tisagenlecleucel in First-line High-risk (HR) Pediatric and Young Adult Patients With B-cell Acute Lymphoblastic Leukemia (B-ALL) Who Are Minimal Residual Disease (MRD) Positive at the End of Consolidation (EOC) Therapy,2019-06-24,ACTIVE_NOT_RECRUITING,INTERVENTIONAL,PHASE2,Novartis Pharmaceuticals,CTL019,search
kymriah,NCT03027739,CART-19 Cells For MRD Positive CD19+ ALL,CART-19 Cells For Patients With Minimal Residual Disease (MRD) Positive CD19+ Acute Lymphoblastic Leukemia,2016-11,UNKNOWN,INTERVENTIONAL,PHASE2|PHASE3,Fujian Medical University,CART-19,search
kymriah,NCT04161118,TisaGenlecleucel in Elderly Patients With First-Relapsed or Primary Refractory Aggressive B-cell Non-Hodgkin Lymphoma,Phase II Trial of TisaGenlecleucel in Elderly Patients With First-Relapsed or Primary Refractory Aggressive B-cell Non-Hodgkin Lymphoma,2021-05-12,TERMINATED,INTERVENTIONAL,PHASE2,University of Cologne,CTL019,search
kymriah,NCT07676877,Lymphodepletion With Low Dose Total Body Irradiation Before Standard of Care Tisagenlecleucel for the Treatment of Relapsed and Recurrent Large B-cell Lymphoma,A Phase I Trial of Lymphodepletion Intensification With Low Dose Total Body Irradiation With Dose Expansion for Standard-of-Care Tisagenlecleucel in Patients With Large B-Cell Lymphoma,2026-09-01,NOT_YET_RECRUITING,INTERVENTIONAL,PHASE1,Nathan Denlinger,Biospecimen Collection|Computed Tomography|Cyclophosphamide|Fludarabine|Leukapheresis|Positron Emission Tomography|Tisagenlecleucel|Total-Body Irradiation,search
kymriah,NCT06160362,The Safety and Efficacy of Double-target CART-19 and 20 Cells in Non-Hodgkin's Lymphoma (NHL),The Safety and Efficacy of Double-target CART-19 and 20 Cells in Relapse and Refractory Patients With CD19+/CD20+ Non-Hodgkin's Lymphoma (NHL),2023-10-31,UNKNOWN,INTERVENTIONAL,NA,Henan Cancer Hospital,CART-19 and 20 cells|Cyclophosphamide|Fludarabine,search
kymriah,NCT05888493,A Phase III Trial Comparing Tisagenlecleucel to Standard of Care (SoC) in Adult Participants With r/r Follicular Lymphoma,"A Randomized, Open-label, Multi-center Phase III Trial Comparing Tisagenlecleucel to Standard of Care in Adult Participants With Relapsed or Refractory Follicular Lymphoma (FL)",2023-10-02,ACTIVE_NOT_RECRUITING,INTERVENTIONAL,PHASE3,Novartis Pharmaceuticals,"Tisagenlecleucel|Lenalidomide and rituximab (R2) in 28-day cycles for up to 12 cycles.|Rituximab, cyclophosphamide, doxorubicin, vincristine and prednisone or prednisolone (R-CHOP) in 21-day cycles for 6 to 8 cycles|Lymphodepleting chemotherapy|Corticosteroids and/or Radiation (Bridging therapy)",search
kymriah,NCT03391739,CART-19 Cells For R/R B-ALL,CART-19 Cells For Patients With Relapsed/Refractory B-cell Acute Lymphoblastic Leukemia,2016-01,UNKNOWN,INTERVENTIONAL,PHASE2|PHASE3,Fujian Medical University,CART-19 cells,search
kymriah,NCT05310591,"Combination of an Anti-PD1 Antibody With Tisagenlecleucel Reinfusion in Children, Adolescents and Young Adults With Acute Lymphoblastic Leukemia After Loss of Persistence","Combination of an Anti-PD1 Antibody With Tisagenlecleucel Reinfusion in Children, Adolescents and Young Adults With Acute Lymphoblastic Leukemia After Loss of Persistence",2023-03-15,RECRUITING,INTERVENTIONAL,PHASE1|PHASE2,Assistance Publique - Hôpitaux de Paris,Decreasing starting times for beginning nivolumab (Time to Event Continual Reassessment Method (TITE-CRM) )|Nivolumab starting at day -1,search
kymriah,NCT02935543,CART19 in Adult Patients With Minimal Residual Disease During Upfront Treatment for ALL,Phase 2 Study of CD19-directed Chimeric Antigen Receptor-modified T Cells (CART19) for Adult Patients With Minimal Residual Disease During Upfront Treatment for Acute Lymphoblastic Leukemia,2016-10,TERMINATED,INTERVENTIONAL,PHASE2,University of Pennsylvania,CART 19,search
kymriah,NCT04419909,Retreatment With CTL019/CTL119,Retreatment With CTL019/CTL119 in Patients With Late Relapse of B-Cell Lymphomas,2026-05,WITHDRAWN,INTERVENTIONAL,PHASE1,University of Pennsylvania,CD19 redirected autologous T cells (CTL019 or CTL119 cells),search
kymriah,NCT04156659,Study of Tisagenlecleucel in Chinese Pediatric and Young Adult Subjects With Relapsed or Refractory B-cell ALL,"A Phase II, Single Arm, Multi-center Trial to Evaluate the Efficacy and Safety of Tisagenlecleucel in Chinese Pediatric and Young Adult Patients With Relapsed or Refractory B-cell Acute Lymphoblastic Leukemia",2021-11-30,WITHDRAWN,INTERVENTIONAL,PHASE2,Novartis Pharmaceuticals,Tisagenlecleucel,search
kymriah,NCT04094311,Study of Out of Specification for Tisagenlecleucel,A Phase IIIb Study of the Safety and Efficacy of Tisagenlecleucel Out of Specification for Commercial Release in Patients Who Are Consistent With the Label Indication,2019-11-21,RECRUITING,INTERVENTIONAL,PHASE3,Novartis Pharmaceuticals,CTL019,search
kymriah,NCT02906371,Study of the Tocilizumab Optimization Timing for CART19 Associated Cytokine Release Syndrome,A Two Cohort Pilot Study of the Tocilizumab Optimization Timing for CART19 Associated Cytokine Release Syndrome (CRS) Management in Pediatric Patients With CD19 Expressing Relapsed/Refractory B-cell Acute Lymphoblastic Leukemia (ALL),2016-08,COMPLETED,INTERVENTIONAL,PHASE1,University of Pennsylvania,Tocilizumab|Tocilizumab|CART 19,search
kymriah,NCT01551043,Allo CART-19 Protocol,Pilot Study of Donor Lymphocyte Infusions Using Donor T Cells Engineered to Contain Anti-CD19 Attached To TCR And 4-1BB Signaling Domains in Patients With Relapsed CD19+ All After Allogeneic Stem Cell Transplantation,2010-09,TERMINATED,INTERVENTIONAL,PHASE1,University of Pennsylvania,CART-19,search
kymriah,NCT05633615,Testing Drug Treatments After CAR T-cell Therapy in Patients With Relapsed/Refractory Diffuse Large B-cell Lymphoma,A Randomized Phase II Trial of Consolidation Therapy Following CD19 CAR T-Cell Treatment for Relapsed/Refractory Diffuse Large B-Cell Lymphoma or Grade IIIB Follicular Lymphoma,2023-06-12,RECRUITING,INTERVENTIONAL,PHASE2,SWOG Cancer Research Network,Axicabtagene Ciloleucel|Biospecimen Collection|Computed Tomography|Cyclophosphamide|Fludarabine|Lisocabtagene Maraleucel|Mosunetuzumab|Patient Observation|Polatuzumab Vedotin|Positron Emission Tomography|Tisagenlecleucel,search
kymriah,NCT05075603,Relapsed/Refractory Large B-cell Lymphoma With NT-I7 Post-CD19 CAR T-cell Therapy,"A Phase 1b Study Evaluating the Safety, Tolerability and Preliminary Anti-tumor Activity of NT-I7 a Long-acting Human IL-7, Post-Kymriah®, Post-Yescarta®, or Post-Breyanzi® in Subjects With Relapsed/Refractory Large B-cell Lymphoma",2021-07-29,COMPLETED,INTERVENTIONAL,PHASE1,NeoImmuneTech,Efineptakin alfa|Tisagenlecleucel|Axicabtagene ciloleucel|Lisocabtagene Maraleucel,search
kymriah,NCT03614858,CD19/CD22-targeted Chimeric Antigen Receptor Engineered T Cell (CART) in B-Cell Acute Lymphoblastic Leukemia.,Pilot Study of the Efficacy and Safety of Cluster of Differentiation Antigen 19 (CD19) /Cluster of Differentiation Antigen 22 (CD22) CART in the Treatment of Relapsed or Refractory B-Cell Acute Lymphoblastic Leukemia.,2017-09-01,UNKNOWN,INTERVENTIONAL,PHASE1|PHASE2,"Shanghai Unicar-Therapy Bio-medicine Technology Co.,Ltd",CART-19/22,search
kymriah,NCT05199961,Quality of Life of Adults With Diffuse Large B-cell Lymphoma Treated With Tisagenlecleucel,Quality of Life of Adults With Diffuse Large B-cell Lymphoma Treated With Tisagenlecleucel,2022-01-25,TERMINATED,INTERVENTIONAL,NA,Pack Health,Digital Health Coaching,search
kymriah,NCT03544021,CART-19 FOR Relapsed/Refractory Acute Lymphoblastic Leukemia （ALL）,CD19-Targeted CAR-T in Treating Patients With Relapsed/Refractory Acute Lymphoblastic Leukemia （ALL）,2018-03-01,UNKNOWN,INTERVENTIONAL,PHASE1|PHASE2,The Affiliated Hospital of the Chinese Academy of Military Medical Sciences,CART-19 cells,search
kymriah,NCT03876028,Study of Tisagenlecleucel in Combination With Ibrutinib in r/r Diffuse Large B-cell Lymphoma Patients,"A Phase Ib, Multicenter Study to Determine the Safety and Tolerability of Tisagenlecleucel in Combination With Ibrutinib in Adult Patients With Relapsed and/or Refractory Diffuse Large B-cell Lymphoma",2019-06-11,TERMINATED,INTERVENTIONAL,PHASE1,Novartis Pharmaceuticals,Tisagenlecleucel|Ibrutinib,search
kymriah,NCT03896854,CART-19 T Cell in CD19 Positive Relapsed or Refractory Acute Myeloid Leukemia (AML),Pilot Study of the Efficacy and Safety of CD19 Targeted Chimeric Antigen Receptor Engineered T Cell in the Treatment of Relapsed or Refractory CD19 Positive Acute Myeloid Leukemia (AML),2017-10-18,UNKNOWN,INTERVENTIONAL,PHASE1|PHASE2,"Shanghai Unicar-Therapy Bio-medicine Technology Co.,Ltd",CART-19,search
kymriah,NCT01864889,Treatment of Relapsed and/or Chemotherapy Refractory B-cell Malignancy by CART19,Clinical Study of Chimeric CD(Cluster of Differentiation)19 Antigen Receptor-modified T Cells in Relapsed and/or Chemotherapy Refractory B-cell Leukemias and Lymphomas,2013-04,UNKNOWN,INTERVENTIONAL,NA,Chinese PLA General Hospital,anti-CD19-CAR vector-transduced T cells,search
kymriah,NCT05054257,CART19 Cells Effects in Patients with Relapsed or Refractory Acute Lymphoblastic Leukemia and Non-Hodgkin's Lymphoma,"Safety and Efficacy of Anti-CD19 Chimeric Antigen Receptor-modified Autologous T Cells (CART19) in Patients with Relapsed/refractory CD19+ Acute Lymphoblastic Leukemia and Non-Hodgkin's Lymphoma. a Dose Escalation, Open-label, Phase I Study.",2021-06-02,RECRUITING,INTERVENTIONAL,PHASE1,"Institute of Hematology and Blood Transfusion, Czech Republic",Autologous CAR19 T lymphocytes,search
kymriah,NCT03630159,Study of Tisagenlecleucel in Combination With Pembrolizumab in r/r Diffuse Large B-cell Lymphoma Patients,Phase Ib Study of Tisagenlecleucel in Combination With Pembrolizumab in Relapsed/Refractory (r/r) Diffuse Large B-cell Lymphoma (DLBCL) Patients.,2018-10-09,COMPLETED,INTERVENTIONAL,PHASE1,Novartis Pharmaceuticals,Tisagenlecleucel|Pembrolizumab,search
kymriah,NCT04134117,Tisagenlecleucel In Primary CNS Lymphoma,"Pilot Study of Tisagenlecleucel, CD19-targeted Chimeric Antigen Receptor (CAR) T Cells, in Patients With Primary Central Nervous System Lymphoma",2019-01-01,COMPLETED,INTERVENTIONAL,PHASE1,"Matthew J. Frigault, M.D.",Tisagenlecleucel,search
kymriah,NCT04225676,Study of Efficacy and Safety of Reinfusion of Tisagenlecleucel in Pediatric and Young Adult Patients With Acute Lymphoblastic Leukemia (ALL),"A Phase II, Open Label, Multi-center Trial to Determine the Efficacy and Safety of Tisagenlecleucel Re-infusion in Pediatric and Adolescent Young Adult (AYA) Patients With Acute Lymphoblastic Leukemia Experiencing Loss of B Cell Aplasia",2020-10-19,TERMINATED,INTERVENTIONAL,PHASE2,Novartis Pharmaceuticals,Tisagenlecleucel,search
kymriah,NCT04456023,Study of Tisagenlecleucel in Chinese Adult Patients With Relapsed or Refractory Diffuse Large B-cell Non-Hodgkin Lymphoma (DLBCL),"A Phase II, Single-arm, Multicenter Trial to Evaluate the Efficacy and Safety of Tisagenlecleucel in Chinese Adult Patients With Relapsed or Refractory Diffuse Large B-cell Non-Hodgkin Lymphoma (DLBCL)",2022-01-31,WITHDRAWN,INTERVENTIONAL,PHASE2,Novartis Pharmaceuticals,Tisagenlecleucel,search
kymriah,NCT05480449,Autologous HuCART19 T Cells Manufactured Using the CliniMACS Prodigy Platform for Pediatric B-ALL (huCART19 Prodigy),Phase 1/2b Trial of Autologous Humanized CD19-Directed Chimeric Antigen Receptor T-Cells Manufactured Using the CliniMACS Prodigy Platform for the Treatment of Pediatric B Cell Acute Lymphoblastic Leukemia (B-ALL),2022-09-20,RECRUITING,INTERVENTIONAL,PHASE1|PHASE2,Stephan Grupp MD PhD,Autologous Humanized CD19-Directed Chimeric Antigen Receptor T-Cells (huCART19),search
kymriah,NCT02030834,Phase IIa Study of Redirected Autologous T Cells Engineered to Contain Anti-CD19 Attached to TCRz and 4-Signaling Domains in Patients With Chemotherapy Relapsed or Refractory CD19+ Lymphomas,Phase IIa Study of Redirected Autologous T Cells Engineered to Contain Anti-CD19 Attached to TCRz and 4-Signaling Domains in Patients With Chemotherapy Relapsed or Refractory CD19+ Lymphomas,2014-02-05,COMPLETED,INTERVENTIONAL,PHASE2,University of Pennsylvania,CART-19,search
kymriah,NCT04234061,Clinical Trial to Assess The Efficacy and Safety of the Combination of Tisagenlecleucel And Ibrutinib in Mantle Cell Lymphoma,"A Phase II, Open-Label, Single Arm Trial to Assess The Efficacy and Safety of the Combination of Tisagenlecleucel And Ibrutinib in Mantle Cell Lymphoma",2020-04-07,ACTIVE_NOT_RECRUITING,INTERVENTIONAL,PHASE2,"Peter MacCallum Cancer Centre, Australia",ibrutinib and Tisagenlecleucel,search
kymriah,NCT02228096,Study of Efficacy and Safety of CTL019 in Pediatric ALL Patients,"A Phase II, Single Arm, Multicenter Trial to Determine the Efficacy and Safety of CTL019 in Pediatric Patients With Relapsed and Refractory B-cell Acute Lymphoblastic Leukemia",2014-08-14,COMPLETED,INTERVENTIONAL,PHASE2,Novartis Pharmaceuticals,CTL019 T-cells,search
kymriah,NCT03628053,Tisagenlecleucel vs Blinatumomab or Inotuzumab for Patients With Relapsed/Refractory B-cell Precursor Acute Lymphoblastic Leukemia,"Tisagenlecleucel Versus Blinatumomab or Inotuzumab for Adult Patients With Relapsed/Refractory B-cell Precursor Acute Lymphoblastic Leukemia: A Randomized Open Label, Multicenter, Phase III Trial",2020-06-05,WITHDRAWN,INTERVENTIONAL,PHASE3,Novartis Pharmaceuticals,Tisagenlecleucel|Blinatumomab|Inotuzumab,search
kymriah,NCT02640209,Pilot Trial Of Autologous T Cells Engineered To Express Anti-CD19 Chimeric Antigen Receptor (CART19)In Combination With Ibrutinib In Patients With Relapsed Or Refractory CD19+ Chronic Lymphocytic Leukemia (CLL)Or Small Lymphocytic Lymphoma (SLL),Pilot Trial of Autologous T Cells Engineered to Express Anti-CD19 Chimeric Antigen Receptor (CART19) in Combination With Ibrutinib in Patients With Relapsed or Refractory CD19+ CLL or SLL,2016-01-29,TERMINATED,INTERVENTIONAL,EARLY_PHASE1,University of Pennsylvania,CART 19,search
kymriah,NCT02081937,CART-19 Immunotherapy in Mantle Cell Lymphoma,Anti-CD19 Chimeric Antigen Receptor Modified T Cells Infusion in Mantle Cell Lymphoma,2014-03,UNKNOWN,INTERVENTIONAL,PHASE1|PHASE2,Chinese PLA General Hospital,anti-CD19-CAR vector-transduced T cells,search
kymriah,NCT03391726,CART-19 Cells for R/R B-cell Lymphoma,CART-19 Cells For Patients With Relapsed or Refractory B-cell Lymphoma,2016-01-01,UNKNOWN,INTERVENTIONAL,PHASE2|PHASE3,Fujian Medical University,CART-19 cells,search
kymriah,NCT02794246,CART-19 Post-ASCT for Multiple Myeloma,Phase 2 Study Of Autologous T Cells Engineered To Express an Anti-CD19 Chimeric Antigen Receptor (CART-19) Following First-line Autologous Stem Cell Transplantation for High-risk Multiple Myeloma,2016-06,TERMINATED,INTERVENTIONAL,PHASE2,University of Pennsylvania,CART-19 cells,search
kymriah,NCT02445248,Study of Efficacy and Safety of CTL019 in Adult DLBCL Patients,"A Phase II, Single Arm, Multicenter Trial to Determine the Efficacy and Safety of CTL019 in Adult Patients With Relapsed or Refractory Diffuse Large B-cell Lymphoma (DLBCL)",2015-07-29,COMPLETED,INTERVENTIONAL,PHASE2,Novartis Pharmaceuticals,Tisagenlecleucel|Lymphodepleting chemotherapy,search
kymriah,NCT03497819,Autologous CARTmeso/19 Against Pancreatic Cancer,Pilot Study of Autologous Chimeric Antigen Receptor Cells Against Mesothelin and CD19 in Patients With Pancreatic Cancer,2017-10-01,UNKNOWN,INTERVENTIONAL,EARLY_PHASE1,First Affiliated Hospital of Wenzhou Medical University,CARTmeso CART19,search
kymriah,NCT04890236,"Duvelisib Exposure to Enhance Immune Profiles of T Cells in Patients With Recurrent or Refractory Diffuse Large B-Cell Lymphoma, DEEP T CELLS Study",Duvelisib Exposure to Enhance Immune Profiles of T Cells in Patients With Diffuse Large B Cell Lymphoma (DEEP T CELLS),2022-01-13,COMPLETED,INTERVENTIONAL,EARLY_PHASE1,Emory University,Duvelisib|Tisagenlecleucel,search
kymriah,NCT03101709,The Safety and Efficacy of CART-19 Cells in Relapse and Refractory Patients With CD19+ B-cell Lymphoma,The Safety and Efficacy of CART-19 Cells in Relapse and Refractory Patients With CD19+ B-cell Lymphoma,2016-08,UNKNOWN,INTERVENTIONAL,PHASE1,Henan Cancer Hospital,Cyclophosphamide|Fludarabine|CART-19,search
kymriah,NCT02435849,Study of Efficacy and Safety of CTL019 in Pediatric ALL Patients,"A Phase II, Single Arm, Multicenter Trial to Determine the Efficacy and Safety of CTL019 in Pediatric Patients With Relapsed and Refractory B-cell Acute Lymphoblastic Leukemia",2015-04-08,COMPLETED,INTERVENTIONAL,PHASE2,Novartis Pharmaceuticals,CTL019,search
kymriah,NCT06003179,Optimizing Lymphodepletion to Improve Outcomes in Patients Receiving Cell Therapy With Kymriah,Optimizing Lymphodepletion to Improve Outcomes in Patients Receiving Anti Cluster of Differentiation Antigen 19 (Anti-CD19) Chimeric Antigen Receptor T (CAR T) Cell Therapy With Kymriah/tIsagenlecleucel (LOKI),2024-04-05,WITHDRAWN,INTERVENTIONAL,PHASE1,"University Health Network, Toronto",Cyclophosphamide|TLI|Fludarabine,search
kymriah,NCT01626495,Phase I/IIA Study of CART19 Cells for Patients With Chemotherapy Resistant or Refractory CD19+ Leukemia and Lymphoma,CHP 959 - A Phase I/IIA Study of Redirected Autologous T Cells Engineered to Contain Anti-CD19 Attached to TCRzeta and 4-1BB Signaling Domains in Patients With Chemotherapy Resistant Or Refractory CD19+ Leukemia and Lymphoma,2011-08-17,COMPLETED,INTERVENTIONAL,PHASE1|PHASE2,University of Pennsylvania,CART-19,search
kymriah,NCT02799550,Allogeneic CART-19 for Elderly Relapsed/Refractory CD19+ ALL,Treatment of Elderly Relapsed and/or Refractory CD19-positive Acute Lymphoblastic Leukemia by Infusions of Allogeneic CART-19,2015-10,UNKNOWN,INTERVENTIONAL,PHASE1,The Affiliated Hospital of the Chinese Academy of Military Medical Sciences,allogeneic CART-19,search
kymriah,NCT02374333,Pilot Study of Redirected Autologous T Cells Engineered to Contain Humanized Anti-CD19 in Patients With Relapsed or Refractory CD19+ Leukemia and Lymphoma Previously Treated With Cell Therapy,Pilot Study of Redirected Autologous T Cells Engineered to Contain Humanized Anti-CD19 Attached to TCRζ and 4-1BB Signaling Domains in Patients With Relapsed or Refractory CD19+ Leukemia and Lymphoma Previously Treated With Cell Therapy,2014-03-25,COMPLETED,INTERVENTIONAL,PHASE1,University of Pennsylvania,huCART19,search
kymriah,NCT01029366,CART19 to Treat B-Cell Leukemia or Lymphoma That Are Resistant or Refractory to Chemotherapy,Pilot Study of Redirected Autologous T-cells Engineered to Contain Anti-CD19 Attached to TCR and 4-1BB Signaling Domains in Patient With Chemotherapy Resistant or Refractory CD19+ Leukemia and Lymphoma,2010-03-17,COMPLETED,INTERVENTIONAL,PHASE1,University of Pennsylvania,CART-19,origin_nct
yescarta,NCT03391466,Study of Effectiveness of Axicabtagene Ciloleucel Compared to Standard of Care Therapy in Patients With Relapsed/Refractory Diffuse Large B Cell Lymphoma,"A Phase 3, Randomized, Open-Label Study Evaluating the Efficacy of Axicabtagene Ciloleucel Versus Standard of Care Therapy in Subjects With Relapsed/Refractory Diffuse Large B Cell Lymphoma (ZUMA-7)",2018-01-25,COMPLETED,INTERVENTIONAL,PHASE3,"Kite, A Gilead Company",Axicabtagene Ciloleucel|Platinum-containing Salvage Chemotherapy|Cyclophosphamide|Fludarabine,search
yescarta,NCT07538635,CAR-T Combined With ASCT in the Treatment of Relapsed/Refractory Large B-cell Lymphoma With High-risk Factors.,"A Single-arm, Single-center, Open-label Clinical Study on the Efficacy and Safety of CAR-T Combined With ASCT in the Treatment of Relapsed/Refractory Large B-cell Lymphoma With High-risk Factors.",2026-04-20,RECRUITING,INTERVENTIONAL,PHASE2,Zhejiang Cancer Hospital,Axicabtagene Ciloleucel,search
yescarta,NCT05605899,Study to Compare Axicabtagene Ciloleucel With Standard of Care Therapy as First-line Treatment in Participants With High-risk Large B-cell Lymphoma,"An Adaptive Phase 3, Randomized, Open-Label, Multicenter Study to Compare the Efficacy and Safety of Axicabtagene Ciloleucel Versus Standard of Care Therapy as First-Line Therapy in Subjects With High-Risk Large B-Cell Lymphoma (ZUMA-23)",2023-02-10,ACTIVE_NOT_RECRUITING,INTERVENTIONAL,PHASE3,"Kite, A Gilead Company",Axicabtagene Ciloleucel|Cyclophosphamide|Fludarabine|Etoposide|Rituximab|Doxorubicin|Vincristine|Prednisone,search
yescarta,NCT06218602,Pilot Trial of Fecal Microbiota Transplantation for Lymphoma Patients Receiving Axicabtagene Ciloleucel Therapy.,Pilot Trial of Fecal Microbiota Transplantation for Lymphoma Patients Receiving Axicabtagene Ciloleucel Therapy.,2024-02-19,RECRUITING,INTERVENTIONAL,PHASE2,M.D. Anderson Cancer Center,Fecal Microbiota Transplantation|Chemotherapy|CAR-T Therapy,search
yescarta,NCT03954106,A Safety and Efficacy Study of Defibrotide in the Prevention of Chimeric Antigen Receptor-T-cell-associated Neurotoxicity,"Prospective, Multicenter, Open-Label, Single Arm, Phase 2 Study to Evaluate the Safety and Efficacy of Defibrotide in the Prevention of Chimeric Antigen Receptor-T-cell-associated Neurotoxicity in Subjects With Relapsed or Refractory Diffuse Large B-cell Lymphoma Receiving Axicabtagene Ciloleucel (Yescarta®)",2019-10-04,TERMINATED,INTERVENTIONAL,PHASE2,Jazz Pharmaceuticals,Defibrotide,search
yescarta,NCT04855253,Ph I/II Study of E7777 Prior to CAR-T for R/R LBCL,Phase I/II Trial Using E7777 to Enhance Regulatory T-Cell Depletion Prior to CAR-T Therapy for Relapsed/Refractory Large B-Cell Lymphomas,2021-06-09,SUSPENDED,INTERVENTIONAL,PHASE1|PHASE2,"Masonic Cancer Center, University of Minnesota",E7777|Fludarabine|Cyclophosphamide|Tisagenlecleucel|Axicabtagene Ciloleucel|Lisocabtagene Maraleucel Intravenous Suspension,search
yescarta,NCT04531046,Axi-Cel as a 2nd Line Therapy in Patients With Relapsed/Refractory Aggressive B Lymphoma Ineligible to Autologous Stem Cell Transplantation,"Phase 2, Open-Label Study Evaluating Axi-Cel as a 2nd Line Therapy in Patients With Relapsed/Refractory Aggressive B-Non Hodgkin Lymphoma (B-NHL) Who Are Ineligible to Autologous Stem Cell Transplantation",2021-03-10,ACTIVE_NOT_RECRUITING,INTERVENTIONAL,PHASE2,The Lymphoma Academic Research Organisation,axicabtagene ciloleucel,search
yescarta,NCT03704298,Safety and Efficacy of Axicabtagene Ciloleucel in Combination With Utomilumab in Adults With Refractory Large B-cell Lymphoma,A Phase 1/2 Multi-center Study Evaluating the Safety and Efficacy of Axicabtagene Ciloleucel in Combination With Utomilumab in Subjects With Relapsed/Refractory Large B-Cell Lymphoma,2018-11-20,TERMINATED,INTERVENTIONAL,PHASE1,"Kite, A Gilead Company",Cyclophosphamide|Fludarabine|Axicabtagene Ciloleucel|Utomilumab,search
yescarta,NCT07606937,A Study of Automated Axicabtagene Ciloleucel for R/R Large B-cell Lymphoma.,"A Single-arm, Multicenter Clinical Study Evaluating the Efficacy and Safety of Axicabtagene Ciloleucel Injection Manufactured by an Automated Process in Patients With Relapsed/Refractory Large B-cell Lymphoma.",2026-06-12,RECRUITING,INTERVENTIONAL,EARLY_PHASE1,"Shenzhen Fosun Kairos Biotechnology Co., Ltd.",FKC876 injection,search
yescarta,NCT07052305,"NT-I7 (Efineptakin Alfa), a Long-acting Human IL-7, Post-Axicabtagene Ciloleucel or Post-Lisocabtagene Maraleucel in Subjects With Relapsed/Refractory Large B-cell Lymphoma","A Phase 1b Study Evaluating the Safety, Tolerability, and Preliminary Anti-tumor Activity of NT-I7 (Efineptakin Alfa), a Long-acting Human IL-7, Post-Axicabtagene Ciloleucel or Post-Lisocabtagene Maraleucel in Subjects With Relapsed/Refractory Large B-cell Lymphoma",2026-03-12,RECRUITING,INTERVENTIONAL,PHASE1,Washington University School of Medicine,NT-I7|CAR T-cell therapy,search
yescarta,NCT02348216,Study Evaluating the Safety and Efficacy of KTE-C19 in Adult Participants With Refractory Aggressive Non-Hodgkin Lymphoma,A Phase 1/2 Multicenter Study Evaluating the Safety and Efficacy of KTE-C19 in Adults With Refractory Aggressive Non-Hodgkin Lymphoma,2015-04-21,COMPLETED,INTERVENTIONAL,PHASE1|PHASE2,"Kite, A Gilead Company",Axicabtagene Ciloleucel|Fludarabine|Cyclophosphamide|Levetiracetam|Tocilizumab|Dexamethasone|High-dose methylprednisolone|Bendamustine|Rituximab|Doxorubicin|Prednisone|Vincristine|Ifosfamide|Carboplatin|Etoposide|Gemcitabine|Oxaliplatin|Cisplatin|Methylprednisolone,search
yescarta,NCT07479797,Study Evaluating the Efficacy of KITE-753 Versus Axicabtagene Ciloleucel in Participants With Relapsed or Refractory Large B-Cell Lymphoma After First-Line Therapy,"A Phase 3, Randomized, Open-Label, Multicenter Study Evaluating the Efficacy of KITE-753 Versus Axicabtagene Ciloleucel in Participants With Relapsed or Refractory Large B-Cell Lymphoma After First-Line Therapy",2026-05-22,RECRUITING,INTERVENTIONAL,PHASE3,"Kite, A Gilead Company",KITE-753|Axicabtagene Ciloleucel|Fludarabine|Cyclophosphamide,search
yescarta,NCT06043323,"A Phase II Study of Axicabtagene Ciloleucel, an Anti-CD19 Chimeric Antigen Receptor (CAR) Tcell Therapy, in Combination With Radiotherapy (RT) in Relapsed/Refractory Follicular Lymphoma","A Phase II Study of Axicabtagene Ciloleucel, an Anti-CD19 Chimeric Antigen Receptor (CAR) Tcell Therapy, in Combination With Radiotherapy (RT) in Relapsed/Refractory Follicular Lymphoma",2024-01-08,RECRUITING,INTERVENTIONAL,PHASE2,M.D. Anderson Cancer Center,Axicabtagene Ciloleucel|Cyclophosphamide|Fludarabine phosphate|Prednisone|Diphenhydramine|Acetaminophen,search
yescarta,NCT04314843,Study of Lenzilumab and Axicabtagene Ciloleucel in Participants With Relapsed or Refractory Large B-Cell Lymphoma,"A Phase 1/2 Open-label, Multicenter Study of Lenzilumab and Axicabtagene Ciloleucel in Subjects With Relapsed or Refractory Large B-cell Lymphoma (ZUMA-19)",2020-05-26,TERMINATED,INTERVENTIONAL,PHASE1,"Kite, A Gilead Company",Cyclophosphamide|Fludarabine|Lenzilumab|Axicabtagene Ciloleucel,search
yescarta,NCT06912529,Axicabtagene Ciloleucel CAR T-cells in Patients With Relapsed or Refractory Primary Mediastinal B-cell Lymphoma,Axicabtagene Ciloleucel CAR T-cells in Patients With Relapsed or Refractory Primary Mediastinal B-cell Lymphoma,2025-03-13,TERMINATED,INTERVENTIONAL,PHASE2,Universität Münster,Leukapheresis|Bridging Therapy|Lymphodepletion|Axicabtagene Ciloleucel,search
yescarta,NCT07725406,Low-Dose TBI Plus CAR T-Cell Therapy for Relapsed/Refractory DLBCL and Multiple Myeloma,"A Phase Ib, Dose-Escalation Study of Augmented Lymphodepletion and CAR T-cell Priming With Low-dose Total Body Irradiation in Patients With Relapsed or Refractory Diffuse Large B-cell Lymphomas and Multiple Myeloma Receiving Treatment With Commercial CD19 or BCMA-directed CAR T-cell Therapies",2026-08-01,NOT_YET_RECRUITING,INTERVENTIONAL,PHASE1,Weill Medical College of Cornell University,Lymphodepleting chemotherapy: Cyclophosphamide|Lymphodepleting chemotherapy: Bendamustine|Lymphodepleting chemotherapy: Fludarabine|Lisocabtagene Maraleucel|Axicabtagene Ciloleucel|Ciltacabtagene Autoleucel|Low-Dose Total Body Irradiation,search
yescarta,NCT06550141,Emapalumab Prevention of CAR-T Cell Associated Toxicities,A Phase 2 Trial of Emapalumab for the Prevention of CAR-T Cell Associated Toxicities,2024-09-18,RECRUITING,INTERVENTIONAL,PHASE2,"Marcela V. Maus, M.D.,Ph.D.",Emapalumab|Cyclophosphamide|Fludarabine Phosphate|Axicabtagene Ciloleucel,search
yescarta,NCT05077527,Immune Cell Therapy (CAR-T) for the Treatment of Patients With HIV and B-Cell Non-Hodgkin Lymphoma,Axicabtagene Ciloleucel in Relapsed or Refractory HIV-Associated Aggressive B-Cell Non-Hodgkin Lymphoma,2025-02-13,RECRUITING,INTERVENTIONAL,PHASE1,AIDS Malignancy Consortium,Axicabtagene Ciloleucel|Cyclophosphamide|Fludarabine,search
yescarta,NCT05633615,Testing Drug Treatments After CAR T-cell Therapy in Patients With Relapsed/Refractory Diffuse Large B-cell Lymphoma,A Randomized Phase II Trial of Consolidation Therapy Following CD19 CAR T-Cell Treatment for Relapsed/Refractory Diffuse Large B-Cell Lymphoma or Grade IIIB Follicular Lymphoma,2023-06-12,RECRUITING,INTERVENTIONAL,PHASE2,SWOG Cancer Research Network,Axicabtagene Ciloleucel|Biospecimen Collection|Computed Tomography|Cyclophosphamide|Fludarabine|Lisocabtagene Maraleucel|Mosunetuzumab|Patient Observation|Polatuzumab Vedotin|Positron Emission Tomography|Tisagenlecleucel,search
yescarta,NCT04002401,Safety and Efficacy of Axicabtagene Ciloleucel in Combination With Rituximab in Participants With Refractory Large B-Cell Lymphoma,"A Phase 2 Open-Label, Multicenter Study Evaluating the Safety and Efficacy of Axicabtagene Ciloleucel in Combination With Rituximab in Participants With Refractory Large B-Cell Lymphoma (ZUMA-14)",2019-11-05,COMPLETED,INTERVENTIONAL,PHASE2,"Kite, A Gilead Company",Axicabtagene Ciloleucel|Rituximab|Fludarabine|Cyclophosphamide,search
yescarta,NCT05075603,Relapsed/Refractory Large B-cell Lymphoma With NT-I7 Post-CD19 CAR T-cell Therapy,"A Phase 1b Study Evaluating the Safety, Tolerability and Preliminary Anti-tumor Activity of NT-I7 a Long-acting Human IL-7, Post-Kymriah®, Post-Yescarta®, or Post-Breyanzi® in Subjects With Relapsed/Refractory Large B-cell Lymphoma",2021-07-29,COMPLETED,INTERVENTIONAL,PHASE1,NeoImmuneTech,Efineptakin alfa|Tisagenlecleucel|Axicabtagene ciloleucel|Lisocabtagene Maraleucel,search
yescarta,NCT05794958,Evaluate Safety of Axicabtagene Ciloleucel Reinfusion (Axi-Cel-2) in Patients With Relapsed and/or Refractory Second Line High-Risk Non-Hodgkin Lymphoma After Standard of Care Axi-Cel,"A Phase Ib, Open Label Study to Evaluate Safety of Axicabtagene Ciloleucel Reinfusion (Axi-Cel-2) in Patients With Relapsed and/or Refractory Second Line High-Risk Non-Hodgkin Lymphoma After Standard of Care Axi-Cel",2023-05-23,RECRUITING,INTERVENTIONAL,PHASE1,Stanford University,Axicabtagene Ciloleucel,search
yescarta,NCT06575374,Single Arm Pilot Trial of Letermovir for CMV Prophy in CAR T Cell,Open Label Single Arm Pilot Trial of Letermovir for Cytomegalovirus Prophylaxis After Axicabtagene Ciloleucel Therapy,2024-12-12,RECRUITING,INTERVENTIONAL,PHASE2,M.D. Anderson Cancer Center,Letermovir,search
yescarta,NCT03105336,A Study of Axicabtagene Ciloleucel in Participants With Relapsed/Refractory Indolent Non-Hodgkin Lymphoma,A Phase 2 Multicenter Study of Axicabtagene Ciloleucel in Subjects With Relapsed/Refractory Indolent Non-Hodgkin Lymphoma (iNHL),2017-06-06,COMPLETED,INTERVENTIONAL,PHASE2,"Kite, A Gilead Company",Axicabtagene ciloleucel|Cyclophosphamide|Fludarabine,search
yescarta,NCT05371093,Study of Axicabtagene Ciloleucel Versus Standard of Care Therapy in Participants With Relapsed/Refractory Follicular Lymphoma,"A Phase 3 Randomized, Open-Label, Multicenter Study Evaluating the Efficacy of Axicabtagene Ciloleucel Versus Standard of Care Therapy in Subjects With Relapsed/Refractory Follicular Lymphoma",2022-09-22,ACTIVE_NOT_RECRUITING,INTERVENTIONAL,PHASE3,"Kite, A Gilead Company",Axicabtagene Ciloleucel|Cyclophosphamide|Fludarabine|Lenalidomide|Rituximab|Doxorubicin|Vincristine|Prednisone|Bendamustine,search
yescarta,NCT06826118,Axicabtagene Ciloleucel Injection in Patients With Relapsed/Refractory Follicular Lymphoma,"A Single-Arm, Multicenter, Prospective, Exploratory Clinical Study of Axicabtagene Ciloleucel Injection in Patients With Relapsed/Refractory Follicular Lymphoma",2025-02-08,RECRUITING,INTERVENTIONAL,PHASE2,The First Affiliated Hospital of Xiamen University,Axicabtagene Ciloleucel,search
yescarta,NCT06760156,Tafasitamab and Lenalidomide as First Salvage Therapy for Residual Large B Cell Lym,Phase 2 Study of Tafasitamab and Lenalidomide as First Salvage Therapy for Residual Large B Cell Lymphoma After Axicabtagene Ciloleucel,2025-03-19,RECRUITING,INTERVENTIONAL,PHASE2,H. Lee Moffitt Cancer Center and Research Institute,Tafasitamab|Lenalidomide,search
yescarta,NCT06902012,Safety and Efficacy of Early Second Infusion of Axi-cel Based on ctDNA for R/R Large B - Cell Lymphoma,"A Prospective, Single - Arm Clinical Study on the Safety and Efficacy of Early Second Infusion of CD19 CAR - T Based on ctDNA Monitoring in the Treatment of Relapsed/Refractory Large B - Cell Lymphoma",2027-02,RECRUITING,INTERVENTIONAL,PHASE1|PHASE2,Zhujiang Hospital,Infusion of Axicabtagene Ciloleucel,search
yescarta,NCT06935136,Study to Evaluate the Efficacy and Safety of Axicabtagene Ciloleucel Injection as First-Line Therapy of High-Risk Large B-Cell Lymphoma,"A Single-Arm, Multicenter, Open-Label Clinical Study to Evaluate the Efficacy and Safety of Axicabtagene Ciloleucel Injection as First-Line Therapy of High-Risk Large B-Cell Lymphoma",2025-04-30,NOT_YET_RECRUITING,INTERVENTIONAL,NA,Ruijin Hospital,Axicabtagene Ciloleucel,search
yescarta,NCT04432506,Anakinra for the Reduction of CAR-T Toxicity in Patients With Relapsed or Refractory Large B-cell Lymphoma,Pilot Study of Anakinra to Mitigate CAR-T Toxicity in Subjects With Relapsed or Refractory Large B-Cell Lymphoma,2020-07-27,COMPLETED,INTERVENTIONAL,PHASE2,M.D. Anderson Cancer Center,Anakinra|Axicabtagene Ciloleucel|Cyclophosphamide|Fludarabine,search
yescarta,NCT04257578,Acalabrutinib and Anti-CD19 CAR T-cell Therapy for the Treatment of B-cell Lymphoma,Acalabrutinib in Combination With Anti-CD19 Chimeric Antigen Receptor T-Cells (CART) in B-Cell Lymphoma,2020-12-02,ACTIVE_NOT_RECRUITING,INTERVENTIONAL,PHASE1|PHASE2,University of Washington,Acalabrutinib|Axicabtagene Ciloleucel,search
yescarta,NCT04150913,A Phase 2 Trial of Anakinra for the Prevention of CAR-T Cell Mediated Neurotoxicity,A Phase 2 Trial of Anakinra for the Prevention of CAR-T Cell Mediated Neurotoxicity,2020-10-01,COMPLETED,INTERVENTIONAL,PHASE2,"Marcela V. Maus, M.D.,Ph.D.",Anakinra|Axicabtagene Ciloleucel,search
yescarta,NCT05108805,Chimeric Antigen Receptor (CAR) T Cell Therapy With YESCARTA in the Outpatient Setting,Safety and Feasibility Study of Chimeric Antigen Receptor (CAR) T Cell Therapy With YESCARTA in the Outpatient Setting,2021-12-02,COMPLETED,INTERVENTIONAL,PHASE4,Vanderbilt-Ingram Cancer Center,Telemedicine Visit|Vital sign measurements|Out-Patient Clinic Visit|Blood pressure and pulse oximeter|Axicabtagene Ciloleucel|Cyclophosphamide|Fludarabine,search
yescarta,NCT03761056,Study to Evaluate the Efficacy and Safety of Axicabtagene Ciloleucel as First-Line Therapy in Participants With High-Risk Large B-Cell Lymphoma,A Phase 2 Multicenter Study Evaluating the Efficacy and Safety of Axicabtagene Ciloleucel as First-Line Therapy in Subjects With High-Risk Large B-Cell Lymphoma (ZUMA-12),2019-01-29,COMPLETED,INTERVENTIONAL,PHASE2,"Kite, A Gilead Company",Axicabtagene Ciloleucel|Fludarabine|Cyclophosphamide,search
yescarta,NCT05459571,Study of Axicabtagene Ciloleucel Given With Steroids In Participants With Relapsed Or Refractory Large B-Cell Lymphoma,"A Phase 2 Open-Label, Multicenter Study Evaluating The Safety And Efficacy of Axicabtagene Ciloleucel Concomitant With Prophylactic Steroids In Subjects With Relapsed Or Refractory Large B-Cell Lymphoma In The Outpatient Setting",2022-08-09,COMPLETED,INTERVENTIONAL,PHASE2,"Kite, A Gilead Company",Axicabtagene Ciloleucel|Cyclophosphamide|Fludarabine|Dexamethasone,search
yescarta,NCT07254754,Study to Evaluate the Efficacy of Axicabtagene Ciloleucel in Patients With Late Relapse of Diffuse Large B-Cell Lymphoma,"LATE-R Trial. A Phase II, Single-Arm, Open-Label, Multicenter Study to Evaluate the Efficacy of Axicabtagene Ciloleucel in Patients With Late Relapse of Diffuse Large B-Cell Lymphoma",2024-11-20,RECRUITING,INTERVENTIONAL,PHASE2,Grupo Español de Linfomas y Transplante Autólogo de Médula Ósea,Axicabtagene Ciloleucel,search
yescarta,NCT04608487,Axi-cel in CNS Lymphoma,A Phase I Study of Anti-CD19 CAR T-cell Therapy With Axicabtagene Ciloleucel (Axi-cel) in Patients With Relapsed/Refractory Primary and Secondary Central Nervous System (CNS) Lymphoma,2020-12-04,ACTIVE_NOT_RECRUITING,INTERVENTIONAL,PHASE1,Dana-Farber Cancer Institute,Fludarabine|Cyclophosphamide|Axicabtagene Ciloleucel,search
yescarta,NCT04514029,Neurotoxicity Prophylaxis With Intrathecal Dexamethasone and Simvastatin Post Axi-Cel,Neurotoxicity Prophylaxis With Intrathecal Dexamethasone and Simvastatin in Adults Receiving Axicabtagene Ciloleucel (Axi-Cel) Treatment,2020-08-06,ACTIVE_NOT_RECRUITING,INTERVENTIONAL,EARLY_PHASE1,"Masonic Cancer Center, University of Minnesota",Simvastatin|Dexamethasone,search
yescarta,NCT02601313,Study of Brexucabtagene Autoleucel (KTE-X19) in Participants With Relapsed/Refractory Mantle Cell Lymphoma (Cohort 1 and Cohort 2),A Phase 2 Multicenter Study Evaluating the Efficacy of KTE-X19 in Subjects With Relapsed/Refractory Mantle Cell Lymphoma,2015-11-09,COMPLETED,INTERVENTIONAL,PHASE2,"Kite, A Gilead Company",brexucabtagene autoleucel|Cyclophosphamide|Fludarabine|Axicabtagene Ciloleucel,search
yescarta,NCT04205838,Anakinra in Preventing Severe Chimeric Antigen Receptor T-Cell Related Encephalopathy Syndrome in Patients With Recurrent or Refractory Large B-cell Lymphoma,IL-1 Receptor Antagonist to Prevent Severe Chimeric Antigen Receptor T-Cell Related Encephalopathy Syndrome,2020-03-04,TERMINATED,INTERVENTIONAL,PHASE2,Jonsson Comprehensive Cancer Center,Anakinra|Axicabtagene Ciloleucel|Cyclophosphamide|Fludarabine|Fludarabine Phosphate,search
yescarta,NCT07188558,A Study to Investigate Ronde-cel Versus Investigator's Choice CD19 CAR T-Cell Therapy,"A Phase 3 Randomized Controlled Trial of Rondecabtagene Autoleucel , an Autologous, Dual-targeting CD19/CD20 CAR T-Cell Product Candidate, Vs. Investigator's Choice of CD19 CAR T-Cell Therapy in Patients With Relapsed or Refractory Large B-Cell Lymphoma in the Second-line Setting",2026-01-12,RECRUITING,INTERVENTIONAL,PHASE3,"Lyell Immunopharma, Inc.",rondecabtagene autoleucel|axicabtagene ciloleucel|lisocabtagene maraleucel,search
yescarta,NCT07042438,Fecal Microbiome Transplant to Remodel Intestinal Microbiota for Patients With Relapsed or Refractory Lymphoma With Exposure to High-Risk Antibiotics Who Are Receiving Chimeric Antigen Receptor T Cells,A Phase 2 Randomized Trial of Remodeling Intestinal Microbiota Using Fecal Microbiome Transplant (FMT) Among Recipients of Chimeric Antigen Receptor T Cells (CAR T),2026-02-11,RECRUITING,INTERVENTIONAL,PHASE2,City of Hope Medical Center,Axicabtagene Ciloleucel|Biospecimen Collection|Chemotherapy|Fecal Microbiota Transplantation|Leukapheresis|Placebo Administration,search
yescarta,NCT06609304,Axicabtagene Ciloleucel for Consolidation After First-line Treatment of High-risk Large B-cell Lymphoma,Prospective Clinical Study of Axicabtagene Ciloleucel for Consolidation After First-line Treatment of High-risk Large B-cell Lymphoma,2024-09-30,RECRUITING,INTERVENTIONAL,PHASE4,Zhengzhou University,Axicabtagene Ciloleucel,search
yescarta,NCT05800067,Axi-cel Retreatment in Relapsed/Refractory LBCL,A Single-arm Prospective Trial of Axicabtagene Ciloleucel (Axi-cel) Retreatment in Relapsed/Refractory Large B-cell Lymphoma,2023-03-04,UNKNOWN,INTERVENTIONAL,NA,Ruijin Hospital,axi-cel,search
yescarta,NCT06213311,A Study of Axicabtagene Ciloleucel and Glofitamab as Second-Line Therapy for Relapsed or Refractory Patients With Large B Cell Lymphoma,A Phase 2 Study of Axicabtagene Ciloleucel and Glofitamab as Second-Line Therapy for Relapsed or Refractory Patients With Large B Cell Lymphoma,2024-05-07,RECRUITING,INTERVENTIONAL,PHASE2,M.D. Anderson Cancer Center,Glofitamab|Obinutuzumab|Axi-cel,search
yescarta,NCT02926833,Study of Safety and Efficacy of KTE-C19 in Combination With Atezolizumab in Adults With Refractory Diffuse Large B-Cell Lymphoma (DLBCL),A Phase 1-2 Multi-Center Study Evaluating the Safety and Efficacy of KTE-C19 in Combination With Atezolizumab in Subjects With Refractory Diffuse Large B-Cell Lymphoma (DLBCL),2016-09-29,COMPLETED,INTERVENTIONAL,PHASE1|PHASE2,"Kite, A Gilead Company",KTE-C19|Atezolizumab|Cyclophosphamide|Fludarabine,search
yescarta,NCT07326371,Glofitamab Combined With CAR-T Therapy in R/R DLBCL,"A Single-Center, Prospective Study Evaluating the Efficacy and Safety of Glofitamab Combined With CAR-T Therapy in Patients With High-Risk Relapsed/Refractory Large B-Cell Lymphoma",2026-03,NOT_YET_RECRUITING,INTERVENTIONAL,PHASE2,Ruijin Hospital,Glofitamab|Obinutuzumab|Axicabtagene Ciloleucel|Relmacabtagene autoleucel (relma-cel),search
yescarta,NCT00924326,CAR T Cell Receptor Immunotherapy for Patients With B-cell Lymphoma,An Assessment of the Safety and Feasibility of Administering T-Cells Expressing an Anti-CD19 Chimeric Antigen Receptor to Patients With B-Cell Lymphoma,2009-02-17,COMPLETED,INTERVENTIONAL,PHASE1|PHASE2,National Cancer Institute (NCI),Fludarabine|Cyclophosphamide|Anti-cluster of differentiation 19 (CD19)-CAR PBL|Aldesleukin|Fludarabine|Cyclophosphamide,origin_nct
tecartus,NCT05993949,Study of Brexucabtagene Autoleucel Plus Dasatinib in Adults With Acute Lymphoblastic Leukemia,Phase 1b Study of Brexucabtagene Autoleucel Plus Dasatinib in Adults With Acute Lymphoblastic Leukemia,2023-10-02,ACTIVE_NOT_RECRUITING,INTERVENTIONAL,PHASE1,Stanford University,Dasatinib,search
tecartus,NCT06253663,Study of KTE-X19 in Adult Japanese Participants With Relapsed/Refractory Mantle Cell Lymphoma or Relapsed/Refractory B-precursor Acute Lymphoblastic Leukemia,A Phase 2 Multicenter Study Evaluating the Safety and the Efficacy of KTE-X19 in Adult Japanese Subjects With Relapsed/Refractory Mantle Cell Lymphoma or Relapsed/Refractory B-precursor Acute Lymphoblastic Leukemia,2024-03-18,ACTIVE_NOT_RECRUITING,INTERVENTIONAL,PHASE2,"Kite, A Gilead Company",KTE-X19|Cyclophosphamide|Fludarabine,search
tecartus,NCT06553872,Phase 2 Open Label Randomized Study of Pirtobrutinib and Brexucabtagene Autoleucel in R/R MCL,"A Phase 2, Open-Label, Randomized Study of Pirtobrutinib and Brexucabtagene Autoleucel in Patients With Relapsed or Refractory Mantle Cell Lymphoma",2024-08-23,RECRUITING,INTERVENTIONAL,PHASE2,H. Lee Moffitt Cancer Center and Research Institute,Pirtobrutinib|Brexucabtagene Autoleucel,search
tecartus,NCT07673367,Nemtabrutinib With CAR T Therapy in Relapsed/Refractory Mantle Cell Lymphoma,A Phase 2 Trial of Nemtabrutinib in Combination With Brexu-cel for Patients With Relapsed/Refractory Mantle Cell Lymphoma,2026-07-31,RECRUITING,INTERVENTIONAL,PHASE2,Vanderbilt-Ingram Cancer Center,"Nemtabrutinib|Brexucabtagene autoleucel ( other names: brexu-cel , Tecartus)",search
tecartus,NCT06287229,Phase Ib/II Study Assessing the Clinical Activity and Safety of Brexucabtagene Autoleucel as a Consolidation in Patients With Relapsed/Refractory (R/R) and Newly Diagnosed B-cell Acute Lymphocytic Leukemia (ALL) Post Cytoreduction With Mini-HCVD-inotuzumab-blinatumomab/HCVAD-inotuzumab-blinatumomab,Phase Ib/II Study Assessing the Clinical Activity and Safety of Brexucabtagene Autoleucel as a Consolidation in Patients With Relapsed/Refractory (R/R) and Newly Diagnosed B-cell Acute Lymphocytic Leukemia (ALL) Post Cytoreduction With Mini-HCVD-inotuzumab-blinatumomab/HCVAD-inotuzumab-blinatumomab,2024-07-11,RECRUITING,INTERVENTIONAL,PHASE1|PHASE2,M.D. Anderson Cancer Center,Blinatumomab|Inotuzumab Ozogamicin|Hyper-CVAD|Mini-hyper-CVD,search
tecartus,NCT05495464,"A Pilot ""Window-3"" Study of Acalabrutinib Plus Rituximab Followed by Brexucabtagene Autoleucel Therapy in Patients With Previously Untreated High-risk Mantle Cell Lymphoma","A Pilot ""Window-3"" Study of Acalabrutinib Plus Rituximab Followed by Brexucabtagene Autoleucel Therapy in Patients With Previously Untreated High-risk Mantle Cell Lymphoma",2022-11-18,ACTIVE_NOT_RECRUITING,INTERVENTIONAL,EARLY_PHASE1,M.D. Anderson Cancer Center,Acalabrutinib|Rituximab|Brexucabtagene Autoleucel|Cyclophosphamide|Fludarabine Phosphate,search
tecartus,NCT03624036,Study to Evaluate the Safety and Tolerability of Brexucabtagene Autoleucel (KTE-X19) in People With Relapsed/Refractory Chronic Lymphocytic Leukemia and Small Lymphocytic Lymphoma,A Phase 1 Multicenter Study Evaluating the Safety and Tolerability of KTE-X19 in Adult Subjects With Relapsed/Refractory Chronic Lymphocytic Leukemia and Small Lymphocytic Lymphoma,2018-11-15,TERMINATED,INTERVENTIONAL,PHASE1,"Kite, A Gilead Company",brexucabtagene autoleucel|Fludarabine|Cyclophosphamide,search
tecartus,NCT02625480,Study Evaluating Brexucabtagene Autoleucel (KTE-X19) in Pediatric and Adolescent Participants With Relapsed/Refractory B-precursor Acute Lymphoblastic Leukemia or Relapsed/Refractory B-Cell Non-Hodgkin Lymphoma,A Phase 1/2 Multi-Center Study Evaluating the Safety and Efficacy of KTE-X19 in Pediatric and Adolescent Subjects With Relapsed/Refractory B-precursor Acute Lymphoblastic Leukemia or Relapsed/Refractory B-Cell Non-Hodgkin Lymphoma (ZUMA-4),2016-02-01,COMPLETED,INTERVENTIONAL,PHASE1|PHASE2,"Kite, A Gilead Company",Brexucabtagene Autoleucel (KTE-X19)|Fludarabine|Cyclophosphamide,search
tecartus,NCT04880434,Study of Brexucabtagene Autoleucel (KTE-X19) in Participants With Relapsed/Refractory Mantle Cell Lymphoma (Cohort 3),A Phase 2 Multicenter Study Evaluating the Efficacy of KTE-X19 in Subjects With Relapsed/Refractory Mantle Cell Lymphoma (ZUMA-2),2021-04-23,COMPLETED,INTERVENTIONAL,PHASE2,"Kite, A Gilead Company",Fludarabine|Cyclophosphamide|Brexucabtagene autoleucel,search
tecartus,NCT05537766,Study of Brexucabtagene Autoleucel in Adults With Rare B-cell Malignancies,"A Phase 2, Open-Label, Multicenter, Basket Study Evaluating the Efficacy of Brexucabtagene Autoleucel in Adults With Rare B-cell Malignancies (ZUMA-25)",2022-11-01,TERMINATED,INTERVENTIONAL,PHASE2,"Kite, A Gilead Company",Brexucabtagene Autoleucel|Cyclophosphamide|Fludarabine,search
tecartus,NCT02614066,A Study Evaluating the Safety and Efficacy of Brexucabtagene Autoleucel (KTE-X19) in Adult Subjects With Relapsed/Refractory B-precursor Acute Lymphoblastic Leukemia (ZUMA-3),A Phase 1/2 Multi-Center Study Evaluating the Safety and Efficacy of KTE-X19 in Adult Subjects With Relapsed/Refractory B-precursor Acute Lymphoblastic Leukemia (r/r ALL) (ZUMA-3),2016-03-07,COMPLETED,INTERVENTIONAL,PHASE1|PHASE2,"Kite, A Gilead Company",brexucabtagene autoleucel|Cyclophosphamide|Fludarabine,search
tecartus,NCT06482684,CAR-T-cell Treatment for Untreated High Risk MANtle Cell Lymphoma,Early Treatment Intensification in Patients With High Risk Mantle Cell Lymphoma Using CAR-T-cell Treatment After an Abbreviated Induction Therapy With Rituximab and Ibrutinib and 6 Months Ibrutinib Maintenance (Arm A) as Compared to Standard of Care Induction and Maintenance (Arm B),2024-02-15,RECRUITING,INTERVENTIONAL,PHASE2,"Christian Schmidt, MD",KTE-X19|Ibrutinib,search
tecartus,NCT02601313,Study of Brexucabtagene Autoleucel (KTE-X19) in Participants With Relapsed/Refractory Mantle Cell Lymphoma (Cohort 1 and Cohort 2),A Phase 2 Multicenter Study Evaluating the Efficacy of KTE-X19 in Subjects With Relapsed/Refractory Mantle Cell Lymphoma,2015-11-09,COMPLETED,INTERVENTIONAL,PHASE2,"Kite, A Gilead Company",brexucabtagene autoleucel|Cyclophosphamide|Fludarabine|Axicabtagene Ciloleucel,search
tecartus,NCT06144606,Study of KTE-X19 in Minimal Residual Disease (MRD) Positive B-Cell Acute Lymphoblastic Leukemia (B-ALL),Phase 2 Study of KTE-X19 in Minimal Residual Disease (MRD) Positive B-Cell Acute Lymphoblastic Leukemia (B-ALL),2023-12-26,RECRUITING,INTERVENTIONAL,PHASE2,H. Lee Moffitt Cancer Center and Research Institute,Tecartus,search
breyanzi,NCT03310619,A Safety and Efficacy Trial of JCAR017 Combinations in Subjects With Relapsed/Refractory B-cell Malignancies,An Exploratory Phase 1/2 Trial To Evaluate The Safety And Efficacy Of JCAR017 Combinations In Subjects With Relapsed/Refractory B-Cell Malignancies (PLATFORM),2017-12-20,COMPLETED,INTERVENTIONAL,PHASE1|PHASE2,Celgene,JCAR017|Durvalumab|CC-122|Ibrutinib|CC-220|Relatlimab|Nivolumab|CC-99282,search
breyanzi,NCT05621096,Low Dose Radiation as Bridging Therapy in Relapsed B-Cell Non-Hodgkin Lymphoma,Feasibility of Low Dose Radiation as Bridging Therapy for Lisocabtagene Maraleucel in Relapsed B-Cell Non-Hodgkin Lymphoma,2023-03-21,ACTIVE_NOT_RECRUITING,INTERVENTIONAL,PHASE1,University of Nebraska,Bridging radiation therapy|Liso-cel|Post-infusion radiation,search
breyanzi,NCT05583149,Acalabrutinib + Liso-Cel In R/R Aggressive B-Cell Lymphomas,A Phase 2 Study of Acalabrutinib in Combination With Lisocabtagene Maraleucel in Relapsed/Refractory Aggressive B-cell Lymphomas,2023-03-01,ACTIVE_NOT_RECRUITING,INTERVENTIONAL,PHASE2,"Patrick C. Johnson, MD",ACALABRUTINIB|LISOCABTAGENE MARALEUCEL|Lymphodepleting chemotherapy,search
breyanzi,NCT06205290,"A Study to Compare the Efficacy and Safety of Lisocabtagene Maraleucel vs Investigator's Choice Options in Adult Participants With Relapsed or Refractory Chronic Lymphocytic Leukemia or Small Lymphocytic Lymphoma, Whose Disease Has Failed Treatment With Both BTKi and BCL2i Therapies","A Global Phase 3, Randomized, Open-label, Multi-center Trial Designed to Compare the Efficacy and Safety of Lisocabtagene Maraleucel vs Investigator's Choice Options (Idelalisib + Rituximab or Bendamustine + Rituximab) in Adult Participants With Relapsed or Refractory Chronic Lymphocytic Leukemia (CLL) or Small Lymphocytic Lymphoma (SLL), Whose Disease Has Failed Treatment With Both BTKi and BCL2i Targeted Therapies (A Double Class Exposed Population)",2024-01-16,WITHDRAWN,INTERVENTIONAL,PHASE3,"Juno Therapeutics, Inc., a Bristol-Myers Squibb Company",Liso-cel|Idelalisib|Rituximab|Bendamustine|Fludarabine|Cyclophosphamide,search
breyanzi,NCT04855253,Ph I/II Study of E7777 Prior to CAR-T for R/R LBCL,Phase I/II Trial Using E7777 to Enhance Regulatory T-Cell Depletion Prior to CAR-T Therapy for Relapsed/Refractory Large B-Cell Lymphomas,2021-06-09,SUSPENDED,INTERVENTIONAL,PHASE1|PHASE2,"Masonic Cancer Center, University of Minnesota",E7777|Fludarabine|Cyclophosphamide|Tisagenlecleucel|Axicabtagene Ciloleucel|Lisocabtagene Maraleucel Intravenous Suspension,search
breyanzi,NCT05672173,"Lisocabtagene Maraleucel, Nivolumab and Ibrutinib for the Treatment of Richter's Transformation","Phase 2 Study of the Combination of Lisocabtagene Maraleucel, Nivolumab, and Ibrutinib in Richter's Transformation",2023-06-02,ACTIVE_NOT_RECRUITING,INTERVENTIONAL,PHASE2,City of Hope Medical Center,Biopsy|Biospecimen Collection|Bone Marrow Biopsy|Computed Tomography|Cyclophosphamide|Fludarabine|Ibrutinib|Lisocabtagene Maraleucel|Nivolumab|Pheresis|Positron Emission Tomography,search
breyanzi,NCT07052305,"NT-I7 (Efineptakin Alfa), a Long-acting Human IL-7, Post-Axicabtagene Ciloleucel or Post-Lisocabtagene Maraleucel in Subjects With Relapsed/Refractory Large B-cell Lymphoma","A Phase 1b Study Evaluating the Safety, Tolerability, and Preliminary Anti-tumor Activity of NT-I7 (Efineptakin Alfa), a Long-acting Human IL-7, Post-Axicabtagene Ciloleucel or Post-Lisocabtagene Maraleucel in Subjects With Relapsed/Refractory Large B-cell Lymphoma",2026-03-12,RECRUITING,INTERVENTIONAL,PHASE1,Washington University School of Medicine,NT-I7|CAR T-cell therapy,search
breyanzi,NCT07098364,ST-067 in Combination With CD19-Directed CAR T-Cell Therapy (Liso-cel) in Relapsed/Refractory Large B-Cell Lymphoma,A Phase 1/2 Open-Label Study Evaluating the Safety and Efficacy of ST-067 in Combination With CD19-Directed CAR T-Cell Therapy in Patients With Relapsed/Refractory (R/R) Large B-Cell Lymphoma (LBCL),2025-12-27,RECRUITING,INTERVENTIONAL,PHASE1|PHASE2,Fred Hutchinson Cancer Center,Vevoctadekin|Bone Marrow Aspiration|Bone Marrow Biopsy|Computed Tomography|Echocardiography Test|Leukapheresis|Lisocabtagene Maraleucel|Lumbar Puncture|Lymphodepletion Therapy|Multigated Acquisition Scan|Positron Emission Tomography|X-Ray Imaging|Biospecimen Collection,search
breyanzi,NCT03743246,A Study to Evaluate the Safety and Efficacy of JCAR017 in Pediatric Subjects With Relapsed/Refractory (r/r) B-cell Acute Lymphoblastic Leukemia (B-ALL) and B-cell Non-Hodgkin Lymphoma (B-NHL),"A Phase 1/2, Open-label, Single Arm, Multicohort, Multicenter Trial to Evaluate the Safety and Efficacy of JCAR017 in Pediatric Subjects With Relapsed/Refractory (r/r) B-cell Acute Lymphoblastic Leukemia (B-ALL) and B-cell Non-Hodgkin Lymphoma (B-NHL).",2018-10-17,TERMINATED,INTERVENTIONAL,PHASE1|PHASE2,Celgene,JCAR017|Lymphodepleting|Fludarabine|Cyclophosphamide,search
breyanzi,NCT07015242,A Study of the Efficacy and Safety of Lisocabtagene Maraleucel (Liso-cel) as First-Line Therapy in Adults With Transplant-Ineligible Primary Central Nervous System Lymphoma,The CAROLYN Trial: Lisocabtagene Maraleucel as First-Line Therapy for Primary Central Nervous System Lymphoma (PCNSL) in Transplant-Ineligible Patients,2025-11-06,RECRUITING,INTERVENTIONAL,PHASE2,"Juno Therapeutics, Inc., a Bristol-Myers Squibb Company",Rituximab|Methotrexate|Procarbazine|Temozolomide|Liso-cel|Fludarabine|Cyclophosphamide|Calcium folinate,search
breyanzi,NCT04245839,A Study to Evaluate the Efficacy and Safety of JCAR017 in Adult Subjects With Relapsed or Refractory Indolent B-cell Non-Hodgkin Lymphoma (NHL),"A Phase 2, Open-label, Single Arm, Multicohort, Multicenter Trial to Evaluate the Efficacy and Safety of JCAR017 in Adult Subjects With Relapsed or Refractory Indolent B-cell Non-Hodgkin Lymphoma (NHL)",2020-07-14,ACTIVE_NOT_RECRUITING,INTERVENTIONAL,PHASE2,Celgene,Fludarabine|Cyclophosphamide|JCAR017,search
breyanzi,NCT03575351,"A Study to Compare the Efficacy and Safety of JCAR017 to Standard of Care in Adult Subjects With High-risk, Transplant-eligible Relapsed or Refractory Aggressive B-cell Non-Hodgkin Lymphomas","A Global Randomized Multicenter Phase 3 Trial of JCAR017 Compared to Standard of Care in Adult Subjects With High-risk, Second-line, Transplant-eligible Relapsed or Refractory Aggressive B-cell Non-Hodgkin Lymphomas (TRANSFORM).",2018-10-23,COMPLETED,INTERVENTIONAL,PHASE3,Celgene,Standard of Care|JCAR017,search
breyanzi,NCT07725406,Low-Dose TBI Plus CAR T-Cell Therapy for Relapsed/Refractory DLBCL and Multiple Myeloma,"A Phase Ib, Dose-Escalation Study of Augmented Lymphodepletion and CAR T-cell Priming With Low-dose Total Body Irradiation in Patients With Relapsed or Refractory Diffuse Large B-cell Lymphomas and Multiple Myeloma Receiving Treatment With Commercial CD19 or BCMA-directed CAR T-cell Therapies",2026-08-01,NOT_YET_RECRUITING,INTERVENTIONAL,PHASE1,Weill Medical College of Cornell University,Lymphodepleting chemotherapy: Cyclophosphamide|Lymphodepleting chemotherapy: Bendamustine|Lymphodepleting chemotherapy: Fludarabine|Lisocabtagene Maraleucel|Axicabtagene Ciloleucel|Ciltacabtagene Autoleucel|Low-Dose Total Body Irradiation,search
breyanzi,NCT03331198,Study Evaluating Safety and Efficacy of JCAR017 in Subjects With Relapsed or Refractory Chronic Lymphocytic Leukemia (CLL) or Small Lymphocytic Lymphoma (SLL),"An Open-Label, Phase 1/2 Study of JCAR017 in Subjects With Relapsed or Refractory Chronic Lymphocytic Leukemia or Small Lymphocytic Lymphoma (017004)",2017-11-27,ACTIVE_NOT_RECRUITING,INTERVENTIONAL,PHASE1|PHASE2,"Juno Therapeutics, a Subsidiary of Celgene",JCAR017 (lisocabtagene maraleucel)|JCAR017 (lisocabtagene maraleucel) + ibrutinib|JCAR017 (lisocabtagene maraleucel) + venetoclax,search
breyanzi,NCT03483103,Lisocabtagene Maraleucel (JCAR017) as Second-Line Therapy (TRANSCEND-PILOT-017006),A Phase 2 Study of Lisocabtagene Maraleucel (JCAR017) as Second-Line Therapy in Adult Patients With Aggressive B-cell NHL (017006),2018-07-27,COMPLETED,INTERVENTIONAL,PHASE2,"Juno Therapeutics, a Subsidiary of Celgene",lisocabtagene maraleucel,search
breyanzi,NCT05633615,Testing Drug Treatments After CAR T-cell Therapy in Patients With Relapsed/Refractory Diffuse Large B-cell Lymphoma,A Randomized Phase II Trial of Consolidation Therapy Following CD19 CAR T-Cell Treatment for Relapsed/Refractory Diffuse Large B-Cell Lymphoma or Grade IIIB Follicular Lymphoma,2023-06-12,RECRUITING,INTERVENTIONAL,PHASE2,SWOG Cancer Research Network,Axicabtagene Ciloleucel|Biospecimen Collection|Computed Tomography|Cyclophosphamide|Fludarabine|Lisocabtagene Maraleucel|Mosunetuzumab|Patient Observation|Polatuzumab Vedotin|Positron Emission Tomography|Tisagenlecleucel,search
breyanzi,NCT05075603,Relapsed/Refractory Large B-cell Lymphoma With NT-I7 Post-CD19 CAR T-cell Therapy,"A Phase 1b Study Evaluating the Safety, Tolerability and Preliminary Anti-tumor Activity of NT-I7 a Long-acting Human IL-7, Post-Kymriah®, Post-Yescarta®, or Post-Breyanzi® in Subjects With Relapsed/Refractory Large B-cell Lymphoma",2021-07-29,COMPLETED,INTERVENTIONAL,PHASE1,NeoImmuneTech,Efineptakin alfa|Tisagenlecleucel|Axicabtagene ciloleucel|Lisocabtagene Maraleucel,search
breyanzi,NCT07194980,Nemtabrutinib and Lisocabtagene Maraleucel for the Treatment of Relapsed/Refractory Chronic Lymphocytic Leukemia/Small Lymphocytic Lymphoma,Safety and Efficacy of the Addition of Nemtabrutinib to Lisocabtagene Maraleucel in Patients With Relapsed/Refractory Chronic Lymphocytic Leukemia,2026-09-01,RECRUITING,INTERVENTIONAL,PHASE2,Fred Hutchinson Cancer Center,Nemtabrutinib|Lisocabtagene Maraleucel,search
breyanzi,NCT05359211,NKTR-255 in Combination With CAR-T Cell Therapy for the Treatment of Relapsed or Refractory Large B-cell Lymphoma,A Phase Ib Open-Label Study Evaluating the Safety and Efficacy of NKTR-255 in Combination With CD19-Directed CAR-T Cell Therapy in Patients With Relapsed/Refractory (R/R) Large B-Cell Lymphoma (LBCL),2022-12-08,ACTIVE_NOT_RECRUITING,INTERVENTIONAL,PHASE1,Fred Hutchinson Cancer Center,Cyclophosphamide|Fludarabine|Lisocabtagene Maraleucel|Polymer-conjugated IL-15 Receptor Agonist NKTR-255|X-Ray Imaging|Echocardiography|Multigated Acquisition Scan|Bone Marrow Biopsy|Bone Marrow Aspiration|Lumbar Puncture|Computed Tomography|Positron Emission Tomography|Biospecimen Collection|Biopsy,search
breyanzi,NCT03744676,A Safety Trial of Lisocabtagene Maraleucel (JCAR017) for Relapsed and Refractory (R/R) B-cell Non-Hodgkin Lymphoma (NHL) in the Outpatient Setting (TRANSCEND-OUTREACH-007),A Safety Trial of Lisocabtagene Maraleucel (JCAR017) for Relapsed and Refractory (R/R) B-cell Non-Hodgkin Lymphoma (NHL) in the Outpatient Setting,2018-11-29,COMPLETED,INTERVENTIONAL,PHASE2,"Juno Therapeutics, a Subsidiary of Celgene",lisocabtagene maraleucel,search
breyanzi,NCT02631044,Study Evaluating the Safety and Pharmacokinetics of JCAR017 in B-cell Non-Hodgkin Lymphoma (TRANSCEND-NHL-001),"A Phase 1, Multicenter, Open-Label Study of JCAR017, CD19-targeted Chimeric Antigen Receptor (CAR) T Cells, for Relapsed and Refractory (R/R) B-cell Non-Hodgkin Lymphoma (NHL)",2016-01-06,COMPLETED,INTERVENTIONAL,PHASE1,"Juno Therapeutics, a Subsidiary of Celgene",JCAR017 (lisocabtagene maraleucel) single-dose schedule|JCAR017 (lisocabtagene maraleucel) 2-dose schedule,search
breyanzi,NCT06313996,A Study to Evaluate the Efficacy and Safety of Liso-cel Compared to Standard of Care in Adults With Relapsed or Refractory Follicular Lymphoma,A Global Randomized Multicenter Phase 3 Trial to Compare the Efficacy and Safety of Lisocabtagene Maraleucel (JCAR017/BMS-986387) to Standard of Care in Adults With Relapsed or Refractory Follicular Lymphoma (TRANSFORM FL),2024-03-29,WITHDRAWN,INTERVENTIONAL,PHASE3,"Juno Therapeutics, Inc., a Bristol-Myers Squibb Company",Cyclophosphamide|Doxorubicin|Vincristine|Rituximab|Prednisone|Bendamustine|Lenalidomide|Fludarabine|Liso-cel,search
breyanzi,NCT07316010,Phase 2 Trial of Lisocabtagene Maraleucel for Minimal Residual Disease in Patients With Large B-cell Lymphoma,Phase 2 Trial of Lisocabtagene Maraleucel for Minimal Residual Disease in Patients With Large B-cell Lymphoma,2026-03-17,RECRUITING,INTERVENTIONAL,PHASE2,M.D. Anderson Cancer Center,Leukapheresis|Lymphodepleting Chemotherapy,search
breyanzi,NCT07188558,A Study to Investigate Ronde-cel Versus Investigator's Choice CD19 CAR T-Cell Therapy,"A Phase 3 Randomized Controlled Trial of Rondecabtagene Autoleucel , an Autologous, Dual-targeting CD19/CD20 CAR T-Cell Product Candidate, Vs. Investigator's Choice of CD19 CAR T-Cell Therapy in Patients With Relapsed or Refractory Large B-Cell Lymphoma in the Second-line Setting",2026-01-12,RECRUITING,INTERVENTIONAL,PHASE3,"Lyell Immunopharma, Inc.",rondecabtagene autoleucel|axicabtagene ciloleucel|lisocabtagene maraleucel,search
breyanzi,NCT05873712,Zanubrutinib and Lisocabtagene Maraleucel for the Treatment of Richter's Syndrome,A Phase II Study Evaluating the Safety and Efficacy of the Combination of Zanubrutinib Plus Lisocabtagene Maraleucel for Richter's Syndrome,2023-07-28,RECRUITING,INTERVENTIONAL,PHASE2,Aseel Alsouqi,Biospecimen Collection|Bone Marrow Biopsy|Computed Tomography|Cyclophosphamide|Fludarabine|Leukapheresis|Lisocabtagene Maraleucel|Lymph Node Biopsy|Positron Emission Tomography|Zanubrutinib,search
breyanzi,NCT07711483,GLORY: Glofit-GemOx With Liso-Cel For Lymphoma,Phase 2 Study of Glofitamab and Gemcitabine and Oxaliplatin (Glofit-GemOx) Bridging to Lisocabtagene Maraleucel in Relapsed/Refractory Aggressive B-cell Lymphomas,2026-10-14,NOT_YET_RECRUITING,INTERVENTIONAL,PHASE2,Massachusetts General Hospital,Obinutuzumab|Glofitamab|Gemcitabine & oxaliplatin|Leukapheresis|Lymphodepleting chemotherapy|LISOCABTAGENE MARALEUCEL,search
breyanzi,NCT03484702,Trial to Determine the Efficacy and Safety of JCAR017 in Adult Participants With Aggressive B-Cell Non-Hodgkin Lymphoma,"A Phase 2, Single-arm, Multi-center Trial to Determine the Efficacy and Safety of JCAR017 in Subjects With Relapsed or Refractory Diffuse Large B-Cell Lymphoma or With Other Aggressive B-Cell Malignancies",2018-06-05,COMPLETED,INTERVENTIONAL,PHASE2,Celgene,JCAR017,search
breyanzi,NCT02631044,Study Evaluating the Safety and Pharmacokinetics of JCAR017 in B-cell Non-Hodgkin Lymphoma (TRANSCEND-NHL-001),"A Phase 1, Multicenter, Open-Label Study of JCAR017, CD19-targeted Chimeric Antigen Receptor (CAR) T Cells, for Relapsed and Refractory (R/R) B-cell Non-Hodgkin Lymphoma (NHL)",2016-01-06,COMPLETED,INTERVENTIONAL,PHASE1,"Juno Therapeutics, a Subsidiary of Celgene",JCAR017 (lisocabtagene maraleucel) single-dose schedule|JCAR017 (lisocabtagene maraleucel) 2-dose schedule,origin_nct
abecma,NCT05032820,Upfront Chimeric Antigen Receptor T-Cell to Upgrade Response in Multiple Myeloma,Phase II Multicenter Trial of Anti-BCMA CAR T-Cell Therapy for MM Patients With Sub-Optimal Response After Auto HCT and Maintenance Len. BMTCTN1902,2022-01-05,COMPLETED,INTERVENTIONAL,PHASE2,Medical College of Wisconsin,Lenalidomide|bb2121|Cyclophosphamide|Fludarabine|leukapheresis,search
abecma,NCT06523621,Nivolumab in Multiple Myeloma Patients After Idecabtagene Vicleucel,Nivolumab As An Adjunctive Therapy In Relapsed Refractory Multiple Myeloma Patients With Sub-Optimal Response To Idecabtagene Vicleucel,2025-02-28,ACTIVE_NOT_RECRUITING,INTERVENTIONAL,PHASE2,Wake Forest University Health Sciences,Nivolumab,search
abecma,NCT02658929,Study of bb2121 in Multiple Myeloma,CRB-401 A Phase 1 Study of bb2121 in BCMA-Expressing Multiple Myeloma,2015-12-22,COMPLETED,INTERVENTIONAL,PHASE1,Celgene,bb2121,search
abecma,NCT06048250,Mezigdomide (CC-92480) Post Idecabtagene Vicleucel in Treating Patients With Relapsed Multiple Myeloma,A Phase 1 Study of Mezigdomide (CC-92480) and Dexamethasone Post Idecabtagene Vicleucel in Relapsed Multiple Myeloma,2024-04-09,RECRUITING,INTERVENTIONAL,PHASE1,City of Hope Medical Center,Biospecimen Collection|Bone Marrow Aspiration|Computed Tomography|Mezigdomide|Positron Emission Tomography,search
abecma,NCT06179888,Iberdomide Versus Observation Off Therapy After Idecabtagene Vicleucel CAR-T for Multiple Myeloma,Randomized Phase 2 Study of Iberdomide Maintenance Therapy Following Idecabtagene Vicleucel CAR-T in Multiple Myeloma Patients,2024-08-27,SUSPENDED,INTERVENTIONAL,PHASE2,National Cancer Institute (NCI),Biospecimen Collection|Bone Marrow Aspiration|Bone Marrow Biopsy|Computed Tomography|Iberdomide|Magnetic Resonance Imaging|Patient Monitoring|Positron Emission Tomography|Skeletal Survey X-Ray,search
abecma,NCT04855136,Safety and Efficacy of bb2121 (Ide-cel) Combinations in Multiple Myeloma,"An Exploratory Phase 1/2 Trial to Determine Recommended Phase 2 Dose (RP2D), Safety and Preliminary Efficacy of bb2121 (Ide-cel) Combinations in Subjects With Relapsed/Refractory Multiple Myeloma (KarMMa-7)",2021-06-01,TERMINATED,INTERVENTIONAL,PHASE1,Celgene,BB2121|CC-220|BMS-986405,search
abecma,NCT06138275,Elranatamab in R/R Multiple Myeloma,A Phase 2 Study of Elranatamab as Consolidation After Idecabtagene Vicleucel in Relapsed Refractory Multiple Myeloma,2024-03-08,RECRUITING,INTERVENTIONAL,PHASE2,Massachusetts General Hospital,Elranatamab,search
abecma,NCT03361748,Efficacy and Safety Study of bb2121 in Subjects With Relapsed and Refractory Multiple Myeloma,"A Phase 2, Multicenter Study to Determine the Efficacy and Safety of bb2121 in Subjects With Relapsed and Refractory Multiple Myeloma",2017-12-13,COMPLETED,INTERVENTIONAL,PHASE2,Celgene,bb2121,search
abecma,NCT06045806,A Study to Compare the Efficacy and Safety of Idecabtagene Vicleucel With Lenalidomide Maintenance Therapy Versus Lenalidomide Maintenance Therapy Alone in Adult Participants With Newly Diagnosed Multiple Myeloma Who Have Suboptimal Response After Autologous Stem Cell Transplantation,"A Randomized, Open-Label, Phase 3 Trial to Compare the Efficacy and Safety of Idecabtagene Vicleucel With Lenalidomide Maintenance Versus Lenalidomide Maintenance Therapy Alone in Adult Participants With Newly Diagnosed Multiple Myeloma Who Have Suboptimal Response After Autologous Stem Cell Transplantation (KarMMa-9)",2023-10-16,ACTIVE_NOT_RECRUITING,INTERVENTIONAL,PHASE3,Celgene,idecabtagene vicleucel|Lenalidomide|Fludarabine|Cyclophosphamide,search
abecma,NCT06518551,Elotuzumab + Iberdomide + Dexamethasone Post Ide-Cel in RRMM,A Phase I/II Study of Elotuzumab and Iberdomide and Dexamethasone Post Idecabtagene Vicleucel in Relapsed and Refractory Multiple Myeloma,2024-11-01,RECRUITING,INTERVENTIONAL,PHASE1|PHASE2,"Omar Nadeem, MD",Elotuzumab|Iberdomide|Dexamethasone,search
abecma,NCT03274219,Study of bb21217 in Multiple Myeloma,"A Phase 1 Study of bb21217, an Anti-BCMA CAR T Cell Drug Product, in Relapsed and/or Refractory Multiple Myeloma",2017-08-16,COMPLETED,INTERVENTIONAL,PHASE1,2seventy bio,bb21217,search
abecma,NCT03651128,Efficacy and Safety Study of bb2121 Versus Standard Regimens in Subjects With Relapsed and Refractory Multiple Myeloma (RRMM),"A Phase 3, Multicenter, Randomized, Open-label Study to Compare the Efficacy and Safety of bb2121 Versus Standard Regimens in Subjects With Relapsed and Refractory Multiple Myeloma (RRMM) (KarMMa-3)",2019-04-16,COMPLETED,INTERVENTIONAL,PHASE3,Celgene,bb2121|Daratumumab|Pomalidomide|Dexamethasone|Bortezomib|Ixazomib|Lenalidomide|Carfilzomib|Elotuzumab,search
abecma,NCT05393804,A Study of Whether Ide-cel (bb2121) Can Be Made From People With Multiple Myeloma Who Have Had a Hematopoietic Cell Transplant,Feasibility Trial of Autologous Anti-B Cell Maturation Antigen Chimeric Antigen Receptor T Cell Therapy Using Ide-Cel for Multiple Myeloma Patients Status Post Hematopoietic Cell Transplantation,2022-05-20,ACTIVE_NOT_RECRUITING,INTERVENTIONAL,PHASE2,Memorial Sloan Kettering Cancer Center,Ide-cel (bb2121),search
abecma,NCT04196491,"A Study to Evaluate the Safety of bb2121 in Subjects With High Risk, Newly Diagnosed Multiple Myeloma (NDMM)","A Phase 1, Open-label, Multicenter Study to Evaluate the Safety of bb2121 in Subjects With High Risk, Newly Diagnosed Multiple Myeloma (KarMMa-4)",2020-05-27,COMPLETED,INTERVENTIONAL,PHASE1,Celgene,bb2121|Fludarabine|Cyclophosphamide|Lenalidomide,search
abecma,NCT03601078,An Efficacy and Safety Study of bb2121 in Subjects With Relapsed and Refractory Multiple Myeloma and in Subjects With High-Risk Multiple Myeloma,"A Phase 2, Multi-cohort, Open-label, Multicenter Study to Evaluate the Efficacy and Safety of bb2121 in Subjects With Relapsed and Refractory Multiple Myeloma and in Subjects With Clinical High-Risk Multiple Myeloma (KarMMa-2)",2018-12-13,COMPLETED,INTERVENTIONAL,PHASE2,Celgene,bb2121|Lenalomide|Talquetamab,search
abecma,NCT02658929,Study of bb2121 in Multiple Myeloma,CRB-401 A Phase 1 Study of bb2121 in BCMA-Expressing Multiple Myeloma,2015-12-22,COMPLETED,INTERVENTIONAL,PHASE1,Celgene,bb2121,origin_nct
carvykti,NCT03758417,"A Study of LCAR-B38M CAR-T Cells, a Chimeric Antigen Receptor T-cell (CAR-T) Therapy Directed Against B-cell Maturation Antigen (BCMA) in Chinese Participants With Relapsed or Refractory Multiple Myeloma","A Phase 2, Open-Label Study of LCAR-B38M CAR-T Cells, a Chimeric Antigen Receptor T-cell (CAR-T) Therapy Directed Against BCMA in Chinese Subjects With Relapsed or Refractory Multiple Myeloma",2019-01-23,TERMINATED,INTERVENTIONAL,PHASE2,Nanjing Legend Biotech Co.,LCAR-B38M CAR-T Cell,search
carvykti,NCT04133636,"A Study of JNJ-68284528, a Chimeric Antigen Receptor T Cell (CAR-T) Therapy Directed Against B-cell Maturation Antigen (BCMA) in Participants With Multiple Myeloma","68284528MMY2003: A Phase 2, Multicohort Open-Label Study of JNJ-68284528, a Chimeric Antigen Receptor T Cell (CAR-T) Therapy Directed Against BCMA in Subjects With Multiple Myeloma",2019-11-07,ACTIVE_NOT_RECRUITING,INTERVENTIONAL,PHASE2,"Janssen Research & Development, LLC",JNJ-68284528|Lenalidomide|Daratumumab|Bortezomib|Dexamethasone,search
carvykti,NCT05257083,"A Study of Daratumumab, Bortezomib, Lenalidomide and Dexamethasone (DVRd) Followed by Ciltacabtagene Autoleucel Versus Daratumumab, Bortezomib, Lenalidomide and Dexamethasone (DVRd) Followed by Autologous Stem Cell Transplant (ASCT) in Participants With Newly Diagnosed Multiple Myeloma","A Phase 3 Randomized Study Comparing Daratumumab, Bortezomib, Lenalidomide and Dexamethasone (DVRd) Followed by Ciltacabtagene Autoleucel Versus Daratumumab, Bortezomib, Lenalidomide and Dexamethasone (DVRd) Followed by Autologous Stem Cell Transplant (ASCT) in Participants With Newly Diagnosed Multiple Myeloma Who Are Transplant Eligible",2023-10-10,ACTIVE_NOT_RECRUITING,INTERVENTIONAL,PHASE3,Stichting European Myeloma Network,Daratumumab|Bortezomib|Lenalidomide|Dexamethasone|Cilta-cel|Cyclophosphamide|Fludarabine,search
carvykti,NCT07725406,Low-Dose TBI Plus CAR T-Cell Therapy for Relapsed/Refractory DLBCL and Multiple Myeloma,"A Phase Ib, Dose-Escalation Study of Augmented Lymphodepletion and CAR T-cell Priming With Low-dose Total Body Irradiation in Patients With Relapsed or Refractory Diffuse Large B-cell Lymphomas and Multiple Myeloma Receiving Treatment With Commercial CD19 or BCMA-directed CAR T-cell Therapies",2026-08-01,NOT_YET_RECRUITING,INTERVENTIONAL,PHASE1,Weill Medical College of Cornell University,Lymphodepleting chemotherapy: Cyclophosphamide|Lymphodepleting chemotherapy: Bendamustine|Lymphodepleting chemotherapy: Fludarabine|Lisocabtagene Maraleucel|Axicabtagene Ciloleucel|Ciltacabtagene Autoleucel|Low-Dose Total Body Irradiation,search
carvykti,NCT06577025,"A Study of Different Sequences of Cilta-cel, Talquetamab in Combination With Daratumumab and Teclistamab in Combination With Daratumumab Following Induction With Daratumumab, Bortezomib, Lenalidomide and Dexamethasone in Participants With Standard-risk Newly Diagnosed Multiple Myeloma","A Phase 2, Open-label Study to Evaluate the Efficacy and Safety of Different Sequences of Ciltacabtagene Autoleucel (Cilta-cel), Talquetamab SC in Combination With Daratumumab SC (Tal-D) and Teclistamab SC in Combination With Daratumumab SC (Tec-D) Following Induction With Daratumumab, Bortezomib, Lenalidomide and Dexamethasone (DVRd) in Participants With Standard-risk Newly Diagnosed Multiple Myeloma",2024-08-20,ACTIVE_NOT_RECRUITING,INTERVENTIONAL,PHASE2,"Janssen Research & Development, LLC",Cilta-cel|Talquetamab|Daratumumab|Teclistamab|Bortezomib|Lenalidomide|Dexamethasone|Cyclophosphamide|Fludarabine,search
carvykti,NCT05767359,CAR- PRISM (PRecision Intervention Smoldering Myeloma),CAR- PRISM (PRecision Intervention Smoldering Myeloma): A Chimeric Antigen Receptor T Cell (CAR-T) Therapy Directed Against BCMA in High-Risk Smoldering Myeloma,2023-04-19,ACTIVE_NOT_RECRUITING,INTERVENTIONAL,PHASE2,Dana-Farber Cancer Institute,Ciltacabtagene Autoleucel|Cyclophosphamide|Fludarabine Phosphate,search
carvykti,NCT05347485,A Study of JNJ-68284528 Out-of-Specification (OOS) for Commercial Release in Participants With Multiple Myeloma,A Safety and Efficacy Study of JNJ-68284528 (Ciltacabtagene Autoleucel) Out-of-Specification (OOS) for Commercial Release in Patients With Multiple Myeloma,2022-05-13,COMPLETED,INTERVENTIONAL,PHASE2,"Janssen Scientific Affairs, LLC",Cilta-cel|Lymphodepleting Therapy (Cyclophosphamide and Fludarabine),search
carvykti,NCT05201781,A Long-term Study for Participants Previously Treated With Ciltacabtagene Autoleucel,Long-term Follow-up Study for Participants Previously Treated With Ciltacabtagene Autoleucel,2022-03-09,RECRUITING,INTERVENTIONAL,PHASE4,"Janssen Research & Development, LLC",Cilta-cel,search
carvykti,NCT07093554,Cilta-Talq Fusion Study: A Phase 1b Study of Talquetamab Bridging Therapy Followed by Ciltacabtagene Autoleucel in Patients With Relapsed/Refractory Multiple Myeloma,Cilta-Talq Fusion Study: A Phase 1b Study of Talquetamab Bridging Therapy Followed by Ciltacabtagene Autoleucel in Patients With Relapsed/Refractory Multiple Myeloma,2025-12-02,RECRUITING,INTERVENTIONAL,PHASE1,Medical College of Wisconsin,Talquetamab|Ciltacabtagene Autoleucel,search
carvykti,NCT04181827,"A Study Comparing JNJ-68284528, a CAR-T Therapy Directed Against B-cell Maturation Antigen (BCMA), Versus Pomalidomide, Bortezomib and Dexamethasone (PVd) or Daratumumab, Pomalidomide and Dexamethasone (DPd) in Participants With Relapsed and Lenalidomide-Refractory Multiple Myeloma","A Phase 3 Randomized Study Comparing JNJ-68284528, a Chimeric Antigen Receptor T Cell (CAR-T) Therapy Directed Against BCMA, Versus Pomalidomide, Bortezomib and Dexamethasone (PVd) or Daratumumab, Pomalidomide and Dexamethasone (DPd) in Subjects With Relapsed and Lenalidomide-Refractory Multiple Myeloma",2020-06-12,ACTIVE_NOT_RECRUITING,INTERVENTIONAL,PHASE3,"Janssen Research & Development, LLC",Cilta-cel|Pomalidomide|Bortezomib|Dexamethasone|Daratumumab,search
carvykti,NCT04923893,"A Study of Bortezomib, Lenalidomide and Dexamethasone (VRd) Followed by Cilta-cel, a CAR-T Therapy Directed Against BCMA Versus VRd Followed by Lenalidomide and Dexamethasone (Rd) Therapy in Participants With Newly Diagnosed Multiple Myeloma for Whom ASCT is Not Planned as Initial Therapy","A Phase 3 Randomized Study Comparing Bortezomib, Lenalidomide and Dexamethasone (VRd) Followed by Ciltacabtagene Autoleucel, a Chimeric Antigen Receptor T Cell (CAR-T) Therapy Directed Against BCMA Versus Bortezomib, Lenalidomide, and Dexamethasone (VRd) Followed by Lenalidomide and Dexamethasone (Rd) Therapy in Participants With Newly Diagnosed Multiple Myeloma for Whom Hematopoietic Stem Cell Transplant is Not Planned as Initial Therapy",2021-08-19,ACTIVE_NOT_RECRUITING,INTERVENTIONAL,PHASE3,"Janssen Research & Development, LLC",Bortezomib|Dexamethasone|Lenalidomide|Cilta-cel|Cyclophosphamide|Fludarabine,search
carvykti,NCT07149857,A Study to Evaluate Efficacy and Safety of Ciltacabtagene Autoleucel,A Phase 2 Multicohort Trial to Further Characterize the Efficacy and Safety of Ciltacabtagene Autoleucel,2025-10-03,RECRUITING,INTERVENTIONAL,PHASE2,"Janssen Research & Development, LLC",Cilta-cel|Cyclophosphamide|Induction therapy|Fludarabine,search
carvykti,NCT06550895,A Study of Ciltacabtagene Autoleucel and Talquetamab for the Treatment of Participants With High-Risk Multiple Myeloma,"A Phase 2, Open-Label, Multicenter Study of Ciltacabtagene Autoleucel and Talquetamab for the Treatment of Participants With High-Risk Multiple Myeloma",2024-09-16,ACTIVE_NOT_RECRUITING,INTERVENTIONAL,PHASE2,"Janssen Research & Development, LLC",Cilta-cel|Talquetamab,search
carvykti,NCT07200089,Recombinant Human IL-7 (NT-I7) in Relapsed/Refractory Multiple Myeloma Following BCMA CAR-T Therapy (Cilta-cel),"A Double-blind, Placebo-controlled Phase Ib Study Evaluating the Safety and Toxicity of Recombinant Human IL-7 (NT-I7) in Relapsed/Refractory Multiple Myeloma Following BCMA CAR-T Therapy (Cilta-cel)",2026-08-31,RECRUITING,INTERVENTIONAL,PHASE1,Washington University School of Medicine,NT-I7|Placebo,search
carvykti,NCT05666700,CAR-T Cell Therapy in RelApsed/Refractory Myeloma With ExtrameduLlary Disease - an in Vivo Imaging and Molecular Monitoring Study,CAR-T Cell Therapy in RelApsed/Refractory Myeloma With ExtrameduLlary Disease - an in Vivo Imaging and Molecular Monitoring Study,2023-12-08,ACTIVE_NOT_RECRUITING,INTERVENTIONAL,PHASE1,"Peter MacCallum Cancer Centre, Australia",Combination Product: JNJ-68284528 (Cilta-cel) & 64Cu SPION dual PET-MR imaging agent,search
carvykti,NCT06940297,Dasatinib and Quercetin With CAR-T Therapy for the Treatment of Patients With Relapsed or Refractory Multiple Myeloma,"DART: Phase II Study of Dasatinib and Quercetin in Patients With Relapsed, Refractory Multiple Myeloma Receiving CAR-T Therapy",2025-09-18,RECRUITING,INTERVENTIONAL,PHASE2,Mayo Clinic,Biopsy Procedure|Biospecimen Collection|Bone Marrow Aspiration|Bone Marrow Biopsy|Ciltacabtagene Autoleucel|Computed Tomography|Cyclophosphamide|Dasatinib|Fludarabine|Positron Emission Tomography|Quercetin,search
carvykti,NCT06947083,Elranatamab Post Cilta-cel in Patients With Clinical High Risk Relapsed Myeloma,Phase II Study of Elranatamab as Maintenance Therapy Post Ciltacabtagene-autoleucel(Cilta-cel) in Patients With Clinical High Risk Relapsed Myeloma,2025-05-27,RECRUITING,INTERVENTIONAL,PHASE2,H. Lee Moffitt Cancer Center and Research Institute,Elranatamab,search
carvykti,NCT03090659,LCAR-B38M Cells in Treating Relapsed/Refractory (R/R) Multiple Myeloma,A Clinical Study of Legend Biotech BCMA-chimeric Antigen Receptor Technology in Treating Relapsed/Refractory (R/R) Multiple Myeloma Patients,2015-10-02,UNKNOWN,INTERVENTIONAL,PHASE1|PHASE2,Nanjing Legend Biotech Co.,LCAR-B38M CAR-T cell injection,search
carvykti,NCT06623630,Lymphodepleting Total Body Irradiation (TBI) Plus Cyclophosphamide Prior to Ciltacabtagene Autoleucel (Carvykti; Cilta-cel) for Multiple Myeloma (MM) Patients With Impaired Renal Function,A Pilot Safety and Feasibility Study of Lymphodepleting Total Body Irradiation (TBI) Plus Cyclophosphamide Prior to Ciltacabtagene Autoleucel (Carvykti; Cilta-cel) for Multiple Myeloma (MM) Patients With Impaired Renal Function,2024-12-04,RECRUITING,INTERVENTIONAL,PHASE1,Washington University School of Medicine,Cyclophosphamide|Ciltacabtagene Autoleucel|Total body irradiation,search
carvykti,NCT06574126,Ciltacabtagene Autoleucel in High-Risk Smoldering Multiple Myeloma,"Phase II Open-Label, Single Arm, Multicenter Study of Ciltacabtagene Autoleucel in High-Risk Smoldering Multiple Myeloma (GEM-CAR-HiRiSMM)",2024-09-30,RECRUITING,INTERVENTIONAL,PHASE2,PETHEMA Foundation,Group 1: Dara-VRD followed by apheresis and cilta-cel infusion|Group 2: Apheresis followed by Dara-VRD and cilta-cel infusion,search
carvykti,NCT03548207,"A Study of JNJ-68284528, a Chimeric Antigen Receptor T Cell (CAR-T) Therapy Directed Against B-Cell Maturation Antigen (BCMA) in Participants With Relapsed or Refractory Multiple Myeloma","A Phase 1b-2, Open-Label Study of JNJ-68284528, A Chimeric Antigen Receptor T-Cell (CAR-T) Therapy Directed Against BCMA in Subjects With Relapsed or Refractory Multiple Myeloma",2018-06-29,COMPLETED,INTERVENTIONAL,PHASE1|PHASE2,"Janssen Research & Development, LLC",JNJ-68284528,search
carvykti,NCT03090659,LCAR-B38M Cells in Treating Relapsed/Refractory (R/R) Multiple Myeloma,A Clinical Study of Legend Biotech BCMA-chimeric Antigen Receptor Technology in Treating Relapsed/Refractory (R/R) Multiple Myeloma Patients,2015-10-02,UNKNOWN,INTERVENTIONAL,PHASE1|PHASE2,Nanjing Legend Biotech Co.,LCAR-B38M CAR-T cell injection,origin_nct
aucatzyl,NCT07400029,A Study of Obecabtagene Autoleucel in People With B-cell Acute Lymphoblastic Leukemia,A Phase II Trial of Obecabtagene Autoleucel Consolidation in Adult Patients With Acute Lymphoblastic Leukemia in First Complete Remission Without Measurable Residual Disease,2026-02-03,RECRUITING,INTERVENTIONAL,PHASE2,Memorial Sloan Kettering Cancer Center,Obecabtagene Autoleucel,search
aucatzyl,NCT04404660,A Study of CD19 Targeted CAR T Cell Therapy in Adult Patients With Relapsed or Refractory B Cell Acute Lymphoblastic Leukaemia (ALL),"An Open-Label, Multi-Centre, Phase Ib/II Study Evaluating the Safety and Efficacy of AUTO1, a CAR T Cell Treatment Targeting CD19, in Adult Patients With Relapsed or Refractory B Cell Acute Lymphoblastic Leukaemia",2020-06-03,ACTIVE_NOT_RECRUITING,INTERVENTIONAL,PHASE1|PHASE2,Autolus Limited,AUTO1,search
aucatzyl,NCT06333483,"Obe-cel in Adolescent [Applicable in UK Only] and Adult Severe, Refractory Systemic Lupus Erythematosus","A Single-Arm, Open-Label, Phase I Study to Determine the Safety, Tolerability and Preliminary Efficacy of Obecabtagene Autoleucel in Patients With Severe, Refractory Systemic Lupus Erythematosus",2024-02-02,ACTIVE_NOT_RECRUITING,INTERVENTIONAL,PHASE1,Autolus Limited,Obecabtagene autoleucel (obe-cel),search
aucatzyl,NCT07053059,Phase 2 Study Assessing the Clinical Activity and Safety of Obecabtagene Autoleucel as a Consolidation in Patients With Newly Diagnosed High-risk B-cell Acute Lymphocytic Leukemia (ALL),Phase 2 Study Assessing the Clinical Activity and Safety of Obecabtagene Autoleucel as a Consolidation in Patients With Newly Diagnosed High-risk B-cell Acute Lymphocytic Leukemia (ALL),2025-08-26,RECRUITING,INTERVENTIONAL,PHASE2,M.D. Anderson Cancer Center,Obecabtagene autoleucel,search
aucatzyl,NCT07053800,"Obe-cel in Severe, Refractory Systemic Lupus Erythematosus (SLE) With Active Lupus Nephritis (LN)","A Single-Arm, Open-Label, Phase II Study to Determine the Safety and Efficacy of Obecabtagene Autoleucel (Obe-cel) in Participants With Severe, Refractory Systemic Lupus Erythematosus With Active Lupus Nephritis",2026-01-16,RECRUITING,INTERVENTIONAL,PHASE2,Autolus Limited,Obecabtagene autoleucel,search
aucatzyl,NCT07139743,Obe-cel in Refractory Progressive Forms of Multiple Sclerosis,"A Single-arm, Open-label, Phase I Study to Determine the Safety, Tolerability, and Preliminary Efficacy of Obe-cel in Participants With Refractory Progressive Forms of Multiple Sclerosis",2025-08-04,RECRUITING,INTERVENTIONAL,PHASE1,Autolus Limited,Obecabtagene autoleucel (obe-cel),search
aucatzyl,NCT06173518,A Study of CD19 Targeted CAR T Cell Therapy in Pediatric Patients With Relapsed or Refractory B Cell Acute Lymphoblastic Leukemia (B ALL) and Aggressive Mature B-cell Non-Hodgkin Lymphoma (B NHL),"A Single-Arm, Open-Label, Multicenter, Phase 1b/2 Study Evaluating the Safety and Efficacy of AUTO1 (Obecabtagene Autoleucel [Obe-cel]) in Pediatric Patients With CD19-positive Relapsed/Refractory (R/R) B Cell Acute Lymphoblastic Leukemia (B ALL) or R/R Aggressive Mature B Cell Non-Hodgkin Lymphoma (B NHL).",2023-11-16,RECRUITING,INTERVENTIONAL,PHASE1,Autolus Limited,AUTO1,search
aucatzyl,NCT02443831,CARPALL: Immunotherapy With CD19+CD22 CAR T-cells for CD19+ and CD22+ Acute Lymphoblastic Leukaemia,Immunotherapy With CD19+CD22 CAR Redirected T-cells for High Risk/Relapsed Paediatric CD19+ and CD22+ Acute Lymphoblastic Leukaemia,2016-04,RECRUITING,INTERVENTIONAL,PHASE1,"University College, London",Leukapheresis|Total Body Irradiation (TBI)|Lymphodepletion with Fludarabine|Lymphodepletion with Cyclophosphamide|CD19+CD22 CAR T-cells,origin_nct
luxturna,NCT00516477,Safety Study in Subjects With Leber Congenital Amaurosis,A Phase 1 Safety Study in Subjects With Leber Congenital Amaurosis (LCA) Using Adeno-Associated Viral Vector to Deliver the Gene for Human RPE65 Into the Retinal Pigment Epithelium (RPE) [AAV2-hRPE65v2-101],2007-09,COMPLETED,INTERVENTIONAL,PHASE1,"Spark Therapeutics, Inc.",voretigene neparvovec-rzyl,search
luxturna,NCT01208389,Phase 1 Follow-on Study of AAV2-hRPE65v2 Vector in Subjects With Leber Congenital Amaurosis (LCA) 2,A Follow-On Study to Evaluate the Safety of Re-Administration of Adeno-Associated Viral Vector Containing the Gene for Human RPE65 [AAV2-hRPE65v2] to the Contralateral Eye in Subjects With Leber Congenital Amaurosis (LCA) Previously Enrolled in a Phase 1 Study,2010-11,ACTIVE_NOT_RECRUITING,INTERVENTIONAL,PHASE1|PHASE2,"Spark Therapeutics, Inc.",voretigene neparvovec-rzyl,search
luxturna,NCT00999609,Safety and Efficacy Study in Subjects With Leber Congenital Amaurosis,A Safety and Efficacy Study in Subjects With Leber Congenital Amaurosis (LCA) Using Adeno-Associated Viral Vector to Deliver the Gene for Human RPE65 to the Retinal Pigment Epithelium (RPE) [AAV2-hRPE65v2-301],2012-10,ACTIVE_NOT_RECRUITING,INTERVENTIONAL,PHASE3,"Spark Therapeutics, Inc.","AAV2-hRPE65v2,voretigene neparvovec-rzyl",search
luxturna,NCT04516369,Study of Efficacy and Safety of Voretigene Neparvovec in Japanese Patients With Biallelic RPE65 Mutation-associated Retinal Dystrophy,"An Open-label, Single-arm Study to Provide Efficacy and Safety Data of Voretigene Neparvovec Administered as Subretinal Injection in Japanese Patients With Biallelic RPE65 Mutation-associated Retinal Dystrophy",2020-11-24,COMPLETED,INTERVENTIONAL,PHASE3,Novartis Pharmaceuticals,voretigene neparvovec,search
luxturna,NCT00516477,Safety Study in Subjects With Leber Congenital Amaurosis,A Phase 1 Safety Study in Subjects With Leber Congenital Amaurosis (LCA) Using Adeno-Associated Viral Vector to Deliver the Gene for Human RPE65 Into the Retinal Pigment Epithelium (RPE) [AAV2-hRPE65v2-101],2007-09,COMPLETED,INTERVENTIONAL,PHASE1,"Spark Therapeutics, Inc.",voretigene neparvovec-rzyl,origin_nct
zolgensma,NCT07444450,A Study to Learn About the Safety and Effects of Salanersen (BIIB115) When Given to Babies With Spinal Muscular Atrophy (SMA) Who Were Previously Treated With Onasemnogene Abeparvovec,"A Phase 3, Randomized, Double-Blinded Study to Evaluate the Safety and Efficacy of Salanersen (BIIB115) After Onasemnogene Abeparvovec Treatment in Infants With Genetically Diagnosed Spinal Muscular Atrophy",2026-09-04,RECRUITING,INTERVENTIONAL,PHASE3,Biogen,Salanersen|Sham Procedure,search
zolgensma,NCT05089656,Efficacy and Safety of Intrathecal OAV101 (AVXS-101) in Pediatric Patients With Type 2 Spinal Muscular Atrophy (SMA),"A Randomized, Sham-controlled, Double-blind Study to Evaluate the Efficacy and Safety of Intrathecal OAV101 in Type 2 Spinal Muscular Atrophy (SMA) Patients Who Are ≥ 2 to < 18 Years of Age, Treatment Naive, Sitting, and Never Ambulatory",2022-02-01,COMPLETED,INTERVENTIONAL,PHASE3,Novartis Pharmaceuticals,OAV101|Sham control,search
zolgensma,NCT07448610,ASsessing The REAl-world Safety & Effectiveness of Spinal Muscular Atrophy Participants Treated With Intrathecal Onasemnogene Abeparvovec-brve (OAV101B) (ITVISMA®): A U.S. Pragmatic Multicenter Study (STREAM),Onasemnogene Abeparvovec: ASsessing The REAl-world Safety & Effectiveness of Spinal Muscular Atrophy Participants Treated With Intrathecal Onasemnogene Abeparvovec-brve (ITVISMA®): A U.S. Pragmatic Multicenter Study (STREAM),2026-07-01,NOT_YET_RECRUITING,INTERVENTIONAL,PHASE4,Novartis Pharmaceuticals,Onasemnogene Abeparvovec-brve,search
zolgensma,NCT03381729,Study of Intrathecal Administration of Onasemnogene Abeparvovec-xioi for Spinal Muscular Atrophy,"Phase I, Open-Label, Dose Comparison Study of AVXS-101 for Sitting But Non-ambulatory Patients With Spinal Muscular Atrophy",2017-12-14,TERMINATED,INTERVENTIONAL,PHASE1,Novartis Gene Therapies,Onasemnogene Abeparvovec-xioi,search
zolgensma,NCT03461289,Single-Dose Gene Replacement Therapy Clinical Trial for Participants With Spinal Muscular Atrophy Type 1,"Phase 3, Open-Label, Single-Arm, Single-Dose Gene Replacement Therapy Clinical Trial for Patients With Spinal Muscular Atrophy Type 1 With One or Two SMN2 Copies Delivering AVXS-101 by Intravenous Infusion",2018-08-16,COMPLETED,INTERVENTIONAL,PHASE3,Novartis Gene Therapies,Onasemnogene Abeparvovec-xioi,search
zolgensma,NCT02122952,Gene Transfer Clinical Trial for Spinal Muscular Atrophy Type 1,Phase I Gene Transfer Clinical Trial for Spinal Muscular Atrophy Type 1 Delivering AVXS-101,2014-05-05,COMPLETED,INTERVENTIONAL,PHASE1,Novartis Gene Therapies,AVXS-101,search
zolgensma,NCT05335876,Long-term Follow-up of Patients With Spinal Muscular Atrophy Treated With OAV101 in Clinical Trials,Long-term Follow-up of Patients With Spinal Muscular Atrophy Treated With OAV101 IT or OAV101 IV in Clinical Trials,2022-12-19,ACTIVE_NOT_RECRUITING,INTERVENTIONAL,PHASE3,Novartis Pharmaceuticals,onasemnogene abeparvovec,search
zolgensma,NCT05575011,A Study to Learn About the Safety of BIIB115 Injections and How BIIB115 is Processed in the Bodies of Healthy Adult Male Volunteers and of Pediatric Participants With Spinal Muscular Atrophy Who Previously Took Onasemnogene Abeparvovec,"A Randomized, Blinded, Placebo-Controlled, Phase 1 Single Ascending Dose Study in Healthy Adult Male Volunteers and an Open-Label Multiple Ascending Dose Study With Long-Term Extension in Pediatric SMA Participants Previously Treated With Onasemnogene Abeparvovec (Zolgensma™) to Evaluate the Safety, Tolerability, and Pharmacokinetics of BIIB115",2022-10-10,ACTIVE_NOT_RECRUITING,INTERVENTIONAL,PHASE1,Biogen,BIIB115|BIIB115-Matching Placebo,search
zolgensma,NCT03505099,Pre-Symptomatic Study of Intravenous Onasemnogene Abeparvovec-xioi in Spinal Muscular Atrophy (SMA) for Patients With Multiple Copies of SMN2,"A Global Study of a Single, One-Time Dose of AVXS-101 Delivered to Infants With Genetically Diagnosed and Pre-symptomatic Spinal Muscular Atrophy With Multiple Copies of SMN2",2018-04-02,COMPLETED,INTERVENTIONAL,PHASE3,Novartis Gene Therapies,onasemnogene abeparvovec-xioi,search
zolgensma,NCT03306277,Gene Replacement Therapy Clinical Trial for Participants With Spinal Muscular Atrophy Type 1,"Phase 3, Open-Label, Single-Arm, Single-Dose Gene Replacement Therapy Clinical Trial for Patients With Spinal Muscular Atrophy Type 1 With One or Two SMN2 Copies Delivering AVXS-101 by Intravenous Infusion",2017-10-24,COMPLETED,INTERVENTIONAL,PHASE3,Novartis Gene Therapies,Onasemnogene Abeparvovec-xioi,search
zolgensma,NCT04488133,A Study to Learn About the Effect of Nusinersen (BIIB058) Given as Injections to Children With Spinal Muscular Atrophy (SMA) Who Were Previously Treated With Onasemnogene Abeparvovec (RESPOND),A Phase 4 Study of Nusinersen (BIIB058) Among Patients With Spinal Muscular Atrophy Who Received Onasemnogene Abeparvovec,2021-01-04,COMPLETED,INTERVENTIONAL,PHASE4,Biogen,Nusinersen,search
zolgensma,NCT04042025,Long-term Follow-up Study of Patients Receiving Onasemnogene Abeparvovec-xioi,A Long-term Follow-up Study of Patients in the Clinical Trials for Spinal Muscular Atrophy Receiving AVXS-101,2020-02-10,ACTIVE_NOT_RECRUITING,INTERVENTIONAL,PHASE3,Novartis Gene Therapies,Onasemnogene Abeparvovec-xioi,search
zolgensma,NCT04851873,Safety and Efficacy of Intravenous OAV101 (AVXS-101) in Pediatric Patients With Spinal Muscular Atrophy (SMA),"A Phase IIIb, Open-label, Single-arm, Single-dose, Multicenter Study to Evaluate the Safety, Tolerability and Efficacy of Gene Replacement Therapy With Intravenous OAV101 (AVXS-101) in Pediatric Patients With Spinal Muscular Atrophy (SMA)",2021-09-08,COMPLETED,INTERVENTIONAL,PHASE3,Novartis Pharmaceuticals,OAV101,search
zolgensma,NCT03837184,Single-Dose Gene Replacement Therapy Using for Patients With Spinal Muscular Atrophy Type 1 With One or Two SMN2 Copies,"Phase 3, Open-Label, Single-Arm, Single-Dose Gene Replacement Therapy Clinical Trial for Patients With Spinal Muscular Atrophy Type 1 With One or Two SMN2 Copies Delivering AVXS-101 by Intravenous Infusion",2019-05-31,COMPLETED,INTERVENTIONAL,PHASE3,Novartis Gene Therapies,Onasemnogene Abeparvovec-xioi,search
zolgensma,NCT05073133,Safety and Efficacy of Intravenous OAV101 (AVXS-101) in Pediatric Patients With Spinal Muscular Atrophy (SMA) (OFELIA),"A Phase IV Open-label, Single-arm, Single-dose, Multicenter Study to Evaluate the saFEty, toLerability and effIcacy of Gene Replacement Therapy With intravenousOAV101(AVXS101) in Pediatric Patients From Latin America With Spinal Muscular Atrophy (SMA) - OFELIA",2021-11-04,COMPLETED,INTERVENTIONAL,PHASE4,Novartis Pharmaceuticals,OAV101,search
zolgensma,NCT02122952,Gene Transfer Clinical Trial for Spinal Muscular Atrophy Type 1,Phase I Gene Transfer Clinical Trial for Spinal Muscular Atrophy Type 1 Delivering AVXS-101,2014-05-05,COMPLETED,INTERVENTIONAL,PHASE1,Novartis Gene Therapies,AVXS-101,origin_nct
itvisma,NCT05089656,Efficacy and Safety of Intrathecal OAV101 (AVXS-101) in Pediatric Patients With Type 2 Spinal Muscular Atrophy (SMA),"A Randomized, Sham-controlled, Double-blind Study to Evaluate the Efficacy and Safety of Intrathecal OAV101 in Type 2 Spinal Muscular Atrophy (SMA) Patients Who Are ≥ 2 to < 18 Years of Age, Treatment Naive, Sitting, and Never Ambulatory",2022-02-01,COMPLETED,INTERVENTIONAL,PHASE3,Novartis Pharmaceuticals,OAV101|Sham control,search
itvisma,NCT05386680,"Phase IIIb, Open-label, Multi-center Study to Evaluate Safety, Tolerability and Efficacy of OAV101 Administered Intrathecally to Participants With SMA Who Discontinued Treatment With Nusinersen or Risdiplam","Phase IIIb, Open-label, Single-arm, Multi-center Study to Evaluate the Safety, Tolerability and Efficacy of OAV101 Administered Intrathecally (1.2 x 10^14 Vector Genomes) to Participants 2 to < 18 Years of Age With Spinal Muscular Atrophy (SMA) Who Have Discontinued Treatment With Nusinersen (Spinraza®) or Risdiplam (Evrysdi®)",2023-01-12,COMPLETED,INTERVENTIONAL,PHASE3,Novartis Pharmaceuticals,OAV101,search
itvisma,NCT05335876,Long-term Follow-up of Patients With Spinal Muscular Atrophy Treated With OAV101 in Clinical Trials,Long-term Follow-up of Patients With Spinal Muscular Atrophy Treated With OAV101 IT or OAV101 IV in Clinical Trials,2022-12-19,ACTIVE_NOT_RECRUITING,INTERVENTIONAL,PHASE3,Novartis Pharmaceuticals,onasemnogene abeparvovec,search
itvisma,NCT04851873,Safety and Efficacy of Intravenous OAV101 (AVXS-101) in Pediatric Patients With Spinal Muscular Atrophy (SMA),"A Phase IIIb, Open-label, Single-arm, Single-dose, Multicenter Study to Evaluate the Safety, Tolerability and Efficacy of Gene Replacement Therapy With Intravenous OAV101 (AVXS-101) in Pediatric Patients With Spinal Muscular Atrophy (SMA)",2021-09-08,COMPLETED,INTERVENTIONAL,PHASE3,Novartis Pharmaceuticals,OAV101,search
itvisma,NCT05073133,Safety and Efficacy of Intravenous OAV101 (AVXS-101) in Pediatric Patients With Spinal Muscular Atrophy (SMA) (OFELIA),"A Phase IV Open-label, Single-arm, Single-dose, Multicenter Study to Evaluate the saFEty, toLerability and effIcacy of Gene Replacement Therapy With intravenousOAV101(AVXS101) in Pediatric Patients From Latin America With Spinal Muscular Atrophy (SMA) - OFELIA",2021-11-04,COMPLETED,INTERVENTIONAL,PHASE4,Novartis Pharmaceuticals,OAV101,search
itvisma,NCT03381729,Study of Intrathecal Administration of Onasemnogene Abeparvovec-xioi for Spinal Muscular Atrophy,"Phase I, Open-Label, Dose Comparison Study of AVXS-101 for Sitting But Non-ambulatory Patients With Spinal Muscular Atrophy",2017-12-14,TERMINATED,INTERVENTIONAL,PHASE1,Novartis Gene Therapies,Onasemnogene Abeparvovec-xioi,origin_nct
hemgenix,NCT06003387,Efficacy and Safety of CSL222 (Etranacogene Dezaparvovec) Gene Therapy in Adults With Hemophilia B With Pretreatment Adeno-associated Virus Serotype 5 (AAV5) Neutralizing Antibodies (Nabs),"Phase 3b, Open-label, Multicenter, Single-dose Study Investigating Efficacy and Safety of CSL222 (Etranacogene Dezaparvovec) Gene Therapy Administered to Adult Subjects With Severe or Moderately Severe Hemophilia B With Detectable Pretreatment AAV5 Neutralizing Antibodies",2024-01-30,RECRUITING,INTERVENTIONAL,PHASE3,CSL Behring,CSL222 (AAV5-hFIXco-Padua),search
hemgenix,NCT03489291,Dose Confirmation Trial of AAV5-hFIXco-Padua,"Phase IIb, Open-label, Single-dose, Single-arm, Multi-center Trial to Confirm the Factor IX Activity Level of the Serotype 5 Adeno-associated Viral Vector Containing the Padua Variant of a Codon-optimized Human Factor IX Gene (AAV5-hFIXco-Padua, AMT-061) Administered to Adult Subjects With Severe or Moderately Severe Hemophilia B",2018-07-24,COMPLETED,INTERVENTIONAL,PHASE2,CSL Behring,AAV5-hFIXco-Padua (AMT-061),search
hemgenix,NCT07080905,"Phase 3, Open-label, Single-dose Study of CSL222 in Adolescent Male Subjects (≥ 12 to < 18 Years of Age) With Severe or Moderately Severe Hemophilia B","Phase 3, Open-label, Single-dose, Multicenter Study Investigating Efficacy, Safety, and Tolerability of CSL222 (Etranacogene Dezaparvovec) Administered to Adolescent Male Subjects (≥ 12 to < 18 Years of Age) With Severe or Moderately Severe Hemophilia B",2025-07-28,RECRUITING,INTERVENTIONAL,PHASE3,CSL Behring,CSL222 (Adeno-associated viral vector serotype 5 [AAV5]-hFIXco-Padua),search
hemgenix,NCT03569891,HOPE-B: Trial of AMT-061 in Severe or Moderately Severe Hemophilia B Patients,"Phase III, Open-label, Single-dose, Multi-center, Multinational Trial Investigating a Serotype 5 Adeno-associated Viral Vector Containing the Padua Variant of a Codon-optimized Human Factor IX Gene (AAV5-hFIXco-Padua, AMT-061) Administered to Adult Subjects With Severe or Moderately Severe Hemophilia B",2018-06-27,COMPLETED,INTERVENTIONAL,PHASE3,CSL Behring,AAV5-hFIXco-Padua|Factor IX (FIX),search
beqvez,NCT02484092,A Gene Therapy Study for Hemophilia B,"Gene Therapy, Open-label, Dose-escalation Study of PF-06838435 (SPK-9001) [Adeno-associated Viral Vector With Human Factor IX Gene] in Subjects With Hemophilia B",2015-11-18,COMPLETED,INTERVENTIONAL,PHASE2,Pfizer,SPK-9001,search
beqvez,NCT03861273,A Study to Evaluate the Efficacy and Safety of Factor IX Gene Therapy With PF-06838435 in Adult Males With Moderately Severe to Severe Hemophilia B,"Phase 3, Open-label, Single-arm Study to Evaluate Efficacy and Safety of FIX Gene Transfer With PF-06838435 (rAAV-Spark100-hFIX-R338L) in Adult Male Participants With Moderately Severe to Severe Hemophilia B (FIX:C ≤2%) (BeneGene-2)",2019-07-29,ACTIVE_NOT_RECRUITING,INTERVENTIONAL,PHASE3,Pfizer,PF-06838435/ fidanacogene elaparvovec,search
beqvez,NCT03307980,Long-term Safety and Efficacy Study and Dose-Escalation Substudy of PF 06838435 in Individuals With Hemophilia B,"A FACTOR IX (FIX) GENE TRANSFER, MULTI CENTER EVALUATION OF THE LONG TERM SAFETY AND EFFICACY STUDY OF PF 06838435 AND A DOSE ESCALATION SUBSTUDY IN INDIVIDUALS WITH HEMOPHILIA B",2017-06-22,COMPLETED,INTERVENTIONAL,PHASE2,Pfizer,PF-06838435 (formerly SPK-9001),search
beqvez,NCT05568719,Safety and Effectiveness of Giroctocogene Fitelparvovec or Fidanacogene Elaparvovec in Patients With Hemophilia A or B Respectively,"A PHASE 3, NON-INVESTIGATIONAL PRODUCT, MULTI COUNTRY COHORT STUDY TO DESCRIBE THE LONG-TERM SAFETY AND EFFECTIVENESS OF A PRIOR SINGLE-DOSE TREATMENT WITH INVESTIGATIVE GIROCTOCOGENE FITELPARVOVEC OR FIDANACOGENE ELAPARVOVEC IN PARTICIPANTS WITH HEMOPHILIA A OR HEMOPHILIA B, RESPECTIVELY",2022-12-28,RECRUITING,INTERVENTIONAL,PHASE3,Pfizer,Testing of hepatic AAV Vector integration,search
roctavian,NCT03370913,Single-Arm Study To Evaluate The Efficacy and Safety of Valoctocogene Roxaparvovec in Hemophilia A Patients (BMN 270-301),"A Phase 3 Open-Label, Single-Arm Study To Evaluate The Efficacy and Safety of BMN 270, an Adeno-Associated Virus Vector-Mediated Gene Transfer of Human Factor VIII in Hemophilia A Patients With Residual FVIII Levels ≤ 1 IU/dL Receiving Prophylactic FVIII Infusions",2017-12-19,COMPLETED,INTERVENTIONAL,PHASE3,BioMarin Pharmaceutical,valoctocogene roxaparvovec,search
roctavian,NCT06224907,Phase 3 Study for Efficacy and Safety Outcomes Data in Japanese Patients With Severe Hemophilia A,"GENEr8-JPN: A Phase 3 Open-Label, Single-Arm Study to Evaluate the Efficacy and Safety of BMN 270, an Adeno-Associated Virus Vector-Mediated Gene Transfer of Human Factor VIII in Japanese Hemophilia A Patients With Residual FVIII Levels ≤ 1 IU/dL Receiving Prophylactic FVIII Infusions",2023-12-25,ACTIVE_NOT_RECRUITING,INTERVENTIONAL,PHASE3,BioMarin Pharmaceutical,Valoctocogene roxaparvovec,search
roctavian,NCT03392974,Single-Arm Study To Evaluate The Efficacy and Safety of Valoctocogene Roxaparvovec in Hemophilia A Patients at a Dose of 4E13 vg/kg,"A Phase 3 Open-Label, Single-Arm Study To Evaluate The Efficacy and Safety of BMN 270, an Adeno-Associated Virus Vector-Mediated Gene Transfer of Human Factor VIII at a Dose of 4E13vg/kg in Hemophilia A Patients With Residual FVIII Levels ≤1IU/dL Receiving Prophylactic FVIII Infusions",2018-03-14,COMPLETED,INTERVENTIONAL,PHASE3,BioMarin Pharmaceutical,Valoctocogene Roxaparvovec,search
roctavian,NCT04684940,"Safety, Tolerability, and Efficacy Study of Valoctocogene Roxaparvovec in Hemophilia A With Active or Prior Inhibitors","A Phase 1/2 Safety, Tolerability, and Efficacy Study of BMN 270, an Adeno-Associated Virus Vector-Mediated Gene Transfer of Human Factor VIII in Hemophilia A Patients With Active or Prior Inhibitors",2020-12-10,COMPLETED,INTERVENTIONAL,PHASE1|PHASE2,BioMarin Pharmaceutical,Valoctocogene roxaparvovec,search
roctavian,NCT04323098,"Study to Evaluate the Efficacy and Safety of Valoctocogene Roxaparvovec, With Prophylactic Steroids in Hemophilia A","A Phase 3b, Single Arm, Open-Label Study to Evaluate the Efficacy and Safety of BMN 270, an Adeno-Associated Virus Vector-Mediated Gene Transfer of Human Factor VIII, With Prophylactic Corticosteroids in Hemophilia A Patients",2020-12-08,COMPLETED,INTERVENTIONAL,PHASE3,BioMarin Pharmaceutical,valoctocogene roxaparvovec,search
roctavian,NCT02576795,Gene Therapy Study in Severe Haemophilia A Patients (270-201),"A Phase 1/2, Dose-Escalation, Safety, Tolerability and Efficacy Study of Valoctocogene Roxaparvovec, an Adenovirus-Associated Virus Vector-Mediated Gene Transfer of Human Factor VIII in Patients With Severe Haemophilia A",2015-09-28,COMPLETED,INTERVENTIONAL,PHASE1|PHASE2,BioMarin Pharmaceutical,valoctocogene roxaparvovec,search
roctavian,NCT03520712,Gene Therapy Study in Severe Hemophilia A Patients With Antibodies Against AAV5,"A Phase 1/2 Safety, Tolerability, and Efficacy Study of Valoctocogene Roxaparvovec, an Adeno-Associated Virus Vector-Mediated Gene Transfer of Human Factor VIII in Hemophilia A Patients With Residual FVIII Levels ≤ 1 IU/dL and Pre-existing Antibodies Against AAV5",2018-04-24,TERMINATED,INTERVENTIONAL,PHASE1|PHASE2,BioMarin Pharmaceutical,Valoctocogene Roxaparvovec,search
casgevy,NCT05951205,"Evaluation of Efficacy and Safety of a Single Dose of Exa-cel in Participants With Severe Sickle Cell Disease, βS/ βC Genotype","A Phase 3 Study to Evaluate Efficacy and Safety of a Single Dose of Exa-cel in Subjects With Severe Sickle Cell Disease, βS/βC Genotype",2027-07-31,WITHDRAWN,INTERVENTIONAL,PHASE3,Vertex Pharmaceuticals Incorporated,Exa-cel,search
casgevy,NCT05477563,Evaluation of Efficacy and Safety of a Single Dose of CTX001 in Participants With Transfusion-Dependent β-Thalassemia and Severe Sickle Cell Disease,A Phase 3b Study to Evaluate Efficacy and Safety of a Single Dose of Autologous CRISPR Cas9 Modified CD34+ Human Hematopoietic Stem and Progenitor Cells (CTX001) in Subjects With Transfusion-Dependent β-Thalassemia or Severe Sickle Cell Disease,2022-08-02,RECRUITING,INTERVENTIONAL,PHASE3,Vertex Pharmaceuticals Incorporated,CTX001,search
casgevy,NCT05329649,Evaluation of Safety and Efficacy of CTX001 in Pediatric Participants With Severe Sickle Cell Disease (SCD),A Phase 3 Study to Evaluate the Safety and Efficacy of a Single Dose of CTX001 in Pediatric Subjects With Severe Sickle Cell Disease,2022-05-02,ACTIVE_NOT_RECRUITING,INTERVENTIONAL,PHASE3,Vertex Pharmaceuticals Incorporated,CTX001,search
casgevy,NCT04208529,A Long-term Follow-up Study in Participants Who Received CTX001,A Long-term Follow-up Study of Subjects With β-thalassemia or Sickle Cell Disease Treated With Autologous CRISPR-Cas9 Modified Hematopoietic Stem Cells (CTX001),2021-01-20,ENROLLING_BY_INVITATION,INTERVENTIONAL,PHASE3,Vertex Pharmaceuticals Incorporated,CTX001,search
casgevy,NCT07392255,An Optimised GA Interventional Trial (Opti-GAIN) to Test if Treatment With CTx001 is Safe and Works for People With Geographic Atrophy (GA),"A First in Human Phase 1 / 2 Multi-center Study to Evaluate the Safety, Tolerability and Preliminary Efficacy of CTx001 Administered Via a Single Subretinal Injection in Patients With Geographic Atrophy (GA) Secondary to Age-Related Macular Degeneration (AMD)",2025-12-30,RECRUITING,INTERVENTIONAL,PHASE1|PHASE2,Complement Therapeutics,CTx001,search
casgevy,NCT03745287,A Safety and Efficacy Study Evaluating CTX001 in Subjects With Severe Sickle Cell Disease,A Phase 1/2/3 Study to Evaluate the Safety and Efficacy of a Single Dose of Autologous CRISPR-Cas9 Modified CD34+ Human Hematopoietic Stem and Progenitor Cells (CTX001) in Subjects With Severe Sickle Cell Disease,2018-11-27,COMPLETED,INTERVENTIONAL,PHASE2|PHASE3,Vertex Pharmaceuticals Incorporated,CTX001,search
casgevy,NCT03655678,A Safety and Efficacy Study Evaluating CTX001 in Participants With Transfusion-Dependent β-Thalassemia,A Phase 1/2/3 Study of the Safety and Efficacy of a Single Dose of Autologous CRISPR-Cas9 Modified CD34+ Human Hematopoietic Stem and Progenitor Cells (hHSPCs) in Subjects With Transfusion-Dependent β-Thalassemia,2018-09-14,COMPLETED,INTERVENTIONAL,PHASE2|PHASE3,Vertex Pharmaceuticals Incorporated,CTX001,search
casgevy,NCT07577817,"A Study to Investigate the Safety, Tolerability, Pharmacokinetics, and Pharmacodynamics of CTX001 in Healthy Adults.","A Phase 1, 3-Part, Randomized, Double-blind, Placebo-Controlled Study to Evaluate the Safety, Tolerability, Pharmacokinetics, and Pharmacodynamics of Single and Multiple Ascending Oral Doses of CTX001 in Healthy Adult Participants.",2026-06,RECRUITING,INTERVENTIONAL,EARLY_PHASE1,Cajal Therapeutics Inc.,CTX001 With and Without Iron|CTX001 With Iron|CTX001 Multiple Dose|Placebo With and Without Iron|Placebo With Iron|Placebo Multiple Dose,search
casgevy,NCT05356195,Evaluation of Safety and Efficacy of CTX001 in Pediatric Participants With Transfusion-Dependent β-Thalassemia (TDT),A Phase 3 Study to Evaluate the Safety and Efficacy of a Single Dose of CTX001 in Pediatric Subjects With Transfusion-Dependent β-Thalassemia,2022-05-03,ACTIVE_NOT_RECRUITING,INTERVENTIONAL,PHASE3,Vertex Pharmaceuticals Incorporated,CTX001,search
lyfgenia,NCT03207009,A Study Evaluating the Efficacy and Safety of the LentiGlobin® BB305 Drug Product in Participants With Transfusion-Dependent β-Thalassemia,A Phase 3 Single Arm Study Evaluating the Efficacy and Safety of Gene Therapy in Subjects With Transfusion-dependent β-Thalassemia by Transplantation of Autologous CD34+ Stem Cells Transduced Ex Vivo With a Lentiviral βA-T87Q-Globin Vector in Subjects ≤50 Years of Age,2017-06-08,COMPLETED,INTERVENTIONAL,PHASE3,Genetix Biotherapeutics Inc.,LentiGlobin BB305 Drug Product,search
lyfgenia,NCT02151526,A Study Evaluating the Safety and Efficacy of LentiGlobin BB305 Drug Product in β-Thalassemia Major (Also Referred to as Transfusion-dependent β-Thalassemia [TDT]) and Sickle Cell Disease,A Phase 1/2 Open Label Study Evaluating the Safety and Efficacy of Gene Therapy of the β-Hemoglobinopathies (Sickle Cell Anemia and β-Thalassemia Major) by Transplantation of Autologous CD34+ Stem Cells Transduced Ex Vivo With a Lentiviral β-A-T87Q Globin Vector (LentiGlobin BB305 Drug Product),2013-06-07,COMPLETED,INTERVENTIONAL,PHASE1|PHASE2,Genetix Biotherapeutics Inc.,LentiGlobin BB305 Drug Product,search
lyfgenia,NCT02140554,A Study Evaluating the Safety and Efficacy of Lovo-cel in Severe Sickle Cell Disease,A Phase 1/2 Study Evaluating Gene Therapy by Transplantation of Autologous CD34+ Stem Cells Transduced Ex Vivo With the LentiGlobin BB305 Lentiviral Vector in Subjects With Severe Sickle Cell Disease,2015-02-02,COMPLETED,INTERVENTIONAL,PHASE1|PHASE2,Genetix Biotherapeutics Inc.,lovo-cel,search
lyfgenia,NCT04293185,A Study Evaluating Gene Therapy With BB305 Lentiviral Vector in Sickle Cell Disease,A Phase 3 Study Evaluating Gene Therapy by Transplantation of Autologous CD34+ Stem Cells Transduced Ex Vivo With the BB305 Lentiviral Vector in Subjects With Sickle Cell Disease,2020-02-14,ACTIVE_NOT_RECRUITING,INTERVENTIONAL,PHASE3,Genetix Biotherapeutics Inc.,bb1111,search
lyfgenia,NCT02906202,"A Study Evaluating the Efficacy and Safety of the LentiGlobin® BB305 Drug Product in Participants With Transfusion-Dependent β-Thalassemia, Who do Not Have a β0/β0 Genotype","A Phase 3 Single Arm Study Evaluating the Efficacy and Safety of Gene Therapy in Subjects With Transfusion-dependent β-Thalassemia, Who do Not Have a β0/β0 Genotype, by Transplantation of Autologous CD34+ Stem Cells Transduced Ex Vivo With a Lentiviral βA-T87Q-Globin Vector in Subjects ≤50 Years of Age",2016-08-08,COMPLETED,INTERVENTIONAL,PHASE3,Genetix Biotherapeutics Inc.,LentiGlobin BB305 Drug Product,search
lyfgenia,NCT01745120,A Study Evaluating the Safety and Efficacy of the LentiGlobin BB305 Drug Product in β-Thalassemia Major Participants,A Phase 1/2 Open Label Study Evaluating the Safety and Efficacy of Gene Therapy in Subjects With β-Thalassemia Major by Transplantation of Autologous CD34+ Cells Transduced Ex Vivo With a Lentiviral βA-T87Q-Globin Vector (LentiGlobin® BB305 Drug Product),2013-08,COMPLETED,INTERVENTIONAL,PHASE1|PHASE2,Genetix Biotherapeutics Inc.,LentiGlobin BB305 Drug Product,search
lyfgenia,NCT02140554,A Study Evaluating the Safety and Efficacy of Lovo-cel in Severe Sickle Cell Disease,A Phase 1/2 Study Evaluating Gene Therapy by Transplantation of Autologous CD34+ Stem Cells Transduced Ex Vivo With the LentiGlobin BB305 Lentiviral Vector in Subjects With Severe Sickle Cell Disease,2015-02-02,COMPLETED,INTERVENTIONAL,PHASE1|PHASE2,Genetix Biotherapeutics Inc.,lovo-cel,origin_nct
zynteglo,NCT03207009,A Study Evaluating the Efficacy and Safety of the LentiGlobin® BB305 Drug Product in Participants With Transfusion-Dependent β-Thalassemia,A Phase 3 Single Arm Study Evaluating the Efficacy and Safety of Gene Therapy in Subjects With Transfusion-dependent β-Thalassemia by Transplantation of Autologous CD34+ Stem Cells Transduced Ex Vivo With a Lentiviral βA-T87Q-Globin Vector in Subjects ≤50 Years of Age,2017-06-08,COMPLETED,INTERVENTIONAL,PHASE3,Genetix Biotherapeutics Inc.,LentiGlobin BB305 Drug Product,search
zynteglo,NCT02151526,A Study Evaluating the Safety and Efficacy of LentiGlobin BB305 Drug Product in β-Thalassemia Major (Also Referred to as Transfusion-dependent β-Thalassemia [TDT]) and Sickle Cell Disease,A Phase 1/2 Open Label Study Evaluating the Safety and Efficacy of Gene Therapy of the β-Hemoglobinopathies (Sickle Cell Anemia and β-Thalassemia Major) by Transplantation of Autologous CD34+ Stem Cells Transduced Ex Vivo With a Lentiviral β-A-T87Q Globin Vector (LentiGlobin BB305 Drug Product),2013-06-07,COMPLETED,INTERVENTIONAL,PHASE1|PHASE2,Genetix Biotherapeutics Inc.,LentiGlobin BB305 Drug Product,search
zynteglo,NCT02140554,A Study Evaluating the Safety and Efficacy of Lovo-cel in Severe Sickle Cell Disease,A Phase 1/2 Study Evaluating Gene Therapy by Transplantation of Autologous CD34+ Stem Cells Transduced Ex Vivo With the LentiGlobin BB305 Lentiviral Vector in Subjects With Severe Sickle Cell Disease,2015-02-02,COMPLETED,INTERVENTIONAL,PHASE1|PHASE2,Genetix Biotherapeutics Inc.,lovo-cel,search
zynteglo,NCT04293185,A Study Evaluating Gene Therapy With BB305 Lentiviral Vector in Sickle Cell Disease,A Phase 3 Study Evaluating Gene Therapy by Transplantation of Autologous CD34+ Stem Cells Transduced Ex Vivo With the BB305 Lentiviral Vector in Subjects With Sickle Cell Disease,2020-02-14,ACTIVE_NOT_RECRUITING,INTERVENTIONAL,PHASE3,Genetix Biotherapeutics Inc.,bb1111,search
zynteglo,NCT02906202,"A Study Evaluating the Efficacy and Safety of the LentiGlobin® BB305 Drug Product in Participants With Transfusion-Dependent β-Thalassemia, Who do Not Have a β0/β0 Genotype","A Phase 3 Single Arm Study Evaluating the Efficacy and Safety of Gene Therapy in Subjects With Transfusion-dependent β-Thalassemia, Who do Not Have a β0/β0 Genotype, by Transplantation of Autologous CD34+ Stem Cells Transduced Ex Vivo With a Lentiviral βA-T87Q-Globin Vector in Subjects ≤50 Years of Age",2016-08-08,COMPLETED,INTERVENTIONAL,PHASE3,Genetix Biotherapeutics Inc.,LentiGlobin BB305 Drug Product,search
zynteglo,NCT01745120,A Study Evaluating the Safety and Efficacy of the LentiGlobin BB305 Drug Product in β-Thalassemia Major Participants,A Phase 1/2 Open Label Study Evaluating the Safety and Efficacy of Gene Therapy in Subjects With β-Thalassemia Major by Transplantation of Autologous CD34+ Cells Transduced Ex Vivo With a Lentiviral βA-T87Q-Globin Vector (LentiGlobin® BB305 Drug Product),2013-08,COMPLETED,INTERVENTIONAL,PHASE1|PHASE2,Genetix Biotherapeutics Inc.,LentiGlobin BB305 Drug Product,search
zynteglo,NCT01745120,A Study Evaluating the Safety and Efficacy of the LentiGlobin BB305 Drug Product in β-Thalassemia Major Participants,A Phase 1/2 Open Label Study Evaluating the Safety and Efficacy of Gene Therapy in Subjects With β-Thalassemia Major by Transplantation of Autologous CD34+ Cells Transduced Ex Vivo With a Lentiviral βA-T87Q-Globin Vector (LentiGlobin® BB305 Drug Product),2013-08,COMPLETED,INTERVENTIONAL,PHASE1|PHASE2,Genetix Biotherapeutics Inc.,LentiGlobin BB305 Drug Product,origin_nct
skysona,NCT03852498,A Clinical Study to Assess the Efficacy and Safety of Gene Therapy for the Treatment of Cerebral Adrenoleukodystrophy (CALD),A Phase 3 Study of Lenti-D Drug Product After Myeloablative Conditioning Using Busulfan and Fludarabine in Subjects ≤17 Years of Age With Cerebral Adrenoleukodystrophy (CALD),2019-01-24,COMPLETED,INTERVENTIONAL,PHASE3,Genetix Biotherapeutics Inc.,Lenti-D,search
skysona,NCT01896102,A Study of the Efficacy and Safety of Hematopoietic Stem Cells Transduced With Lenti-D Lentiviral Vector for the Treatment of Cerebral Adrenoleukodystrophy (CALD),A Phase 2/3 Study of the Efficacy and Safety of Hematopoietic Stem Cells Transduced With Lenti-D Lentiviral Vector for the Treatment of Cerebral Adrenoleukodystrophy (CALD),2013-08-21,COMPLETED,INTERVENTIONAL,PHASE2|PHASE3,Genetix Biotherapeutics Inc.,Lenti-D Drug Product (eli-cel),search
skysona,NCT01896102,A Study of the Efficacy and Safety of Hematopoietic Stem Cells Transduced With Lenti-D Lentiviral Vector for the Treatment of Cerebral Adrenoleukodystrophy (CALD),A Phase 2/3 Study of the Efficacy and Safety of Hematopoietic Stem Cells Transduced With Lenti-D Lentiviral Vector for the Treatment of Cerebral Adrenoleukodystrophy (CALD),2013-08-21,COMPLETED,INTERVENTIONAL,PHASE2|PHASE3,Genetix Biotherapeutics Inc.,Lenti-D Drug Product (eli-cel),origin_nct
lenmeldy,NCT04283227,OTL-200 in Patients With Late Juvenile Metachromatic Leukodystrophy (MLD),"An Open Label, Non-randomized Trial to Evaluate the Safety and Efficacy of a Single Infusion of OTL-200 in Patients With Late Juvenile (LJ) Metachromatic Leukodystrophy (MLD).",2022-01-17,ACTIVE_NOT_RECRUITING,INTERVENTIONAL,PHASE3,Orchard Therapeutics,OTL-200,search
lenmeldy,NCT03392987,A Safety and Efficacy Study of Cryopreserved OTL-200 for Treatment of Metachromatic Leukodystrophy (MLD),"A Single Arm, Open Label, Clinical Study of Cryopreserved Autologous CD34+ Cells Transduced With Lentiviral Vector Containing Human ARSA cDNA (OTL-200), for the Treatment of Early Onset Metachromatic Leukodystrophy (MLD)",2018-01-25,COMPLETED,INTERVENTIONAL,PHASE2,Orchard Therapeutics,OTL-200,search
lenmeldy,NCT01560182,Gene Therapy for Metachromatic Leukodystrophy (MLD),A Phase I/II Clinical Trial of Hematopoietic Stem Cell Gene Therapy for the Treatment of Metachromatic Leukodystrophy,2010-04-09,COMPLETED,INTERVENTIONAL,PHASE1|PHASE2,Orchard Therapeutics,OTL-200 Gene Therapy,search
lenmeldy,NCT01560182,Gene Therapy for Metachromatic Leukodystrophy (MLD),A Phase I/II Clinical Trial of Hematopoietic Stem Cell Gene Therapy for the Treatment of Metachromatic Leukodystrophy,2010-04-09,COMPLETED,INTERVENTIONAL,PHASE1|PHASE2,Orchard Therapeutics,OTL-200 Gene Therapy,origin_nct
kebilidi,NCT02852213,"A Single-Stage, Adaptive, Open-label, Dose Escalation Safety and Efficacy Study of AADC Deficiency in Pediatric Patients","SIngle-Stage, Open-Label, Safety and Efficacy Study of Adeno-Associated Virus Encoding Human Aromatic L-Amino Acid Decarboxylase by Magnetic Resonance MR-guided Infusion Into Midbrain in Pediatric Patients With AADC Deficiency",2016-07-01,RECRUITING,INTERVENTIONAL,PHASE1,Krzysztof Bankiewicz,AAV2-hAADC,search
kebilidi,NCT02926066,A Clinical Trial for Treatment of Aromatic L-amino Acid Decarboxylase (AADC) Deficiency Using AAV2-hAADC - An Expansion,A Clinical Trial for Treatment of Aromatic L-amino Acid Decarboxylase (AADC) Deficiency Using AAV2-hAADC - An Expansion (NTUH-AADC-011),2016-11-09,COMPLETED,INTERVENTIONAL,PHASE2,National Taiwan University Hospital,AAV2-hAADC,search
kebilidi,NCT01395641,A Phase I/II Clinical Trial for Treatment of Aromatic L-amino Acid Decarboxylase (AADC) Deficiency Using AAV2-hAADC,A Phase I/II Clinical Trial for Treatment of Aromatic L-amino Acid Decarboxylase (AADC) Deficiency Using AAV2-hAADC,2014-10-22,COMPLETED,INTERVENTIONAL,PHASE1|PHASE2,National Taiwan University Hospital,gene therapy,search
kebilidi,NCT07267065,AAV2-hAADC for Parkinson's Disease (PDCS-01),An Open-label Safety and Efficacy Study of AAV2-hAADC Administered by MRI-Guided Convective Infusion Using a Transfrontal Trajectory Into the Putamen and Caudate of Participants With Young Onset Parkinson's Disease,2026-08-01,NOT_YET_RECRUITING,INTERVENTIONAL,PHASE1,Krzysztof Bankiewicz,AAV2-hAADC,search
kebilidi,NCT04903288,A Study of SmartFlow Magnetic Resonance (MR) Compatible Ventricular Cannula for Administering Eladocagene Exuparvovec to Pediatric Participants,An Open-Label Trial to Address the Safety of the SmartFlow MR-Compatible Ventricular Cannula for Administering Eladocagene Exuparvovec to Pediatric Subjects,2021-05-12,ACTIVE_NOT_RECRUITING,INTERVENTIONAL,PHASE2,PTC Therapeutics,Eladocagene Exuparvovec,search
kebilidi,NCT01395641,A Phase I/II Clinical Trial for Treatment of Aromatic L-amino Acid Decarboxylase (AADC) Deficiency Using AAV2-hAADC,A Phase I/II Clinical Trial for Treatment of Aromatic L-amino Acid Decarboxylase (AADC) Deficiency Using AAV2-hAADC,2014-10-22,COMPLETED,INTERVENTIONAL,PHASE1|PHASE2,National Taiwan University Hospital,gene therapy,origin_nct
elevidys,NCT05881408,A Gene Transfer Therapy Study to Evaluate the Safety and Efficacy of Delandistrogene Moxeparvovec (SRP-9001) in Non-Ambulatory and Ambulatory Participants With Duchenne Muscular Dystrophy (DMD),"A Phase 3, Multinational, Randomized, Double-Blind, Placebo-Controlled Systemic Gene Transfer Therapy Study to Evaluate the Safety and Efficacy of SRP- 9001 in Non-Ambulatory and Ambulatory Subjects With Duchenne Muscular Dystrophy (ENVISION)",2023-05-31,ACTIVE_NOT_RECRUITING,INTERVENTIONAL,PHASE3,"Sarepta Therapeutics, Inc.",delandistrogene moxeparvovec|placebo,search
elevidys,NCT06241950,A Gene Transfer Therapy Study to Evaluate the Safety and Efficacy of Delandistrogene Moxeparvovec (SRP-9001) Following Imlifidase Infusion in Participants With Duchenne Muscular Dystrophy (DMD) Determined to Have Pre-existing Antibodies to Recombinant Adeno-Associated Virus Serotype (rAAVrh74),"An Open-Label, Systemic Gene Delivery Study to Evaluate the Safety, Tolerability and Expression of SRP-9001 in Association With Imlifidase in Subjects With Duchenne Muscular Dystrophy With Pre-existing Antibodies to rAAVrh74",2024-01-29,TERMINATED,INTERVENTIONAL,PHASE1,"Sarepta Therapeutics, Inc.",delandistrogene moxeparvovec|imlifidase,search
elevidys,NCT06597656,A Gene Transfer Therapy to Evaluate the Safety and Efficacy of Delandistrogene Moxeparvovec (SRP-9001) Following Therapeutic Plasma Exchange (Plasmapheresis) in Participants With Duchenne Muscular Dystrophy (DMD) and Pre-existing Antibodies to AAVrh74,"An Open-Label, Systemic Gene Delivery Study to Evaluate the Safety, Tolerability and Expression of Delandistrogene Moxeparvovec Following Plasmapheresis in Subjects With Duchenne Muscular Dystrophy and Pre-existing Antibodies to AAVrh74",2024-09-18,TERMINATED,INTERVENTIONAL,PHASE1,"Sarepta Therapeutics, Inc.",delandistrogene moxeparvovec|Plasmapheresis,search
elevidys,NCT03769116,"A Randomized, Double-blind, Placebo-controlled Study of Delandistrogene Moxeparvovec (SRP-9001) for Duchenne Muscular Dystrophy (DMD)","A Multicenter, Randomized, Double-Blind, Placebo-Controlled Trial for Duchenne Muscular Dystrophy Using SRP-9001",2018-12-05,COMPLETED,INTERVENTIONAL,PHASE1|PHASE2,"Sarepta Therapeutics, Inc.",delandistrogene moxeparvovec|placebo,search
elevidys,NCT05967351,A Long-term Follow-up Study of Participants Who Received Delandistrogene Moxeparvovec (SRP-9001) in a Previous Clinical Study,"A Phase 3, Multinational, Long-term Follow-up Study to Evaluate Safety and Efficacy in Subjects Who Have Previously Received SRP-9001 in a Clinical Study",2023-09-27,ENROLLING_BY_INVITATION,INTERVENTIONAL,PHASE3,"Sarepta Therapeutics, Inc.",delandistrogene moxeparvovec,search
elevidys,NCT04626674,A Gene Transfer Therapy Study to Evaluate the Safety of and Expression From Delandistrogene Moxeparvovec (SRP-9001) in Participants With Duchenne Muscular Dystrophy (DMD) - Non-Ambulatory Cohort,"An Open-Label, Systemic Gene Delivery Study Using Commercial Process Material to Evaluate the Safety of and Expression From SRP-9001 in Subjects With Duchenne Muscular Dystrophy (ENDEAVOR)",2020-11-23,RECRUITING,INTERVENTIONAL,PHASE1,"Sarepta Therapeutics, Inc.",delandistrogene moxeparvovec,search
elevidys,NCT03375164,A Gene Transfer Therapy Study to Evaluate the Safety of Delandistrogene Moxeparvovec (SRP-9001) in Participants With Duchenne Muscular Dystrophy (DMD),Systemic Gene Delivery Phase I/IIa Clinical Trial for Duchenne Muscular Dystrophy Using rAAVrh74.MHCK7.Micro-dystrophin (microDys-IV-001),2018-01-04,COMPLETED,INTERVENTIONAL,PHASE1|PHASE2,"Sarepta Therapeutics, Inc.",delandistrogene moxeparvovec,search
elevidys,NCT06128564,A Gene Delivery Study to Evaluate the Safety and Expression of Delandistrogene Moxeparvovec in Participants Under the Age of Four With Duchenne Muscular Dystrophy (DMD),"A Two-Part, Open-Label Systemic Gene Delivery Study to Evaluate the Safety and Expression of RO7494222 (SRP-9001) in Subjects Under the Age of Four With Duchenne Muscular Dystrophy",2023-11-29,ACTIVE_NOT_RECRUITING,INTERVENTIONAL,PHASE2,Hoffmann-La Roche,delandistrogene moxeparvovec,search
elevidys,NCT05096221,A Gene Transfer Therapy Study to Evaluate the Safety and Efficacy of Delandistrogene Moxeparvovec (SRP-9001) in Participants With Duchenne Muscular Dystrophy (DMD),"A Phase 3 Multinational, Randomized, Double-Blind, Placebo-Controlled Systemic Gene Delivery Study to Evaluate the Safety and Efficacy of SRP-9001 in Subjects With Duchenne Muscular Dystrophy (EMBARK)",2021-10-27,COMPLETED,INTERVENTIONAL,PHASE3,"Sarepta Therapeutics, Inc.",delandistrogene moxeparvovec|placebo,search
elevidys,NCT03375164,A Gene Transfer Therapy Study to Evaluate the Safety of Delandistrogene Moxeparvovec (SRP-9001) in Participants With Duchenne Muscular Dystrophy (DMD),Systemic Gene Delivery Phase I/IIa Clinical Trial for Duchenne Muscular Dystrophy Using rAAVrh74.MHCK7.Micro-dystrophin (microDys-IV-001),2018-01-04,COMPLETED,INTERVENTIONAL,PHASE1|PHASE2,"Sarepta Therapeutics, Inc.",delandistrogene moxeparvovec,origin_nct
vyjuvek,NCT04491604,Ph 3 Efficacy and Safety of B-VEC for the Treatment of DEB,"A Phase III Efficacy and Safety Study of Beremagene Geperpavec (B-VEC, Previously ""KB103"") for the Treatment of Dystrophic Epidermolysis Bullosa (DEB)",2020-08-17,COMPLETED,INTERVENTIONAL,PHASE3,"Krystal Biotech, Inc.",Topical Beremagene Geperpavec|Placebo,search
vyjuvek,NCT03536143,"A Phase I/II Study of KB103, a Topical HSV1-COL7, on DEB Patients","A Phase I/II Study of KB103, a Non-Integrating, Replication-Incompetent HSV Vector Expressing the Human Collagen VII Protein, for the Treatment of Dystrophic Epidermolysis Bullosa (DEB)",2018-05-06,COMPLETED,INTERVENTIONAL,PHASE1|PHASE2,"Krystal Biotech, Inc.",Topical beremagene geperpavec|Placebo gel,search
vyjuvek,NCT06731933,Impact of COL7A1 Gene Therapy on SCC Recurrence in RDEB Skin,Impact of Collagen VII Gene Therapy on Squamous Cell Carcinoma Recurrence in Recessive Dystrophic Epidermolysis Bullosa Skin,2025-03-28,RECRUITING,INTERVENTIONAL,PHASE2,Stanford University,BVEC,search
vyjuvek,NCT04917874,A Long-term Treatment With B-VEC for Dystrophic Epidermolysis Bullosa,Open Label Treatment of Beremagene Geperpavec (B-VEC),2021-05-25,COMPLETED,INTERVENTIONAL,PHASE3,"Krystal Biotech, Inc.",Open Label Topical Beremagene Geperpavec (B-VEC),search
zevaskyn,NCT05725018,A Phase 3b Study for the Treatment of Dystrophic Epidermolysis Bullosa (DEB) in New and Previously EB-101 Treated Patients,A Phase 3b Study for the Treatment of Dystrophic Epidermolysis Bullosa (DEB) in New and Previously EB-101 Treated Patients,2023-04-02,ACTIVE_NOT_RECRUITING,INTERVENTIONAL,PHASE3,"Abeona Therapeutics, Inc",EB-101 Surgical application of RDEB wounds,search
zevaskyn,NCT07717736,Phase 4 Master Protocol for Patients Prescribed Prademagene Zamikeracel for the Treatment of Wounds,Phase 4 Master Protocol for Patients Prescribed Prademagene Zamikeracel for the Treatment of Wounds,2026-11,NOT_YET_RECRUITING,INTERVENTIONAL,PHASE4,"Abeona Therapeutics, Inc",Non-conforming pz-cel surgical application to RDEB wounds|Additional biopsies|Pz-cel surgical application to DEB wounds,search
zevaskyn,NCT04227106,"Phase 3, Open-label Clinical Trial of EB-101 for the Treatment of Recessive Dystrophic Epidermolysis Bullosa (RDEB)",VIITAL: A Phase 3 Study of EB-101 for the Treatment of Recessive Dystrophic Epidermolysis Bullosa (RDEB),2020-01-10,COMPLETED,INTERVENTIONAL,PHASE3,"Abeona Therapeutics, Inc",EB-101,search
zevaskyn,NCT01263379,Gene Transfer for Recessive Dystrophic Epidermolysis Bullosa,A Phase 1/2A Single Center Trial of Gene Transfer for Recessive Dystrophic Epidermolysis Bullosa (RDEB) Using the Drug LZRSE-Col7A1 Engineered Autologous Epidermal Sheets (LEAES),2010-10-05,COMPLETED,INTERVENTIONAL,PHASE1|PHASE2,"Abeona Therapeutics, Inc",LZRSE-Col7A1 Engineered Autologous Epidermal Sheets,origin_nct
papzimeos,NCT07756840,Combination Bevacizumab and PRGN-2012 in Adults With Recurrent Respiratory Papillomatosis (RRP),A Phase II Study of Combination Bevacizumab and PRGN-2012 in Adults With Recurrent Respiratory Papillomatosis (RRP),2026-09-09,NOT_YET_RECRUITING,INTERVENTIONAL,PHASE2,National Cancer Institute (NCI),PRGN-2012|Bevacizumab,search
papzimeos,NCT04724980,Adjuvant PRGN-2012 in Adult Patients With Recurrent Respiratory Papillomatosis,A Phase 1/2 Study of Adjuvant PRGN-2012 in Adult Patients With Recurrent Respiratory Papillomatosis,2021-03-16,ACTIVE_NOT_RECRUITING,INTERVENTIONAL,PHASE1|PHASE2,"Precigen, Inc",PRGN-2012 - Phase I; Dose Level 1|PRGN-2012 - Phase I; Dose Level 2|PRGN-2012 - Phase II; Dose Level 2,search
papzimeos,NCT06538480,Zopa Retreatment and Vector Shedding in Adults With RRP,Open-Label Study of Zopapogene Imadenovec Retreatment and Vector Shedding Evaluation in Adult Patients With Recurrent Respiratory Papillomatosis,2024-07-11,RECRUITING,INTERVENTIONAL,PHASE4,"Precigen, Inc",Zopapogene imadenovec (Zopa),search
adstiladrin,NCT00299962,Gene Therapy for Pleural Malignancies,"A Phase I Clinical Trial of Repeated Dose Intrapleural Adenoviral-Mediated Interferon-beta (BG00001, Ad.hIFN-β for Pleural Malignancies",2006-03,COMPLETED,INTERVENTIONAL,PHASE1,University of Pennsylvania,Adenoviral-mediated Interferon-beta|SCH 721015,search
adstiladrin,NCT02773849,"ADSTILADRIN (=INSTILADRIN) in Patients With High-Grade, Bacillus Calmette-Guerin (BCG) Unresponsive Non-Muscle Invasive Bladder Cancer (NMIBC)","A Phase III, Open Label Study to Evaluate the Safety and Efficacy of INSTILADRIN® (rAd-IFN)/Syn3) Administered Intravesically to Patients With High-Grade, BCG Unresponsive Non-Muscle Invasive Bladder Cancer (NMIBC)",2016-09-19,COMPLETED,INTERVENTIONAL,PHASE3,Ferring Pharmaceuticals,ADSTILADRIN,search
adstiladrin,NCT06929286,A Study Comparing Standard Treatments in People With Non-Muscle Invasive Bladder Cancer (NMIBC),COMparative Prospective Assessment Through Clinically Integrated Randomized Trials Evaluating Intravesical Treatments: The COMPARE IT Trial,2025-04-11,RECRUITING,INTERVENTIONAL,PHASE3,Memorial Sloan Kettering Cancer Center,Nadofaragene Firadenovec|Gemcitabine|Docetaxel,search
adstiladrin,NCT01212367,Intrapleural Gene Transfer for Pleural Mesothelioma,"A Pilot Study of Repeated Dose Intrapleural Adenoviral-Mediated Interferon-Alpha (SCH 721015, Ad.hIFN-a2b) Gene Transfer for Malignant Pleural Mesothelioma",2009-02,COMPLETED,INTERVENTIONAL,PHASE1,Abramson Cancer Center at Penn Medicine,SCH 721015|SCH 721015,search
adstiladrin,NCT06390111,A Trial to Evaluate Efficacy of Reinduction With Nadofaragene Firadenovec in Subjects With CIS ± High-grade Ta/T1 and no Complete Response to First Nadofaragene Firadenovec Dose.,"A Phase 4, Multi-center, Open Label Trial to Evaluate Efficacy of Reinduction With Nadofaragene Firadenovec in Subjects With CIS ± High-grade Ta/T1 and no Complete Response to First Nadofaragene Firadenovec Dose.",2024-06-17,WITHDRAWN,INTERVENTIONAL,PHASE4,Ferring Pharmaceuticals,nadofaragene firadenovec,search
adstiladrin,NCT01119664,Combination Gene Transfer and Chemotherapy,A Pilot And Feasibility Trial Evaluating Two Different Chemotherapy Regimens In Combination With Intrapleural Adenoviral-Mediated Interferon-Alpha Gene Transfer For Malignant Pleural Mesothelioma,2010-04-27,COMPLETED,INTERVENTIONAL,PHASE1,Abramson Cancer Center at Penn Medicine,SCH 721015,search
adstiladrin,NCT06510374,Trial of Nadofaragene Firadenovec vs. Observation in Participants With Intermediate Risk Non-Muscle Invasive Bladder Cancer,"A Phase 3b, Randomized, Controlled Trial of Nadofaragene Firadenovec vs. Observation in Participants With Intermediate Risk Non-Muscle Invasive Bladder Cancer",2024-10-01,RECRUITING,INTERVENTIONAL,PHASE3,Ferring Pharmaceuticals,Nadofaragene Firadenovec,search
adstiladrin,NCT06545955,A Trial to Evaluate Intravesical Nadofaragene Firadenovec Alone or in Combination With Chemotherapy or Immunotherapy in Participants With High-grade BCG Unresponsive Non-muscle Invasive Bladder Cancer,"A Phase 3, Randomised, Multi-center, Open Label Trial to Evaluate the Safety and Efficacy of Intravesical Nadofaragene Firadenovec Alone or in Combination With Chemotherapy or Immunotherapy in Participants With High-grade Bacillus Calmette-Guerin Therapy (BCG) Unresponsive Non-muscle Invasive Bladder Cancer (NMIBC)",2024-10-01,RECRUITING,INTERVENTIONAL,PHASE3,Ferring Pharmaceuticals,Nadofaragene Firadenovec|Gemcitabine|Docetaxel|Pembrolizumab,search
adstiladrin,NCT07332351,"Neoadjuvant Intravesical Nadofaragene Firadenovec With Gemcitabine, Cisplatin and Durvalumab for the Treatment of Muscle Invasive Bladder Cancer, TRIFECTA Trial",Intravesical Nadofaragene Firadenovec With Neoadjuvant Chemotherapy and Durvalumab in Patients With Muscle Invasive Bladder Cancer (TRIFECTA),2026-09-01,NOT_YET_RECRUITING,INTERVENTIONAL,PHASE2,University of Washington,Nadofaragene Firadenovec|Durvalumab|Gemcitabine|Cisplatin|Radical Cystectomy|Biospecimen Collection|Computed Tomography|Positron Emission Tomography|Magnetic Resonance Imaging,search
adstiladrin,NCT01687244,Intravesical Administration of rAd-IFN/Syn3 in Patients With BCG-Refractory or Relapsed Bladder Cancer,"A Phase 2, Randomized, Open Label, Parallel Arm Study to Evaluate the Safety and Efficacy of rAd-IFN/Syn3 Following Intravesical Administration in Subjects With High Grade, BCG Refractory or Relapsed Superficial Bladder Cancer",2012-09,COMPLETED,INTERVENTIONAL,PHASE2,FKD Therapies Oy,INSTILADRIN,search
adstiladrin,NCT01162785,1B Intravesical Administration of SCH 721015 (Ad-IFNa) in Admixture With SCH 209702 (Syn3) for The Treatment of BCG Refractory Superficial Bladder Cancer,Phase 1B Intravesical Administration of SCH 721015 (Ad-IFNa) in Admixture With SCH 209702 (Syn3) for The Treatment of BCG Refractory Superficial Bladder Cancer,2011-04,COMPLETED,INTERVENTIONAL,PHASE1,M.D. Anderson Cancer Center,SCH 721015,search
adstiladrin,NCT00536588,A Safety and Tolerability Study of SCH 721015 in Patients With Transitional Cell Carcinoma of the Bladder (Study P03816),A Phase 1 Study of the Safety and Tolerability of Intravesical Administration of SCH 721015 in Patients With Transitional Cell Carcinoma of the Bladder,2006-09,COMPLETED,INTERVENTIONAL,PHASE1,Merck Sharp & Dohme LLC,SCH 721015 with SCH 209702,search
adstiladrin,NCT06668493,Low-grade UTUC Treated With Nadofaragene Firadenovec Administered to Renal Pelvis,"A Phase 1/2, Single-arm, Open-Label Trial to Evaluate the Safety and Efficacy of Nadofaragene Firadenovec Instilled to the Renal Pelvis in Adult Subjects With Low-grade Upper Tract Urothelial Carcinoma (LG-UTUC)",2025-06-12,RECRUITING,INTERVENTIONAL,PHASE1|PHASE2,Ferring Pharmaceuticals,Nadofaragene Firadenovec,search
adstiladrin,NCT03710876,Efficacy & Safety of rAd-IFN Administered With Celecoxib & Gemcitabine in Patients With Malignant Pleural Mesothelioma,"A Phase 3, Open-Label, Randomized, Parallel Group Study to Evaluate the Efficacy and Safety of Intrapleural Administration of Adenovirus-Delivered Interferon Alpha-2b (rAd-IFN) in Combination With Celecoxib and Gemcitabine in Patients With Malignant Pleural Mesothelioma",2019-01-21,COMPLETED,INTERVENTIONAL,PHASE3,Ferring Ventures Limited,rAd-IFN|Celecoxib Oral Product|Gemcitabine,search
adstiladrin,NCT01162785,1B Intravesical Administration of SCH 721015 (Ad-IFNa) in Admixture With SCH 209702 (Syn3) for The Treatment of BCG Refractory Superficial Bladder Cancer,Phase 1B Intravesical Administration of SCH 721015 (Ad-IFNa) in Admixture With SCH 209702 (Syn3) for The Treatment of BCG Refractory Superficial Bladder Cancer,2011-04,COMPLETED,INTERVENTIONAL,PHASE1,M.D. Anderson Cancer Center,SCH 721015,origin_nct
imlygic,NCT03842943,Neoadjuvant Combination Immunotherapy for Stage III Melanoma,Neoadjuvant Combination Immunotherapy for Stage III Melanoma,2019-07-03,RECRUITING,INTERVENTIONAL,PHASE2,University of Louisville,Pembrolizumab|Talimogene Laherparepvec,search
imlygic,NCT04068181,Talimogene Laherparepvec With Pembrolizumab in Melanoma Following Progression on Prior Anti-PD-1 Based Therapy (MASTERKEY-115) (Mk-3475-A07/KEYNOTE-A07).,Phase 2 Study of Talimogene Laherparepvec in Combination With Pembrolizumab in Subjects With Unresectable/Metastatic Stage IIIB-IVM1d Melanoma Who Have Progressed on Prior Anti PD-1 Based Therapy,2020-01-22,COMPLETED,INTERVENTIONAL,PHASE2,Amgen,Talimogene laherparepvec|Pembrolizumab,search
imlygic,NCT04330430,Neo-adjuvant T-VEC + Nivolumab Combination Therapy for Resectable Early Metastatic (stage IIIB/C/D-IV M1a) Melanoma with Injectable Disease,Neo-adjuvant T-VEC + Nivolumab Combination Therapy for Resectable Early Metastatic (stage IIIB/C/D-IV M1a) Melanoma with Injectable Disease,2020-09-08,COMPLETED,INTERVENTIONAL,PHASE2,The Netherlands Cancer Institute,T-VEC,search
imlygic,NCT03069378,A Study of Talimogene Laherparepvec (T-VEC) in Combination With Pembrolizumab in Patients With Metastatic and/or Locally Advanced Sarcoma,A Phase II Study of Talimogene Laherparepvec (T-VEC) Administered Concurrently With the Anti-PD1 Monoclonal Antibody Pembrolizumab in Patients With Metastatic and/or Locally Advanced Sarcoma,2017-03-03,ACTIVE_NOT_RECRUITING,INTERVENTIONAL,PHASE2,Memorial Sloan Kettering Cancer Center,Talimogene Laherparepvec (T-VEC)|Pembrolizumab,search
imlygic,NCT02509507,Trial to Evaluate the Safety of Talimogene Laherparepvec Injected Into Tumors Alone and in Combination With Systemic Pembrolizumab MK-3475-611/Keynote-611,"A Phase 1b/2, Multicenter, Open-label, Basket Trial to Evaluate the Safety of Talimogene Laherparepvec Injected Into Liver Tumors Alone and in Combination With Systemic Pembrolizumab in Phase 1b and to Evaluate the Efficacy and Safety of Intratumoral Talimogene Laherparepvec in Combination With Systemic Pembrolizumab to Treat Subjects With Advanced Solid Tumors in Phase 2 (MASTERKEY-318)",2016-02-05,COMPLETED,INTERVENTIONAL,PHASE1|PHASE2,Amgen,Talimogene Laherparepvec|Pembrolizumab,search
imlygic,NCT03802604,Combination of Talimogene Laherparepvec With Atezolizumab in Early Breast Cancer,Combination of Talimogene Laherparepvec With Atezolizumab in Patients With Residual Breast Cancer After Standard Neoadjuvant Multi-agent Chemotherapy (PROMETEO TRIAL),2018-12-10,COMPLETED,INTERVENTIONAL,EARLY_PHASE1,SOLTI Breast Cancer Research Group,Talimogene laherparepvec|Atezolizumab,search
imlygic,NCT02965716,Talimogene Laherparepvec and Pembrolizumab in Treating Patients With Stage III-IV Melanoma,A Phase II Study of Combining Talimogene Laherparepvec (T-VEC) (NSC-785349) and MK-3475 (Pembrolizumab) (NSC-776864) in Patients With Advanced Melanoma Who Have Progressed on Anti-PD1/L1 Based Therapy,2018-06-05,ACTIVE_NOT_RECRUITING,INTERVENTIONAL,PHASE2,National Cancer Institute (NCI),Pembrolizumab|Talimogene Laherparepvec,search
imlygic,NCT03747744,Intratumoral Injection of Autologous CD1c (BDCA-1)+ Myeloid Dendritic Cells Plus Talimogene Laherparepvec (T-VEC),Phase I Clinical Trial on Intratumoral Injection of Autologous CD1c (BDCA-1)+ Myeloid Dendritic Cells Plus Talimogene Laherparepvec (T-VEC),2018-09-28,UNKNOWN,INTERVENTIONAL,PHASE1,Universitair Ziekenhuis Brussel,CD1c (BDCA-1)+ myDC,search
imlygic,NCT03086642,Study of Talimogene Laherparepvec (T-VEC) in Pancreatic Cancer,Study of Talimogene Laherparepvec Administered Endoscopically for the Treatment of Locally Advanced or Metastatic Pancreas Cancer Refractory to at Least One Chemotherapy Regimen,2017-11-16,COMPLETED,INTERVENTIONAL,PHASE1,"Karie D. Runcie, MD",Talimogene laherparepvec,search
imlygic,NCT02658812,Talimogene Laherparepvec in Treating Patients With Recurrent Breast Cancer That Cannot Be Removed by Surgery,A Phase II Study Using Talimogene Laherparepvec for Inflammatory Breast Cancer (IBC) or Non-IBC Patients With Inoperable Local Recurrence,2016-08-01,TERMINATED,INTERVENTIONAL,PHASE2,M.D. Anderson Cancer Center,Laboratory Biomarker Analysis|Talimogene Laherparepvec,search
imlygic,NCT04427306,Neoadjuvant T-VEC in High Risk Early Melanoma,Biomarker Analysis of Neoadjuvant Intralesional Therapy in High Risk Early Melanoma,2020-05-21,SUSPENDED,INTERVENTIONAL,PHASE2,"University of California, Davis",T-Vec,search
imlygic,NCT01161498,Study of Safety and Efficacy of Talimogene Laherparepvec With Cisplatin and Radiotherapy for Treatment of Locally Advanced Head and Neck Cancer,A Phase 3 Randomized Trial of Concurrent Cisplatin & Radiotherapy With Or Without ONCOVEX^GM-CSF In Previously Untreated Patients With Locally Advanced Squamous Cell Carcinoma Of The Head And Neck,2011-02,TERMINATED,INTERVENTIONAL,PHASE3,BioVex Limited,Talimogene Laherparepvec|Radiation|Cisplatin,search
imlygic,NCT02014441,Single-arm Trial to Evaluate the Biodistribution and Shedding of Talimogene Laherparepvec,"A Phase 2, Multicenter, Single-arm Trial to Evaluate the Biodistribution and Shedding of Talimogene Laherparepvec in Subjects With Unresected, Stage IIIB to IVM1c Melanoma",2014-04-07,COMPLETED,INTERVENTIONAL,PHASE2,Amgen,Talimogene laherparepvec,search
imlygic,NCT06660810,Neoadjuvant Intralesional Injection of Talimogene Laherparepvec,Neoadjuvant Intralesional Injection of Talimogene Laherparepvec With Concurrent Preoperative Radiation in Patients With Locally Advanced Soft Tissue Sarcomas,2025-03-03,ACTIVE_NOT_RECRUITING,INTERVENTIONAL,PHASE2,John Rieth,Talimogene Laherparepvec|Neoadjuvant Radiation|Surgery,search
imlygic,NCT03597009,A Study of Nivolumab and Intrapleural Talimogene Laherparepvec for Malignant Pleural Effusion,A Phase Ib/II Study of IV Nivolumab and Intrapleural Talimogene Laherparepvec for Patients With Malignant Pleural Effusion,2019-03-06,TERMINATED,INTERVENTIONAL,PHASE1|PHASE2,UNC Lineberger Comprehensive Cancer Center,Talimogene laherparepvec (TVEC)|Nivolumab,search
imlygic,NCT03300544,"Talimogene Laherparepvec, Chemotherapy, and Radiation Therapy Before Surgery in Treating Patients With Locally Advanced or Metastatic Rectal Cancer",A Phase I Study of Talimogene Laherparepvec (Talimogene Laherparepvec) With Neoadjuvant Chemotherapy and Radiation in Adenocarcinoma of the Rectum,2019-05-14,TERMINATED,INTERVENTIONAL,PHASE1,National Cancer Institute (NCI),Capecitabine|Fluorouracil|Leucovorin|Oxaliplatin|Radiation Therapy|Talimogene Laherparepvec,search
imlygic,NCT02626000,Talimogene Laherparepvec With Pembrolizumab for Recurrent Metastatic Squamous Cell Carcinoma of the Head and Neck (MASTERKEY232 / KEYNOTE-137),"A Phase 1b/3 Multicenter, Randomized, Trial of Talimogene Laherparepvec in Combination With Pembrolizumab for the Treatment of Subjects With Recurrent or Metastatic Squamous Cell Carcinoma of the Head and Neck",2016-04-06,COMPLETED,INTERVENTIONAL,PHASE1,Amgen,Talimogene Laherparepvec|Pembrolizumab,search
imlygic,NCT01740297,Ipilimumab With or Without Talimogene Laherparepvec in Unresected Melanoma,"Phase 1b/2, Multicenter, Open-label Trial to Evaluate the Safety and Efficacy of Talimogene Laherparepvec and Ipilimumab Compared to Ipilimumab Alone in Subjects With Unresected, Stage IIIB-IV Melanoma",2013-02-07,COMPLETED,INTERVENTIONAL,PHASE1|PHASE2,Amgen,Talimogene laherparepvec|Ipilimumab,search
imlygic,NCT01368276,An Extended Use Study of Safety and Efficacy of Talimogene Laherparepvec in Melanoma,An Extension Protocol to Evaluate the Efficacy and Safety of Extended Use Treatment With OncoVEX^GM-CSF for Eligible Melanoma Patients Participating in Study 005/05,2010-10,COMPLETED,INTERVENTIONAL,PHASE3,BioVex Limited,Talimogene Laherparepvec|Granulocyte Macrophage Colony-Stimulating Factor (GM-CSF),search
imlygic,NCT03663712,Talimogene Laherparepvec for the Treatment of Peritoneal Surface Malignancies,A Phase I Trial of Talimogene Laherparepvec for the Treatment of Peritoneal Surface Malignancies,2019-05-23,COMPLETED,INTERVENTIONAL,PHASE1,"Dan Blazer III, M.D.",Talimogene Laherparepvec,search
imlygic,NCT02574260,An Extension Protocol for the Extended Use of Talimogene Laherparepvec for Eligible Patients Who Participated in Study 002/03 (NCT00289016),"Phase 2 Extension Protocol for Extended Use of OncoVEX^GM-CSF for Eligible Patients Participating in Study 002/03: Study of the Efficacy, Safety and Immunogenicity of OncoVEX^GM-CSF in Patients With Stage IIIc and Stage IV Malignant Melanoma",2008-08,COMPLETED,INTERVENTIONAL,PHASE2,BioVex Limited,Talimogene Laherparepvec,search
imlygic,NCT03256344,Study of Talimogene Laherparepvec With Atezolizumab for Triple Negative Breast Cancer and Colorectal Cancer With Liver Metastases,A Phase 1b Study of Talimogene Laherparepvec in Combination With Atezolizumab in Subjects With Triple Negative Breast Cancer and Colorectal Cancer With Liver Metastases,2018-03-19,COMPLETED,INTERVENTIONAL,PHASE1,Amgen,Talimogene Laherparepvec|Atezolizumab,search
imlygic,NCT02211131,Efficacy and Safety of Talimogene Laherparepvec Neoadjuvant Treatment Plus Surgery Versus Surgery Alone for Melanoma,"A Phase 2, Multicenter, Randomized, Open-label Trial Assessing the Efficacy and Safety of Talimogene Laherparepvec Neoadjuvant Treatment Plus Surgery Versus Surgery Alone for Resectable, Stage IIIB to IVM1a Melanoma",2015-02-03,COMPLETED,INTERVENTIONAL,PHASE2,Amgen,Talimogene Laherparepvec|Immediate surgical resection of melanoma lesion(s),search
imlygic,NCT03886311,"Talimogene Laherparepvec, Nivolumab and Trabectedin for Sarcoma","The TNT Protocol: A Phase 2 Study Using Talimogene Laherparepvec,Nivolumab and Trabectedin as First, Second/Third Line Therapy for Advanced Sarcoma, Including Desmoid Tumor and Chordoma",2019-05-15,RECRUITING,INTERVENTIONAL,PHASE2,"Sarcoma Oncology Research Center, LLC",Talimogene Laherparepvec 100000000 PFU/1 ML Injection Suspension [IMLYGIC]|Nivolumab IV Soln 100 MG/10ML|Trabectedin 0.25 MG/1 VIAL Intravenous Powder for Solution,search
imlygic,NCT03714828,Study of TVEC in Patients With Cutaneous Squamous Cell Cancer,A Single Arm Phase 2 Study of Talimogene Laherparepvec in Patients With Cutaneous Squamous Cell Cancer,2018-12-20,COMPLETED,INTERVENTIONAL,PHASE2,University of Arizona,Injection of TVEC into target lesions - week 1-2|Injection of TVEC into target lesions 3wks after 1st injection|Injection of TVEC into target lesions 2wks after 2nd injection|Injection of TVEC into target lesions 2wks after 3rd injection,search
imlygic,NCT02819843,"A Study of T-VEC (Talimogene Laherparepvec) With or Without Radiotherapy for Melanoma, Merkel Cell Carcinoma, or Other Solid Tumors","A Phase II Randomized Trial of Intralesional Talimogene Laherparepvec (TALIMOGENE LAHERPAREPVEC) With or Without Radiotherapy for Cutaneous Melanoma, Merkel Cell Carcinoma, or Other Solid Tumors",2016-06-21,COMPLETED,INTERVENTIONAL,PHASE2,Memorial Sloan Kettering Cancer Center,TALIMOGENE LAHERPAREPVEC (TVEC)|Hypofractionated Radiotherapy,search
imlygic,NCT03555032,TITAN (Tumoural Injection of T-VEC and Isolated Limb Perfusion),A Phase I/II Study of the Safety and Efficacy of Talimogene Laherparepvec (T-VEC) Delivered by Intra-tumoural Injection in Combination With Isolated Limb Perfusion With Melphalan and Tumour Necrosis Factor-α in Patients With Advanced Extremity Tumours Including Metastatic Melanoma,2018-06-26,COMPLETED,INTERVENTIONAL,PHASE1|PHASE2,Royal Marsden NHS Foundation Trust,Talimogene laherparepvec (T-VEC),search
imlygic,NCT02366195,Single-arm Trial to Evaluate the Role of the Immune Response to Talimogene Laherparepvec in Unresected Melanoma,"A Phase 2, Multicenter, Open-label, Single-arm Trial to Evaluate the Correlation Between Objective Response Rate and Baseline Intratumoral CD8+ Cell Density in Subjects With Unresected Stage IIIB to IVM1c Melanoma Treated With Talimogene Laherparepvec",2015-04-07,COMPLETED,INTERVENTIONAL,PHASE2,Amgen,Talimogene Laherparepvec,search
imlygic,NCT03554044,T-VEC With Chemotherapy or Endocrine Therapy in Treating Participants With HER2- Negative Breast Cancer,"A Phase 1b Study of Talimogene Laherparepvec (T-VEC) in Combination With Chemotherapy or Endocrine Therapy in Patients With Metastatic, Unresectable, or Locoregionally Recurrent HER2-negative Breast Cancer",2020-02-05,COMPLETED,INTERVENTIONAL,PHASE1,"University of California, San Francisco",Anastrozole|Exemestane|Fulvestrant|Letrozole|Paclitaxel|Talimogene Laherparepvec|Tamoxifen|Nab paclitaxel|Gemcitabine|Carboplatin,search
imlygic,NCT03430687,Talimogene Laherparepvec in Treating Patients With Non-Muscle Invasive Bladder Transitional Cell Carcinoma,A Phase I Study of Intravesical Talimogene Laherparepvec for Non-Muscle Invasive Transitional Cell Carcinoma,2018-06-01,WITHDRAWN,INTERVENTIONAL,PHASE1,"University of California, San Francisco",Laboratory Biomarker Analysis|Talimogene Laherparepvec,search
imlygic,NCT02756845,Study of Talimogene Laherparepvec In Children With Advanced Non CNS Tumors,"A Phase 1, Multi-center, Open-label, Dose De-escalation Study to Evaluate the Safety and Efficacy of Talimogene Laherparepvec in Pediatric Subjects With Advanced Non Central Nervous System Tumors That Are Amenable to Direct Injection",2017-08-16,COMPLETED,INTERVENTIONAL,PHASE1,Amgen,Talimogene Laherparepvec,search
imlygic,NCT04599062,TVEC and Preop Radiation for Sarcoma (8 ml Dose),Neoadjuvant Intralesional Injection of Talimogene Laherparepvec With Concurrent Preoperative Radiation in Patients With Locally Advanced Soft Tissue Sarcomas,2020-09-10,ACTIVE_NOT_RECRUITING,INTERVENTIONAL,PHASE1|PHASE2,John Rieth,Talimogene Laherparepvec|Radiotherapy,search
imlygic,NCT02779855,Talimogene Laherparepvec in Combination With Neoadjuvant Chemotherapy in Triple Negative Breast Cancer,A Phase 1/2 Study of Talimogene Laherparepvec in Combination With Neoadjuvant Chemotherapy in Triple Negative Breast Cancer,2017-05-02,COMPLETED,INTERVENTIONAL,PHASE1|PHASE2,H. Lee Moffitt Cancer Center and Research Institute,Talimogene laherparepvec|Paclitaxel,search
imlygic,NCT02923778,Talimogene Laherparepvec and Radiation Therapy in Treating Patients With Newly Diagnosed Soft Tissue Sarcoma That Can Be Removed by Surgery,A Phase 2 Study of Talimogene Laherparepvec (T-VEC) and Radiation in Localized Soft Tissue Sarcoma,2019-12-31,ACTIVE_NOT_RECRUITING,INTERVENTIONAL,PHASE2,National Cancer Institute (NCI),Biopsy Procedure|Biospecimen Collection|Magnetic Resonance Imaging|Radiation Therapy|Talimogene Laherparepvec,search
imlygic,NCT02978625,Talimogene Laherparepvec and Nivolumab in Treating Patients With Refractory Lymphomas or Advanced or Refractory Non-melanoma Skin Cancers,"A Phase II Study of Talimogene Laherparepvec Followed by Talimogene Laherparepvec + Nivolumab in Refractory T Cell and NK Cell Lymphomas, Cutaneous Squamous Cell Carcinoma, Merkel Cell Carcinoma, and Other Rare Skin Tumors",2017-09-27,ACTIVE_NOT_RECRUITING,INTERVENTIONAL,PHASE2,National Cancer Institute (NCI),Biopsy Procedure|Biospecimen Collection|Computed Tomography|Laboratory Biomarker Analysis|Nivolumab|Positron Emission Mammography|Talimogene Laherparepvec,search
imlygic,NCT04185311,"Ipilimumab, Nivolumab, and Talimogene Laherparepvec Before Surgery in Treating Participants With Localized, Triple-Negative or Estrogen Receptor Positive, HER2 Negative Breast Cancer-deleted","A Phase 1 Study of Ipilumumab, Nivolumab and Talimogene Laherparepvec Preoperative Treatment of Localized Breast Cancer-deleted",2019-07-10,TERMINATED,INTERVENTIONAL,PHASE1,Jonsson Comprehensive Cancer Center,Ipilimumab|Nivolumab|Talimogene Laherparepvec,search
imlygic,NCT00289016,A Study of Talimogene Laherparepvec in Stage IIIc and Stage IV Malignant Melanoma,"A Phase II Study of the Efficacy, Safety and Immunogenicity of OncoVEX^GM-CSF in Patients With Stage IIIc and Stage IV Malignant Melanoma",2005-12,COMPLETED,INTERVENTIONAL,PHASE2,BioVex Limited,Talimogene Laherparepvec,search
imlygic,NCT04163952,Talimogene Laherparepvec and Panitumumab for the Treatment of Locally Advanced or Metastatic Squamous Cell Carcinoma of the Skin,A Phase 1 Study of Talimogene Laherparepvec and Panitumumab in Patients With Locally Advanced Squamous Cell Carcinoma of the Skin (SCCS),2020-01-31,TERMINATED,INTERVENTIONAL,PHASE1,"Rutgers, The State University of New Jersey",Panitumumab|Talimogene Laherparepvec,search
imlygic,NCT03064763,Study to Evaluate the Safety/ Efficacy of T-VEC in Japanese Subjects With Unresectable Stage IIIB-IV Malignant Melanoma,"A Phase 1, Multi-center, Open-Label, Dose De-escalation Study to Evaluate the Safety and Efficacy of Talimogene Laherparepvec in Japanese Subjects With Unresectable Stage IIIB-IV Malignant Melanoma",2017-03-07,COMPLETED,INTERVENTIONAL,PHASE1,Amgen,Talimogene laherparepvec,search
imlygic,NCT03921073,Study of T-VEC in Locally Advanced Cutaneous Angiosarcoma,A Phase II Study of Talimogene Laherparepvec (T-VEC) in the Treatment of Locally Advanced Cutaneous Angiosarcoma,2019-08-20,TERMINATED,INTERVENTIONAL,PHASE2,H. Lee Moffitt Cancer Center and Research Institute,T-VEC,search
imlygic,NCT03972046,Neoadjuvant Use of Talimogene Laherparepvec and BRAF/MEK Inhibitor for Advanced Nodal BRAF Mutant Melanoma,Neoadjuvant Use of Talimogene Laherparepvec and BRAF/MEK Inhibitor for Advanced Nodal BRAF Mutant Melanoma: A Pilot Study,2019-06-24,WITHDRAWN,INTERVENTIONAL,PHASE2,TriHealth Inc.,Talimogene laherparepvec (T-Vec)|Dabrafenib (BRAF Inhibitor)|Trametinib (MEK Inhibitor),search
imlygic,NCT02263508,Pembrolizumab With Talimogene Laherparepvec or Placebo in Unresected Melanoma,"A Phase 1b/3, Multicenter, Trial of Talimogene Laherparepvec in Combination With Pembrolizumab (MK-3475) for Treatment of Unresectable Stage IIIB to IVM1c Melanoma (MASTERKEY-265)",2014-12-08,TERMINATED,INTERVENTIONAL,PHASE3,Amgen,Talimogene Laherparepvec|Pembrolizumab|Placebo,search
imlygic,NCT02890368,Trial of Intratumoral Injections of TTI-621 in Subjects With Relapsed and Refractory Solid Tumors and Mycosis Fungoides,A Phase 1 Dose Escalation Trial of Intratumoral Injections of TTI-621 in Subjects With Relapsed and Refractory Percutaneously-Accessible Solid Tumors and Mycosis Fungoides,2016-09,TERMINATED,INTERVENTIONAL,PHASE1,Pfizer,TTI-621 Monotherapy|TTI-621 + PD-1/PD-L1 Inhibitor|TTI-621 + pegylated interferon-α2a|TTI-621 + T-Vec|TTI-621 + radiation,search
imlygic,NCT02288897,PV-10 vs Chemotherapy or Oncolytic Viral Therapy for Treatment of Locally Advanced Cutaneous Melanoma,PV-10 Intralesional Injection vs Systemic Chemotherapy or Oncolytic Viral Therapy for Treatment of Locally Advanced Cutaneous Melanoma,2015-04,TERMINATED,INTERVENTIONAL,PHASE3,"Provectus Biopharmaceuticals, Inc.","PV-10 (10% rose bengal disodium)|Dacarbazine, temozolomide or talimogene laherparepvec",search
imlygic,NCT00402025,Talimogene Laherparepvec in Patients With Unresectable Pancreatic Cancer,Targeted Delivery of OncoVEX^GM-CSF by Endoscopic Ultrasound (EUS)-Guided Fine Needle Injection (FNI) in Patients With Irresectable Pancreatic Cancer: A Pilot Multinational Experiment on Safety and Proof of Concept,2006-11,COMPLETED,INTERVENTIONAL,PHASE1,BioVex Limited,Talimogene Laherparepvec,search
imlygic,NCT03088176,Combining Talimogene Laherparepvec With BRAF and MEK Inhibitors in BRAF Mutated Advanced Melanoma,A Phase 1b Trial of Talimogene Laherparepvec in Combination With Dabrafenib and Trametinib in Advanced Melanoma With an Activating BRAF Mutation,2017-06-25,UNKNOWN,INTERVENTIONAL,PHASE1,West Cancer Center,"Talimogene Laherparepvec 1 Million Pfu/Ml Inj,Susp,1Ml,Vil|Talimogene Laherparep 100 Mil Pfu/Ml 1Ml|Dabrafenib|Trametinib",search
imlygic,NCT00769704,Efficacy and Safety Study of Talimogene Laherparepvec Compared to Granulocyte Macrophage Colony Stimulating Factor (GM-CSF) in Melanoma,"A Randomized Phase 3 Clinical Trial to Evaluate the Efficacy and Safety of Treatment With OncoVEX^GM-CSF Compared to Subcutaneously Administered GM-CSF in Melanoma Patients With Unresectable Stage IIIb, IIIc and IV Disease",2009-04,COMPLETED,INTERVENTIONAL,PHASE3,BioVex Limited,Talimogene laherparepvec|GM-CSF,search
imlygic,NCT04065152,Phase II Multicenter Study of Talimogene Laherparepvec in Classic or Endemic Kaposi Sarcoma,Phase II Multicenter Study of Talimogene Laherparepvec in Classic or Endemic Kaposi Sarcoma - KAPVEC,2021-01-01,UNKNOWN,INTERVENTIONAL,PHASE2,Assistance Publique - Hôpitaux de Paris,Talimogene laherparepvec,search
imlygic,NCT03458117,T-VEC in Non-melanoma Skin Cancer,"A Phase I, Open Label, Single Arm, Single Centre Study to Evaluate Mechanism of Action of Talimogene Laherparepvec (T-VEC) in Locally Advanced Non-melanoma Skin Cancer",2018-04-19,COMPLETED,INTERVENTIONAL,PHASE1,University of Zurich,Talimogene Laherparepvec (T-VEC),search
imlygic,NCT02453191,TVEC and Preop Radiation for Sarcoma (4 ml Dose),Neoadjuvant Intralesional Injection of Talimogene Laherparepvec With Concurrent Preoperative Radiation in Patients With Locally Advanced Soft Tissue Sarcomas,2015-07-13,COMPLETED,INTERVENTIONAL,PHASE1|PHASE2,University of Iowa,Talimogene Laherparepvec|Radiotherapy,search
tudriqev,NCT06898970,Intratumoral Vusolimogene Oderparepvec (VO) in Combination With Pembrolizumab for Angiosarcoma,"An Open-Label, Multicenter, Phase 2 Study With Safety Lead-In of Intratumoral Vusolimogene Oderparepvec (VO) in Combination With Pembrolizumab in Patients With Angiosarcoma",2026-01-09,RECRUITING,INTERVENTIONAL,PHASE2,"Varun Monga, MBBS",Vusolimogene Oderparepvec (VO)|Pembrolizumab,search
tudriqev,NCT06264180,VO and Nivolumab vs Physician's Choice in Advanced Melanoma That Progressed on Anti-PD-1 & Anti-CTLA-4 Drugs [IGNYTE-3],"Randomized, Ph3 Clinical Study Comparing Vusolimogene Oderparepvec in Combination With Nivolumab Vs Treatment of Physician's Choice in Patients With Advanced Melanoma That Progressed on Anti-PD-1 and Anti-CTLA-4 Containing Treatment [IGNYTE-3]",2024-07-11,RECRUITING,INTERVENTIONAL,PHASE3,"Replimune, Inc.",Vusolimogene Oderparepvec|Nivolumab|Nivolumab + Relatlimab|Pembrolizumab|Single-agent chemotherapy,search
tudriqev,NCT04349436,Study to Investigate the Efficacy and Safety of RP1 in Adult Patients With Organ Transplants and Advanced Skin Malignancies,"An Open-Label, Multicenter, Phase 1B/2 Study of RP1 in Solid Organ and Hematopoietic Cell Transplant Recipients With Advanced Cutaneous Malignancies (ARTACUS)",2020-05-15,ACTIVE_NOT_RECRUITING,INTERVENTIONAL,PHASE1|PHASE2,"Replimune, Inc.","RP1, intra-tumoral injection, oncolytic virus",search
tudriqev,NCT06067061,"""neoBREASTIM"": Atezolizumab Plus RP1 Oncolytic Immunotherapy in the NeoAdjuvant Setting of Triple-Negative Breast Cancer","""neoBREASTIM"": A Phase 2 Study of Atezolizumab Plus RP1 Oncolytic Immunotherapy in the NeoAdjuvant Setting of Triple-Negative Breast Cancer (TNBC)",2024-04-05,TERMINATED,INTERVENTIONAL,PHASE1|PHASE2,Institut Curie,Atezolizumab + RP1,search
tudriqev,NCT03767348,Study of RP1 Monotherapy and RP1 in Combination With Nivolumab (IGNYTE),"An Open-Label, Multicenter, Phase 1/2 Study of RP1 as a Single Agent and in Combination With PD1 Blockade in Patients With Solid Tumors [IGNYTE]",2017-09-20,ACTIVE_NOT_RECRUITING,INTERVENTIONAL,PHASE2,"Replimune, Inc.",RP1|nivolumab,search
tudriqev,NCT04050436,Study Evaluating Cemiplimab Alone and Combined With RP1 in Treating Advanced Squamous Skin Cancer,"A Randomized, Controlled, Open-Label, Phase 2 Study of Cemiplimab as a Single Agent and in Combination With RP1 in Patients With Advanced Cutaneous Squamous Cell Carcinoma",2019-10-08,ACTIVE_NOT_RECRUITING,INTERVENTIONAL,PHASE2,"Replimune, Inc.",Cemiplimab|RP1,search
tudriqev,NCT06216938,RP1 in Primary Melanoma to Reduce the Risk of Sentinel Lymph Node Metastasis,Phase I Pilot Study of RP1 in Primary Melanoma to Reduce the Risk of Sentinel Lymph Node Metastasis,2024-03-07,RECRUITING,INTERVENTIONAL,EARLY_PHASE1,Yana Najjar,Vusolimogene oderparepvec (RP1),search
tecelra,NCT03132922,MAGE-A4ᶜ¹º³²T for Multi-Tumor,"Phase 1 Dose Escalation, Multi-tumor Study to Assess the Safety, Tolerability and Antitumor Activity of Genetically Engineered MAGE-A4ᶜ¹º³²T in HLA-A2+ Subjects With MAGE-A4 Positive Tumors",2017-05-15,ACTIVE_NOT_RECRUITING,INTERVENTIONAL,PHASE1,"USWM CT, LLC",Autologous genetically modified MAGE-A4ᶜ¹º³²T cells|Autologous genetically modified MAGE-A4c1032T cells combined with low dose radiation,origin_nct
amtagvi,NCT07741877,A Study of Lifileucel (Tumor-infiltrating Lymphocytes) in Adults With Advanced Soft Tissue Sarcoma,"A Phase 2, Multicenter, Open-label Study of Lifileucel (Tumor-infiltrating Lymphocytes [TIL]) in Participants With Previously Treated Advanced Soft Tissue Sarcoma",2026-09-01,NOT_YET_RECRUITING,INTERVENTIONAL,PHASE2,"Iovance Biotherapeutics, Inc.",Lifileucel,search
amtagvi,NCT06566092,"Study of Autologous Tumor-Infiltrating Lymphocytes in Pediatric, Adolescent, and Young Adult Participants","A Phase 1, Multicenter, Open-label, 2-stage, Single-arm Study to Evaluate the Safety and Tolerability of an Autologous Tumor-infiltrating Lymphocytes (TIL) Regimen and Preliminary Antitumor Activity of TIL in Pediatric, Adolescent, and Young Adult Participants With Relapsed or Refractory Solid Tumors",2024-03-28,ACTIVE_NOT_RECRUITING,INTERVENTIONAL,PHASE1,"Iovance Biotherapeutics, Inc.",LN-145/LN-144,search
amtagvi,NCT07700121,PICSTAT Pilot Study for CD8 PET/CT-Guided Lifileucel Treatment in Advanced Melanoma,PICSTAT (PET Imaging of CD8 for Selection of Tumors for Autologous TIL): A Pilot Study Assessing the Use of CD8 PET/CT (Zr-89 Crefmirlimab Berdoxam) to Enhance Lifileucel (AMTAGVI) Efficacy in Patients With Treatment Refractory Stage IV Melanoma,2026-10-01,NOT_YET_RECRUITING,INTERVENTIONAL,EARLY_PHASE1,Abramson Cancer Center at Penn Medicine,Resection of PET (high) and PET (low) Tumors|Lifileucel Manufacturing Clinical v Research|Chemotherapy Regimen|Lifileucel Infusion|IL-2|CD8 PET,search
amtagvi,NCT06481592,A Study of Lifileucel (Tumor-infiltrating Lymphocytes) in Adults With Advanced Endometrial Cancer.,"A Phase 2, Multicenter, Open-label Study of Lifileucel (Tumor-infiltrating Lymphocytes [TIL]) in Participants With Previously Treated Advanced Endometrial Cancer.",2024-10-29,RECRUITING,INTERVENTIONAL,PHASE2,"Iovance Biotherapeutics, Inc.",Lifileucel,search
amtagvi,NCT06190249,Efficacy & Safety for LN144 With Pembrolizumab With High Risk Stage IIIb-dResectable Melanoma,A Phase I Study to Assess the Efficacy and Safety of Autologous Tumor Infiltrating Lymphocytes (LN144) With Adjuvant Pembrolizumab for Treatment of Immunotherapy Naïve Patients With High Risk Stage IIIb-dResectable Melanoma,2024-12-02,WITHDRAWN,INTERVENTIONAL,PHASE1,"James Isaacs, MD",LN-144|Cyclophosphamide|Mesna|Fludarabine|Interleukin-2 (IL-2)|Pembrolizumab,search
amtagvi,NCT05607095,"A Study of LN-144 or LN-145 in People With Advanced Uveal Melanoma, Undifferentiated Pleomorphic Sarcoma, Dedifferentiated Liposarcoma, or Angiosarcoma","A Pilot Trial of Autologous Tumor Infiltrating Lymphocytes (LN-144 or LN-145) for Patients With Advanced Uveal Melanoma, Undifferentiated Pleomorphic Sarcoma, Dedifferentiated Liposarcoma, or Angiosarcoma",2022-11-01,RECRUITING,INTERVENTIONAL,PHASE1,Memorial Sloan Kettering Cancer Center,Lifileucel (LN-144/LN-145),search
amtagvi,NCT05727904,Study to Investigate Lifileucel Regimen Plus Pembrolizumab Compared With Pembrolizumab Alone in Participants With Untreated Advanced Melanoma.,"A Phase 3, Multicenter, Randomized, Open-label, Parallel Group, Treatment Study to Assess the Efficacy and Safety of the Lifileucel (LN-144, Autologous Tumor Infiltrating Lymphocytes [TIL]) Regimen in Combination With Pembrolizumab Compared With Pembrolizumab Monotherapy in Participants With Untreated, Unresectable or Metastatic Melanoma",2023-03-30,RECRUITING,INTERVENTIONAL,PHASE3,"Iovance Biotherapeutics, Inc.",Lifileucel plus Pembrolizumab|Pembrolizumab with Optional Crossover Period,search
amtagvi,NCT07288203,A Study of Lifileucel (Tumor-infiltrating Lymphocytes) in Adults With Advanced Melanoma,"A Phase 2, Multicenter, Open-label Study of Lifileucel (Tumor-infiltrating Lymphocytes [TIL]) in Participants With Previously Treated Advanced Melanoma",2025-11-28,ACTIVE_NOT_RECRUITING,INTERVENTIONAL,PHASE2,"Iovance Biotherapeutics, Inc.",Lifileucel,search
amtagvi,NCT05176470,Neoadj Admin Autologous Tumor Infiltrating Lymphocytes & Pembrolizumab for Treatment of Adv Melanoma Patients,A Phase IB Study to Assess the Safety and Efficacy of Neoadjuvant Administration of Autologous Tumor Infiltrating Lymphocytes (LN144/Lifileucel) and Pembrolizumab for Treatment of Patients With Locally Advanced (Stage IIIB-D)/Metastatic (Stage IV) Melanoma,2022-07-01,ACTIVE_NOT_RECRUITING,INTERVENTIONAL,PHASE1,Richard Wu,Cyclophosphamide|Fludarabine|Lifileucel|Pembrolizumab|Therapeutic Conventional Surgery,search
amtagvi,NCT06151847,Lifileucel With Reduced Dose Fludarabine/Cyclophosphamide Lymphodepletion and Interleukin-2 for the Treatment of Patients With Unresectable or Metastatic Melanoma,Reduced Dose Fludarabine/Cyclophosphamide Lymphodepletion Before Tumor-Infiltrating Lymphocyte Therapy With Lifileucel in Metastatic Melanoma,2023-12-21,COMPLETED,INTERVENTIONAL,PHASE2,University of Kansas Medical Center,Biospecimen Collection|Cyclophosphamide|Echocardiography|Fludarabine|Interleukin-2|Lifileucel|Magnetic Resonance Imaging|Multigated Acquisition Scan|Tumor Resection,search
amtagvi,NCT02360579,"Study of Lifileucel (LN-144), Autologous Tumor Infiltrating Lymphocytes, in the Treatment of Patients With Metastatic Melanoma","A Phase 2, Multicenter Study to Assess the Efficacy and Safety of Autologous Tumor Infiltrating Lymphocytes (LN-144) for Treatment of Patients With Metastatic Melanoma",2015-09-24,COMPLETED,INTERVENTIONAL,PHASE2,"Iovance Biotherapeutics, Inc.",Lifileucel,search
amtagvi,NCT05640193,A Study of LN-144 in People With Metastatic Melanoma to the Brain,Pilot Trial of Lifileucel (LN-144) for Patients With Asymptomatic Melanoma Brain Metastases and Progression on Prior PD1 Therapy,2022-11-25,ACTIVE_NOT_RECRUITING,INTERVENTIONAL,PHASE1,Memorial Sloan Kettering Cancer Center,Lifileucel (LN-144),search
amtagvi,NCT06743126,"SUPRAME-ACTengine® IMA203 vs. Investigator's Choice of Treatment in Previously Treated, Unresectable or Metastatic Cutaneous Melanoma","A Prospective, Multicenter, Open-label, Randomized, Actively Controlled, Parallel-group Phase 3 Clinical Trial to Evaluate Efficacy, Safety, and Tolerability of IMA203 Versus Investigator's Choice of Treatment in Patients With Previously Treated, Unresectable or Metastatic Cutaneous Melanoma (ACTengine® IMA203-301)",2025-01-14,RECRUITING,INTERVENTIONAL,PHASE3,"Immatics US, Inc.",IMA203|nivolumab plus relatlimab|lifileucel|nivolumab|pembrolizumab|ipilimumab|Dacarbazine|temozolomide|paclitaxel|paclitaxel plus carboplatin|Albumin-Bound Paclitaxel,search
amtagvi,NCT06940739,A Study to Investigate the Safety and Efficacy of IOV-3001 in Adults With Advanced Melanoma Who Will Receive Lifileucel,"A Phase 1/2, Open-label Study of a Modified Interleukin-2 Fusion Protein (IOV-3001) in Participants With Previously Treated, Unresectable or Metastatic Melanoma Who Will Receive Lifileucel",2025-03-11,RECRUITING,INTERVENTIONAL,PHASE1|PHASE2,"Iovance Biotherapeutics, Inc.",IOV-3001,search
amtagvi,NCT03645928,Study of Autologous Tumor Infiltrating Lymphocytes in Patients With Solid Tumors,"A Phase 2, Multicenter Study of Autologous Tumor Infiltrating Lymphocytes (LN 144/LN-145/LN-145-S1) in Patients With Solid Tumors",2019-05-07,TERMINATED,INTERVENTIONAL,PHASE2,"Iovance Biotherapeutics, Inc.",Lifileucel|LN-145|Pembrolizumab|LN-145-S1|Ipilimumab|Nivolumab|Nivolumab-relatlimab|Cisplatin|Carboplatin|Paclitaxel|Nab paclitaxel|Pemetrexed,search
provenge,NCT01818986,Sipuleucel-T and Stereotactic Ablative Body Radiation (SABR) for Metastatic Castrate-resistant Prostate Cancer (mCRPC),Phase II Trial of Sipuleucel-T and Stereotactic Ablative Body Radiation (SABR) for Patients With Metastatic Castrate-resistant Prostate Cancer (mCRPC),2013-07-10,COMPLETED,INTERVENTIONAL,PHASE2,University of Texas Southwestern Medical Center,Sipuleucel-T|Stereotactic Ablative Body Radiation,search
provenge,NCT02793765,Docetaxel Followed by Provenge in Metastatic Prostate Cancer,Docetaxel Followed by Provenge in Castration-Resistant Prostate Cancer,2016-12,WITHDRAWN,INTERVENTIONAL,PHASE2,"The University of Texas Health Science Center, Houston",Docetaxel|Sipuleucel-T,search
provenge,NCT01174368,"Efficacy Trial of the Implantation of Mouse Renal Adenocarcinoma Macrobeads in Subjects With Castration-Resistant Prostate Cancer Resistant to Taxanes (Docetaxel, Cabazitaxel) and Evidence of Disease Progression on Androgen-axis Inhibition and/or Immunotherapy in the Form of Sipuleucel-T","An Open-Label, Phase II Efficacy Trial of the Implantation of Mouse Renal Adenocarcinoma Cell-Containing Agarose-Agarose Macrobeads in the Treatment of Subjects With Castration-Resistant Prostate Cancer Resistant to Taxanes (Docetaxel, Cabazitaxel) and Evidence of Disease Progression on Androgen-axis Inhibition and/or Immunotherapy in the Form of Sipuleucel-T",2010-06,COMPLETED,INTERVENTIONAL,PHASE2,The Rogosin Institute,Cancer Macrobead placement in abdominal cavity,search
provenge,NCT02159950,Sipuleucel-T With or Without Tasquinimod in Treating Patients With Metastatic Hormone-Resistant Prostate Cancer,A Phase II Randomized Open Label Study of Sipuleucel-T vs. Sipuleucel-T and Tasquinimod in Patients With Metastatic Castrate-Resistant Prostate Cancer (CRPC),2015-01,COMPLETED,INTERVENTIONAL,PHASE2,Roswell Park Cancer Institute,Laboratory Biomarker Analysis|Sipuleucel-T|Tasquinimod,search
provenge,NCT02042053,PET/MR Assessment of Sipuleucel T Treatment for Metastatic Castration Resistant Prostate Cancer,Multimodality Imaging Assessment of Sipuleucel T Treatment and in Vivo Immune Response of Metastatic Castration Resistant Prostate Cancer Patients,2014-01,TERMINATED,INTERVENTIONAL,NA,NYU Langone Health,PET/CT|PET/MRI,search
provenge,NCT01338012,Sipuleucel-T in Metastatic Castrate Resistant Prostate Cancer,An Open-Label Multicenter Study of Sipuleucel-T in Metastatic Castrate Resistant Prostate Cancer Patients Previously Treated With Sipuleucel-T on Dendreon Study P-11 (NCT00779402),2011-12,TERMINATED,INTERVENTIONAL,PHASE2,Dendreon,sipuleucel-T,search
provenge,NCT05751941,Study of Sipuleucel-T With or Without Continuing New Hormonal Agents in Metastatic Prostate Cancer,A Phase II Randomized Study of Sipuleucel-T With or Without Continuing New Hormonal Agents (NHA) in Metastatic Prostate Cancer With PSA Progression While on NHA and LHRH Analog,2023-02-14,ACTIVE_NOT_RECRUITING,INTERVENTIONAL,PHASE2,H. Lee Moffitt Cancer Center and Research Institute,Abiraterone|Enzalutamide|Apalutamide|Sipuleucel-T,search
provenge,NCT03024216,Clinical Study of Atezolizumab (Anti-PD-L1) and Sipuleucel-T in Patients With Asymptomatic or Minimally Symptomatic Metastatic Castrate Resistant Prostate Cancer,Phase Ib Study Assessing Different Sequencing Regimens of Atezolizumab (Anti-PD-L1) and Sipuleucel-T in Patients Who Have Asymptomatic or Minimally Symptomatic Metastatic Castrate Resistant Prostate Cancer,2017-02-06,COMPLETED,INTERVENTIONAL,PHASE1,University of Hawaii,Atezolizumab1200 mg IV|Sipuleucel-T,search
provenge,NCT01981122,A Study of Sipuleucel-T With Administration of Enzalutamide in Men With Metastatic Castrate-Resistant Prostate Cancer,"A Randomized, Open-label, Phase 2 Study of Sipuleucel-T With Concurrent Versus Sequential Administration of Enzalutamide in Men With Metastatic Castrate-Resistant Prostate Cancer",2013-09,COMPLETED,INTERVENTIONAL,PHASE2,Dendreon,sipuleucel-T|enzalutamide,search
provenge,NCT07219147,177^Lu-PSMA-617 in Combination With Sipuleucel-T for the Treatment of Metastatic Castration-Resistant Prostate Cancer,Pilot Study of ¹⁷⁷Lu-PSMA-617 in Combination With Sipuleucel-T in Patients With Metastatic Castration-Resistant Prostate Cancer,2026-03-06,RECRUITING,INTERVENTIONAL,PHASE1,City of Hope Medical Center,Biospecimen Collection|Bone Scan|Computed Tomography|Leukapheresis|Lutetium Lu 177 Vipivotide Tetraxetan|Magnetic Resonance Imaging|PSMA PET Scan|Sipuleucel-T,search
provenge,NCT00005947,Vaccine Therapy in Treating Patients With Metastatic Prostate Cancer That Has Not Responded to Hormone Therapy,"A Randomized, Double Blind, Placebo Controlled Trial of Immunotherapy With Autologous Antigen-Loaded Dendritic Cells (Provenge) for Asymptomatic Metastatic Hormome-Refractory Prostate Cancer",1999-11,COMPLETED,INTERVENTIONAL,PHASE3,Dendreon,sipuleucel-T|Placebo,search
provenge,NCT01706458,Provenge With or Without pTVG-HP DNA Booster Vaccine in Prostate Cancer,"Pilot Trial of Sipuleucel-T, With or Without pTVG-HP DNA Booster Vaccine, in Patients With Castrate-Resistant, Metastatic Prostate Cancer",2013-05-20,COMPLETED,INTERVENTIONAL,PHASE2,"University of Wisconsin, Madison",sipuleucel-T|DNA Vaccine,search
provenge,NCT01804465,Sipuleucel-T With Immediate vs. Delayed Cytotoxic T-Lymphocyte-Associated Protein 4 (CTLA-4) Blockade for Prostate Cancer,A Randomized Phase 2 Trial of Immediate vs. Delayed Anti-CTLA4 Blockade Following Sipuleucel-T Treatment for Prostate Cancer Immunotherapy,2014-04-22,COMPLETED,INTERVENTIONAL,PHASE2,"University of California, San Francisco",SipT Treatment|Ipilimumab,search
provenge,NCT05806814,Sipuleucel-T Based Autologous Cellular Immunotherapy for Advanced Prostate Cancer,Pilot Trial to Investigate Immune Response to an Extended Course of Sipuleucel-T Immunotherapy in Patients With Metastatic Castration-resistant Prostate Cancer (OU-SCC-EXCITE),2023-11-12,ACTIVE_NOT_RECRUITING,INTERVENTIONAL,PHASE1,University of Oklahoma,Sipuleucel-T,search
provenge,NCT00027599,APC8015 and Bevacizumab in Treating Patients With Prostate Cancer,A Phase II Study Of Prostatic Acid Phosphatase-Pulsed Dendritic Cells (Provenge) In Combination With Bevacizumab In Patients With Serologic Progression Of Prostate Cancer After Definitive Local Therapy,2001-12,COMPLETED,INTERVENTIONAL,PHASE2,National Cancer Institute (NCI),bevacizumab|prostatic acid phosphatase-sargramostim fusion protein|sipuleucel-T|therapeutic autologous dendritic cells|in vitro-treated peripheral blood stem cell transplantation,search
provenge,NCT01807065,Sipuleucel-T With or Without Radiation Therapy in Treating Patients With Hormone-Resistant Metastatic Prostate Cancer,Randomized Phase II Trial of Sipuleucel T Immunotherapy Preceded by Sensitizing Radiation Therapy and Sipuleucel-T Alone in Patients With Castrate Resistant Metastatic Prostate Cancer,2013-06-07,COMPLETED,INTERVENTIONAL,PHASE2,City of Hope Medical Center,sipuleucel-T|external beam radiation therapy|laboratory biomarker analysis,search
provenge,NCT00715104,Sipuleucel-T as Neoadjuvant Treatment in Prostate Cancer,"An Open Label, Phase 2 Trial of Immunotherapy With Sipuleucel-T (Provenge®) as Neoadjuvant Treatment in Men With Localized Prostate Cancer",2008-07,COMPLETED,INTERVENTIONAL,PHASE2,Dendreon,Sipuleucel-T with Booster|Sipuleucel-T without Booster,search
provenge,NCT01477749,Sipuleucel-T Manufacturing Demonstration Study,"An Open-Label Study Study of Sipuleucel-T in European Men With Metastatic, Castrate Resistant Prostate Cancer",2012-06,COMPLETED,INTERVENTIONAL,PHASE2,Dendreon,sipuleucel-T,search
provenge,NCT03686683,Open- Label Trial of Sipuleucel-T Administered to Active Surveillance Patients for Newly Diagnosed Prostate Cancer,"A Randomized Phase 3, Open-Label Trial of Sipuleucel-T Administered To Patients On Active Surveillance For Newly Diagnosed Prostate Cancer",2018-10-18,COMPLETED,INTERVENTIONAL,PHASE3,Dendreon,sipuleucel-T,search
provenge,NCT02036918,Dendreon Lymph Node Biopsy in Metastatic Castrate-Resistant Prostate Cancer,Evaluation of Lymph Node Metastases in Men Undergoing Treatment With Sipuleucel-T for Metastatic Castrate-resistant Prostate Cancer,2014-03,COMPLETED,INTERVENTIONAL,PHASE1,Duke University,Sipuleucel-T|Lymph Node Biopsy,search
provenge,NCT06100705,Sipuleucel-T Combined With Bipolar Androgen Therapy in Men With mCRPC,"A Single Arm Open-label, Phase II Study of Sipuleucel-T With Bipolar Androgen Therapy in Men With Metastatic Castration-resistant Prostate Cancer",2023-12-20,RECRUITING,INTERVENTIONAL,PHASE2,Yale University,Testosterone Cypionate|Sipuleucel-T,search
provenge,NCT00065442,Provenge® (Sipuleucel-T) Active Cellular Immunotherapy Treatment of Metastatic Prostate Cancer After Failing Hormone Therapy,"A Randomized, Double Blind, Placebo Controlled Phase 3 Trial of Immunotherapy With Autologous Antigen Presenting Cells Loading With PA2024 (Provenge(R), APC8015) in Men With Metastatic Androgen Independent Prostatic Adenocarcinoma",2003-07,COMPLETED,INTERVENTIONAL,PHASE3,Dendreon,Sipuleucel-T|APC-Placebo,search
provenge,NCT01833208,Radiation Therapy in Treating Patients With Metastatic Hormone-Resistant Prostate Cancer Receiving Sipuleucel-T,"Pilot: Impact of High-Dose, Single Fraction Radiation on Immunogenicity of Sipuleucel-T in Metastatic Castration Recurrent Prostate Cancer Patients",2013-07-03,COMPLETED,INTERVENTIONAL,NA,Roswell Park Cancer Institute,Laboratory Biomarker Analysis|Radiation Therapy,search
provenge,NCT02793219,Provenge Followed by Docetaxel in Castration-Resistant Prostate Cancer,Provenge Followed by Docetaxel in Castration-Resistant Prostate Cancer,2016-12,WITHDRAWN,INTERVENTIONAL,PHASE2,"The University of Texas Health Science Center, Houston",Sipuleucel-T|Docetaxel,search
provenge,NCT01133704,"Immunotherapy With APC8015 (Sipuleucel-T, Provenge) for Asymptomatic, Metastatic, Hormone-Refractory Prostate Cancer","A Randomized, Double Blind, Placebo Controlled Trial of Immunotherapy With Autologous Antigen-Loaded Dendritic Cells (Provenge®, APC8015) for Asymptomatic, Metastatic, Hormone-Refractory Prostate Cancer",2000-05,COMPLETED,INTERVENTIONAL,PHASE3,Dendreon,sipuleucel-T|APC-Placebo,search
provenge,NCT03329742,Sipuleucel-T and Low-protein Diet in Patients With Metastatic Castrate-resistant Prostate Cancer,A Pilot Feasibility Study of Sipuleucel-T vs. Sipuleucel-T and Low-protein Diet in Patients With Metastatic Castrate-resistant Prostate Cancer (CRPC),2017-12-19,COMPLETED,INTERVENTIONAL,NA,Indiana University,Low protein diet|Control protein diet,search
provenge,NCT07756593,Sipuleucel-T (Sip-T) in Combination With N-803 in Metastatic Androgen Pathway Modulation Resistant (mAPMR) Prostate Cancer,A Phase Ib Study Evaluating the Safety and Tolerability of Sipuleucel-T (Sip-T) in Combination With N-803 in Patients With Metastatic Androgen Pathway Modulation Resistant (mAPMR) Prostate Cancer,2026-11-30,NOT_YET_RECRUITING,INTERVENTIONAL,PHASE1,Washington University School of Medicine,Sipuleucel-T|N803,search
provenge,NCT02463799,Study of Sipuleucel-T W/ or W/O Radium-223 in Men With Asymptomatic or Minimally Symptomatic Bone-MCRPC,A Phase 2 Study of Sipuleucel-T With or Without Radium-223 in Men With Asymptomatic or Minimally Symptomatic Bone-Metastatic Castrate-Resistant Prostate Cancer,2016-02-22,COMPLETED,INTERVENTIONAL,PHASE2,Sidney Kimmel Comprehensive Cancer Center at Johns Hopkins,Radium-223|Sipuleucel-T,search
provenge,NCT01881867,CYT107 After Vaccine Treatment (Provenge®) in Patients With Metastatic Castration-Resistant Prostate Cancer,Phase 2 Study of Recombinant Glycosylated Human Interleukin-7 (CYT107) After Completion of Standard Therapy With Sipuleucel-T (Provenge®) in Pts w/ Asymptomatic or Minimally Symptomatic Metastatic Castration-Resistant Prostate Cancer(mCRPC),2013-09-10,COMPLETED,INTERVENTIONAL,PHASE2,Fred Hutchinson Cancer Center,Glycosylated Recombinant Human Interleukin-7|Laboratory Biomarker Analysis,search
provenge,NCT01560923,Phase II Study of Sipuleucel-T and Indoximod for Patients With Refractory Metastatic Prostate Cancer,"A Randomized, Double-Blind Phase II Study of Sipuleucel-T (Provenge®) Followed by Indoximod or Placebo in the Treatment of Patients With Asymptomatic or Minimally Symptomatic Metastatic Castration Resistant Prostate Cancer",2012-10-01,COMPLETED,INTERVENTIONAL,PHASE2,"Masonic Cancer Center, University of Minnesota",Indoximod|Sipuleucel-T|Placebo,search
provenge,NCT06134232,Metastatic Castrate-Resistant Prostate Cancer Subjects Treated With PROVENGE® + One Infusion of Sipuleucel-T,"An Open -Label, Multicenter Study of Subjects With Metastatic Castrate-Resistant Prostate Cancer Treated With PROVENGE ® and Boosted With A Single Infusion of Sipuleucel-T to Measure Immune Response",2023-10-02,RECRUITING,INTERVENTIONAL,PHASE2,Dendreon,Sipuleucel-T Injection,search
provenge,NCT01832870,Sipuleucel-T and Ipilimumab for Advanced Prostate Cancer,Phase 1 Study of Sipuleucel-T and Ipilimumab in Combination for Advanced Prostate Cancer,2013-04,COMPLETED,INTERVENTIONAL,PHASE1,"Prostate Oncology Specialists, Inc.",sipuleucel-T|ipilimumab,search
provenge,NCT01420965,"Sipuleucel-T, CT-011, and Cyclophosphamide for Advanced Prostate Cancer",A Pilot Study to Test the Feasibility and Immunologic Impact of Sipuleucel-T (Provenge) Administered With or Without Anti-PD-1 mAb (CT-011) and Low Dose Cyclophosphamide in Men With Advanced Castrate-Resistant Prostate Cancer,2012-09,TERMINATED,INTERVENTIONAL,PHASE2,Augusta University,CT-011 (Anti-PD1 Antibody)|Sipuleucel-T (Provenge)|Cyclophosphamide,search
provenge,NCT00901342,Open Label Study of Sipuleucel-T in Metastatic Prostate Cancer,An Open Label Study of Sipuleucel-T in Men With Metastatic Castrate Resistant Prostate Cancer,2009-10,COMPLETED,INTERVENTIONAL,PHASE2,Dendreon,sipuleucel-T,search
provenge,NCT01487863,Concurrent vs. Sequential Sipuleucel-T & Abiraterone Treatment in Men With Metastatic Castrate Resistant Prostate Cancer,"A Randomized, Open-label, Phase 2 Trial of Sipuleucel-T With Concurrent Versus Sequential Administration of Abiraterone Acetate Plus Prednisone in Men With Metastatic Castrate Resistant Prostate Cancer (mCRPC)",2011-12,COMPLETED,INTERVENTIONAL,PHASE2,Dendreon,sipuleucel-T|abiraterone acetate,search
provenge,NCT01431391,Sequencing of Sipuleucel-T and ADT in Men With Non-metastatic Prostate Cancer,"A Randomized, Open-Label, Phase 2 Trial Examining the Sequencing of Sipuleucel-T and Androgen Deprivation Therapy in Men With Non-metastatic Prostate Cancer and a Rising Serum Prostate Specific Antigen After Primary Therapy",2011-09,COMPLETED,INTERVENTIONAL,PHASE2,Dendreon,sipuleucel-T|leuprolide acetate,search
provenge,NCT00779402,PROvenge Treatment and Early Cancer Treatment,"Autologous PAP-loaded Dendritic Cell Vaccine (Sipuleucel-T, APC8015, Provenge®) in Patients With Non-metastatic Prostate Cancer Who Experience PSA Elevation Following Radical Prostatectomy: a Randomized, Controlled, Double-blind Trial",2001-10,COMPLETED,INTERVENTIONAL,PHASE3,Dendreon,Control|Sipuleucel-T,search
provenge,NCT00715078,To Evaluate Sipuleucel-T Manufactured With Different Concentrations of (PA2024) Antigen,"A Randomized, Multicenter, Single Blind Study in Men With Metastatic Androgen Independent Prostate Cancer to Evaluate Sipuleucel-T Manufactured With Different Concentrations of PA2024 Antigen",2008-10,COMPLETED,INTERVENTIONAL,PHASE2,Dendreon,sipuleucel-T,search
ryoncil,NCT02336230,"A Prospective Study of Remestemcel-L, Ex-vivo Cultured Adult Human Mesenchymal Stromal Cells, for the Treatment of Pediatric Participants Who Have Failed to Respond to Steroid Treatment for Acute Graft-Versus-Host Disease (aGVHD)","A Single-arm, Prospective Study of Remestemcel-L, Ex-vivo Culture-Expanded Adult Human Mesenchymal Stromal Cells, for the Treatment of Pediatric Patients Who Have Failed to Respond to Steroid Treatment for Acute GVHD",2015-06-04,COMPLETED,INTERVENTIONAL,PHASE3,"Mesoblast, Inc.",remestemcel-L,search
ryoncil,NCT00877903,Prochymal® (Human Adult Stem Cells) Intravenous Infusion Following Acute Myocardial Infarction (AMI),"A Phase II, Multi-center, Randomized, Double-blind, Placebo-controlled Study to Evaluate the Safety and Efficacy of PROCHYMAL® (Ex Vivo Cultured Adult Human Mesenchymal Stem Cells) Intravenous Infusion Following Acute Myocardial Infarction",2009-03-30,COMPLETED,INTERVENTIONAL,PHASE2,"Mesoblast, Inc.",Prochymal®|Placebo,search
ryoncil,NCT00562497,Efficacy and Safety of Prochymal® Infusion in Combination With Corticosteroids for the Treatment of Newly Diagnosed Acute Graft Versus Host Disease (GVHD),"A Phase III, Randomized, Double-Blind, Placebo-Controlled Study to Evaluate the Efficacy and Safety of Prochymal® Infusion in Combination With Corticosteroids for the Treatment of Newly Diagnosed Acute GVHD",2008-01-31,COMPLETED,INTERVENTIONAL,PHASE3,"Mesoblast, Inc.",Prochymal®|Placebo|Corticosteroid,search
ryoncil,NCT04371393,MSCs in COVID-19 ARDS,Mesenchymal Stromal Cells for the Treatment of Moderate to Severe COVID-19 Acute Respiratory Distress Syndrome,2020-04-30,TERMINATED,INTERVENTIONAL,PHASE3,Icahn School of Medicine at Mount Sinai,Remestemcel-L|Placebo,search
ryoncil,NCT00543374,Extended Evaluation of PROCHYMAL® Adult Human Stem Cells for Treatment-Resistant Moderate-to-Severe Crohn's Disease,"A Phase III, Multicenter, Placebo-controlled, Randomized, Double-blind Durability and Retreatment Study to Evaluate the Safety and Efficacy of PROCHYMAL® (ex Vivo Cultured Adult Human Mesenchymal Stem Cells) Intravenous Infusion for the Maintenance and Re-induction of Clinical Benefit and Remission in Subjects Experiencing Treatment-refractory Moderate-to-severe Crohn's Disease",2007-09-17,COMPLETED,INTERVENTIONAL,PHASE3,"Mesoblast, Inc.",Placebo|PROCHYMAL adult human mesenchymal stem cells,search
ryoncil,NCT01233960,Evaluation of PROCHYMAL® for Treatment-refractory Moderate-to-severe Crohn's Disease,"A Multicenter, Open-label Study to Evaluate the Safety of PROCHYMAL® (Remestemcel-L) Intravenous Infusion in Subjects Who Have Received Previous Remestemcel-L Induction Treatment for Treatment-refractory Moderate-to-severe Crohn's Disease",2010-11-29,COMPLETED,INTERVENTIONAL,PHASE3,"Mesoblast, Inc.",Prochymal®,search
ryoncil,NCT04543994,Study of Mesenchymal Stem Cells for the Treatment of Medically Refractory Ulcerative Colitis (UC),"A Phase IB/IIA Study of Remestemcel-L, an ex Vivo Culture-expanded Adult Allogeneic Bone Marrow Derived Mesenchymal Stem Cell Product, for the Treatment of Medically Refractory Ulcerative Colitis",2020-11-10,TERMINATED,INTERVENTIONAL,PHASE1|PHASE2,The Cleveland Clinic,Remestemcel-L|Remestemcel-L|Placebo,search
ryoncil,NCT00683722,PROCHYMAL™ (Human Adult Stem Cells) for the Treatment of Moderate to Severe Chronic Obstructive Pulmonary Disease (COPD),"A Phase II, Multicenter, Randomized, Double-blind, Placebo-controlled Study to Evaluate the Safety and Efficacy of PROCHYMAL™ (ex Vivo Cultured Adult Human Mesenchymal Stem Cells) Intravenous Infusion for the Treatment of Subjects With Moderate to Severe Chronic Obstructive Pulmonary Disease (COPD)",2008-03-20,COMPLETED,INTERVENTIONAL,PHASE2,"Mesoblast, Inc.",Prochymal™|Placebo,search
ryoncil,NCT00690066,PROCHYMAL® (Human Adult Stem Cells) for the Treatment of Recently Diagnosed Type 1 Diabetes Mellitus (T1DM),"A Phase II, Multicenter, Randomized, Double-Blind, Placebo-Controlled Study to Evaluate the Safety and Efficacy of PROCHYMAL® (Ex Vivo Cultured Adult Human Mesenchymal Stem Cells) for the Treatment of Recently Diagnosed Type 1 Diabetes Mellitus",2008-06-11,COMPLETED,INTERVENTIONAL,PHASE2,"Mesoblast, Inc.",PROCHYMAL®|Placebo,search
ryoncil,NCT00294112,Prochymal™ Adult Human Mesenchymal Stem Cells for Treatment of Moderate-to-severe Crohn's Disease,"A Phase II, Open-label, Randomized Study to Evaluate the Safety and Efficacy of PROCHYMAL™ IBD (ex Vivo Cultured Adult Human Mesenchymal Stem Cells) Intravenous Infusion for the Treatment of Subjects Experiencing Moderate-to-severe Crohn's Disease That is Refractory to Steroids and Immune Suppressants",2006-03-13,COMPLETED,INTERVENTIONAL,PHASE2,"Mesoblast, Inc.",Prochymal™ adult human mesenchymal stem cells|adult human mesenchymal stem cells,search
ryoncil,NCT00136903,Safety and Efficacy Study of Adult Human Mesenchymal Stem Cells to Treat Acute Graft Versus Host Disease (GVHD),"A Phase II, Randomized Study to Evaluate the Safety and Efficacy of Prochymal® (Ex-vivo Cultured Adult Human Mesenchymal Stem Cells) For the Treatment of Acute GVHD in Patients Who Receive Allogeneic Hematopoietic Stem Cell Transplantation",2005-04-27,COMPLETED,INTERVENTIONAL,PHASE2,"Mesoblast, Inc.",Prochymal® - 2 Million cells/kg|Prochymal®- 8 Million cells/kg|Methylprednisolone|Prednisone|Cyclosporine|Tacrolimus|Mycophenolate Mofetil,search
ryoncil,NCT00366145,Efficacy and Safety of Adult Human Mesenchymal Stem Cells to Treat Steroid Refractory Acute Graft Versus Host Disease (GVHD),"A Phase III, Randomized, Double Blind, Placebo-Controlled Study to Evaluate the Efficacy and Safety of Prochymal® (Ex-vivo Cultured Adult Human Mesenchymal Stem Cells) Infusion for the Treatment of Patients Who Have Failed to Respond to Steroid Treatment for Acute GVHD",2006-08-17,COMPLETED,INTERVENTIONAL,PHASE3,"Mesoblast, Inc.",Prochymal®|Placebo|Standard of Care for GVHD,search
ryoncil,NCT07568535,"A Randomized, Double-Blind, Placebo-Controlled, Multicenter Phase III Trial of Remestemcel-L-rknd Added to Ruxolitinib for Grade III-IV Steroid-Refractory Acute Graft-Versus-Host Disease","A Randomized, Double-Blind, Placebo-Controlled, Multicenter Phase III Trial of Remestemcel-L-rknd Added to Ruxolitinib for Grade III-IV Steroid-Refractory Acute Graft-Versus-Host Disease",2026-08-31,NOT_YET_RECRUITING,INTERVENTIONAL,PHASE3,"Mesoblast, Ltd.",Remestemcel-L-rknd|Placebo,search
ryoncil,NCT02652130,Safety Follow-up of Treatment With Remestemcel-L in Pediatric Participants Who Have Failed to Respond to Steroid Treatment for Acute GVHD,Safety Follow-up Through 180 Days of Treatment With Remestemcel-L in Study MSB-GVHD001 in Pediatric Patients Who Have Failed to Respond to Steroid Treatment for Acute GVHD,2015-10-28,COMPLETED,INTERVENTIONAL,PHASE3,"Mesoblast, Inc.",Remestemcel-L,search
ryoncil,NCT00482092,Evaluation of PROCHYMAL® Adult Human Stem Cells for Treatment-resistant Moderate-to-severe Crohn's Disease,"A Phase III, Multicenter, Placebo-controlled, Randomized, Double-blind Study to Evaluate the Safety and Efficacy of PROCHYMAL® (ex Vivo Cultured Adult Human Mesenchymal Stem Cells) Intravenous Infusion for the Induction of Remission in Subjects Experiencing Treatment-refractory Moderate-to-severe Crohn's Disease",2007-09-17,COMPLETED,INTERVENTIONAL,PHASE3,"Mesoblast, Inc.",Prochymal®|Placebo,search
ryoncil,NCT00284986,Safety and Efficacy of Prochymal for the Salvage of Treatment-Refractory Acute GVHD Participants,A Phase II Open Label Study to Evaluate the Safety and Efficacy of Prochymal (Ex-vivo Cultured Adult Human Mesenchymal Stem Cells) Infusion for the Salvage of Treatment-Refractory Acute GVHD Patients,2005-11-18,COMPLETED,INTERVENTIONAL,PHASE2,"Mesoblast, Inc.",Prochymal,search
ryoncil,NCT04548583,Study of Mesenchymal Stem Cells for the Treatment of Medically Refractory Crohn's Colitis,"A Phase IB/IIA Study of Remestemcel-L, an Ex-vivo Culture-expanded Adult Allogeneic Bone Marrow Derived Mesenchymal Stem Cell Product for the Treatment of Medically Refractory Crohn's Colitis",2020-11-04,TERMINATED,INTERVENTIONAL,PHASE1|PHASE2,The Cleveland Clinic,Remestemcel-L|Remestemcel-L|Placebo,search
omisirge,NCT02730299,"Stem Cell Transplantation With NiCord® (Omidubicel) vs Standard UCB in Patients With Leukemia, Lymphoma, and MDS","A Multicenter, Randomized, Phase III Registration Trial of Transplantation of NiCord®, Ex Vivo Expanded, UCB-derived, Stem and Progenitor Cells, vs. Unmanipulated UCB for Patients With Hematological Malignancies",2016-12-16,COMPLETED,INTERVENTIONAL,PHASE3,Gamida Cell ltd,NiCord® (omidubicel)|Cord Blood Unit,search
omisirge,NCT04260698,"Expanded Access of Omidubicel, for Allogeneic Transplantation in Patients With Hematological Malignancies","An Open Label Expanded Access Study of Omidubicel, for Allogeneic Transplantation in Patients With Hematological Malignancies",2020-07-08,COMPLETED,INTERVENTIONAL,PHASE3,Gamida Cell ltd,omidubicel,search
omisirge,NCT01590628,"Allogeneic SCT of NiCord®, UCB-Derived Ex Vivo Expanded Stem and Progenitor Cells, in Patients With Hemoglobinopathies","Allogeneic Stem Cell Transplantation of NiCord®, Umbilical Cord Blood-Derived Ex Vivo Expanded Stem and Progenitor Cells, in Patients With Hemoglobinopathies",2012-09,COMPLETED,INTERVENTIONAL,PHASE1|PHASE2,Gamida Cell ltd,NiCord,search
omisirge,NCT01221857,Pilot Study Evaluating Safety & Efficacy of DCBT: NiCord® & UNM CBU to Patients With Hematological Malignancies,"Allogeneic Stem Cell Transplantation of NiCord®, Umbilical Cord Blood-Derived Ex Vivo Expanded Stem and Progenitor Cells, in Combination With a Second, Unmanipulated Cord Blood Unit in Patients With Hematological Malignancies",2010-11,COMPLETED,INTERVENTIONAL,PHASE1|PHASE2,Gamida Cell ltd,NiCord®,search
omisirge,NCT06731504,HMCT/CT2401: Abatacept GVHD Prophylaxis Following Omidubicel HCT,A Pilot Trial of Abatacept Based Graft-Versus-Host Disease Prophylaxis Following Omidubicel Hematopoietic Cell Transplantation,2025-11-12,RECRUITING,INTERVENTIONAL,EARLY_PHASE1,Duke University,Abatacept,search
omisirge,NCT03173937,"Unrelated Umbilical Cord Blood Transplantation for Severe Aplastic Anemia and Hypo-plastic MDS Using CordIn(TM), Umbilical Cord Blood-Derived Ex Vivo Expanded Stem and Progenitor Cells to Expedite Engraftment and Improve Transplant Outcome","Unrelated Umbilical Cord Blood Transplantation for Severe Aplastic Anemia and Hypo-plastic MDS Using CordIn, Umbilical Cord Blood-Derived Ex Vivo Expanded Stem and Progenitor Cells, to Expedite Engraftment and Improve Transplant Outcome",2017-06-13,RECRUITING,INTERVENTIONAL,PHASE1|PHASE2,"National Heart, Lung, and Blood Institute (NHLBI)",Omidubicel (former CordIn)|Miltenyi CliniMACS(R) CD34 Reagent System,search
omisirge,NCT01816230,"Transplantation of NiCord®, Umbilical Cord Blood-derived Ex Vivo Expanded Cells, in Patients With HM","Allogeneic Stem Cell Transplantation of NiCord®, Umbilical Cord Blood-derived Ex Vivo Expanded Stem and Progenitor Cells, in Adolescent and Adult Patients With Hematological Malignancies",2013-04,COMPLETED,INTERVENTIONAL,PHASE1|PHASE2,Gamida Cell ltd,NiCord®,search
lantidra,NCT00566813,Islet Transplantation in Type 1 Diabetic Patients Using the Edmonton Protocol of Steroid Free Immunosuppression,Islet Transplantation in Type 1 Diabetic Patients Using the Edmonton Protocol of Steroid Free Immunosuppression,2004-11,COMPLETED,INTERVENTIONAL,PHASE1|PHASE2,University of Illinois at Chicago,Islet Cell Transplant|Islet Cell Transplant plus,origin_nct
tregzi,NCT06551584,Trial for Patients w/ Advanced Hematologic Malignancies Undergoing Allogeneic HCT,Trial for Patients With Advanced Hematologic Malignancies Undergoing Allogeneic Hematopoietic Cell Transplantation From an HLA-Mismatched Donor (7/8) With Orca-T,2025-12-01,RECRUITING,INTERVENTIONAL,PHASE1,Stanford University,ORCA-T,search
tregzi,NCT07216443,Trial of Orca-T Following Reduced Intensity or Nonmyeloablative Conditioning in Patients With Acute Myeloid Leukemia or Myelodysplastic Syndrome,A Phase 2 Trial of Orca-T Following Reduced Intensity or Nonmyeloablative Conditioning in Patients With Acute Myeloid Leukemia or Myelodysplastic Syndrome,2025-12-09,RECRUITING,INTERVENTIONAL,PHASE2,"Orca Biosystems, Inc.",Orca-T,search
tregzi,NCT06195891,"Orca-T Following Chemotherapy and Total Marrow and Lymphoid Irradiation for the Treatment of Acute Myeloid Leukemia, Acute Lymphoblastic Leukemia or Myelodysplastic Syndrome","A Single Center, Non-Randomized, Phase 1b Study of Orca-T Following Escalated Dose of Total Marrow and Lymphoid Irradiation in Patients With Acute Leukemias and MDS",2024-05-24,RECRUITING,INTERVENTIONAL,PHASE1,City of Hope Medical Center,Biospecimen Collection|Bone Marrow Aspiration|Bone Marrow Biopsy|Dual-Energy Computed Tomography|Echocardiography|Fludarabine|Magnetic Resonance Imaging|Melphalan|Multigated Acquisition Scan|Partially Engineered T-regulatory Cell Donor Graft TRGFT-201|Tacrolimus|Thiotepa|Total Marrow and Lymphoid Irradiation,search
tregzi,NCT04013685,Precision-T: A Study of Orca-T in Recipients Undergoing Allogeneic Transplantation for Hematologic Malignancies,"A Phase Ib Trial of Patients With Advanced Hematologic Malignancies Undergoing Allogeneic Hematopoietic Cell Transplantation With Either Orca-T, a T-cell-Depleted Graft With Additional Infusion of Conventional T Cells and Regulatory T Cells, or Standard-of-Care Allogeneic Graft",2019-11-21,ACTIVE_NOT_RECRUITING,INTERVENTIONAL,PHASE1,"Orca Biosystems, Inc.",Orca-T,search
tregzi,NCT05507827,Myeloablative Conditioning Orca-T & Allogeneic Donor-Derived CD19/CD22-CAR TCells in B-Cell ALL,"Phase I Trial Evaluating the Safety of Myeloablative Conditioning, Orca-T, and Allogeneic, Donor-Derived CD19/CD22-CAR (Chimeric Antigen Receptor) T Cells in Adults With B-Cell Acute Lymphoblastic Leukemia (ALL)",2022-08-18,ACTIVE_NOT_RECRUITING,INTERVENTIONAL,PHASE1,Stanford University,Allogeneic donor-derived T-cells transduced with bivalent lentiviral vector (CD19/CD22-BBz) chimeric antigen receptor (CAR)|Treg CD34+HSPC (Orca-T),search
tregzi,NCT05316701,Precision-T: A Randomized Study of Orca-T in Recipients Undergoing Allogeneic Transplantation for Hematologic Malignancies,"A Randomized Phase III Trial of Patients With Advanced Hematologic Malignancies Undergoing Allogeneic Hematopoietic Cell Transplantation With Either Orca-T, a T-cell-Depleted Graft With Additional Infusion of Conventional T Cells and Regulatory T Cells, or Standard-of-Care Allogeneic Graft",2022-06-21,ACTIVE_NOT_RECRUITING,INTERVENTIONAL,PHASE3,"Orca Biosystems, Inc.",Orca-T|Standard-of-Care,search
waskyra,NCT03837483,A Clinical Study to Evaluate the Use of a Cryopreserved Formulation of OTL-103 in Subjects With Wiskott-Aldrich Syndrome,"A Single Arm, Open-label Clinical Trial of Hematopoietic Stem Cell Gene Therapy With Cryopreserved Autologous CD34+ Cells Transduced With Lentiviral Vector Encoding WAS cDNA in Subjects With Wiskott-Aldrich Syndrome (WAS)",2019-01-21,ACTIVE_NOT_RECRUITING,INTERVENTIONAL,PHASE3,Fondazione Telethon,OTL-103,search
waskyra,NCT01515462,Gene Therapy for Wiskott-Aldrich Syndrome,A Phase I/II Clinical Trial of Hematopoietic Stem Cell Gene Therapy for the Wiskott-Aldrich Syndrome,2010-04-20,COMPLETED,INTERVENTIONAL,PHASE1|PHASE2,Fondazione Telethon,TLT003,search
waskyra,NCT01515462,Gene Therapy for Wiskott-Aldrich Syndrome,A Phase I/II Clinical Trial of Hematopoietic Stem Cell Gene Therapy for the Wiskott-Aldrich Syndrome,2010-04-20,COMPLETED,INTERVENTIONAL,PHASE1|PHASE2,Fondazione Telethon,TLT003,origin_nct
kresladi,NCT03812263,A Clinical Trial to Evaluate the Safety and Efficacy of RP-L201 in Subjects With Leukocyte Adhesion Deficiency-I,Gene Therapy for Leukocyte Adhesion Deficiency-I (LAD-I): A Phase I/II Clinical Trial to Evaluate the Safety and Efficacy of the Infusion of Autologous Hematopoietic Stem Cells Transduced With a Lentiviral Vector Encoding the ITGB2 Gene,2019-08-30,COMPLETED,INTERVENTIONAL,PHASE1|PHASE2,Rocket Pharmaceuticals Inc.,RP-L201,search
kresladi,NCT03825783,A Gene Therapy Trial to Evaluate the Safety and Efficacy of RP-L201 in Subjects With Leukocyte Adhesion Deficiency-I,Gene Therapy for Leukocyte Adhesion Deficiency-I (LAD-I): A Phase I Clinical Trial to Evaluate the Safety and Efficacy of the Infusion of Autologous Hematopoietic Stem Cells Transduced With a Lentiviral Vector Encoding the ITGB2 Gene.,2019-04-15,WITHDRAWN,INTERVENTIONAL,PHASE1,Rocket Pharmaceuticals Inc.,RP-L201,search
otarmeni,NCT05788536,"A Study of DB-OTO, an Adeno-Associated Virus (AAV) Based Gene Therapy, in Children/Infants, Adolescents and Adults With Hearing Loss Due to Otoferlin Mutations","A Phase 1/2, Open-Label, Multicenter Trial With a Single Ascending Dose Cohort With Unilateral Intracochlear Injection Followed by a Bilateral Injection Expansion Cohort to Evaluate the Safety, Tolerability, and Efficacy of DB-OTO in Children and Infants With Biallelic hOTOF Mutations",2023-06-27,RECRUITING,INTERVENTIONAL,PHASE1|PHASE2,Regeneron Pharmaceuticals,DB-OTO,search
genglycos,NCT05139316,A Study of Adeno-Associated Virus Serotype 8-Mediated Gene Transfer of Glucose-6-Phosphatase in Patients With Glycogen Storage Disease Type Ia (GSDIa),"A Phase 3, Randomized, Double-Blind, Placebo-Controlled Study of Adeno-Associated Virus Serotype 8-Mediated Gene Transfer of Glucose-6-Phosphatase in Patients With Glycogen Storage Disease Type Ia",2021-11-08,COMPLETED,INTERVENTIONAL,PHASE3,Ultragenyx Pharmaceutical Inc,DTX401|Placebo|Oral prednisolone|Placebo for oral prednisolone,search
genglycos,NCT03517085,Safety and Dose-Finding Study of DTX401 (AAV8G6PC) in Adults With Glycogen Storage Disease Type Ia (GSDIa),"A Phase 1/2, Open-Label Safety and Dose-Finding Study of Adeno-Associated Virus (AAV) Serotype 8 (AAV8)-Mediated Gene Transfer of Glucose-6- Phosphatase (G6Pase) in Adults With Glycogen Storage Disease Type Ia (GSDIa)",2018-05-18,COMPLETED,INTERVENTIONAL,PHASE1|PHASE2,Ultragenyx Pharmaceutical Inc,DTX401|steroid regimen,search
encelto,NCT06397131,A Study to Determine the Safety and Efficacy of NT-501 With MHFM,A Multicenter Study to Determine the Safety and Efficacy of NT-501 Utilizing the Medica Membrane in Macular Telangiectasia Type 2,2025-03-06,ACTIVE_NOT_RECRUITING,INTERVENTIONAL,PHASE3,Neurotech Pharmaceuticals,NT-501 CNTF Implant,search
encelto,NCT06971939,"Phase 4 Study: Long-term Safety and Efficacy of NT-501 in MacTel Type 2, Including Sham Procedure Participants","A Phase 4, Multicenter, Open-label Study to Evaluate Long-term Safety and Efficacy of Revakinagene Taroretcel-Lwey (NT-501) Previously Implanted During a Phase 1, Phase 2, or Phase 3 Clinical Study and to Evaluate NT-501 Implanted in Participants Who Underwent the Sham Procedure in a Phase 3 Clinical Study of Macular Telangiectasia Type 2 (MacTel)",2025-11-21,RECRUITING,INTERVENTIONAL,PHASE4,Neurotech Pharmaceuticals,NT-501/revakinagene taroretcel-lwey,search
encelto,NCT01648452,CNTF Implants for CNGB3 Achromatopsia,A Phase I/II Study of the NT-501 Intraocular Implant Releasing Ciliary Neurotrophic Factor (CNTF) in Participants With CNGB3 Achromatopsia,2012-07,COMPLETED,INTERVENTIONAL,PHASE1|PHASE2,National Eye Institute (NEI),NT-501 CNTF-releasing implant,search
encelto,NCT03319849,A Study to Determine the Safety and Efficacy of NT-501 in Macular Telangiectasia Type 2 - Protocol B,"A Phase III Multicenter Randomized, Sham Controlled, Study to Determine the Safety and Efficacy of NT-501 in Macular Telangiectasia Type 2",2018-01-22,COMPLETED,INTERVENTIONAL,PHASE3,Neurotech Pharmaceuticals,NT-501|Sham,search
encelto,NCT04577300,Dual Intravitreal Implantation of NT-501 Encapsulated Cell Therapy for Glaucoma,"A Randomized, Sham Controlled, Masked Phase II Study to Evaluate the Safety and Efficacy of Dual Intravitreal Implantation of NT-501 Encapsulated Cell Therapy for the Treatment of Glaucoma",2021-05-15,ACTIVE_NOT_RECRUITING,INTERVENTIONAL,PHASE2,Stanford University,NT-501|Sham comparator,search
encelto,NCT00063765,Evaluation of Safety of Ciliary Neurotrophic Factor Implants in the Eye,"A Phase I Study of NT-501-10 and NT-501-6A.02, Implants of Encapsulated Human NTC-210 Cells Releasing Ciliary Neurotrophic Factor (CNTF), in Patients With Retinitis Pigmentosa",2003-06,COMPLETED,INTERVENTIONAL,PHASE1,National Eye Institute (NEI),Ciliary Neurotrophic Factor Implant NT-501,search
encelto,NCT00447993,A Study of Encapsulated Cell Technology (ECT) Implant for Patients With Late Stage Retinitis Pigmentosa,A Phase II/III Study of Encapsulated Human NTC-201 Cell Implants Releasing Ciliary Neurotrophic Factor (CNTF) for Participants With Retinitis Pigmentosa Using Visual Acuity as the Primary Outcome,2007-01-08,COMPLETED,INTERVENTIONAL,PHASE2,Neurotech Pharmaceuticals,Low Dose NT-501|High Dose NT-501,search
encelto,NCT00447980,A Study of Encapsulated Cell Technology (ECT) Implant for Participants With Early Stage Retinitis Pigmentosa,A Phase II/III Study of Encapsulated Human NTC-201 Cell Implants Releasing Ciliary Neurotrophic Factor (CNTF) for Participants With Retinitis Pigmentosa Using Visual Field Sensitivity as the Primary Outcome,2007-01-22,COMPLETED,INTERVENTIONAL,PHASE2,Neurotech Pharmaceuticals,NT-501|NT-501,search
encelto,NCT03316300,A Study to Determine the Safety and Efficacy of NT-501 in Macular Telangiectasia Type 2 - Protocol A,"A Phase III Multicenter Randomized, Sham Controlled, Study to Determine the Safety and Efficacy of NT-501 in Macular Telangiectasia Type 2",2017-11-24,COMPLETED,INTERVENTIONAL,PHASE3,Neurotech Pharmaceuticals,NT-501|Sham Procedure,search
encelto,NCT00447954,A Study of an Encapsulated Cell Technology (ECT) Implant for Patients With Atrophic Macular Degeneration,"A Phase II Study of Implants of Encapsulated Human NTC-201 Cells Releasing Ciliary Neurotrophic Factor (CNTF), in Participants With Visual Acuity Impairment Associated With Atrophic Macular Degeneration",2007-01-05,COMPLETED,INTERVENTIONAL,PHASE2,Neurotech Pharmaceuticals,High Dose NT-501 implant|Low Dose NT-501 implant|Sham,search
encelto,NCT02862938,Study of NT-501 Encapsulated Cell Therapy for Glaucoma Neuroprotection and Vision Restoration,"A Randomized, Sham Controlled, Masked Phase II Study to Evaluate the Safety and Efficacy of Intravitreal Implantation of NT-501 Encapsulated Cell Therapy for the Treatment of Glaucoma",2016-06,ACTIVE_NOT_RECRUITING,INTERVENTIONAL,PHASE2,Stanford University,NT-501 ECT implant|Sham,search
encelto,NCT01411657,"NT-501 CNTF Implant for Ischemic Optic Neuropathy: Safety, Neuroprotection and Neuroenhancement",,2011-04,COMPLETED,INTERVENTIONAL,PHASE1,Jeffrey L Goldberg,NT-501 CNTF Implant,search
encelto,NCT01327911,Ciliary Neurotrophic Factor (CNTF) Safety Trial in Patients With Macular Telangiectasia (Mactel),A Phase 1 Multicenter Open Label Safety and Tolerability Clinical Trial of Ciliary Neurotrophic Factor (CNTF) in Patients With Macular Telangiectasia Type 2 (Mactel),2011-05,COMPLETED,INTERVENTIONAL,PHASE1,Neurotech Pharmaceuticals,NT-501 implant,search
encelto,NCT04729972,Safety Study to Evaluate Bilateral CNTF Implants in Subjects With MacTel Type 2,"Phase II, Multicenter, Open-label Safety Study of Bilateral NT-501 in Participants With Macular Telangiectasia Type 2",2021-07-21,COMPLETED,INTERVENTIONAL,PHASE2,Neurotech Pharmaceuticals,NT-501 CNTF implant,search
encelto,NCT01949324,A Phase 2 Multicenter Randomized Clinical Trial of CNTF for MacTel,A Phase 2 Multicenter Randomized Clinical Trial of Ciliary Neurotrophic Factor (CNTF) for Macular Telangiectasia Type 2 (MacTel),2014-04,COMPLETED,INTERVENTIONAL,PHASE2,Neurotech Pharmaceuticals,Ciliary neurotrophic factor (CNTF)|Sham procedure|NT-501 Implant|NT-501 Implant procedure,search
encelto,NCT03071965,Extension Study of NT-501 Ciliary Neurotrophic Factor (CNTF) Implant for Macular Telangiectasia (MacTel),Extension Study of NT-501 Ciliary Neurotrophic Factor (CNTF) Implant for Macular Telangiectasia (MacTel),2017-05-12,COMPLETED,INTERVENTIONAL,PHASE2,Neurotech Pharmaceuticals,Ciliary neurotrophic factor (CNTF)|Surgery|Surgery,search
encelto,NCT01530659,Retinal Imaging in CNTF -Releasing Encapsulated Cell Implant Treated Patients for Early-stage Retinitis Pigmentosa,Photoreceptor Structure in A Phase 2 Study of Encapsulated Human NTC-201 Cell Implants Releasing Ciliary Neurotrophic Factor (CNTF) for Participants With Retinitis Pigmentosa Using Rates of Change in Cone Spacing and Density,2012-01,COMPLETED,INTERVENTIONAL,PHASE2,Neurotech Pharmaceuticals,NT-501|Sham,search
encelto,NCT01408472,"NT-501 CNTF Implant for Glaucoma: Safety, Neuroprotection and Neuroenhancement",CNTF Cell Implants For Glaucoma: A Phase I Study,2011-04,COMPLETED,INTERVENTIONAL,PHASE1,Jeffrey L Goldberg,NT-501 CNTF Implant,search
strimvelis,NCT03311074,Retroviral Insertion Site Methodology Study,Methodology Study to Investigate the Utility of Retroviral Insertion Site Analysis in Samples From Subjects Treated With Strimvelis™ Gene Therapy,2020-06-25,WITHDRAWN,INTERVENTIONAL,PHASE4,Fondazione Telethon,Strimvelis,search
strimvelis,NCT00598481,ADA Gene Transfer Into Hematopoietic Stem/Progenitor Cells for the Treatment of ADA-SCID,ADA Gene Transfer Into Hematopoietic Stem/Progenitor Cells for the Treatment of ADA-SCID,2002-10-02,COMPLETED,INTERVENTIONAL,PHASE2,Fondazione Telethon,Gene Therapy|Busulfan,search
strimvelis,NCT00598481,ADA Gene Transfer Into Hematopoietic Stem/Progenitor Cells for the Treatment of ADA-SCID,ADA Gene Transfer Into Hematopoietic Stem/Progenitor Cells for the Treatment of ADA-SCID,2002-10-02,COMPLETED,INTERVENTIONAL,PHASE2,Fondazione Telethon,Gene Therapy|Busulfan,origin_nct
glybera,NCT02904772,Alipogene Tiparvovec for the Treatment of LPLD Patients,"An Open Label, Multi-centre Trial of Alipogene Tiparvovec for the Treatment of LPLD Patients",2016-10,WITHDRAWN,INTERVENTIONAL,PHASE2,UniQure Biopharma B.V.,alipogene tiparvovec|Prednisolone|Cyclosporins|Mycophenolate mofetil,search
glybera,NCT01109498,"Safety and Efficacy in LPL-Deficient Subjects of AMT-011, an Adeno-Associated Viral Vector Expressing Human Lipoprotein Lipase [S447X]","A Study to Determine the Safety and Efficacy in Lipoprotein Lipase-Deficient Subjects After Intramuscular Administration of AMT-011, an Adeno-Associated Viral Vector Expressing Human Lipoprotein LipaseS447X",2007-08,UNKNOWN,INTERVENTIONAL,PHASE2|PHASE3,Amsterdam Molecular Therapeutics,"Alipogene Tiparvovec (AMT-011), Human LPL [S447X]|Mycophenolate mofetil|Alipogene Tiparvovec (AMT-011), Human LPL [S447X]|cyclosporine",search
glybera,NCT00891306,Efficacy and Safety of Human Lipoprotein Lipase (LPL)[S447X] Expressed by an Adeno-Associated Viral Vector in LPL-deficient Subjects,"An Open-label Study to Assess the Efficacy and Safety of Alipogene Tiparvovec (AMT-011), Human LPL [S447X], Expressed by an Adeno-Associated Viral Vector After Intramuscular Administration in LPL-deficient Adult Subjects",2009-02,COMPLETED,INTERVENTIONAL,PHASE2|PHASE3,Amsterdam Molecular Therapeutics,"Alipogene Tiparvovec (AMT-011), Human LPL [S447X]|mycophenolate mofetil|cyclosporine|methylprednisolone",search
zalmoxis,NCT00914628,Efficacy Study on the Strategy of HSV-Tk Engineering Donor Lymphocytes to Treat Patients With High Risk Acute Leukemia,TK008: Randomized Phase III Trial of Haploidentical HCT With or Without an Add Back Strategy of HSV-Tk Donor Lymphocytes in Patients With High Risk Acute Leukemia,2010-04-12,TERMINATED,INTERVENTIONAL,PHASE3,AGC Biologics S.p.A.,HSV-Tk|T-cell depleted or T-cell replete strategies,search
zalmoxis,NCT00423124,Infusion of Donor Lymphocytes Transduced With the Suicide Gene HSV TK in Patients With Haematological Malignancies,"A Phase I-II Study: Infusion of Donor Lymphocytes Transduced With the Suicide Gene HSV TK, After Transplantation of Allogeneic T-depleted Stem Cells From a Haploidentical Donor in Patients With Haematological Malignancies",2002-07,COMPLETED,INTERVENTIONAL,PHASE1|PHASE2,AGC Biologics S.p.A.,HSV-TK,search
zalmoxis,NCT00423124,Infusion of Donor Lymphocytes Transduced With the Suicide Gene HSV TK in Patients With Haematological Malignancies,"A Phase I-II Study: Infusion of Donor Lymphocytes Transduced With the Suicide Gene HSV TK, After Transplantation of Allogeneic T-depleted Stem Cells From a Haploidentical Donor in Patients With Haematological Malignancies",2002-07,COMPLETED,INTERVENTIONAL,PHASE1|PHASE2,AGC Biologics S.p.A.,HSV-TK,origin_nct
alofisel,NCT04701411,A Study of Darvadstrocel for Treating Complex Perianal Fistulas in Children and Teenagers With Crohn's Disease,"A Phase 3, Open-Label, Multicenter Study to Evaluate the Efficacy and Safety of Darvadstrocel in the Treatment of Complex Perianal Fistula in Pediatric Subjects With Crohn's Disease Over a Period of 24 Weeks and an Extended Follow-up Period for a Total of up to 52 Weeks",2021-06-30,TERMINATED,INTERVENTIONAL,PHASE3,Takeda,Darvadstrocel,search
alofisel,NCT03706456,Phase 3 Study of Cx601 in Participants With Complex Perianal Fistulising Crohn's Disease,"A Phase 3, Multicenter, Open-Label, Uncontrolled Study to Evaluate the Efficacy and Safety of Cx601 in the Treatment of Complex Perianal Fistulas in Adult Patients With Crohn's Disease",2019-03-06,COMPLETED,INTERVENTIONAL,PHASE3,Takeda,Darvadstrocel,search
alofisel,NCT04075825,Long-term Follow-up Study With Darvadstrocel in the Treatment of Complex Perianal Fistula,A Follow-up of a Phase 3 Study to Evaluate the Long-term Safety and Efficacy of Darvadstrocel in the Treatment of Complex Perianal Fistula in Subjects With Crohn's Disease Who Have Participated in ADMIRE II Study,2019-11-05,COMPLETED,INTERVENTIONAL,PHASE3,Takeda,Placebo|Darvadstrocel,search
alofisel,NCT04118088,A Study of Darvadstrocel in Adults With Crohn's Disease and Complex Perianal Fistula,Postauthorization Safety Study of the Long-Term Safety and Efficacy of Repeat Administration of Darvadstrocel in Patients With Crohn's Disease and Complex Perianal Fistula,2020-12-22,TERMINATED,INTERVENTIONAL,PHASE4,Takeda,Darvadstrocel,search
alofisel,NCT01541579,Adipose Derived Mesenchymal Stem Cells for Induction of Remission in Perianal Fistulizing Crohn's Disease,"A Phase III, Randomized, Double Blind, Parallel Group, Placebo Controlled, Multicentre Study to Assess Efficacy and Safety of Expanded Allogeneic Adipose-derived Stem Cells (eASCs) for the Treatment of Perianal Fistulising Crohn's Disease Over a Period of 24 Weeks and an Extended Follow-up Period up to 104 Weeks.",2012-07,COMPLETED,INTERVENTIONAL,PHASE3,Tigenix S.A.U.,Cx601|Saline solution,search
alofisel,NCT01372969,"Study to Assess the Safety and Efficacy of Expanded Allogenic Adipose-derived Stem Cells (eASCs) (Cx601), for Treatment of Complex Perianal Fistulas in Perianal Crohn's Disease.","Multicenter Phase I/IIa Study to Assess the Safety and Efficacy of Expanded Allogenic Adipose-derived Stem Cells (eASCs) (Cx601), for Treatment of Complex Perianal Fistulas in Perianal Crohn's Disease.",2009-06,COMPLETED,INTERVENTIONAL,PHASE1|PHASE2,Tigenix S.A.U.,Cx601,search
alofisel,NCT03279081,"Study to Assess Efficacy and Safety of Cx601, Adult Allogeneic Expanded Adipose-derived Stem Cells (eASC) for the Treatment of Complex Perianal Fistula(s) in Participants With Crohn's Disease (CD)","A Phase-III, Randomized, Double-blind, Parallel-group, Placebo-controlled, International, Multicentre Study to Assess Efficacy and Safety of Cx601, Adult Allogeneic Expanded Adipose-derived Stem Cells (eASC) for the Treatment of Complex Perianal Fistula(s) in Patients With Crohn's Disease Over a Period of 24 Weeks and a Follow-up Period up to 52 Weeks",2017-09-15,COMPLETED,INTERVENTIONAL,PHASE3,Tigenix S.A.U.,Cx601|Placebo,search
ebvallo,NCT00953420,Carboplatin and Docetaxel Followed by Epstein-Barr Virus Cytotoxic T Lymphocytes,Phase II Study of Carboplatin and Docetaxel Followed by Epstein-Barr Virus Cytotoxic T Lymphocytes in Patients With Refractory/Relapsed EBV-positive Nasopharyngeal Carcinoma(CADEN),2009-11,COMPLETED,INTERVENTIONAL,PHASE2,Baylor College of Medicine,Docetaxel|Carboplatin|Dexamethasone|EBV-specific cytotoxic T lymphocytes|G-CSF or Peg-GCSF,search
ebvallo,NCT03769467,Tabelecleucel in Combination With Pembrolizumab in Subjects With Epstein-Barr Virus-associated Nasopharyngeal Carcinoma (EBV+ NPC),"An Open-Label Phase 1B/2 Study to Evaluate the Safety and Efficacy of Tabelecleucel in Combination With Pembrolizumab in Subjects With Platinum-pretreated, Recurrent/Metastatic Epstein-Barr Virus-Associated Nasopharyngeal Carcinoma",2019-02-19,TERMINATED,INTERVENTIONAL,PHASE1|PHASE2,Atara Biotherapeutics,Tabelecleucel|Pembrolizumab,search
ebvallo,NCT04554914,A Study to Evaluate Tabelecleucel in Participants With Epstein Barr Virus (EBV) Associated Diseases,"An Open-label, Single-arm, Multicohort, Phase 2 Study to Assess the Efficacy and Safety of Tabelecleucel in Subjects With Epstein Barr Virus Associated Diseases (EBVision)",2021-07-14,ACTIVE_NOT_RECRUITING,INTERVENTIONAL,PHASE2,Pierre Fabre Medicament,Tabelecleucel,search
ebvallo,NCT01498484,Therapeutic Effects of Epstein-Barr Virus Immune T-Lymphocytes Derived From a Normal HLA-Compatible Or Partially-Matched Third-Party Donor in the Treatment of EBV Lymphoproliferative Disorders and EBV-Associated Malignancies,A Phase II Study of the Therapeutic Effects Of Epstein-Barr Virus Immune T-Lymphocytes Derived From a Normal HLA-Compatible Or Partially-Matched Third-Party Donor in the Treatment of EBV Lymphoproliferative Disorders and EBV-Associated Malignancies,2011-12,COMPLETED,INTERVENTIONAL,PHASE2,Atara Biotherapeutics,EBV-specific T cells (EBV-CTLs),search
ebvallo,NCT03988582,Safety and Effectiveness of EBV-specific Cytotoxic T Cells for the Treatment for EBV Lymphomas or Other EBV-associated Malignancies,A Phase II Trial of EBV-Specific Cytotoxic T Cells for the Treatment of EBV Lymphomas or Other EBV-associated Malignancies,2019-06-11,WITHDRAWN,INTERVENTIONAL,PHASE2,Memorial Sloan Kettering Cancer Center,EBV-specific T-cells,search
ebvallo,NCT03394365,A Phase 3 Study of Tabelecleucel for Participants With Epstein-Barr Virus-Associated Post-Transplant Lymphoproliferative Disease After Failure With Rituximab or Rituximab and Chemotherapy,"Multicenter, Open-Label, Phase 3 Study of Tabelecleucel for Solid Organ or Allogeneic Hematopoietic Cell Transplant Subjects With Epstein-Barr Virus-Associated Post-Transplant Lymphoproliferative Disease After Failure of Rituximab or Rituximab and Chemotherapy",2017-12-29,RECRUITING,INTERVENTIONAL,PHASE3,Pierre Fabre Medicament,tabelecleucel,search
ebvallo,NCT03266653,EBV-specific Cytotoxic T-lymphocytes (CTLs) for Refractory EBV Infection,"A Pilot Study in the Treatment of Refractory Epstein-Barr Virus (EBV) Infection With Related Donor EBV Cytotoxic T-Lymphocytes in Children, Adolescents and Young Adult Recipients",2020-07-07,RECRUITING,INTERVENTIONAL,PHASE2,New York Medical College,cytotoxic t-lymphocytes,search
ebvallo,NCT00002663,"Biological Therapy in Treating Patients at High-Risk or With Lymphoma, Lymphoproliferative Disease, or Malignancies",An Evaluation of the Toxicity and Therapeutic Effects of Epstein-Barr Virus-Immune T-Lymphocytes Derived From a Normal HLA-Compatible or Haplotype-Matched Donor in the Treatment of EBV-Associated Lymphoproliferative Diseases or Malignancies and Patients With Detectable Circulating Levels of EBV DNA Who Are at High Risk for EBV-Associated Lymphoproliferative Diseases,1995-03,COMPLETED,INTERVENTIONAL,PHASE1|PHASE2,Atara Biotherapeutics,Epstein-Barr virus-specific cytotoxic T lymphocytes (EBV-CTLs),origin_nct
