source_id,source_title,geography,series,scenario,year,value_low,value_point,value_high,unit,verbatim_or_table,source_url,status,notes
S16,"Durable cell and gene therapy potential patient and financial impact: US projections of product approvals, patients treated, and product revenues",US,bibliographic,base,,,,,,"Young CM, Quinn C, Trusheim MR. Durable cell and gene therapy potential patient and financial impact: US projections of product approvals, patients treated, and product revenues. Drug Discov Today. 2022;27(1):17-30. doi:10.1016/j.drudis.2021.09.001. PMID 34537333. Published online 17 Sep 2021; print issue Jan 2022. Affiliation of all three authors: MIT NEWDIGS, 77 Massachusetts Avenue, Cambridge, MA 02139-4307, USA. Open access CC-BY (hybrid) per OpenAlex and Semantic Scholar.",https://www.ebi.ac.uk/europepmc/webservices/rest/search?query=DOI:10.1016/j.drudis.2021.09.001&resultType=core&format=json,verified-from-source,"Bibliographic record read at Europe PMC REST; journal landing page is https://www.sciencedirect.com/science/article/pii/S1359644621003901. Full text NOT read: ScienceDirect article page and /pdf URL returned HTTP 403 (bot challenge), r.jina.ai proxy hit the ScienceDirect CAPTCHA, web.archive.org is not fetchable by the tool, Unpaywall returned 422, OpenAlex lists no repository copy, not in PMC. Abstract-level numbers only."
S16,"Durable cell and gene therapy potential patient and financial impact: US projections of product approvals, patients treated, and product revenues",US,approvals_cumulative,base,2030,54,63.5,74,cumulative US product-indication approvals through 2030 (mean; 5th to 95th percentile),a mean 63.5 (54-74 5th to 95th percentile range) cumulative US product-indication approvals through 2030,https://newdigs.tuftsmedicalcenter.org/durable-cell-and-gene-therapy-potential-patient-and-financial-impact-us-projections-of-product-approvals-patients-treated-and-product-revenues/,provisional-from-snippet,Abstract sentence as quoted on the NEWDIGS (Tufts) page for the article and in the Europe PMC record; identical in both. Product-indication approvals count each approved indication separately. Year-by-year series (paper figures) not accessed.
S16,"Durable cell and gene therapy potential patient and financial impact: US projections of product approvals, patients treated, and product revenues",US,patients_new_per_year,base,2030,,93000,,"patients treated in the year 2030 (US, mean)","a mean 93,000 patients treated in 2030",https://newdigs.tuftsmedicalcenter.org/durable-cell-and-gene-therapy-potential-patient-and-financial-impact-us-projections-of-product-approvals-patients-treated-and-product-revenues/,provisional-from-snippet,Abstract wording 'patients treated in 2030' read as patients treated during 2030 (not cumulative). Cumulative and other years not accessed.
S16,"Durable cell and gene therapy potential patient and financial impact: US projections of product approvals, patients treated, and product revenues",US,revenue_per_year,base,2030,17.0,24.4,35.0,USD billion list-price product revenue in 2030 (mean; range as stated in abstract),"generating a mean US$24.4 billion (US$17.0B-35.0B; US$73.0B at the extreme) list price product revenues, not including ancillary medical costs or cost offsets",https://newdigs.tuftsmedicalcenter.org/durable-cell-and-gene-therapy-potential-patient-and-financial-impact-us-projections-of-product-approvals-patients-treated-and-product-revenues/,provisional-from-snippet,US$73.0B is described as the extreme value; 17.0-35.0 is the stated range (percentiles not specified in abstract).
S16,"Durable cell and gene therapy potential patient and financial impact: US projections of product approvals, patients treated, and product revenues",US,assumption,base,,,,,,Conclusion (abstract): the likely dozens of durable cell and gene therapies developed through 2030 are unlikely to threaten US health system financial sustainability. Context: 1000+ therapies in development.,https://newdigs.tuftsmedicalcenter.org/durable-cell-and-gene-therapy-potential-patient-and-financial-impact-us-projections-of-product-approvals-patients-treated-and-product-revenues/,provisional-from-snippet,
S16,"Durable cell and gene therapy potential patient and financial impact: US projections of product approvals, patients treated, and product revenues",US,assumption,base,,,,,,"Specifications Table (Data in Brief companion): 'Markov chain Monte Carlo simulation of the productivity for the US through 2030 of the current durable cell and gene therapy development pipeline'. Data source location: Pharmaprojects|Informa 2021 database; Clinicaltrials.gov; AACT; SEER; academic and gray literature. 'Data were extracted manually from the Pharmaprojects, clinicaltrials.gov and SEER databases, using purpose written SQL code from the AACT database, and from both gray and academic literature.' Collection period 2018-2021.",https://www.ebi.ac.uk/europepmc/webservices/rest/PMC8844867/fullTextXML,verified-from-source,Read in the Data in Brief companion (PMC8844867) full text at Europe PMC. Exact calendar date of the pipeline snapshot used in the DDT model is not stated in the Data in Brief summary; Mendeley dataset v1 published 10 Dec 2021 (doi 10.17632/djm65zrhmt.1).
S16,"Durable cell and gene therapy potential patient and financial impact: US projections of product approvals, patients treated, and product revenues",US,assumption,base,,,,,,"Qualifying (durable) therapies: '(i) employ or modify DNA or RNA, (ii) are administered in a single course, and (iii) are expected to deliver at least 18 months average benefit'. Modalities: gene replacement therapies (in vivo/ex vivo, viral vectors); CAR-T cells and TCR-engineered immune cells; gene editing (ZFNs, TALENs, CRISPR-Cas9); long-acting DNA plasmids.",https://www.ebi.ac.uk/europepmc/webservices/rest/PMC8844867/fullTextXML,verified-from-source,Data in Brief companion.
S16,"Durable cell and gene therapy potential patient and financial impact: US projections of product approvals, patients treated, and product revenues",US,assumption,base,,,,,,"Table 1 (parameter estimation dataset, trials by phase and class): CAR-T&TCR 626; Other oncology 1243; Gene therapy 335; Cellular therapy 1024; total 3228. By phase: Early Phase 1 74; Phase 1 1202; Phase 1/2 850; Phase 2 814; Phase 2/3 32; Phase 3 190; Registration 38; Approval 28.",https://www.ebi.ac.uk/europepmc/webservices/rest/PMC8844867/fullTextXML,verified-from-source,"Data in Brief companion Table 1; used to estimate phase durations and success probabilities (the probabilities themselves are in the Mendeley datasets PED1-PED4, not reproduced in the text)."
S16,"Durable cell and gene therapy potential patient and financial impact: US projections of product approvals, patients treated, and product revenues",US,assumption,base,,,,,,"Table 4 (pricing assumptions, USD per treatment): Oncology 400000; Ultra Orphan 1500000; Orphan 800000; Higher prevalence 500000; Orphan Ophthalmology 800000; Unit elasticity (high) 100000; Unit elasticity (low) 50000. 'Ultra Orphan refers to indications with a US prevalence <10,000; Orphan indications have a US prevalence < 200,000.'",https://www.ebi.ac.uk/europepmc/webservices/rest/PMC8844867/fullTextXML,verified-from-source,Data in Brief companion Table 4.
S16,"Durable cell and gene therapy potential patient and financial impact: US projections of product approvals, patients treated, and product revenues",US,assumption,base,,,,,,"Adoption: Bass diffusion model (parameters in dataset FD4 'Incidence, Prevalence, Adoption') incorporating disease severity, economics and friction between stakeholders. '20% of patients enrolled in acute lymphoblastic leukemia (ALL) and diffuse large B-cell lymphoma (DLBCL) late-stage trials did not receive an infusion' hence a peak adoption level of 75% applied to all oncology treatments, with an assumed time to peak of 2 years.",https://www.ebi.ac.uk/europepmc/webservices/rest/PMC8844867/fullTextXML,verified-from-source,"Data in Brief companion. Forecasting datasets: FD1 Clinical Trials Data; FD2 Preclinical Data; FD3 Genes & Antigens; FD4 Incidence, Prevalence, Adoption."
S16,"Durable cell and gene therapy potential patient and financial impact: US projections of product approvals, patients treated, and product revenues",US,bibliographic,base,,,,,,"Companion data article: Young CM, Trusheim M, Quinn C. Data for modelling US projections of product approvals, patients treated, and product revenues for durable cell and gene therapies. Data Brief. 2022;41:107891. doi:10.1016/j.dib.2022.107891. PMID 35198672; PMCID PMC8844867. Published 3 Feb 2022. Underlying data: Mendeley Data doi:10.17632/djm65zrhmt.1 (v1, 10 Dec 2021, contributor Colin Young, MIT).",https://www.ebi.ac.uk/europepmc/webservices/rest/PMC8844867/fullTextXML,verified-from-source,PMC page: https://pmc.ncbi.nlm.nih.gov/articles/PMC8844867/ (PMC itself served a CAPTCHA; Europe PMC XML used).
S16,"Durable cell and gene therapy potential patient and financial impact: US projections of product approvals, patients treated, and product revenues",US,approvals_per_year,base,,,,,,Year-by-year product-indication approvals 2020-2030 (paper figures) - not accessible,https://www.sciencedirect.com/science/article/pii/S1359644621003901,gap,"Full text NOT read: ScienceDirect article page and /pdf URL returned HTTP 403 (bot challenge), r.jina.ai proxy hit the ScienceDirect CAPTCHA, web.archive.org is not fetchable by the tool, Unpaywall returned 422, OpenAlex lists no repository copy, not in PMC. Abstract-level numbers only. Closest available year-by-year proxy for the approvals series is the MIT NEWDIGS Research Brief 2020F207-v051 (rows under S16-predecessor)."
S16,"Durable cell and gene therapy potential patient and financial impact: US projections of product approvals, patients treated, and product revenues",US,approvals_cumulative,base,,,,,,Cumulative approvals for years other than 2030 - not accessible,https://www.sciencedirect.com/science/article/pii/S1359644621003901,gap,"Full text NOT read: ScienceDirect article page and /pdf URL returned HTTP 403 (bot challenge), r.jina.ai proxy hit the ScienceDirect CAPTCHA, web.archive.org is not fetchable by the tool, Unpaywall returned 422, OpenAlex lists no repository copy, not in PMC. Abstract-level numbers only. Closest available year-by-year proxy for the approvals series is the MIT NEWDIGS Research Brief 2020F207-v051 (rows under S16-predecessor)."
S16,"Durable cell and gene therapy potential patient and financial impact: US projections of product approvals, patients treated, and product revenues",US,patients_new_per_year,base,,,,,,Patients treated per year for years other than 2030 - not accessible,https://www.sciencedirect.com/science/article/pii/S1359644621003901,gap,"Full text NOT read: ScienceDirect article page and /pdf URL returned HTTP 403 (bot challenge), r.jina.ai proxy hit the ScienceDirect CAPTCHA, web.archive.org is not fetchable by the tool, Unpaywall returned 422, OpenAlex lists no repository copy, not in PMC. Abstract-level numbers only. Closest available year-by-year proxy for the approvals series is the MIT NEWDIGS Research Brief 2020F207-v051 (rows under S16-predecessor)."
S16,"Durable cell and gene therapy potential patient and financial impact: US projections of product approvals, patients treated, and product revenues",US,patients_cumulative,base,,,,,,Cumulative patients treated 2020-2030 - not accessible,https://www.sciencedirect.com/science/article/pii/S1359644621003901,gap,"Full text NOT read: ScienceDirect article page and /pdf URL returned HTTP 403 (bot challenge), r.jina.ai proxy hit the ScienceDirect CAPTCHA, web.archive.org is not fetchable by the tool, Unpaywall returned 422, OpenAlex lists no repository copy, not in PMC. Abstract-level numbers only. Closest available year-by-year proxy for the approvals series is the MIT NEWDIGS Research Brief 2020F207-v051 (rows under S16-predecessor)."
S16,"Durable cell and gene therapy potential patient and financial impact: US projections of product approvals, patients treated, and product revenues",US,revenue_per_year,base,,,,,,Revenue per year for years other than 2030 - not accessible,https://www.sciencedirect.com/science/article/pii/S1359644621003901,gap,"Full text NOT read: ScienceDirect article page and /pdf URL returned HTTP 403 (bot challenge), r.jina.ai proxy hit the ScienceDirect CAPTCHA, web.archive.org is not fetchable by the tool, Unpaywall returned 422, OpenAlex lists no repository copy, not in PMC. Abstract-level numbers only. Closest available year-by-year proxy for the approvals series is the MIT NEWDIGS Research Brief 2020F207-v051 (rows under S16-predecessor)."
S16,"Durable cell and gene therapy potential patient and financial impact: US projections of product approvals, patients treated, and product revenues",US,treatable_population,base,,,,,,Treatable/eligible population by year - not accessible,https://www.sciencedirect.com/science/article/pii/S1359644621003901,gap,"Full text NOT read: ScienceDirect article page and /pdf URL returned HTTP 403 (bot challenge), r.jina.ai proxy hit the ScienceDirect CAPTCHA, web.archive.org is not fetchable by the tool, Unpaywall returned 422, OpenAlex lists no repository copy, not in PMC. Abstract-level numbers only. Closest available year-by-year proxy for the approvals series is the MIT NEWDIGS Research Brief 2020F207-v051 (rows under S16-predecessor)."
S16-predecessor,Estimating the Clinical Pipeline of Cell and Gene Therapies and Their Potential Economic Impact on the US Healthcare System,US,bibliographic,base,,,,,,"Quinn C, Young C, Thomas J, Trusheim M; MIT NEWDIGS FoCUS Writing Group. Estimating the Clinical Pipeline of Cell and Gene Therapies and Their Potential Economic Impact on the US Healthcare System. Value Health. 2019;22(6):621-626. doi:10.1016/j.jval.2019.03.014. PMID 31198178. Online 16-17 May 2019 (OpenAlex 16 May; Europe PMC 17 May); print June 2019. Affiliation: Center for Biomedical Innovation, MIT, Cambridge, MA. ISPOR Editor's Choice.",https://www.ebi.ac.uk/europepmc/webservices/rest/search?query=DOI:10.1016/j.jval.2019.03.014&resultType=core&format=json,verified-from-source,Bibliographic record read at Europe PMC REST. Full text NOT read: valueinhealthjournal.com fulltext and pdf URLs (PII S1098-3015(19)30153-3 and S1098-3015(19)30188-3) and ScienceDirect PII S1098301519301883 all returned HTTP 403; OpenAlex reports closed access with no repository copy; Semantic Scholar lists a bronze OA pdf at the journal (also 403); not in PMC; web.archive.org not fetchable.
S16-predecessor,Estimating the Clinical Pipeline of Cell and Gene Therapies and Their Potential Economic Impact on the US Healthcare System,US,patients_cumulative,base,2030,,350000,,patients treated cumulatively by 2030 (US),about 350 000 patients will have been treated with 30 to 60 products by 2030,https://www.ispor.org/publications/journals/value-in-health/abstract/Volume-22--Issue-6/Estimating-the-Clinical-Pipeline-of-Cell-and-Gene-Therapies-and-Their-Potential-Economic-Impact-on-the-US-Healthcare-System,provisional-from-snippet,Abstract (Results) as shown on ISPOR abstract page and Europe PMC record. Year-by-year path not accessed.
S16-predecessor,Estimating the Clinical Pipeline of Cell and Gene Therapies and Their Potential Economic Impact on the US Healthcare System,US,approvals_cumulative,base,2030,30,,60,"products launched cumulatively by 2030 (US; product count, not product-indication)",about 350 000 patients will have been treated with 30 to 60 products by 2030,https://www.ispor.org/publications/journals/value-in-health/abstract/Volume-22--Issue-6/Estimating-the-Clinical-Pipeline-of-Cell-and-Gene-Therapies-and-Their-Potential-Economic-Impact-on-the-US-Healthcare-System,provisional-from-snippet,Range only; no point estimate in abstract.
S16-predecessor,Estimating the Clinical Pipeline of Cell and Gene Therapies and Their Potential Economic Impact on the US Healthcare System,US,assumption,base,,,,,,about half the launches expected to be in B-cell (CD-19) lymphomas and leukemias,https://www.ispor.org/publications/journals/value-in-health/abstract/Volume-22--Issue-6/Estimating-the-Clinical-Pipeline-of-Cell-and-Gene-Therapies-and-Their-Potential-Economic-Impact-on-the-US-Healthcare-System,provisional-from-snippet,Abstract.
S16-predecessor,Estimating the Clinical Pipeline of Cell and Gene Therapies and Their Potential Economic Impact on the US Healthcare System,US,assumption,base,,,,,,"Methods (abstract): Citeline's Pharmaprojects database used to estimate the rates and timing of new product launches based on the phase of development, duration in phase, and probability of progression; combined with disease incidence and prevalence to project patients treated. Conclusion: high upfront costs create affordability challenges; calls for precision financing solutions and new reimbursement models.",https://www.ispor.org/publications/journals/value-in-health/abstract/Volume-22--Issue-6/Estimating-the-Clinical-Pipeline-of-Cell-and-Gene-Therapies-and-Their-Potential-Economic-Impact-on-the-US-Healthcare-System,provisional-from-snippet,Abstract.
S16-predecessor,Estimating the Clinical Pipeline of Cell and Gene Therapies and Their Potential Economic Impact on the US Healthcare System,US,assumption,base,,,,,,"Pipeline (as reported in a search-engine summary attributed to this article): 628 active, individual, US-based clinical trial programs for durable gene and cellular therapies comprising 211 indications; 335 preclinical, 91 phase I, 174 phase II and 19 phase III studies.",https://www.sciencedirect.com/science/article/pii/S1098301519301883,provisional-from-snippet,Seen only in a web-search summary; not verified against the article; the four phase counts sum to 619 not 628. Pipeline snapshot date not seen (paper accepted March 2019).
S16-predecessor,Estimating the Clinical Pipeline of Cell and Gene Therapies and Their Potential Economic Impact on the US Healthcare System,US,patients_new_per_year,base,2030,,50000,,patients treated per year around 2030 (US),"treating an expected 350,000 patients cumulatively and about 50,000 patients per year",https://www.sciencedirect.com/science/article/pii/S1098301519301883,provisional-from-snippet,Sentence appeared only in a web-search summary of results about this article; originating page not identified; treat as unverified.
S16-predecessor,Estimating the Clinical Pipeline of Cell and Gene Therapies and Their Potential Economic Impact on the US Healthcare System,US,approvals_per_year,base,,,,,,Launches per year 2019-2030 - not accessible,https://www.sciencedirect.com/science/article/pii/S1098301519301883,gap,Full text NOT read: valueinhealthjournal.com fulltext and pdf URLs (PII S1098-3015(19)30153-3 and S1098-3015(19)30188-3) and ScienceDirect PII S1098301519301883 all returned HTTP 403; OpenAlex reports closed access with no repository copy; Semantic Scholar lists a bronze OA pdf at the journal (also 403); not in PMC; web.archive.org not fetchable.
S16-predecessor,Estimating the Clinical Pipeline of Cell and Gene Therapies and Their Potential Economic Impact on the US Healthcare System,US,patients_new_per_year,base,,,,,,Newly treated patients per year 2019-2029 - not accessible,https://www.sciencedirect.com/science/article/pii/S1098301519301883,gap,Full text NOT read: valueinhealthjournal.com fulltext and pdf URLs (PII S1098-3015(19)30153-3 and S1098-3015(19)30188-3) and ScienceDirect PII S1098301519301883 all returned HTTP 403; OpenAlex reports closed access with no repository copy; Semantic Scholar lists a bronze OA pdf at the journal (also 403); not in PMC; web.archive.org not fetchable.
S16-predecessor,Estimating the Clinical Pipeline of Cell and Gene Therapies and Their Potential Economic Impact on the US Healthcare System,US,patients_cumulative,base,,,,,,Cumulative patients for years other than 2030 - not accessible,https://www.sciencedirect.com/science/article/pii/S1098301519301883,gap,Full text NOT read: valueinhealthjournal.com fulltext and pdf URLs (PII S1098-3015(19)30153-3 and S1098-3015(19)30188-3) and ScienceDirect PII S1098301519301883 all returned HTTP 403; OpenAlex reports closed access with no repository copy; Semantic Scholar lists a bronze OA pdf at the journal (also 403); not in PMC; web.archive.org not fetchable.
S16-predecessor,MIT NEWDIGS Research Brief 2020F207-v051 Pipeline Analysis: Updated projection of US durable cell and gene therapies product-indication approvals based on December 2019 development pipeline,US,bibliographic,base,,,,,,"RESEARCH BRIEF By MIT NEWDIGS FoCUS Project, 29 July 2020, 2020F207v51 (cite as: MIT NEWDIGS Research Brief 2020F207-v051 Pipeline Analysis). Title: 'Updated projection of US durable cell and gene therapies product-indication approvals based on December 2019 development pipeline. Ongoing pipeline modeling by the MIT NEWDIGS FoCUS team projects 10X growth from July 2020 levels, but with large uncertainties.' 4 pages. Funded by the FoCUS Consortium, MIT Center for Biomedical Innovation NEWDIGS Initiative.",https://newdigs.tuftsmedicalcenter.org/wp-content/uploads/2022/06/NEWDIGS-Research-Brief-2020F207v51-PipelineAnalysis.pdf,verified-from-source,Interim NEWDIGS FoCUS update between Quinn 2019 and Young 2022 (same PAM Markov chain Monte Carlo model); filed under S16-predecessor. Tables and figures are embedded images in the PDF and were read visually.
S16-predecessor,MIT NEWDIGS Research Brief 2020F207-v051 Pipeline Analysis: Updated projection of US durable cell and gene therapies product-indication approvals based on December 2019 development pipeline,US,approvals_cumulative,base (excl. China-origin programs; incl. preclinical),2019,,6.0,,cumulative US product-indication approvals (mean),Table 1. Mean cumulative product-indication US approvals by therapeutic class. Excludes local programs originating in China. Total row: Initial 6.0; 2021 9.6; 2022 13.0; 2023 17.9; 2025 31.9; 2030 62.4,https://newdigs.tuftsmedicalcenter.org/wp-content/uploads/2022/06/NEWDIGS-Research-Brief-2020F207v51-PipelineAnalysis.pdf,verified-from-source,"'Initial' column = product-indication approvals already existing at the pipeline snapshot (31 Dec 2019); recorded here under year 2019. Table 1 total row (mean cumulative product-indication US approvals, all conditions, excluding programs originating in China, including non-cancer preclinical programs). Columns are Initial, 2021, 2022, 2023, 2025, 2030 only."
S16-predecessor,MIT NEWDIGS Research Brief 2020F207-v051 Pipeline Analysis: Updated projection of US durable cell and gene therapies product-indication approvals based on December 2019 development pipeline,US,approvals_cumulative,base (excl. China-origin programs; incl. preclinical),2021,,9.6,,cumulative US product-indication approvals (mean),Table 1. Mean cumulative product-indication US approvals by therapeutic class. Excludes local programs originating in China. Total row: Initial 6.0; 2021 9.6; 2022 13.0; 2023 17.9; 2025 31.9; 2030 62.4,https://newdigs.tuftsmedicalcenter.org/wp-content/uploads/2022/06/NEWDIGS-Research-Brief-2020F207v51-PipelineAnalysis.pdf,verified-from-source,"Table 1 total row (mean cumulative product-indication US approvals, all conditions, excluding programs originating in China, including non-cancer preclinical programs). Columns are Initial, 2021, 2022, 2023, 2025, 2030 only."
S16-predecessor,MIT NEWDIGS Research Brief 2020F207-v051 Pipeline Analysis: Updated projection of US durable cell and gene therapies product-indication approvals based on December 2019 development pipeline,US,approvals_cumulative,base (excl. China-origin programs; incl. preclinical),2022,,13.0,,cumulative US product-indication approvals (mean),Table 1. Mean cumulative product-indication US approvals by therapeutic class. Excludes local programs originating in China. Total row: Initial 6.0; 2021 9.6; 2022 13.0; 2023 17.9; 2025 31.9; 2030 62.4,https://newdigs.tuftsmedicalcenter.org/wp-content/uploads/2022/06/NEWDIGS-Research-Brief-2020F207v51-PipelineAnalysis.pdf,verified-from-source,"Table 1 total row (mean cumulative product-indication US approvals, all conditions, excluding programs originating in China, including non-cancer preclinical programs). Columns are Initial, 2021, 2022, 2023, 2025, 2030 only."
S16-predecessor,MIT NEWDIGS Research Brief 2020F207-v051 Pipeline Analysis: Updated projection of US durable cell and gene therapies product-indication approvals based on December 2019 development pipeline,US,approvals_cumulative,base (excl. China-origin programs; incl. preclinical),2023,,17.9,,cumulative US product-indication approvals (mean),Table 1. Mean cumulative product-indication US approvals by therapeutic class. Excludes local programs originating in China. Total row: Initial 6.0; 2021 9.6; 2022 13.0; 2023 17.9; 2025 31.9; 2030 62.4,https://newdigs.tuftsmedicalcenter.org/wp-content/uploads/2022/06/NEWDIGS-Research-Brief-2020F207v51-PipelineAnalysis.pdf,verified-from-source,"Table 1 total row (mean cumulative product-indication US approvals, all conditions, excluding programs originating in China, including non-cancer preclinical programs). Columns are Initial, 2021, 2022, 2023, 2025, 2030 only."
S16-predecessor,MIT NEWDIGS Research Brief 2020F207-v051 Pipeline Analysis: Updated projection of US durable cell and gene therapies product-indication approvals based on December 2019 development pipeline,US,approvals_cumulative,base (excl. China-origin programs; incl. preclinical),2025,,31.9,,cumulative US product-indication approvals (mean),Table 1. Mean cumulative product-indication US approvals by therapeutic class. Excludes local programs originating in China. Total row: Initial 6.0; 2021 9.6; 2022 13.0; 2023 17.9; 2025 31.9; 2030 62.4,https://newdigs.tuftsmedicalcenter.org/wp-content/uploads/2022/06/NEWDIGS-Research-Brief-2020F207v51-PipelineAnalysis.pdf,verified-from-source,"Table 1 total row (mean cumulative product-indication US approvals, all conditions, excluding programs originating in China, including non-cancer preclinical programs). Columns are Initial, 2021, 2022, 2023, 2025, 2030 only."
S16-predecessor,MIT NEWDIGS Research Brief 2020F207-v051 Pipeline Analysis: Updated projection of US durable cell and gene therapies product-indication approvals based on December 2019 development pipeline,US,approvals_cumulative,base (excl. China-origin programs; incl. preclinical),2030,52,62.4,74,cumulative US product-indication approvals (mean),Table 1. Mean cumulative product-indication US approvals by therapeutic class. Excludes local programs originating in China. Total row: Initial 6.0; 2021 9.6; 2022 13.0; 2023 17.9; 2025 31.9; 2030 62.4,https://newdigs.tuftsmedicalcenter.org/wp-content/uploads/2022/06/NEWDIGS-Research-Brief-2020F207v51-PipelineAnalysis.pdf,verified-from-source,"Table 1 total row (mean cumulative product-indication US approvals, all conditions, excluding programs originating in China, including non-cancer preclinical programs). Columns are Initial, 2021, 2022, 2023, 2025, 2030 only. Text: 'The median PAM projection is for about 60 cumulative product-indication US approvals by 2030. The 95th percentile projection indicates 74 approvals while the 5th percentile projection indicates 52 approvals (Figure 1).' value_low/high = 5th/95th percentile; value_point = Table 1 mean 62.4 (median about 60)."
S16-predecessor,MIT NEWDIGS Research Brief 2020F207-v051 Pipeline Analysis: Updated projection of US durable cell and gene therapies product-indication approvals based on December 2019 development pipeline,US,approvals_cumulative,base (excl. China-origin programs; incl. preclinical); by therapeutic class,,,,,cumulative US product-indication approvals (mean); columns Initial/2021/2022/2023/2025/2030,"Table 1: Cancer, hematological 3/4.1/4.8/6.6/13.4/28.3; Cancer, solid tumor 0/0.0/0.0/0.2/0.7/1.8; Cardiovascular 0/0.0/0.0/0.1/0.1/0.3; Hematology 0/1.2/2.4/3.5/5.1/7.6; Immunological 0/0.0/0.2/0.7/1.6/2.9; Metabolic 0/0.1/0.4/0.9/2.4/6.5; Musculoskeletal 0/0.0/0.0/0.2/0.6/1.6; Neurological 1/1.3/1.5/1.5/2.0/4.2; Ophthalmological 2/2.6/3.2/3.8/4.8/6.7; Other 0/0.2/0.4/0.6/1.2/2.6; Total 6.0/9.6/13.0/17.9/31.9/62.4",https://newdigs.tuftsmedicalcenter.org/wp-content/uploads/2022/06/NEWDIGS-Research-Brief-2020F207v51-PipelineAnalysis.pdf,verified-from-source,Text: 'Hematological cancer therapies account for 45% of mean 2030 total approvals. All non-cancer therapies make up 52% of mean 2030 cumulative approvals.'
S16-predecessor,MIT NEWDIGS Research Brief 2020F207-v051 Pipeline Analysis: Updated projection of US durable cell and gene therapies product-indication approvals based on December 2019 development pipeline,US,approvals_cumulative,"base; full range of 100,000 Monte Carlo projections",2030,40,,90,cumulative US product-indication approvals (range of projections),The broad range of 40 - 90 possible 2030 cumulative product-indication approvals results from the significant uncertainties of both estimating development phase success rate and duration distributions and then using them in a Monte Carlo simulation.,https://newdigs.tuftsmedicalcenter.org/wp-content/uploads/2022/06/NEWDIGS-Research-Brief-2020F207v51-PipelineAnalysis.pdf,verified-from-source,Key takeaways also state '60+ US product-indication approvals are likely by 2030' and 'Therapies from China might grow the total to 90+ product indications if they seek FDA review.'
S16-predecessor,MIT NEWDIGS Research Brief 2020F207-v051 Pipeline Analysis: Updated projection of US durable cell and gene therapies product-indication approvals based on December 2019 development pipeline,US,approvals_per_year,base (excl. China-origin programs; incl. preclinical),2020,,1.8,,US product-indication approvals per year (mean; derived),Derived from Table 1 total row: Initial 6.0; 2021 9.6; 2022 13.0; 2023 17.9; 2025 31.9; 2030 62.4,https://newdigs.tuftsmedicalcenter.org/wp-content/uploads/2022/06/NEWDIGS-Research-Brief-2020F207v51-PipelineAnalysis.pdf,derived,two-year average: (9.6 - 6.0)/2 over 2020-2021 (Table 1 has no 2020 column)
S16-predecessor,MIT NEWDIGS Research Brief 2020F207-v051 Pipeline Analysis: Updated projection of US durable cell and gene therapies product-indication approvals based on December 2019 development pipeline,US,approvals_per_year,base (excl. China-origin programs; incl. preclinical),2021,,1.8,,US product-indication approvals per year (mean; derived),Derived from Table 1 total row: Initial 6.0; 2021 9.6; 2022 13.0; 2023 17.9; 2025 31.9; 2030 62.4,https://newdigs.tuftsmedicalcenter.org/wp-content/uploads/2022/06/NEWDIGS-Research-Brief-2020F207v51-PipelineAnalysis.pdf,derived,two-year average: (9.6 - 6.0)/2 over 2020-2021
S16-predecessor,MIT NEWDIGS Research Brief 2020F207-v051 Pipeline Analysis: Updated projection of US durable cell and gene therapies product-indication approvals based on December 2019 development pipeline,US,approvals_per_year,base (excl. China-origin programs; incl. preclinical),2022,,3.4,,US product-indication approvals per year (mean; derived),Derived from Table 1 total row: Initial 6.0; 2021 9.6; 2022 13.0; 2023 17.9; 2025 31.9; 2030 62.4,https://newdigs.tuftsmedicalcenter.org/wp-content/uploads/2022/06/NEWDIGS-Research-Brief-2020F207v51-PipelineAnalysis.pdf,derived,"13.0 - 9.6 (Table 1, single-year difference)"
S16-predecessor,MIT NEWDIGS Research Brief 2020F207-v051 Pipeline Analysis: Updated projection of US durable cell and gene therapies product-indication approvals based on December 2019 development pipeline,US,approvals_per_year,base (excl. China-origin programs; incl. preclinical),2023,,4.9,,US product-indication approvals per year (mean; derived),Derived from Table 1 total row: Initial 6.0; 2021 9.6; 2022 13.0; 2023 17.9; 2025 31.9; 2030 62.4,https://newdigs.tuftsmedicalcenter.org/wp-content/uploads/2022/06/NEWDIGS-Research-Brief-2020F207v51-PipelineAnalysis.pdf,derived,"17.9 - 13.0 (Table 1, single-year difference)"
S16-predecessor,MIT NEWDIGS Research Brief 2020F207-v051 Pipeline Analysis: Updated projection of US durable cell and gene therapies product-indication approvals based on December 2019 development pipeline,US,approvals_per_year,base (excl. China-origin programs; incl. preclinical),2024,,7.0,,US product-indication approvals per year (mean; derived),Derived from Table 1 total row: Initial 6.0; 2021 9.6; 2022 13.0; 2023 17.9; 2025 31.9; 2030 62.4,https://newdigs.tuftsmedicalcenter.org/wp-content/uploads/2022/06/NEWDIGS-Research-Brief-2020F207v51-PipelineAnalysis.pdf,derived,two-year average: (31.9 - 17.9)/2 over 2024-2025 (Table 1 has no 2024 column)
S16-predecessor,MIT NEWDIGS Research Brief 2020F207-v051 Pipeline Analysis: Updated projection of US durable cell and gene therapies product-indication approvals based on December 2019 development pipeline,US,approvals_per_year,base (excl. China-origin programs; incl. preclinical),2025,,7.0,,US product-indication approvals per year (mean; derived),Derived from Table 1 total row: Initial 6.0; 2021 9.6; 2022 13.0; 2023 17.9; 2025 31.9; 2030 62.4,https://newdigs.tuftsmedicalcenter.org/wp-content/uploads/2022/06/NEWDIGS-Research-Brief-2020F207v51-PipelineAnalysis.pdf,derived,two-year average: (31.9 - 17.9)/2 over 2024-2025
S16-predecessor,MIT NEWDIGS Research Brief 2020F207-v051 Pipeline Analysis: Updated projection of US durable cell and gene therapies product-indication approvals based on December 2019 development pipeline,US,approvals_per_year,base (excl. China-origin programs; incl. preclinical),2026,,6.1,,US product-indication approvals per year (mean; derived),Derived from Table 1 total row: Initial 6.0; 2021 9.6; 2022 13.0; 2023 17.9; 2025 31.9; 2030 62.4,https://newdigs.tuftsmedicalcenter.org/wp-content/uploads/2022/06/NEWDIGS-Research-Brief-2020F207v51-PipelineAnalysis.pdf,derived,five-year average: (62.4 - 31.9)/5 over 2026-2030 (Table 1 has no 2026-2029 columns)
S16-predecessor,MIT NEWDIGS Research Brief 2020F207-v051 Pipeline Analysis: Updated projection of US durable cell and gene therapies product-indication approvals based on December 2019 development pipeline,US,approvals_per_year,base (excl. China-origin programs; incl. preclinical),2027,,6.1,,US product-indication approvals per year (mean; derived),Derived from Table 1 total row: Initial 6.0; 2021 9.6; 2022 13.0; 2023 17.9; 2025 31.9; 2030 62.4,https://newdigs.tuftsmedicalcenter.org/wp-content/uploads/2022/06/NEWDIGS-Research-Brief-2020F207v51-PipelineAnalysis.pdf,derived,five-year average: (62.4 - 31.9)/5 over 2026-2030
S16-predecessor,MIT NEWDIGS Research Brief 2020F207-v051 Pipeline Analysis: Updated projection of US durable cell and gene therapies product-indication approvals based on December 2019 development pipeline,US,approvals_per_year,base (excl. China-origin programs; incl. preclinical),2028,,6.1,,US product-indication approvals per year (mean; derived),Derived from Table 1 total row: Initial 6.0; 2021 9.6; 2022 13.0; 2023 17.9; 2025 31.9; 2030 62.4,https://newdigs.tuftsmedicalcenter.org/wp-content/uploads/2022/06/NEWDIGS-Research-Brief-2020F207v51-PipelineAnalysis.pdf,derived,five-year average: (62.4 - 31.9)/5 over 2026-2030
S16-predecessor,MIT NEWDIGS Research Brief 2020F207-v051 Pipeline Analysis: Updated projection of US durable cell and gene therapies product-indication approvals based on December 2019 development pipeline,US,approvals_per_year,base (excl. China-origin programs; incl. preclinical),2029,,6.1,,US product-indication approvals per year (mean; derived),Derived from Table 1 total row: Initial 6.0; 2021 9.6; 2022 13.0; 2023 17.9; 2025 31.9; 2030 62.4,https://newdigs.tuftsmedicalcenter.org/wp-content/uploads/2022/06/NEWDIGS-Research-Brief-2020F207v51-PipelineAnalysis.pdf,derived,five-year average: (62.4 - 31.9)/5 over 2026-2030
S16-predecessor,MIT NEWDIGS Research Brief 2020F207-v051 Pipeline Analysis: Updated projection of US durable cell and gene therapies product-indication approvals based on December 2019 development pipeline,US,approvals_per_year,base (excl. China-origin programs; incl. preclinical),2030,,6.1,,US product-indication approvals per year (mean; derived),Derived from Table 1 total row: Initial 6.0; 2021 9.6; 2022 13.0; 2023 17.9; 2025 31.9; 2030 62.4,https://newdigs.tuftsmedicalcenter.org/wp-content/uploads/2022/06/NEWDIGS-Research-Brief-2020F207v51-PipelineAnalysis.pdf,derived,five-year average: (62.4 - 31.9)/5 over 2026-2030
S16-predecessor,MIT NEWDIGS Research Brief 2020F207-v051 Pipeline Analysis: Updated projection of US durable cell and gene therapies product-indication approvals based on December 2019 development pipeline,US,approvals_cumulative,monogenic conditions subset (median; excl. China-origin programs),2019,,3.0,,cumulative US product-indication approvals (median),Table 2. Monogenic conditions subset: Median cumulative product-indication US approvals by therapeutic class (Excludes programs originating in China). Cardiovascular 0/0.0/0.0/0.0/0.1/0.2; Hematology 0/1.2/2.4/3.4/5.1/7.6; Immunological 0/0.0/0.2/0.7/1.6/2.8; Metabolic 0/0.1/0.4/0.9/2.3/5.9; Musculoskeletal 0/0.0/0.0/0.2/0.6/1.5; Neurological 1/1.3/1.4/1.5/1.9/3.7; Ophthalmological 2/2.6/3.2/3.7/4.7/6.3; Other 0/0.0/0.1/0.2/0.7/2.0; Total 3.0/5.3/7.8/10.7/17.1/30.0,https://newdigs.tuftsmedicalcenter.org/wp-content/uploads/2022/06/NEWDIGS-Research-Brief-2020F207v51-PipelineAnalysis.pdf,verified-from-source,"Table 2 total row (median cumulative approvals, monogenic-condition subset, excl. China). 'Initial' recorded as 2019."
S16-predecessor,MIT NEWDIGS Research Brief 2020F207-v051 Pipeline Analysis: Updated projection of US durable cell and gene therapies product-indication approvals based on December 2019 development pipeline,US,approvals_cumulative,monogenic conditions subset (median; excl. China-origin programs),2021,,5.3,,cumulative US product-indication approvals (median),Table 2. Monogenic conditions subset: Median cumulative product-indication US approvals by therapeutic class (Excludes programs originating in China). Cardiovascular 0/0.0/0.0/0.0/0.1/0.2; Hematology 0/1.2/2.4/3.4/5.1/7.6; Immunological 0/0.0/0.2/0.7/1.6/2.8; Metabolic 0/0.1/0.4/0.9/2.3/5.9; Musculoskeletal 0/0.0/0.0/0.2/0.6/1.5; Neurological 1/1.3/1.4/1.5/1.9/3.7; Ophthalmological 2/2.6/3.2/3.7/4.7/6.3; Other 0/0.0/0.1/0.2/0.7/2.0; Total 3.0/5.3/7.8/10.7/17.1/30.0,https://newdigs.tuftsmedicalcenter.org/wp-content/uploads/2022/06/NEWDIGS-Research-Brief-2020F207v51-PipelineAnalysis.pdf,verified-from-source,"Table 2 total row (median cumulative approvals, monogenic-condition subset, excl. China). 'Initial' recorded as 2019."
S16-predecessor,MIT NEWDIGS Research Brief 2020F207-v051 Pipeline Analysis: Updated projection of US durable cell and gene therapies product-indication approvals based on December 2019 development pipeline,US,approvals_cumulative,monogenic conditions subset (median; excl. China-origin programs),2022,,7.8,,cumulative US product-indication approvals (median),Table 2. Monogenic conditions subset: Median cumulative product-indication US approvals by therapeutic class (Excludes programs originating in China). Cardiovascular 0/0.0/0.0/0.0/0.1/0.2; Hematology 0/1.2/2.4/3.4/5.1/7.6; Immunological 0/0.0/0.2/0.7/1.6/2.8; Metabolic 0/0.1/0.4/0.9/2.3/5.9; Musculoskeletal 0/0.0/0.0/0.2/0.6/1.5; Neurological 1/1.3/1.4/1.5/1.9/3.7; Ophthalmological 2/2.6/3.2/3.7/4.7/6.3; Other 0/0.0/0.1/0.2/0.7/2.0; Total 3.0/5.3/7.8/10.7/17.1/30.0,https://newdigs.tuftsmedicalcenter.org/wp-content/uploads/2022/06/NEWDIGS-Research-Brief-2020F207v51-PipelineAnalysis.pdf,verified-from-source,"Table 2 total row (median cumulative approvals, monogenic-condition subset, excl. China). 'Initial' recorded as 2019."
S16-predecessor,MIT NEWDIGS Research Brief 2020F207-v051 Pipeline Analysis: Updated projection of US durable cell and gene therapies product-indication approvals based on December 2019 development pipeline,US,approvals_cumulative,monogenic conditions subset (median; excl. China-origin programs),2023,,10.7,,cumulative US product-indication approvals (median),Table 2. Monogenic conditions subset: Median cumulative product-indication US approvals by therapeutic class (Excludes programs originating in China). Cardiovascular 0/0.0/0.0/0.0/0.1/0.2; Hematology 0/1.2/2.4/3.4/5.1/7.6; Immunological 0/0.0/0.2/0.7/1.6/2.8; Metabolic 0/0.1/0.4/0.9/2.3/5.9; Musculoskeletal 0/0.0/0.0/0.2/0.6/1.5; Neurological 1/1.3/1.4/1.5/1.9/3.7; Ophthalmological 2/2.6/3.2/3.7/4.7/6.3; Other 0/0.0/0.1/0.2/0.7/2.0; Total 3.0/5.3/7.8/10.7/17.1/30.0,https://newdigs.tuftsmedicalcenter.org/wp-content/uploads/2022/06/NEWDIGS-Research-Brief-2020F207v51-PipelineAnalysis.pdf,verified-from-source,"Table 2 total row (median cumulative approvals, monogenic-condition subset, excl. China). 'Initial' recorded as 2019."
S16-predecessor,MIT NEWDIGS Research Brief 2020F207-v051 Pipeline Analysis: Updated projection of US durable cell and gene therapies product-indication approvals based on December 2019 development pipeline,US,approvals_cumulative,monogenic conditions subset (median; excl. China-origin programs),2025,,17.1,,cumulative US product-indication approvals (median),Table 2. Monogenic conditions subset: Median cumulative product-indication US approvals by therapeutic class (Excludes programs originating in China). Cardiovascular 0/0.0/0.0/0.0/0.1/0.2; Hematology 0/1.2/2.4/3.4/5.1/7.6; Immunological 0/0.0/0.2/0.7/1.6/2.8; Metabolic 0/0.1/0.4/0.9/2.3/5.9; Musculoskeletal 0/0.0/0.0/0.2/0.6/1.5; Neurological 1/1.3/1.4/1.5/1.9/3.7; Ophthalmological 2/2.6/3.2/3.7/4.7/6.3; Other 0/0.0/0.1/0.2/0.7/2.0; Total 3.0/5.3/7.8/10.7/17.1/30.0,https://newdigs.tuftsmedicalcenter.org/wp-content/uploads/2022/06/NEWDIGS-Research-Brief-2020F207v51-PipelineAnalysis.pdf,verified-from-source,"Table 2 total row (median cumulative approvals, monogenic-condition subset, excl. China). 'Initial' recorded as 2019."
S16-predecessor,MIT NEWDIGS Research Brief 2020F207-v051 Pipeline Analysis: Updated projection of US durable cell and gene therapies product-indication approvals based on December 2019 development pipeline,US,approvals_cumulative,monogenic conditions subset (median; excl. China-origin programs),2030,,30.0,,cumulative US product-indication approvals (median),Table 2. Monogenic conditions subset: Median cumulative product-indication US approvals by therapeutic class (Excludes programs originating in China). Cardiovascular 0/0.0/0.0/0.0/0.1/0.2; Hematology 0/1.2/2.4/3.4/5.1/7.6; Immunological 0/0.0/0.2/0.7/1.6/2.8; Metabolic 0/0.1/0.4/0.9/2.3/5.9; Musculoskeletal 0/0.0/0.0/0.2/0.6/1.5; Neurological 1/1.3/1.4/1.5/1.9/3.7; Ophthalmological 2/2.6/3.2/3.7/4.7/6.3; Other 0/0.0/0.1/0.2/0.7/2.0; Total 3.0/5.3/7.8/10.7/17.1/30.0,https://newdigs.tuftsmedicalcenter.org/wp-content/uploads/2022/06/NEWDIGS-Research-Brief-2020F207v51-PipelineAnalysis.pdf,verified-from-source,"Table 2 total row (median cumulative approvals, monogenic-condition subset, excl. China). 'Initial' recorded as 2019. Key takeaway: '30 product-indications (some currently in preclinical development) are likely to be approved for monogenic conditions'. Figure 2 shows 5th-95th percentile band (unlabelled, roughly 23-38 read off the axis; not recorded as values)."
S16-predecessor,MIT NEWDIGS Research Brief 2020F207-v051 Pipeline Analysis: Updated projection of US durable cell and gene therapies product-indication approvals based on December 2019 development pipeline,US,approvals_cumulative,excluding preclinical programs (non-cancer gene therapies; excl. China-origin programs),2019,,3.0,,cumulative US product-indication approvals (mean),Table 4. Cumulative mean aggregate approvals of gene therapies by therapeutic class (excluding preclinical developments and programs originating in China). Cardiovascular 0/0.0/0.0/0.0/0.1/0.2; Hematology 0/1.2/2.4/3.4/5.0/6.8; Immunological 0/0.0/0.2/0.6/1.5/2.3; Metabolic 0/0.1/0.4/0.9/2.0/3.7; Musculoskeletal 0/0.0/0.0/0.1/0.5/0.8; Neurological 1/1.3/1.5/1.5/1.7/2.1; Ophthalmological 2/2.6/3.2/3.7/4.7/5.7; Other 0/0.2/0.4/0.6/1.0/1.6; Total 3.0/5.5/8.1/11.0/16.5/23.4,https://newdigs.tuftsmedicalcenter.org/wp-content/uploads/2022/06/NEWDIGS-Research-Brief-2020F207v51-PipelineAnalysis.pdf,verified-from-source,"Table 4 total row (mean cumulative approvals of gene therapies, excluding preclinical developments and China-origin programs). 'Initial' recorded as 2019."
S16-predecessor,MIT NEWDIGS Research Brief 2020F207-v051 Pipeline Analysis: Updated projection of US durable cell and gene therapies product-indication approvals based on December 2019 development pipeline,US,approvals_cumulative,excluding preclinical programs (non-cancer gene therapies; excl. China-origin programs),2021,,5.5,,cumulative US product-indication approvals (mean),Table 4. Cumulative mean aggregate approvals of gene therapies by therapeutic class (excluding preclinical developments and programs originating in China). Cardiovascular 0/0.0/0.0/0.0/0.1/0.2; Hematology 0/1.2/2.4/3.4/5.0/6.8; Immunological 0/0.0/0.2/0.6/1.5/2.3; Metabolic 0/0.1/0.4/0.9/2.0/3.7; Musculoskeletal 0/0.0/0.0/0.1/0.5/0.8; Neurological 1/1.3/1.5/1.5/1.7/2.1; Ophthalmological 2/2.6/3.2/3.7/4.7/5.7; Other 0/0.2/0.4/0.6/1.0/1.6; Total 3.0/5.5/8.1/11.0/16.5/23.4,https://newdigs.tuftsmedicalcenter.org/wp-content/uploads/2022/06/NEWDIGS-Research-Brief-2020F207v51-PipelineAnalysis.pdf,verified-from-source,"Table 4 total row (mean cumulative approvals of gene therapies, excluding preclinical developments and China-origin programs). 'Initial' recorded as 2019."
S16-predecessor,MIT NEWDIGS Research Brief 2020F207-v051 Pipeline Analysis: Updated projection of US durable cell and gene therapies product-indication approvals based on December 2019 development pipeline,US,approvals_cumulative,excluding preclinical programs (non-cancer gene therapies; excl. China-origin programs),2022,,8.1,,cumulative US product-indication approvals (mean),Table 4. Cumulative mean aggregate approvals of gene therapies by therapeutic class (excluding preclinical developments and programs originating in China). Cardiovascular 0/0.0/0.0/0.0/0.1/0.2; Hematology 0/1.2/2.4/3.4/5.0/6.8; Immunological 0/0.0/0.2/0.6/1.5/2.3; Metabolic 0/0.1/0.4/0.9/2.0/3.7; Musculoskeletal 0/0.0/0.0/0.1/0.5/0.8; Neurological 1/1.3/1.5/1.5/1.7/2.1; Ophthalmological 2/2.6/3.2/3.7/4.7/5.7; Other 0/0.2/0.4/0.6/1.0/1.6; Total 3.0/5.5/8.1/11.0/16.5/23.4,https://newdigs.tuftsmedicalcenter.org/wp-content/uploads/2022/06/NEWDIGS-Research-Brief-2020F207v51-PipelineAnalysis.pdf,verified-from-source,"Table 4 total row (mean cumulative approvals of gene therapies, excluding preclinical developments and China-origin programs). 'Initial' recorded as 2019."
S16-predecessor,MIT NEWDIGS Research Brief 2020F207-v051 Pipeline Analysis: Updated projection of US durable cell and gene therapies product-indication approvals based on December 2019 development pipeline,US,approvals_cumulative,excluding preclinical programs (non-cancer gene therapies; excl. China-origin programs),2023,,11.0,,cumulative US product-indication approvals (mean),Table 4. Cumulative mean aggregate approvals of gene therapies by therapeutic class (excluding preclinical developments and programs originating in China). Cardiovascular 0/0.0/0.0/0.0/0.1/0.2; Hematology 0/1.2/2.4/3.4/5.0/6.8; Immunological 0/0.0/0.2/0.6/1.5/2.3; Metabolic 0/0.1/0.4/0.9/2.0/3.7; Musculoskeletal 0/0.0/0.0/0.1/0.5/0.8; Neurological 1/1.3/1.5/1.5/1.7/2.1; Ophthalmological 2/2.6/3.2/3.7/4.7/5.7; Other 0/0.2/0.4/0.6/1.0/1.6; Total 3.0/5.5/8.1/11.0/16.5/23.4,https://newdigs.tuftsmedicalcenter.org/wp-content/uploads/2022/06/NEWDIGS-Research-Brief-2020F207v51-PipelineAnalysis.pdf,verified-from-source,"Table 4 total row (mean cumulative approvals of gene therapies, excluding preclinical developments and China-origin programs). 'Initial' recorded as 2019."
S16-predecessor,MIT NEWDIGS Research Brief 2020F207-v051 Pipeline Analysis: Updated projection of US durable cell and gene therapies product-indication approvals based on December 2019 development pipeline,US,approvals_cumulative,excluding preclinical programs (non-cancer gene therapies; excl. China-origin programs),2025,,16.5,,cumulative US product-indication approvals (mean),Table 4. Cumulative mean aggregate approvals of gene therapies by therapeutic class (excluding preclinical developments and programs originating in China). Cardiovascular 0/0.0/0.0/0.0/0.1/0.2; Hematology 0/1.2/2.4/3.4/5.0/6.8; Immunological 0/0.0/0.2/0.6/1.5/2.3; Metabolic 0/0.1/0.4/0.9/2.0/3.7; Musculoskeletal 0/0.0/0.0/0.1/0.5/0.8; Neurological 1/1.3/1.5/1.5/1.7/2.1; Ophthalmological 2/2.6/3.2/3.7/4.7/5.7; Other 0/0.2/0.4/0.6/1.0/1.6; Total 3.0/5.5/8.1/11.0/16.5/23.4,https://newdigs.tuftsmedicalcenter.org/wp-content/uploads/2022/06/NEWDIGS-Research-Brief-2020F207v51-PipelineAnalysis.pdf,verified-from-source,"Table 4 total row (mean cumulative approvals of gene therapies, excluding preclinical developments and China-origin programs). 'Initial' recorded as 2019."
S16-predecessor,MIT NEWDIGS Research Brief 2020F207-v051 Pipeline Analysis: Updated projection of US durable cell and gene therapies product-indication approvals based on December 2019 development pipeline,US,approvals_cumulative,excluding preclinical programs (non-cancer gene therapies; excl. China-origin programs),2030,,23.4,,cumulative US product-indication approvals (mean),Table 4. Cumulative mean aggregate approvals of gene therapies by therapeutic class (excluding preclinical developments and programs originating in China). Cardiovascular 0/0.0/0.0/0.0/0.1/0.2; Hematology 0/1.2/2.4/3.4/5.0/6.8; Immunological 0/0.0/0.2/0.6/1.5/2.3; Metabolic 0/0.1/0.4/0.9/2.0/3.7; Musculoskeletal 0/0.0/0.0/0.1/0.5/0.8; Neurological 1/1.3/1.5/1.5/1.7/2.1; Ophthalmological 2/2.6/3.2/3.7/4.7/5.7; Other 0/0.2/0.4/0.6/1.0/1.6; Total 3.0/5.5/8.1/11.0/16.5/23.4,https://newdigs.tuftsmedicalcenter.org/wp-content/uploads/2022/06/NEWDIGS-Research-Brief-2020F207v51-PipelineAnalysis.pdf,verified-from-source,"Table 4 total row (mean cumulative approvals of gene therapies, excluding preclinical developments and China-origin programs). 'Initial' recorded as 2019. Key takeaway: '24 non-oncology product indications are likely to be approved from the existing clinical pipeline (i.e. excluding preclinical programs)'. Text: 'around 25% of the non-cancer mean forecast approvals came from preclinical developments.'"
S16-predecessor,MIT NEWDIGS Research Brief 2020F207-v051 Pipeline Analysis: Updated projection of US durable cell and gene therapies product-indication approvals based on December 2019 development pipeline,US,approvals_cumulative,including China-origin programs,2019,,6.0,,cumulative US product-indication approvals (mean),"Table 3. Cumulative mean aggregate approvals by therapeutic class (including therapies originating in China). Cancer, hematological 3/4.7/6.4/10.5/25.1/57.0; Cancer, solid tumor 0/0.0/0.1/0.3/1.1/2.6; Cardiovascular 0/0.0/0.1/0.3/0.5/0.7; Hematology 0/1.2/2.4/3.5/5.3/8.0; Immunological 0/0.0/0.3/0.7/1.9/3.4; Metabolic 0/0.1/0.4/0.9/2.4/6.5; Musculoskeletal 0/0.0/0.0/0.2/0.6/1.6; Neurological 1/1.3/1.5/1.7/2.4/5.0; Ophthalmological 2/2.8/3.6/4.2/5.3/7.3; Other 0/0.2/0.4/0.6/1.2/2.6; Total 6.0/10.4/15.1/22.8/45.8/94.5",https://newdigs.tuftsmedicalcenter.org/wp-content/uploads/2022/06/NEWDIGS-Research-Brief-2020F207v51-PipelineAnalysis.pdf,verified-from-source,Table 3 total row (mean cumulative approvals including programs originating in China). 'Initial' recorded as 2019.
S16-predecessor,MIT NEWDIGS Research Brief 2020F207-v051 Pipeline Analysis: Updated projection of US durable cell and gene therapies product-indication approvals based on December 2019 development pipeline,US,approvals_cumulative,including China-origin programs,2021,,10.4,,cumulative US product-indication approvals (mean),"Table 3. Cumulative mean aggregate approvals by therapeutic class (including therapies originating in China). Cancer, hematological 3/4.7/6.4/10.5/25.1/57.0; Cancer, solid tumor 0/0.0/0.1/0.3/1.1/2.6; Cardiovascular 0/0.0/0.1/0.3/0.5/0.7; Hematology 0/1.2/2.4/3.5/5.3/8.0; Immunological 0/0.0/0.3/0.7/1.9/3.4; Metabolic 0/0.1/0.4/0.9/2.4/6.5; Musculoskeletal 0/0.0/0.0/0.2/0.6/1.6; Neurological 1/1.3/1.5/1.7/2.4/5.0; Ophthalmological 2/2.8/3.6/4.2/5.3/7.3; Other 0/0.2/0.4/0.6/1.2/2.6; Total 6.0/10.4/15.1/22.8/45.8/94.5",https://newdigs.tuftsmedicalcenter.org/wp-content/uploads/2022/06/NEWDIGS-Research-Brief-2020F207v51-PipelineAnalysis.pdf,verified-from-source,Table 3 total row (mean cumulative approvals including programs originating in China). 'Initial' recorded as 2019.
S16-predecessor,MIT NEWDIGS Research Brief 2020F207-v051 Pipeline Analysis: Updated projection of US durable cell and gene therapies product-indication approvals based on December 2019 development pipeline,US,approvals_cumulative,including China-origin programs,2022,,15.1,,cumulative US product-indication approvals (mean),"Table 3. Cumulative mean aggregate approvals by therapeutic class (including therapies originating in China). Cancer, hematological 3/4.7/6.4/10.5/25.1/57.0; Cancer, solid tumor 0/0.0/0.1/0.3/1.1/2.6; Cardiovascular 0/0.0/0.1/0.3/0.5/0.7; Hematology 0/1.2/2.4/3.5/5.3/8.0; Immunological 0/0.0/0.3/0.7/1.9/3.4; Metabolic 0/0.1/0.4/0.9/2.4/6.5; Musculoskeletal 0/0.0/0.0/0.2/0.6/1.6; Neurological 1/1.3/1.5/1.7/2.4/5.0; Ophthalmological 2/2.8/3.6/4.2/5.3/7.3; Other 0/0.2/0.4/0.6/1.2/2.6; Total 6.0/10.4/15.1/22.8/45.8/94.5",https://newdigs.tuftsmedicalcenter.org/wp-content/uploads/2022/06/NEWDIGS-Research-Brief-2020F207v51-PipelineAnalysis.pdf,verified-from-source,Table 3 total row (mean cumulative approvals including programs originating in China). 'Initial' recorded as 2019.
S16-predecessor,MIT NEWDIGS Research Brief 2020F207-v051 Pipeline Analysis: Updated projection of US durable cell and gene therapies product-indication approvals based on December 2019 development pipeline,US,approvals_cumulative,including China-origin programs,2023,,22.8,,cumulative US product-indication approvals (mean),"Table 3. Cumulative mean aggregate approvals by therapeutic class (including therapies originating in China). Cancer, hematological 3/4.7/6.4/10.5/25.1/57.0; Cancer, solid tumor 0/0.0/0.1/0.3/1.1/2.6; Cardiovascular 0/0.0/0.1/0.3/0.5/0.7; Hematology 0/1.2/2.4/3.5/5.3/8.0; Immunological 0/0.0/0.3/0.7/1.9/3.4; Metabolic 0/0.1/0.4/0.9/2.4/6.5; Musculoskeletal 0/0.0/0.0/0.2/0.6/1.6; Neurological 1/1.3/1.5/1.7/2.4/5.0; Ophthalmological 2/2.8/3.6/4.2/5.3/7.3; Other 0/0.2/0.4/0.6/1.2/2.6; Total 6.0/10.4/15.1/22.8/45.8/94.5",https://newdigs.tuftsmedicalcenter.org/wp-content/uploads/2022/06/NEWDIGS-Research-Brief-2020F207v51-PipelineAnalysis.pdf,verified-from-source,Table 3 total row (mean cumulative approvals including programs originating in China). 'Initial' recorded as 2019.
S16-predecessor,MIT NEWDIGS Research Brief 2020F207-v051 Pipeline Analysis: Updated projection of US durable cell and gene therapies product-indication approvals based on December 2019 development pipeline,US,approvals_cumulative,including China-origin programs,2025,,45.8,,cumulative US product-indication approvals (mean),"Table 3. Cumulative mean aggregate approvals by therapeutic class (including therapies originating in China). Cancer, hematological 3/4.7/6.4/10.5/25.1/57.0; Cancer, solid tumor 0/0.0/0.1/0.3/1.1/2.6; Cardiovascular 0/0.0/0.1/0.3/0.5/0.7; Hematology 0/1.2/2.4/3.5/5.3/8.0; Immunological 0/0.0/0.3/0.7/1.9/3.4; Metabolic 0/0.1/0.4/0.9/2.4/6.5; Musculoskeletal 0/0.0/0.0/0.2/0.6/1.6; Neurological 1/1.3/1.5/1.7/2.4/5.0; Ophthalmological 2/2.8/3.6/4.2/5.3/7.3; Other 0/0.2/0.4/0.6/1.2/2.6; Total 6.0/10.4/15.1/22.8/45.8/94.5",https://newdigs.tuftsmedicalcenter.org/wp-content/uploads/2022/06/NEWDIGS-Research-Brief-2020F207v51-PipelineAnalysis.pdf,verified-from-source,Table 3 total row (mean cumulative approvals including programs originating in China). 'Initial' recorded as 2019.
S16-predecessor,MIT NEWDIGS Research Brief 2020F207-v051 Pipeline Analysis: Updated projection of US durable cell and gene therapies product-indication approvals based on December 2019 development pipeline,US,approvals_cumulative,including China-origin programs,2030,,94.5,,cumulative US product-indication approvals (mean),"Table 3. Cumulative mean aggregate approvals by therapeutic class (including therapies originating in China). Cancer, hematological 3/4.7/6.4/10.5/25.1/57.0; Cancer, solid tumor 0/0.0/0.1/0.3/1.1/2.6; Cardiovascular 0/0.0/0.1/0.3/0.5/0.7; Hematology 0/1.2/2.4/3.5/5.3/8.0; Immunological 0/0.0/0.3/0.7/1.9/3.4; Metabolic 0/0.1/0.4/0.9/2.4/6.5; Musculoskeletal 0/0.0/0.0/0.2/0.6/1.6; Neurological 1/1.3/1.5/1.7/2.4/5.0; Ophthalmological 2/2.8/3.6/4.2/5.3/7.3; Other 0/0.2/0.4/0.6/1.2/2.6; Total 6.0/10.4/15.1/22.8/45.8/94.5",https://newdigs.tuftsmedicalcenter.org/wp-content/uploads/2022/06/NEWDIGS-Research-Brief-2020F207v51-PipelineAnalysis.pdf,verified-from-source,"Table 3 total row (mean cumulative approvals including programs originating in China). 'Initial' recorded as 2019. Text: 'more than 91% of the overall increase in approvals comes from oncology (primarily CAR-Ts or TCRs) with 97% of that oncology increase coming from treatments for hematological cancers ... while the model forecasts the potential for 30+ additional approvals, the upside may be far lower.'"
S16-predecessor,MIT NEWDIGS Research Brief 2020F207-v051 Pipeline Analysis: Updated projection of US durable cell and gene therapies product-indication approvals based on December 2019 development pipeline,US,assumption,base,,,,,,"Pipeline snapshot: 'Our forecasting set comprises all identified qualifying therapies with active trials or preclinical activity commencing on or before December 31, 2019.' Sources: Citeline Pharmaprojects (accessed December 2019) and clinicaltrials.gov (accessed December 2019), plus NLP and manual searches; only interventional trials with known status and phase; non-oncology therapies in advanced preclinical investigation identified from Pharmaprojects.",https://newdigs.tuftsmedicalcenter.org/wp-content/uploads/2022/06/NEWDIGS-Research-Brief-2020F207v51-PipelineAnalysis.pdf,verified-from-source,Pipeline snapshot date for this brief: 31 December 2019.
S16-predecessor,MIT NEWDIGS Research Brief 2020F207-v051 Pipeline Analysis: Updated projection of US durable cell and gene therapies product-indication approvals based on December 2019 development pipeline,US,assumption,base,,,,,,"Pipeline size: 'A total of 1,057 development programs for product-indication combinations were included in the forecasting model; there were 586 disease & genetic target pairings and 184 diseases overall ... These development programs include 232 preclinical gene therapies and 315 programs originating in China.'",https://newdigs.tuftsmedicalcenter.org/wp-content/uploads/2022/06/NEWDIGS-Research-Brief-2020F207v51-PipelineAnalysis.pdf,verified-from-source,"China-origin programs (315) excluded from the main results; shown as a scenario (Table 3, Figure 3)."
S16-predecessor,MIT NEWDIGS Research Brief 2020F207-v051 Pipeline Analysis: Updated projection of US durable cell and gene therapies product-indication approvals based on December 2019 development pipeline,US,assumption,base,,,,,,"Phase durations and success probabilities: 'trial duration distributions by development phase were estimated from a larger set of cell and gene therapies. These data were extracted from Pharmaprojects and clinicaltrials.gov in September 2018.' Phases: Phase 1, Phase 2 (incl. Phase 1/2), Phase 3 (incl. Phase 2/3); preclinical duration = first appearance on Pharmaprojects to first clinical trial. Success = '(i) commencement of a trial of a more advanced phase or (ii) submission of a New Drug Application (NDA) or a Biologics License Application (BLA)'. Multi-indication trials counted once per disease state.",https://newdigs.tuftsmedicalcenter.org/wp-content/uploads/2022/06/NEWDIGS-Research-Brief-2020F207v51-PipelineAnalysis.pdf,verified-from-source,Numerical success probabilities are not printed in the brief.
S16-predecessor,MIT NEWDIGS Research Brief 2020F207-v051 Pipeline Analysis: Updated projection of US durable cell and gene therapies product-indication approvals based on December 2019 development pipeline,US,assumption,base,,,,,,"Model: Markov Chain Monte Carlo; 100,000 iterations; for each development program the year of approval (if any) is summed across programs to create a product-indication approval projection. Exclusions: 'Mesenchymal stem cell therapies and those utilizing unmodified tumor infiltrating leukocytes are not included in our forecasting set.' Qualifying modalities: gene replacement (in vivo/ex vivo viral vectors), TCRs and CAR-engineered immune cells, gene editing (ZFN, TALEN, CRISPR-Cas9), long-acting DNA plasmids, with durable effects beyond 18 months.",https://newdigs.tuftsmedicalcenter.org/wp-content/uploads/2022/06/NEWDIGS-Research-Brief-2020F207v51-PipelineAnalysis.pdf,verified-from-source,Projection of approvals only; the brief gives no patients-treated or revenue series.
S16-predecessor,MIT NEWDIGS Research Brief 2020F207-v051 Pipeline Analysis: Updated projection of US durable cell and gene therapies product-indication approvals based on December 2019 development pipeline,US,patients_new_per_year,base,,,,,,Not projected in this brief (approvals only),https://newdigs.tuftsmedicalcenter.org/wp-content/uploads/2022/06/NEWDIGS-Research-Brief-2020F207v51-PipelineAnalysis.pdf,gap,The brief covers product-indication approvals only.
S17,Forecasting the potential impact of cell and gene therapies in France: projecting product launches and patients treated,France,bibliographic,base,,,,,,"Lee MK, Seyedmousavi S, Auvity S, Pourroy B, Elleboode V, Kachaner I, Jansen C, Lilliu H. Forecasting the potential impact of cell and gene therapies in France: projecting product launches and patients treated. Front Med (Lausanne). 2024;11:1324602. doi:10.3389/fmed.2024.1324602. PMCID PMC10910012. Received 24 Oct 2023; accepted 2 Feb 2024; published 19 Feb 2024. Open access.",https://www.ebi.ac.uk/europepmc/webservices/rest/PMC10910012/fullTextXML,verified-from-source,Read in full text (Europe PMC XML of PMC10910012; also cross-checked on the Frontiers page https://www.frontiersin.org/journals/medicine/articles/10.3389/fmed.2024.1324602/full). PMC page https://pmc.ncbi.nlm.nih.gov/articles/PMC10910012/ served a CAPTCHA to the tool.
S17,Forecasting the potential impact of cell and gene therapies in France: projecting product launches and patients treated,France,assumption,base,,,,,,"Abstract: 'To evaluate the potential impact of cell and gene therapies (CGTs) in France by forecasting the number of patients that will be treated with CGTs over the period 2023-2030 by therapeutic area and region ... Up to 44 new CGTs are forecasted to launch in France in the period 2023-2030, which translates into more than 69,400 newly treated patients in 2030.' Results text: 'An increase in CGT launches is forecasted from 2023 to 2027, followed by a decline after 2027.' 'the projected annual number of treated patients increases from 1,653 in 2023 to more than 69,400 patients by 2030'.",https://www.ebi.ac.uk/europepmc/webservices/rest/PMC10910012/fullTextXML,verified-from-source,Figures: Fig 2 launches per year; Fig 3 newly treated patients per year; Fig 4 annual treated patients by therapy area. Tables: T1 authorized CGTs in France at 31 Dec 2022; T2 probability of success; T3 launches by therapy area; T4 annual treated patients by therapy area.
S17,Forecasting the potential impact of cell and gene therapies in France: projecting product launches and patients treated,France,approvals_per_year,base (most expected launch scenario),2023,,3,,CGT product launches in France in the year,"Table 3. Forecasted CGT most expected launches per year in France by therapy area, 2023-2030 (Total row): 2023 3; 2024 5; 2025 5; 2026 7; 2027 8; 2028 7; 2029 7; 2030 2",https://www.ebi.ac.uk/europepmc/webservices/rest/PMC10910012/fullTextXML,verified-from-source,"Launches (market entry in France), not FDA/EMA approvals. Three launch-timing scenarios exist (pessimistic/base/optimistic, +-1 year); only the base scenario is tabulated in the main text."
S17,Forecasting the potential impact of cell and gene therapies in France: projecting product launches and patients treated,France,approvals_per_year,base (most expected launch scenario),2024,,5,,CGT product launches in France in the year,"Table 3. Forecasted CGT most expected launches per year in France by therapy area, 2023-2030 (Total row): 2023 3; 2024 5; 2025 5; 2026 7; 2027 8; 2028 7; 2029 7; 2030 2",https://www.ebi.ac.uk/europepmc/webservices/rest/PMC10910012/fullTextXML,verified-from-source,"Launches (market entry in France), not FDA/EMA approvals. Three launch-timing scenarios exist (pessimistic/base/optimistic, +-1 year); only the base scenario is tabulated in the main text."
S17,Forecasting the potential impact of cell and gene therapies in France: projecting product launches and patients treated,France,approvals_per_year,base (most expected launch scenario),2025,,5,,CGT product launches in France in the year,"Table 3. Forecasted CGT most expected launches per year in France by therapy area, 2023-2030 (Total row): 2023 3; 2024 5; 2025 5; 2026 7; 2027 8; 2028 7; 2029 7; 2030 2",https://www.ebi.ac.uk/europepmc/webservices/rest/PMC10910012/fullTextXML,verified-from-source,"Launches (market entry in France), not FDA/EMA approvals. Three launch-timing scenarios exist (pessimistic/base/optimistic, +-1 year); only the base scenario is tabulated in the main text."
S17,Forecasting the potential impact of cell and gene therapies in France: projecting product launches and patients treated,France,approvals_per_year,base (most expected launch scenario),2026,,7,,CGT product launches in France in the year,"Table 3. Forecasted CGT most expected launches per year in France by therapy area, 2023-2030 (Total row): 2023 3; 2024 5; 2025 5; 2026 7; 2027 8; 2028 7; 2029 7; 2030 2",https://www.ebi.ac.uk/europepmc/webservices/rest/PMC10910012/fullTextXML,verified-from-source,"Launches (market entry in France), not FDA/EMA approvals. Three launch-timing scenarios exist (pessimistic/base/optimistic, +-1 year); only the base scenario is tabulated in the main text."
S17,Forecasting the potential impact of cell and gene therapies in France: projecting product launches and patients treated,France,approvals_per_year,base (most expected launch scenario),2027,,8,,CGT product launches in France in the year,"Table 3. Forecasted CGT most expected launches per year in France by therapy area, 2023-2030 (Total row): 2023 3; 2024 5; 2025 5; 2026 7; 2027 8; 2028 7; 2029 7; 2030 2",https://www.ebi.ac.uk/europepmc/webservices/rest/PMC10910012/fullTextXML,verified-from-source,"Launches (market entry in France), not FDA/EMA approvals. Three launch-timing scenarios exist (pessimistic/base/optimistic, +-1 year); only the base scenario is tabulated in the main text."
S17,Forecasting the potential impact of cell and gene therapies in France: projecting product launches and patients treated,France,approvals_per_year,base (most expected launch scenario),2028,,7,,CGT product launches in France in the year,"Table 3. Forecasted CGT most expected launches per year in France by therapy area, 2023-2030 (Total row): 2023 3; 2024 5; 2025 5; 2026 7; 2027 8; 2028 7; 2029 7; 2030 2",https://www.ebi.ac.uk/europepmc/webservices/rest/PMC10910012/fullTextXML,verified-from-source,"Launches (market entry in France), not FDA/EMA approvals. Three launch-timing scenarios exist (pessimistic/base/optimistic, +-1 year); only the base scenario is tabulated in the main text."
S17,Forecasting the potential impact of cell and gene therapies in France: projecting product launches and patients treated,France,approvals_per_year,base (most expected launch scenario),2029,,7,,CGT product launches in France in the year,"Table 3. Forecasted CGT most expected launches per year in France by therapy area, 2023-2030 (Total row): 2023 3; 2024 5; 2025 5; 2026 7; 2027 8; 2028 7; 2029 7; 2030 2",https://www.ebi.ac.uk/europepmc/webservices/rest/PMC10910012/fullTextXML,verified-from-source,"Launches (market entry in France), not FDA/EMA approvals. Three launch-timing scenarios exist (pessimistic/base/optimistic, +-1 year); only the base scenario is tabulated in the main text."
S17,Forecasting the potential impact of cell and gene therapies in France: projecting product launches and patients treated,France,approvals_per_year,base (most expected launch scenario),2030,,2,,CGT product launches in France in the year,"Table 3. Forecasted CGT most expected launches per year in France by therapy area, 2023-2030 (Total row): 2023 3; 2024 5; 2025 5; 2026 7; 2027 8; 2028 7; 2029 7; 2030 2",https://www.ebi.ac.uk/europepmc/webservices/rest/PMC10910012/fullTextXML,verified-from-source,"Launches (market entry in France), not FDA/EMA approvals. Three launch-timing scenarios exist (pessimistic/base/optimistic, +-1 year); only the base scenario is tabulated in the main text."
S17,Forecasting the potential impact of cell and gene therapies in France: projecting product launches and patients treated,France,approvals_cumulative,base (most expected launch scenario),2023,,3,,cumulative CGT product launches in France from 2023,"Derived from Table 3 totals 3,5,5,7,8,7,7,2",https://www.ebi.ac.uk/europepmc/webservices/rest/PMC10910012/fullTextXML,derived,Running sum of Table 3 total row.
S17,Forecasting the potential impact of cell and gene therapies in France: projecting product launches and patients treated,France,approvals_cumulative,base (most expected launch scenario),2024,,8,,cumulative CGT product launches in France from 2023,"Derived from Table 3 totals 3,5,5,7,8,7,7,2",https://www.ebi.ac.uk/europepmc/webservices/rest/PMC10910012/fullTextXML,derived,Running sum of Table 3 total row.
S17,Forecasting the potential impact of cell and gene therapies in France: projecting product launches and patients treated,France,approvals_cumulative,base (most expected launch scenario),2025,,13,,cumulative CGT product launches in France from 2023,"Derived from Table 3 totals 3,5,5,7,8,7,7,2",https://www.ebi.ac.uk/europepmc/webservices/rest/PMC10910012/fullTextXML,derived,Running sum of Table 3 total row.
S17,Forecasting the potential impact of cell and gene therapies in France: projecting product launches and patients treated,France,approvals_cumulative,base (most expected launch scenario),2026,,20,,cumulative CGT product launches in France from 2023,"Derived from Table 3 totals 3,5,5,7,8,7,7,2",https://www.ebi.ac.uk/europepmc/webservices/rest/PMC10910012/fullTextXML,derived,Running sum of Table 3 total row.
S17,Forecasting the potential impact of cell and gene therapies in France: projecting product launches and patients treated,France,approvals_cumulative,base (most expected launch scenario),2027,,28,,cumulative CGT product launches in France from 2023,"Derived from Table 3 totals 3,5,5,7,8,7,7,2",https://www.ebi.ac.uk/europepmc/webservices/rest/PMC10910012/fullTextXML,derived,Running sum of Table 3 total row.
S17,Forecasting the potential impact of cell and gene therapies in France: projecting product launches and patients treated,France,approvals_cumulative,base (most expected launch scenario),2028,,35,,cumulative CGT product launches in France from 2023,"Derived from Table 3 totals 3,5,5,7,8,7,7,2",https://www.ebi.ac.uk/europepmc/webservices/rest/PMC10910012/fullTextXML,derived,Running sum of Table 3 total row.
S17,Forecasting the potential impact of cell and gene therapies in France: projecting product launches and patients treated,France,approvals_cumulative,base (most expected launch scenario),2029,,42,,cumulative CGT product launches in France from 2023,"Derived from Table 3 totals 3,5,5,7,8,7,7,2",https://www.ebi.ac.uk/europepmc/webservices/rest/PMC10910012/fullTextXML,derived,Running sum of Table 3 total row.
S17,Forecasting the potential impact of cell and gene therapies in France: projecting product launches and patients treated,France,approvals_cumulative,base (most expected launch scenario),2030,,44,,cumulative CGT product launches in France from 2023,"Derived from Table 3 totals 3,5,5,7,8,7,7,2",https://www.ebi.ac.uk/europepmc/webservices/rest/PMC10910012/fullTextXML,verified-from-source,Running sum of Table 3 total row. Matches abstract: 'Up to 44 new CGTs are forecasted to launch in France in the period 2023-2030' (verified).
S17,Forecasting the potential impact of cell and gene therapies in France: projecting product launches and patients treated,France,approvals_per_year,base; TA=Haemato-Oncology,2023,,1,,CGT product launches in France in the year (therapy area),Table 3 row 'Haemato-Oncology': 2023 1; 2024 0; 2025 0; 2026 1; 2027 2; 2028 3; 2029 3; 2030 1; Total 11,https://www.ebi.ac.uk/europepmc/webservices/rest/PMC10910012/fullTextXML,verified-from-source,Therapy-area breakdown of Table 3.
S17,Forecasting the potential impact of cell and gene therapies in France: projecting product launches and patients treated,France,approvals_per_year,base; TA=Haemato-Oncology,2024,,0,,CGT product launches in France in the year (therapy area),Table 3 row 'Haemato-Oncology': 2023 1; 2024 0; 2025 0; 2026 1; 2027 2; 2028 3; 2029 3; 2030 1; Total 11,https://www.ebi.ac.uk/europepmc/webservices/rest/PMC10910012/fullTextXML,verified-from-source,Therapy-area breakdown of Table 3.
S17,Forecasting the potential impact of cell and gene therapies in France: projecting product launches and patients treated,France,approvals_per_year,base; TA=Haemato-Oncology,2025,,0,,CGT product launches in France in the year (therapy area),Table 3 row 'Haemato-Oncology': 2023 1; 2024 0; 2025 0; 2026 1; 2027 2; 2028 3; 2029 3; 2030 1; Total 11,https://www.ebi.ac.uk/europepmc/webservices/rest/PMC10910012/fullTextXML,verified-from-source,Therapy-area breakdown of Table 3.
S17,Forecasting the potential impact of cell and gene therapies in France: projecting product launches and patients treated,France,approvals_per_year,base; TA=Haemato-Oncology,2026,,1,,CGT product launches in France in the year (therapy area),Table 3 row 'Haemato-Oncology': 2023 1; 2024 0; 2025 0; 2026 1; 2027 2; 2028 3; 2029 3; 2030 1; Total 11,https://www.ebi.ac.uk/europepmc/webservices/rest/PMC10910012/fullTextXML,verified-from-source,Therapy-area breakdown of Table 3.
S17,Forecasting the potential impact of cell and gene therapies in France: projecting product launches and patients treated,France,approvals_per_year,base; TA=Haemato-Oncology,2027,,2,,CGT product launches in France in the year (therapy area),Table 3 row 'Haemato-Oncology': 2023 1; 2024 0; 2025 0; 2026 1; 2027 2; 2028 3; 2029 3; 2030 1; Total 11,https://www.ebi.ac.uk/europepmc/webservices/rest/PMC10910012/fullTextXML,verified-from-source,Therapy-area breakdown of Table 3.
S17,Forecasting the potential impact of cell and gene therapies in France: projecting product launches and patients treated,France,approvals_per_year,base; TA=Haemato-Oncology,2028,,3,,CGT product launches in France in the year (therapy area),Table 3 row 'Haemato-Oncology': 2023 1; 2024 0; 2025 0; 2026 1; 2027 2; 2028 3; 2029 3; 2030 1; Total 11,https://www.ebi.ac.uk/europepmc/webservices/rest/PMC10910012/fullTextXML,verified-from-source,Therapy-area breakdown of Table 3.
S17,Forecasting the potential impact of cell and gene therapies in France: projecting product launches and patients treated,France,approvals_per_year,base; TA=Haemato-Oncology,2029,,3,,CGT product launches in France in the year (therapy area),Table 3 row 'Haemato-Oncology': 2023 1; 2024 0; 2025 0; 2026 1; 2027 2; 2028 3; 2029 3; 2030 1; Total 11,https://www.ebi.ac.uk/europepmc/webservices/rest/PMC10910012/fullTextXML,verified-from-source,Therapy-area breakdown of Table 3.
S17,Forecasting the potential impact of cell and gene therapies in France: projecting product launches and patients treated,France,approvals_per_year,base; TA=Haemato-Oncology,2030,,1,,CGT product launches in France in the year (therapy area),Table 3 row 'Haemato-Oncology': 2023 1; 2024 0; 2025 0; 2026 1; 2027 2; 2028 3; 2029 3; 2030 1; Total 11,https://www.ebi.ac.uk/europepmc/webservices/rest/PMC10910012/fullTextXML,verified-from-source,Therapy-area breakdown of Table 3.
S17,Forecasting the potential impact of cell and gene therapies in France: projecting product launches and patients treated,France,approvals_per_year,base; TA=Solid tumor,2023,,0,,CGT product launches in France in the year (therapy area),Table 3 row 'Solid tumor': 2023 0; 2024 1; 2025 0; 2026 0; 2027 3; 2028 1; 2029 3; 2030 0; Total 8,https://www.ebi.ac.uk/europepmc/webservices/rest/PMC10910012/fullTextXML,verified-from-source,Therapy-area breakdown of Table 3.
S17,Forecasting the potential impact of cell and gene therapies in France: projecting product launches and patients treated,France,approvals_per_year,base; TA=Solid tumor,2024,,1,,CGT product launches in France in the year (therapy area),Table 3 row 'Solid tumor': 2023 0; 2024 1; 2025 0; 2026 0; 2027 3; 2028 1; 2029 3; 2030 0; Total 8,https://www.ebi.ac.uk/europepmc/webservices/rest/PMC10910012/fullTextXML,verified-from-source,Therapy-area breakdown of Table 3.
S17,Forecasting the potential impact of cell and gene therapies in France: projecting product launches and patients treated,France,approvals_per_year,base; TA=Solid tumor,2025,,0,,CGT product launches in France in the year (therapy area),Table 3 row 'Solid tumor': 2023 0; 2024 1; 2025 0; 2026 0; 2027 3; 2028 1; 2029 3; 2030 0; Total 8,https://www.ebi.ac.uk/europepmc/webservices/rest/PMC10910012/fullTextXML,verified-from-source,Therapy-area breakdown of Table 3.
S17,Forecasting the potential impact of cell and gene therapies in France: projecting product launches and patients treated,France,approvals_per_year,base; TA=Solid tumor,2026,,0,,CGT product launches in France in the year (therapy area),Table 3 row 'Solid tumor': 2023 0; 2024 1; 2025 0; 2026 0; 2027 3; 2028 1; 2029 3; 2030 0; Total 8,https://www.ebi.ac.uk/europepmc/webservices/rest/PMC10910012/fullTextXML,verified-from-source,Therapy-area breakdown of Table 3.
S17,Forecasting the potential impact of cell and gene therapies in France: projecting product launches and patients treated,France,approvals_per_year,base; TA=Solid tumor,2027,,3,,CGT product launches in France in the year (therapy area),Table 3 row 'Solid tumor': 2023 0; 2024 1; 2025 0; 2026 0; 2027 3; 2028 1; 2029 3; 2030 0; Total 8,https://www.ebi.ac.uk/europepmc/webservices/rest/PMC10910012/fullTextXML,verified-from-source,Therapy-area breakdown of Table 3.
S17,Forecasting the potential impact of cell and gene therapies in France: projecting product launches and patients treated,France,approvals_per_year,base; TA=Solid tumor,2028,,1,,CGT product launches in France in the year (therapy area),Table 3 row 'Solid tumor': 2023 0; 2024 1; 2025 0; 2026 0; 2027 3; 2028 1; 2029 3; 2030 0; Total 8,https://www.ebi.ac.uk/europepmc/webservices/rest/PMC10910012/fullTextXML,verified-from-source,Therapy-area breakdown of Table 3.
S17,Forecasting the potential impact of cell and gene therapies in France: projecting product launches and patients treated,France,approvals_per_year,base; TA=Solid tumor,2029,,3,,CGT product launches in France in the year (therapy area),Table 3 row 'Solid tumor': 2023 0; 2024 1; 2025 0; 2026 0; 2027 3; 2028 1; 2029 3; 2030 0; Total 8,https://www.ebi.ac.uk/europepmc/webservices/rest/PMC10910012/fullTextXML,verified-from-source,Therapy-area breakdown of Table 3.
S17,Forecasting the potential impact of cell and gene therapies in France: projecting product launches and patients treated,France,approvals_per_year,base; TA=Solid tumor,2030,,0,,CGT product launches in France in the year (therapy area),Table 3 row 'Solid tumor': 2023 0; 2024 1; 2025 0; 2026 0; 2027 3; 2028 1; 2029 3; 2030 0; Total 8,https://www.ebi.ac.uk/europepmc/webservices/rest/PMC10910012/fullTextXML,verified-from-source,Therapy-area breakdown of Table 3.
S17,Forecasting the potential impact of cell and gene therapies in France: projecting product launches and patients treated,France,approvals_per_year,base; TA=Metabolic,2023,,0,,CGT product launches in France in the year (therapy area),Table 3 row 'Metabolic': 2023 0; 2024 1; 2025 2; 2026 2; 2027 0; 2028 1; 2029 0; 2030 1; Total 7,https://www.ebi.ac.uk/europepmc/webservices/rest/PMC10910012/fullTextXML,verified-from-source,Therapy-area breakdown of Table 3.
S17,Forecasting the potential impact of cell and gene therapies in France: projecting product launches and patients treated,France,approvals_per_year,base; TA=Metabolic,2024,,1,,CGT product launches in France in the year (therapy area),Table 3 row 'Metabolic': 2023 0; 2024 1; 2025 2; 2026 2; 2027 0; 2028 1; 2029 0; 2030 1; Total 7,https://www.ebi.ac.uk/europepmc/webservices/rest/PMC10910012/fullTextXML,verified-from-source,Therapy-area breakdown of Table 3.
S17,Forecasting the potential impact of cell and gene therapies in France: projecting product launches and patients treated,France,approvals_per_year,base; TA=Metabolic,2025,,2,,CGT product launches in France in the year (therapy area),Table 3 row 'Metabolic': 2023 0; 2024 1; 2025 2; 2026 2; 2027 0; 2028 1; 2029 0; 2030 1; Total 7,https://www.ebi.ac.uk/europepmc/webservices/rest/PMC10910012/fullTextXML,verified-from-source,Therapy-area breakdown of Table 3.
S17,Forecasting the potential impact of cell and gene therapies in France: projecting product launches and patients treated,France,approvals_per_year,base; TA=Metabolic,2026,,2,,CGT product launches in France in the year (therapy area),Table 3 row 'Metabolic': 2023 0; 2024 1; 2025 2; 2026 2; 2027 0; 2028 1; 2029 0; 2030 1; Total 7,https://www.ebi.ac.uk/europepmc/webservices/rest/PMC10910012/fullTextXML,verified-from-source,Therapy-area breakdown of Table 3.
S17,Forecasting the potential impact of cell and gene therapies in France: projecting product launches and patients treated,France,approvals_per_year,base; TA=Metabolic,2027,,0,,CGT product launches in France in the year (therapy area),Table 3 row 'Metabolic': 2023 0; 2024 1; 2025 2; 2026 2; 2027 0; 2028 1; 2029 0; 2030 1; Total 7,https://www.ebi.ac.uk/europepmc/webservices/rest/PMC10910012/fullTextXML,verified-from-source,Therapy-area breakdown of Table 3.
S17,Forecasting the potential impact of cell and gene therapies in France: projecting product launches and patients treated,France,approvals_per_year,base; TA=Metabolic,2028,,1,,CGT product launches in France in the year (therapy area),Table 3 row 'Metabolic': 2023 0; 2024 1; 2025 2; 2026 2; 2027 0; 2028 1; 2029 0; 2030 1; Total 7,https://www.ebi.ac.uk/europepmc/webservices/rest/PMC10910012/fullTextXML,verified-from-source,Therapy-area breakdown of Table 3.
S17,Forecasting the potential impact of cell and gene therapies in France: projecting product launches and patients treated,France,approvals_per_year,base; TA=Metabolic,2029,,0,,CGT product launches in France in the year (therapy area),Table 3 row 'Metabolic': 2023 0; 2024 1; 2025 2; 2026 2; 2027 0; 2028 1; 2029 0; 2030 1; Total 7,https://www.ebi.ac.uk/europepmc/webservices/rest/PMC10910012/fullTextXML,verified-from-source,Therapy-area breakdown of Table 3.
S17,Forecasting the potential impact of cell and gene therapies in France: projecting product launches and patients treated,France,approvals_per_year,base; TA=Metabolic,2030,,1,,CGT product launches in France in the year (therapy area),Table 3 row 'Metabolic': 2023 0; 2024 1; 2025 2; 2026 2; 2027 0; 2028 1; 2029 0; 2030 1; Total 7,https://www.ebi.ac.uk/europepmc/webservices/rest/PMC10910012/fullTextXML,verified-from-source,Therapy-area breakdown of Table 3.
S17,Forecasting the potential impact of cell and gene therapies in France: projecting product launches and patients treated,France,approvals_per_year,base; TA=Ophthalmology,2023,,0,,CGT product launches in France in the year (therapy area),Table 3 row 'Ophthalmology': 2023 0; 2024 2; 2025 0; 2026 2; 2027 0; 2028 2; 2029 0; 2030 0; Total 6,https://www.ebi.ac.uk/europepmc/webservices/rest/PMC10910012/fullTextXML,verified-from-source,Therapy-area breakdown of Table 3.
S17,Forecasting the potential impact of cell and gene therapies in France: projecting product launches and patients treated,France,approvals_per_year,base; TA=Ophthalmology,2024,,2,,CGT product launches in France in the year (therapy area),Table 3 row 'Ophthalmology': 2023 0; 2024 2; 2025 0; 2026 2; 2027 0; 2028 2; 2029 0; 2030 0; Total 6,https://www.ebi.ac.uk/europepmc/webservices/rest/PMC10910012/fullTextXML,verified-from-source,Therapy-area breakdown of Table 3.
S17,Forecasting the potential impact of cell and gene therapies in France: projecting product launches and patients treated,France,approvals_per_year,base; TA=Ophthalmology,2025,,0,,CGT product launches in France in the year (therapy area),Table 3 row 'Ophthalmology': 2023 0; 2024 2; 2025 0; 2026 2; 2027 0; 2028 2; 2029 0; 2030 0; Total 6,https://www.ebi.ac.uk/europepmc/webservices/rest/PMC10910012/fullTextXML,verified-from-source,Therapy-area breakdown of Table 3.
S17,Forecasting the potential impact of cell and gene therapies in France: projecting product launches and patients treated,France,approvals_per_year,base; TA=Ophthalmology,2026,,2,,CGT product launches in France in the year (therapy area),Table 3 row 'Ophthalmology': 2023 0; 2024 2; 2025 0; 2026 2; 2027 0; 2028 2; 2029 0; 2030 0; Total 6,https://www.ebi.ac.uk/europepmc/webservices/rest/PMC10910012/fullTextXML,verified-from-source,Therapy-area breakdown of Table 3.
S17,Forecasting the potential impact of cell and gene therapies in France: projecting product launches and patients treated,France,approvals_per_year,base; TA=Ophthalmology,2027,,0,,CGT product launches in France in the year (therapy area),Table 3 row 'Ophthalmology': 2023 0; 2024 2; 2025 0; 2026 2; 2027 0; 2028 2; 2029 0; 2030 0; Total 6,https://www.ebi.ac.uk/europepmc/webservices/rest/PMC10910012/fullTextXML,verified-from-source,Therapy-area breakdown of Table 3.
S17,Forecasting the potential impact of cell and gene therapies in France: projecting product launches and patients treated,France,approvals_per_year,base; TA=Ophthalmology,2028,,2,,CGT product launches in France in the year (therapy area),Table 3 row 'Ophthalmology': 2023 0; 2024 2; 2025 0; 2026 2; 2027 0; 2028 2; 2029 0; 2030 0; Total 6,https://www.ebi.ac.uk/europepmc/webservices/rest/PMC10910012/fullTextXML,verified-from-source,Therapy-area breakdown of Table 3.
S17,Forecasting the potential impact of cell and gene therapies in France: projecting product launches and patients treated,France,approvals_per_year,base; TA=Ophthalmology,2029,,0,,CGT product launches in France in the year (therapy area),Table 3 row 'Ophthalmology': 2023 0; 2024 2; 2025 0; 2026 2; 2027 0; 2028 2; 2029 0; 2030 0; Total 6,https://www.ebi.ac.uk/europepmc/webservices/rest/PMC10910012/fullTextXML,verified-from-source,Therapy-area breakdown of Table 3.
S17,Forecasting the potential impact of cell and gene therapies in France: projecting product launches and patients treated,France,approvals_per_year,base; TA=Ophthalmology,2030,,0,,CGT product launches in France in the year (therapy area),Table 3 row 'Ophthalmology': 2023 0; 2024 2; 2025 0; 2026 2; 2027 0; 2028 2; 2029 0; 2030 0; Total 6,https://www.ebi.ac.uk/europepmc/webservices/rest/PMC10910012/fullTextXML,verified-from-source,Therapy-area breakdown of Table 3.
S17,Forecasting the potential impact of cell and gene therapies in France: projecting product launches and patients treated,France,approvals_per_year,base; TA=Hematology (non-oncology),2023,,2,,CGT product launches in France in the year (therapy area),Table 3 row 'Hematology (non-oncology)': 2023 2; 2024 0; 2025 0; 2026 0; 2027 1; 2028 0; 2029 1; 2030 0; Total 4,https://www.ebi.ac.uk/europepmc/webservices/rest/PMC10910012/fullTextXML,verified-from-source,Therapy-area breakdown of Table 3.
S17,Forecasting the potential impact of cell and gene therapies in France: projecting product launches and patients treated,France,approvals_per_year,base; TA=Hematology (non-oncology),2024,,0,,CGT product launches in France in the year (therapy area),Table 3 row 'Hematology (non-oncology)': 2023 2; 2024 0; 2025 0; 2026 0; 2027 1; 2028 0; 2029 1; 2030 0; Total 4,https://www.ebi.ac.uk/europepmc/webservices/rest/PMC10910012/fullTextXML,verified-from-source,Therapy-area breakdown of Table 3.
S17,Forecasting the potential impact of cell and gene therapies in France: projecting product launches and patients treated,France,approvals_per_year,base; TA=Hematology (non-oncology),2025,,0,,CGT product launches in France in the year (therapy area),Table 3 row 'Hematology (non-oncology)': 2023 2; 2024 0; 2025 0; 2026 0; 2027 1; 2028 0; 2029 1; 2030 0; Total 4,https://www.ebi.ac.uk/europepmc/webservices/rest/PMC10910012/fullTextXML,verified-from-source,Therapy-area breakdown of Table 3.
S17,Forecasting the potential impact of cell and gene therapies in France: projecting product launches and patients treated,France,approvals_per_year,base; TA=Hematology (non-oncology),2026,,0,,CGT product launches in France in the year (therapy area),Table 3 row 'Hematology (non-oncology)': 2023 2; 2024 0; 2025 0; 2026 0; 2027 1; 2028 0; 2029 1; 2030 0; Total 4,https://www.ebi.ac.uk/europepmc/webservices/rest/PMC10910012/fullTextXML,verified-from-source,Therapy-area breakdown of Table 3.
S17,Forecasting the potential impact of cell and gene therapies in France: projecting product launches and patients treated,France,approvals_per_year,base; TA=Hematology (non-oncology),2027,,1,,CGT product launches in France in the year (therapy area),Table 3 row 'Hematology (non-oncology)': 2023 2; 2024 0; 2025 0; 2026 0; 2027 1; 2028 0; 2029 1; 2030 0; Total 4,https://www.ebi.ac.uk/europepmc/webservices/rest/PMC10910012/fullTextXML,verified-from-source,Therapy-area breakdown of Table 3.
S17,Forecasting the potential impact of cell and gene therapies in France: projecting product launches and patients treated,France,approvals_per_year,base; TA=Hematology (non-oncology),2028,,0,,CGT product launches in France in the year (therapy area),Table 3 row 'Hematology (non-oncology)': 2023 2; 2024 0; 2025 0; 2026 0; 2027 1; 2028 0; 2029 1; 2030 0; Total 4,https://www.ebi.ac.uk/europepmc/webservices/rest/PMC10910012/fullTextXML,verified-from-source,Therapy-area breakdown of Table 3.
S17,Forecasting the potential impact of cell and gene therapies in France: projecting product launches and patients treated,France,approvals_per_year,base; TA=Hematology (non-oncology),2029,,1,,CGT product launches in France in the year (therapy area),Table 3 row 'Hematology (non-oncology)': 2023 2; 2024 0; 2025 0; 2026 0; 2027 1; 2028 0; 2029 1; 2030 0; Total 4,https://www.ebi.ac.uk/europepmc/webservices/rest/PMC10910012/fullTextXML,verified-from-source,Therapy-area breakdown of Table 3.
S17,Forecasting the potential impact of cell and gene therapies in France: projecting product launches and patients treated,France,approvals_per_year,base; TA=Hematology (non-oncology),2030,,0,,CGT product launches in France in the year (therapy area),Table 3 row 'Hematology (non-oncology)': 2023 2; 2024 0; 2025 0; 2026 0; 2027 1; 2028 0; 2029 1; 2030 0; Total 4,https://www.ebi.ac.uk/europepmc/webservices/rest/PMC10910012/fullTextXML,verified-from-source,Therapy-area breakdown of Table 3.
S17,Forecasting the potential impact of cell and gene therapies in France: projecting product launches and patients treated,France,approvals_per_year,base; TA=Neurology,2023,,0,,CGT product launches in France in the year (therapy area),Table 3 row 'Neurology': 2023 0; 2024 1; 2025 2; 2026 1; 2027 0; 2028 0; 2029 0; 2030 0; Total 4,https://www.ebi.ac.uk/europepmc/webservices/rest/PMC10910012/fullTextXML,verified-from-source,Therapy-area breakdown of Table 3.
S17,Forecasting the potential impact of cell and gene therapies in France: projecting product launches and patients treated,France,approvals_per_year,base; TA=Neurology,2024,,1,,CGT product launches in France in the year (therapy area),Table 3 row 'Neurology': 2023 0; 2024 1; 2025 2; 2026 1; 2027 0; 2028 0; 2029 0; 2030 0; Total 4,https://www.ebi.ac.uk/europepmc/webservices/rest/PMC10910012/fullTextXML,verified-from-source,Therapy-area breakdown of Table 3.
S17,Forecasting the potential impact of cell and gene therapies in France: projecting product launches and patients treated,France,approvals_per_year,base; TA=Neurology,2025,,2,,CGT product launches in France in the year (therapy area),Table 3 row 'Neurology': 2023 0; 2024 1; 2025 2; 2026 1; 2027 0; 2028 0; 2029 0; 2030 0; Total 4,https://www.ebi.ac.uk/europepmc/webservices/rest/PMC10910012/fullTextXML,verified-from-source,Therapy-area breakdown of Table 3.
S17,Forecasting the potential impact of cell and gene therapies in France: projecting product launches and patients treated,France,approvals_per_year,base; TA=Neurology,2026,,1,,CGT product launches in France in the year (therapy area),Table 3 row 'Neurology': 2023 0; 2024 1; 2025 2; 2026 1; 2027 0; 2028 0; 2029 0; 2030 0; Total 4,https://www.ebi.ac.uk/europepmc/webservices/rest/PMC10910012/fullTextXML,verified-from-source,Therapy-area breakdown of Table 3.
S17,Forecasting the potential impact of cell and gene therapies in France: projecting product launches and patients treated,France,approvals_per_year,base; TA=Neurology,2027,,0,,CGT product launches in France in the year (therapy area),Table 3 row 'Neurology': 2023 0; 2024 1; 2025 2; 2026 1; 2027 0; 2028 0; 2029 0; 2030 0; Total 4,https://www.ebi.ac.uk/europepmc/webservices/rest/PMC10910012/fullTextXML,verified-from-source,Therapy-area breakdown of Table 3.
S17,Forecasting the potential impact of cell and gene therapies in France: projecting product launches and patients treated,France,approvals_per_year,base; TA=Neurology,2028,,0,,CGT product launches in France in the year (therapy area),Table 3 row 'Neurology': 2023 0; 2024 1; 2025 2; 2026 1; 2027 0; 2028 0; 2029 0; 2030 0; Total 4,https://www.ebi.ac.uk/europepmc/webservices/rest/PMC10910012/fullTextXML,verified-from-source,Therapy-area breakdown of Table 3.
S17,Forecasting the potential impact of cell and gene therapies in France: projecting product launches and patients treated,France,approvals_per_year,base; TA=Neurology,2029,,0,,CGT product launches in France in the year (therapy area),Table 3 row 'Neurology': 2023 0; 2024 1; 2025 2; 2026 1; 2027 0; 2028 0; 2029 0; 2030 0; Total 4,https://www.ebi.ac.uk/europepmc/webservices/rest/PMC10910012/fullTextXML,verified-from-source,Therapy-area breakdown of Table 3.
S17,Forecasting the potential impact of cell and gene therapies in France: projecting product launches and patients treated,France,approvals_per_year,base; TA=Neurology,2030,,0,,CGT product launches in France in the year (therapy area),Table 3 row 'Neurology': 2023 0; 2024 1; 2025 2; 2026 1; 2027 0; 2028 0; 2029 0; 2030 0; Total 4,https://www.ebi.ac.uk/europepmc/webservices/rest/PMC10910012/fullTextXML,verified-from-source,Therapy-area breakdown of Table 3.
S17,Forecasting the potential impact of cell and gene therapies in France: projecting product launches and patients treated,France,approvals_per_year,base; TA=Immunology,2023,,0,,CGT product launches in France in the year (therapy area),Table 3 row 'Immunology': 2023 0; 2024 0; 2025 0; 2026 0; 2027 2; 2028 0; 2029 0; 2030 0; Total 2,https://www.ebi.ac.uk/europepmc/webservices/rest/PMC10910012/fullTextXML,verified-from-source,Therapy-area breakdown of Table 3.
S17,Forecasting the potential impact of cell and gene therapies in France: projecting product launches and patients treated,France,approvals_per_year,base; TA=Immunology,2024,,0,,CGT product launches in France in the year (therapy area),Table 3 row 'Immunology': 2023 0; 2024 0; 2025 0; 2026 0; 2027 2; 2028 0; 2029 0; 2030 0; Total 2,https://www.ebi.ac.uk/europepmc/webservices/rest/PMC10910012/fullTextXML,verified-from-source,Therapy-area breakdown of Table 3.
S17,Forecasting the potential impact of cell and gene therapies in France: projecting product launches and patients treated,France,approvals_per_year,base; TA=Immunology,2025,,0,,CGT product launches in France in the year (therapy area),Table 3 row 'Immunology': 2023 0; 2024 0; 2025 0; 2026 0; 2027 2; 2028 0; 2029 0; 2030 0; Total 2,https://www.ebi.ac.uk/europepmc/webservices/rest/PMC10910012/fullTextXML,verified-from-source,Therapy-area breakdown of Table 3.
S17,Forecasting the potential impact of cell and gene therapies in France: projecting product launches and patients treated,France,approvals_per_year,base; TA=Immunology,2026,,0,,CGT product launches in France in the year (therapy area),Table 3 row 'Immunology': 2023 0; 2024 0; 2025 0; 2026 0; 2027 2; 2028 0; 2029 0; 2030 0; Total 2,https://www.ebi.ac.uk/europepmc/webservices/rest/PMC10910012/fullTextXML,verified-from-source,Therapy-area breakdown of Table 3.
S17,Forecasting the potential impact of cell and gene therapies in France: projecting product launches and patients treated,France,approvals_per_year,base; TA=Immunology,2027,,2,,CGT product launches in France in the year (therapy area),Table 3 row 'Immunology': 2023 0; 2024 0; 2025 0; 2026 0; 2027 2; 2028 0; 2029 0; 2030 0; Total 2,https://www.ebi.ac.uk/europepmc/webservices/rest/PMC10910012/fullTextXML,verified-from-source,Therapy-area breakdown of Table 3.
S17,Forecasting the potential impact of cell and gene therapies in France: projecting product launches and patients treated,France,approvals_per_year,base; TA=Immunology,2028,,0,,CGT product launches in France in the year (therapy area),Table 3 row 'Immunology': 2023 0; 2024 0; 2025 0; 2026 0; 2027 2; 2028 0; 2029 0; 2030 0; Total 2,https://www.ebi.ac.uk/europepmc/webservices/rest/PMC10910012/fullTextXML,verified-from-source,Therapy-area breakdown of Table 3.
S17,Forecasting the potential impact of cell and gene therapies in France: projecting product launches and patients treated,France,approvals_per_year,base; TA=Immunology,2029,,0,,CGT product launches in France in the year (therapy area),Table 3 row 'Immunology': 2023 0; 2024 0; 2025 0; 2026 0; 2027 2; 2028 0; 2029 0; 2030 0; Total 2,https://www.ebi.ac.uk/europepmc/webservices/rest/PMC10910012/fullTextXML,verified-from-source,Therapy-area breakdown of Table 3.
S17,Forecasting the potential impact of cell and gene therapies in France: projecting product launches and patients treated,France,approvals_per_year,base; TA=Immunology,2030,,0,,CGT product launches in France in the year (therapy area),Table 3 row 'Immunology': 2023 0; 2024 0; 2025 0; 2026 0; 2027 2; 2028 0; 2029 0; 2030 0; Total 2,https://www.ebi.ac.uk/europepmc/webservices/rest/PMC10910012/fullTextXML,verified-from-source,Therapy-area breakdown of Table 3.
S17,Forecasting the potential impact of cell and gene therapies in France: projecting product launches and patients treated,France,approvals_per_year,base; TA=Cardiovascular,2023,,0,,CGT product launches in France in the year (therapy area),Table 3 row 'Cardiovascular': 2023 0; 2024 0; 2025 1; 2026 0; 2027 0; 2028 0; 2029 0; 2030 0; Total 1,https://www.ebi.ac.uk/europepmc/webservices/rest/PMC10910012/fullTextXML,verified-from-source,Therapy-area breakdown of Table 3.
S17,Forecasting the potential impact of cell and gene therapies in France: projecting product launches and patients treated,France,approvals_per_year,base; TA=Cardiovascular,2024,,0,,CGT product launches in France in the year (therapy area),Table 3 row 'Cardiovascular': 2023 0; 2024 0; 2025 1; 2026 0; 2027 0; 2028 0; 2029 0; 2030 0; Total 1,https://www.ebi.ac.uk/europepmc/webservices/rest/PMC10910012/fullTextXML,verified-from-source,Therapy-area breakdown of Table 3.
S17,Forecasting the potential impact of cell and gene therapies in France: projecting product launches and patients treated,France,approvals_per_year,base; TA=Cardiovascular,2025,,1,,CGT product launches in France in the year (therapy area),Table 3 row 'Cardiovascular': 2023 0; 2024 0; 2025 1; 2026 0; 2027 0; 2028 0; 2029 0; 2030 0; Total 1,https://www.ebi.ac.uk/europepmc/webservices/rest/PMC10910012/fullTextXML,verified-from-source,Therapy-area breakdown of Table 3.
S17,Forecasting the potential impact of cell and gene therapies in France: projecting product launches and patients treated,France,approvals_per_year,base; TA=Cardiovascular,2026,,0,,CGT product launches in France in the year (therapy area),Table 3 row 'Cardiovascular': 2023 0; 2024 0; 2025 1; 2026 0; 2027 0; 2028 0; 2029 0; 2030 0; Total 1,https://www.ebi.ac.uk/europepmc/webservices/rest/PMC10910012/fullTextXML,verified-from-source,Therapy-area breakdown of Table 3.
S17,Forecasting the potential impact of cell and gene therapies in France: projecting product launches and patients treated,France,approvals_per_year,base; TA=Cardiovascular,2027,,0,,CGT product launches in France in the year (therapy area),Table 3 row 'Cardiovascular': 2023 0; 2024 0; 2025 1; 2026 0; 2027 0; 2028 0; 2029 0; 2030 0; Total 1,https://www.ebi.ac.uk/europepmc/webservices/rest/PMC10910012/fullTextXML,verified-from-source,Therapy-area breakdown of Table 3.
S17,Forecasting the potential impact of cell and gene therapies in France: projecting product launches and patients treated,France,approvals_per_year,base; TA=Cardiovascular,2028,,0,,CGT product launches in France in the year (therapy area),Table 3 row 'Cardiovascular': 2023 0; 2024 0; 2025 1; 2026 0; 2027 0; 2028 0; 2029 0; 2030 0; Total 1,https://www.ebi.ac.uk/europepmc/webservices/rest/PMC10910012/fullTextXML,verified-from-source,Therapy-area breakdown of Table 3.
S17,Forecasting the potential impact of cell and gene therapies in France: projecting product launches and patients treated,France,approvals_per_year,base; TA=Cardiovascular,2029,,0,,CGT product launches in France in the year (therapy area),Table 3 row 'Cardiovascular': 2023 0; 2024 0; 2025 1; 2026 0; 2027 0; 2028 0; 2029 0; 2030 0; Total 1,https://www.ebi.ac.uk/europepmc/webservices/rest/PMC10910012/fullTextXML,verified-from-source,Therapy-area breakdown of Table 3.
S17,Forecasting the potential impact of cell and gene therapies in France: projecting product launches and patients treated,France,approvals_per_year,base; TA=Cardiovascular,2030,,0,,CGT product launches in France in the year (therapy area),Table 3 row 'Cardiovascular': 2023 0; 2024 0; 2025 1; 2026 0; 2027 0; 2028 0; 2029 0; 2030 0; Total 1,https://www.ebi.ac.uk/europepmc/webservices/rest/PMC10910012/fullTextXML,verified-from-source,Therapy-area breakdown of Table 3.
S17,Forecasting the potential impact of cell and gene therapies in France: projecting product launches and patients treated,France,approvals_per_year,base; TA=Dermatology,2023,,0,,CGT product launches in France in the year (therapy area),Table 3 row 'Dermatology': 2023 0; 2024 0; 2025 0; 2026 1; 2027 0; 2028 0; 2029 0; 2030 0; Total 1,https://www.ebi.ac.uk/europepmc/webservices/rest/PMC10910012/fullTextXML,verified-from-source,Therapy-area breakdown of Table 3.
S17,Forecasting the potential impact of cell and gene therapies in France: projecting product launches and patients treated,France,approvals_per_year,base; TA=Dermatology,2024,,0,,CGT product launches in France in the year (therapy area),Table 3 row 'Dermatology': 2023 0; 2024 0; 2025 0; 2026 1; 2027 0; 2028 0; 2029 0; 2030 0; Total 1,https://www.ebi.ac.uk/europepmc/webservices/rest/PMC10910012/fullTextXML,verified-from-source,Therapy-area breakdown of Table 3.
S17,Forecasting the potential impact of cell and gene therapies in France: projecting product launches and patients treated,France,approvals_per_year,base; TA=Dermatology,2025,,0,,CGT product launches in France in the year (therapy area),Table 3 row 'Dermatology': 2023 0; 2024 0; 2025 0; 2026 1; 2027 0; 2028 0; 2029 0; 2030 0; Total 1,https://www.ebi.ac.uk/europepmc/webservices/rest/PMC10910012/fullTextXML,verified-from-source,Therapy-area breakdown of Table 3.
S17,Forecasting the potential impact of cell and gene therapies in France: projecting product launches and patients treated,France,approvals_per_year,base; TA=Dermatology,2026,,1,,CGT product launches in France in the year (therapy area),Table 3 row 'Dermatology': 2023 0; 2024 0; 2025 0; 2026 1; 2027 0; 2028 0; 2029 0; 2030 0; Total 1,https://www.ebi.ac.uk/europepmc/webservices/rest/PMC10910012/fullTextXML,verified-from-source,Therapy-area breakdown of Table 3.
S17,Forecasting the potential impact of cell and gene therapies in France: projecting product launches and patients treated,France,approvals_per_year,base; TA=Dermatology,2027,,0,,CGT product launches in France in the year (therapy area),Table 3 row 'Dermatology': 2023 0; 2024 0; 2025 0; 2026 1; 2027 0; 2028 0; 2029 0; 2030 0; Total 1,https://www.ebi.ac.uk/europepmc/webservices/rest/PMC10910012/fullTextXML,verified-from-source,Therapy-area breakdown of Table 3.
S17,Forecasting the potential impact of cell and gene therapies in France: projecting product launches and patients treated,France,approvals_per_year,base; TA=Dermatology,2028,,0,,CGT product launches in France in the year (therapy area),Table 3 row 'Dermatology': 2023 0; 2024 0; 2025 0; 2026 1; 2027 0; 2028 0; 2029 0; 2030 0; Total 1,https://www.ebi.ac.uk/europepmc/webservices/rest/PMC10910012/fullTextXML,verified-from-source,Therapy-area breakdown of Table 3.
S17,Forecasting the potential impact of cell and gene therapies in France: projecting product launches and patients treated,France,approvals_per_year,base; TA=Dermatology,2029,,0,,CGT product launches in France in the year (therapy area),Table 3 row 'Dermatology': 2023 0; 2024 0; 2025 0; 2026 1; 2027 0; 2028 0; 2029 0; 2030 0; Total 1,https://www.ebi.ac.uk/europepmc/webservices/rest/PMC10910012/fullTextXML,verified-from-source,Therapy-area breakdown of Table 3.
S17,Forecasting the potential impact of cell and gene therapies in France: projecting product launches and patients treated,France,approvals_per_year,base; TA=Dermatology,2030,,0,,CGT product launches in France in the year (therapy area),Table 3 row 'Dermatology': 2023 0; 2024 0; 2025 0; 2026 1; 2027 0; 2028 0; 2029 0; 2030 0; Total 1,https://www.ebi.ac.uk/europepmc/webservices/rest/PMC10910012/fullTextXML,verified-from-source,Therapy-area breakdown of Table 3.
S17,Forecasting the potential impact of cell and gene therapies in France: projecting product launches and patients treated,France,patients_new_per_year,base,2023,,1653,,newly treated patients in France in the year,"Table 4. Number of annual treated patients in France by therapy area, 2023-2030 (Total row): 2023 1,653; 2024 3,463; 2025 6,768; 2026 14,609; 2027 24,699; 2028 36,862; 2029 52,404; 2030 69,400",https://www.ebi.ac.uk/europepmc/webservices/rest/PMC10910012/fullTextXML,verified-from-source,"Annual (newly treated) patients, all therapy areas; adoption ramp 1% of eligible patients in launch year rising 1 point per year to 6% in year six. Cardiovascular (27,321 in 2030, from a single launch in 2025) dominates the total."
S17,Forecasting the potential impact of cell and gene therapies in France: projecting product launches and patients treated,France,patients_new_per_year,base,2024,,3463,,newly treated patients in France in the year,"Table 4. Number of annual treated patients in France by therapy area, 2023-2030 (Total row): 2023 1,653; 2024 3,463; 2025 6,768; 2026 14,609; 2027 24,699; 2028 36,862; 2029 52,404; 2030 69,400",https://www.ebi.ac.uk/europepmc/webservices/rest/PMC10910012/fullTextXML,verified-from-source,"Annual (newly treated) patients, all therapy areas; adoption ramp 1% of eligible patients in launch year rising 1 point per year to 6% in year six. Cardiovascular (27,321 in 2030, from a single launch in 2025) dominates the total."
S17,Forecasting the potential impact of cell and gene therapies in France: projecting product launches and patients treated,France,patients_new_per_year,base,2025,,6768,,newly treated patients in France in the year,"Table 4. Number of annual treated patients in France by therapy area, 2023-2030 (Total row): 2023 1,653; 2024 3,463; 2025 6,768; 2026 14,609; 2027 24,699; 2028 36,862; 2029 52,404; 2030 69,400",https://www.ebi.ac.uk/europepmc/webservices/rest/PMC10910012/fullTextXML,verified-from-source,"Annual (newly treated) patients, all therapy areas; adoption ramp 1% of eligible patients in launch year rising 1 point per year to 6% in year six. Cardiovascular (27,321 in 2030, from a single launch in 2025) dominates the total."
S17,Forecasting the potential impact of cell and gene therapies in France: projecting product launches and patients treated,France,patients_new_per_year,base,2026,,14609,,newly treated patients in France in the year,"Table 4. Number of annual treated patients in France by therapy area, 2023-2030 (Total row): 2023 1,653; 2024 3,463; 2025 6,768; 2026 14,609; 2027 24,699; 2028 36,862; 2029 52,404; 2030 69,400",https://www.ebi.ac.uk/europepmc/webservices/rest/PMC10910012/fullTextXML,verified-from-source,"Annual (newly treated) patients, all therapy areas; adoption ramp 1% of eligible patients in launch year rising 1 point per year to 6% in year six. Cardiovascular (27,321 in 2030, from a single launch in 2025) dominates the total."
S17,Forecasting the potential impact of cell and gene therapies in France: projecting product launches and patients treated,France,patients_new_per_year,base,2027,,24699,,newly treated patients in France in the year,"Table 4. Number of annual treated patients in France by therapy area, 2023-2030 (Total row): 2023 1,653; 2024 3,463; 2025 6,768; 2026 14,609; 2027 24,699; 2028 36,862; 2029 52,404; 2030 69,400",https://www.ebi.ac.uk/europepmc/webservices/rest/PMC10910012/fullTextXML,verified-from-source,"Annual (newly treated) patients, all therapy areas; adoption ramp 1% of eligible patients in launch year rising 1 point per year to 6% in year six. Cardiovascular (27,321 in 2030, from a single launch in 2025) dominates the total."
S17,Forecasting the potential impact of cell and gene therapies in France: projecting product launches and patients treated,France,patients_new_per_year,base,2028,,36862,,newly treated patients in France in the year,"Table 4. Number of annual treated patients in France by therapy area, 2023-2030 (Total row): 2023 1,653; 2024 3,463; 2025 6,768; 2026 14,609; 2027 24,699; 2028 36,862; 2029 52,404; 2030 69,400",https://www.ebi.ac.uk/europepmc/webservices/rest/PMC10910012/fullTextXML,verified-from-source,"Annual (newly treated) patients, all therapy areas; adoption ramp 1% of eligible patients in launch year rising 1 point per year to 6% in year six. Cardiovascular (27,321 in 2030, from a single launch in 2025) dominates the total."
S17,Forecasting the potential impact of cell and gene therapies in France: projecting product launches and patients treated,France,patients_new_per_year,base,2029,,52404,,newly treated patients in France in the year,"Table 4. Number of annual treated patients in France by therapy area, 2023-2030 (Total row): 2023 1,653; 2024 3,463; 2025 6,768; 2026 14,609; 2027 24,699; 2028 36,862; 2029 52,404; 2030 69,400",https://www.ebi.ac.uk/europepmc/webservices/rest/PMC10910012/fullTextXML,verified-from-source,"Annual (newly treated) patients, all therapy areas; adoption ramp 1% of eligible patients in launch year rising 1 point per year to 6% in year six. Cardiovascular (27,321 in 2030, from a single launch in 2025) dominates the total."
S17,Forecasting the potential impact of cell and gene therapies in France: projecting product launches and patients treated,France,patients_new_per_year,base,2030,,69400,,newly treated patients in France in the year,"Table 4. Number of annual treated patients in France by therapy area, 2023-2030 (Total row): 2023 1,653; 2024 3,463; 2025 6,768; 2026 14,609; 2027 24,699; 2028 36,862; 2029 52,404; 2030 69,400",https://www.ebi.ac.uk/europepmc/webservices/rest/PMC10910012/fullTextXML,verified-from-source,"Annual (newly treated) patients, all therapy areas; adoption ramp 1% of eligible patients in launch year rising 1 point per year to 6% in year six. Cardiovascular (27,321 in 2030, from a single launch in 2025) dominates the total."
S17,Forecasting the potential impact of cell and gene therapies in France: projecting product launches and patients treated,France,patients_cumulative,base,2023,,1653,,cumulative newly treated patients in France from 2023,Running sum of Table 4 total row,https://www.ebi.ac.uk/europepmc/webservices/rest/PMC10910012/fullTextXML,derived,"Sum of annual totals; the Table 4 therapy-area 'Total' column sums to 209,857 (rounding). One automated summary of the article reported a cumulative of 233,859, which does not reconcile with the printed rows; the arithmetic here uses the printed rows."
S17,Forecasting the potential impact of cell and gene therapies in France: projecting product launches and patients treated,France,patients_cumulative,base,2024,,5116,,cumulative newly treated patients in France from 2023,Running sum of Table 4 total row,https://www.ebi.ac.uk/europepmc/webservices/rest/PMC10910012/fullTextXML,derived,"Sum of annual totals; the Table 4 therapy-area 'Total' column sums to 209,857 (rounding). One automated summary of the article reported a cumulative of 233,859, which does not reconcile with the printed rows; the arithmetic here uses the printed rows."
S17,Forecasting the potential impact of cell and gene therapies in France: projecting product launches and patients treated,France,patients_cumulative,base,2025,,11884,,cumulative newly treated patients in France from 2023,Running sum of Table 4 total row,https://www.ebi.ac.uk/europepmc/webservices/rest/PMC10910012/fullTextXML,derived,"Sum of annual totals; the Table 4 therapy-area 'Total' column sums to 209,857 (rounding). One automated summary of the article reported a cumulative of 233,859, which does not reconcile with the printed rows; the arithmetic here uses the printed rows."
S17,Forecasting the potential impact of cell and gene therapies in France: projecting product launches and patients treated,France,patients_cumulative,base,2026,,26493,,cumulative newly treated patients in France from 2023,Running sum of Table 4 total row,https://www.ebi.ac.uk/europepmc/webservices/rest/PMC10910012/fullTextXML,derived,"Sum of annual totals; the Table 4 therapy-area 'Total' column sums to 209,857 (rounding). One automated summary of the article reported a cumulative of 233,859, which does not reconcile with the printed rows; the arithmetic here uses the printed rows."
S17,Forecasting the potential impact of cell and gene therapies in France: projecting product launches and patients treated,France,patients_cumulative,base,2027,,51192,,cumulative newly treated patients in France from 2023,Running sum of Table 4 total row,https://www.ebi.ac.uk/europepmc/webservices/rest/PMC10910012/fullTextXML,derived,"Sum of annual totals; the Table 4 therapy-area 'Total' column sums to 209,857 (rounding). One automated summary of the article reported a cumulative of 233,859, which does not reconcile with the printed rows; the arithmetic here uses the printed rows."
S17,Forecasting the potential impact of cell and gene therapies in France: projecting product launches and patients treated,France,patients_cumulative,base,2028,,88054,,cumulative newly treated patients in France from 2023,Running sum of Table 4 total row,https://www.ebi.ac.uk/europepmc/webservices/rest/PMC10910012/fullTextXML,derived,"Sum of annual totals; the Table 4 therapy-area 'Total' column sums to 209,857 (rounding). One automated summary of the article reported a cumulative of 233,859, which does not reconcile with the printed rows; the arithmetic here uses the printed rows."
S17,Forecasting the potential impact of cell and gene therapies in France: projecting product launches and patients treated,France,patients_cumulative,base,2029,,140458,,cumulative newly treated patients in France from 2023,Running sum of Table 4 total row,https://www.ebi.ac.uk/europepmc/webservices/rest/PMC10910012/fullTextXML,derived,"Sum of annual totals; the Table 4 therapy-area 'Total' column sums to 209,857 (rounding). One automated summary of the article reported a cumulative of 233,859, which does not reconcile with the printed rows; the arithmetic here uses the printed rows."
S17,Forecasting the potential impact of cell and gene therapies in France: projecting product launches and patients treated,France,patients_cumulative,base,2030,,209858,,cumulative newly treated patients in France from 2023,Running sum of Table 4 total row,https://www.ebi.ac.uk/europepmc/webservices/rest/PMC10910012/fullTextXML,derived,"Sum of annual totals; the Table 4 therapy-area 'Total' column sums to 209,857 (rounding). One automated summary of the article reported a cumulative of 233,859, which does not reconcile with the printed rows; the arithmetic here uses the printed rows."
S17,Forecasting the potential impact of cell and gene therapies in France: projecting product launches and patients treated,France,patients_new_per_year,base; TA=Cardiovascular,2023,,0,,newly treated patients in France in the year (therapy area),Table 4 row 'Cardiovascular': 2023 0; 2024 0; 2025 1353; 2026 6763; 2027 12173; 2028 17583; 2029 22993; 2030 27321; Total 88185,https://www.ebi.ac.uk/europepmc/webservices/rest/PMC10910012/fullTextXML,verified-from-source,Therapy-area breakdown of Table 4; 'Total' column = 2023-2030 sum as printed.
S17,Forecasting the potential impact of cell and gene therapies in France: projecting product launches and patients treated,France,patients_new_per_year,base; TA=Cardiovascular,2024,,0,,newly treated patients in France in the year (therapy area),Table 4 row 'Cardiovascular': 2023 0; 2024 0; 2025 1353; 2026 6763; 2027 12173; 2028 17583; 2029 22993; 2030 27321; Total 88185,https://www.ebi.ac.uk/europepmc/webservices/rest/PMC10910012/fullTextXML,verified-from-source,Therapy-area breakdown of Table 4; 'Total' column = 2023-2030 sum as printed.
S17,Forecasting the potential impact of cell and gene therapies in France: projecting product launches and patients treated,France,patients_new_per_year,base; TA=Cardiovascular,2025,,1353,,newly treated patients in France in the year (therapy area),Table 4 row 'Cardiovascular': 2023 0; 2024 0; 2025 1353; 2026 6763; 2027 12173; 2028 17583; 2029 22993; 2030 27321; Total 88185,https://www.ebi.ac.uk/europepmc/webservices/rest/PMC10910012/fullTextXML,verified-from-source,Therapy-area breakdown of Table 4; 'Total' column = 2023-2030 sum as printed.
S17,Forecasting the potential impact of cell and gene therapies in France: projecting product launches and patients treated,France,patients_new_per_year,base; TA=Cardiovascular,2026,,6763,,newly treated patients in France in the year (therapy area),Table 4 row 'Cardiovascular': 2023 0; 2024 0; 2025 1353; 2026 6763; 2027 12173; 2028 17583; 2029 22993; 2030 27321; Total 88185,https://www.ebi.ac.uk/europepmc/webservices/rest/PMC10910012/fullTextXML,verified-from-source,Therapy-area breakdown of Table 4; 'Total' column = 2023-2030 sum as printed.
S17,Forecasting the potential impact of cell and gene therapies in France: projecting product launches and patients treated,France,patients_new_per_year,base; TA=Cardiovascular,2027,,12173,,newly treated patients in France in the year (therapy area),Table 4 row 'Cardiovascular': 2023 0; 2024 0; 2025 1353; 2026 6763; 2027 12173; 2028 17583; 2029 22993; 2030 27321; Total 88185,https://www.ebi.ac.uk/europepmc/webservices/rest/PMC10910012/fullTextXML,verified-from-source,Therapy-area breakdown of Table 4; 'Total' column = 2023-2030 sum as printed.
S17,Forecasting the potential impact of cell and gene therapies in France: projecting product launches and patients treated,France,patients_new_per_year,base; TA=Cardiovascular,2028,,17583,,newly treated patients in France in the year (therapy area),Table 4 row 'Cardiovascular': 2023 0; 2024 0; 2025 1353; 2026 6763; 2027 12173; 2028 17583; 2029 22993; 2030 27321; Total 88185,https://www.ebi.ac.uk/europepmc/webservices/rest/PMC10910012/fullTextXML,verified-from-source,Therapy-area breakdown of Table 4; 'Total' column = 2023-2030 sum as printed.
S17,Forecasting the potential impact of cell and gene therapies in France: projecting product launches and patients treated,France,patients_new_per_year,base; TA=Cardiovascular,2029,,22993,,newly treated patients in France in the year (therapy area),Table 4 row 'Cardiovascular': 2023 0; 2024 0; 2025 1353; 2026 6763; 2027 12173; 2028 17583; 2029 22993; 2030 27321; Total 88185,https://www.ebi.ac.uk/europepmc/webservices/rest/PMC10910012/fullTextXML,verified-from-source,Therapy-area breakdown of Table 4; 'Total' column = 2023-2030 sum as printed.
S17,Forecasting the potential impact of cell and gene therapies in France: projecting product launches and patients treated,France,patients_new_per_year,base; TA=Cardiovascular,2030,,27321,,newly treated patients in France in the year (therapy area),Table 4 row 'Cardiovascular': 2023 0; 2024 0; 2025 1353; 2026 6763; 2027 12173; 2028 17583; 2029 22993; 2030 27321; Total 88185,https://www.ebi.ac.uk/europepmc/webservices/rest/PMC10910012/fullTextXML,verified-from-source,Therapy-area breakdown of Table 4; 'Total' column = 2023-2030 sum as printed.
S17,Forecasting the potential impact of cell and gene therapies in France: projecting product launches and patients treated,France,patients_new_per_year,base; TA=Haemato-Oncology,2023,,1224,,newly treated patients in France in the year (therapy area),Table 4 row 'Haemato-Oncology': 2023 1224; 2024 2153; 2025 3082; 2026 4376; 2027 6556; 2028 8820; 2029 11646; 2030 15217; Total 53075,https://www.ebi.ac.uk/europepmc/webservices/rest/PMC10910012/fullTextXML,verified-from-source,Therapy-area breakdown of Table 4; 'Total' column = 2023-2030 sum as printed.
S17,Forecasting the potential impact of cell and gene therapies in France: projecting product launches and patients treated,France,patients_new_per_year,base; TA=Haemato-Oncology,2024,,2153,,newly treated patients in France in the year (therapy area),Table 4 row 'Haemato-Oncology': 2023 1224; 2024 2153; 2025 3082; 2026 4376; 2027 6556; 2028 8820; 2029 11646; 2030 15217; Total 53075,https://www.ebi.ac.uk/europepmc/webservices/rest/PMC10910012/fullTextXML,verified-from-source,Therapy-area breakdown of Table 4; 'Total' column = 2023-2030 sum as printed.
S17,Forecasting the potential impact of cell and gene therapies in France: projecting product launches and patients treated,France,patients_new_per_year,base; TA=Haemato-Oncology,2025,,3082,,newly treated patients in France in the year (therapy area),Table 4 row 'Haemato-Oncology': 2023 1224; 2024 2153; 2025 3082; 2026 4376; 2027 6556; 2028 8820; 2029 11646; 2030 15217; Total 53075,https://www.ebi.ac.uk/europepmc/webservices/rest/PMC10910012/fullTextXML,verified-from-source,Therapy-area breakdown of Table 4; 'Total' column = 2023-2030 sum as printed.
S17,Forecasting the potential impact of cell and gene therapies in France: projecting product launches and patients treated,France,patients_new_per_year,base; TA=Haemato-Oncology,2026,,4376,,newly treated patients in France in the year (therapy area),Table 4 row 'Haemato-Oncology': 2023 1224; 2024 2153; 2025 3082; 2026 4376; 2027 6556; 2028 8820; 2029 11646; 2030 15217; Total 53075,https://www.ebi.ac.uk/europepmc/webservices/rest/PMC10910012/fullTextXML,verified-from-source,Therapy-area breakdown of Table 4; 'Total' column = 2023-2030 sum as printed.
S17,Forecasting the potential impact of cell and gene therapies in France: projecting product launches and patients treated,France,patients_new_per_year,base; TA=Haemato-Oncology,2027,,6556,,newly treated patients in France in the year (therapy area),Table 4 row 'Haemato-Oncology': 2023 1224; 2024 2153; 2025 3082; 2026 4376; 2027 6556; 2028 8820; 2029 11646; 2030 15217; Total 53075,https://www.ebi.ac.uk/europepmc/webservices/rest/PMC10910012/fullTextXML,verified-from-source,Therapy-area breakdown of Table 4; 'Total' column = 2023-2030 sum as printed.
S17,Forecasting the potential impact of cell and gene therapies in France: projecting product launches and patients treated,France,patients_new_per_year,base; TA=Haemato-Oncology,2028,,8820,,newly treated patients in France in the year (therapy area),Table 4 row 'Haemato-Oncology': 2023 1224; 2024 2153; 2025 3082; 2026 4376; 2027 6556; 2028 8820; 2029 11646; 2030 15217; Total 53075,https://www.ebi.ac.uk/europepmc/webservices/rest/PMC10910012/fullTextXML,verified-from-source,Therapy-area breakdown of Table 4; 'Total' column = 2023-2030 sum as printed.
S17,Forecasting the potential impact of cell and gene therapies in France: projecting product launches and patients treated,France,patients_new_per_year,base; TA=Haemato-Oncology,2029,,11646,,newly treated patients in France in the year (therapy area),Table 4 row 'Haemato-Oncology': 2023 1224; 2024 2153; 2025 3082; 2026 4376; 2027 6556; 2028 8820; 2029 11646; 2030 15217; Total 53075,https://www.ebi.ac.uk/europepmc/webservices/rest/PMC10910012/fullTextXML,verified-from-source,Therapy-area breakdown of Table 4; 'Total' column = 2023-2030 sum as printed.
S17,Forecasting the potential impact of cell and gene therapies in France: projecting product launches and patients treated,France,patients_new_per_year,base; TA=Haemato-Oncology,2030,,15217,,newly treated patients in France in the year (therapy area),Table 4 row 'Haemato-Oncology': 2023 1224; 2024 2153; 2025 3082; 2026 4376; 2027 6556; 2028 8820; 2029 11646; 2030 15217; Total 53075,https://www.ebi.ac.uk/europepmc/webservices/rest/PMC10910012/fullTextXML,verified-from-source,Therapy-area breakdown of Table 4; 'Total' column = 2023-2030 sum as printed.
S17,Forecasting the potential impact of cell and gene therapies in France: projecting product launches and patients treated,France,patients_new_per_year,base; TA=Solid tumor,2023,,0,,newly treated patients in France in the year (therapy area),Table 4 row 'Solid tumor': 2023 0; 2024 14; 2025 68; 2026 122; 2027 1420; 2028 4656; 2029 8237; 2030 13030; Total 27546,https://www.ebi.ac.uk/europepmc/webservices/rest/PMC10910012/fullTextXML,verified-from-source,Therapy-area breakdown of Table 4; 'Total' column = 2023-2030 sum as printed.
S17,Forecasting the potential impact of cell and gene therapies in France: projecting product launches and patients treated,France,patients_new_per_year,base; TA=Solid tumor,2024,,14,,newly treated patients in France in the year (therapy area),Table 4 row 'Solid tumor': 2023 0; 2024 14; 2025 68; 2026 122; 2027 1420; 2028 4656; 2029 8237; 2030 13030; Total 27546,https://www.ebi.ac.uk/europepmc/webservices/rest/PMC10910012/fullTextXML,verified-from-source,Therapy-area breakdown of Table 4; 'Total' column = 2023-2030 sum as printed.
S17,Forecasting the potential impact of cell and gene therapies in France: projecting product launches and patients treated,France,patients_new_per_year,base; TA=Solid tumor,2025,,68,,newly treated patients in France in the year (therapy area),Table 4 row 'Solid tumor': 2023 0; 2024 14; 2025 68; 2026 122; 2027 1420; 2028 4656; 2029 8237; 2030 13030; Total 27546,https://www.ebi.ac.uk/europepmc/webservices/rest/PMC10910012/fullTextXML,verified-from-source,Therapy-area breakdown of Table 4; 'Total' column = 2023-2030 sum as printed.
S17,Forecasting the potential impact of cell and gene therapies in France: projecting product launches and patients treated,France,patients_new_per_year,base; TA=Solid tumor,2026,,122,,newly treated patients in France in the year (therapy area),Table 4 row 'Solid tumor': 2023 0; 2024 14; 2025 68; 2026 122; 2027 1420; 2028 4656; 2029 8237; 2030 13030; Total 27546,https://www.ebi.ac.uk/europepmc/webservices/rest/PMC10910012/fullTextXML,verified-from-source,Therapy-area breakdown of Table 4; 'Total' column = 2023-2030 sum as printed.
S17,Forecasting the potential impact of cell and gene therapies in France: projecting product launches and patients treated,France,patients_new_per_year,base; TA=Solid tumor,2027,,1420,,newly treated patients in France in the year (therapy area),Table 4 row 'Solid tumor': 2023 0; 2024 14; 2025 68; 2026 122; 2027 1420; 2028 4656; 2029 8237; 2030 13030; Total 27546,https://www.ebi.ac.uk/europepmc/webservices/rest/PMC10910012/fullTextXML,verified-from-source,Therapy-area breakdown of Table 4; 'Total' column = 2023-2030 sum as printed.
S17,Forecasting the potential impact of cell and gene therapies in France: projecting product launches and patients treated,France,patients_new_per_year,base; TA=Solid tumor,2028,,4656,,newly treated patients in France in the year (therapy area),Table 4 row 'Solid tumor': 2023 0; 2024 14; 2025 68; 2026 122; 2027 1420; 2028 4656; 2029 8237; 2030 13030; Total 27546,https://www.ebi.ac.uk/europepmc/webservices/rest/PMC10910012/fullTextXML,verified-from-source,Therapy-area breakdown of Table 4; 'Total' column = 2023-2030 sum as printed.
S17,Forecasting the potential impact of cell and gene therapies in France: projecting product launches and patients treated,France,patients_new_per_year,base; TA=Solid tumor,2029,,8237,,newly treated patients in France in the year (therapy area),Table 4 row 'Solid tumor': 2023 0; 2024 14; 2025 68; 2026 122; 2027 1420; 2028 4656; 2029 8237; 2030 13030; Total 27546,https://www.ebi.ac.uk/europepmc/webservices/rest/PMC10910012/fullTextXML,verified-from-source,Therapy-area breakdown of Table 4; 'Total' column = 2023-2030 sum as printed.
S17,Forecasting the potential impact of cell and gene therapies in France: projecting product launches and patients treated,France,patients_new_per_year,base; TA=Solid tumor,2030,,13030,,newly treated patients in France in the year (therapy area),Table 4 row 'Solid tumor': 2023 0; 2024 14; 2025 68; 2026 122; 2027 1420; 2028 4656; 2029 8237; 2030 13030; Total 27546,https://www.ebi.ac.uk/europepmc/webservices/rest/PMC10910012/fullTextXML,verified-from-source,Therapy-area breakdown of Table 4; 'Total' column = 2023-2030 sum as printed.
S17,Forecasting the potential impact of cell and gene therapies in France: projecting product launches and patients treated,France,patients_new_per_year,base; TA=Hematology (non-oncology),2023,,429,,newly treated patients in France in the year (therapy area),Table 4 row 'Hematology (non-oncology)': 2023 429; 2024 1286; 2025 2144; 2026 3001; 2027 3859; 2028 4558; 2029 5192; 2030 6428; Total 26896,https://www.ebi.ac.uk/europepmc/webservices/rest/PMC10910012/fullTextXML,verified-from-source,Therapy-area breakdown of Table 4; 'Total' column = 2023-2030 sum as printed.
S17,Forecasting the potential impact of cell and gene therapies in France: projecting product launches and patients treated,France,patients_new_per_year,base; TA=Hematology (non-oncology),2024,,1286,,newly treated patients in France in the year (therapy area),Table 4 row 'Hematology (non-oncology)': 2023 429; 2024 1286; 2025 2144; 2026 3001; 2027 3859; 2028 4558; 2029 5192; 2030 6428; Total 26896,https://www.ebi.ac.uk/europepmc/webservices/rest/PMC10910012/fullTextXML,verified-from-source,Therapy-area breakdown of Table 4; 'Total' column = 2023-2030 sum as printed.
S17,Forecasting the potential impact of cell and gene therapies in France: projecting product launches and patients treated,France,patients_new_per_year,base; TA=Hematology (non-oncology),2025,,2144,,newly treated patients in France in the year (therapy area),Table 4 row 'Hematology (non-oncology)': 2023 429; 2024 1286; 2025 2144; 2026 3001; 2027 3859; 2028 4558; 2029 5192; 2030 6428; Total 26896,https://www.ebi.ac.uk/europepmc/webservices/rest/PMC10910012/fullTextXML,verified-from-source,Therapy-area breakdown of Table 4; 'Total' column = 2023-2030 sum as printed.
S17,Forecasting the potential impact of cell and gene therapies in France: projecting product launches and patients treated,France,patients_new_per_year,base; TA=Hematology (non-oncology),2026,,3001,,newly treated patients in France in the year (therapy area),Table 4 row 'Hematology (non-oncology)': 2023 429; 2024 1286; 2025 2144; 2026 3001; 2027 3859; 2028 4558; 2029 5192; 2030 6428; Total 26896,https://www.ebi.ac.uk/europepmc/webservices/rest/PMC10910012/fullTextXML,verified-from-source,Therapy-area breakdown of Table 4; 'Total' column = 2023-2030 sum as printed.
S17,Forecasting the potential impact of cell and gene therapies in France: projecting product launches and patients treated,France,patients_new_per_year,base; TA=Hematology (non-oncology),2027,,3859,,newly treated patients in France in the year (therapy area),Table 4 row 'Hematology (non-oncology)': 2023 429; 2024 1286; 2025 2144; 2026 3001; 2027 3859; 2028 4558; 2029 5192; 2030 6428; Total 26896,https://www.ebi.ac.uk/europepmc/webservices/rest/PMC10910012/fullTextXML,verified-from-source,Therapy-area breakdown of Table 4; 'Total' column = 2023-2030 sum as printed.
S17,Forecasting the potential impact of cell and gene therapies in France: projecting product launches and patients treated,France,patients_new_per_year,base; TA=Hematology (non-oncology),2028,,4558,,newly treated patients in France in the year (therapy area),Table 4 row 'Hematology (non-oncology)': 2023 429; 2024 1286; 2025 2144; 2026 3001; 2027 3859; 2028 4558; 2029 5192; 2030 6428; Total 26896,https://www.ebi.ac.uk/europepmc/webservices/rest/PMC10910012/fullTextXML,verified-from-source,Therapy-area breakdown of Table 4; 'Total' column = 2023-2030 sum as printed.
S17,Forecasting the potential impact of cell and gene therapies in France: projecting product launches and patients treated,France,patients_new_per_year,base; TA=Hematology (non-oncology),2029,,5192,,newly treated patients in France in the year (therapy area),Table 4 row 'Hematology (non-oncology)': 2023 429; 2024 1286; 2025 2144; 2026 3001; 2027 3859; 2028 4558; 2029 5192; 2030 6428; Total 26896,https://www.ebi.ac.uk/europepmc/webservices/rest/PMC10910012/fullTextXML,verified-from-source,Therapy-area breakdown of Table 4; 'Total' column = 2023-2030 sum as printed.
S17,Forecasting the potential impact of cell and gene therapies in France: projecting product launches and patients treated,France,patients_new_per_year,base; TA=Hematology (non-oncology),2030,,6428,,newly treated patients in France in the year (therapy area),Table 4 row 'Hematology (non-oncology)': 2023 429; 2024 1286; 2025 2144; 2026 3001; 2027 3859; 2028 4558; 2029 5192; 2030 6428; Total 26896,https://www.ebi.ac.uk/europepmc/webservices/rest/PMC10910012/fullTextXML,verified-from-source,Therapy-area breakdown of Table 4; 'Total' column = 2023-2030 sum as printed.
S17,Forecasting the potential impact of cell and gene therapies in France: projecting product launches and patients treated,France,patients_new_per_year,base; TA=Ophthalmology,2023,,0,,newly treated patients in France in the year (therapy area),Table 4 row 'Ophthalmology': 2023 0; 2024 7; 2025 88; 2026 237; 2027 426; 2028 751; 2029 3368; 2030 5951; Total 10827,https://www.ebi.ac.uk/europepmc/webservices/rest/PMC10910012/fullTextXML,verified-from-source,Therapy-area breakdown of Table 4; 'Total' column = 2023-2030 sum as printed.
S17,Forecasting the potential impact of cell and gene therapies in France: projecting product launches and patients treated,France,patients_new_per_year,base; TA=Ophthalmology,2024,,7,,newly treated patients in France in the year (therapy area),Table 4 row 'Ophthalmology': 2023 0; 2024 7; 2025 88; 2026 237; 2027 426; 2028 751; 2029 3368; 2030 5951; Total 10827,https://www.ebi.ac.uk/europepmc/webservices/rest/PMC10910012/fullTextXML,verified-from-source,Therapy-area breakdown of Table 4; 'Total' column = 2023-2030 sum as printed.
S17,Forecasting the potential impact of cell and gene therapies in France: projecting product launches and patients treated,France,patients_new_per_year,base; TA=Ophthalmology,2025,,88,,newly treated patients in France in the year (therapy area),Table 4 row 'Ophthalmology': 2023 0; 2024 7; 2025 88; 2026 237; 2027 426; 2028 751; 2029 3368; 2030 5951; Total 10827,https://www.ebi.ac.uk/europepmc/webservices/rest/PMC10910012/fullTextXML,verified-from-source,Therapy-area breakdown of Table 4; 'Total' column = 2023-2030 sum as printed.
S17,Forecasting the potential impact of cell and gene therapies in France: projecting product launches and patients treated,France,patients_new_per_year,base; TA=Ophthalmology,2026,,237,,newly treated patients in France in the year (therapy area),Table 4 row 'Ophthalmology': 2023 0; 2024 7; 2025 88; 2026 237; 2027 426; 2028 751; 2029 3368; 2030 5951; Total 10827,https://www.ebi.ac.uk/europepmc/webservices/rest/PMC10910012/fullTextXML,verified-from-source,Therapy-area breakdown of Table 4; 'Total' column = 2023-2030 sum as printed.
S17,Forecasting the potential impact of cell and gene therapies in France: projecting product launches and patients treated,France,patients_new_per_year,base; TA=Ophthalmology,2027,,426,,newly treated patients in France in the year (therapy area),Table 4 row 'Ophthalmology': 2023 0; 2024 7; 2025 88; 2026 237; 2027 426; 2028 751; 2029 3368; 2030 5951; Total 10827,https://www.ebi.ac.uk/europepmc/webservices/rest/PMC10910012/fullTextXML,verified-from-source,Therapy-area breakdown of Table 4; 'Total' column = 2023-2030 sum as printed.
S17,Forecasting the potential impact of cell and gene therapies in France: projecting product launches and patients treated,France,patients_new_per_year,base; TA=Ophthalmology,2028,,751,,newly treated patients in France in the year (therapy area),Table 4 row 'Ophthalmology': 2023 0; 2024 7; 2025 88; 2026 237; 2027 426; 2028 751; 2029 3368; 2030 5951; Total 10827,https://www.ebi.ac.uk/europepmc/webservices/rest/PMC10910012/fullTextXML,verified-from-source,Therapy-area breakdown of Table 4; 'Total' column = 2023-2030 sum as printed.
S17,Forecasting the potential impact of cell and gene therapies in France: projecting product launches and patients treated,France,patients_new_per_year,base; TA=Ophthalmology,2029,,3368,,newly treated patients in France in the year (therapy area),Table 4 row 'Ophthalmology': 2023 0; 2024 7; 2025 88; 2026 237; 2027 426; 2028 751; 2029 3368; 2030 5951; Total 10827,https://www.ebi.ac.uk/europepmc/webservices/rest/PMC10910012/fullTextXML,verified-from-source,Therapy-area breakdown of Table 4; 'Total' column = 2023-2030 sum as printed.
S17,Forecasting the potential impact of cell and gene therapies in France: projecting product launches and patients treated,France,patients_new_per_year,base; TA=Ophthalmology,2030,,5951,,newly treated patients in France in the year (therapy area),Table 4 row 'Ophthalmology': 2023 0; 2024 7; 2025 88; 2026 237; 2027 426; 2028 751; 2029 3368; 2030 5951; Total 10827,https://www.ebi.ac.uk/europepmc/webservices/rest/PMC10910012/fullTextXML,verified-from-source,Therapy-area breakdown of Table 4; 'Total' column = 2023-2030 sum as printed.
S17,Forecasting the potential impact of cell and gene therapies in France: projecting product launches and patients treated,France,patients_new_per_year,base; TA=Metabolic,2023,,0,,newly treated patients in France in the year (therapy area),Table 4 row 'Metabolic': 2023 0; 2024 1; 2025 14; 2026 58; 2027 98; 2028 211; 2029 534; 2030 844; Total 1761,https://www.ebi.ac.uk/europepmc/webservices/rest/PMC10910012/fullTextXML,verified-from-source,Therapy-area breakdown of Table 4; 'Total' column = 2023-2030 sum as printed.
S17,Forecasting the potential impact of cell and gene therapies in France: projecting product launches and patients treated,France,patients_new_per_year,base; TA=Metabolic,2024,,1,,newly treated patients in France in the year (therapy area),Table 4 row 'Metabolic': 2023 0; 2024 1; 2025 14; 2026 58; 2027 98; 2028 211; 2029 534; 2030 844; Total 1761,https://www.ebi.ac.uk/europepmc/webservices/rest/PMC10910012/fullTextXML,verified-from-source,Therapy-area breakdown of Table 4; 'Total' column = 2023-2030 sum as printed.
S17,Forecasting the potential impact of cell and gene therapies in France: projecting product launches and patients treated,France,patients_new_per_year,base; TA=Metabolic,2025,,14,,newly treated patients in France in the year (therapy area),Table 4 row 'Metabolic': 2023 0; 2024 1; 2025 14; 2026 58; 2027 98; 2028 211; 2029 534; 2030 844; Total 1761,https://www.ebi.ac.uk/europepmc/webservices/rest/PMC10910012/fullTextXML,verified-from-source,Therapy-area breakdown of Table 4; 'Total' column = 2023-2030 sum as printed.
S17,Forecasting the potential impact of cell and gene therapies in France: projecting product launches and patients treated,France,patients_new_per_year,base; TA=Metabolic,2026,,58,,newly treated patients in France in the year (therapy area),Table 4 row 'Metabolic': 2023 0; 2024 1; 2025 14; 2026 58; 2027 98; 2028 211; 2029 534; 2030 844; Total 1761,https://www.ebi.ac.uk/europepmc/webservices/rest/PMC10910012/fullTextXML,verified-from-source,Therapy-area breakdown of Table 4; 'Total' column = 2023-2030 sum as printed.
S17,Forecasting the potential impact of cell and gene therapies in France: projecting product launches and patients treated,France,patients_new_per_year,base; TA=Metabolic,2027,,98,,newly treated patients in France in the year (therapy area),Table 4 row 'Metabolic': 2023 0; 2024 1; 2025 14; 2026 58; 2027 98; 2028 211; 2029 534; 2030 844; Total 1761,https://www.ebi.ac.uk/europepmc/webservices/rest/PMC10910012/fullTextXML,verified-from-source,Therapy-area breakdown of Table 4; 'Total' column = 2023-2030 sum as printed.
S17,Forecasting the potential impact of cell and gene therapies in France: projecting product launches and patients treated,France,patients_new_per_year,base; TA=Metabolic,2028,,211,,newly treated patients in France in the year (therapy area),Table 4 row 'Metabolic': 2023 0; 2024 1; 2025 14; 2026 58; 2027 98; 2028 211; 2029 534; 2030 844; Total 1761,https://www.ebi.ac.uk/europepmc/webservices/rest/PMC10910012/fullTextXML,verified-from-source,Therapy-area breakdown of Table 4; 'Total' column = 2023-2030 sum as printed.
S17,Forecasting the potential impact of cell and gene therapies in France: projecting product launches and patients treated,France,patients_new_per_year,base; TA=Metabolic,2029,,534,,newly treated patients in France in the year (therapy area),Table 4 row 'Metabolic': 2023 0; 2024 1; 2025 14; 2026 58; 2027 98; 2028 211; 2029 534; 2030 844; Total 1761,https://www.ebi.ac.uk/europepmc/webservices/rest/PMC10910012/fullTextXML,verified-from-source,Therapy-area breakdown of Table 4; 'Total' column = 2023-2030 sum as printed.
S17,Forecasting the potential impact of cell and gene therapies in France: projecting product launches and patients treated,France,patients_new_per_year,base; TA=Metabolic,2030,,844,,newly treated patients in France in the year (therapy area),Table 4 row 'Metabolic': 2023 0; 2024 1; 2025 14; 2026 58; 2027 98; 2028 211; 2029 534; 2030 844; Total 1761,https://www.ebi.ac.uk/europepmc/webservices/rest/PMC10910012/fullTextXML,verified-from-source,Therapy-area breakdown of Table 4; 'Total' column = 2023-2030 sum as printed.
S17,Forecasting the potential impact of cell and gene therapies in France: projecting product launches and patients treated,France,patients_new_per_year,base; TA=Neurology,2023,,0,,newly treated patients in France in the year (therapy area),Table 4 row 'Neurology': 2023 0; 2024 2; 2025 19; 2026 51; 2027 159; 2028 267; 2029 410; 2030 576; Total 1484,https://www.ebi.ac.uk/europepmc/webservices/rest/PMC10910012/fullTextXML,verified-from-source,Therapy-area breakdown of Table 4; 'Total' column = 2023-2030 sum as printed.
S17,Forecasting the potential impact of cell and gene therapies in France: projecting product launches and patients treated,France,patients_new_per_year,base; TA=Neurology,2024,,2,,newly treated patients in France in the year (therapy area),Table 4 row 'Neurology': 2023 0; 2024 2; 2025 19; 2026 51; 2027 159; 2028 267; 2029 410; 2030 576; Total 1484,https://www.ebi.ac.uk/europepmc/webservices/rest/PMC10910012/fullTextXML,verified-from-source,Therapy-area breakdown of Table 4; 'Total' column = 2023-2030 sum as printed.
S17,Forecasting the potential impact of cell and gene therapies in France: projecting product launches and patients treated,France,patients_new_per_year,base; TA=Neurology,2025,,19,,newly treated patients in France in the year (therapy area),Table 4 row 'Neurology': 2023 0; 2024 2; 2025 19; 2026 51; 2027 159; 2028 267; 2029 410; 2030 576; Total 1484,https://www.ebi.ac.uk/europepmc/webservices/rest/PMC10910012/fullTextXML,verified-from-source,Therapy-area breakdown of Table 4; 'Total' column = 2023-2030 sum as printed.
S17,Forecasting the potential impact of cell and gene therapies in France: projecting product launches and patients treated,France,patients_new_per_year,base; TA=Neurology,2026,,51,,newly treated patients in France in the year (therapy area),Table 4 row 'Neurology': 2023 0; 2024 2; 2025 19; 2026 51; 2027 159; 2028 267; 2029 410; 2030 576; Total 1484,https://www.ebi.ac.uk/europepmc/webservices/rest/PMC10910012/fullTextXML,verified-from-source,Therapy-area breakdown of Table 4; 'Total' column = 2023-2030 sum as printed.
S17,Forecasting the potential impact of cell and gene therapies in France: projecting product launches and patients treated,France,patients_new_per_year,base; TA=Neurology,2027,,159,,newly treated patients in France in the year (therapy area),Table 4 row 'Neurology': 2023 0; 2024 2; 2025 19; 2026 51; 2027 159; 2028 267; 2029 410; 2030 576; Total 1484,https://www.ebi.ac.uk/europepmc/webservices/rest/PMC10910012/fullTextXML,verified-from-source,Therapy-area breakdown of Table 4; 'Total' column = 2023-2030 sum as printed.
S17,Forecasting the potential impact of cell and gene therapies in France: projecting product launches and patients treated,France,patients_new_per_year,base; TA=Neurology,2028,,267,,newly treated patients in France in the year (therapy area),Table 4 row 'Neurology': 2023 0; 2024 2; 2025 19; 2026 51; 2027 159; 2028 267; 2029 410; 2030 576; Total 1484,https://www.ebi.ac.uk/europepmc/webservices/rest/PMC10910012/fullTextXML,verified-from-source,Therapy-area breakdown of Table 4; 'Total' column = 2023-2030 sum as printed.
S17,Forecasting the potential impact of cell and gene therapies in France: projecting product launches and patients treated,France,patients_new_per_year,base; TA=Neurology,2029,,410,,newly treated patients in France in the year (therapy area),Table 4 row 'Neurology': 2023 0; 2024 2; 2025 19; 2026 51; 2027 159; 2028 267; 2029 410; 2030 576; Total 1484,https://www.ebi.ac.uk/europepmc/webservices/rest/PMC10910012/fullTextXML,verified-from-source,Therapy-area breakdown of Table 4; 'Total' column = 2023-2030 sum as printed.
S17,Forecasting the potential impact of cell and gene therapies in France: projecting product launches and patients treated,France,patients_new_per_year,base; TA=Neurology,2030,,576,,newly treated patients in France in the year (therapy area),Table 4 row 'Neurology': 2023 0; 2024 2; 2025 19; 2026 51; 2027 159; 2028 267; 2029 410; 2030 576; Total 1484,https://www.ebi.ac.uk/europepmc/webservices/rest/PMC10910012/fullTextXML,verified-from-source,Therapy-area breakdown of Table 4; 'Total' column = 2023-2030 sum as printed.
S17,Forecasting the potential impact of cell and gene therapies in France: projecting product launches and patients treated,France,patients_new_per_year,base; TA=Immunology,2023,,0,,newly treated patients in France in the year (therapy area),Table 4 row 'Immunology': 2023 0; 2024 0; 2025 0; 2026 0; 2027 4; 2028 9; 2029 15; 2030 20; Total 49,https://www.ebi.ac.uk/europepmc/webservices/rest/PMC10910012/fullTextXML,verified-from-source,Therapy-area breakdown of Table 4; 'Total' column = 2023-2030 sum as printed.
S17,Forecasting the potential impact of cell and gene therapies in France: projecting product launches and patients treated,France,patients_new_per_year,base; TA=Immunology,2024,,0,,newly treated patients in France in the year (therapy area),Table 4 row 'Immunology': 2023 0; 2024 0; 2025 0; 2026 0; 2027 4; 2028 9; 2029 15; 2030 20; Total 49,https://www.ebi.ac.uk/europepmc/webservices/rest/PMC10910012/fullTextXML,verified-from-source,Therapy-area breakdown of Table 4; 'Total' column = 2023-2030 sum as printed.
S17,Forecasting the potential impact of cell and gene therapies in France: projecting product launches and patients treated,France,patients_new_per_year,base; TA=Immunology,2025,,0,,newly treated patients in France in the year (therapy area),Table 4 row 'Immunology': 2023 0; 2024 0; 2025 0; 2026 0; 2027 4; 2028 9; 2029 15; 2030 20; Total 49,https://www.ebi.ac.uk/europepmc/webservices/rest/PMC10910012/fullTextXML,verified-from-source,Therapy-area breakdown of Table 4; 'Total' column = 2023-2030 sum as printed.
S17,Forecasting the potential impact of cell and gene therapies in France: projecting product launches and patients treated,France,patients_new_per_year,base; TA=Immunology,2026,,0,,newly treated patients in France in the year (therapy area),Table 4 row 'Immunology': 2023 0; 2024 0; 2025 0; 2026 0; 2027 4; 2028 9; 2029 15; 2030 20; Total 49,https://www.ebi.ac.uk/europepmc/webservices/rest/PMC10910012/fullTextXML,verified-from-source,Therapy-area breakdown of Table 4; 'Total' column = 2023-2030 sum as printed.
S17,Forecasting the potential impact of cell and gene therapies in France: projecting product launches and patients treated,France,patients_new_per_year,base; TA=Immunology,2027,,4,,newly treated patients in France in the year (therapy area),Table 4 row 'Immunology': 2023 0; 2024 0; 2025 0; 2026 0; 2027 4; 2028 9; 2029 15; 2030 20; Total 49,https://www.ebi.ac.uk/europepmc/webservices/rest/PMC10910012/fullTextXML,verified-from-source,Therapy-area breakdown of Table 4; 'Total' column = 2023-2030 sum as printed.
S17,Forecasting the potential impact of cell and gene therapies in France: projecting product launches and patients treated,France,patients_new_per_year,base; TA=Immunology,2028,,9,,newly treated patients in France in the year (therapy area),Table 4 row 'Immunology': 2023 0; 2024 0; 2025 0; 2026 0; 2027 4; 2028 9; 2029 15; 2030 20; Total 49,https://www.ebi.ac.uk/europepmc/webservices/rest/PMC10910012/fullTextXML,verified-from-source,Therapy-area breakdown of Table 4; 'Total' column = 2023-2030 sum as printed.
S17,Forecasting the potential impact of cell and gene therapies in France: projecting product launches and patients treated,France,patients_new_per_year,base; TA=Immunology,2029,,15,,newly treated patients in France in the year (therapy area),Table 4 row 'Immunology': 2023 0; 2024 0; 2025 0; 2026 0; 2027 4; 2028 9; 2029 15; 2030 20; Total 49,https://www.ebi.ac.uk/europepmc/webservices/rest/PMC10910012/fullTextXML,verified-from-source,Therapy-area breakdown of Table 4; 'Total' column = 2023-2030 sum as printed.
S17,Forecasting the potential impact of cell and gene therapies in France: projecting product launches and patients treated,France,patients_new_per_year,base; TA=Immunology,2030,,20,,newly treated patients in France in the year (therapy area),Table 4 row 'Immunology': 2023 0; 2024 0; 2025 0; 2026 0; 2027 4; 2028 9; 2029 15; 2030 20; Total 49,https://www.ebi.ac.uk/europepmc/webservices/rest/PMC10910012/fullTextXML,verified-from-source,Therapy-area breakdown of Table 4; 'Total' column = 2023-2030 sum as printed.
S17,Forecasting the potential impact of cell and gene therapies in France: projecting product launches and patients treated,France,patients_new_per_year,base; TA=Dermatology,2023,,0,,newly treated patients in France in the year (therapy area),Table 4 row 'Dermatology': 2023 0; 2024 0; 2025 0; 2026 1; 2027 4; 2028 7; 2029 9; 2030 12; Total 34,https://www.ebi.ac.uk/europepmc/webservices/rest/PMC10910012/fullTextXML,verified-from-source,Therapy-area breakdown of Table 4; 'Total' column = 2023-2030 sum as printed.
S17,Forecasting the potential impact of cell and gene therapies in France: projecting product launches and patients treated,France,patients_new_per_year,base; TA=Dermatology,2024,,0,,newly treated patients in France in the year (therapy area),Table 4 row 'Dermatology': 2023 0; 2024 0; 2025 0; 2026 1; 2027 4; 2028 7; 2029 9; 2030 12; Total 34,https://www.ebi.ac.uk/europepmc/webservices/rest/PMC10910012/fullTextXML,verified-from-source,Therapy-area breakdown of Table 4; 'Total' column = 2023-2030 sum as printed.
S17,Forecasting the potential impact of cell and gene therapies in France: projecting product launches and patients treated,France,patients_new_per_year,base; TA=Dermatology,2025,,0,,newly treated patients in France in the year (therapy area),Table 4 row 'Dermatology': 2023 0; 2024 0; 2025 0; 2026 1; 2027 4; 2028 7; 2029 9; 2030 12; Total 34,https://www.ebi.ac.uk/europepmc/webservices/rest/PMC10910012/fullTextXML,verified-from-source,Therapy-area breakdown of Table 4; 'Total' column = 2023-2030 sum as printed.
S17,Forecasting the potential impact of cell and gene therapies in France: projecting product launches and patients treated,France,patients_new_per_year,base; TA=Dermatology,2026,,1,,newly treated patients in France in the year (therapy area),Table 4 row 'Dermatology': 2023 0; 2024 0; 2025 0; 2026 1; 2027 4; 2028 7; 2029 9; 2030 12; Total 34,https://www.ebi.ac.uk/europepmc/webservices/rest/PMC10910012/fullTextXML,verified-from-source,Therapy-area breakdown of Table 4; 'Total' column = 2023-2030 sum as printed.
S17,Forecasting the potential impact of cell and gene therapies in France: projecting product launches and patients treated,France,patients_new_per_year,base; TA=Dermatology,2027,,4,,newly treated patients in France in the year (therapy area),Table 4 row 'Dermatology': 2023 0; 2024 0; 2025 0; 2026 1; 2027 4; 2028 7; 2029 9; 2030 12; Total 34,https://www.ebi.ac.uk/europepmc/webservices/rest/PMC10910012/fullTextXML,verified-from-source,Therapy-area breakdown of Table 4; 'Total' column = 2023-2030 sum as printed.
S17,Forecasting the potential impact of cell and gene therapies in France: projecting product launches and patients treated,France,patients_new_per_year,base; TA=Dermatology,2028,,7,,newly treated patients in France in the year (therapy area),Table 4 row 'Dermatology': 2023 0; 2024 0; 2025 0; 2026 1; 2027 4; 2028 7; 2029 9; 2030 12; Total 34,https://www.ebi.ac.uk/europepmc/webservices/rest/PMC10910012/fullTextXML,verified-from-source,Therapy-area breakdown of Table 4; 'Total' column = 2023-2030 sum as printed.
S17,Forecasting the potential impact of cell and gene therapies in France: projecting product launches and patients treated,France,patients_new_per_year,base; TA=Dermatology,2029,,9,,newly treated patients in France in the year (therapy area),Table 4 row 'Dermatology': 2023 0; 2024 0; 2025 0; 2026 1; 2027 4; 2028 7; 2029 9; 2030 12; Total 34,https://www.ebi.ac.uk/europepmc/webservices/rest/PMC10910012/fullTextXML,verified-from-source,Therapy-area breakdown of Table 4; 'Total' column = 2023-2030 sum as printed.
S17,Forecasting the potential impact of cell and gene therapies in France: projecting product launches and patients treated,France,patients_new_per_year,base; TA=Dermatology,2030,,12,,newly treated patients in France in the year (therapy area),Table 4 row 'Dermatology': 2023 0; 2024 0; 2025 0; 2026 1; 2027 4; 2028 7; 2029 9; 2030 12; Total 34,https://www.ebi.ac.uk/europepmc/webservices/rest/PMC10910012/fullTextXML,verified-from-source,Therapy-area breakdown of Table 4; 'Total' column = 2023-2030 sum as printed.
S17,Forecasting the potential impact of cell and gene therapies in France: projecting product launches and patients treated,France,assumption,base,,,,,,"Pipeline snapshot: 'Data extraction covered all the trial information available in December 2022.' 'The mapping of the CGT clinical development pipeline led to the identification of 749 individual clinical trial programs for 419 CGTs in 38 indications' (327 Phase I, 367 Phase II, 55 Phase III studies).",https://www.ebi.ac.uk/europepmc/webservices/rest/PMC10910012/fullTextXML,verified-from-source,Pipeline snapshot December 2022.
S17,Forecasting the potential impact of cell and gene therapies in France: projecting product launches and patients treated,France,assumption,base,,,,,,"Probability of success (Table 2, based on MIT Project ALPHA): Phase I 10.8%; Phase II 16.0%; Phase III 44.1% (probability of reaching launch from the given phase).",https://www.ebi.ac.uk/europepmc/webservices/rest/PMC10910012/fullTextXML,verified-from-source,
S17,Forecasting the potential impact of cell and gene therapies in France: projecting product launches and patients treated,France,assumption,base,,,,,,"Launch timing: 'the assumed duration from Phase I, Phase II and Phase III to launch were 9, 7, and 5 years, respectively' (base scenario); 'the duration for the pessimistic and optimistic launch scenarios has a 1-year difference from the base launch'; 'Forecasted CGT launches across three scenarios are shown in the Supplementary Figure 1.'",https://www.ebi.ac.uk/europepmc/webservices/rest/PMC10910012/fullTextXML,verified-from-source,Scenario values for pessimistic/optimistic launches are only in Supplementary Figure 1 (not in the main text or XML tables) - see gap row.
S17,Forecasting the potential impact of cell and gene therapies in France: projecting product launches and patients treated,France,assumption,base,,,,,,"Adoption/uptake: historical adoption rates of launched CGTs 'ranged from 1 to 30%'; model assumes 'an estimated 1% adoption rate for each product in year one of launch, with incremental increases of 1% per year to a maximum of 6% in year six'. Treatment centres in France (2022): 0.046 per 100,000 population; 0.0543 per 1,000 square km.",https://www.ebi.ac.uk/europepmc/webservices/rest/PMC10910012/fullTextXML,verified-from-source,
S17,Forecasting the potential impact of cell and gene therapies in France: projecting product launches and patients treated,France,assumption,base,,,,,,"Baseline: 'As of 31 December 2022, 13 cell and gene therapies (CGTs), defined as gene therapy medicinal products and somatic cell therapies, excluding tissue-engineered therapies, were granted a European marketing authorization.' 'Out of these, 10 have been reimbursed or received early access authorization (AAP) in France, as shown in Table 1.'",https://www.ebi.ac.uk/europepmc/webservices/rest/PMC10910012/fullTextXML,verified-from-source,
S17,Forecasting the potential impact of cell and gene therapies in France: projecting product launches and patients treated,France,assumption,base,,,,,,"Exclusions: 'Trials with therapies that did not involve gene modification (e.g., human stem cell transplantation without genetic modification, or other forms of cellular transplantation) were excluded.' Patient-based epidemiological forecast (Figure 1): eligible population per indication x probability of success x launch timing x adoption.",https://www.ebi.ac.uk/europepmc/webservices/rest/PMC10910012/fullTextXML,verified-from-source,'Newly treated patients' is not explicitly defined as incident vs prevalent in the text.
S17,Forecasting the potential impact of cell and gene therapies in France: projecting product launches and patients treated,France,approvals_per_year,pessimistic and optimistic launch scenarios,,,,,,Supplementary Figure 1 (three scenarios) - values not in main text,https://www.ebi.ac.uk/europepmc/webservices/rest/PMC10910012/fullTextXML,gap,Supplementary material not retrieved; only the +-1 year timing shift is described.
S20,"Cell and Gene therapy (CGT) pipeline deep dive (Paying for Cures, Center for Biomedical System Design / NEWDIGS, Tufts Medical Center)",US,bibliographic,base,,,,,,"Web page 'Cell and Gene therapy (CGT) pipeline deep dive', Center for Biomedical System Design (NEWDIGS), Tufts Medical Center, Paying for Cures / Defining disruption section. 'Pipeline data through December 2023 are found below.' No explicit page date; Figure 2 and Table 1 image files are dated 2025/06 in their upload paths. Links on page: slides 'Overview of the CGT pipeline' (July 2023 PDF); research brief 'Are Cell and Gene Therapy programs a better bet?' (2023F210v056); Young et al 2022 (S16); JMCP 2025 pediatric-onset rare disease projection (doi 10.18553/jmcp.2025.31.5.491).",https://newdigs.tuftsmedicalcenter.org/payingforcures/defining-disruption/cell-and-gene-therapy-products-and-pipeline/cgt-pipeline-deep-dive/,verified-from-source,"The ICER-NEWDIGS white paper (April 2024) cites this page as accessed 2 Aug 2023 with different figures (48,000 patients/yr by 2030; 85 gene therapies by 2032), so the page has been revised at least once; the current text and the Figure 2 data table also differ from each other (see notes on those rows)."
S20,"Cell and Gene therapy (CGT) pipeline deep dive (Paying for Cures, Center for Biomedical System Design / NEWDIGS, Tufts Medical Center)",US,treatable_population,base,2032,105000,,,"treatable patients per year (US, all CGT)","By 2032, the treatable patient population for CGT is anticipated to be 105,000+ patients per year.",https://newdigs.tuftsmedicalcenter.org/payingforcures/defining-disruption/cell-and-gene-therapy-products-and-pipeline/cgt-pipeline-deep-dive/,verified-from-source,"Page text. Also: treatment of the prevalent population expected to 'peak in 2031 and 2032, then decline'. The Figure 2 data table on the same page gives total patients treated of 98,195 in 2032 and a peak of 101,968 in 2034, so the '105,000+' text statement and the figure are not the same vintage."
S20,"Cell and Gene therapy (CGT) pipeline deep dive (Paying for Cures, Center for Biomedical System Design / NEWDIGS, Tufts Medical Center)",US,approvals_cumulative,base,2033,75,85,96,US product-indication approvals from the current pipeline by 2033 (estimate; range),The current pipeline of US-targeted therapies is expected to result in 85 product-indication approvals (estimated range 75-96) by 2033,https://newdigs.tuftsmedicalcenter.org/payingforcures/defining-disruption/cell-and-gene-therapy-products-and-pipeline/cgt-pipeline-deep-dive/,verified-from-source,"New approvals from the pipeline (pipeline data through Dec 2023), in addition to the 34 existing product-indication approvals noted on the page."
S20,"Cell and Gene therapy (CGT) pipeline deep dive (Paying for Cures, Center for Biomedical System Design / NEWDIGS, Tufts Medical Center)",US,approvals_per_year,base,,4,,8,"new US product-indication approvals per year, average over the next ten years (2024-2033)",an average of four to eight new approvals annually for the next ten years,https://newdigs.tuftsmedicalcenter.org/payingforcures/defining-disruption/cell-and-gene-therapy-products-and-pipeline/cgt-pipeline-deep-dive/,verified-from-source,Year left blank: statement is a ten-year average.
S20,"Cell and Gene therapy (CGT) pipeline deep dive (Paying for Cures, Center for Biomedical System Design / NEWDIGS, Tufts Medical Center)",US,patients_new_per_year,base (Figure 2 total patients treated),2023,,7820,,"patients treated in the year (US, all CGT; number of patients treated)","Figure 2. Projection of treated patients per year - data table row 'Total patients treated': 2023 7,820; 2024 10,659; 2025 13,982; 2026 25,697; 2027 41,149; 2028 56,896; 2029 72,703; 2030 84,727; 2031 92,417; 2032 98,195; 2033 101,020; 2034 101,968; 2035 101,530; 2036 100,313",https://newdigs.tuftsmedicalcenter.org/wp-content/uploads/2025/06/defining-disruption-7b.png,verified-from-source,"Read from the data table embedded in the Figure 2 image on the deep-dive page (image uploaded 2025/06). Components: incident oncology + incident non-oncology + prevalent non-oncology (rows below); component sums match totals within rounding. Series peaks at 101,968 in 2034."
S20,"Cell and Gene therapy (CGT) pipeline deep dive (Paying for Cures, Center for Biomedical System Design / NEWDIGS, Tufts Medical Center)",US,patients_new_per_year,base (Figure 2 total patients treated),2024,,10659,,"patients treated in the year (US, all CGT; number of patients treated)","Figure 2. Projection of treated patients per year - data table row 'Total patients treated': 2023 7,820; 2024 10,659; 2025 13,982; 2026 25,697; 2027 41,149; 2028 56,896; 2029 72,703; 2030 84,727; 2031 92,417; 2032 98,195; 2033 101,020; 2034 101,968; 2035 101,530; 2036 100,313",https://newdigs.tuftsmedicalcenter.org/wp-content/uploads/2025/06/defining-disruption-7b.png,verified-from-source,"Read from the data table embedded in the Figure 2 image on the deep-dive page (image uploaded 2025/06). Components: incident oncology + incident non-oncology + prevalent non-oncology (rows below); component sums match totals within rounding. Series peaks at 101,968 in 2034."
S20,"Cell and Gene therapy (CGT) pipeline deep dive (Paying for Cures, Center for Biomedical System Design / NEWDIGS, Tufts Medical Center)",US,patients_new_per_year,base (Figure 2 total patients treated),2025,,13982,,"patients treated in the year (US, all CGT; number of patients treated)","Figure 2. Projection of treated patients per year - data table row 'Total patients treated': 2023 7,820; 2024 10,659; 2025 13,982; 2026 25,697; 2027 41,149; 2028 56,896; 2029 72,703; 2030 84,727; 2031 92,417; 2032 98,195; 2033 101,020; 2034 101,968; 2035 101,530; 2036 100,313",https://newdigs.tuftsmedicalcenter.org/wp-content/uploads/2025/06/defining-disruption-7b.png,verified-from-source,"Read from the data table embedded in the Figure 2 image on the deep-dive page (image uploaded 2025/06). Components: incident oncology + incident non-oncology + prevalent non-oncology (rows below); component sums match totals within rounding. Series peaks at 101,968 in 2034."
S20,"Cell and Gene therapy (CGT) pipeline deep dive (Paying for Cures, Center for Biomedical System Design / NEWDIGS, Tufts Medical Center)",US,patients_new_per_year,base (Figure 2 total patients treated),2026,,25697,,"patients treated in the year (US, all CGT; number of patients treated)","Figure 2. Projection of treated patients per year - data table row 'Total patients treated': 2023 7,820; 2024 10,659; 2025 13,982; 2026 25,697; 2027 41,149; 2028 56,896; 2029 72,703; 2030 84,727; 2031 92,417; 2032 98,195; 2033 101,020; 2034 101,968; 2035 101,530; 2036 100,313",https://newdigs.tuftsmedicalcenter.org/wp-content/uploads/2025/06/defining-disruption-7b.png,verified-from-source,"Read from the data table embedded in the Figure 2 image on the deep-dive page (image uploaded 2025/06). Components: incident oncology + incident non-oncology + prevalent non-oncology (rows below); component sums match totals within rounding. Series peaks at 101,968 in 2034."
S20,"Cell and Gene therapy (CGT) pipeline deep dive (Paying for Cures, Center for Biomedical System Design / NEWDIGS, Tufts Medical Center)",US,patients_new_per_year,base (Figure 2 total patients treated),2027,,41149,,"patients treated in the year (US, all CGT; number of patients treated)","Figure 2. Projection of treated patients per year - data table row 'Total patients treated': 2023 7,820; 2024 10,659; 2025 13,982; 2026 25,697; 2027 41,149; 2028 56,896; 2029 72,703; 2030 84,727; 2031 92,417; 2032 98,195; 2033 101,020; 2034 101,968; 2035 101,530; 2036 100,313",https://newdigs.tuftsmedicalcenter.org/wp-content/uploads/2025/06/defining-disruption-7b.png,verified-from-source,"Read from the data table embedded in the Figure 2 image on the deep-dive page (image uploaded 2025/06). Components: incident oncology + incident non-oncology + prevalent non-oncology (rows below); component sums match totals within rounding. Series peaks at 101,968 in 2034."
S20,"Cell and Gene therapy (CGT) pipeline deep dive (Paying for Cures, Center for Biomedical System Design / NEWDIGS, Tufts Medical Center)",US,patients_new_per_year,base (Figure 2 total patients treated),2028,,56896,,"patients treated in the year (US, all CGT; number of patients treated)","Figure 2. Projection of treated patients per year - data table row 'Total patients treated': 2023 7,820; 2024 10,659; 2025 13,982; 2026 25,697; 2027 41,149; 2028 56,896; 2029 72,703; 2030 84,727; 2031 92,417; 2032 98,195; 2033 101,020; 2034 101,968; 2035 101,530; 2036 100,313",https://newdigs.tuftsmedicalcenter.org/wp-content/uploads/2025/06/defining-disruption-7b.png,verified-from-source,"Read from the data table embedded in the Figure 2 image on the deep-dive page (image uploaded 2025/06). Components: incident oncology + incident non-oncology + prevalent non-oncology (rows below); component sums match totals within rounding. Series peaks at 101,968 in 2034."
S20,"Cell and Gene therapy (CGT) pipeline deep dive (Paying for Cures, Center for Biomedical System Design / NEWDIGS, Tufts Medical Center)",US,patients_new_per_year,base (Figure 2 total patients treated),2029,,72703,,"patients treated in the year (US, all CGT; number of patients treated)","Figure 2. Projection of treated patients per year - data table row 'Total patients treated': 2023 7,820; 2024 10,659; 2025 13,982; 2026 25,697; 2027 41,149; 2028 56,896; 2029 72,703; 2030 84,727; 2031 92,417; 2032 98,195; 2033 101,020; 2034 101,968; 2035 101,530; 2036 100,313",https://newdigs.tuftsmedicalcenter.org/wp-content/uploads/2025/06/defining-disruption-7b.png,verified-from-source,"Read from the data table embedded in the Figure 2 image on the deep-dive page (image uploaded 2025/06). Components: incident oncology + incident non-oncology + prevalent non-oncology (rows below); component sums match totals within rounding. Series peaks at 101,968 in 2034."
S20,"Cell and Gene therapy (CGT) pipeline deep dive (Paying for Cures, Center for Biomedical System Design / NEWDIGS, Tufts Medical Center)",US,patients_new_per_year,base (Figure 2 total patients treated),2030,,84727,,"patients treated in the year (US, all CGT; number of patients treated)","Figure 2. Projection of treated patients per year - data table row 'Total patients treated': 2023 7,820; 2024 10,659; 2025 13,982; 2026 25,697; 2027 41,149; 2028 56,896; 2029 72,703; 2030 84,727; 2031 92,417; 2032 98,195; 2033 101,020; 2034 101,968; 2035 101,530; 2036 100,313",https://newdigs.tuftsmedicalcenter.org/wp-content/uploads/2025/06/defining-disruption-7b.png,verified-from-source,"Read from the data table embedded in the Figure 2 image on the deep-dive page (image uploaded 2025/06). Components: incident oncology + incident non-oncology + prevalent non-oncology (rows below); component sums match totals within rounding. Series peaks at 101,968 in 2034."
S20,"Cell and Gene therapy (CGT) pipeline deep dive (Paying for Cures, Center for Biomedical System Design / NEWDIGS, Tufts Medical Center)",US,patients_new_per_year,base (Figure 2 total patients treated),2031,,92417,,"patients treated in the year (US, all CGT; number of patients treated)","Figure 2. Projection of treated patients per year - data table row 'Total patients treated': 2023 7,820; 2024 10,659; 2025 13,982; 2026 25,697; 2027 41,149; 2028 56,896; 2029 72,703; 2030 84,727; 2031 92,417; 2032 98,195; 2033 101,020; 2034 101,968; 2035 101,530; 2036 100,313",https://newdigs.tuftsmedicalcenter.org/wp-content/uploads/2025/06/defining-disruption-7b.png,verified-from-source,"Read from the data table embedded in the Figure 2 image on the deep-dive page (image uploaded 2025/06). Components: incident oncology + incident non-oncology + prevalent non-oncology (rows below); component sums match totals within rounding. Series peaks at 101,968 in 2034."
S20,"Cell and Gene therapy (CGT) pipeline deep dive (Paying for Cures, Center for Biomedical System Design / NEWDIGS, Tufts Medical Center)",US,patients_new_per_year,base (Figure 2 total patients treated),2032,,98195,,"patients treated in the year (US, all CGT; number of patients treated)","Figure 2. Projection of treated patients per year - data table row 'Total patients treated': 2023 7,820; 2024 10,659; 2025 13,982; 2026 25,697; 2027 41,149; 2028 56,896; 2029 72,703; 2030 84,727; 2031 92,417; 2032 98,195; 2033 101,020; 2034 101,968; 2035 101,530; 2036 100,313",https://newdigs.tuftsmedicalcenter.org/wp-content/uploads/2025/06/defining-disruption-7b.png,verified-from-source,"Read from the data table embedded in the Figure 2 image on the deep-dive page (image uploaded 2025/06). Components: incident oncology + incident non-oncology + prevalent non-oncology (rows below); component sums match totals within rounding. Series peaks at 101,968 in 2034."
S20,"Cell and Gene therapy (CGT) pipeline deep dive (Paying for Cures, Center for Biomedical System Design / NEWDIGS, Tufts Medical Center)",US,patients_new_per_year,base (Figure 2 total patients treated),2033,,101020,,"patients treated in the year (US, all CGT; number of patients treated)","Figure 2. Projection of treated patients per year - data table row 'Total patients treated': 2023 7,820; 2024 10,659; 2025 13,982; 2026 25,697; 2027 41,149; 2028 56,896; 2029 72,703; 2030 84,727; 2031 92,417; 2032 98,195; 2033 101,020; 2034 101,968; 2035 101,530; 2036 100,313",https://newdigs.tuftsmedicalcenter.org/wp-content/uploads/2025/06/defining-disruption-7b.png,verified-from-source,"Read from the data table embedded in the Figure 2 image on the deep-dive page (image uploaded 2025/06). Components: incident oncology + incident non-oncology + prevalent non-oncology (rows below); component sums match totals within rounding. Series peaks at 101,968 in 2034."
S20,"Cell and Gene therapy (CGT) pipeline deep dive (Paying for Cures, Center for Biomedical System Design / NEWDIGS, Tufts Medical Center)",US,patients_new_per_year,base (Figure 2 total patients treated),2034,,101968,,"patients treated in the year (US, all CGT; number of patients treated)","Figure 2. Projection of treated patients per year - data table row 'Total patients treated': 2023 7,820; 2024 10,659; 2025 13,982; 2026 25,697; 2027 41,149; 2028 56,896; 2029 72,703; 2030 84,727; 2031 92,417; 2032 98,195; 2033 101,020; 2034 101,968; 2035 101,530; 2036 100,313",https://newdigs.tuftsmedicalcenter.org/wp-content/uploads/2025/06/defining-disruption-7b.png,verified-from-source,"Read from the data table embedded in the Figure 2 image on the deep-dive page (image uploaded 2025/06). Components: incident oncology + incident non-oncology + prevalent non-oncology (rows below); component sums match totals within rounding. Series peaks at 101,968 in 2034."
S20,"Cell and Gene therapy (CGT) pipeline deep dive (Paying for Cures, Center for Biomedical System Design / NEWDIGS, Tufts Medical Center)",US,patients_new_per_year,base (Figure 2 total patients treated),2035,,101530,,"patients treated in the year (US, all CGT; number of patients treated)","Figure 2. Projection of treated patients per year - data table row 'Total patients treated': 2023 7,820; 2024 10,659; 2025 13,982; 2026 25,697; 2027 41,149; 2028 56,896; 2029 72,703; 2030 84,727; 2031 92,417; 2032 98,195; 2033 101,020; 2034 101,968; 2035 101,530; 2036 100,313",https://newdigs.tuftsmedicalcenter.org/wp-content/uploads/2025/06/defining-disruption-7b.png,verified-from-source,"Read from the data table embedded in the Figure 2 image on the deep-dive page (image uploaded 2025/06). Components: incident oncology + incident non-oncology + prevalent non-oncology (rows below); component sums match totals within rounding. Series peaks at 101,968 in 2034."
S20,"Cell and Gene therapy (CGT) pipeline deep dive (Paying for Cures, Center for Biomedical System Design / NEWDIGS, Tufts Medical Center)",US,patients_new_per_year,base (Figure 2 total patients treated),2036,,100313,,"patients treated in the year (US, all CGT; number of patients treated)","Figure 2. Projection of treated patients per year - data table row 'Total patients treated': 2023 7,820; 2024 10,659; 2025 13,982; 2026 25,697; 2027 41,149; 2028 56,896; 2029 72,703; 2030 84,727; 2031 92,417; 2032 98,195; 2033 101,020; 2034 101,968; 2035 101,530; 2036 100,313",https://newdigs.tuftsmedicalcenter.org/wp-content/uploads/2025/06/defining-disruption-7b.png,verified-from-source,"Read from the data table embedded in the Figure 2 image on the deep-dive page (image uploaded 2025/06). Components: incident oncology + incident non-oncology + prevalent non-oncology (rows below); component sums match totals within rounding. Series peaks at 101,968 in 2034."
S20,"Cell and Gene therapy (CGT) pipeline deep dive (Paying for Cures, Center for Biomedical System Design / NEWDIGS, Tufts Medical Center)",US,patients_new_per_year,component: Incident cases - oncology,2023,,6160,,patients treated in the year (US; component),"Figure 2 data table row 'Incident cases - oncology': 2023 6,160; 2024 6,938; 2025 8,130; 2026 11,069; 2027 13,346; 2028 15,129; 2029 17,163; 2030 17,858; 2031 18,321; 2032 18,713; 2033 19,066; 2034 19,386; 2035 19,658; 2036 19,884",https://newdigs.tuftsmedicalcenter.org/wp-content/uploads/2025/06/defining-disruption-7b.png,verified-from-source,Component series of Figure 2.
S20,"Cell and Gene therapy (CGT) pipeline deep dive (Paying for Cures, Center for Biomedical System Design / NEWDIGS, Tufts Medical Center)",US,patients_new_per_year,component: Incident cases - oncology,2024,,6938,,patients treated in the year (US; component),"Figure 2 data table row 'Incident cases - oncology': 2023 6,160; 2024 6,938; 2025 8,130; 2026 11,069; 2027 13,346; 2028 15,129; 2029 17,163; 2030 17,858; 2031 18,321; 2032 18,713; 2033 19,066; 2034 19,386; 2035 19,658; 2036 19,884",https://newdigs.tuftsmedicalcenter.org/wp-content/uploads/2025/06/defining-disruption-7b.png,verified-from-source,Component series of Figure 2.
S20,"Cell and Gene therapy (CGT) pipeline deep dive (Paying for Cures, Center for Biomedical System Design / NEWDIGS, Tufts Medical Center)",US,patients_new_per_year,component: Incident cases - oncology,2025,,8130,,patients treated in the year (US; component),"Figure 2 data table row 'Incident cases - oncology': 2023 6,160; 2024 6,938; 2025 8,130; 2026 11,069; 2027 13,346; 2028 15,129; 2029 17,163; 2030 17,858; 2031 18,321; 2032 18,713; 2033 19,066; 2034 19,386; 2035 19,658; 2036 19,884",https://newdigs.tuftsmedicalcenter.org/wp-content/uploads/2025/06/defining-disruption-7b.png,verified-from-source,Component series of Figure 2.
S20,"Cell and Gene therapy (CGT) pipeline deep dive (Paying for Cures, Center for Biomedical System Design / NEWDIGS, Tufts Medical Center)",US,patients_new_per_year,component: Incident cases - oncology,2026,,11069,,patients treated in the year (US; component),"Figure 2 data table row 'Incident cases - oncology': 2023 6,160; 2024 6,938; 2025 8,130; 2026 11,069; 2027 13,346; 2028 15,129; 2029 17,163; 2030 17,858; 2031 18,321; 2032 18,713; 2033 19,066; 2034 19,386; 2035 19,658; 2036 19,884",https://newdigs.tuftsmedicalcenter.org/wp-content/uploads/2025/06/defining-disruption-7b.png,verified-from-source,Component series of Figure 2.
S20,"Cell and Gene therapy (CGT) pipeline deep dive (Paying for Cures, Center for Biomedical System Design / NEWDIGS, Tufts Medical Center)",US,patients_new_per_year,component: Incident cases - oncology,2027,,13346,,patients treated in the year (US; component),"Figure 2 data table row 'Incident cases - oncology': 2023 6,160; 2024 6,938; 2025 8,130; 2026 11,069; 2027 13,346; 2028 15,129; 2029 17,163; 2030 17,858; 2031 18,321; 2032 18,713; 2033 19,066; 2034 19,386; 2035 19,658; 2036 19,884",https://newdigs.tuftsmedicalcenter.org/wp-content/uploads/2025/06/defining-disruption-7b.png,verified-from-source,Component series of Figure 2.
S20,"Cell and Gene therapy (CGT) pipeline deep dive (Paying for Cures, Center for Biomedical System Design / NEWDIGS, Tufts Medical Center)",US,patients_new_per_year,component: Incident cases - oncology,2028,,15129,,patients treated in the year (US; component),"Figure 2 data table row 'Incident cases - oncology': 2023 6,160; 2024 6,938; 2025 8,130; 2026 11,069; 2027 13,346; 2028 15,129; 2029 17,163; 2030 17,858; 2031 18,321; 2032 18,713; 2033 19,066; 2034 19,386; 2035 19,658; 2036 19,884",https://newdigs.tuftsmedicalcenter.org/wp-content/uploads/2025/06/defining-disruption-7b.png,verified-from-source,Component series of Figure 2.
S20,"Cell and Gene therapy (CGT) pipeline deep dive (Paying for Cures, Center for Biomedical System Design / NEWDIGS, Tufts Medical Center)",US,patients_new_per_year,component: Incident cases - oncology,2029,,17163,,patients treated in the year (US; component),"Figure 2 data table row 'Incident cases - oncology': 2023 6,160; 2024 6,938; 2025 8,130; 2026 11,069; 2027 13,346; 2028 15,129; 2029 17,163; 2030 17,858; 2031 18,321; 2032 18,713; 2033 19,066; 2034 19,386; 2035 19,658; 2036 19,884",https://newdigs.tuftsmedicalcenter.org/wp-content/uploads/2025/06/defining-disruption-7b.png,verified-from-source,Component series of Figure 2.
S20,"Cell and Gene therapy (CGT) pipeline deep dive (Paying for Cures, Center for Biomedical System Design / NEWDIGS, Tufts Medical Center)",US,patients_new_per_year,component: Incident cases - oncology,2030,,17858,,patients treated in the year (US; component),"Figure 2 data table row 'Incident cases - oncology': 2023 6,160; 2024 6,938; 2025 8,130; 2026 11,069; 2027 13,346; 2028 15,129; 2029 17,163; 2030 17,858; 2031 18,321; 2032 18,713; 2033 19,066; 2034 19,386; 2035 19,658; 2036 19,884",https://newdigs.tuftsmedicalcenter.org/wp-content/uploads/2025/06/defining-disruption-7b.png,verified-from-source,Component series of Figure 2.
S20,"Cell and Gene therapy (CGT) pipeline deep dive (Paying for Cures, Center for Biomedical System Design / NEWDIGS, Tufts Medical Center)",US,patients_new_per_year,component: Incident cases - oncology,2031,,18321,,patients treated in the year (US; component),"Figure 2 data table row 'Incident cases - oncology': 2023 6,160; 2024 6,938; 2025 8,130; 2026 11,069; 2027 13,346; 2028 15,129; 2029 17,163; 2030 17,858; 2031 18,321; 2032 18,713; 2033 19,066; 2034 19,386; 2035 19,658; 2036 19,884",https://newdigs.tuftsmedicalcenter.org/wp-content/uploads/2025/06/defining-disruption-7b.png,verified-from-source,Component series of Figure 2.
S20,"Cell and Gene therapy (CGT) pipeline deep dive (Paying for Cures, Center for Biomedical System Design / NEWDIGS, Tufts Medical Center)",US,patients_new_per_year,component: Incident cases - oncology,2032,,18713,,patients treated in the year (US; component),"Figure 2 data table row 'Incident cases - oncology': 2023 6,160; 2024 6,938; 2025 8,130; 2026 11,069; 2027 13,346; 2028 15,129; 2029 17,163; 2030 17,858; 2031 18,321; 2032 18,713; 2033 19,066; 2034 19,386; 2035 19,658; 2036 19,884",https://newdigs.tuftsmedicalcenter.org/wp-content/uploads/2025/06/defining-disruption-7b.png,verified-from-source,Component series of Figure 2.
S20,"Cell and Gene therapy (CGT) pipeline deep dive (Paying for Cures, Center for Biomedical System Design / NEWDIGS, Tufts Medical Center)",US,patients_new_per_year,component: Incident cases - oncology,2033,,19066,,patients treated in the year (US; component),"Figure 2 data table row 'Incident cases - oncology': 2023 6,160; 2024 6,938; 2025 8,130; 2026 11,069; 2027 13,346; 2028 15,129; 2029 17,163; 2030 17,858; 2031 18,321; 2032 18,713; 2033 19,066; 2034 19,386; 2035 19,658; 2036 19,884",https://newdigs.tuftsmedicalcenter.org/wp-content/uploads/2025/06/defining-disruption-7b.png,verified-from-source,Component series of Figure 2.
S20,"Cell and Gene therapy (CGT) pipeline deep dive (Paying for Cures, Center for Biomedical System Design / NEWDIGS, Tufts Medical Center)",US,patients_new_per_year,component: Incident cases - oncology,2034,,19386,,patients treated in the year (US; component),"Figure 2 data table row 'Incident cases - oncology': 2023 6,160; 2024 6,938; 2025 8,130; 2026 11,069; 2027 13,346; 2028 15,129; 2029 17,163; 2030 17,858; 2031 18,321; 2032 18,713; 2033 19,066; 2034 19,386; 2035 19,658; 2036 19,884",https://newdigs.tuftsmedicalcenter.org/wp-content/uploads/2025/06/defining-disruption-7b.png,verified-from-source,Component series of Figure 2.
S20,"Cell and Gene therapy (CGT) pipeline deep dive (Paying for Cures, Center for Biomedical System Design / NEWDIGS, Tufts Medical Center)",US,patients_new_per_year,component: Incident cases - oncology,2035,,19658,,patients treated in the year (US; component),"Figure 2 data table row 'Incident cases - oncology': 2023 6,160; 2024 6,938; 2025 8,130; 2026 11,069; 2027 13,346; 2028 15,129; 2029 17,163; 2030 17,858; 2031 18,321; 2032 18,713; 2033 19,066; 2034 19,386; 2035 19,658; 2036 19,884",https://newdigs.tuftsmedicalcenter.org/wp-content/uploads/2025/06/defining-disruption-7b.png,verified-from-source,Component series of Figure 2.
S20,"Cell and Gene therapy (CGT) pipeline deep dive (Paying for Cures, Center for Biomedical System Design / NEWDIGS, Tufts Medical Center)",US,patients_new_per_year,component: Incident cases - oncology,2036,,19884,,patients treated in the year (US; component),"Figure 2 data table row 'Incident cases - oncology': 2023 6,160; 2024 6,938; 2025 8,130; 2026 11,069; 2027 13,346; 2028 15,129; 2029 17,163; 2030 17,858; 2031 18,321; 2032 18,713; 2033 19,066; 2034 19,386; 2035 19,658; 2036 19,884",https://newdigs.tuftsmedicalcenter.org/wp-content/uploads/2025/06/defining-disruption-7b.png,verified-from-source,Component series of Figure 2.
S20,"Cell and Gene therapy (CGT) pipeline deep dive (Paying for Cures, Center for Biomedical System Design / NEWDIGS, Tufts Medical Center)",US,patients_new_per_year,component: Incident cases - non-oncology,2023,,431,,patients treated in the year (US; component),"Figure 2 data table row 'Incident cases - non-oncology': 2023 431; 2024 2,112; 2025 1,994; 2026 5,024; 2027 10,689; 2028 17,624; 2029 24,355; 2030 30,264; 2031 34,966; 2032 38,933; 2033 42,169; 2034 44,842; 2035 47,069; 2036 48,972",https://newdigs.tuftsmedicalcenter.org/wp-content/uploads/2025/06/defining-disruption-7b.png,verified-from-source,Component series of Figure 2.
S20,"Cell and Gene therapy (CGT) pipeline deep dive (Paying for Cures, Center for Biomedical System Design / NEWDIGS, Tufts Medical Center)",US,patients_new_per_year,component: Incident cases - non-oncology,2024,,2112,,patients treated in the year (US; component),"Figure 2 data table row 'Incident cases - non-oncology': 2023 431; 2024 2,112; 2025 1,994; 2026 5,024; 2027 10,689; 2028 17,624; 2029 24,355; 2030 30,264; 2031 34,966; 2032 38,933; 2033 42,169; 2034 44,842; 2035 47,069; 2036 48,972",https://newdigs.tuftsmedicalcenter.org/wp-content/uploads/2025/06/defining-disruption-7b.png,verified-from-source,Component series of Figure 2.
S20,"Cell and Gene therapy (CGT) pipeline deep dive (Paying for Cures, Center for Biomedical System Design / NEWDIGS, Tufts Medical Center)",US,patients_new_per_year,component: Incident cases - non-oncology,2025,,1994,,patients treated in the year (US; component),"Figure 2 data table row 'Incident cases - non-oncology': 2023 431; 2024 2,112; 2025 1,994; 2026 5,024; 2027 10,689; 2028 17,624; 2029 24,355; 2030 30,264; 2031 34,966; 2032 38,933; 2033 42,169; 2034 44,842; 2035 47,069; 2036 48,972",https://newdigs.tuftsmedicalcenter.org/wp-content/uploads/2025/06/defining-disruption-7b.png,verified-from-source,Component series of Figure 2.
S20,"Cell and Gene therapy (CGT) pipeline deep dive (Paying for Cures, Center for Biomedical System Design / NEWDIGS, Tufts Medical Center)",US,patients_new_per_year,component: Incident cases - non-oncology,2026,,5024,,patients treated in the year (US; component),"Figure 2 data table row 'Incident cases - non-oncology': 2023 431; 2024 2,112; 2025 1,994; 2026 5,024; 2027 10,689; 2028 17,624; 2029 24,355; 2030 30,264; 2031 34,966; 2032 38,933; 2033 42,169; 2034 44,842; 2035 47,069; 2036 48,972",https://newdigs.tuftsmedicalcenter.org/wp-content/uploads/2025/06/defining-disruption-7b.png,verified-from-source,Component series of Figure 2.
S20,"Cell and Gene therapy (CGT) pipeline deep dive (Paying for Cures, Center for Biomedical System Design / NEWDIGS, Tufts Medical Center)",US,patients_new_per_year,component: Incident cases - non-oncology,2027,,10689,,patients treated in the year (US; component),"Figure 2 data table row 'Incident cases - non-oncology': 2023 431; 2024 2,112; 2025 1,994; 2026 5,024; 2027 10,689; 2028 17,624; 2029 24,355; 2030 30,264; 2031 34,966; 2032 38,933; 2033 42,169; 2034 44,842; 2035 47,069; 2036 48,972",https://newdigs.tuftsmedicalcenter.org/wp-content/uploads/2025/06/defining-disruption-7b.png,verified-from-source,Component series of Figure 2.
S20,"Cell and Gene therapy (CGT) pipeline deep dive (Paying for Cures, Center for Biomedical System Design / NEWDIGS, Tufts Medical Center)",US,patients_new_per_year,component: Incident cases - non-oncology,2028,,17624,,patients treated in the year (US; component),"Figure 2 data table row 'Incident cases - non-oncology': 2023 431; 2024 2,112; 2025 1,994; 2026 5,024; 2027 10,689; 2028 17,624; 2029 24,355; 2030 30,264; 2031 34,966; 2032 38,933; 2033 42,169; 2034 44,842; 2035 47,069; 2036 48,972",https://newdigs.tuftsmedicalcenter.org/wp-content/uploads/2025/06/defining-disruption-7b.png,verified-from-source,Component series of Figure 2.
S20,"Cell and Gene therapy (CGT) pipeline deep dive (Paying for Cures, Center for Biomedical System Design / NEWDIGS, Tufts Medical Center)",US,patients_new_per_year,component: Incident cases - non-oncology,2029,,24355,,patients treated in the year (US; component),"Figure 2 data table row 'Incident cases - non-oncology': 2023 431; 2024 2,112; 2025 1,994; 2026 5,024; 2027 10,689; 2028 17,624; 2029 24,355; 2030 30,264; 2031 34,966; 2032 38,933; 2033 42,169; 2034 44,842; 2035 47,069; 2036 48,972",https://newdigs.tuftsmedicalcenter.org/wp-content/uploads/2025/06/defining-disruption-7b.png,verified-from-source,Component series of Figure 2.
S20,"Cell and Gene therapy (CGT) pipeline deep dive (Paying for Cures, Center for Biomedical System Design / NEWDIGS, Tufts Medical Center)",US,patients_new_per_year,component: Incident cases - non-oncology,2030,,30264,,patients treated in the year (US; component),"Figure 2 data table row 'Incident cases - non-oncology': 2023 431; 2024 2,112; 2025 1,994; 2026 5,024; 2027 10,689; 2028 17,624; 2029 24,355; 2030 30,264; 2031 34,966; 2032 38,933; 2033 42,169; 2034 44,842; 2035 47,069; 2036 48,972",https://newdigs.tuftsmedicalcenter.org/wp-content/uploads/2025/06/defining-disruption-7b.png,verified-from-source,Component series of Figure 2.
S20,"Cell and Gene therapy (CGT) pipeline deep dive (Paying for Cures, Center for Biomedical System Design / NEWDIGS, Tufts Medical Center)",US,patients_new_per_year,component: Incident cases - non-oncology,2031,,34966,,patients treated in the year (US; component),"Figure 2 data table row 'Incident cases - non-oncology': 2023 431; 2024 2,112; 2025 1,994; 2026 5,024; 2027 10,689; 2028 17,624; 2029 24,355; 2030 30,264; 2031 34,966; 2032 38,933; 2033 42,169; 2034 44,842; 2035 47,069; 2036 48,972",https://newdigs.tuftsmedicalcenter.org/wp-content/uploads/2025/06/defining-disruption-7b.png,verified-from-source,Component series of Figure 2.
S20,"Cell and Gene therapy (CGT) pipeline deep dive (Paying for Cures, Center for Biomedical System Design / NEWDIGS, Tufts Medical Center)",US,patients_new_per_year,component: Incident cases - non-oncology,2032,,38933,,patients treated in the year (US; component),"Figure 2 data table row 'Incident cases - non-oncology': 2023 431; 2024 2,112; 2025 1,994; 2026 5,024; 2027 10,689; 2028 17,624; 2029 24,355; 2030 30,264; 2031 34,966; 2032 38,933; 2033 42,169; 2034 44,842; 2035 47,069; 2036 48,972",https://newdigs.tuftsmedicalcenter.org/wp-content/uploads/2025/06/defining-disruption-7b.png,verified-from-source,Component series of Figure 2.
S20,"Cell and Gene therapy (CGT) pipeline deep dive (Paying for Cures, Center for Biomedical System Design / NEWDIGS, Tufts Medical Center)",US,patients_new_per_year,component: Incident cases - non-oncology,2033,,42169,,patients treated in the year (US; component),"Figure 2 data table row 'Incident cases - non-oncology': 2023 431; 2024 2,112; 2025 1,994; 2026 5,024; 2027 10,689; 2028 17,624; 2029 24,355; 2030 30,264; 2031 34,966; 2032 38,933; 2033 42,169; 2034 44,842; 2035 47,069; 2036 48,972",https://newdigs.tuftsmedicalcenter.org/wp-content/uploads/2025/06/defining-disruption-7b.png,verified-from-source,Component series of Figure 2.
S20,"Cell and Gene therapy (CGT) pipeline deep dive (Paying for Cures, Center for Biomedical System Design / NEWDIGS, Tufts Medical Center)",US,patients_new_per_year,component: Incident cases - non-oncology,2034,,44842,,patients treated in the year (US; component),"Figure 2 data table row 'Incident cases - non-oncology': 2023 431; 2024 2,112; 2025 1,994; 2026 5,024; 2027 10,689; 2028 17,624; 2029 24,355; 2030 30,264; 2031 34,966; 2032 38,933; 2033 42,169; 2034 44,842; 2035 47,069; 2036 48,972",https://newdigs.tuftsmedicalcenter.org/wp-content/uploads/2025/06/defining-disruption-7b.png,verified-from-source,Component series of Figure 2.
S20,"Cell and Gene therapy (CGT) pipeline deep dive (Paying for Cures, Center for Biomedical System Design / NEWDIGS, Tufts Medical Center)",US,patients_new_per_year,component: Incident cases - non-oncology,2035,,47069,,patients treated in the year (US; component),"Figure 2 data table row 'Incident cases - non-oncology': 2023 431; 2024 2,112; 2025 1,994; 2026 5,024; 2027 10,689; 2028 17,624; 2029 24,355; 2030 30,264; 2031 34,966; 2032 38,933; 2033 42,169; 2034 44,842; 2035 47,069; 2036 48,972",https://newdigs.tuftsmedicalcenter.org/wp-content/uploads/2025/06/defining-disruption-7b.png,verified-from-source,Component series of Figure 2.
S20,"Cell and Gene therapy (CGT) pipeline deep dive (Paying for Cures, Center for Biomedical System Design / NEWDIGS, Tufts Medical Center)",US,patients_new_per_year,component: Incident cases - non-oncology,2036,,48972,,patients treated in the year (US; component),"Figure 2 data table row 'Incident cases - non-oncology': 2023 431; 2024 2,112; 2025 1,994; 2026 5,024; 2027 10,689; 2028 17,624; 2029 24,355; 2030 30,264; 2031 34,966; 2032 38,933; 2033 42,169; 2034 44,842; 2035 47,069; 2036 48,972",https://newdigs.tuftsmedicalcenter.org/wp-content/uploads/2025/06/defining-disruption-7b.png,verified-from-source,Component series of Figure 2.
S20,"Cell and Gene therapy (CGT) pipeline deep dive (Paying for Cures, Center for Biomedical System Design / NEWDIGS, Tufts Medical Center)",US,patients_new_per_year,component: Prevalent cases - non-oncology,2023,,1229,,patients treated in the year (US; component),"Figure 2 data table row 'Prevalent cases - non-oncology': 2023 1,229; 2024 1,608; 2025 3,858; 2026 9,604; 2027 17,114; 2028 24,143; 2029 31,185; 2030 36,605; 2031 39,130; 2032 40,549; 2033 39,785; 2034 37,740; 2035 34,802; 2036 31,457",https://newdigs.tuftsmedicalcenter.org/wp-content/uploads/2025/06/defining-disruption-7b.png,verified-from-source,"Component series of Figure 2; peaks at 40,549 in 2032 then declines (the page text: prevalent treatment peaks 2031-2032)."
S20,"Cell and Gene therapy (CGT) pipeline deep dive (Paying for Cures, Center for Biomedical System Design / NEWDIGS, Tufts Medical Center)",US,patients_new_per_year,component: Prevalent cases - non-oncology,2024,,1608,,patients treated in the year (US; component),"Figure 2 data table row 'Prevalent cases - non-oncology': 2023 1,229; 2024 1,608; 2025 3,858; 2026 9,604; 2027 17,114; 2028 24,143; 2029 31,185; 2030 36,605; 2031 39,130; 2032 40,549; 2033 39,785; 2034 37,740; 2035 34,802; 2036 31,457",https://newdigs.tuftsmedicalcenter.org/wp-content/uploads/2025/06/defining-disruption-7b.png,verified-from-source,"Component series of Figure 2; peaks at 40,549 in 2032 then declines (the page text: prevalent treatment peaks 2031-2032)."
S20,"Cell and Gene therapy (CGT) pipeline deep dive (Paying for Cures, Center for Biomedical System Design / NEWDIGS, Tufts Medical Center)",US,patients_new_per_year,component: Prevalent cases - non-oncology,2025,,3858,,patients treated in the year (US; component),"Figure 2 data table row 'Prevalent cases - non-oncology': 2023 1,229; 2024 1,608; 2025 3,858; 2026 9,604; 2027 17,114; 2028 24,143; 2029 31,185; 2030 36,605; 2031 39,130; 2032 40,549; 2033 39,785; 2034 37,740; 2035 34,802; 2036 31,457",https://newdigs.tuftsmedicalcenter.org/wp-content/uploads/2025/06/defining-disruption-7b.png,verified-from-source,"Component series of Figure 2; peaks at 40,549 in 2032 then declines (the page text: prevalent treatment peaks 2031-2032)."
S20,"Cell and Gene therapy (CGT) pipeline deep dive (Paying for Cures, Center for Biomedical System Design / NEWDIGS, Tufts Medical Center)",US,patients_new_per_year,component: Prevalent cases - non-oncology,2026,,9604,,patients treated in the year (US; component),"Figure 2 data table row 'Prevalent cases - non-oncology': 2023 1,229; 2024 1,608; 2025 3,858; 2026 9,604; 2027 17,114; 2028 24,143; 2029 31,185; 2030 36,605; 2031 39,130; 2032 40,549; 2033 39,785; 2034 37,740; 2035 34,802; 2036 31,457",https://newdigs.tuftsmedicalcenter.org/wp-content/uploads/2025/06/defining-disruption-7b.png,verified-from-source,"Component series of Figure 2; peaks at 40,549 in 2032 then declines (the page text: prevalent treatment peaks 2031-2032)."
S20,"Cell and Gene therapy (CGT) pipeline deep dive (Paying for Cures, Center for Biomedical System Design / NEWDIGS, Tufts Medical Center)",US,patients_new_per_year,component: Prevalent cases - non-oncology,2027,,17114,,patients treated in the year (US; component),"Figure 2 data table row 'Prevalent cases - non-oncology': 2023 1,229; 2024 1,608; 2025 3,858; 2026 9,604; 2027 17,114; 2028 24,143; 2029 31,185; 2030 36,605; 2031 39,130; 2032 40,549; 2033 39,785; 2034 37,740; 2035 34,802; 2036 31,457",https://newdigs.tuftsmedicalcenter.org/wp-content/uploads/2025/06/defining-disruption-7b.png,verified-from-source,"Component series of Figure 2; peaks at 40,549 in 2032 then declines (the page text: prevalent treatment peaks 2031-2032)."
S20,"Cell and Gene therapy (CGT) pipeline deep dive (Paying for Cures, Center for Biomedical System Design / NEWDIGS, Tufts Medical Center)",US,patients_new_per_year,component: Prevalent cases - non-oncology,2028,,24143,,patients treated in the year (US; component),"Figure 2 data table row 'Prevalent cases - non-oncology': 2023 1,229; 2024 1,608; 2025 3,858; 2026 9,604; 2027 17,114; 2028 24,143; 2029 31,185; 2030 36,605; 2031 39,130; 2032 40,549; 2033 39,785; 2034 37,740; 2035 34,802; 2036 31,457",https://newdigs.tuftsmedicalcenter.org/wp-content/uploads/2025/06/defining-disruption-7b.png,verified-from-source,"Component series of Figure 2; peaks at 40,549 in 2032 then declines (the page text: prevalent treatment peaks 2031-2032)."
S20,"Cell and Gene therapy (CGT) pipeline deep dive (Paying for Cures, Center for Biomedical System Design / NEWDIGS, Tufts Medical Center)",US,patients_new_per_year,component: Prevalent cases - non-oncology,2029,,31185,,patients treated in the year (US; component),"Figure 2 data table row 'Prevalent cases - non-oncology': 2023 1,229; 2024 1,608; 2025 3,858; 2026 9,604; 2027 17,114; 2028 24,143; 2029 31,185; 2030 36,605; 2031 39,130; 2032 40,549; 2033 39,785; 2034 37,740; 2035 34,802; 2036 31,457",https://newdigs.tuftsmedicalcenter.org/wp-content/uploads/2025/06/defining-disruption-7b.png,verified-from-source,"Component series of Figure 2; peaks at 40,549 in 2032 then declines (the page text: prevalent treatment peaks 2031-2032)."
S20,"Cell and Gene therapy (CGT) pipeline deep dive (Paying for Cures, Center for Biomedical System Design / NEWDIGS, Tufts Medical Center)",US,patients_new_per_year,component: Prevalent cases - non-oncology,2030,,36605,,patients treated in the year (US; component),"Figure 2 data table row 'Prevalent cases - non-oncology': 2023 1,229; 2024 1,608; 2025 3,858; 2026 9,604; 2027 17,114; 2028 24,143; 2029 31,185; 2030 36,605; 2031 39,130; 2032 40,549; 2033 39,785; 2034 37,740; 2035 34,802; 2036 31,457",https://newdigs.tuftsmedicalcenter.org/wp-content/uploads/2025/06/defining-disruption-7b.png,verified-from-source,"Component series of Figure 2; peaks at 40,549 in 2032 then declines (the page text: prevalent treatment peaks 2031-2032)."
S20,"Cell and Gene therapy (CGT) pipeline deep dive (Paying for Cures, Center for Biomedical System Design / NEWDIGS, Tufts Medical Center)",US,patients_new_per_year,component: Prevalent cases - non-oncology,2031,,39130,,patients treated in the year (US; component),"Figure 2 data table row 'Prevalent cases - non-oncology': 2023 1,229; 2024 1,608; 2025 3,858; 2026 9,604; 2027 17,114; 2028 24,143; 2029 31,185; 2030 36,605; 2031 39,130; 2032 40,549; 2033 39,785; 2034 37,740; 2035 34,802; 2036 31,457",https://newdigs.tuftsmedicalcenter.org/wp-content/uploads/2025/06/defining-disruption-7b.png,verified-from-source,"Component series of Figure 2; peaks at 40,549 in 2032 then declines (the page text: prevalent treatment peaks 2031-2032)."
S20,"Cell and Gene therapy (CGT) pipeline deep dive (Paying for Cures, Center for Biomedical System Design / NEWDIGS, Tufts Medical Center)",US,patients_new_per_year,component: Prevalent cases - non-oncology,2032,,40549,,patients treated in the year (US; component),"Figure 2 data table row 'Prevalent cases - non-oncology': 2023 1,229; 2024 1,608; 2025 3,858; 2026 9,604; 2027 17,114; 2028 24,143; 2029 31,185; 2030 36,605; 2031 39,130; 2032 40,549; 2033 39,785; 2034 37,740; 2035 34,802; 2036 31,457",https://newdigs.tuftsmedicalcenter.org/wp-content/uploads/2025/06/defining-disruption-7b.png,verified-from-source,"Component series of Figure 2; peaks at 40,549 in 2032 then declines (the page text: prevalent treatment peaks 2031-2032)."
S20,"Cell and Gene therapy (CGT) pipeline deep dive (Paying for Cures, Center for Biomedical System Design / NEWDIGS, Tufts Medical Center)",US,patients_new_per_year,component: Prevalent cases - non-oncology,2033,,39785,,patients treated in the year (US; component),"Figure 2 data table row 'Prevalent cases - non-oncology': 2023 1,229; 2024 1,608; 2025 3,858; 2026 9,604; 2027 17,114; 2028 24,143; 2029 31,185; 2030 36,605; 2031 39,130; 2032 40,549; 2033 39,785; 2034 37,740; 2035 34,802; 2036 31,457",https://newdigs.tuftsmedicalcenter.org/wp-content/uploads/2025/06/defining-disruption-7b.png,verified-from-source,"Component series of Figure 2; peaks at 40,549 in 2032 then declines (the page text: prevalent treatment peaks 2031-2032)."
S20,"Cell and Gene therapy (CGT) pipeline deep dive (Paying for Cures, Center for Biomedical System Design / NEWDIGS, Tufts Medical Center)",US,patients_new_per_year,component: Prevalent cases - non-oncology,2034,,37740,,patients treated in the year (US; component),"Figure 2 data table row 'Prevalent cases - non-oncology': 2023 1,229; 2024 1,608; 2025 3,858; 2026 9,604; 2027 17,114; 2028 24,143; 2029 31,185; 2030 36,605; 2031 39,130; 2032 40,549; 2033 39,785; 2034 37,740; 2035 34,802; 2036 31,457",https://newdigs.tuftsmedicalcenter.org/wp-content/uploads/2025/06/defining-disruption-7b.png,verified-from-source,"Component series of Figure 2; peaks at 40,549 in 2032 then declines (the page text: prevalent treatment peaks 2031-2032)."
S20,"Cell and Gene therapy (CGT) pipeline deep dive (Paying for Cures, Center for Biomedical System Design / NEWDIGS, Tufts Medical Center)",US,patients_new_per_year,component: Prevalent cases - non-oncology,2035,,34802,,patients treated in the year (US; component),"Figure 2 data table row 'Prevalent cases - non-oncology': 2023 1,229; 2024 1,608; 2025 3,858; 2026 9,604; 2027 17,114; 2028 24,143; 2029 31,185; 2030 36,605; 2031 39,130; 2032 40,549; 2033 39,785; 2034 37,740; 2035 34,802; 2036 31,457",https://newdigs.tuftsmedicalcenter.org/wp-content/uploads/2025/06/defining-disruption-7b.png,verified-from-source,"Component series of Figure 2; peaks at 40,549 in 2032 then declines (the page text: prevalent treatment peaks 2031-2032)."
S20,"Cell and Gene therapy (CGT) pipeline deep dive (Paying for Cures, Center for Biomedical System Design / NEWDIGS, Tufts Medical Center)",US,patients_new_per_year,component: Prevalent cases - non-oncology,2036,,31457,,patients treated in the year (US; component),"Figure 2 data table row 'Prevalent cases - non-oncology': 2023 1,229; 2024 1,608; 2025 3,858; 2026 9,604; 2027 17,114; 2028 24,143; 2029 31,185; 2030 36,605; 2031 39,130; 2032 40,549; 2033 39,785; 2034 37,740; 2035 34,802; 2036 31,457",https://newdigs.tuftsmedicalcenter.org/wp-content/uploads/2025/06/defining-disruption-7b.png,verified-from-source,"Component series of Figure 2; peaks at 40,549 in 2032 then declines (the page text: prevalent treatment peaks 2031-2032)."
S20,"Cell and Gene therapy (CGT) pipeline deep dive (Paying for Cures, Center for Biomedical System Design / NEWDIGS, Tufts Medical Center)",US,assumption,base,,,,,,"Pipeline data through December 2023. Existing: 21 unique approved products with 34 product-indication approvals. Approximately 75% of candidates in development are oncology products; 168 products (21%) for orphan, non-oncology indications; 29 products (4%) for larger therapeutic areas such as cardiovascular conditions.",https://newdigs.tuftsmedicalcenter.org/payingforcures/defining-disruption/cell-and-gene-therapy-products-and-pipeline/cgt-pipeline-deep-dive/,verified-from-source,Page text (pipeline snapshot December 2023).
S20,"Cell and Gene therapy (CGT) pipeline deep dive (Paying for Cures, Center for Biomedical System Design / NEWDIGS, Tufts Medical Center)",US,assumption,base,,,,,,"Table 1. Pipeline products by development phase, 2023 (Oncology / Gene Therapy / Total): Phase 1 391 / 40 / 431; Phase 1/Phase 2 154 / 121 / 275; Phase 2 38 / 18 / 56; Phase 2/Phase 3 2 / 5 / 7; Phase 3 5 / 13 / 18; Total Pipeline 590 / 197 / 787.",https://newdigs.tuftsmedicalcenter.org/wp-content/uploads/2025/06/Deep-Dive-Table-1.png,verified-from-source,Read from the Table 1 image on the deep-dive page.
S20,"Cell and Gene therapy (CGT) pipeline deep dive (Paying for Cures, Center for Biomedical System Design / NEWDIGS, Tufts Medical Center)",US,assumption,base,,,,,,"Adoption assumptions (page text): peak market penetration (% of eligible patients treated) and time to peak / adoption rate (1-7 years), modified by disease-specific factors: age at onset, life expectancy impact, therapeutic alternatives, costs, symptom severity.",https://newdigs.tuftsmedicalcenter.org/payingforcures/defining-disruption/cell-and-gene-therapy-products-and-pipeline/cgt-pipeline-deep-dive/,verified-from-source,
S20,"Cell and Gene therapy (CGT) pipeline deep dive (Paying for Cures, Center for Biomedical System Design / NEWDIGS, Tufts Medical Center)",US,assumption,base,,,,,,"Estimation methodology page: Markov Chain Monte Carlo process with 1,000,000 iterations; Citeline Pharmaprojects and clinicaltrials.gov; trial duration estimates from data extracted March 2023; success probabilities estimated for 4 groups (hematological cancers, solid tumors, gene therapies for orphan diseases, gene therapies for higher prevalence diseases); Bass diffusion model for incident and prevalent cases; oncology treatable pool is entirely incident (about 30% of those diagnosed relapsed/refractory); price assumptions: ultra-orphan 2,500,000; orphan 800,000; higher prevalence 500,000; CAR-T and TCR 400,000; high prevalence/low cost 100,000 or 50,000 USD; payer populations Medicare ~55 million over 65 plus ~8 million SSDI, Medicaid plus CHIP less duals ~70 million (mid-2020).",https://newdigs.tuftsmedicalcenter.org/payingforcures/defining-disruption/estimation-methodology/,verified-from-source,Companion methodology page; no year-by-year numbers on it.
S20,"Cell and Gene therapy (CGT) pipeline deep dive (Paying for Cures, Center for Biomedical System Design / NEWDIGS, Tufts Medical Center)",US,assumption,base,,,,,,"Slides 'FoCUS Toolkit general education: Overview of the cell and gene therapy pipeline', July 2023: 'Expectation: 60+ product indications by 2032'; pipeline product indications 72% oncology, 22% orphan non-oncology, 6% larger therapeutic areas; chart 'CGT pipeline December, 2022': oncology Early Phase 1 8, Phase 1 381, Phase 1/2 146, Phase 2 31, Phase 2/3 2, Phase 3 3; gene therapy Preclinical 178, Early Phase 1 0, Phase 1 42, Phase 1/2 120, Phase 2 24, Phase 3 22; 'Treatment for prevalent diseases peaks from 2025-2027 for Medicaid and Not-Medicaid or Medicare payers'; 'Large oncology pipeline has its greatest impact on Medicare payers'; slide 7: 7 gene therapies, 6 cell therapies, 18 indications already approved.",https://newdigs.tuftsmedicalcenter.org/wp-content/uploads/2023/08/Paying-for-Cures-Overview-of-the-cell-and-gene-therapy-pipeline.pdf,verified-from-source,"Earlier vintage (pipeline December 2022). Slide 6 chart 'CGT spend by payer type' 2023-2032 ($ millions, mean) has no data labels (visually roughly 10-40 billion USD per year); values not recorded."
S20,"Cell and Gene therapy (CGT) pipeline deep dive (Paying for Cures, Center for Biomedical System Design / NEWDIGS, Tufts Medical Center)",US,treatable_population,ICER-NEWDIGS 2024 (gene therapies only; deep-dive page as of Aug 2023),2030,48000,,,"treatable patients per year (US, single-administration gene therapies)","Figure 1 below estimates the number of patients that will be treated over that period, with the treatable patient population anticipated to exceed 48,000 per year by the year 2030.",https://icer.org/wp-content/uploads/2024/04/Managing-the-Challenges-of-Paying-for-Gene-Therapy-_-ICER-NEWDIGS-White-Paper-2024_final.pdf,verified-from-source,"ICER-NEWDIGS white paper 'Managing the Challenges of Paying for Gene Therapy' (April 2024), which cites the Tufts deep-dive page (ref 5, accessed 2 Aug 2023) - an earlier vintage of S20 restricted to single-administration gene therapies (CAR-T excluded). Page 5. Figure 1 (lines: incident cases, prevalent cases, total patients treated, 2023-2032) has no data labels; total rises to roughly 50,000 by 2030-2032 visually; not recorded as values."
S20,"Cell and Gene therapy (CGT) pipeline deep dive (Paying for Cures, Center for Biomedical System Design / NEWDIGS, Tufts Medical Center)",US,approvals_cumulative,ICER-NEWDIGS 2024 (gene therapies only; deep-dive page as of Aug 2023),2032,,85,,new US gene therapy approvals by 2032,"All told, 85 new gene therapies across more than 12 therapeutic areas are expected to receive regulatory approval by 2032.",https://icer.org/wp-content/uploads/2024/04/Managing-the-Challenges-of-Paying-for-Gene-Therapy-_-ICER-NEWDIGS-White-Paper-2024_final.pdf,verified-from-source,"ICER-NEWDIGS white paper 'Managing the Challenges of Paying for Gene Therapy' (April 2024), which cites the Tufts deep-dive page (ref 5, accessed 2 Aug 2023) - an earlier vintage of S20 restricted to single-administration gene therapies (CAR-T excluded). Page 3. Also: 'the number of US Food and Drug Administration (FDA) approved single-dose gene therapies has grown from zero to 17' in less than seven years (17 approved at time of writing)."
S20,"Cell and Gene therapy (CGT) pipeline deep dive (Paying for Cures, Center for Biomedical System Design / NEWDIGS, Tufts Medical Center)",US,revenue_per_year,ICER-NEWDIGS 2024 (gene therapies only),,10,,15,USD billion average annual list-price revenue through 2032,NEWDIGS FoCUS has estimated that gene therapies will generate average annual list price revenues of $10-15 billion annually through 2032.,https://icer.org/wp-content/uploads/2024/04/Managing-the-Challenges-of-Paying-for-Gene-Therapy-_-ICER-NEWDIGS-White-Paper-2024_final.pdf,verified-from-source,"ICER-NEWDIGS white paper 'Managing the Challenges of Paying for Gene Therapy' (April 2024), which cites the Tufts deep-dive page (ref 5, accessed 2 Aug 2023) - an earlier vintage of S20 restricted to single-administration gene therapies (CAR-T excluded). Page 33. Page 3 also states: 'The list price spend in the United States for these treatments over the next decade has been estimated at $35 to $40 billion' (refs 6-10)."
S20,"The next decade in cell and gene therapy (Phares, Young, Phillip, Trusheim; successor to S16)",US,bibliographic,base,,,,,,"Phares SE, Young CM, Phillip KI, Trusheim MR. The next decade in cell and gene therapy. Drug Discov Today. 2026;31(1):104551. doi:10.1016/j.drudis.2025.104551. PMID 41265514. Online 18 Nov 2025; print Jan 2026.",https://www.ebi.ac.uk/europepmc/webservices/rest/search?query=EXT_ID:41265514&resultType=core&format=json,verified-from-source,NEWDIGS successor to S16 with the same model family; filed under S20 (Tufts NEWDIGS) for lack of a separate source id. Full text not accessed (ScienceDirect 403); abstract only.
S20,"The next decade in cell and gene therapy (Phares, Young, Phillip, Trusheim; successor to S16)",US,approvals_cumulative,base,2034,,79,,new US product-indication approvals by 2034 (in addition to existing approvals),~79 new product-indication approvals by 2034,https://www.ebi.ac.uk/europepmc/webservices/rest/search?query=EXT_ID:41265514&resultType=core&format=json,provisional-from-snippet,Abstract. Same abstract states that eight years after the first FDA approval the field has 'over 32 product-indication approvals' (realised count as of 2025).
S20,"The next decade in cell and gene therapy (Phares, Young, Phillip, Trusheim; successor to S16)",US,revenue_per_year,base,2034,,28.8,,USD billion list-price drug revenue in 2034,US$28.8 billion in list price drug revenues,https://www.ebi.ac.uk/europepmc/webservices/rest/search?query=EXT_ID:41265514&resultType=core&format=json,provisional-from-snippet,"Abstract; excludes cost offsets, caregiving impacts and long-term social benefits."
S20,"The next decade in cell and gene therapy (Phares, Young, Phillip, Trusheim; successor to S16)",US,assumption,base,,,,,,Abstract: 'an annual average of 29% year-over-year growth in treated patients' to 2034; realised: 'over 32 product-indication approvals' in the eight years since the first FDA approval.,https://www.ebi.ac.uk/europepmc/webservices/rest/search?query=EXT_ID:41265514&resultType=core&format=json,provisional-from-snippet,
