nct,status,start_date,phases,sponsor,sponsor_class,intervention_names,intervention_other_names,n_sites,countries,has_us_or_eu_site,fetched_date
NCT01735604,UNKNOWN,2013-01,PHASE1|PHASE2,Chinese PLA General Hospital,OTHER,anti-CD20-CAR vector-transduced autologous T cells|genetically engineered lymphocyte therapy,|,1,China,False,2026-09-07
NCT01818323,UNKNOWN,2015-06,PHASE1,King's College London,OTHER,Intra-tumoral T4 immunotherapy,4ab T1E28z positive T-cells,1,United Kingdom,True,2026-09-07
NCT00718250,UNKNOWN,2008-05,PHASE1,King's College Hospital NHS Trust,OTHER,RFUSIN2-AML1|Donor leukocyte infusion (DLI)|RFUSIN2-AML1 and donor leukocyte infusion|RFUSIN2-AML1 and donor leukocyte infusion,|RFUSIN2-AML1|RFUSIN2-AML1|RFUSIN2-AML1,1,United Kingdom,True,2026-09-07
NCT00454818,COMPLETED,2007-03,PHASE1|PHASE2,Celladon Corporation,INDUSTRY,"MYDICAR Phase 1 (Open-label, Serial Dose-Escalation Study)|Placebo Infusion|MYDICAR Phase 2 (Placebo-controlled, Randomized Study)",AAV1/SERCA2a||AAV1/SERCA2a,22,United States,True,2026-09-07
NCT00902044,ACTIVE_NOT_RECRUITING,2010-02-11,PHASE1,Baylor College of Medicine,OTHER,Autologous HER2-specific T cells|Fludarabine|Cyclophosphamide|Autologous CAR Positive T cells,|Fludara|Cytoxan|,2,United States,True,2026-09-07
NCT01860937,ACTIVE_NOT_RECRUITING,2013-05,PHASE1,Memorial Sloan Kettering Cancer Center,OTHER,leukapheresis or collection of PBMCs|cyclophosphamide based chemotherapy regimens|modified T cells,||,2,United States,True,2026-09-07
NCT01029366,COMPLETED,2010-03-17,PHASE1,University of Pennsylvania,OTHER,CART-19,,1,United States,True,2026-09-07
NCT01976091,COMPLETED,2015-02-01,PHASE1|PHASE2,"Sarepta Therapeutics, Inc.",INDUSTRY,SRP-9004,patidistrogene bexoparvovec,0,,False,2026-09-07
NCT00516477,COMPLETED,2007-09,PHASE1,"Spark Therapeutics, Inc.",INDUSTRY,voretigene neparvovec-rzyl,AAV2-hRPE65v2,1,United States,True,2026-09-07
NCT00229736,COMPLETED,2004-11,PHASE1,"Genzyme, a Sanofi Company",INDUSTRY,AAV-hAADC-2|AAV-hAADC-2,|,1,United States,True,2026-09-07
NCT00979238,COMPLETED,2010-02-22,PHASE1,St. Jude Children's Research Hospital,OTHER,Gene Transfer|scAAV2/8-LP1-hFIXco,|vector,4,United Kingdom|United States,True,2026-09-07
NCT00494195,COMPLETED,2008-03,PHASE1,Nationwide Children's Hospital,OTHER,rAAV1.tMCK.human-alpha-sarcoglycan- First cohort|Genetic: rAAV1.tMCK.human-alpha-sarcoglycan- Second cohort,LGMD2D Gene therapy-First cohort|LGMD2D Gene therapy- Second cohort,1,United States,True,2026-09-07
NCT01414985,COMPLETED,2010-04-15,PHASE1|PHASE2,Weill Medical College of Cornell University,OTHER,AAVrh.10CUCLN2,AAVrh.10,1,United States,True,2026-09-07
NCT00876863,COMPLETED,2008-11,PHASE2,Sangamo Therapeutics,INDUSTRY,CERE-110: Adeno-Associated Virus injection Surgery|Placebo Surgery,|,10,United States,True,2026-09-07
NCT01937455,UNKNOWN,2014-09,PHASE1,International AIDS Vaccine Initiative,NETWORK,rAAV1-PG9DP|rAAV1-PG9DP|rAAV1-PG9DP|rAAV1-PG9DP,|||,2,United Kingdom,True,2026-09-07
NCT00924326,COMPLETED,2009-02-17,PHASE1|PHASE2,National Cancer Institute (NCI),NIH,Fludarabine|Cyclophosphamide|Anti-cluster of differentiation 19 (CD19)-CAR PBL|Aldesleukin|Fludarabine|Cyclophosphamide,Fludara|Cytoxan||Interleukin-2;IL-2|Fludara|Cytoxan,1,United States,True,2026-09-07
NCT01747486,COMPLETED,2013-01-02,PHASE2,University of Pennsylvania,OTHER,CART-19,,1,United States,True,2026-09-07
NCT00430768,COMPLETED,2006-02,PHASE1,"University of Massachusetts, Worcester",OTHER,rAAV1-CB-hAAT,,2,United States,True,2026-09-07
NCT00004533,COMPLETED,1999-08,PHASE1,National Institute of Diabetes and Digestive and Kidney Diseases (NIDDK),NIH,Adeno-associated virus-CFTR vector,,0,,False,2026-09-07
NCT00482027,COMPLETED,2003-12,PHASE1,International AIDS Vaccine Initiative,NETWORK,tgAAC09,AAV-2 HIV Vaccine,5,Belgium|Germany|India,True,2026-09-07
NCT01381003,WITHDRAWN,2011-11,PHASE1|PHASE2,Great Ormond Street Hospital for Children NHS Foundation Trust,OTHER,pCCLchimGp91s lentiviral vector transduced CD34+ cells infusion,,1,United Kingdom,True,2026-09-07
NCT01054339,COMPLETED,2010-06,PHASE2,Beacon Therapeutics,INDUSTRY,rAAV1-CB-hAAT,,4,Ireland|United States,True,2026-09-07
NCT01960348,COMPLETED,2013-11,PHASE3,Alnylam Pharmaceuticals,INDUSTRY,patisiran (ALN-TTR02)|Sterile Normal Saline (0.9% NaCl),|,52,Argentina|Australia|Brazil|Bulgaria|Canada|Cyprus|France|Germany|Italy|Japan|Malaysia|Mexico|Netherlands|Portugal|South Korea|Spain|Sweden|Taiwan|Turkey (Türkiye)|United Kingdom|United States,True,2026-09-07
NCT00569985,COMPLETED,2007-06,PHASE1,City of Hope Medical Center,OTHER,lentivirus vector rHIV7-shI-TAR-CCR5RZ-transduced hematopoietic progenitor cells|carmustine|cyclophosphamide|etoposide|autologous hematopoietic stem cell transplantation,lentivirus-transduced hematopoietic progenitor cells|BCNU;BiCNU;bis-chloronitrosourea|CPM;CTX;Cytoxan;Endoxan;Endoxana|EPEG;VP-16;VP-16-213|,1,United States,True,2026-09-07
NCT01475058,COMPLETED,2012-04,PHASE1|PHASE2,Fred Hutchinson Cancer Center,OTHER,allogeneic cytomegalovirus-specific cytotoxic T lymphocytes,allogeneic CMV-specific CTLs,1,United States,True,2026-09-07
NCT01482195,COMPLETED,2011-08,PHASE1,King Khaled Eye Specialist Hospital,OTHER_GOV,Subretinal administration of rAAV2-VMD2-hMERTKRecombinant Adeno-Associated Virus,,1,Saudi Arabia,False,2026-09-07
NCT01218867,TERMINATED,2010-11-10,PHASE1|PHASE2,National Cancer Institute (NCI),NIH,Anti-VEGFR2 CAR CD8 plus PBL|Cyclophosphamide|Aldesleukin|Fludarabine,|Cytoxan|Proleukin|Fludara,1,United States,True,2026-09-07
NCT01801709,COMPLETED,2014-06,PHASE1|PHASE2,"Institut National de la Santé Et de la Recherche Médicale, France",OTHER_GOV,intracerebral administration of AAVrh.10cuARSA,,1,France,True,2026-09-07
NCT01637805,UNKNOWN,2012-05,PHASE1,Tianjin Medical University Cancer Institute and Hospital,OTHER,Antigen-specific cytotoxic T lymphocytes induced by dendritic cells infected by recombinant adeno-associated virus with CEA gene,,1,China,False,2026-09-07
NCT01087294,COMPLETED,2010-08-04,PHASE1,National Cancer Institute (NCI),NIH,Allogeneic stem cell transplant|Anti-CD19-chimeric-antigen-receptor-transduced T cells|Leukapheresis,||,2,United States,True,2026-09-07
NCT00999609,ACTIVE_NOT_RECRUITING,2012-10,PHASE3,"Spark Therapeutics, Inc.",INDUSTRY,"AAV2-hRPE65v2,voretigene neparvovec-rzyl",AAV2-hRPE65v2;voretigene neparvovec-rzyl;gene therapy vector,2,United States,True,2026-09-07
NCT01109498,UNKNOWN,2007-08,PHASE2|PHASE3,Amsterdam Molecular Therapeutics,INDUSTRY,"Alipogene Tiparvovec (AMT-011), Human LPL [S447X]|Mycophenolate mofetil|Alipogene Tiparvovec (AMT-011), Human LPL [S447X]|cyclosporine","Glybera, AMT-011|CellCept|Glybera, AMT 011|Neoral",1,Canada,False,2026-09-07
NCT01815749,ACTIVE_NOT_RECRUITING,2013-10-08,PHASE1,City of Hope Medical Center,OTHER,autologous CD19CAR-CD28-CD3zeta-EGFRt-expressing Tcm-enriched T cells|autologous hematopoietic stem cell transplantation|laboratory biomarker analysis,CD19-CAR-specific/truncated EGFR lentiviral vector-transduced autologous T cells||,1,United States,True,2026-09-07
NCT00643890,TERMINATED,2008-08,PHASE2,"Neurologix, Inc.",INDUSTRY,Bilateral surgical infusion of AAV-GAD into the subthalamic nucleus,,7,United States,True,2026-09-07
NCT01454596,COMPLETED,2012-05-16,PHASE1|PHASE2,National Cancer Institute (NCI),NIH,Epidermal growth factor receptor(EGFRv)III Chimeric antigen receptor (CAR) transduced PBL|Aldesleukin|Fludarabine|Cyclophosphamide,|Proleukin|Fludara|Cytoxan,1,United States,True,2026-09-07
NCT01621581,COMPLETED,2013-03-13,PHASE1,National Institute of Neurological Disorders and Stroke (NINDS),NIH,Convection enhanced delivery/AAV2-GDNF,,1,United States,True,2026-09-07
NCT01687608,ACTIVE_NOT_RECRUITING,2013-02-11,PHASE1|PHASE2,Baxalta now part of Shire,INDUSTRY,AskBio009,BAX 335,15,United States,True,2026-09-07
NCT00126724,COMPLETED,2005-08,PHASE1|PHASE2,Targeted Genetics Corporation,INDUSTRY,tgAAC94 gene therapy vector|tgAAC94 gene therapy vector|tgAAC94 placebo|tgAAC94 gene therapy vector|tgAAC94 gene therapy vector|tgAAC94 gene therapy vector|tgAAC94 gene therapy vector,||||||,22,United States,True,2026-09-07
NCT01380990,COMPLETED,2012-11-15,PHASE1|PHASE2,Great Ormond Street Hospital for Children NHS Foundation Trust,OTHER,Infusion of autologous EFS-ADA LV CD34+ cells|Haematopoietic Stem Cell Transplantation (HSCT)|Busulfan|Peg-Ada,OTL-101*|||,1,United Kingdom,True,2026-09-07
NCT01347242,COMPLETED,2011-03,PHASE1|PHASE2,Genethon,OTHER,Autologous CD34 positive cells transduced with a lentiviral vector containing human WAS gene,,2,United Kingdom,True,2026-09-07
NCT01306019,RECRUITING,2012-09-25,PHASE1|PHASE2,National Institute of Allergy and Infectious Diseases (NIAID),NIH,Ex vivo culture and transduction of the patient's autologous CD34+ HSC with lentivirus vector VSV-G pseudotyped CL20- 4i-EF1alpha-hgammac-OPT vector|Busulfan|Palifermin,||,1,United States,True,2026-09-07
NCT01560182,COMPLETED,2010-04-09,PHASE1|PHASE2,Orchard Therapeutics,INDUSTRY,OTL-200 Gene Therapy,Previously GSK2696274,1,Italy,True,2026-09-07
NCT01551043,TERMINATED,2010-09,PHASE1,University of Pennsylvania,OTHER,CART-19,,1,United States,True,2026-09-07
NCT01683279,ACTIVE_NOT_RECRUITING,2012-03-25,PHASE1,Seattle Children's Hospital,OTHER,Autologous CD19 CAR+ EGFTt + T cells,,1,United States,True,2026-09-07
NCT00749957,COMPLETED,2009-06-17,PHASE1|PHASE2,Beacon Therapeutics,INDUSTRY,rAAV2-CB-hRPE65,,2,United States,True,2026-09-07
NCT01734850,COMPLETED,2013-04,PHASE1|PHASE2,"Calimmune, Inc.",INDUSTRY,Busulfan|Cal-1 modified HSPC|Cal-1 modified CD4+ T lymphocytes,Busulfex|LVsh5/C46 modified HSPC|LVsh5/C46 modified CD4+ T lymphocytes,2,United States,True,2026-09-07
NCT01153646,TERMINATED,2010-04,EARLY_PHASE1,City of Hope Medical Center,OTHER,pHIV7-shI-TAR-CCR5RZ treated CD4 cells,,1,United States,True,2026-09-07
NCT01519349,COMPLETED,2012-01,PHASE1,Nationwide Children's Hospital,OTHER,rAAV1.CMV.huFollistatin344,,1,United States,True,2026-09-07
NCT01620801,TERMINATED,2012-10,PHASE1,"Spark Therapeutics, Inc.",INDUSTRY,AAV8-hFIX19,,3,Australia|United States,True,2026-09-07
NCT01716364,UNKNOWN,2010-01,PHASE1,"Peter MacCallum Cancer Centre, Australia",OTHER,"Anti-LeY- scFv-CD28-ζ vector,.",,1,Australia,False,2026-09-07
NCT01593696,COMPLETED,2012-06-29,PHASE1,National Cancer Institute (NCI),NIH,Anti-Cluster of Differentiation (CD)19-Chimeric antigen receptor (CAR),,1,United States,True,2026-09-07
NCT01090102,COMPLETED,2010-06,PHASE4,"University of California, San Francisco",OTHER,"Mesalamine (5-aminosalicylic acid, Apriso)|Placebo",|,1,United States,True,2026-09-07
NCT01722149,COMPLETED,2015-02-19,EARLY_PHASE1,University of Zurich,OTHER,Adoptive Transfer of re-directed T cells,,1,Switzerland,True,2026-09-07
NCT01515462,COMPLETED,2010-04-20,PHASE1|PHASE2,Fondazione Telethon,OTHER,TLT003,Previously GSK2696275;Previously OTL-103,1,Italy,True,2026-09-07
NCT00985517,COMPLETED,2009-10-29,PHASE1|PHASE2,Sangamo Therapeutics,INDUSTRY,CERE-120: Adeno-Associated Virus Delivery of Neurturin|Sham Surgery,AAV2-Neurturin|,11,United States,True,2026-09-07
NCT01161576,COMPLETED,2010-08-19,PHASE1,Weill Medical College of Cornell University,OTHER,AAVrh.10CUhCLN2 vector 9.0x10^11 genome copies|AAVrh.10CUhCLN2 vector 2.85x10^11 genome copies,|,1,United States,True,2026-09-07
NCT01822652,ACTIVE_NOT_RECRUITING,2013-08,PHASE1,Baylor College of Medicine,OTHER,iC9-GD2 T Cells - frozen|iC9-GD2 T Cells - fresh|Cytoxan|Fludara|Keytruda|iC9-GD2 T cells,||Cyclophosphamide|Fludarabine|Pembrolizumab|,2,United States,True,2026-09-07
NCT01347346,COMPLETED,2011-05,PHASE1|PHASE2,Genethon,OTHER,Autologous CD34 positive cells transduced with a lentiviral vector containing human WAS gene,,1,France,True,2026-09-07
NCT01864889,UNKNOWN,2013-04,NA,Chinese PLA General Hospital,OTHER,anti-CD19-CAR vector-transduced T cells,genetically engineered lymphocyte therapy,1,China,False,2026-09-07
NCT01460901,COMPLETED,2012-10,PHASE1,Children's Mercy Hospital Kansas City,OTHER,GD2 CAR modified Tri-virus specific cytotoxic t-cells,,1,United States,True,2026-09-07
NCT01865617,COMPLETED,2013-05-22,PHASE1|PHASE2,Fred Hutchinson Cancer Center,OTHER,Autologous Anti-CD19CAR-4-1BB-CD3zeta-EGFRt-expressing T Lymphocytes,,1,United States,True,2026-09-07
NCT01953900,ACTIVE_NOT_RECRUITING,2014-04,PHASE1,Baylor College of Medicine,OTHER,GD2 T cells|VZV vaccine|Fludarabine|Cyclophosphamide,iC9-GD2-CAR-VZV-CTL|zostavax|Fludara|Cytoxan,2,United States,True,2026-09-07
NCT00087789,COMPLETED,2004-06,PHASE1,Sangamo Therapeutics,INDUSTRY,CERE-110: Adeno-Associated Virus Delivery of NGF,,2,United States,True,2026-09-07
NCT00336362,COMPLETED,2006-07,NA,University of Washington,OTHER,Hydroxyurea,hydrea,1,Greece,True,2026-09-07
NCT01855685,TERMINATED,2013-06-24,PHASE1|PHASE2,Genethon,OTHER,X vivo gene therapy,,2,United Kingdom,True,2026-09-07
NCT00151216,COMPLETED,2004-06,PHASE1,Weill Medical College of Cornell University,OTHER,AAV2CUhCLN2 (3x10^12 particle units),,1,United States,True,2026-09-07
NCT01852071,COMPLETED,2013-08-02,PHASE1|PHASE2,"University of California, Los Angeles",OTHER,Infusion of autologous EFS-ADA LV CD34+ (OTL-101)|busulfan|PEG-ADA ERT,OTL-101||,2,United States,True,2026-09-07
NCT00888446,COMPLETED,2005-10,PHASE2,International AIDS Vaccine Initiative,NETWORK,tgAAC09|tgAAC09|tgAAC09|Formulation buffer,|||,5,South Africa|Uganda|Zambia,False,2026-09-07
NCT01026727,TERMINATED,2009-11,PHASE2,Myrexis Inc.,INDUSTRY,MPC-4326 plus a 2-3 drug optimized background regimen (OBR)|3-4 commercially available antiretroviral drugs,|,25,Canada|United States,True,2026-09-07
NCT01639690,ACTIVE_NOT_RECRUITING,2012-07,PHASE1,San Rocco Therapeutics,OTHER,Autologous CD34+ cells transduced with TNS9.3.55,Patient treatment with Filgrastim will last for up to 6 days with apheresis;collection on days 4 and 5 or days 5 or 6 if required. Reduced Intensity Conditioning will;consist of two days of busulfan treatment with an interval of two days prior to transplantation.;Intravenous infusion of autologous CD34+ cells transduced with TNS9.3.55 will;be administered over 15-30 minutes in a volume of approximately 50 to 250 mL;on day 0. Subsequent infusions of autologous CD34+ cells transduced with TNS9.3.55;may be administered on day +1 or thereafter.,1,Italy,True,2026-09-07
NCT01344798,COMPLETED,2006-11,PHASE1,Genethon,OTHER,AAV1-gamma-sarcoglycan vector injection,in vivo gene therapy - Intramuscular route,1,France,True,2026-09-07
NCT00821340,COMPLETED,2009-02-01,PHASE1,Hadassah Medical Organization,OTHER,rAAV2-hRPE65,,1,Israel,False,2026-09-07
NCT00481546,COMPLETED,2007-07,PHASE1,University of Pennsylvania,OTHER,rAAV2-CBSB-hRPE65,,2,United States,True,2026-09-07
NCT01512888,SUSPENDED,2016-08-17,PHASE1|PHASE2,St. Jude Children's Research Hospital,OTHER,CL20-i4-EF1α-hγc-OPT|Busulfan|CliniMacs,self inactivating lentiviral vector;IND 14570|Busulfex®;Myleran®|,3,United States,True,2026-09-07
NCT01864902,UNKNOWN,2013-04,PHASE1|PHASE2,Chinese PLA General Hospital,OTHER,CART33 cells|anti-CD33 CART|anti-CD33 CAR T cells,chimeric antigen receptor T cells with specificity for CD33|CART33|,1,China,False,2026-09-07
NCT00428935,COMPLETED,2006-03,PHASE1,Nationwide Children's Hospital,OTHER,rAAV2.5-CMV-minidystrophin (d3990),,1,United States,True,2026-09-07
NCT01437007,COMPLETED,2011-08-26,PHASE1,National Cancer Institute (NCI),NIH,TKM-080301,,1,United States,True,2026-09-07
NCT01961063,ACTIVE_NOT_RECRUITING,2015-12-31,PHASE1,City of Hope Medical Center,OTHER,busulfan|lentivirus vector rHIV7-shI-TAR-CCR5RZ-transduced hematopoietic progenitor cells|pharmacological study|laboratory biomarker analysis,BSF;BU;Misulfan;Mitosan;Myeloleukon|lentivirus-transduced hematopoietic progenitor cells||,1,United States,True,2026-09-07
NCT01123915,TERMINATED,2010-05,PHASE1,Medicines Development for Global Health,OTHER,Opal-HIV-Gag(c) Low Dose|Opal-HIV-Gag(c) Medium dose|Opal-HIV-Gag(c) High dose|Dimethyl Sulfoxide,|||,1,United Kingdom,True,2026-09-07
NCT00377416,COMPLETED,2004-03,EARLY_PHASE1,"University of Massachusetts, Worcester",OTHER,rAAV2-CB-hAAT Gene Vector,,2,United States,True,2026-09-07
NCT00195143,COMPLETED,2003-08,PHASE1,"Neurologix, Inc.",INDUSTRY,Surgical infusion of AAV-GAD into the subthalamic nucleus,,1,United States,True,2026-09-07
NCT01316146,WITHDRAWN,2011-10-03,PHASE1,UNC Lineberger Comprehensive Cancer Center,OTHER,CAR.CD30 T cells,,3,United States,True,2026-09-07
NCT01886976,UNKNOWN,2013-06,PHASE1|PHASE2,Chinese PLA General Hospital,OTHER,CART-138 cells,chimeric antigen receptor T cells with specificity for CD138 genetically modified lymphocyte therapy,1,China,False,2026-09-07
NCT00252850,COMPLETED,2005-06,PHASE1,Sangamo Therapeutics,INDUSTRY,CERE-120: AAV2-NTN,,2,United States,True,2026-09-07
NCT02022696,COMPLETED,2013-12-16,PHASE1,National Human Genome Research Institute (NHGRI),NIH,Lentiviral Gene Transfer,,1,United States,True,2026-09-07
NCT01745120,COMPLETED,2013-08,PHASE1|PHASE2,Genetix Biotherapeutics Inc.,INDUSTRY,LentiGlobin BB305 Drug Product,,6,Australia|Thailand|United States,True,2026-09-07
NCT00643747,COMPLETED,2007-01,PHASE1|PHASE2,"University College, London",OTHER,tgAAG76 (rAAV 2/2.hRPE65p.hRPE65),rAAV 2/2.hRPE65p.hRPE65,1,United Kingdom,True,2026-09-07
NCT01583686,TERMINATED,2012-05-04,PHASE1|PHASE2,National Cancer Institute (NCI),NIH,Fludarabine|Anti-mesothelin chimeric T cell receptor (CAR) transduced peripheral blood lymphocytes (PBL)|Cyclophosphamide|Aldesleukin,Fludara||Cytoxan|Proleukin,1,United States,True,2026-09-07
NCT01840566,ACTIVE_NOT_RECRUITING,2013-04,PHASE1,Memorial Sloan Kettering Cancer Center,OTHER,Carmustine|Etoposide|Cytarabine|Melphalan|Pegfilgrastim|19-28z T CELLS|Autologous Stem Cell Transplantation,||||||,7,United States,True,2026-09-07
NCT01837602,COMPLETED,2013-04,PHASE1,University of Pennsylvania,OTHER,cMet RNA CAR T cells,,1,United States,True,2026-09-07
NCT01680094,COMPLETED,2012-09,PHASE1|PHASE2,University of Aarhus,OTHER,Panobinostat,LBH589,1,Denmark,True,2026-09-07
NCT01626495,COMPLETED,2011-08-17,PHASE1|PHASE2,University of Pennsylvania,OTHER,CART-19,,1,United States,True,2026-09-07
NCT00073463,TERMINATED,2003-06,PHASE2|PHASE3,Targeted Genetics Corporation,INDUSTRY,tgAAVCF,,11,United States,True,2026-09-07
NCT01897415,COMPLETED,2013-07,PHASE1,University of Pennsylvania,OTHER,Autologous T cells transfected with chimeric anti-mesothelin immunoreceptor SS1,,1,United States,True,2026-09-07
NCT00076557,TERMINATED,2004-01,PHASE1|PHASE2,Avigen,INDUSTRY,Adeno-Associated Viral with Human Factor IX,,3,United States,True,2026-09-07
NCT01899092,COMPLETED,2014-01,PHASE1|PHASE2,"Tacere Therapeutics, Inc.",INDUSTRY,TT-034,,4,United States,True,2026-09-07
NCT00400634,COMPLETED,2006-11,PHASE2,Sangamo Therapeutics,INDUSTRY,CERE-120 (Adeno-Associated Virus Serotype 2 [AAV2]-Neurturin [NTN])|Sham Surgery,|,9,United States,True,2026-09-07
NCT00976352,COMPLETED,2010-09,PHASE1|PHASE2,University of Florida,OTHER,rAAV1-CMV-GAA (study agent) Administration|RMST,Gene transfer;study agent (rAAV1-CMV-GAA)|Respiratory Muscle Strength Training,1,United States,True,2026-09-07
NCT01896102,COMPLETED,2013-08-21,PHASE2|PHASE3,Genetix Biotherapeutics Inc.,INDUSTRY,Lenti-D Drug Product (eli-cel),elivaldogene autotemcel;eli-cel,8,Argentina|Australia|France|Germany|United Kingdom|United States,True,2026-09-07
NCT01418235,COMPLETED,2011-12-19,PHASE1,HIV Vaccine Trials Network,NETWORK,MVA-C + gp140/MF59|MVA-C + gp140/MF59|DNA-C2 + MVA-C|DNA-C2 + MVA-C + gp140/MF59,|||,3,South Africa,False,2026-09-07
NCT02624258,TERMINATED,2015-11,EARLY_PHASE1,University of Pennsylvania,OTHER,CD19 RNA redirected autologous T-cells (RNA CART19 cells),,1,United States,True,2026-09-07
NCT02186418,TERMINATED,2014-07,PHASE1|PHASE2,"Children's Hospital Medical Center, Cincinnati",OTHER,ARU-1801,,1,United States,True,2026-09-07
NCT02194374,WITHDRAWN,2015-01,PHASE1,M.D. Anderson Cancer Center,OTHER,ROR1R-CAR-T Cell Infusion|Fludarabine|Cyclophosphamide|Rituximab|Bendamustine,|Fludarabine Phosphate;Fludara|Cytoxan;Neosar|Rituxan|Bendamustine Hydrochloride;Bendamustine HCL;CEP-18083;SDX-105;Treanda,0,,False,2026-09-07
NCT02395250,COMPLETED,2015-03,PHASE1,RenJi Hospital,OTHER,anti-GPC3 CAR T,CAR T cells redirected to Glypican-3 in cancer cells,1,China,False,2026-09-07
NCT02547961,WITHDRAWN,2015-09,PHASE1|PHASE2,"Fuda Cancer Hospital, Guangzhou",OTHER,HER-2-targeting CAR T Cells infusion,,1,China,False,2026-09-07
NCT02341807,COMPLETED,2015-01-15,PHASE1|PHASE2,"Spark Therapeutics, Inc.",INDUSTRY,AAV2-hCHM,,3,United States,True,2026-09-07
NCT02416622,COMPLETED,2015-05,PHASE1|PHASE2,Beacon Therapeutics,INDUSTRY,rAAV2tYF-CB-hRS1,,9,United States,True,2026-09-07
NCT02484092,COMPLETED,2015-11-18,PHASE2,Pfizer,INDUSTRY,SPK-9001,,10,Australia|United States,True,2026-09-07
NCT02028455,ACTIVE_NOT_RECRUITING,2014-02-11,PHASE1|PHASE2,Seattle Children's Hospital,OTHER,Patient Derived CD19 specific CAR T cells also expressing an EGFRt,,3,United States,True,2026-09-07
NCT02587689,UNKNOWN,2015-10,PHASE1|PHASE2,"PersonGen BioTherapeutics (Suzhou) Co., Ltd.",INDUSTRY,anti-MUC1 CAR T Cells,anti-MUC1-CAR transduced autologous T cells,1,China,False,2026-09-07
NCT02247843,COMPLETED,2014-12,PHASE1|PHASE2,"Donald B. Kohn, M.D.",OTHER,βAS3-FB vector transduced peripheral blood CD34+ cells,Lenti/βAS3-FB,1,United States,True,2026-09-07
NCT02135406,COMPLETED,2014-05,PHASE1,University of Pennsylvania,OTHER,CART-19 T cells,,1,United States,True,2026-09-07
NCT02650999,COMPLETED,2016-01,PHASE1|PHASE2,Abramson Cancer Center at Penn Medicine,OTHER,Pembrolizumab,,1,United States,True,2026-09-07
NCT02209376,TERMINATED,2014-11-18,PHASE1,University of Pennsylvania,OTHER,CART-EGFRvIII T cells,,2,United States,True,2026-09-07
NCT02456350,UNKNOWN,2015-04,PHASE1,Shenzhen Second People's Hospital,OTHER,Fludarabine|Cyclophosphamide|Anti-CD19-CAR transduced T cells,||,1,China,False,2026-09-07
NCT02439788,WITHDRAWN,2017-08,PHASE1,Baylor College of Medicine,OTHER,cyclophosphamide|Fludarabine|GINAKIT Cells,Cytoxan||iC9-GD2.CD28.OX40.zeta Natural Killer T cells,1,United States,True,2026-09-07
NCT02446457,ACTIVE_NOT_RECRUITING,2015-07-31,PHASE2,M.D. Anderson Cancer Center,OTHER,Laboratory Biomarker Analysis|Lenalidomide|Pembrolizumab|Rituximab,|CC-5013;CC5013;CDC 501;Revlimid|Keytruda;Lambrolizumab;MK-3475;SCH 900475|ABP 798;BI 695500;C2B8 Monoclonal Antibody;Chimeric Anti-CD20 Antibody;CT-P10;IDEC-102;IDEC-C2B8;IDEC-C2B8 Monoclonal Antibody;MabThera;Monoclonal Antibody IDEC-C2B8;PF-05280586;Rituxan;Rituximab ABBS;Rituximab Biosimilar ABP 798;Rituximab Biosimilar BI 695500;Rituximab Biosimilar CT-P10;Rituximab Biosimilar GB241;Rituximab Biosimilar IBI301;Rituximab Biosimilar JHL1101;Rituximab Biosimilar PF-05280586;Rituximab Biosimilar RTXM83;Rituximab Biosimilar SAIT101;rituximab biosimilar TQB2303;rituximab-abbs;RTXM83;Truxima,1,United States,True,2026-09-07
NCT02575261,WITHDRAWN,2015-09,PHASE1|PHASE2,"Fuda Cancer Hospital, Guangzhou",OTHER,CAR-T cell immunotherapy,,1,China,False,2026-09-07
NCT02416466,COMPLETED,2015-04,PHASE1,Roger Williams Medical Center,OTHER,anti-CEA CAR-T cells|Sir-Spheres,Designer T cells|Selective Internal Radiation Therapy (SIRT);Yttrium-90 microspheres,1,United States,True,2026-09-07
NCT02658929,COMPLETED,2015-12-22,PHASE1,Celgene,INDUSTRY,bb2121,,9,United States,True,2026-09-07
NCT02546167,COMPLETED,2015-09-03,PHASE1,University of Pennsylvania,OTHER,CART-BCMA,,1,United States,True,2026-09-07
NCT02559830,UNKNOWN,2015-01,PHASE1|PHASE2,Shenzhen Second People's Hospital,OTHER,transduced CD34+ hematopoietic stem cell,,1,China,False,2026-09-07
NCT02414269,ACTIVE_NOT_RECRUITING,2015-05,PHASE1|PHASE2,Memorial Sloan Kettering Cancer Center,OTHER,iCasp9M28z T cell infusions|cyclophosphamide|pembrolizumab,||,6,United States,True,2026-09-07
NCT02234934,COMPLETED,2015-10-29,PHASE1|PHASE2,"University of California, Los Angeles",OTHER,Lentiviral G1XCGD Gene Therapy,G1XCGD (pCCLChimGp91/VSVg lentiviral vector),3,United States,True,2026-09-07
NCT02054286,COMPLETED,2012-12,PHASE1|PHASE2,Theravectys S.A.,INDUSTRY,THV01-1|THV01-2|Placebo,lentiviral vector ancoding an HIV antigen|lentiviral vector encoding an HIV antigen|Placebo matching THV01-1 and THV01-2,11,Belgium|France,True,2026-09-07
NCT02030847,COMPLETED,2014-02-27,PHASE2,University of Pennsylvania,OTHER,CART-19|CART-19|CART-19|CART-19,|||,1,United States,True,2026-09-07
NCT02659943,COMPLETED,2016-01-21,PHASE1,National Cancer Institute (NCI),NIH,Anti-cluster of differentiation 19 (CD19)-Chimeric Antigen Receptor (CAR) T cells|Cyclophosphamide|Fludarabine,|Cytoxan|Fludara,1,United States,True,2026-09-07
NCT02630082,COMPLETED,2011-04,NA,National Institute of Allergy and Infectious Diseases (NIAID),NIH,Circumcision|Flexible sigmoidoscopy,|,0,,False,2026-09-07
NCT02349698,UNKNOWN,2014-12,PHASE1|PHASE2,"Southwest Hospital, China",OTHER,Chimeric Antigen Receptor Modified T cells Targeting CD19,,1,China,False,2026-09-07
NCT02588456,TERMINATED,2015-10,PHASE1,University of Pennsylvania,OTHER,CART22 cells,,1,United States,True,2026-09-07
NCT02215967,COMPLETED,2014-08-12,PHASE1,National Cancer Institute (NCI),NIH,Cyclophosphamide|Fludarabine|Anti-B-cell maturation antigen (BCMA) chimeric antigen receptor (CAR) T cells,Cytoxan|Fludara|,1,United States,True,2026-09-07
NCT02140554,COMPLETED,2015-02-02,PHASE1|PHASE2,Genetix Biotherapeutics Inc.,INDUSTRY,lovo-cel,"lovotibeglogene autotemcel;bb1111;LentiGlobin BB305 Drug Product for SCD;autologous CD34+ cell-enriched population with SCD that contains HSCs and PSCs transduced with BB305 lentiviral vector encoding the βA-T87Q-globin gene, suspended in cryopreservation solution.",11,United States,True,2026-09-07
NCT02529813,COMPLETED,2015-12-16,PHASE1,M.D. Anderson Cancer Center,OTHER,Cyclophosphamide|Fludarabine Phosphate|Laboratory Biomarker Analysis|Tisagenlecleucel,"(-)-Cyclophosphamide;2H-1,3,2-Oxazaphosphorine, 2-[bis(2-chloroethyl)amino]tetrahydro-, 2-oxide, monohydrate;Carloxan;Ciclofosfamida;Ciclofosfamide;Cicloxal;Clafen;Claphene;CP monohydrate;CTX;CYCLO-cell;Cycloblastin;Cycloblastine;Cyclophospham;Cyclophosphamid monohydrate;Cyclophosphamidum;Cyclophosphan;Cyclophosphane;Cyclophosphanum;Cyclostin;Cyclostine;Cytophosphan;Cytophosphane;Cytoxan;Fosfaseron;Genoxal;Genuxal;Ledoxina;Mitoxan;Neosar;Revimmune;Syklofosfamid;WR- 138719|2-F-ara-AMP;9H-Purin-6-amine, 2-fluoro-9-(5-O-phosphono-.beta.-D-arabinofuranosyl)-;Beneflur;Fludara;SH T 586||CART-19;CART19;CTL019;CTL019 T-cells;Kymriah;Tisagenlecleucel-T",1,United States,True,2026-09-07
NCT02274584,UNKNOWN,2014-03,PHASE1|PHASE2,Peking University,OTHER,Anti-CD30 CAR T cells,,2,China|United States,True,2026-09-07
NCT02541370,COMPLETED,2015-06,PHASE1|PHASE2,Chinese PLA General Hospital,OTHER,anti-CD133-CAR vector-transduced T cells,genetically engineered lymphocyte therapy,1,China,False,2026-09-07
NCT02231281,UNKNOWN,2014-08,PHASE3,"Yongtao Sun, MD, PhD",OTHER,cART(TDF/AZT+3TC+LPV/r)|CTL infusion,Tenofovir Disoproxil Fumarate;Zidovudine;Lamivudine;Lopinavir/ritonavir (Kaletra)|,7,China,False,2026-09-07
NCT02651675,TERMINATED,2016-03,PHASE1|PHASE2,REGENXBIO Inc.,INDUSTRY,AAV directed hLDLR gene therapy,,9,Canada|Italy|Netherlands|United States,True,2026-09-07
NCT02053064,COMPLETED,2013-05,PHASE1|PHASE2,LYSOGENE,INDUSTRY,SAF-301,,1,France,True,2026-09-07
NCT02159495,ACTIVE_NOT_RECRUITING,2015-12-15,PHASE1,City of Hope Medical Center,OTHER,cyclophosphamide|Autologous CD123CAR-CD28-CD3zeta-EGFRt-expressing T Lymphocytes|laboratory biomarker analysis|Allogeneic CD123CAR-CD28-CD3zeta-EGFRt-expressing T-lymphocytes|Fludarabine Phosphate,"CPM;CTX;Cytoxan;Endoxan;Endoxana|CD123R(EQ)28zeta/EGFRt+ T cells;Anti CD123-CAR/CD28-costimulatory Lentiviral Vector-transduced Autologous T Lymphocytes||Allogeneic CD123R(EQ)28zeta/EGFRt+ T Cells|2-F-ara-AMP;9H-Purin-6-amine, 2-fluoro-9-(5-O-phosphono-.beta.-D-arabinofuranosyl)-;Beneflur;Fludara;Oforta;SH T 586",1,United States,True,2026-09-07
NCT02663297,ACTIVE_NOT_RECRUITING,2016-06-07,PHASE1,UNC Lineberger Comprehensive Cancer Center,OTHER,ATLCAR.CD30 cells,CAR.CD30 T cells,2,United States,True,2026-09-07
NCT02122952,COMPLETED,2014-05-05,PHASE1,Novartis Gene Therapies,INDUSTRY,AVXS-101,Zolgensma,1,United States,True,2026-09-07
NCT02652910,UNKNOWN,2015-12,PHASE1|PHASE2,Xinqiao Hospital of Chongqing,OTHER,CD19.CAR-T cells,DSCAR01,1,China,False,2026-09-07
NCT02453477,UNKNOWN,2015-05,PHASE1|PHASE2,IRCCS San Raffaele,OTHER,Autologous hematopoietic stem cells genetically modified with GLOBE lentiviral vector encoding for the human beta-globin gene,,1,Italy,True,2026-09-07
NCT02259556,RECRUITING,2014-10,PHASE1|PHASE2,Chinese PLA General Hospital,OTHER,CART30,anti-CD30 CAR T cells,1,China,False,2026-09-07
NCT02465983,TERMINATED,2015-05,PHASE1,University of Pennsylvania,OTHER,CART-meso-19 T cells|Cyclophosphamide,|,1,United States,True,2026-09-07
NCT02134262,UNKNOWN,2014-05,PHASE1|PHASE2,Jichi Medical University,OTHER,Cyclophosphamide or Bendamustine|Dose Level -1|Dose Level 1|Dose Level 2|Dose Level 3,||||,1,Japan,False,2026-09-07
NCT02208362,ACTIVE_NOT_RECRUITING,2015-05-18,PHASE1,City of Hope Medical Center,OTHER,Arm 1: IL13Ra2-specific CAR Tcm cells|Arm 2: IL13Ra2-specific CAR Tcm cells|Arm 3: IL13Ra2-specific CAR Tcm cells|Arm 4: IL13Ra2-specific CAR Tcm cells|Arm 5: IL13Ra2-specific CAR Tn/mem cells|Laboratory Biomarker Analysis|Magnetic Resonance Imaging|Magnetic Resonance Spectroscopic Imaging|Quality-of-Life Assessment,"Autologous IL13(EQ)BBzeta/CD19t+ Tcm-enriched T Cells;IL13Ra2-CAR/CD19t+ Tcm|Autologous IL13(EQ)BBzeta/CD19t+ Tcm-enriched T Cells;IL13Ra2-CAR/CD19t+ Tcm|Autologous IL13(EQ)BBzeta/CD19t+ Tcm-enriched T Cells;IL13Ra2-CAR/CD19t+ Tcm|Autologous IL13(EQ)BBzeta/CD19t+ Tcm-enriched T Cells;IL13Ra2-CAR/CD19t+ Tcm|Autologous IL13(EQ)BBzeta/CD19t+ Tn/mem-enriched T Cells;IL13Ra2-CAR/CD19t+ Tn/mem||Magnetic Resonance Imaging Scan;Medical Imaging, Magnetic Resonance / Nuclear Magnetic Resonance;MR Imaging;MRI;MRI Scan;MRI Imaging;NMRI;Nuclear Magnetic Resonance Imaging|1H- Nuclear Magnetic Resonance Spectroscopic Imaging;1H-nuclear magnetic resonance spectroscopic imaging;Magnetic Resonance Spectroscopy;MRS;MRS Imaging;MRSI;Proton Magnetic Resonance Spectroscopic Imaging|",1,United States,True,2026-09-07
NCT02161380,COMPLETED,2014-07-14,PHASE1,Byron Lam,OTHER,"injection of scAAV2-P1ND4v2 1.18x10e9 vg (Low),|injection of scAAV2-P1ND4v2 5.81 X10e9 vg (Med)|injection of scAAV2-P1ND4v2 2.4 X10e10vg (High)|injection of scAAV2-P1ND4v2 1.0 X10e11vg (Higher)",AAV-ND4|AAV-ND4|AAV-ND4|AAV-ND4,1,United States,True,2026-09-07
NCT02349724,UNKNOWN,2014-12,PHASE1,"Southwest Hospital, China",OTHER,Anti-CEA-CAR T,,1,China,False,2026-09-07
NCT02547948,WITHDRAWN,2015-09,PHASE1|PHASE2,"Fuda Cancer Hospital, Guangzhou",OTHER,CD19-targeting CAR T Cells infusion,,1,China,False,2026-09-07
NCT02407678,COMPLETED,2016-08-16,PHASE2,University of Oxford,OTHER,AAV-mediated REP1 gene replacement,,2,United Kingdom,True,2026-09-07
NCT02337985,ACTIVE_NOT_RECRUITING,2015-11-20,PHASE1,City of Hope Medical Center,OTHER,Prednisone|Rituximab|Etoposide|Doxorubicin Hydrochloride|Vincristine Sulfate|Cyclophosphamide|Filgrastim|Lentivirus Vector rHIV7-shI-TAR-CCR5RZ-transduced Hematopoietic Stem/Progenitor Cells,|MOAB IDEC-C2B8|Lastet;VP 16|Adriamycin|Kyocristine;Oncovin;VCR;Vincasar||G-CSF;Nivestim;r-metHuG-CSF;Neupogen|lentivirus-transduced hematopoietic progenitor cells,1,United States,True,2026-09-07
NCT02623582,TERMINATED,2015-12,EARLY_PHASE1,University of Pennsylvania,OTHER,Autologous Anti-CD 123 CAR TCR/4-1BB-expressing T-lymphocytes|Cyclophosphamide,|,1,United States,True,2026-09-07
NCT02346422,TERMINATED,2015-04,PHASE1|PHASE2,Celladon Corporation,INDUSTRY,MYDICAR Phase 1|MYDICAR Phase 2|Placebo Phase 2 only,AAV1/SERCA2a|AAV1/SERCA2a|,4,United States,True,2026-09-07
NCT02599922,UNKNOWN,2016-04-11,PHASE1|PHASE2,Beacon Therapeutics,INDUSTRY,rAAV2tYF-PR1.7-hCNGB3,AGTC-401,8,United States,True,2026-09-07
NCT02650414,ACTIVE_NOT_RECRUITING,2016-01-13,PHASE1,University of Pennsylvania,OTHER,Cohort 1|Cohorts 2|Cohort 3|Cohort 3A,|||,1,United States,True,2026-09-07
NCT02311621,ACTIVE_NOT_RECRUITING,2014-11-25,PHASE1,Seattle Children's Hospital,OTHER,Patient Derived CD171 specific CAR T cells expressing EGFRt (2nd generation T cells)|Patient Derived CD171 specific CAR T cells expressing EGFRt (3rd generation T cells)|Patient Derived CD171 specific CAR T cells expressing EGFRt (long spacer 2nd generation T cells),||,1,United States,True,2026-09-07
NCT02446249,COMPLETED,2015-05-04,PHASE1,"MeiraGTx, LLC",INDUSTRY,AAV2hAQP1,,1,United States,True,2026-09-07
NCT02315612,COMPLETED,2014-12-12,PHASE1,National Cancer Institute (NCI),NIH,CD22-CAR,,1,United States,True,2026-09-07
NCT02203825,COMPLETED,2015-03,PHASE1,Celyad Oncology SA,INDUSTRY,CM-CS1 T-cell infusion,,1,United States,True,2026-09-07
NCT02277522,TERMINATED,2014-10,EARLY_PHASE1,University of Pennsylvania,OTHER,RNA anti-CD19 CAR T cells,,1,United States,True,2026-09-07
NCT02317887,COMPLETED,2015-02-11,PHASE1|PHASE2,"VegaVect, Inc.",INDUSTRY,RS1 AAV Vector,,1,United States,True,2026-09-07
NCT02546739,UNKNOWN,2021-03-01,PHASE1,"Beijing Doing Biomedical Co., Ltd.",INDUSTRY,Anti-CD19-CAR,,12,China,False,2026-09-07
NCT02186860,UNKNOWN,2016-07,PHASE1,Affiliated Hospital to Academy of Military Medical Sciences,OTHER,CAR-T cells,,1,China,False,2026-09-07
NCT02457650,UNKNOWN,2015-04,PHASE1,Shenzhen Second People's Hospital,OTHER,Cyclophosphamide|Fludarabine|Anti-NY ESO-1 TCR-transduced T cells,||,1,China,False,2026-09-07
NCT02664363,TERMINATED,2017-02-01,PHASE1,Daniel Landi,OTHER,EGFRvIII CAR T cells,EGFRvIII CARs;CAR-specific T cells;CAR T cells;CARs;111Indium Labeled EGFRvIII CARs;111In-Labeled EGFRvIII CARs;CAR gene-modified T cells;111In-labeled CARs,1,United States,True,2026-09-07
NCT02618915,TERMINATED,2015-12-16,PHASE1|PHASE2,Ultragenyx Pharmaceutical Inc,INDUSTRY,DTX101,non-replicating recombinant AAVrh10 encoding human FIX (hFIX);AAVrh10FIX,9,Bulgaria|United Kingdom|United States,True,2026-09-07
NCT02247609,UNKNOWN,2014-01,PHASE1|PHASE2,Peking University,OTHER,Anti-CD19 CAR T cells,19273-4SCAR,1,China,False,2026-09-07
NCT02362438,COMPLETED,2015-04-24,PHASE1,National Institute of Neurological Disorders and Stroke (NINDS),NIH,scAAv9/JeT-GAN,,1,United States,True,2026-09-07
NCT02445222,RECRUITING,2015-11-02,PHASE3,Novartis Pharmaceuticals,INDUSTRY,Previously treated CAR-T patients,,118,Australia|Austria|Belgium|Canada|China|Denmark|Finland|France|Germany|Greece|Hong Kong|Israel|Italy|Japan|Netherlands|Norway|Saudi Arabia|Singapore|South Korea|Spain|Taiwan|United Kingdom|United States,True,2026-09-07
NCT02431988,COMPLETED,2016-06,PHASE1,"University College, London",OTHER,Leukapheresis|Cyclophosphamide|Fludarabine|CAR19 T-Cells,|||CD19 specific Chimeric Antigen Receptor T-cells,1,United Kingdom,True,2026-09-07
NCT02443831,RECRUITING,2016-04,PHASE1,"University College, London",OTHER,Leukapheresis|Total Body Irradiation (TBI)|Lymphodepletion with Fludarabine|Lymphodepletion with Cyclophosphamide|CD19+CD22 CAR T-cells,||||,3,United Kingdom,True,2026-09-07
NCT02030834,COMPLETED,2014-02-05,PHASE2,University of Pennsylvania,OTHER,CART-19,,1,United States,True,2026-09-07
NCT02576795,COMPLETED,2015-09-28,PHASE1|PHASE2,BioMarin Pharmaceutical,INDUSTRY,valoctocogene roxaparvovec,BMN 270,5,United Kingdom,True,2026-09-07
NCT02343666,WITHDRAWN,2016-08-15,PHASE1,Fred Hutchinson Cancer Center,OTHER,C46/CCR5/P140K Lentiviral Vector-transduced Autologous HSPCs|Carmustine|Filgrastim|Laboratory Biomarker Analysis|O6-Benzylguanine|Plerixafor,"|BCNU;Becenum;Becenun;BiCNU;Bis(chloroethyl) Nitrosourea;Bis-Chloronitrosourea;Carmubris;Carmustin;Carmustinum;FDA 0345;Gliadel;N,N'-Bis(2-chloroethyl)-N-nitrosourea;Nitrourean;Nitrumon;SK 27702;SRI 1720;WR-139021|Filgrastim XM02;Filgrastim-sndz;G-CSF;Granix;Neupogen;r-metHuG-CSF;Recombinant Methionyl Human Granulocyte Colony Stimulating Factor;rG-CSF;Tbo-filgrastim;Tevagrastim;Zarxio||6-O-BENZYLGUANINE;O(6)-Benzylguanine|AMD 3100;JM-3100;Mozobil;SDZ SID 791",1,United States,True,2026-09-07
NCT02418598,TERMINATED,2015-04-14,PHASE1|PHASE2,Jichi Medical University,OTHER,Cohort1|Cohort2,|,1,Japan,False,2026-09-07
NCT02640209,TERMINATED,2016-01-29,EARLY_PHASE1,University of Pennsylvania,OTHER,CART 19,,1,United States,True,2026-09-07
NCT02081937,UNKNOWN,2014-03,PHASE1|PHASE2,Chinese PLA General Hospital,OTHER,anti-CD19-CAR vector-transduced T cells,Genetically engineered lymphocyte therapy,1,China,False,2026-09-07
NCT02051257,ACTIVE_NOT_RECRUITING,2014-06-19,PHASE1,City of Hope Medical Center,OTHER,Autologous CD19CAR-CD28-CD3zeta-EGFRt-expressing Tcm-enriched T cells|Autologous CD19CAR-CD28-CD3zeta-EGFRt-expressing Tn/mem-enriched T-lymphocytes|Laboratory Biomarker Analysis,CD19R:CD28:lentiviral/EGFRt+ T cells|CD19R(EQ)28zetaEGFRt+ Tn/mem Cells;CD19R(EQ)28zetaEGFRt+ Tn/Tmem|,1,United States,True,2026-09-07
NCT02445248,COMPLETED,2015-07-29,PHASE2,Novartis Pharmaceuticals,INDUSTRY,Tisagenlecleucel|Lymphodepleting chemotherapy,CTL019|,26,Australia|Austria|Canada|France|Germany|Italy|Japan|Netherlands|Norway|United States,True,2026-09-07
NCT02146924,ACTIVE_NOT_RECRUITING,2014-10-16,PHASE1,City of Hope Medical Center,OTHER,CD19CAR-CD28-CD3zeta-EGFRt-expressing Tcm-enriched T-lymphocytes|CD19CAR-CD28-CD3zeta-EGFRt-expressing Tn/mem-enriched T-lymphocytes|Laboratory Biomarker Analysis,CD19-CAR-specific/truncated EGFR Lentiviral Vector-transduced T Cells;CD19CAR-CD28-CD3zeta-EGFRt-expressing Tcm-enriched T Cells;CD19R(EQ)28zeta/EGFRt+ TCM;CD19R(EQ)28zeta/truncated Human EGFR+ Central Memory T Cells;CD19R:CD28:lentiviral/EGFRt+ T Cells|CD19CAR-CD28-CD3zeta-EGFRt-expressing Tn/mem-enriched T Cells;CD19R(EQ)28zeta/EGFRt+ Naive and Memory T Cells;CD19R(EQ)28zetaEGFRt+ Tn/mem Cells|,1,United States,True,2026-09-07
NCT02376816,COMPLETED,2015-03,PHASE1,Jerry R. Mendell,OTHER,rAAVrh74.MCK.micro-Dystrophin,,1,United States,True,2026-09-07
NCT02631044,COMPLETED,2016-01-06,PHASE1,"Juno Therapeutics, a Subsidiary of Celgene",INDUSTRY,JCAR017 (lisocabtagene maraleucel) single-dose schedule|JCAR017 (lisocabtagene maraleucel) 2-dose schedule,|,14,United States,True,2026-09-07
NCT02617134,UNKNOWN,2015-11,PHASE1|PHASE2,"PersonGen BioTherapeutics (Suzhou) Co., Ltd.",INDUSTRY,anti-MUC1 CAR-T cells,anti-MUC1-CAR transduced autologous T cells,1,China,False,2026-09-07
NCT02168686,COMPLETED,2017-11-28,PHASE1|PHASE2,"Adverum Biotechnologies, Inc.",INDUSTRY,ADVM-043,AAVrh.10halpha1AT;AAVrh.10hA1AT,2,United States,True,2026-09-07
NCT02331693,UNKNOWN,2014-12,PHASE1,RenJi Hospital,OTHER,anti-EGFR CAR T,CAR T cells targeting overexpressed EGFR in cancer cells,1,China,False,2026-09-07
NCT02656147,UNKNOWN,2017-10,PHASE1,"Beijing Doing Biomedical Co., Ltd.",INDUSTRY,Anti-CD19-CAR γδT,,1,China,False,2026-09-07
NCT02601313,COMPLETED,2015-11-09,PHASE2,"Kite, A Gilead Company",INDUSTRY,brexucabtagene autoleucel|Cyclophosphamide|Fludarabine|Axicabtagene Ciloleucel,"KTE-X19, TECARTUS™|||",32,France|Germany|Netherlands|United States,True,2026-09-07
NCT02496273,ACTIVE_NOT_RECRUITING,2016-01,PHASE1,The First People's Hospital of Changzhou,OTHER,CTL,CEA Specific Cytotoxic T-Lymphocytes,0,,False,2026-09-07
NCT02442297,ACTIVE_NOT_RECRUITING,2016-04-01,PHASE1,Baylor College of Medicine,OTHER,HER2-specific T cells,"Dosing Schedules 1, 2, and 3",2,United States,True,2026-09-07
NCT02159716,COMPLETED,2014-06,PHASE1,University of Pennsylvania,OTHER,CART-meso,,1,United States,True,2026-09-07
NCT02132624,COMPLETED,2014-04,PHASE1|PHASE2,Uppsala University,OTHER,Autologous 3rd generation CD19-targeting CAR T cells,,1,Sweden,True,2026-09-07
NCT02050347,ACTIVE_NOT_RECRUITING,2014-04,PHASE1,Baylor College of Medicine,OTHER,CD19.CAR-CD28Z T Cells - dose escalation 2|CD19.CAR-CD28Z T Cells - dose escalation 1,|,2,United States,True,2026-09-07
NCT02537977,UNKNOWN,2015-07,PHASE1|PHASE2,"Shanghai Tongji Hospital, Tongji University School of Medicine",OTHER,CD19-directed CAR-T cells,,1,China,False,2026-09-07
NCT02107963,COMPLETED,2014-02-28,PHASE1,National Cancer Institute (NCI),NIH,Anti-GD2-CAR engineered T cells|AP1903|Cyclophosphamide,||,1,United States,True,2026-09-07
NCT02240407,COMPLETED,2017-10-17,PHASE1,University of Florida,OTHER,Recombinant Adeno-Associated Virus Acid Alpha-Glucosidase|Rapamycin|saline|Rituxan|Diphenhydramine|Acetaminophen|Lidocaine|LMX 4 Topical Cream,rAAV9-DES-hGAA|Sirolimus|Excipient|Rituximab|Benadryl|Tylenol|Xylocaine|Lidocaine 4%,1,United States,True,2026-09-07
NCT02580747,UNKNOWN,2015-10,PHASE1,Chinese PLA General Hospital,OTHER,anti-meso-CAR vector transduced T cells,genetically engineered lymphocyte therapy,1,China,False,2026-09-07
NCT02644655,UNKNOWN,2015-09,PHASE1|PHASE2,Second Military Medical University,OTHER,CD19-specific chimeric antigen receptor,,1,China,False,2026-09-07
NCT02535364,TERMINATED,2015-08-21,PHASE2,"Juno Therapeutics, a Subsidiary of Celgene",INDUSTRY,JCAR015 (CD19-targeted CAR T cells),,18,United States,True,2026-09-07
NCT02333760,ACTIVE_NOT_RECRUITING,2014-09,PHASE1|PHASE2,Genethon,OTHER,Autologous CD34+ cells transduced with WASP lentiviral vector,,2,France|United Kingdom,True,2026-09-07
NCT02706782,UNKNOWN,2016-03,PHASE1,"Shanghai GeneChem Co., Ltd.",INDUSTRY,TAI-meso-CART,Transcatheter Arterial Infusion of meso-CART cells,1,China,False,2026-09-07
NCT03001310,COMPLETED,2017-01-16,PHASE1|PHASE2,MeiraGTx UK II Ltd,INDUSTRY,AAV - CNGB3,,2,United Kingdom|United States,True,2026-09-07
NCT02842320,COMPLETED,2015-10-14,NA,Centre Hospitalier Universitaire de Besancon,OTHER,biological samples,,4,France,True,2026-09-07
NCT03029273,UNKNOWN,2017-03-21,PHASE1,Guangzhou Institute of Respiratory Disease,OTHER,Cyclophosphamide and Fludarabine|Anti-NY-ESO-1 TCR transduced T cells,|,1,China,False,2026-09-07
NCT02958397,UNKNOWN,2016-10,PHASE1|PHASE2,"Southwest Hospital, China",OTHER,Anti-CD33-CAR-transduced T cells,CD33-targeted CAR-T cells,1,China,False,2026-09-07
NCT02892695,UNKNOWN,2016-09,PHASE1|PHASE2,"PersonGen BioTherapeutics (Suzhou) Co., Ltd.",INDUSTRY,anti-CD19 CAR-NK cells,chimeric antigen receptor NK cells with specificity for CD19,1,China,False,2026-09-07
NCT02935153,UNKNOWN,2016-10,PHASE1|PHASE2,"Southwest Hospital, China",OTHER,Anti-CD22-CAR-transduced T cells,CD22-targeted CAR-T cells,1,China,False,2026-09-07
NCT02932956,ACTIVE_NOT_RECRUITING,2018-12-17,PHASE1,Baylor College of Medicine,OTHER,GAP T cells|Cytoxan|Fludara,GPC3-CAR T cells|Cyclophosphamide|Fludarabine,1,United States,True,2026-09-07
NCT02917083,RECRUITING,2017-05-08,PHASE1,Baylor College of Medicine,OTHER,CAR T Cells,CD30.CAR T Cells,2,United States,True,2026-09-07
NCT03001830,ACTIVE_NOT_RECRUITING,2017-06-14,PHASE1|PHASE2,"University College, London",OTHER,AAV2/8-HLP-FVIII-V3,,4,United Kingdom|United States,True,2026-09-07
NCT02930993,UNKNOWN,2016-08,PHASE1,China Meitan General Hospital,OTHER,anti-mesothelin CAR T cells,,1,China,False,2026-09-07
NCT02935517,UNKNOWN,2017-08-03,PHASE1|PHASE2,Beacon Therapeutics,INDUSTRY,AGTC-402,rAAV2tYF-PR1.7-hCNGA3,6,Israel|United States,True,2026-09-07
NCT02981628,ACTIVE_NOT_RECRUITING,2017-06-19,PHASE2,Children's Oncology Group,NETWORK,Asparaginase Erwinia chrysanthemi|Biospecimen Collection|Bone Marrow Aspiration and Biopsy|Calaspargase Pegol|Cyclophosphamide|Cytarabine|Diagnostic Imaging Testing|Inotuzumab Ozogamicin|Leucovorin Calcium|Lumbar Puncture|Methotrexate|Pegaspargase|Vincristine,"Asparaginase Erwinia chrysanthemi (Recombinant)-rywn;Asparaginase Erwinia chrysanthemi, Recombinant-rywn;Asparaginase Erwinia chrysanthemi-rywn;Crisantaspase;Crisantaspase Biobetter JZP-458;Crisantaspasum;Enrylaze;Erwinase;Erwinaze;JZP 458;JZP-458;JZP458;PF743;RC-P JZP-458;Recombinant Asparaginase erwinia chrysanthemi JZP-458;Recombinant Crisantaspase JZP-458;Recombinant Erwinia asparaginase JZP-458;Rylaze|Biological Sample Collection;Biospecimen Collected;Sample Collection;Specimen Collection||Asparaginase (Escherichia coli Isoenzyme II), Conjugate with alpha-(((2,5-Dioxo-1-pyrrolidinyl)oxy)carbonyl)-omega-methoxypoly(oxy-1,2-ethanediyl);Asparlas;Calaspargase Pegol-mknl;EZN-2285;SC-PEG E. Coli L-Asparaginase;Succinimidyl Carbonate Monomethoxypolyethylene Glycol E. coli L-Asparaginase|(-)-Cyclophosphamide;2H-1,3,2-Oxazaphosphorine, 2-[bis(2-chloroethyl)amino]tetrahydro-, 2-oxide, monohydrate;Asta B 518;B 518;B-518;B518;Carloxan;Ciclofosfamida;Ciclofosfamide;Cicloxal;Clafen;Claphene;CP monohydrate;CTX;CYCLO-cell;Cycloblastin;Cycloblastine;Cyclophospham;Cyclophosphamid monohydrate;Cyclophosphamide Monohydrate;Cyclophosphamidum;Cyclophosphan;Cyclophosphane;Cyclophosphanum;Cyclostin;Cyclostine;Cytophosphan;Cytophosphane;Cytoxan;Fosfaseron;Frindovyx;Genoxal;Genuxal;Ledoxina;Mitoxan;Neosar;Revimmune;Syklofosfamid;WR 138719;WR- 138719;WR-138719;WR138719|.beta.-Cytosine arabinoside;1-.beta.-D-Arabinofuranosyl-4-amino-2(1H)pyrimidinone;1-.beta.-D-Arabinofuranosylcytosine;1-Beta-D-arabinofuranosyl-4-amino-2(1H)pyrimidinone;1-Beta-D-arabinofuranosylcytosine;1.beta.-D-Arabinofuranosylcytosine;2(1H)-Pyrimidinone, 4-Amino-1-beta-D-arabinofuranosyl-;2(1H)-Pyrimidinone, 4-amino-1.beta.-D-arabinofuranosyl-;Alexan;Ara-C;ARA-cell;Arabine;Arabinofuranosylcytosine;Arabinosylcytosine;Aracytidine;Aracytin;Aracytine;Beta-Cytosine Arabinoside;CHX-3311;Cytarabinum;Cytarbel;Cytosar;Cytosine Arabinoside;Cytosine-.beta.-arabinoside;Cytosine-beta-arabinoside;Erpalfa;Starasid;Tarabine PFS;U 19920;U-19920;Udicil;WR-28453|Diagnostic Imaging;Medical Imaging|Besponsa;CMC 544;CMC-544;CMC544;Way 207294;WAY-207294|Adinepar;Calcifolin;Calcium (6S)-Folinate;Calcium Folinate;Calcium Leucovorin;Calfolex;Calinat;Cehafolin;Citofolin;Citrec;Citrovorum Factor;Cromatonbic Folinico;Dalisol;Disintox;Divical;Ecofol;Emovis;Factor, Citrovorum;Flynoken A;Folaren;Folaxin;FOLI-cell;Foliben;Folidan;Folidar;Folinac;Folinate Calcium;folinic acid;Folinic Acid Calcium Salt Pentahydrate;Folinoral;Folinvit;Foliplus;Folix;Imo;Lederfolat;Lederfolin;Leucosar;leucovorin;Rescufolin;Rescuvolin;Tonofolin;Wellcovorin|LP;Spinal Tap|Abitrexate;Alpha-Methopterin;Amethopterin;Brimexate;CL 14377;CL-14377;Emtexate;Emthexat;Emthexate;Farmitrexat;Fauldexato;Folex;Folex PFS;Jylamvo;Lantarel;Ledertrexate;Lumexon;Maxtrex;Medsatrexate;Metex;Methoblastin;Methotrexate LPF;Methotrexate Methylaminopterin;Methotrexatum;Metotrexato;Metrotex;Mexate;Mexate-AQ;MTX;Novatrex;Rheumatrex;Texate;Tremetex;Trexeron;Trixilem;WR-19039|L-Asparaginase with Polyethylene Glycol;Oncaspar;Oncaspar-IV;PEG-Asparaginase;PEG-L-Asparaginase;PEG-L-Asparaginase (Enzon - Kyowa Hakko);PEGLA;Polyethylene Glycol L-Asparaginase;Polyethylene Glycol-L-Asparaginase|LCR;Leurocristine;VCR;Vincrystine",157,Puerto Rico|United States,True,2026-09-07
NCT03020524,COMPLETED,2017-01,EARLY_PHASE1,University of Pennsylvania,OTHER,Autologous CD4 T-Cells,,1,United States,True,2026-09-07
NCT02735291,UNKNOWN,2015-11,NA,"Sinobioway Cell Therapy Co., Ltd.",INDUSTRY,CD19-targeted CAR-T cells,,2,China,False,2026-09-07
NCT02944162,UNKNOWN,2016-10,PHASE1|PHASE2,"PersonGen BioTherapeutics (Suzhou) Co., Ltd.",INDUSTRY,anti-CD33 CAR-NK cells,Chimeric antigen receptor NK92 cells with specificity for CD33,1,China,False,2026-09-07
NCT02810223,UNKNOWN,2016-05,PHASE1,"Beijing Sanwater Biological Technology Co., Ltd.",INDUSTRY,CART-19,,1,China,False,2026-09-07
NCT02852213,RECRUITING,2016-07-01,PHASE1,Krzysztof Bankiewicz,OTHER,AAV2-hAADC,Adeno Virus Human Aromatic L-Amino Acid Decarboxylase,3,United States,True,2026-09-07
NCT02999984,COMPLETED,2016-12-16,PHASE1|PHASE2,"University of California, Los Angeles",OTHER,Infusion of autologous cryopreserved EFS-ADA LV CD34+ cells (OTL-101)|busulfan|PEG-ADA ERT,OTL-101||,1,United States,True,2026-09-07
NCT03003533,COMPLETED,2017-01-26,PHASE1|PHASE2,"Spark Therapeutics, Inc.",INDUSTRY,SPK-8011,,16,Australia|Canada|Israel|Thailand|United States,True,2026-09-07
NCT03029338,COMPLETED,2017-06-08,PHASE1,"Institute of Hematology & Blood Diseases Hospital, China",OTHER,CD19 CAR T cells,,1,China,False,2026-09-07
NCT02819583,UNKNOWN,2016-10,PHASE1|PHASE2,"PersonGen BioTherapeutics (Suzhou) Co., Ltd.",INDUSTRY,PCAR-019 (anti-CD19 CAR-T cells),chimeric antigen receptor T cells with specificity for CD19,1,China,False,2026-09-07
NCT02980315,UNKNOWN,2016-11,PHASE1|PHASE2,The Second Hospital of Nanjing Medical University,OTHER,CAR-T cells,adoptive immunotherapy,1,China,False,2026-09-07
NCT02772198,UNKNOWN,2016-11,PHASE1|PHASE2,Sheba Medical Center,OTHER_GOV,CD19 CAR T cells,,1,Israel,False,2026-09-07
NCT02924753,UNKNOWN,2016-07-18,PHASE1,Henan Cancer Hospital,OTHER_GOV,Cyclophosphamide|Fludarabine|CART-19 cells,||CD19 specific Chimeric Antigen Receptor T-cells,1,China,False,2026-09-07
NCT02685670,UNKNOWN,2016-02,PHASE1|PHASE2,The Second Affiliated Hospital of Henan University of Traditional Chinese Medicine,OTHER,anti-CD19 CAR-T|Fludarabine|Cyclophosphamide,||,1,China,False,2026-09-07
NCT02862028,UNKNOWN,2016-08,PHASE1|PHASE2,Shanghai International Medical Center,INDUSTRY,HerinCAR-PD1 cells,,1,China,False,2026-09-07
NCT02933775,UNKNOWN,2016-10,PHASE1,RenJi Hospital,OTHER,CAR-CD19 T cells|Fludarabine|Cyclophosphamide,CD19 Redirected Autologous Cells||,1,China,False,2026-09-07
NCT02744287,TERMINATED,2016-11-30,PHASE1,Regeneron Pharmaceuticals,INDUSTRY,BPX-601|Rimiducid,|AP1903,13,United States,True,2026-09-07
NCT03027739,UNKNOWN,2016-11,PHASE2|PHASE3,Fujian Medical University,OTHER,CART-19,,1,China,False,2026-09-07
NCT02839954,UNKNOWN,2016-07,PHASE1|PHASE2,"PersonGen BioTherapeutics (Suzhou) Co., Ltd.",INDUSTRY,anti-MUC1 CAR-pNK cells,Chimeric antigen receptor NK cells with specificity for MUC1,1,China,False,2026-09-07
NCT02873390,UNKNOWN,2016-08,PHASE1|PHASE2,Ningbo Cancer Hospital,INDUSTRY,HerinCAR-PD1 cells,,1,China,False,2026-09-07
NCT02792114,ACTIVE_NOT_RECRUITING,2016-06,PHASE1,Memorial Sloan Kettering Cancer Center,OTHER,Cyclophosphamide|Mesothelin-targeted T cells|AP1903,||,7,United States,True,2026-09-07
NCT02846584,UNKNOWN,2016-07,PHASE2,"Southwest Hospital, China",OTHER,CD19 or CD20 CAR T cells briging HSCT,,1,China,False,2026-09-07
NCT02844062,UNKNOWN,2016-07,PHASE1,Beijing Sanbo Brain Hospital,OTHER,anti-EGFRvIII CAR T cells|cyclophosphamide|Fludarabine,||,1,China,False,2026-09-07
NCT02968472,UNKNOWN,2015-03,PHASE1,The First People's Hospital of Yunnan,OTHER,prophylactic 4SCAR19 cells,,1,China,False,2026-09-07
NCT02790723,COMPLETED,2019-06-05,PHASE1,Mayo Clinic,OTHER,sc-rAAV2.5IL-1Ra,AAVIL-1Ra;IL-1Ra,1,United States,True,2026-09-07
NCT02937844,UNKNOWN,2016-07,PHASE1,Beijing Sanbo Brain Hospital,OTHER,Anti-PD-L1 CSR T cells|Cyclophosphamide|Fludarabine,||,1,China,False,2026-09-07
NCT02721407,UNKNOWN,2016-03,PHASE1,Xinqiao Hospital of Chongqing,OTHER,Retroviral vector-transduced autologous T cells to express CD22-specific CARs,,1,China,False,2026-09-07
NCT02935543,TERMINATED,2016-10,PHASE2,University of Pennsylvania,OTHER,CART 19,,1,United States,True,2026-09-07
NCT02737085,UNKNOWN,2016-03,PHASE1|PHASE2,"Southwest Hospital, China",OTHER,Anti-CD19 CAR-T cells and Anti-CD20 CAR-T cells,CD19-targeted CAR-T cells and CD20-targeted CAR-T cells,1,China,False,2026-09-07
NCT02989701,COMPLETED,2017-01,PHASE1,Alessandra Biffi,OTHER,Plerixafor,,1,United States,True,2026-09-07
NCT02828358,COMPLETED,2017-04-01,PHASE2,National Cancer Institute (NCI),NIH,Azacitidine|Biospecimen Collection|Computed Tomography|Cyclophosphamide|Cytarabine|Daunorubicin|Daunorubicin Hydrochloride|Dexamethasone|Echocardiography|Hydrocortisone Sodium Succinate|Leucovorin|Leucovorin Calcium|Magnetic Resonance Imaging|Mercaptopurine|Methotrexate|Multigated Acquisition Scan|Pegaspargase|Prednisolone|Thioguanine|Vincristine|Vincristine Sulfate,"5 AZC;5-AC;5-Azacitidine;5-Azacytidine;5-AZC;Azacytidine;Azacytidine, 5-;Ladakamycin;Mylosar;U-18496;Vidaza|Biological Sample Collection;Biospecimen Collected;Specimen Collection|CAT;CAT Scan;Computed Axial Tomography;Computerized Axial Tomography;Computerized axial tomography (procedure);Computerized Tomography;Computerized Tomography (CT) scan;CT;CT Scan;tomography|(-)-Cyclophosphamide;2H-1,3,2-Oxazaphosphorine, 2-[bis(2-chloroethyl)amino]tetrahydro-, 2-oxide, monohydrate;Asta B 518;B 518;B-518;B518;Carloxan;Ciclofosfamida;Ciclofosfamide;Cicloxal;Clafen;Claphene;CP monohydrate;CTX;CYCLO-cell;Cycloblastin;Cycloblastine;Cyclophospham;Cyclophosphamid monohydrate;Cyclophosphamide Monohydrate;Cyclophosphamidum;Cyclophosphan;Cyclophosphane;Cyclophosphanum;Cyclostin;Cyclostine;Cytophosphan;Cytophosphane;Cytoxan;Fosfaseron;Genoxal;Genuxal;Ledoxina;Mitoxan;Neosar;Revimmune;Syklofosfamid;WR 138719;WR- 138719;WR-138719;WR138719|.beta.-Cytosine arabinoside;1-.beta.-D-Arabinofuranosyl-4-amino-2(1H)pyrimidinone;1-.beta.-D-Arabinofuranosylcytosine;1-Beta-D-arabinofuranosyl-4-amino-2(1H)pyrimidinone;1-Beta-D-arabinofuranosylcytosine;1.beta.-D-Arabinofuranosylcytosine;2(1H)-Pyrimidinone, 4-Amino-1-beta-D-arabinofuranosyl-;2(1H)-Pyrimidinone, 4-amino-1.beta.-D-arabinofuranosyl-;Alexan;Ara-C;ARA-cell;Arabine;Arabinofuranosylcytosine;Arabinosylcytosine;Aracytidine;Aracytin;Aracytine;Beta-Cytosine Arabinoside;CHX-3311;Cytarabinum;Cytarbel;Cytosar;Cytosine Arabinoside;Cytosine-.beta.-arabinoside;Cytosine-beta-arabinoside;Erpalfa;Starasid;Tarabine PFS;U 19920;U-19920;Udicil;WR-28453|Daunomycin;Daunorrubicina;DNR;Leukaemomycin C;Rubidomycin;Rubomycin C|Cerubidin;Cerubidine;Cloridrato de Daunorubicina;Daunoblastin;Daunoblastina;Daunoblastine;Daunomycin Hydrochloride;Daunomycin, hydrochloride;Daunorubicin.HCl;Daunorubicini Hydrochloridum;FI-6339;Ondena;RP-13057;Rubidomycin Hydrochloride;Rubilem|Aacidexam;Adexone;Aknichthol Dexa;Alba-Dex;Alin;Alin Depot;Alin Oftalmico;Amplidermis;Anemul mono;Auricularum;Auxiloson;Baycadron;Baycuten;Baycuten N;Cortidexason;Cortisumman;Decacort;Decadrol;Decadron;Decadron DP;Decalix;Decameth;Decasone R.p.;Dectancyl;Dekacort;Deltafluorene;Deronil;Desamethasone;Desameton;Dexa-Mamallet;Dexa-Rhinosan;Dexa-Scheroson;Dexa-sine;Dexacortal;Dexacortin;Dexafarma;Dexafluorene;Dexalocal;Dexamecortin;Dexameth;Dexamethasone Intensol;Dexamethasonum;Dexamonozon;Dexapos;Dexinoral;Dexone;Dinormon;Dxevo;Fluorodelta;Fortecortin;Gammacorten;Hemady;Hexadecadrol;Hexadrol;LenaDex;Lokalison-F;Loverine;Methylfluorprednisolone;Millicorten;Mymethasone;Orgadrone;Spersadex;TaperDex;Visumetazone;ZoDex|EC|(11beta)-21-(3-Carboxy-1-oxopropyl)-11,17-dihydroxypregn-4-ene-3,20-dione, Monosodium Salt;A-Hydrocort;Buccalsone;Corlan;Cortisol Sodium Succinate;Cortop;Efcortelan;Emergent-EZ;Flebocortid;Hidroc Clora;Hycorace;Hydro-Adreson;Hydrocort;Hydrocortisone 21-Sodium Succinate;Hydrocortisone Na Succinate;Kinogen;Nordicort;Nositrol;Sinsurrene;Sodium hydrocortisone succinate;Solu-Cortef;Solu-Glyc|Folinic acid|Adinepar;Calcifolin;Calcium (6S)-Folinate;Calcium Folinate;Calcium Leucovorin;Calfolex;Calinat;Cehafolin;Citofolin;Citrec;Citrovorum Factor;Cromatonbic Folinico;Dalisol;Disintox;Divical;Ecofol;Emovis;Factor, Citrovorum;Flynoken A;Folaren;Folaxin;FOLI-cell;Foliben;Folidan;Folidar;Folinac;Folinate Calcium;folinic acid;Folinic Acid Calcium Salt Pentahydrate;Folinoral;Folinvit;Foliplus;Folix;Imo;Lederfolat;Lederfolin;Leucosar;leucovorin;Rescufolin;Rescuvolin;Tonofolin;Wellcovorin|Magnetic Resonance;Magnetic Resonance Imaging (MRI);Magnetic resonance imaging (procedure);Magnetic Resonance Imaging Scan;Medical Imaging, Magnetic Resonance / Nuclear Magnetic Resonance;MR;MR Imaging;MRI;MRI Scan;MRIs;NMR Imaging;NMRI;Nuclear Magnetic Resonance Imaging;sMRI;Structural MRI|3H-Purine-6-thiol;6 MP;6 Thiohypoxanthine;6 Thiopurine;6-Mercaptopurine;6-Mercaptopurine Monohydrate;6-MP;6-Purinethiol;6-Thiopurine;6-Thioxopurine;6H-Purine-6-thione, 1,7-dihydro- (9CI);7-Mercapto-1,3,4,6-tetrazaindene;Alti-Mercaptopurine;Azathiopurine;Bw 57-323H;Flocofil;Ismipur;Leukerin;Leupurin;Mercaleukim;Mercaleukin;Mercaptina;Mercaptopurinum;Mercapurin;Mern;NCI-C04886;Puri-Nethol;Purimethol;Purine, 6-mercapto-;Purine-6-thiol (8CI);Purine-6-thiol, monohydrate;Purinethiol;Purinethol;U-4748;WR-2785|Abitrexate;Alpha-Methopterin;Amethopterin;Brimexate;CL 14377;CL-14377;Emtexate;Emthexat;Emthexate;Farmitrexat;Fauldexato;Folex;Folex PFS;Jylamvo;Lantarel;Ledertrexate;Lumexon;Maxtrex;Medsatrexate;Metex;Methoblastin;Methotrexate LPF;Methotrexate Methylaminopterin;Methotrexatum;Metotrexato;Metrotex;Mexate;Mexate-AQ;MTX;Novatrex;Rheumatrex;Texate;Tremetex;Trexeron;Trixilem;WR-19039|Blood Pool Scan;Equilibrium Radionuclide Angiography;Gated Blood Pool Imaging;Gated Heart Pool Scan;MUGA;MUGA Scan;Multi-Gated Acquisition Scan;Radionuclide Ventriculogram Scan;Radionuclide Ventriculography;RNV Scan;RNVG;SYMA Scanning;Synchronized Multigated Acquisition Scanning|L-Asparaginase with Polyethylene Glycol;Oncaspar;Oncaspar-IV;PEG-Asparaginase;PEG-L-Asparaginase;PEG-L-Asparaginase (Enzon - Kyowa Hakko);PEGLA;Polyethylene Glycol L-Asparaginase;Polyethylene Glycol-L-Asparaginase|(11beta)-11,17,21-Trihydroxypregna-1,4-diene-3,20-dione;.delta.1-Hydrocortisone;Adnisolone;Aprednislon;Capsoid;Cortalone;Cortisolone;Dacortin H;Decaprednil;Decortin H;Delta(1)Hydrocortisone;Delta- Cortef;Delta-Cortef;Delta-Diona;Delta-F;Delta-Phoricol;Delta1-dehydro-hydrocortisone;Deltacortril;Deltahydrocortisone;Deltasolone;Deltidrosol;Dhasolone;Di-Adreson-F;Dontisolon D;Estilsona;Fisopred;Frisolona;Gupisone;Hostacortin H;Hydeltra;Hydeltrasol;Klismacort;Kuhlprednon;Lenisolone;Lepi-Cortinolo;Linola-H N;Linola-H-Fett N;Longiprednil;Metacortandralone;Meti Derm;Meticortelone;Opredsone;Panafcortelone;Precortisyl;Pred-Clysma;Predeltilone;Predni-Coelin;Predni-Helvacort;Prednicortelone;Prednisolonum;Prelone;Prenilone;Sterane|2-Amino 6MP;2-Amino-1,7-dihydro-6H-purine-6-thione;2-Amino-6-mercaptopurine;2-Amino-6-purinethiol;2-Aminopurin-6-thiol;2-Aminopurine-6(1H)-thione;2-Aminopurine-6-thiol;2-Aminopurine-6-thiol Hemihydrate;2-Mercapto-6-aminopurine;6-Amino-2-mercaptopurine;6-Mercapto-2-aminopurine;6-Mercaptoguanine;6-TG;6H-Purine-6-thione, 2-amino-1,7-dihydro- (9CI);BW 5071;Lanvis;Tabloid;Thioguanine Hemihydrate;Thioguanine Hydrate;Tioguanin;Tioguanine;Wellcome U3B;WR-1141;X 27|LCR;Leurocristine;VCR;Vincrystine|Kyocristine;Leurocristine Sulfate;Leurocristine, sulfate;Oncovin;Vincasar;Vincosid;Vincrex;Vincristine, sulfate",170,Australia|Canada|Puerto Rico|United States,True,2026-09-07
NCT02813837,UNKNOWN,2015-06,NA,"Innovative Cellular Therapeutics Co., Ltd.",OTHER,CD19CART,CD19-directed chimeric antigen receptor modified T cells,1,China,False,2026-09-07
NCT02725125,UNKNOWN,2015-11,NA,"Sinobioway Cell Therapy Co., Ltd.",INDUSTRY,EPCAM-targeted CAR-T cells,,1,China,False,2026-09-07
NCT02906371,COMPLETED,2016-08,PHASE1,University of Pennsylvania,OTHER,Tocilizumab|Tocilizumab|CART 19,high tumor burden|low tumor burden|,1,United States,True,2026-09-07
NCT03016377,ACTIVE_NOT_RECRUITING,2012-03-22,PHASE1,UNC Lineberger Comprehensive Cancer Center,OTHER,iC9-CAR19 cells|Rimiducid|Cyclophosphamide|Fludarabine,CAR.CD19 T cells|AP1903|Neosar|Fludara,1,United States,True,2026-09-07
NCT02728882,UNKNOWN,2015-07-02,NA,"Sinobioway Cell Therapy Co., Ltd.",INDUSTRY,CD19-targeted CAR-T cells,,1,China,False,2026-09-07
NCT02715362,UNKNOWN,2016-03,PHASE1|PHASE2,"Shanghai GeneChem Co., Ltd.",INDUSTRY,TAI-GPC3-CART cells,Gene modified patient T cells,1,China,False,2026-09-07
NCT02794961,UNKNOWN,2016-06,PHASE1|PHASE2,Kai Lin Xu; Jun Nian Zheng,OTHER,CD22 CAR-T,,1,China,False,2026-09-07
NCT02851589,UNKNOWN,2016-07,PHASE1|PHASE2,"PersonGen BioTherapeutics (Suzhou) Co., Ltd.",INDUSTRY,PCAR-019 (anti-CD19 CAR-T cells),chimeric antigen receptor T cells with specificity for CD19,1,China,False,2026-09-07
NCT02903810,UNKNOWN,2016-09,PHASE1|PHASE2,Xuzhou Medical University,OTHER,Mixed CAR-T Transfer,,1,China,False,2026-09-07
NCT02954445,UNKNOWN,2016-10,PHASE1|PHASE2,"Southwest Hospital, China",OTHER,Anti-BCMA-CAR-transduced T cells,BCMA-targeted CAR-T cells,1,China,False,2026-09-07
NCT02830724,RECRUITING,2017-04-06,PHASE1|PHASE2,National Cancer Institute (NCI),NIH,Cyclophosphamide|Fludarabine|Aldesleukin|Anti-hCD70 CAR transduced PBL,|||,1,United States,True,2026-09-07
NCT02958384,UNKNOWN,2016-10,PHASE1|PHASE2,"Southwest Hospital, China",OTHER,Anti-LeY-CAR-transduced T cells,LeY-targeted CAR-T cells,1,China,False,2026-09-07
NCT02888756,TERMINATED,2017-04-04,PHASE2,Rob Gruters,OTHER,iHIVARNA-01|TriMix|Placebo,HIVACAT;TriMix||,5,Belgium|Netherlands|Spain,True,2026-09-07
NCT02729493,UNKNOWN,2015-11-14,NA,"Sinobioway Cell Therapy Co., Ltd.",INDUSTRY,EPCAM-targeted CAR-T cells,,1,China,False,2026-09-07
NCT02713984,WITHDRAWN,2016-03,PHASE1|PHASE2,Zhi Yang,OTHER,Anti-HER2 CAR-T,,1,China,False,2026-09-07
NCT02965157,UNKNOWN,2016-08,PHASE1|PHASE2,"Beijing Biohealthcare Biotechnology Co.,Ltd",INDUSTRY,CART20,,1,China,False,2026-09-07
NCT03013712,UNKNOWN,2017-01,PHASE1|PHASE2,First Affiliated Hospital of Chengdu Medical College,OTHER,CAR-T cell immunotherapy,,1,China,False,2026-09-07
NCT02976857,COMPLETED,2016-12,PHASE1,Shanghai AbelZeta Ltd.,INDUSTRY,C-CAR-011,CAR-CD19,1,China,False,2026-09-07
NCT02710500,COMPLETED,2016-03,PHASE1,"Sarepta Therapeutics, Inc.",INDUSTRY,rAAVrh74.MHCK7.DYSF.DV,,1,United States,True,2026-09-07
NCT02850536,COMPLETED,2017-02-01,PHASE1,Roger Williams Medical Center,OTHER,anti-CEA CAR-T cells,Designer T cells,2,United States,True,2026-09-07
NCT02842138,UNKNOWN,2016-06,PHASE1,Peking University,OTHER,autologous anti-CD19 CAR T cells,,1,China,False,2026-09-07
NCT02793856,COMPLETED,2016-08-26,PHASE1,Sichuan University,OTHER,Cyclophosphamide|PD-1 Knockout T Cells,Cytoxan|,1,China,False,2026-09-07
NCT02723942,WITHDRAWN,2015-06,PHASE1|PHASE2,"Fuda Cancer Hospital, Guangzhou",OTHER,CAR-T cell immunotherapy,,1,China,False,2026-09-07
NCT02975687,COMPLETED,2016-11,PHASE1,"Institute of Hematology & Blood Diseases Hospital, China",OTHER,CD19 CAR T cells,,1,China,False,2026-09-07
NCT03018093,UNKNOWN,2017-01,PHASE1,Shanghai AbelZeta Ltd.,INDUSTRY,C-CAR-011,CAR-CD19,1,China,False,2026-09-07
NCT02959151,UNKNOWN,2016-07,PHASE1|PHASE2,"Shanghai GeneChem Co., Ltd.",INDUSTRY,CAR-T cell,chimeric antigen receptor T cells,1,China,False,2026-09-07
NCT02992210,NOT_YET_RECRUITING,2026-12-31,PHASE1|PHASE2,Shenzhen Geno-Immune Medical Institute,OTHER,4SCAR-GD2,GD2-specific 4th Generation CART,1,China,False,2026-09-07
NCT02822326,UNKNOWN,2016-01,PHASE1,Guangdong Provincial People's Hospital,OTHER,CD19-CAR-T2 Cells,,1,China,False,2026-09-07
NCT02794246,TERMINATED,2016-06,PHASE2,University of Pennsylvania,OTHER,CART-19 cells,,1,United States,True,2026-09-07
NCT02931071,COMPLETED,2013-09,PHASE2,Hospital Universitari Vall d'Hebron Research Institute,OTHER,filgrastim|plerixafor,|,2,Spain,True,2026-09-07
NCT03019055,COMPLETED,2017-10-16,PHASE1,Medical College of Wisconsin,OTHER,CAR-20/19-T cells (1.0 x10^5 CAR-20/19-T cells/kg)|CAR-20/19-T cells (2.5 x10^5 CAR-20/19-T cells/kg)|CAR-20/19-T cells (7.5 x10^5 CAR-20/19-T cells/kg)|CAR-20/19-T cells (2.5 x10^6 CAR-20/19-T cells/kg),|||,1,United States,True,2026-09-07
NCT02727764,UNKNOWN,2017-04-20,PHASE1,Arthrogen,INDUSTRY,ART-I02,Recombinant AAV type2/5 containing a hIFN-b gene,1,Netherlands,True,2026-09-07
NCT02761915,COMPLETED,2016-02-29,PHASE1,Cancer Research UK,OTHER,Leukapheresis|Cyclophosphamide|Fludarabine|1RG-CART,|||,1,United Kingdom,True,2026-09-07
NCT02876978,UNKNOWN,2016-03,PHASE1,"CARsgen Therapeutics Co., Ltd.",INDUSTRY,CAR-GPC3 T Cells|Fludarabine|Cyclophosphamide,Anti-GPC3 CAR T;CAR T cells redirected to Glypican-3||,1,China,False,2026-09-07
NCT02965092,UNKNOWN,2015-12-02,PHASE1|PHASE2,"Wuhan Sian Medical Technology Co., Ltd",INDUSTRY,Second generation CAR-T cells,CAR-T cells,1,China,False,2026-09-07
NCT02919046,UNKNOWN,2016-09,NA,"Sinobioway Cell Therapy Co., Ltd.",INDUSTRY,GD2-targeted CAR-T cells,,2,China,False,2026-09-07
NCT02915445,UNKNOWN,2016-07,PHASE1,Sichuan University,OTHER,EpCAM CAR-T cells,,1,China,False,2026-09-07
NCT02937103,UNKNOWN,2016-10,PHASE1|PHASE2,"Southwest Hospital, China",OTHER,Anti-CD123-CAR-transduced T cells,CD123-targeted CAR-T cells,1,China,False,2026-09-07
NCT02706405,TERMINATED,2016-11-15,PHASE1,Fred Hutchinson Cancer Center,OTHER,Autologous Anti-CD19CAR-4-1BB-CD3zeta-EGFRt-expressing CD4+/CD8+ Central Memory T-lymphocytes JCAR014|Cyclophosphamide|Durvalumab|Fludarabine,"Autologous Anti-CD19CAR-4-1BB-CD3zeta-EGFRt-expressing CD4+/CD8+ CM T-lymphocytes JCAR014;JCAR014|(-)-Cyclophosphamide;2H-1,3,2-Oxazaphosphorine, 2-[bis(2-chloroethyl)amino]tetrahydro-, 2-oxide, monohydrate;Carloxan;Ciclofosfamida;Ciclofosfamide;Cicloxal;Clafen;Claphene;CP monohydrate;CTX;CYCLO-cell;Cycloblastin;Cycloblastine;Cyclophospham;Cyclophosphamid monohydrate;Cyclophosphamidum;Cyclophosphan;Cyclophosphane;Cyclophosphanum;Cyclostin;Cyclostine;Cytophosphan;Cytophosphane;Cytoxan;Fosfaseron;Genoxal;Genuxal;Ledoxina;Mitoxan;Neosar;Revimmune;Syklofosfamid;WR- 138719|Imfinzi;Immunoglobulin G1, Anti-(Human Protein B7-H1) (Human Monoclonal MEDI4736 Heavy Chain), Disulfide with Human Monoclonal MEDI4736 Kappa-chain, Dimer;MEDI-4736;MEDI4736|2-Fluorovidarabine;Fluradosa",1,United States,True,2026-09-07
NCT02742727,UNKNOWN,2016-03,PHASE1|PHASE2,"PersonGen BioTherapeutics (Suzhou) Co., Ltd.",INDUSTRY,anti-CD7 CAR-pNK cells,chimeric antigen receptor NK cells with specificity for CD7,1,China,False,2026-09-07
NCT02958410,UNKNOWN,2016-10,PHASE1|PHASE2,"Southwest Hospital, China",OTHER,Anti-CD30-CAR-transduced T cells,CD30-targeted CAR-T cells,1,China,False,2026-09-07
NCT02800070,COMPLETED,2016-07,PHASE1,"University Health Network, Toronto",OTHER,Lentivirus Alpha-gal A transduced stem cells,,3,Canada,False,2026-09-07
NCT02799680,UNKNOWN,2015-10,PHASE1,The Affiliated Hospital of the Chinese Academy of Military Medical Sciences,OTHER,allogeneic CART-33,,2,China,False,2026-09-07
NCT02781480,COMPLETED,2016-04,PHASE1|PHASE2,MeiraGTx UK II Ltd,INDUSTRY,AAV RPE65,,2,United Kingdom|United States,True,2026-09-07
NCT02963038,UNKNOWN,2016-06,PHASE1|PHASE2,"Hebei Senlang Biotechnology Inc., Ltd.",INDUSTRY,Autologous CD19-targeting CAR T cells,,1,China,False,2026-09-07
NCT02710149,UNKNOWN,2016-03,PHASE1|PHASE2,"Southwest Hospital, China",OTHER,Anti-CD20-CAR-transduced T cells,CD20-targeted CAR-T cells,1,China,False,2026-09-07
NCT02905188,COMPLETED,2019-03-28,PHASE1,Baylor College of Medicine,OTHER,GLYCAR T cells|Cytoxan|Fludarabine,GPC3-CAR T cells|Cyclophosphamide|,1,United States,True,2026-09-07
NCT02782351,UNKNOWN,2016-05,PHASE1|PHASE2,Kai Lin Xu; Jun Nian Zheng,OTHER,CAR-T,,2,China,False,2026-09-07
NCT02935257,ACTIVE_NOT_RECRUITING,2017-09-29,PHASE1,"University College, London",OTHER,CD19CAT-41BBZ CAR T-cells,,1,United Kingdom,True,2026-09-07
NCT02672501,UNKNOWN,2016-01,PHASE1|PHASE2,"Shanghai GeneChem Co., Ltd.",INDUSTRY,anti-CD19-CAR-T cells,2nd CAR-T,1,China,False,2026-09-07
NCT02690545,ACTIVE_NOT_RECRUITING,2016-08-26,PHASE1|PHASE2,UNC Lineberger Comprehensive Cancer Center,OTHER,ATLCAR.CD30 cells,CAR.CD30 T cells,1,United States,True,2026-09-07
NCT02799550,UNKNOWN,2015-10,PHASE1,The Affiliated Hospital of the Chinese Academy of Military Medical Sciences,OTHER,allogeneic CART-19,,2,China,False,2026-09-07
NCT02992834,UNKNOWN,2016-12,PHASE4,jiangjingting,OTHER,IL-2 pre-treated CD19 cells|IL-7/IL-15 pre-treated CD19 cells,|,1,China,False,2026-09-07
NCT02765243,COMPLETED,2016-01-01,PHASE1,Zhujiang Hospital,OTHER,Anti-GD2 CART,,1,China,False,2026-09-07
NCT02706392,TERMINATED,2016-03-16,PHASE1,Fred Hutchinson Cancer Center,OTHER,Laboratory Biomarker Analysis|ROR1 CAR-specific Autologous T-Lymphocytes,|Autologous ROR1-CAR-T Cells;Chimeric Anti-ROR1 T-cell Receptor-expressing Autologous T-lymphocytes;ROR1-CAR-T,1,United States,True,2026-09-07
NCT02862704,UNKNOWN,2016-06,PHASE1|PHASE2,Xijing Hospital,OTHER,MG7-CART,Ultrasound-guided Intra-tumor Infusion of MG7-CART cells,1,China,False,2026-09-07
NCT02797470,ACTIVE_NOT_RECRUITING,2016-06-23,PHASE1|PHASE2,AIDS Malignancy Consortium,NETWORK,Autologous Hematopoietic Stem Cell Transplantation|Carmustine|Cytarabine|Etoposide|Laboratory Biomarker Analysis|Lentivirus Vector CCR5 shRNA/TRIM5alpha/TAR Decoy-transduced Autologous CD34-positive Hematopoietic Progenitor Cells|Melphalan|Peripheral Blood Stem Cell Transplantation,"Autologous Stem Cell Transplantation|BCNU;Becenum;Becenun;BiCNU;Bis(chloroethyl) Nitrosourea;Bis-Chloronitrosourea;Carmubris;Carmustin;Carmustinum;FDA 0345;Gliadel;N,N'-Bis(2-chloroethyl)-N-nitrosourea;Nitrourean;Nitrumon;SK 27702;SRI 1720;WR-139021|.beta.-Cytosine arabinoside;1-.beta.-D-Arabinofuranosyl-4-amino-2(1H)pyrimidinone;1-.beta.-D-Arabinofuranosylcytosine;1-Beta-D-arabinofuranosyl-4-amino-2(1H)pyrimidinone;1-Beta-D-arabinofuranosylcytosine;1.beta.-D-Arabinofuranosylcytosine;2(1H)-Pyrimidinone, 4-Amino-1-beta-D-arabinofuranosyl-;2(1H)-Pyrimidinone, 4-amino-1.beta.-D-arabinofuranosyl-;Alexan;Ara-C;ARA-cell;Arabine;Arabinofuranosylcytosine;Arabinosylcytosine;Aracytidine;Aracytin;Aracytine;Beta-Cytosine Arabinoside;CHX-3311;Cytarabinum;Cytarbel;Cytosar;Cytosar-U;Cytosine Arabinoside;Cytosine-.beta.-arabinoside;Cytosine-beta-arabinoside;Erpalfa;Starasid;Tarabine PFS;U 19920;U-19920;Udicil;WR-28453|Demethyl Epipodophyllotoxin Ethylidine Glucoside;EPEG;Lastet;Toposar;Vepesid;VP 16-213;VP-16;VP-16-213||Lentivirus Vector CCR5 shRNA/TRIM5alpha/TAR Decoy-transduced Autologous CD34-positive HPCs|Alanine Nitrogen Mustard;CB-3025;L-PAM;L-Phenylalanine Mustard;L-Sarcolysin;L-Sarcolysin Phenylalanine mustard;L-Sarcolysine;Melphalanum;Phenylalanine Mustard;Phenylalanine Nitrogen Mustard;Sarcoclorin;Sarkolysin;WR-19813|PBPC transplantation;Peripheral Blood Progenitor Cell Transplantation;Peripheral Stem Cell Support;Peripheral Stem Cell Transplantation",4,United States,True,2026-09-07
NCT03185468,TERMINATED,2025-08-01,PHASE1|PHASE2,Shenzhen Geno-Immune Medical Institute,OTHER,4SCAR-PSMA|4SCAR-FRa,|,1,China,False,2026-09-07
NCT03310619,COMPLETED,2017-12-20,PHASE1|PHASE2,Celgene,INDUSTRY,JCAR017|Durvalumab|CC-122|Ibrutinib|CC-220|Relatlimab|Nivolumab|CC-99282,|MEDI4736||||||,9,United States,True,2026-09-07
NCT03179007,UNKNOWN,2017-06-07,PHASE1|PHASE2,Shanghai Cell Therapy Research Institute,OTHER,Anti-CTLA-4/PD-1 expressing MUC1-CAR-T,CTLA-4 and PD-1 antibodies expressing MUC1-CAR-T cells,1,China,False,2026-09-07
NCT03114670,UNKNOWN,2017-03-25,PHASE1,Affiliated Hospital to Academy of Military Medical Sciences,OTHER,CD123CAR-41BB-CD3zeta-EGFRt-expressing T cells,"anti-CD123 CART, CART123",1,China,False,2026-09-07
NCT03182816,UNKNOWN,2017-06-07,PHASE1|PHASE2,Shanghai Cell Therapy Research Institute,OTHER,anti-CTLA-4/PD-1 expressing EGFR-CAR-T,CTLA-4 and PD-1 antibodies expressing EGFR-CAR-T cells,1,China,False,2026-09-07
NCT03093168,UNKNOWN,2017-02-15,PHASE1,The Second Affiliated Hospital of Henan University of Traditional Chinese Medicine,OTHER,Anti-BCMA CAR-T cells|Fludarabine|Cyclophosphamide,||,1,China,False,2026-09-07
NCT03155191,ACTIVE_NOT_RECRUITING,2017-06-01,PHASE1|PHASE2,Takara Bio Inc.,INDUSTRY,TBI-1501,,11,Japan,False,2026-09-07
NCT03166878,UNKNOWN,2017-06,PHASE1|PHASE2,Chinese PLA General Hospital,OTHER,UCART019,,1,China,False,2026-09-07
NCT03289455,COMPLETED,2017-06-26,PHASE1|PHASE2,Autolus Limited,INDUSTRY,AUTO3 (CD19/22 CAR T cells,,3,United Kingdom,True,2026-09-07
NCT03208556,UNKNOWN,2017-06-21,PHASE1,Peking University,OTHER,iPD1 CD19 eCAR T cells|Fludarabine and cyclophosphamide,|,1,China,False,2026-09-07
NCT03198546,RECRUITING,2017-07-01,PHASE1,Second Affiliated Hospital of Guangzhou Medical University,OTHER,GPC3 and/or TGFβ targeting CAR-T cells,,2,China,False,2026-09-07
NCT03276455,UNKNOWN,2017-09-15,PHASE1|PHASE2,"Nanfang Hospital, Southern Medical University",OTHER,Autologous CD34+ cells genetically modified,,1,China,False,2026-09-07
NCT03152435,UNKNOWN,2017-06-15,PHASE1|PHASE2,Shenzhen Second People's Hospital,OTHER,EGFR CART,,1,China,False,2026-09-07
NCT03275051,UNKNOWN,2017-10-04,NA,IRCCS San Raffaele,OTHER,Safety and Efficacy assessments,,1,Italy,True,2026-09-07
NCT03064269,UNKNOWN,2017-03-01,PHASE1,"Shanghai Unicar-Therapy Bio-medicine Technology Co.,Ltd",INDUSTRY,CD19 CAR-T cells,,1,China,False,2026-09-07
NCT03267173,UNKNOWN,2017-06-15,EARLY_PHASE1,First Affiliated Hospital of Harbin Medical University,OTHER,Chimeric antigen receptor T cell,meso-CAR,1,China,False,2026-09-07
NCT03182803,UNKNOWN,2017-06-07,PHASE1|PHASE2,Shanghai Cell Therapy Research Institute,OTHER,CTLA-4/PD-1 antibodies expressing mesoCAR-T,,1,China,False,2026-09-07
NCT03081910,RECRUITING,2017-11-01,PHASE1,Baylor College of Medicine,OTHER,Autologous CD5.CAR/28zeta CAR T cells|Allogeneic CD5.CAR/28zeta CAR T cells,|,2,United States,True,2026-09-07
NCT03291444,UNKNOWN,2018-05-05,PHASE1,Zhujiang Hospital,OTHER,Chimeric antigen receptor T cells|peptide specific dendritic cell,CAR-T|WT1 peptide specific dendritic cell;Eps8 peptide specific dendritic cell,1,China,False,2026-09-07
NCT03277729,ACTIVE_NOT_RECRUITING,2017-12-05,PHASE1|PHASE2,Fred Hutchinson Cancer Center,OTHER,Chimeric Antigen Receptor T-Cell Therapy|Cyclophosphamide|Laboratory Biomarker Analysis|Leukapheresis|Fludarabine Phosphate,"CAR T-cell therapy;CAR T Infusion;CAR T Therapy|(-)-Cyclophosphamide;2H-1,3,2-Oxazaphosphorine, 2-[bis(2-chloroethyl)amino]tetrahydro-, 2-oxide, monohydrate;Carloxan;Ciclofosfamida;Ciclofosfamide;Cicloxal;Clafen;Claphene;CP monohydrate;CTX;CYCLO-cell;Cycloblastin;Cycloblastine;Cyclophospham;Cyclophosphamid monohydrate;Cyclophosphamidum;Cyclophosphan;Cyclophosphane;Cyclophosphanum;Cyclostin;Cyclostine;Cytophosphan;Cytophosphane;Cytoxan;Fosfaseron;Genoxal;Genuxal;Ledoxina;Mitoxan;Neosar;Revimmune;Syklofosfamid;WR- 138719||Leukocytopheresis;Therapeutic Leukopheresis|2-F-ara-AMP;Beneflur;Fludara;Fludarabine-5''-Monophosphate;SH T 586",1,United States,True,2026-09-07
NCT03258047,UNKNOWN,2017-09-15,PHASE2,First Affiliated Hospital of Zhejiang University,OTHER,CAR-T,,1,China,False,2026-09-07
NCT03240328,RECRUITING,2017-10-04,PHASE1,Guangzhou 8th People's Hospital,OTHER,CAR-T cells,,1,China,False,2026-09-07
NCT03207178,UNKNOWN,2017-03-01,PHASE1|PHASE2,"Shanghai Longyao Biotechnology Inc., Ltd.",OTHER,Mixed CD19/CD20 CAR-T Transfer,,1,China,False,2026-09-07
NCT03222674,NOT_YET_RECRUITING,2026-12-31,PHASE1|PHASE2,Shenzhen Geno-Immune Medical Institute,OTHER,Muc1/CLL1/CD33/CD38/CD56/CD123-specific gene-engineered T cells,,1,China,False,2026-09-07
NCT03050190,TERMINATED,2025-05-01,NA,Shenzhen Geno-Immune Medical Institute,OTHER,Therapeutic 4SCAR19 cells,,1,China,False,2026-09-07
NCT03068416,COMPLETED,2017-09-18,PHASE2,Uppsala University,OTHER,CAR T cells,,1,Sweden,True,2026-09-07
NCT03144583,COMPLETED,2017-06-15,PHASE1,Sara V. Latorre,OTHER,Adult differentiated autologous T-cells,,2,Spain,True,2026-09-07
NCT03117751,ACTIVE_NOT_RECRUITING,2017-03-29,PHASE2|PHASE3,St. Jude Children's Research Hospital,OTHER,Prednisone|Vincristine|Daunorubicin|Pegaspargase|Erwinase®|Cyclophosphamide|Cytarabine|Mercaptopurine|Dasatinib|Methotrexate|Blinatumomab|Ruxolitinib|Bortezomib|Dexamethasone|Doxorubicin|Etoposide|Clofarabine|Vorinostat|Idarubicin|Nelarabine|Thioguanine|Asparaginase Erwinia chrysanthemi (recombinant)-rywn|Calaspargase Pegol,"Prednisolone;Deltasone;Meticorten;Orasone®;Liquid Pred;Pediapred®;Sterapred®|Vincristine sulfate;Oncovin®;VCR;LCR|Daunomycin;rubidomycin;Cerubidine®|PEG-asparaginase;PEGLA;PEG-L-asparaginase;polyethylene glycol-L-asparaginase;Oncaspar®|Erwinia chrysanthemi;Asparaginase Erwinia chrysanthemi;Erwinaze^TM;Crisantaspase|Cytoxan®|Cytosine arabinoside;Ara-C;Cytosar®|6-MP;Purinethol®;Purixan^TM;6-mercaptopurine|Sprycel®|MTX;amethopterin;Trexall®|Blincyto®|Jakafi®|Velcade®|Decadron®;Hexadrol®;Dexone®;Dexameth®|Adriamycin®|Etoposide Phosphate;VePesid®;Etopophos®;VP-16|Clolar®|Zolinza®;Suberoylanilide Hydroxamic Acid;SAHA|Idarubicin HCl;4-Demethoxydaunorubicin;4-DMD;DMDR;Idamycin PFS®|Arranon®;Atriance®;Compound 506U78|6-thioguanine;Tioguanine;2-amino-1,7-dihydro-6H-purine-6-thione;WR-1141;Tabloid®;Lanvis®|Rylaze™;Recombinant Erwinia|ASPARLAS",8,Australia|United States,True,2026-09-07
NCT03282656,ACTIVE_NOT_RECRUITING,2018-02-13,PHASE1,David Williams,OTHER,single infusion of autologous bone marrow derived CD34+ HSC cells transduced with the lentiviral vector containing a short-hairpin RNA targeting BCL11a,,2,United States,True,2026-09-07
NCT03233854,ACTIVE_NOT_RECRUITING,2017-09-01,PHASE1,Stanford University,OTHER,Chimeric Antigen Receptor T-Cell Therapy|Cyclophosphamide|Fludarabine Phosphate|Laboratory Biomarker Analysis|Questionnaire Administration|NKTR-255,"CAR T-cell therapy|(-)-Cyclophosphamide;2H-1,3,2-Oxazaphosphorine, 2-[bis(2-chloroethyl)amino]tetrahydro-, 2-oxide, monohydrate;Carloxan;Ciclofosfamida;Ciclofosfamide;Cicloxal;Clafen;Claphene;CP monohydrate;CTX;CYCLO-cell;Cycloblastin;Cycloblastine;Cyclophospham;Cyclophosphamid monohydrate;Cyclophosphamidum;Cyclophosphan;Cyclophosphane;Cyclophosphanum;Cyclostin;Cyclostine;Cytophosphan;Cytophosphane;Cytoxan;Fosfaseron;Genoxal;Genuxal;Ledoxina;Mitoxan;Neosar;Revimmune;Syklofosfamid;WR- 138719|2-F-ara-AMP;9H-Purin-6-amine, 2-fluoro-9-(5-O-phosphono-.beta.-D-arabinofuranosyl)-;Beneflur;Fludara;SH T 586|||",1,United States,True,2026-09-07
NCT03070327,ACTIVE_NOT_RECRUITING,2017-02-27,PHASE1,Memorial Sloan Kettering Cancer Center,OTHER,EGFRt/BCMA-41BBz CAR T cell|Cyclophosphamide|Lenalidomide.,||,1,United States,True,2026-09-07
NCT03244306,COMPLETED,2017-07-27,PHASE1,Seattle Children's Hospital,OTHER,Patient-derived CD22-specific CAR T-cells also expressing an EGFRt,,1,United States,True,2026-09-07
NCT03302403,UNKNOWN,2017-12-29,NA,Kang YU,OTHER,CAR-CD19 T cell|CAR-BCMA T cell|CAR-GPC3 T cell|CAR-CLD18 T cell|Fludarabine|Cyclophosphamide,CD19-redirected Autologous Cell|BCMA-redirected Autologous Cell|GPC3-redirected Autologous Cell|Claudin18.2-redirected Autologous Cell||,1,China,False,2026-09-07
NCT03126864,TERMINATED,2017-08-04,PHASE1,M.D. Anderson Cancer Center,OTHER,Leukapheresis|Fludarabine|Cyclophosphamide|CD33-CAR-T Cell Infusion,|Fludarabine Phosphate;Fludara|Cytoxan;Neosar|,1,United States,True,2026-09-07
NCT03217032,NOT_YET_RECRUITING,2027-06-01,PHASE1,Shenzhen Geno-Immune Medical Institute,OTHER,YUVA-GT-F801,,1,China,False,2026-09-07
NCT03262298,UNKNOWN,2017-08-20,PHASE1|PHASE2,Affiliated Hospital to Academy of Military Medical Sciences,OTHER,Anti-CD22-CAR-transduced T cells,"anti-CD22 CART, CART22",1,China,False,2026-09-07
NCT03198052,RECRUITING,2017-07-01,PHASE1,Second Affiliated Hospital of Guangzhou Medical University,OTHER,"CAR-T cells targeting GPC3, Mesothelin, Claudin18.2, GUCY2C, B7-H3, PSCA, PSMA, MUC1, TGFβ, HER2, Lewis-Y, AXL, or EGFR",Administration of CAR-T cells through vein or interventional technique.,2,China,False,2026-09-07
NCT03190278,ACTIVE_NOT_RECRUITING,2017-06-19,PHASE1,Cellectis S.A.,INDUSTRY,UCART123v1.2,,8,United States,True,2026-09-07
NCT03281551,UNKNOWN,2017-10-01,PHASE1,Pinze Lifetechnology Co. Ltd.,INDUSTRY,PZ01 CAR-T cells,,1,China,False,2026-09-07
NCT03298828,UNKNOWN,2017-11,PHASE1,Third Military Medical University,OTHER,CD19 CAR and PD-1 knock out engineered T-cells|CD19 CAR T-cells,|,0,,False,2026-09-07
NCT03170141,TERMINATED,2017-05-31,PHASE1,Shenzhen Geno-Immune Medical Institute,OTHER,Antigen-specific IgT cells,,1,China,False,2026-09-07
NCT03085173,ACTIVE_NOT_RECRUITING,2017-03-15,PHASE1,Memorial Sloan Kettering Cancer Center,OTHER,EGFRt/19-28z/4-1BBL CAR T cells,,1,United States,True,2026-09-07
NCT03299738,UNKNOWN,2017-12,PHASE1,Shanghai AbelZeta Ltd.,INDUSTRY,C-CAR011,Anti-CD19 Chimeric Antigen Receptor T cell,1,China,False,2026-09-07
NCT03241940,ACTIVE_NOT_RECRUITING,2017-10-20,PHASE1,Stanford University,OTHER,Chimeric Antigen Receptor T-Cell Therapy|Cyclophosphamide|Fludarabine Phosphate|Laboratory Biomarker Analysis|Questionnaire Administration,"CAR T-cell therapy|(-)-Cyclophosphamide;2H-1,3,2-Oxazaphosphorine, 2-[bis(2-chloroethyl)amino]tetrahydro-, 2-oxide, monohydrate;Carloxan;Ciclofosfamida;Ciclofosfamide;Cicloxal;Clafen;Claphene;CP monohydrate;CTX;CYCLO-cell;Cycloblastin;Cycloblastine;Cyclophospham;Cyclophosphamid monohydrate;Cyclophosphamidum;Cyclophosphan;Cyclophosphane;Cyclophosphanum;Cyclostin;Cyclostine;Cytophosphan;Cytophosphane;Cytoxan;Fosfaseron;Genoxal;Genuxal;Ledoxina;Mitoxan;Neosar;Revimmune;Syklofosfamid;WR- 138719|2-F-ara-AMP;9H-Purin-6-amine, 2-fluoro-9-(5-O-phosphono-.beta.-D-arabinofuranosyl)-;Beneflur;Fludara;SH T 586||",1,United States,True,2026-09-07
NCT03110640,UNKNOWN,2016-10-01,PHASE1,First Affiliated Hospital of Wenzhou Medical University,OTHER,anti-CD19 CAR-T|Fludarabine|Cyclophosphamide,||,1,China,False,2026-09-07
NCT03271632,NOT_YET_RECRUITING,2026-12-31,PHASE1|PHASE2,Shenzhen Geno-Immune Medical Institute,OTHER,CAR T cells,,1,China,False,2026-09-07
NCT03196830,COMPLETED,2017-06-01,PHASE2,The First Affiliated Hospital of Soochow University,OTHER,CAR-T,,1,China,False,2026-09-07
NCT03118180,UNKNOWN,2017-04-05,PHASE1|PHASE2,Zhejiang University,OTHER,CD19 targeted chimeric antigen receptor T cells,,1,China,False,2026-09-07
NCT03199469,ACTIVE_NOT_RECRUITING,2017-08-02,PHASE2|PHASE3,Astellas Gene Therapies,INDUSTRY,Resamirigene bilparvovec,AT132,6,Canada|France|Germany|United States,True,2026-09-07
NCT03103971,TERMINATED,2017-11-03,PHASE1,Fred Hutchinson Cancer Center,OTHER,Autologous Human Anti-CD19CAR-4-1BB-CD3zeta-EGFRt-expressing CD4+/CD8+ T-lymphocytes|Cyclophosphamide|Fludarabine|Laboratory Biomarker Analysis|Leukapheresis|Pharmacological Study,"Anti-CD19-CAR Genetically Engineered Autologous T Lymphocytes huJCAR014;Anti-CD19-CAR Genetically Engineered Autologous T-lymphocytes huJCAR014;Autologous Anti-CD19CAR-4-1BB-CD3zeta-EGFRt-expressing CD4+/CD8+ T-lymphocytes;huJCAR014|(-)-Cyclophosphamide;2H-1,3,2-Oxazaphosphorine, 2-[bis(2-chloroethyl)amino]tetrahydro-, 2-oxide, monohydrate;Carloxan;Ciclofosfamida;Ciclofosfamide;Cicloxal;Clafen;Claphene;CP monohydrate;CTX;CYCLO-cell;Cycloblastin;Cycloblastine;Cyclophospham;Cyclophosphamid monohydrate;Cyclophosphamidum;Cyclophosphan;Cyclophosphane;Cyclophosphanum;Cyclostin;Cyclostine;Cytophosphan;Cytophosphane;Cytoxan;Fosfaseron;Genoxal;Genuxal;Ledoxina;Mitoxan;Neosar;Revimmune;Syklofosfamid;WR- 138719|Fluradosa||Leukocytopheresis;Therapeutic Leukopheresis|",1,United States,True,2026-09-07
NCT03076437,COMPLETED,2016-01-15,PHASE1|PHASE2,Shenzhen Institute for Innovation and Translational Medicine,OTHER,Drugs and Anti-CD19-CAR transduced T cells,,1,China,False,2026-09-07
NCT03054298,COMPLETED,2017-04-06,PHASE1,University of Pennsylvania,OTHER,huCART-meso cells,,1,United States,True,2026-09-07
NCT03252171,WITHDRAWN,2015-10-15,PHASE1|PHASE2,"Fuda Cancer Hospital, Guangzhou",OTHER,CAR-T cell immunotherapy,,1,China,False,2026-09-07
NCT03191773,UNKNOWN,2017-06-30,PHASE1|PHASE2,Second Affiliated Hospital of Guangzhou Medical University,OTHER,Drugs and anti-CD19 CAR transduced T cells,,5,China,False,2026-09-07
NCT03186118,ACTIVE_NOT_RECRUITING,2017-08-04,PHASE1,Seattle Children's Hospital,OTHER,T-cell Antigen Presenting Cells expressing truncated CD19 (T-APC),CD19+ Chimeric Antigen Receptor T-cells (CAR-T cells),1,United States,True,2026-09-07
NCT03097770,COMPLETED,2017-04-01,PHASE1|PHASE2,Chinese PLA General Hospital,OTHER,anti-CD19/20-CAR vector-transduced T cells,genetically engineered lymphocyte therapy,1,China,False,2026-09-07
NCT03086954,UNKNOWN,2017-04,PHASE1,"Sinobioway Cell Therapy Co., Ltd.",INDUSTRY,The Chimeric Antigen Receptor T Cell Immunotherapy (CAR-T),,1,China,False,2026-09-07
NCT03157804,COMPLETED,2016-01-07,PHASE1|PHASE2,"Hospital Infantil Universitario Niño Jesús, Madrid, Spain",OTHER,IV administration of Genetically Engineered Hematopoietic Stem/Progenitors Cells (HSPCs)|Genetically Engineered Hematopoietic Stem/Progenitor Cells|Laboratory Biomarker Analysis|Filgrastim|Plerixafor|Bone Marrow Aspiration,"|Genetically Engineered HSPCs||Filgrastim XM02, Filgrastim-sndz, G-CSF (Colony Stimulating Factor), Neupogen, r-metHug-CSF, Recombinant Methionyl Human Granulocyte CSF, rG-CSF, Tbo-filgrastim, Zarxio|AMD 3100, JM-3100, Mozobil, SDZ SID 791|",2,Spain,True,2026-09-07
NCT03271515,UNKNOWN,2021-03-01,PHASE1,"Beijing Doing Biomedical Co., Ltd.",INDUSTRY,anti-CD19 anti-CD20 Bispecific CAR-T,,1,China,False,2026-09-07
NCT03275493,UNKNOWN,2017-07-01,PHASE1|PHASE2,"Shanghai Unicar-Therapy Bio-medicine Technology Co.,Ltd",INDUSTRY,CD19 CAR-T cells|CD19 CAR-T cells with CRS suppression technology,|,1,China,False,2026-09-07
NCT03217617,NOT_YET_RECRUITING,2027-06-30,PHASE1|PHASE2,Shenzhen Geno-Immune Medical Institute,OTHER,Direct intravenous injection of ivlv-X1 lentiviral vector,,1,China,False,2026-09-07
NCT03049449,COMPLETED,2017-03-17,PHASE1,National Cancer Institute (NCI),NIH,Anti-Tumor Necrosis Factor (TNF) Receptor Superfamily Member 8 (CD30) Chimeric Antigen Receptor (CAR) T cells|Cyclophosphamide|Fludarabine,|Cytoxan|Fludara,1,United States,True,2026-09-07
NCT03310008,UNKNOWN,2017-08-07,PHASE1,Celyad Oncology SA,INDUSTRY,NKR-2 cells,NKG2D CAR-T cells,4,Belgium,True,2026-09-07
NCT03288493,TERMINATED,2017-09-20,PHASE1|PHASE2,"Poseida Therapeutics, Inc.",INDUSTRY,P-BCMA-101 CAR-T cells|Rimiducid,|,16,United States,True,2026-09-07
NCT03146533,UNKNOWN,2017-05,PHASE1|PHASE2,Shenzhen Second People's Hospital,OTHER,Fludarabine|Cyclophosphamide|CD19 CART,||,1,China,False,2026-09-07
NCT03287817,TERMINATED,2017-09-05,PHASE1|PHASE2,Autolus Limited,INDUSTRY,AUTO3,,11,United Kingdom|United States,True,2026-09-07
NCT03044743,UNKNOWN,2017-04-07,PHASE1|PHASE2,Yang Yang,OTHER,Fludarabine|Cyclophosphamide|Interleukin-2,Fludara|Cytoxan|IL-2,2,China,False,2026-09-07
NCT03287804,TERMINATED,2017-05-05,PHASE1|PHASE2,Autolus Limited,INDUSTRY,AUTO2,,4,Netherlands|United Kingdom,True,2026-09-07
NCT03116113,COMPLETED,2017-03-08,PHASE1|PHASE2,Biogen,INDUSTRY,BIIB112,AAV8-RPGR,8,United Kingdom|United States,True,2026-09-07
NCT03312205,UNKNOWN,2017-08-29,PHASE1|PHASE2,"Hebei Senlang Biotechnology Inc., Ltd.",INDUSTRY,Autologous CAR-T cells,,1,China,False,2026-09-07
NCT03263208,UNKNOWN,2017-08-16,PHASE1|PHASE2,Henan Cancer Hospital,OTHER_GOV,Cyclophosphamide|Fludarabine|CD19 CAR-T,||,2,China,False,2026-09-07
NCT03315078,UNKNOWN,2012-04,PHASE1|PHASE2,National Institute of Allergy and Infectious Diseases (NIAID),NIH,"CD34+ HSCs transduced with the lentivirus vector, VSV-G pseudotyped CL20-4i-EF1α-hγc-OPT|Palifermin|Busulfan",||,1,United States,True,2026-09-07
NCT03294954,RECRUITING,2018-01-18,PHASE1,Baylor College of Medicine,OTHER,GINAKIT Cells|GINAKIT cells + Etanercept,|,1,United States,True,2026-09-07
NCT03084380,UNKNOWN,2017-06-01,PHASE1|PHASE2,Xinqiao Hospital of Chongqing,OTHER,Retroviral vector-transduced autologous T cells to express anti-GPC3 CARs|Fludarabine|Cyclophosphamide,||,1,China,False,2026-09-07
NCT03203369,TERMINATED,2017-06-28,PHASE1,Cellectis S.A.,INDUSTRY,UCART123,,1,United States,True,2026-09-07
NCT03146234,COMPLETED,2017-03-17,NA,RenJi Hospital,OTHER,CAR-GPC3 T cells,GPC3 Redirected Autologous Cells,1,China,False,2026-09-07
NCT03153293,UNKNOWN,2017-12-27,PHASE2|PHASE3,Huazhong University of Science and Technology,OTHER,rAAV2-ND4,,1,China,False,2026-09-07
NCT03066258,COMPLETED,2017-03-29,PHASE1|PHASE2,REGENXBIO Inc.,INDUSTRY,RGX-314,,8,United States,True,2026-09-07
NCT03185494,UNKNOWN,2017-08-01,PHASE1|PHASE2,Chinese PLA General Hospital,OTHER,anti-CD19/22-CAR vector-transduced T cells,genetically engineered lymphocyte therapy,1,China,False,2026-09-07
NCT03125577,TERMINATED,2025-08-01,PHASE1|PHASE2,Shenzhen Geno-Immune Medical Institute,OTHER,4SCAR19 and 4SCAR22|4SCAR19 and 4SCAR38|4SCAR19 and 4SCAR20|4SCAR19 and 4SCAR123|4SCAR19 and 4SCAR70|4SCAR19 and 4SCAR30,|||||,1,China,False,2026-09-07
NCT03283631,TERMINATED,2018-05-30,PHASE1,Gary Archer Ph.D.,OTHER,EGFRvIII-CARs,,1,United States,True,2026-09-07
NCT03130712,UNKNOWN,2017-04-01,PHASE1|PHASE2,"Shanghai GeneChem Co., Ltd.",INDUSTRY,GPC3-CART cells,,1,China,False,2026-09-07
NCT03173417,COMPLETED,2017-05-23,PHASE1|PHASE2,"Beijing Immunochina Medical Science & Technology Co., Ltd.",INDUSTRY,IM19 CAR-T|fludarabine and cyclophosphamide,IM19|FC,1,China,False,2026-09-07
NCT03089203,ACTIVE_NOT_RECRUITING,2017-03-08,PHASE1,University of Pennsylvania,OTHER,CART-PSMA-TGFβRDN cells|Cyclophosphamide|Fludarabine,||,1,United States,True,2026-09-07
NCT03030001,UNKNOWN,2017-02-15,PHASE1|PHASE2,Ningbo Cancer Hospital,INDUSTRY,PD-1 antibody expressing mesothelin specific CAR-T cells,,1,China,False,2026-09-07
NCT03101709,UNKNOWN,2016-08,PHASE1,Henan Cancer Hospital,OTHER_GOV,Cyclophosphamide|Fludarabine|CART-19,||,1,China,False,2026-09-07
NCT03223194,TERMINATED,2017-09-08,PHASE1,Audentes Therapeutics,INDUSTRY,AT342,,4,Israel|United Kingdom|United States,True,2026-09-07
NCT03164135,UNKNOWN,2017-05-30,NA,Affiliated Hospital to Academy of Military Medical Sciences,OTHER,CCR5 gene modification,,1,China,False,2026-09-07
NCT03090659,UNKNOWN,2015-10-02,PHASE1|PHASE2,Nanjing Legend Biotech Co.,INDUSTRY,LCAR-B38M CAR-T cell injection,,0,,False,2026-09-07
NCT03030976,UNKNOWN,2017-03,PHASE1,"Shanghai GeneChem Co., Ltd.",INDUSTRY,cyclophosphamide|anti-CD19-CAR-T cells,Cy|2nd CAR-T,1,China,False,2026-09-07
NCT03232619,COMPLETED,2018-08-01,PHASE1|PHASE2,Bioray Laboratories,INDUSTRY,CD19 CART,,1,China,False,2026-09-07
NCT03196414,RECRUITING,2016-09,PHASE1|PHASE2,The First Affiliated Hospital of Soochow University,OTHER,CART-138/BCMA/19/more,,1,China,False,2026-09-07
NCT03252847,COMPLETED,2017-07-31,PHASE1|PHASE2,MeiraGTx UK II Ltd,INDUSTRY,AAV5-RPGR,,5,United Kingdom|United States,True,2026-09-07
NCT03057912,UNKNOWN,2018-01-15,PHASE1,"First Affiliated Hospital, Sun Yat-Sen University",OTHER,TALEN|CRISPR/Cas9,TALEN-HPV16 E6/E7;TALEN-HPV18 E6/E7|CRISPR/Cas9-HPV16 E6/E7T1;CRISPR/Cas9-HPV18 E6/ E7T2,1,China,False,2026-09-07
NCT03060356,TERMINATED,2016-12-21,EARLY_PHASE1,University of Pennsylvania,OTHER,T cells modified with RNA anti -cMET CAR,,1,United States,True,2026-09-07
NCT03142646,UNKNOWN,2016-08-30,PHASE1|PHASE2,"Beijing Immunochina Medical Science & Technology Co., Ltd.",INDUSTRY,IM19 CAR-T,fludarabine，cyclophosphamide,2,China,False,2026-09-07
NCT03311503,RECRUITING,2018-02-26,PHASE1|PHASE2,David Williams,OTHER,autologous CD34+ cell transduced with G2SCID vector,,4,United States,True,2026-09-07
NCT03154775,UNKNOWN,2017-05-03,PHASE1,Shanghai AbelZeta Ltd.,INDUSTRY,C-CAR011,Anti-CD19 Chimeric Antigen Receptor T cell,1,China,False,2026-09-07
NCT03121625,UNKNOWN,2016-12-26,PHASE1,"Hebei Senlang Biotechnology Inc., Ltd.",INDUSTRY,Autologous CAR-T,,1,China,False,2026-09-07
NCT03098355,WITHDRAWN,2017-12-30,PHASE1|PHASE2,Zhujiang Hospital,OTHER,4SCAR19/22 T cells|Interleukin-2,|IL-2,1,China,False,2026-09-07
NCT03399448,TERMINATED,2018-09-05,PHASE1,University of Pennsylvania,OTHER,NY-ESO-1 redirected autologous T cells with CRISPR edited endogenous TCR and PD-1|Cyclophosphamide|Fludarabine|NY-ESO-1 expression testing,|||,1,United States,True,2026-09-07
NCT03473496,TERMINATED,2018-03-01,NA,Zhujiang Hospital,OTHER,CART therapy in Relapsed/Refractory multiple myeloma,,1,China,False,2026-09-07
NCT03392064,SUSPENDED,2018-09-10,PHASE1,Amgen,INDUSTRY,AMG 119,,2,United States,True,2026-09-07
NCT03568461,COMPLETED,2018-11-12,PHASE2,Novartis Pharmaceuticals,INDUSTRY,tisagenlecleucel,CTL019,30,Australia|Austria|Belgium|France|Germany|Italy|Japan|Netherlands|Norway|Spain|United Kingdom|United States,True,2026-09-07
NCT03370172,COMPLETED,2018-02-27,PHASE1|PHASE2,Baxalta now part of Shire,INDUSTRY,BAX 888,Adeno-associated virus serotype 8 (AAV8) vector expressing B-domain deleted Factor VIII (BDD-FVIII);BAX888,26,Austria|France|Germany|Hungary|Spain|United States,True,2026-09-07
NCT03407859,UNKNOWN,2016-01-18,EARLY_PHASE1,Zhujiang Hospital,OTHER,Sequential Treatment With different CART,,1,China,False,2026-09-07
NCT03579888,TERMINATED,2020-06-26,PHASE1,M.D. Anderson Cancer Center,OTHER,Autologous CD19-CD8-CD28-CD3zeta-CAR-mbIL15-HER1t T Cells|Cyclophosphamide|Fludarabine,"Autologous CD19-CD8-CD28-CD3zeta-CAR-mbIL15-EGFRt T Cells;CD19-CD8CD28zCAR-specific-mbIL15-HER1t T-lymphocytes|(-)-Cyclophosphamide;2H-1,3,2-Oxazaphosphorine, 2-[bis(2-chloroethyl)amino]tetrahydro-, 2-oxide, monohydrate;Carloxan;Ciclofosfamida;Ciclofosfamide;Cicloxal;Clafen;Claphene;CP monohydrate;CTX;CYCLO-cell;Cycloblastin;Cycloblastine;Cyclophospham;Cyclophosphamid monohydrate;Cyclophosphamide Monohydrate;Cyclophosphamidum;Cyclophosphan;Cyclophosphane;Cyclophosphanum;Cyclostin;Cyclostine;Cytophosphan;Cytophosphane;Cytoxan;Fosfaseron;Genoxal;Genuxal;Ledoxina;Mitoxan;Neosar;Revimmune;Syklofosfamid;WR- 138719|Fluradosa",1,United States,True,2026-09-07
NCT03483688,COMPLETED,2018-03-06,PHASE1,Peking Union Medical College Hospital,OTHER,CD19-directed CAR-T cells,Anti-CD19 chimeric antigen receptor T cells (C- CAR011),1,China,False,2026-09-07
NCT03570892,COMPLETED,2019-05-09,PHASE3,Novartis Pharmaceuticals,INDUSTRY,Tisagenlecleucel after optional bridging and lymphodepleting chemotherapy|Platinum-based immunochemotherapy followed in responding patients with high dose chemotherapy and autologous hematopoietic stem cell transplant (HSCT),|,67,Australia|Austria|Belgium|Brazil|China|France|Germany|Hong Kong|Italy|Japan|Netherlands|Norway|Singapore|Spain|Switzerland|Taiwan|United Kingdom|United States,True,2026-09-07
NCT03328130,TERMINATED,2017-11-06,PHASE1|PHASE2,eyeDNA Therapeutics,INDUSTRY,AAV2/5-hPDE6B,,1,France,True,2026-09-07
NCT03398967,UNKNOWN,2018-01-02,PHASE1|PHASE2,Chinese PLA General Hospital,OTHER,Universal Dual Specificity CD19 and CD20 or CD22 CAR-T Cells,,1,China,False,2026-09-07
NCT03584165,COMPLETED,2018-06-04,PHASE3,"NightstaRx Ltd, a Biogen Company",OTHER,BIIB111|BIIB112,AAV2-REP1;rAAV2-REP1|AAV8-RPGR,25,Brazil|Canada|Denmark|Finland|France|Germany|Netherlands|United Kingdom|United States,True,2026-09-07
NCT03330691,ACTIVE_NOT_RECRUITING,2017-11-03,PHASE1,Seattle Children's Hospital,OTHER,Patient-derived CD19- and CD22 specific CAR,,5,Canada|United States,True,2026-09-07
NCT03355859,UNKNOWN,2018-01-05,PHASE1,Zhao Weili,OTHER,JWCAR029,,1,China,False,2026-09-07
NCT03338972,COMPLETED,2017-11-29,PHASE1,Fred Hutchinson Cancer Center,OTHER,Autologous Anti-BCMA-CAR-expressing CD4+/CD8+ T-lymphocytes FCARH143|Cyclophosphamide|Fludarabine|Leukapheresis,"Autologous Anti-BCMA-CAR CD4+/CD8+ Cells;Autologous Anti-BCMA-CAR-expressing CD8+ and CD4+ T-lymphocytes;BCMA CAR-CD4+/CD8+ T-cells;BCMA-specific CAR-expressing CD4+/CD8+ T-lymphocytes;FCARH143|(-)-Cyclophosphamide;2H-1,3,2-Oxazaphosphorine, 2-[bis(2-chloroethyl)amino]tetrahydro-, 2-oxide, monohydrate;Carloxan;Ciclofosfamida;Ciclofosfamide;Cicloxal;Clafen;Claphene;CP monohydrate;CTX;CYCLO-cell;Cycloblastin;Cycloblastine;Cyclophospham;Cyclophosphamid monohydrate;Cyclophosphamidum;Cyclophosphan;Cyclophosphane;Cyclophosphanum;Cyclostin;Cyclostine;Cytophosphan;Cytophosphane;Cytoxan;Fosfaseron;Genoxal;Genuxal;Ledoxina;Mitoxan;Neosar;Revimmune;Syklofosfamid;WR- 138719|Fluradosa|Leukocytopheresis;Therapeutic Leukopheresis",1,United States,True,2026-09-07
NCT03450122,COMPLETED,2018-09-13,PHASE1,M.D. Anderson Cancer Center,OTHER,Aldesleukin|Autologous NY-ESO-1-specific CD8-positive T Lymphocytes|Cyclophosphamide|Dendritic Cell-targeting Lentiviral Vector ID-LV305,"125-L-Serine-2-133-interleukin 2;Proleukin;r-serHuIL-2;Recombinant Human IL-2;Recombinant Human Interleukin-2||(-)-Cyclophosphamide;2H-1,3,2-Oxazaphosphorine, 2-[bis(2-chloroethyl)amino]tetrahydro-, 2-oxide, monohydrate;Carloxan;Ciclofosfamida;Ciclofosfamide;Cicloxal;Clafen;Claphene;CP monohydrate;CTX;CYCLO-cell;Cycloblastin;Cycloblastine;Cyclophospham;Cyclophosphamid monohydrate;Cyclophosphamide Monohydrate;Cyclophosphamidum;Cyclophosphan;Cyclophosphane;Cyclophosphanum;Cyclostin;Cyclostine;Cytophosphan;Cytophosphane;Cytoxan;Fosfaseron;Genoxal;Genuxal;Ledoxina;Mitoxan;Neosar;Revimmune;Syklofosfamid;WR- 138719|DCvex-NY-ESO-1;ID-LV305",1,United States,True,2026-09-07
NCT03381729,TERMINATED,2017-12-14,PHASE1,Novartis Gene Therapies,INDUSTRY,Onasemnogene Abeparvovec-xioi,Zolgensma,11,United States,True,2026-09-07
NCT03373071,COMPLETED,2017-12-23,PHASE1|PHASE2,Bambino Gesù Hospital and Research Institute,OTHER,CD19-CAR T cell,,1,Italy,True,2026-09-07
NCT03542799,UNKNOWN,2018-05-22,PHASE1,Shenzhen Second People's Hospital,OTHER,EGFR IL12 CART,,1,China,False,2026-09-07
NCT03488160,UNKNOWN,2018-04-10,NA,"Sinobioway Cell Therapy Co., Ltd.",INDUSTRY,CD19-targeted CAR-T cells,,1,China,False,2026-09-07
NCT03492268,WITHDRAWN,2021-11-01,NA,Bioray Laboratories,INDUSTRY,BCMA-CART,,1,China,False,2026-09-07
NCT03344705,UNKNOWN,2017-08-21,PHASE1,"Beijing Immunochina Medical Science & Technology Co., Ltd.",INDUSTRY,IM19 CAR-T|Fludarabine|Cyclophosphamide,IM19|F|C,1,China,False,2026-09-07
NCT03393936,TERMINATED,2018-03-26,PHASE1|PHASE2,"Shanghai PerHum Therapeutics Co., Ltd.",INDUSTRY,CCT301-38|CCT301-59,|,1,China,False,2026-09-07
NCT03356782,NOT_YET_RECRUITING,2027-06-01,PHASE1|PHASE2,Shenzhen Geno-Immune Medical Institute,OTHER,Sarcoma-specific CAR-T cells,,1,China,False,2026-09-07
NCT03389035,COMPLETED,2017-12-20,PHASE1|PHASE2,Fondazione Matilde Tettamanti Menotti De Marchi Onlus,OTHER,CARCIK-CD19,,2,Italy,True,2026-09-07
NCT03344367,UNKNOWN,2017-11-16,PHASE1,Peking University,OTHER,JWCAR029,,1,China,False,2026-09-07
NCT03455972,ACTIVE_NOT_RECRUITING,2018-02-20,PHASE1|PHASE2,The First Affiliated Hospital of Soochow University,OTHER,anti-CD19 and anti-BCMA CAR|Immunomodulatory drugs,|IMiDs,1,China,False,2026-09-07
NCT03556982,UNKNOWN,2018-03-01,PHASE1|PHASE2,The Affiliated Hospital of the Chinese Academy of Military Medical Sciences,OTHER,CART-123 cells,,1,China,False,2026-09-07
NCT03573700,ACTIVE_NOT_RECRUITING,2018-07-24,PHASE1|PHASE2,St. Jude Children's Research Hospital,OTHER,Cyclophosphamide|Fludarabine|Mesna|CliniMACS|CD19- specific CAR engineered autologous T-cells (SJCAR19 product),Cytoxan|Fludara|Mesnex||,1,United States,True,2026-09-07
NCT03369444,TERMINATED,2017-12-05,PHASE1|PHASE2,"University College, London",OTHER,FLT180a,,11,Ireland|Italy|United Kingdom|United States,True,2026-09-07
NCT03389230,ACTIVE_NOT_RECRUITING,2018-08-14,PHASE1,City of Hope Medical Center,OTHER,HER2(EQ)BBζ/CD19t+ T cells|Laboratory Biomarker Analysis|Leukapheresis,||Leukocytopheresis;Therapeutic Leukopheresis,1,United States,True,2026-09-07
NCT03445715,UNKNOWN,2018-01-03,PHASE1,Arthrogen,INDUSTRY,ART-I02,Recombinant AAV type2/5 containing a hIFN-b gene,1,Canada,False,2026-09-07
NCT03322735,UNKNOWN,2017-12-08,PHASE1|PHASE2,Henan Cancer Hospital,OTHER_GOV,Fludarabine|Cyclophosphamide|BCMA CAR-T,||,1,China,False,2026-09-07
NCT03349255,TERMINATED,2017-10-06,PHASE1,"Aeon Therapeutics (Shanghai) Co., Ltd.",INDUSTRY,autologous ET1402L1-CART cells,,1,China,False,2026-09-07
NCT03576807,UNKNOWN,2018-04-04,PHASE1,Xin Wang,OTHER,CD20 CAR-T cells,,1,China,False,2026-09-07
NCT03517631,UNKNOWN,2018-02-27,PHASE1,Shanghai Public Health Clinical Center,OTHER_GOV,shRNA-modified CD34+ cells|Low dose busulfan preconditioning|Busulfan preconditioning,|Busulfex|Busulfex,1,China,False,2026-09-07
NCT03392987,COMPLETED,2018-01-25,PHASE2,Orchard Therapeutics,INDUSTRY,OTL-200,Previously GSK2696274,1,Italy,True,2026-09-07
NCT03351829,NOT_YET_RECRUITING,2026-12-31,NA,Shenzhen Geno-Immune Medical Institute,OTHER,Gene-modified autologous hematopoeitic stem cells,,1,China,False,2026-09-07
NCT03392545,UNKNOWN,2018-04-01,PHASE1,Beijing Tiantan Hospital,OTHER,Combined immune adjuvants and radiation,"GM-CSF, poly I:C and radiation;CAR-T;TCR-T",1,China,False,2026-09-07
NCT03559764,UNKNOWN,2018-06,EARLY_PHASE1,"Allife Medical Science and Technology Co., Ltd.",INDUSTRY,Anti-BCMA CAR T cells,,0,,False,2026-09-07
NCT03435796,RECRUITING,2018-07-19,PHASE2|PHASE3,Celgene,INDUSTRY,Gene-modified (GM) T cell therapy,,213,Australia|Austria|Belgium|Canada|Finland|France|Germany|Greece|Israel|Italy|Japan|Netherlands|Norway|Poland|Romania|South Korea|Spain|Sweden|Switzerland|United Kingdom|United States,True,2026-09-07
NCT03391778,ENROLLING_BY_INVITATION,2018-04-09,PHASE1,"USWM CT, LLC",INDUSTRY,ADP adoptive cell therapy,,24,Australia|Canada|Germany|Italy|Netherlands|Spain|United Kingdom|United States,True,2026-09-07
NCT03483103,COMPLETED,2018-07-27,PHASE2,"Juno Therapeutics, a Subsidiary of Celgene",INDUSTRY,lisocabtagene maraleucel,JCAR017;liso-cel,59,United States,True,2026-09-07
NCT03579927,WITHDRAWN,2019-10-03,PHASE1|PHASE2,M.D. Anderson Cancer Center,OTHER,Autologous Hematopoietic Stem Cell Transplantation|Carmustine|Cytarabine|Etoposide|Filgrastim|Melphalan|Rituximab|Umbilical Cord Blood-derived Natural Killer Cells,"Autologous Hematopoietic Cell Transplantation;autologous stem cell transplantation|BCNU;Becenum;Becenun;BiCNU;Bis(chloroethyl) Nitrosourea;Bis-Chloronitrosourea;Carmubris;Carmustin;Carmustinum;FDA 0345;Gliadel;N,N'-Bis(2-chloroethyl)-N-nitrosourea;Nitrourean;Nitrumon;SK 27702;SRI 1720;WR-139021|.beta.-Cytosine arabinoside;1-.beta.-D-Arabinofuranosyl-4-amino-2(1H)pyrimidinone;1-.beta.-D-Arabinofuranosylcytosine;1-Beta-D-arabinofuranosyl-4-amino-2(1H)pyrimidinone;1-Beta-D-arabinofuranosylcytosine;1.beta.-D-Arabinofuranosylcytosine;2(1H)-Pyrimidinone, 4-Amino-1-beta-D-arabinofuranosyl-;2(1H)-Pyrimidinone, 4-amino-1.beta.-D-arabinofuranosyl-;Alexan;Ara-C;ARA-cell;Arabine;Arabinofuranosylcytosine;Arabinosylcytosine;Aracytidine;Aracytin;Aracytine;Beta-cytosine Arabinoside;CHX-3311;Cytarabinum;Cytarbel;Cytosar;Cytosine Arabinoside;Cytosine-.beta.-arabinoside;Cytosine-beta-arabinoside;Erpalfa;Starasid;Tarabine PFS;U 19920;U-19920;Udicil;WR-28453|Demethyl Epipodophyllotoxin Ethylidine Glucoside;EPEG;Lastet;Toposar;Vepesid;VP 16-213;VP-16;VP-16-213|FILGRASTIM, LICENSE HOLDER UNSPECIFIED;G-CSF;Neupogen;r-metHuG-CSF;Recombinant Methionyl Human Granulocyte Colony Stimulating Factor;rG-CSF;Tevagrastim|Alanine Nitrogen Mustard;CB-3025;L-PAM;L-Phenylalanine Mustard;L-sarcolysin;L-Sarcolysin Phenylalanine mustard;L-Sarcolysine;Melphalanum;Phenylalanine Mustard;Phenylalanine nitrogen mustard;Sarcoclorin;Sarkolysin;WR-19813|ABP 798;BI 695500;C2B8 Monoclonal Antibody;Chimeric Anti-CD20 Antibody;CT-P10;IDEC-102;IDEC-C2B8;IDEC-C2B8 Monoclonal Antibody;MabThera;Monoclonal Antibody IDEC-C2B8;PF-05280586;Rituxan;Rituximab Biosimilar ABP 798;Rituximab Biosimilar BI 695500;Rituximab Biosimilar CT-P10;Rituximab Biosimilar GB241;Rituximab Biosimilar IBI301;Rituximab Biosimilar PF-05280586;Rituximab Biosimilar RTXM83;Rituximab Biosimilar SAIT101;RTXM83|Cord Blood NK Cells;Umbilical Cord Blood-derived NK Cells",1,United States,True,2026-09-07
NCT03351868,TERMINATED,2026-06-01,NA,Shenzhen Geno-Immune Medical Institute,OTHER,Gene-modified autologous stem cells,,1,China,False,2026-09-07
NCT03327285,UNKNOWN,2018-03-01,NA,Peking University People's Hospital,OTHER,C-CAR011,Anti-CD19 chimeric antigen receptor T cells (C-CAR011),1,China,False,2026-09-07
NCT03330834,TERMINATED,2017-11-20,PHASE1,Sun Yat-sen University,OTHER,CAR-T cells to treat advanced lung cancer,,1,China,False,2026-09-07
NCT03502577,TERMINATED,2018-05-23,PHASE1,Fred Hutchinson Cancer Center,OTHER,BCMA-specific CAR-expressing T Lymphocytes|Cyclophosphamide|Fludarabine|Gamma-Secretase Inhibitor LY3039478|Laboratory Biomarker Analysis|Pharmacokinetic Study,"Anti-BCMA CAR T Cells;Anti-BCMA-CAR-transduced T Cells|(-)-Cyclophosphamide;2H-1,3,2-Oxazaphosphorine, 2-[bis(2-chloroethyl)amino]tetrahydro-, 2-oxide, monohydrate;Carloxan;Ciclofosfamida;Ciclofosfamide;Cicloxal;Clafen;Claphene;CP monohydrate;CTX;CYCLO-cell;Cycloblastin;Cycloblastine;Cyclophospham;Cyclophosphamid monohydrate;Cyclophosphamidum;Cyclophosphan;Cyclophosphane;Cyclophosphanum;Cyclostin;Cyclostine;Cytophosphan;Cytophosphane;Cytoxan;Fosfaseron;Genoxal;Genuxal;Ledoxina;Mitoxan;Neosar;Revimmune;Syklofosfamid;WR- 138719|Fluradosa|LY 3039478;LY-3039478;LY3039478;JSMD194||PHARMACOKINETIC;PK Study",1,United States,True,2026-09-07
NCT03430011,COMPLETED,2018-02-01,PHASE1|PHASE2,"Juno Therapeutics, a Subsidiary of Celgene",INDUSTRY,JCARH125|JCARH125 + anakinra,|,20,United States,True,2026-09-07
NCT03574168,UNKNOWN,2018-07-20,PHASE1,"Bioceltech Therapeutics, Ltd.",INDUSTRY,CD19-CAR-T Cells,,1,China,False,2026-09-07
NCT03540303,UNKNOWN,2018-04-12,PHASE1,Henan Cancer Hospital,OTHER_GOV,CAR19 T cells carrying cytoplasmic activated PD-1,,1,China,False,2026-09-07
NCT03370198,TERMINATED,2017-10-11,PHASE1,Celyad Oncology SA,INDUSTRY,NKR-2 cells,NKG2D CAR-T cells,1,Belgium,True,2026-09-07
NCT03473457,TERMINATED,2018-04-01,NA,Zhujiang Hospital,OTHER,CART therapy in Acute myeloid leukemia(AML),,1,China,False,2026-09-07
NCT03374202,ACTIVE_NOT_RECRUITING,2018-01-11,PHASE1,National Institute of Allergy and Infectious Diseases (NIAID),NIH,VRC-HIVAAV070-00-GT (AAV8-VRC07),,1,United States,True,2026-09-07
NCT03373097,ACTIVE_NOT_RECRUITING,2018-01-05,PHASE1|PHASE2,Bambino Gesù Hospital and Research Institute,OTHER,GD2-CART01,,1,Italy,True,2026-09-07
NCT03497533,UNKNOWN,2018-08-03,PHASE1|PHASE2,Timmune Biotech Inc.,INDUSTRY,TriCAR-T-CD19,,1,China,False,2026-09-07
NCT03563326,UNKNOWN,2018-08-30,PHASE1,Jian-Kun Hu,OTHER,CAR-T cells targeting EpCAM|Chemotherapy,|,1,China,False,2026-09-07
NCT03361748,COMPLETED,2017-12-13,PHASE2,Celgene,INDUSTRY,bb2121,,48,Belgium|Canada|France|Germany|Italy|Japan|Spain|United States,True,2026-09-07
NCT03316560,ACTIVE_NOT_RECRUITING,2018-04-16,PHASE1|PHASE2,Beacon Therapeutics,INDUSTRY,rAAV2tYF-GRK1-RPGR,,4,United States,True,2026-09-07
NCT03517085,COMPLETED,2018-05-18,PHASE1|PHASE2,Ultragenyx Pharmaceutical Inc,INDUSTRY,DTX401|steroid regimen,AAV8G6PC;Pariglasgene brecaparvovec|,6,Canada|Netherlands|Spain|United States,True,2026-09-07
NCT03544021,UNKNOWN,2018-03-01,PHASE1|PHASE2,The Affiliated Hospital of the Chinese Academy of Military Medical Sciences,OTHER,CART-19 cells,,1,China,False,2026-09-07
NCT03538899,RECRUITING,2018-05-31,PHASE1|PHASE2,"University of California, San Francisco",OTHER,AProArt-CD34|CliniMACS® CD34 Reagent System cell sorter device|Busulfan,lentiviral gene therapy using AProArt||Busulfex,1,United States,True,2026-09-07
NCT03464916,COMPLETED,2018-10-15,PHASE1,"Sorrento Therapeutics, Inc.",INDUSTRY,CAR2 Anti-CD38 A2 CAR-T Cells,,4,United States,True,2026-09-07
NCT03428178,UNKNOWN,2018-01-08,NA,Bin Li,OTHER,rAAV2-ND4,rAAV2-ND4 gene therapy,1,China,False,2026-09-07
NCT03356795,TERMINATED,2026-06-01,PHASE1|PHASE2,Shenzhen Geno-Immune Medical Institute,OTHER,Cervical cancer-specific CAR-T cells,,1,China,False,2026-09-07
NCT03467256,UNKNOWN,2018-05-14,PHASE1|PHASE2,"Federal Research Institute of Pediatric Hematology, Oncology and Immunology",OTHER,Chimeric Antigen Receptor T-Cell Therapy|Fludarabine|Cyclophosphamide|Tocilizumab|Cytarabine|Etoposide|Dexamethasone,||||||,1,Russia,False,2026-09-07
NCT03383965,UNKNOWN,2017-03-01,PHASE1,"Immune Cell, Inc.",INDUSTRY,ICAR30 T cells,Biological drug,1,China,False,2026-09-07
NCT03533673,COMPLETED,2018-12-17,PHASE1,AskBio Inc,INDUSTRY,ACTUS-101,,1,United States,True,2026-09-07
NCT03520712,TERMINATED,2018-04-24,PHASE1|PHASE2,BioMarin Pharmaceutical,INDUSTRY,Valoctocogene Roxaparvovec,BMN 270,9,South Africa|South Korea|Taiwan|United Kingdom,True,2026-09-07
NCT03423992,UNKNOWN,2018-03-02,PHASE1,"Xuanwu Hospital, Beijing",OTHER,chimeric antigen receptor T cells,,1,China,False,2026-09-07
NCT03528421,UNKNOWN,2018-05-22,PHASE1,"Beijing Immunochina Medical Science & Technology Co., Ltd.",INDUSTRY,IM19|Fludarabine|Cyclophosphamide,||,1,China,False,2026-09-07
NCT03342547,UNKNOWN,2018-04-18,NA,Chinese University of Hong Kong,OTHER,Duodenal biopsy|Saliva,|,1,China,False,2026-09-07
NCT03448978,TERMINATED,2018-03-08,PHASE1,Cartesian Therapeutics,INDUSTRY,Descartes-08|Fludarabine|Cyclophosphamide,CAR-T cells||,3,United States,True,2026-09-07
NCT03356808,NOT_YET_RECRUITING,2027-06-01,PHASE1|PHASE2,Shenzhen Geno-Immune Medical Institute,OTHER,Lung cancer-specific T cells,,1,China,False,2026-09-07
NCT03434769,ACTIVE_NOT_RECRUITING,2018-07-09,PHASE1,Benjamin Tomlinson,OTHER,Cyclophosphamide|Fludarabine|CAR-T Cells,Cytoxan;Endoxan;Neosar;Procytox;Revimmune;Cycloblastin|Fludara|,2,United States,True,2026-09-07
NCT03380039,UNKNOWN,2017-10-13,NA,"Xinhua Hospital, Shanghai Jiao Tong University School of Medicine",OTHER,CAR-BCMA T cells|Fludarabine|Cyclophosphamide,BCMA-redirected autologous T cells||,1,China,False,2026-09-07
NCT03323944,TERMINATED,2017-09-15,PHASE1,University of Pennsylvania,OTHER,huCART-meso cells,,1,United States,True,2026-09-07
NCT03497819,UNKNOWN,2017-10-01,EARLY_PHASE1,First Affiliated Hospital of Wenzhou Medical University,OTHER,CARTmeso CART19,,1,China,False,2026-09-07
NCT03318861,TERMINATED,2017-10-20,PHASE1,"Kite, A Gilead Company",INDUSTRY,KITE-585|Cyclophosphamide|Fludarabine,||,9,United States,True,2026-09-07
NCT03549442,ACTIVE_NOT_RECRUITING,2018-05-09,PHASE1,University of Pennsylvania,OTHER,BCMA CART + huCART19|CART BCMA or CART BCMA + huCART19|Single-dose infusion of CART BCMA or CART BCMA + huCART19|BCMA CART + huCART19,|||,1,United States,True,2026-09-07
NCT03448393,COMPLETED,2018-03-26,PHASE1,National Cancer Institute (NCI),NIH,CD19/CD22 CAR T-Cells|Fludarabine|Cyclophosphamide|Apheresis|Anti-emetic|Diphenhydramine|Acetaminophen|ECG|ECHO|MRI Brain|Bone marrow biopsy|Cardiac MRI,cluster of differentiation 19 chimeric antigen receptor T-cells;cluster of differentiation 22 chimeric antigen receptor T-cells|Fludara|Cytoxan|||Benadryl;Banophen;Nytol|Tylenol;ofirmev;FeverAll|Electrocardiogram|Echocardiogram|Magnetic resonance imaging|BM biopsy|Cardiac magnetic resonance imaging,1,United States,True,2026-09-07
NCT03321123,UNKNOWN,2017-12-01,PHASE2,Shanghai Children's Medical Center,OTHER,MB-CART19.1,Miltenyi CD-19 CAT-T cell,0,,False,2026-09-07
NCT03333590,COMPLETED,2017-11-06,PHASE1|PHASE2,Kevin Flanigan,OTHER,rAAVrh74.MCK.GALGT2,,1,United States,True,2026-09-07
NCT03315182,TERMINATED,2017-10-16,PHASE1|PHASE2,"Abeona Therapeutics, Inc",INDUSTRY,rAAV9.CMV.hNAGLU,,4,France|Germany|Spain|United States,True,2026-09-07
NCT03366350,UNKNOWN,2016-04-15,PHASE1|PHASE2,"Wuhan Sian Medical Technology Co., Ltd",INDUSTRY,Allogeneic hematological stem cell transplantation,,1,China,False,2026-09-07
NCT03500991,ACTIVE_NOT_RECRUITING,2018-07-26,PHASE1,Seattle Children's Hospital,OTHER,HER2-specific chimeric antigen receptor (CAR) T cell,,1,United States,True,2026-09-07
NCT03569891,COMPLETED,2018-06-27,PHASE3,CSL Behring,INDUSTRY,AAV5-hFIXco-Padua|Factor IX (FIX),AMT-061;etranacogene dezaparvovec|,33,Belgium|Denmark|Germany|Ireland|Netherlands|Sweden|United Kingdom|United States,True,2026-09-07
NCT03585517,COMPLETED,2018-07-21,PHASE1,"Beijing Immunochina Medical Science & Technology Co., Ltd.",INDUSTRY,IM23,,1,China,False,2026-09-07
NCT03545815,UNKNOWN,2018-03-19,PHASE1,Chinese PLA General Hospital,OTHER,anti-mesothelin CAR-T cells,,1,China,False,2026-09-07
NCT03383952,UNKNOWN,2017-03-01,PHASE1,"Immune Cell, Inc.",INDUSTRY,ICAR19 CAR-T cells,Biological drug,1,China,False,2026-09-07
NCT03423706,UNKNOWN,2018-05-07,NA,First Affiliated Hospital of Harbin Medical University,OTHER,the new model of haplo-HSCT for r/r B-ALL,,1,China,False,2026-09-07
NCT03559439,UNKNOWN,2018-04-24,PHASE1,Shanghai Tong Ren Hospital,OTHER,CD19 CAR T,,1,China,False,2026-09-07
NCT03468153,UNKNOWN,2018-01-01,PHASE1|PHASE2,Ruijin Hospital,OTHER,Dual Specificity CD19 and CD22 CAR-T Cell Immunotherapy,,1,China,False,2026-09-07
NCT03488394,ACTIVE_NOT_RECRUITING,2018-05-11,PHASE1|PHASE2,Orchard Therapeutics,INDUSTRY,"Frozen autologous CD34+ hematopoietic stem and progenitor cells genetically modified with the lentiviral vector IDUA LVV, encoding for the α-L-iduronidase cDNA, in their final formulation medium.",,1,Italy,True,2026-09-07
NCT03463928,UNKNOWN,2017-10-08,PHASE1,Chinese PLA General Hospital,OTHER,donor-derived CD19/22 bispecific CAR-T cells or CD19-directed CAR-T cells; donor-derived-HSCT,,1,China,False,2026-09-07
NCT03548207,COMPLETED,2018-06-29,PHASE1|PHASE2,"Janssen Research & Development, LLC",INDUSTRY,JNJ-68284528,,21,Japan|United States,True,2026-09-07
NCT03362502,TERMINATED,2018-01-23,PHASE1,Pfizer,INDUSTRY,PF-06939926,,22,United States,True,2026-09-07
NCT03366324,UNKNOWN,2016-05-01,PHASE1|PHASE2,"Wuhan Sian Medical Technology Co., Ltd",INDUSTRY,Second generation CAR-T cells|Hematological stem cell transplantation,|,1,China,False,2026-09-07
NCT03564977,UNKNOWN,2018-07-15,NA,Qingdao Central Hospital,OTHER,CD19-targeted CAR-T cells,,1,China,False,2026-09-07
NCT03525782,UNKNOWN,2018-02-01,PHASE1|PHASE2,The First Affiliated Hospital of Guangdong Pharmaceutical University,OTHER,CAR-T Cells|CAR-T combining PD-1 Knockout|PD-1 knockout|PD-1 mAb|Sham control,|||Keytruda|,3,China,False,2026-09-07
NCT03602157,ACTIVE_NOT_RECRUITING,2018-10-29,PHASE1,UNC Lineberger Comprehensive Cancer Center,OTHER,ATLCAR.CD30.CCR4 cells|ALTCAR.CD30 cells|Bendamustine|Fludarabine,|||,1,United States,True,2026-09-07
NCT03720457,UNKNOWN,2018-11-13,PHASE1,"Hrain Biotechnology Co., Ltd.",INDUSTRY,Human CD19 targeted T Cells Injection,,3,China,False,2026-09-07
NCT03631576,UNKNOWN,2018-08-10,PHASE2|PHASE3,Fujian Medical University,OTHER,CD123/CLL1 CAR-T Cells,,1,China,False,2026-09-07
NCT03672318,ACTIVE_NOT_RECRUITING,2019-01-14,PHASE1,UNC Lineberger Comprehensive Cancer Center,OTHER,CAR138 T Cells,ATLCAR.CD138;CAR.CD138 T cells,1,United States,True,2026-09-07
NCT03628612,ENROLLING_BY_INVITATION,2018-08-02,PHASE2,Autolus Limited,INDUSTRY,AUTO CAR T cell therapy,,8,United Kingdom|United States,True,2026-09-07
NCT03758417,TERMINATED,2019-01-23,PHASE2,Nanjing Legend Biotech Co.,INDUSTRY,LCAR-B38M CAR-T Cell,Ciltacabtagene autoleucel,11,China,False,2026-09-07
NCT03711864,UNKNOWN,2019-02-25,PHASE1,Peking Union Medical College Hospital,OTHER,IM21 CAR-T cells,IM21,1,China,False,2026-09-07
NCT03814408,UNKNOWN,2019-01-11,PHASE1,Rocket Pharmaceuticals Inc.,INDUSTRY,RP-L102,,1,United States,True,2026-09-07
NCT03696784,ACTIVE_NOT_RECRUITING,2019-03-12,PHASE1,UNC Lineberger Comprehensive Cancer Center,OTHER,iC9-CAR19 T cells|Bendamustine|Fludarabine|AP1903|Cyclophosphamide,|Treanda;Bendeka|Fludara|Rimiducid|Cytoxan;Neosar,1,United States,True,2026-09-07
NCT03638193,UNKNOWN,2018-07-11,NA,Shenzhen BinDeBio Ltd.,INDUSTRY,CART-meso cells,,1,China,False,2026-09-07
NCT03728322,UNKNOWN,2019-01,EARLY_PHASE1,"Allife Medical Science and Technology Co., Ltd.",INDUSTRY,iHSCs treatment group,,0,,False,2026-09-07
NCT03590574,TERMINATED,2018-08-30,PHASE1|PHASE2,Autolus Limited,INDUSTRY,AUTO4,,5,Spain|United Kingdom,True,2026-09-07
NCT03768310,WITHDRAWN,2022-06,PHASE1,Baylor College of Medicine,OTHER,CD19.CAR-multiVST for Group A|CD19.CAR-multiVST for Group B,CAR T Cells|CAR T Cells,2,United States,True,2026-09-07
NCT03642626,ACTIVE_NOT_RECRUITING,2018-12-18,PHASE2,"Masonic Cancer Center, University of Minnesota",OTHER,"KYMRIAH|YESCARTA|Fludarabine 30mg/m2 4 doses|Cyclophosphamide 500 mg/m2; 2 doses|Fludarabine 30mg/m2 3 doses|Cyclophosphamide 500 mg/m2; 3 doses|Fludarabine 25mg/m2 3 days|Cyclophosphamide 250 mg/m2; 3 days|Tecartus|Abecma, Intravenous Suspension|Cyclophosphamide 900 mg/m2; 1 day|Breyanzi Injectable Product",tisagenlecleucel||||||||Brexucabtagene Autoleucel|||,1,United States,True,2026-09-07
NCT03638167,COMPLETED,2019-03-19,PHASE1,Seattle Children's Hospital,OTHER,EGFR806-specific chimeric antigen receptor (CAR) T cell,,1,United States,True,2026-09-07
NCT03752541,SUSPENDED,2019-11-01,NA,Bioray Laboratories,INDUSTRY,BCMA-UCART,,1,China,False,2026-09-07
NCT03818763,ACTIVE_NOT_RECRUITING,2020-04-29,PHASE1,Medical College of Wisconsin,OTHER,"Auto CD34+PBSC, transduced with a lentiviral vector encoding the B domain deleted from of human coagulation factor VIII",,1,United States,True,2026-09-07
NCT03612739,WITHDRAWN,2018-12,PHASE1,Celyad Oncology SA,INDUSTRY,NKR-2 CAR-T Cells,5-azacytidine (AZA),0,,False,2026-09-07
NCT03748784,COMPLETED,2018-11-14,PHASE1,"Adverum Biotechnologies, Inc.",INDUSTRY,ADVM-022,AAV.7m8-aflibercept,11,United States,True,2026-09-07
NCT03615313,UNKNOWN,2018-08-06,PHASE1|PHASE2,Shanghai Cell Therapy Research Institute,OTHER,PD-1 antibody expressing mesoCAR-T cells,,1,China,False,2026-09-07
NCT03690011,ACTIVE_NOT_RECRUITING,2021-08-02,PHASE1,Baylor College of Medicine,OTHER,CD7.CAR/28zeta CAR T cells,,2,United States,True,2026-09-07
NCT03685786,UNKNOWN,2018-06-01,PHASE1,Shenzhen Second People's Hospital,OTHER,CART19 cell and auto-HSCT,,1,China,False,2026-09-07
NCT03754764,UNKNOWN,2018-11-23,PHASE1|PHASE2,Chinese PLA General Hospital,OTHER,Specificity CD38 CAR-T Cells,,1,China,False,2026-09-07
NCT03767751,UNKNOWN,2018-12-05,PHASE1|PHASE2,Chinese PLA General Hospital,OTHER,Dual Specificity CD38 and bcma CAR-T Cells,,1,China,False,2026-09-07
NCT03672851,TERMINATED,2019-04-17,PHASE1,Second Affiliated Hospital of Xi'an Jiaotong University,OTHER,anti-CD123 CAR-T treatment,,1,China,False,2026-09-07
NCT03716856,UNKNOWN,2018-03-23,PHASE1,First Affiliated Hospital of Zhejiang University,OTHER,CAR-BCMA T cells|Fludarabine|Cyclophosphamide,BCMA-redirected autologous T cells||,1,China,False,2026-09-07
NCT03706547,UNKNOWN,2018-10-30,PHASE1,Peng Liu,OTHER,anti-CD19/BCMA CAR-T cells|Fludarabine|Cyclophosphamide,||,1,China,False,2026-09-07
NCT03587116,COMPLETED,2018-07-26,PHASE3,Pfizer,INDUSTRY,Standard of Care FIX Replacement therapy|Standard of Care FVIII Replacement therapy,|,75,Australia|Belgium|Brazil|Canada|France|Germany|Greece|Israel|Italy|Japan|Saudi Arabia|South Korea|Spain|Sweden|Taiwan|Turkey (Türkiye)|United Kingdom|United States,True,2026-09-07
NCT03765177,RECRUITING,2019-10-16,PHASE1|PHASE2,Ottawa Hospital Research Institute,OTHER,CLIC-1901,autologous anti-CD19 CAR-T cells,3,Canada,False,2026-09-07
NCT03682744,WITHDRAWN,2018-09-13,PHASE1,"Sorrento Therapeutics, Inc.",INDUSTRY,anti-CEA CAR-T cells,Gene modified patient T cells;Designer T cells,2,United States,True,2026-09-07
NCT03743246,TERMINATED,2018-10-17,PHASE1|PHASE2,Celgene,INDUSTRY,JCAR017|Lymphodepleting|Fludarabine|Cyclophosphamide,|||,19,France|Germany|Italy|Netherlands|Spain|United States,True,2026-09-07
NCT03812263,COMPLETED,2019-08-30,PHASE1|PHASE2,Rocket Pharmaceuticals Inc.,INDUSTRY,RP-L201,,3,Spain|United Kingdom|United States,True,2026-09-07
NCT03649529,UNKNOWN,2018-09-27,EARLY_PHASE1,Timmune Biotech Inc.,INDUSTRY,GPA-TriMAR-T,TCR-mimic-CAR-T,2,China,False,2026-09-07
NCT03765632,COMPLETED,2018-01-03,PHASE1|PHASE2,Great Ormond Street Hospital for Children NHS Foundation Trust,OTHER,Infusion of autologous cryopreserved EFS-ADA LV CD34+ cells (OTL-101)|Busulfan|Peg-Ada,OTL-101||,1,United Kingdom,True,2026-09-07
NCT03588299,ACTIVE_NOT_RECRUITING,2018-11-07,PHASE1|PHASE2,Bayer,INDUSTRY,BAY2599023 (DTX201),,13,Bulgaria|France|Germany|Netherlands|United Kingdom|United States,True,2026-09-07
NCT03666000,RECRUITING,2019-03-11,PHASE1,Imugene Limited,INDUSTRY,Azer-cel|Fludarabine|Cyclophosphamide|IL-2,Allogeneic Anti-CD19 CAR T cells;PBCAR0191|||,23,Australia|United States,True,2026-09-07
NCT03758404,COMPLETED,2019-08-12,PHASE1|PHASE2,MeiraGTx UK II Ltd,INDUSTRY,adeno-associated virus vector AAV- CNGA3,,2,United Kingdom|United States,True,2026-09-07
NCT03778346,UNKNOWN,2018-11-15,PHASE1,The Sixth Affiliated Hospital of Wenzhou Medical University,OTHER,CAR-T therapy in Relapsed/Refractory multiple myeloma,,3,China,False,2026-09-07
NCT03601286,UNKNOWN,2018-12-21,PHASE1,Great Ormond Street Hospital for Children NHS Foundation Trust,OTHER,Lentiviral vector transduced CD34+ cells,G2SCID lentiviral vector transduced CD34+ cells,1,United Kingdom,True,2026-09-07
NCT03676504,RECRUITING,2018-09-07,PHASE1|PHASE2,University Hospital Heidelberg,OTHER,CD19.CAR T Cells|Fludarabine|Cyclophosphamide,||,2,Germany,True,2026-09-07
NCT03790891,UNKNOWN,2019-01-05,EARLY_PHASE1,Timmune Biotech Inc.,INDUSTRY,CD19-TriCAR-T/SILK,,3,China,False,2026-09-07
NCT03635632,ACTIVE_NOT_RECRUITING,2019-04-23,PHASE1,Baylor College of Medicine,OTHER,C7R-GD2.CART cells,,2,United States,True,2026-09-07
NCT03674463,UNKNOWN,2018-07-26,PHASE1,Second Affiliated Hospital of Xi'an Jiaotong University,OTHER,LCAR-B4822M CAR-T Cell Immunotherapy,,1,China,False,2026-09-07
NCT03740724,TERMINATED,2019-12-18,PHASE1|PHASE2,"Castle Creek Biosciences, LLC.",INDUSTRY,FCX-013|veledimex,Genetically-Modified Autologous Human Dermal Fibroblasts|a small-molecule activator ligand for the RheoSwitch (RTS®) system,1,United States,True,2026-09-07
NCT03696030,ACTIVE_NOT_RECRUITING,2018-11-27,PHASE1,City of Hope Medical Center,OTHER,Chimeric Antigen Receptor T-Cell Therapy,CAR T Infusion;CAR T Therapy;CAR T-cell therapy;Chimeric Antigen Receptor T-cell Infusion,1,United States,True,2026-09-07
NCT03652259,TERMINATED,2018-10-27,PHASE1|PHASE2,"Sarepta Therapeutics, Inc.",INDUSTRY,SRP-9003,LGMD2E vector;bidridistrogene xeboparvovec,1,United States,True,2026-09-07
NCT03664635,COMPLETED,2018-09-25,PHASE1|PHASE2,Miltenyi Biomedicine GmbH,INDUSTRY,MB-CART20.1,CD20-targeting CAR T Cells;Anti-CD20 CAR T cells,2,Germany,True,2026-09-07
NCT03605238,WITHDRAWN,2018-08-15,PHASE1,Chinese PLA General Hospital,OTHER,Corticosteroids & tanCART19/20,,1,China,False,2026-09-07
NCT03633773,UNKNOWN,2018-07-01,PHASE1|PHASE2,"Second Affiliated Hospital, Zhejiang University, School of Medicine",OTHER,MUC-1 CART cell immunotherapy,,1,China,False,2026-09-07
NCT03825731,UNKNOWN,2019-01-17,EARLY_PHASE1,Hebei Yanda Ludaopei Hospital,OTHER,GC022,,1,China,False,2026-09-07
NCT03774654,ACTIVE_NOT_RECRUITING,2020-04-14,PHASE1,Baylor College of Medicine,OTHER,CD19.CAR-aNKT cells,,2,United States,True,2026-09-07
NCT03725670,NOT_YET_RECRUITING,2027-05-31,NA,Shenzhen Geno-Immune Medical Institute,OTHER,Intrathecal and intravenous LV gene therapy,,1,China,False,2026-09-07
NCT03598179,UNKNOWN,2018-06-01,PHASE2,The First Affiliated Hospital with Nanjing Medical University,OTHER,chimeric antigen receptor T cells,,1,China,False,2026-09-07
NCT03672253,UNKNOWN,2018-07-26,PHASE1,Second Affiliated Hospital of Xi'an Jiaotong University,OTHER,CAR-T Re-treatment,CAR-T Re-treatment for r/r MM targeting BCMA,1,China,False,2026-09-07
NCT03645486,NOT_YET_RECRUITING,2027-07-01,NA,Shenzhen Geno-Immune Medical Institute,OTHER,Infusion of lentiviral TYF-CGD-modified autologous stem cells,,1,China,False,2026-09-07
NCT03618381,ACTIVE_NOT_RECRUITING,2019-06-18,PHASE1,Seattle Children's Hospital,OTHER,second generation 4-1BBζ EGFR806-EGFRt|second generation 4-1BBζ EGFR806-EGFRt and a second generation 4 1BBζ CD19-Her2tG,|,1,United States,True,2026-09-07
NCT03747965,UNKNOWN,2018-11,PHASE1,Chinese PLA General Hospital,OTHER,Mesothelin-directed CAR-T cells,,1,China,False,2026-09-07
NCT03614858,UNKNOWN,2017-09-01,PHASE1|PHASE2,"Shanghai Unicar-Therapy Bio-medicine Technology Co.,Ltd",INDUSTRY,CART-19/22,,1,China,False,2026-09-07
NCT03593109,TERMINATED,2019-05-30,PHASE1,Second Affiliated Hospital of Xi'an Jiaotong University,OTHER,Dual Specificity CD19 and CD22 CAR-T Cell Immunotherapy,,1,China,False,2026-09-07
NCT03818165,TERMINATED,2019-07-29,PHASE1,"Sorrento Therapeutics, Inc.",INDUSTRY,CAR2 Anti-CEA CAR-T cells,Surefire Precision Infusion System;K171355,1,United States,True,2026-09-07
NCT03751293,UNKNOWN,2019-01-08,PHASE1,Hebei Yanda Ludaopei Hospital,OTHER,C-CAR088,CBM.BCMA Chimeric Antigen Receptor T cell,1,China,False,2026-09-07
NCT03811457,COMPLETED,2017-06-01,NA,UWELL Biopharma,INDUSTRY,Welgenaleucel,UWC19,1,China,False,2026-09-07
NCT03727555,NOT_YET_RECRUITING,2027-06-01,NA,Shenzhen Geno-Immune Medical Institute,OTHER,Intrathecal and intravenous LV gene therapy,,1,China,False,2026-09-07
NCT03661554,UNKNOWN,2018-04-10,EARLY_PHASE1,"The Pregene (ShenZhen) Biotechnology Company, Ltd.",INDUSTRY,BCMA CAR-T Cells,,1,China,False,2026-09-07
NCT03823040,COMPLETED,2018-07-16,PHASE1,Minia University,OTHER,Oxiconazole Nitrate Cream 1%|Oxiconazole nitrate SLNs loaded gel.,Tinox® cream 1 %|Developed SLNs gel,1,Egypt,False,2026-09-07
NCT03684889,ACTIVE_NOT_RECRUITING,2018-11-28,PHASE1,Seattle Children's Hospital,OTHER,SCRI-huCAR19v1|SCRI-huCAR19v2,|,2,United States,True,2026-09-07
NCT03599375,UNKNOWN,2019-05-01,PHASE1,jiuwei cui,OTHER,CD19-targeted CART cells,,0,,False,2026-09-07
NCT03745287,COMPLETED,2018-11-27,PHASE2|PHASE3,Vertex Pharmaceuticals Incorporated,INDUSTRY,CTX001,Exagamglogene autotemcel;Exa-cel,17,Belgium|Canada|France|Germany|Italy|United Kingdom|United States,True,2026-09-07
NCT03814447,UNKNOWN,2019-08-16,EARLY_PHASE1,Shanghai 6th People's Hospital,OTHER,anti- MESO CAR-T cells|Fludarabine|Cyclophosphamide,|FA|CTX,1,China,False,2026-09-07
NCT03726515,COMPLETED,2019-03-11,PHASE1,University of Pennsylvania,OTHER,CART-EGFRvIII T cells|Pembrolizumab,|Keytruda,1,United States,True,2026-09-07
NCT03671460,UNKNOWN,2018-09-07,PHASE1,"Tianjin Mycure Medical Technology Co., Ltd",INDUSTRY,CD19 CAR-T cells,,1,China,False,2026-09-07
NCT03710421,SUSPENDED,2019-04-23,PHASE1,City of Hope Medical Center,OTHER,CS1-CAR T Therapy|Cyclophosphamide|Fludarabine|Leukapheresis,"CS1-CAR T Infusion;CS1-CAR T-cell Therapy|(-)-Cyclophosphamide;2H-1,3,2-Oxazaphosphorine, 2-[bis(2-chloroethyl)amino]tetrahydro-, 2-oxide, monohydrate;Carloxan;Ciclofosfamida;Ciclofosfamide;Cicloxal;Clafen;Claphene;CP monohydrate;CTX;CYCLO-cell;Cycloblastin;Cycloblastine;Cyclophospham;Cyclophosphamid monohydrate;Cyclophosphamide Monohydrate;Cyclophosphamidum;Cyclophosphan;Cyclophosphane;Cyclophosphanum;Cyclostin;Cyclostine;Cytophosphan;Cytophosphane;Cytoxan;Fosfaseron;Genoxal;Genuxal;Ledoxina;Mitoxan;Neosar;Revimmune;Syklofosfamid;WR- 138719|Fluradosa|Leukocytopheresis;Therapeutic Leukopheresis",1,United States,True,2026-09-07
NCT03740256,RECRUITING,2020-12-14,PHASE1,Baylor College of Medicine,OTHER,CAdVEC,HER2-specificCAR- T,1,United States,True,2026-09-07
NCT03606486,TERMINATED,2018-11-16,NA,University of Washington,OTHER,Biospecimen Collection|Laboratory Biomarker Analysis|Lavage|Pap Smear,||Irrigation|Cervical Smear Preparation;Cervical Smear Procedure;Pap Smear Procedure;Pap Test;Papanicolaou Smear Procedure;Papanicolaou Test;Vaginal Smears,1,United States,True,2026-09-07
NCT03798509,UNKNOWN,2019-03-13,PHASE1,"Hrain Biotechnology Co., Ltd.",INDUSTRY,Human CD19 targeted T Cells Injection,,1,China,False,2026-09-07
NCT03741127,ACTIVE_NOT_RECRUITING,2018-10-29,PHASE1,"Poseida Therapeutics, Inc.",INDUSTRY,Rimiducid may be administered as indicated,Rimiducid (safety switch activator),13,United States,True,2026-09-07
NCT03734588,COMPLETED,2019-01-30,PHASE1|PHASE2,"Spark Therapeutics, Inc.",INDUSTRY,SPK-8016,,11,United States,True,2026-09-07
NCT03628053,WITHDRAWN,2020-06-05,PHASE3,Novartis Pharmaceuticals,INDUSTRY,Tisagenlecleucel|Blinatumomab|Inotuzumab,CTL019;KYMRIAH|BLINCYTO|BESPONSA;Inotuzumab ozogamicin,0,,False,2026-09-07
NCT03744676,COMPLETED,2018-11-29,PHASE2,"Juno Therapeutics, a Subsidiary of Celgene",INDUSTRY,lisocabtagene maraleucel,JCAR017;liso-cel,23,United States,True,2026-09-07
NCT03766126,TERMINATED,2018-12-06,PHASE1,University of Pennsylvania,OTHER,CART123 cells; cyclophosphamide; fludarabine,T Cells Containing Anti-CD123 Signaling Domains,1,United States,True,2026-09-07
NCT03655678,COMPLETED,2018-09-14,PHASE2|PHASE3,Vertex Pharmaceuticals Incorporated,INDUSTRY,CTX001,Exagamglogene autotemcel;Exa-cel,14,Canada|Germany|Italy|United Kingdom|United States,True,2026-09-07
NCT03721068,RECRUITING,2019-02-19,PHASE1,UNC Lineberger Comprehensive Cancer Center,OTHER,iC9.GD2.CAR.IL-15 T-cells|Cyclophosphamide|Fludarabine,||,2,United States,True,2026-09-07
NCT03645460,NOT_YET_RECRUITING,2027-06-30,NA,Shenzhen Geno-Immune Medical Institute,OTHER,Direct intravenous injection of ivlv-ADA lentiviral vector,,1,China,False,2026-09-07
NCT03815383,UNKNOWN,2019-04-11,PHASE1,The First Affiliated Hospital with Nanjing Medical University,OTHER,C-CAR088,CBM.BCMA Chimeric Antigen Receptor T cell,1,China,False,2026-09-07
NCT03585764,TERMINATED,2018-10-24,PHASE1,University of Pennsylvania,OTHER,MOv19-BBz CAR T cells|Alpha Folate Receptor expression test,|,1,United States,True,2026-09-07
NCT03706326,UNKNOWN,2018-09-28,PHASE1|PHASE2,The First Affiliated Hospital of Guangdong Pharmaceutical University,OTHER,Anti-MUC1 CAR-T cells|PD-1 knockout Engineered T cells|CAR-T combined with PD-1 Knockout T cells,||,2,China,False,2026-09-07
NCT03672305,UNKNOWN,2018-10-01,EARLY_PHASE1,The Second Hospital of Nanjing Medical University,OTHER,c-Met/PD-L1 CAR-T cell injection,,0,,False,2026-09-07
NCT03664661,UNKNOWN,2018-04-11,PHASE1,Henan Cancer Hospital,OTHER_GOV,BCMA nanobody CAR-T cells,,1,China,False,2026-09-07
NCT03767725,UNKNOWN,2018-06-02,PHASE1,Shenzhen Second People's Hospital,OTHER,Treatment,,1,China,False,2026-09-07
NCT03720496,UNKNOWN,2018-11-01,PHASE1,Timmune Biotech Inc.,INDUSTRY,CD19-TriCAR-T,,1,China,False,2026-09-07
NCT03642496,UNKNOWN,2018-08-19,EARLY_PHASE1,First Affiliated Hospital Xi'an Jiaotong University,OTHER,Low dose ET019002- T Cells|Middle dose ET019002- T Cells|High dose ET019002- T Cells,||,0,,False,2026-09-07
NCT03825718,COMPLETED,2019-01-17,EARLY_PHASE1,Hebei Yanda Ludaopei Hospital,OTHER,GC007F,,1,China,False,2026-09-07
NCT03648697,UNKNOWN,2018-10-10,PHASE2,Fujian Cancer Hospital,OTHER_GOV,EBV-TCR-T (YT-E001) cells,Fludarabine;Cyclophosphamide,1,China,False,2026-09-07
NCT03799913,UNKNOWN,2019-04-10,EARLY_PHASE1,Zhejiang University,OTHER,anti-MESO CAR-T cells|Fludarabine|Cyclophosphamide,||,1,China,False,2026-09-07
NCT03648372,TERMINATED,2018-10-01,PHASE1|PHASE2,Takeda,INDUSTRY,TAK-981,,8,United States,True,2026-09-07
NCT03602612,COMPLETED,2018-09-14,PHASE1,National Cancer Institute (NCI),NIH,Cyclophosphamide|Fludarabine|Anti-B Cell Maturation Antigen (BCMA) chimeric antigen receptors (CARs) T cells,Cytoxan|Fludara|,1,United States,True,2026-09-07
NCT03681951,TERMINATED,2018-11-16,PHASE2,GlaxoSmithKline,INDUSTRY,GSK3145095|Pembrolizumab,|,6,United States,True,2026-09-07
NCT03692429,RECRUITING,2018-11-28,PHASE1,Celyad Oncology SA,INDUSTRY,CYAD-101|FOLFOX|FOLFIRI,||,4,Belgium|United States,True,2026-09-07
NCT03638206,UNKNOWN,2018-03-01,PHASE1|PHASE2,Shenzhen BinDeBio Ltd.,INDUSTRY,CAR-T cell immunotherapy,,1,China,False,2026-09-07
NCT03796390,UNKNOWN,2018-12-26,PHASE1,"Hebei Senlang Biotechnology Inc., Ltd.",INDUSTRY,CD123 CAR-T cells,,1,China,False,2026-09-07
NCT03872479,UNKNOWN,2019-09-26,PHASE1|PHASE2,"Editas Medicine, Inc.",INDUSTRY,EDIT-101,,5,United States,True,2026-09-07
NCT03919240,ACTIVE_NOT_RECRUITING,2015-12-01,PHASE1|PHASE2,The First Affiliated Hospital of Soochow University,OTHER,CAR T-cell therapy,,1,China,False,2026-09-07
NCT04011293,UNKNOWN,2019-07,EARLY_PHASE1,Shandong University,OTHER,CNCT19,,1,China,False,2026-09-07
NCT04004637,UNKNOWN,2019-08-25,PHASE1,"PersonGen BioTherapeutics (Suzhou) Co., Ltd.",INDUSTRY,CD7 CAR-T cells infusion,,1,China,False,2026-09-07
NCT03999697,UNKNOWN,2018-12-01,PHASE1,"PersonGen BioTherapeutics (Suzhou) Co., Ltd.",INDUSTRY,Autologous chimeric antigen receptor T cell transfusing agent targeting CD22,,1,China,False,2026-09-07
NCT03840317,UNKNOWN,2019-01-02,PHASE1,"Hebei Senlang Biotechnology Inc., Ltd.",INDUSTRY,Autologous CD19-targeting CAR T cells,,1,China,False,2026-09-07
NCT03852498,COMPLETED,2019-01-24,PHASE3,Genetix Biotherapeutics Inc.,INDUSTRY,Lenti-D,elivaldogene autotemcel;eli-cel,8,France|Germany|Italy|Netherlands|United Kingdom|United States,True,2026-09-07
NCT04082910,UNKNOWN,2019-09-15,PHASE1|PHASE2,Chinese PLA General Hospital,OTHER,"Metoprolol|metoprolol, infliximab, etanercept, tocilizumab and/or other agents",|,1,China,False,2026-09-07
NCT03984968,ACTIVE_NOT_RECRUITING,2017-07-10,PHASE1|PHASE2,The First Affiliated Hospital of Soochow University,OTHER,ssCART-19 cells combined with CD19+ feeding T cells (FTCs) infusion|ssCART-19 cells combined with CD19+ feeding T cells (FTCs) infusion|ssCART-19 cells combined with CD19+ feeding T cells (FTCs) infusion|ssCART-19 cells combined with CD19+ feeding T cells (FTCs) infusion,|||,1,China,False,2026-09-07
NCT04071366,COMPLETED,2020-02-07,PHASE2,Incyte Corporation,INDUSTRY,Itacitinib|Immune effector cell therapy|Placebo|Yescarta,INCB039110|CAR-T cell therapy||axicabtagene ciloleucel KTE-C19,10,United States,True,2026-09-07
NCT03954106,TERMINATED,2019-10-04,PHASE2,Jazz Pharmaceuticals,INDUSTRY,Defibrotide,,5,United States,True,2026-09-07
NCT03994705,TERMINATED,2019-08-01,PHASE1,Cartesian Therapeutics,INDUSTRY,Descartes-11|Fludarabine|Cyclophosphamide,||,2,United States,True,2026-09-07
NCT04007029,ACTIVE_NOT_RECRUITING,2019-10-04,PHASE1,Jonsson Comprehensive Cancer Center,OTHER,Chimeric Antigen Receptor T-Cell Therapy|Cyclophosphamide|Fludarabine Phosphate|Tocilizumab,"CAR T Infusion;CAR T Therapy;CAR T-cell therapy;Chimeric Antigen Receptor T-cell Infusion|(-)-Cyclophosphamide;2H-1,3,2-Oxazaphosphorine, 2-[bis(2-chloroethyl)amino]tetrahydro-, 2-oxide, monohydrate;Carloxan;Ciclofosfamida;Ciclofosfamide;Cicloxal;Clafen;Claphene;CP (cyclophosphamide) monohydrate;CTX (cytoxan);CYCLO-cell;Cycloblastin;Cycloblastine;Cyclophospham;Cyclophosphamid monohydrate;Cyclophosphamidum;Cyclophosphan;Cyclophosphane;Cyclophosphanum;Cyclostin;Cyclostine;Cytophosphan;Cytophosphane;Cytoxan;Fosfaseron;Genoxal;Genuxal;Ledoxina;Mitoxan;Neosar;Revimmune;Syklofosfamid;WR- 138719|2-F-ara-AMP fludarabine: 2-Fluoroadenine 9-beta-D-Arabinofuranoside 5'-Monophosphate;9H-Purin-6-amine, 2-fluoro-9-(5-O-phosphono-.beta.-D-arabinofuranosyl)-;Beneflur;Fludara;SH T 586|Actemra;Immunoglobulin G1, Anti-(Human Interleukin 6 Receptor) (Human-Mouse Monoclonal MRA Heavy Chain), Disulfide with Human-Mouse Monoclonal MRA Kappa-Chain, Dimer;MRA (myeloma receptor antibody);R-1569;RoActemra",1,United States,True,2026-09-07
NCT03881774,UNKNOWN,2019-02-27,PHASE1,Henan Cancer Hospital,OTHER_GOV,CAR-T cells,cord blood derived CAR-T cells,2,China,False,2026-09-07
NCT04033302,NOT_YET_RECRUITING,2026-12-31,PHASE1|PHASE2,Shenzhen Geno-Immune Medical Institute,OTHER,CD7-specific CAR gene-engineered T cells,,1,China,False,2026-09-07
NCT04029038,WITHDRAWN,2019-05-15,PHASE1|PHASE2,M.D. Anderson Cancer Center,OTHER,Autologous CD19/CD22 Chimeric Antigen Receptor T-cells|Cyclophosphamide|Fludarabine,"Autologous Anti-CD19/CD22 CAR-T Cells;Autologous CD19/CD22 CAR T Cells;Autologous CD19/CD22 CAR T-cells;Autologous CD19/CD22 Chimeric Antigen Receptor T Cells|(-)-Cyclophosphamide;2H-1,3,2-Oxazaphosphorine, 2-[bis(2-chloroethyl)amino]tetrahydro-, 2-oxide, monohydrate;Carloxan;Ciclofosfamida;Ciclofosfamide;Cicloxal;Clafen;Claphene;CP monohydrate;CTX;CYCLO-cell;Cycloblastin;Cycloblastine;Cyclophospham;Cyclophosphamid monohydrate;Cyclophosphamidum;Cyclophosphan;Cyclophosphane;Cyclophosphanum;Cyclostin;Cyclostine;Cytophosphan;Cytophosphane;Cytoxan;Fosfaseron;Genoxal;Genuxal;Ledoxina;Mitoxan;Neosar;Revimmune;Syklofosfamid;WR- 138719|Fluradosa",1,United States,True,2026-09-07
NCT03866109,TERMINATED,2019-03-05,PHASE1|PHASE2,Genenta Science,INDUSTRY,Temferon,,3,Italy,True,2026-09-07
NCT04035434,TERMINATED,2019-07-22,PHASE1|PHASE2,CRISPR Therapeutics AG,INDUSTRY,CTX110,,33,Australia|Canada|France|Germany|Spain|United States,True,2026-09-07
NCT03975907,UNKNOWN,2019-06-10,PHASE1|PHASE2,"CARsgen Therapeutics Co., Ltd.",INDUSTRY,CAR-BCMA T Cells,,23,China,False,2026-09-07
NCT03873805,ACTIVE_NOT_RECRUITING,2019-08-20,PHASE1,City of Hope Medical Center,OTHER,Autologous Anti-PSCA-CAR-4-1BB/TCRzeta-CD19t-expressing T-lymphocytes|Cyclophosphamide|Fludarabine|Fludarabine Phosphate,"Autologous Anti-PSCA(dCH2)BBz-CAR T-cells;Autologous Anti-PSCA-CAR-4-1BB/TCRzeta-CD19t-expressing T-cells;PSCA(dCH2)BBzeta-CAR T-cells|(-)-Cyclophosphamide;2H-1,3,2-Oxazaphosphorine, 2-[bis(2-chloroethyl)amino]tetrahydro-, 2-oxide, monohydrate;Carloxan;Ciclofosfamida;Ciclofosfamide;Cicloxal;Clafen;Claphene;CP monohydrate;CTX;CYCLO-cell;Cycloblastin;Cycloblastine;Cyclophospham;Cyclophosphamid monohydrate;Cyclophosphamide Monohydrate;Cyclophosphamidum;Cyclophosphan;Cyclophosphane;Cyclophosphanum;Cyclostin;Cyclostine;Cytophosphan;Cytophosphane;Cytoxan;Fosfaseron;Genoxal;Genuxal;Ledoxina;Mitoxan;Neosar;Revimmune;Syklofosfamid;WR- 138719|Fluradosa|2-F-ara-AMP;9H-Purin-6-amine, 2-fluoro-9-(5-O-phosphono-.beta.-D-arabinofuranosyl)-;Beneflur;Fludara;SH T 586",1,United States,True,2026-09-07
NCT03960840,ACTIVE_NOT_RECRUITING,2019-06-26,PHASE1|PHASE2,Novartis Pharmaceuticals,INDUSTRY,Rapcabtagene autoleucel single agent|Ibrutinib,|,37,Australia|Austria|France|Germany|Italy|Japan|Spain|United States,True,2026-09-07
NCT03958656,COMPLETED,2019-06-13,PHASE1,National Cancer Institute (NCI),NIH,Cyclophosphamide|Fludarabine|Rimiducid|Anti-Signaling lymphocytic activation molecule F7 (SLAMF7) chimeric antigen receptor (CAR) T cells,Cytoxan|Fludara|AP1903|,1,United States,True,2026-09-07
NCT04014881,UNKNOWN,2019-07-06,PHASE1,"Union Hospital, Tongji Medical College, Huazhong University of Science and Technology",OTHER,Third-generation anti-CD123 CAR-T cells,,1,China,False,2026-09-07
NCT04077866,UNKNOWN,2023-06-01,PHASE1|PHASE2,"Second Affiliated Hospital, Zhejiang University, School of Medicine",OTHER,Temozolomide|B7-H3 CAR-T,TMZ|,3,China,False,2026-09-07
NCT03915184,ACTIVE_NOT_RECRUITING,2019-09-25,PHASE1|PHASE2,"CARsgen Therapeutics Co., Ltd.",INDUSTRY,zevor-cel,CAR-BCMA T Cell Infusion,13,Canada|United States,True,2026-09-07
NCT03961243,NOT_YET_RECRUITING,2027-06-01,PHASE1,Shenzhen Geno-Immune Medical Institute,OTHER,YUVA-GT-F901,,1,China,False,2026-09-07
NCT04025216,TERMINATED,2019-10-10,PHASE1,"Kite, A Gilead Company",INDUSTRY,CART-TnMUC1|Cyclophosphamide|Fludarabine,||,10,United States,True,2026-09-07
NCT04012892,UNKNOWN,2019-05-01,PHASE1,Chinese PLA General Hospital,OTHER,CD19 CART,,1,China,False,2026-09-07
NCT03980288,COMPLETED,2019-07-23,PHASE1,Zhejiang University,OTHER,CAR-GPC3 T Cells,,1,China,False,2026-09-07
NCT04045847,UNKNOWN,2019-05-30,EARLY_PHASE1,Xijing Hospital,OTHER,CD147-CART,anti-CD147 chimeric antigen receptor T cells,1,China,False,2026-09-07
NCT03853616,ACTIVE_NOT_RECRUITING,2018-11-26,PHASE1,Miltenyi Biomedicine GmbH,INDUSTRY,MB-CART19.1,CD19-targeting CAR T cells;Anti-CD19 CAR T cells,9,Germany,True,2026-09-07
NCT04010877,TERMINATED,2025-08-01,PHASE1|PHASE2,Shenzhen Geno-Immune Medical Institute,OTHER,"CLL-1, CD33 and/or CD123-specific CAR gene-engineered T cells",,1,China,False,2026-09-07
NCT04037241,WITHDRAWN,2021-11-01,PHASE2|PHASE3,"Sorrento Therapeutics, Inc.",INDUSTRY,Anti-CEA CAR-T cells|gemcitabine/nab paclitaxel|NLIR+FU/FA|Capecitabine,SureFire Precision Infusion System;K171355;TriSalus PEDD|Gemzar;Abraxane|Onivyde;Adrucil;Leucovorin|Xeloda,0,,False,2026-09-07
NCT03997383,COMPLETED,2019-09-04,PHASE3,Alnylam Pharmaceuticals,INDUSTRY,Placebo|Patisiran,|ALN-TTR02;patisiran-lipid nanoparticle (LNP),90,Argentina|Australia|Belgium|Brazil|Bulgaria|Chile|Czechia|Denmark|France|Hong Kong|Italy|Japan|Mexico|Netherlands|New Zealand|Poland|Portugal|South Korea|Sweden|Taiwan|United Kingdom|United States,True,2026-09-07
NCT03897361,COMPLETED,2019-07-08,PHASE1|PHASE2,"University of California, San Diego",OTHER,CTNS-RD-04 (including CTNS-RD-04-LB manufactured with LentiBOOST),,1,United States,True,2026-09-07
NCT03907527,ACTIVE_NOT_RECRUITING,2019-04-30,PHASE1,"Precigen, Inc",INDUSTRY,PRGN-3005 UltraCAR-T cells|PRGN-3005 UltraCAR-T cells,|,2,United States,True,2026-09-07
NCT03882840,RECRUITING,2019-01-01,PHASE1|PHASE2,Second Affiliated Hospital of Guangzhou Medical University,OTHER,ITNK cell therapy,,1,China,False,2026-09-07
NCT03939026,COMPLETED,2019-05-01,PHASE1,Allogene Therapeutics,INDUSTRY,ALLO-501|ALLO-647|Fludarabine|Cyclophosphamide,|||,7,United States,True,2026-09-07
NCT04030195,COMPLETED,2020-03-24,PHASE1|PHASE2,"Precision BioSciences, Inc.",INDUSTRY,PBCAR20A|Fludarabine|Cyclophosphamide,Allogeneic Anti-CD20 CAR T cells||,5,United States,True,2026-09-07
NCT04037566,UNKNOWN,2019-08,PHASE1,Xijing Hospital,OTHER,XYF19 CAR-T cell|Cyclophosphamide|Fludarabine,||,1,China,False,2026-09-07
NCT03943472,UNKNOWN,2019-07-08,EARLY_PHASE1,"Hrain Biotechnology Co., Ltd.",INDUSTRY,Anti-BCMA CAR-T cells|Fludarabine|Cyclophosphamide|Immune inhibitors,|||,1,China,False,2026-09-07
NCT03980691,COMPLETED,2017-12-01,PHASE1,Guangzhou 8th People's Hospital,OTHER,Chidamide with CAR-T or TCR-T cell therapy,,1,China,False,2026-09-07
NCT03874897,COMPLETED,2019-03-26,PHASE1,Peking University,OTHER,CAR-CLDN18.2 T-Cells|PD-1 Monoclonal Antibody|Chemotherapy,Chimeric Antigen Receptor T Cells Targeting Claudin18.2|Toripalimab|,3,China,False,2026-09-07
NCT04014894,UNKNOWN,2019-06-12,PHASE1,"Union Hospital, Tongji Medical College, Huazhong University of Science and Technology",OTHER,ET019003-T Cells,,1,China,False,2026-09-07
NCT03829540,RECRUITING,2020-07-09,PHASE1,Huda Salman,OTHER,CD4CAR,,6,United States,True,2026-09-07
NCT03861273,ACTIVE_NOT_RECRUITING,2019-07-29,PHASE3,Pfizer,INDUSTRY,PF-06838435/ fidanacogene elaparvovec,,67,Australia|Brazil|Canada|France|Germany|Greece|Italy|Japan|Saudi Arabia|South Korea|Spain|Sweden|Taiwan|Turkey (Türkiye)|United Kingdom|United States,True,2026-09-07
NCT03929172,COMPLETED,2019-02-28,PHASE1,2A Pharma AB,INDUSTRY,AAVLP-HPV|Placebo,2AP01|,1,United Kingdom,True,2026-09-07
NCT03879382,UNKNOWN,2019-02-27,PHASE1,"Hrain Biotechnology Co., Ltd.",INDUSTRY,anti-CD19/BCMA CAR-T cells|Fludarabine|Cyclophosphamide,||,1,China,False,2026-09-07
NCT03932565,UNKNOWN,2019-02-13,PHASE1,The Sixth Affiliated Hospital of Wenzhou Medical University,OTHER,CAR-T therapy for nectin4-positive malignant solid tumor,,2,China,False,2026-09-07
NCT04007978,UNKNOWN,2019-08-05,PHASE1,"Union Hospital, Tongji Medical College, Huazhong University of Science and Technology",OTHER,Third generation CAR-T cells,,1,China,False,2026-09-07
NCT04020575,RECRUITING,2020-01-15,PHASE1,Minerva Biotechnologies Corporation,INDUSTRY,huMNC2-CAR44 CAR T cells or huMNC2-CAR22 CAR T cells|huMNC2-CAR44 CAR T cells or huMNC2-CAR22 CAR T cells @ RP2D,|,1,United States,True,2026-09-07
NCT03971799,ACTIVE_NOT_RECRUITING,2020-01-08,PHASE1|PHASE2,Center for International Blood and Marrow Transplant Research,NETWORK,CD33CART autologous|CD33CART allogeneic,|,6,United States,True,2026-09-07
NCT04008251,UNKNOWN,2019-05-27,PHASE1,"Wuhan Sian Medical Technology Co., Ltd",INDUSTRY,Second generation humanized CAR-T cells,,1,China,False,2026-09-07
NCT04036019,COMPLETED,2019-08-20,PHASE1,"Shanghai Tongji Hospital, Tongji University School of Medicine",OTHER,CD20-directed CAR-T cells with CliniMACS Prodigy® system,C-CAR066,1,China,False,2026-09-07
NCT03825783,WITHDRAWN,2019-04-15,PHASE1,Rocket Pharmaceuticals Inc.,INDUSTRY,RP-L201,,1,Spain,True,2026-09-07
NCT03927261,ACTIVE_NOT_RECRUITING,2019-05-20,PHASE1,"Precigen, Inc",INDUSTRY,PRGN-3006 T Cells,,2,United States,True,2026-09-07
NCT04008394,UNKNOWN,2019-07-03,PHASE1,"Union Hospital, Tongji Medical College, Huazhong University of Science and Technology",OTHER,Anti-CD30 CAR T cells,,1,China,False,2026-09-07
NCT04035525,UNKNOWN,2020-03-04,NA,Mélanie Plourde,OTHER,MaxSimil® fish oil + CoQ10|Rice bran oil + CoQ10|CoQ10 as powder form,||,1,Canada,False,2026-09-07
NCT03938987,RECRUITING,2021-03-03,PHASE1|PHASE2,University of Alberta,OTHER,autologous CD19-directed chimeric antigen receptor (CAR) T-cells,,6,Canada,False,2026-09-07
NCT03952637,RECRUITING,2019-08-19,PHASE1|PHASE2,National Human Genome Research Institute (NHGRI),NIH,AAV9-GLB1|Abdominal ultrasound|Rituximab|Sirolimus|Methylprednisolone|Prednisone|Audiology assessment with ABR|Bone density scan (DEXA)|Electrocardiogram (EKG)|Echocardiogram|Electroencephalogram (EEG) awake and extended overnight|Laboratory tests|Lumbar puncture|Brain MRI/MRS/fMRI|Neurocognitive testing|Neurology exam|PICC or other Central line placement|Skeletal survey|Skin biopsy|Speech and modified barium swallow study|Ophthalmology exam,||||||||||||||||||||,1,United States,True,2026-09-07
NCT03837483,ACTIVE_NOT_RECRUITING,2019-01-21,PHASE3,Fondazione Telethon,OTHER,OTL-103,,2,Italy|United States,True,2026-09-07
NCT03893019,TERMINATED,2019-03-08,EARLY_PHASE1,Miltenyi Biomedicine GmbH,INDUSTRY,MB-CART20.1,CD20-targeting CAR T cells;anti-CD20 CAR T cells,1,Germany,True,2026-09-07
NCT03896854,UNKNOWN,2017-10-18,PHASE1|PHASE2,"Shanghai Unicar-Therapy Bio-medicine Technology Co.,Ltd",INDUSTRY,CART-19,,1,China,False,2026-09-07
NCT03875495,TERMINATED,2019-03-06,PHASE1|PHASE2,Genenta Science,INDUSTRY,Temferon,,1,Italy,True,2026-09-07
NCT03964792,COMPLETED,2019-11-12,PHASE1|PHASE2,Assistance Publique - Hôpitaux de Paris,OTHER,DREPAGLOBE drug product,,1,France,True,2026-09-07
NCT04067414,COMPLETED,2018-06-08,PHASE1,"Institute of Hematology & Blood Diseases Hospital, China",OTHER,BZ019,,1,China,False,2026-09-07
NCT03881761,UNKNOWN,2019-02-01,PHASE1,Henan Cancer Hospital,OTHER_GOV,CD19/CD20 bispecific CAR-T cells,,2,China,False,2026-09-07
NCT03932955,UNKNOWN,2019-05-01,PHASE1,Peking University,OTHER,MC-19PD1 CAR-T cells,,1,China,False,2026-09-07
NCT03882437,UNKNOWN,2019-04-17,PHASE1,Rocket Pharmaceuticals Inc.,INDUSTRY,RP-A501,,3,United States,True,2026-09-07
NCT03910842,UNKNOWN,2019-03-21,EARLY_PHASE1,Timmune Biotech Inc.,INDUSTRY,CD19-TriCAR-T/SILK,,1,China,False,2026-09-07
NCT03941626,UNKNOWN,2019-09-01,PHASE1|PHASE2,Shenzhen BinDeBio Ltd.,INDUSTRY,CAR-T/TCR-T cells immunotherapy,,1,China,False,2026-09-07
NCT04069533,UNKNOWN,2019-11-28,PHASE2,Rocket Pharmaceuticals Inc.,INDUSTRY,RP-L102,,2,Spain|United Kingdom,True,2026-09-07
NCT03929107,UNKNOWN,2019-03-28,PHASE2,Wenbin Qian,OTHER,Interleukin-7 and Chemokine (C-C Motif) Ligand 19-expressing CD19-CAR-T cells,,1,China,False,2026-09-07
NCT04049383,TERMINATED,2020-10-16,PHASE1,Medical College of Wisconsin,OTHER,CAR-20/19-T cells (5 x 10^5 CAR-20/19-T cells/kg)|CAR-20/19-T cells (1 x10^6 CAR-20/19-T cells/kg)|CAR-20/19-T cells (2.5 x10^6 CAR-20/19-T cells/kg)|CAR-20/19-T cells,|||,1,United States,True,2026-09-07
NCT04083495,RECRUITING,2019-09-17,PHASE2,UNC Lineberger Comprehensive Cancer Center,OTHER,ATLCAR.CD30 T cells|Bendamustine|Fludarabine|Cyclophosphamide,|Bendeka||,2,United States,True,2026-09-07
NCT03937544,RECRUITING,2019-03-19,PHASE2|PHASE3,National University of Malaysia,OTHER,CD19 CAR-T CELLS|Cyclophosphamide|Fludarabine,||,1,Malaysia,False,2026-09-07
NCT03931421,UNKNOWN,2019-07-31,PHASE2,First Affiliated Hospital of Zhejiang University,OTHER,CAR-T treatment,,1,China,False,2026-09-07
NCT03993743,UNKNOWN,2019-05-27,PHASE1,Xijing Hospital,OTHER,CD147-CART,anti-CD147 chimeric antigen receptor T cell,1,China,False,2026-09-07
NCT04016129,NOT_YET_RECRUITING,2027-07-01,PHASE1|PHASE2,Shenzhen Geno-Immune Medical Institute,OTHER,4SCAR-CD22/CD123/CD38/CD10/CD20/TSLPR,,1,China,False,2026-09-07
NCT03994913,COMPLETED,2019-08-14,PHASE1|PHASE2,"CARsgen Therapeutics Co., Ltd.",INDUSTRY,CAR-CD19 T Cells,,2,China,False,2026-09-07
NCT04051216,COMPLETED,2017-12-20,NA,University of Michigan Rogel Cancer Center,OTHER,Education information system|Activity monitor|Interview|Survey Administration|Laboratory Biomarker Analysis,Roadmap information system||||,1,United States,True,2026-09-07
NCT04013802,RECRUITING,2021-03-08,PHASE1,Baylor College of Medicine,OTHER,HLA-matched VSTs,,2,United States,True,2026-09-07
NCT04003168,UNKNOWN,2019-07-01,PHASE1,"Hrain Biotechnology Co., Ltd.",INDUSTRY,Human BCMA targeted T Cells Injection,,3,China,False,2026-09-07
NCT03854994,UNKNOWN,2018-08-01,PHASE1,Yan'an Affiliated Hospital of Kunming Medical University,OTHER,Anti-CD19 CAR-T Cells Injection,KD-019 CAR-T cells Injection,1,China,False,2026-09-07
NCT04034446,TERMINATED,2019-09-30,EARLY_PHASE1,"Institute of Hematology & Blood Diseases Hospital, China",OTHER,CD19-CD22 CAR-T cells,,1,China,False,2026-09-07
NCT03884751,COMPLETED,2019-08-15,PHASE1,"CARsgen Therapeutics Co., Ltd.",INDUSTRY,CAR-GPC3 T Cells,Chimeric Antigen Receptor T Cells Targeting Glypican-3,6,China,False,2026-09-07
NCT03870945,COMPLETED,2019-02-25,PHASE1,Miltenyi Biomedicine GmbH,INDUSTRY,MB-CART2019.1 Dose level 1|MB-CART2019.1 Dose level 2,CD2019-targeting CAR T cells;Anti-CD2019 CAR T cells|CD2019-targeting CAR T cells;Anti-CD2019 CAR T cells,3,Germany,True,2026-09-07
NCT04048434,UNKNOWN,2021-06,NA,Hannover Medical School,OTHER,Cytosorb,,2,Germany|Switzerland,True,2026-09-07
NCT03952923,COMPLETED,2019-08-01,PHASE1,Hebei Yanda Ludaopei Hospital,OTHER,CD19-CAR-T cells,,1,China,False,2026-09-07
NCT03837873,UNKNOWN,2019-01-21,PHASE2,"Institute of Hematology & Blood Diseases Hospital, China",OTHER,Rituximab|Etoposide|Vincristine|Doxorubicin|Dexamethasone|Cyclophosphamide|Lenalidomide|Cisplatin|Cytarabine,||||||||,6,China,False,2026-09-07
NCT03904069,WITHDRAWN,2023-03-13,PHASE1,Amgen,INDUSTRY,AMG 553,,3,United States,True,2026-09-07
NCT04012879,UNKNOWN,2019-05-01,PHASE1,Chinese PLA General Hospital,OTHER,CD19 CART,,1,China,False,2026-09-07
NCT03919526,COMPLETED,2019-08-11,PHASE1,"Shanghai General Hospital, Shanghai Jiao Tong University School of Medicine",OTHER,anti-CD19/CD22 CAR-T cells|Fludarabine|Cyclophosphamide,||,1,China,False,2026-09-07
NCT03960060,TERMINATED,2019-05-16,PHASE1,"Shanghai PerHum Therapeutics Co., Ltd.",INDUSTRY,CCT301-59,,1,China,False,2026-09-07
NCT04046224,COMPLETED,2019-07-23,PHASE1|PHASE2,Sangamo Therapeutics,INDUSTRY,ST-920,,18,Australia|Canada|Germany|Italy|Taiwan|United Kingdom|United States,True,2026-09-07
NCT04003649,ACTIVE_NOT_RECRUITING,2019-12-02,PHASE1,City of Hope Medical Center,OTHER,IL13Ralpha2-specific Hinge-optimized 4-1BB-co-stimulatory CAR/Truncated CD19-expressing Autologous TN/MEM Cells|Ipilimumab|Nivolumab|Quality-of-Life Assessment|Questionnaire Administration,IL13 [EQ]BBzeta/truncated CD19[t]+ Naive and Memory T Cells;IL13 [EQ]BBzeta/truncated CD19[t]+ TN/MEM Cells;IL13Ra2-specific-hinge-optimized-4-1BB-CAR/truncated CD19-expressing Autologous TN/MEM Lymphocytes|Anti-Cytotoxic T-Lymphocyte-Associated Antigen-4 Monoclonal Antibody;BMS-734016;MDX-010;MDX-CTLA4;Yervoy|BMS-936558;MDX-1106;NIVO;ONO-4538;Opdivo|Quality of Life Assessment|,1,United States,True,2026-09-07
NCT03916679,UNKNOWN,2019-04-20,PHASE1|PHASE2,"Second Affiliated Hospital, Zhejiang University, School of Medicine",OTHER,anti-MESO CAR-T cells,Fludarabine 30mg/m2/d;Cyclophosphamide 300mg/m2/d,1,China,False,2026-09-07
NCT03851146,COMPLETED,2016-11-24,PHASE1,"Peter MacCallum Cancer Centre, Australia",OTHER,LeY CAR T cells,,1,Australia,False,2026-09-07
NCT04049513,ACTIVE_NOT_RECRUITING,2019-10-11,PHASE1,Malaghan Institute of Medical Research,OTHER,WZTL002-1 (1928T2z CAR-T cells)|Cyclophosphamide and Fludarabine lymphodepleting chemotherapy,|,1,New Zealand,False,2026-09-07
NCT03902197,UNKNOWN,2019-04-22,PHASE2,"Xuanwu Hospital, Beijing",OTHER,CD19 hsCAR-T,,2,China,False,2026-09-07
NCT04109482,TERMINATED,2020-02-17,PHASE1|PHASE2,Mustang Bio,INDUSTRY,MB-102|Fludarabine|Cyclophosphamide,CD123 CAR-T|Fludara|Cytoxan,4,United States,True,2026-09-07
NCT04184414,UNKNOWN,2018-01-09,EARLY_PHASE1,"PersonGen BioTherapeutics (Suzhou) Co., Ltd.",INDUSTRY,CD19-CART,Targeting hcd19 chimeric antigen receptor,1,China,False,2026-09-07
NCT04121273,UNKNOWN,2019-10-05,PHASE1,The Affiliated Nanjing Drum Tower Hospital of Nanjing University Medical School,OTHER,CAR-T cell immunotherapy,,1,China,False,2026-09-07
NCT04231747,COMPLETED,2020-05-21,PHASE1,"Juno Therapeutics, a Subsidiary of Celgene",INDUSTRY,CC-97540,,14,Canada|United States,True,2026-09-07
NCT04236011,UNKNOWN,2020-01-16,EARLY_PHASE1,Shanghai Changzheng Hospital,OTHER,GC012F injection,,1,China,False,2026-09-07
NCT04085159,TERMINATED,2026-06-01,PHASE1|PHASE2,Shenzhen Geno-Immune Medical Institute,OTHER,Antigen-specific T cells CART/CTL and DCvac,,1,China,False,2026-09-07
NCT04268706,ACTIVE_NOT_RECRUITING,2021-02-01,PHASE2,Tessa Therapeutics,INDUSTRY,CD30.CAR-T|Fludarabine|Bendamustine,|Fludara|Bendeka,5,United States,True,2026-09-07
NCT04136756,COMPLETED,2019-10-07,PHASE1,Nektar Therapeutics,INDUSTRY,NKTR-255|NKTR-255 Q21|Rituximab|Daratumumab,||RITUXAN(R)|DARZALEX FASPRO(TM),13,United States,True,2026-09-07
NCT04196413,RECRUITING,2020-06-04,PHASE1,Stanford University,OTHER,GD2 CAR T cells|Fludarabine|Cyclophosphamide|Rituximab,|||,1,United States,True,2026-09-07
NCT04213469,COMPLETED,2020-03-13,NA,Bioray Laboratories,INDUSTRY,PD1 specific integrated anti-CD19 Chimeric Antigen Receptor T Cells,PD1-CD19-CART,1,China,False,2026-09-07
NCT04162119,UNKNOWN,2019-07-07,PHASE2,Chinese PLA General Hospital,OTHER,BCMA-PD1-CART Cell,,1,China,False,2026-09-07
NCT04280133,UNKNOWN,2020-05-25,NA,Massachusetts General Hospital,OTHER,Educational Video Tool,,1,United States,True,2026-09-07
NCT04194931,UNKNOWN,2019-12-01,PHASE1,The First Affiliated Hospital of Nanchang University,OTHER,Autologous BCMA CAR-T cells and CD19 CAR-T cells,,1,China,False,2026-09-07
NCT04219319,TERMINATED,2021-12-15,PHASE1,The First Affiliated Hospital with Nanjing Medical University,OTHER,Efficacy of LCAR-T2C CAR-T cells,,3,China,False,2026-09-07
NCT04237428,UNKNOWN,2019-05-31,NA,"PersonGen BioTherapeutics (Suzhou) Co., Ltd.",INDUSTRY,CD19 CAR-T cells infusion,,1,China,False,2026-09-07
NCT04120493,ACTIVE_NOT_RECRUITING,2019-09-06,PHASE1|PHASE2,UniQure Biopharma B.V.,INDUSTRY,intra-striatal rAAV5-miHTT|Imitation (sham) surgery,AMT-130|,12,United States,True,2026-09-07
NCT04088864,COMPLETED,2020-01-10,PHASE1,Kara Lynn Davis,OTHER,Fludarabine|Cyclophosphamide|Autologous CD22 CAR T,||,1,United States,True,2026-09-07
NCT04240314,COMPLETED,2020-01-15,PHASE1|PHASE2,Megan Waldrop,OTHER,scAAV9.U7.ACCA,,1,United States,True,2026-09-07
NCT04133636,ACTIVE_NOT_RECRUITING,2019-11-07,PHASE2,"Janssen Research & Development, LLC",INDUSTRY,JNJ-68284528|Lenalidomide|Daratumumab|Bortezomib|Dexamethasone,Ciltacabtagene autoleucel (cilta-cel)||||,47,Belgium|France|Germany|Israel|Netherlands|Saudi Arabia|Spain|United States,True,2026-09-07
NCT04248439,ACTIVE_NOT_RECRUITING,2020-07-15,PHASE2,Rocket Pharmaceuticals Inc.,INDUSTRY,RP-L102,,2,United States,True,2026-09-07
NCT04148430,ACTIVE_NOT_RECRUITING,2019-10-30,PHASE2,Memorial Sloan Kettering Cancer Center,OTHER,Anakinra,,2,United States,True,2026-09-07
NCT04240808,COMPLETED,2020-07-17,PHASE1,"University of Colorado, Denver",OTHER,UCD19 CAR T Cells,,1,United States,True,2026-09-07
NCT04201405,ACTIVE_NOT_RECRUITING,2020-01-07,PHASE1|PHASE2,University of Manchester,OTHER,Autologous CD34+ cells transduced with a lentiviral vector containing the human SGSH gene,,1,United Kingdom,True,2026-09-07
NCT04169022,COMPLETED,2019-07-10,NA,Centre Hospitalier Universitaire de Besancon,OTHER,Sample collection,,1,France,True,2026-09-07
NCT04093596,COMPLETED,2019-09-23,PHASE1,Allogene Therapeutics,INDUSTRY,ALLO-715|ALLO-647|Fludarabine|Cyclophosphamide|Nirogacestat,||||,11,United States,True,2026-09-07
NCT04272125,UNKNOWN,2019-12-01,PHASE1|PHASE2,"Chongqing Precision Biotech Co., Ltd",INDUSTRY,CD123 CAR-T cells,,1,China,False,2026-09-07
NCT04283227,ACTIVE_NOT_RECRUITING,2022-01-17,PHASE3,Orchard Therapeutics,INDUSTRY,OTL-200,,1,Italy,True,2026-09-07
NCT04097301,TERMINATED,2019-08-27,PHASE1|PHASE2,AGC Biologics S.p.A.,INDUSTRY,MLM-CAR44.1 T-cells at day 0 Single intravenous infusion,CAR-T cells,3,Czechia|Italy,True,2026-09-07
NCT04278131,RECRUITING,2020-02-06,PHASE1|PHASE2,Bionic Sight LLC,INDUSTRY,BS01,,1,United States,True,2026-09-07
NCT04169932,UNKNOWN,2019-11-22,EARLY_PHASE1,"Shanghai Longyao Biotechnology Inc., Ltd.",OTHER,CD20 CAR-T,,1,China,False,2026-09-07
NCT04219163,ACTIVE_NOT_RECRUITING,2020-07-09,PHASE1,Baylor College of Medicine,OTHER,CLL-1.CAR T cells,,1,United States,True,2026-09-07
NCT04223765,RECRUITING,2020-11-12,PHASE1,UNC Lineberger Comprehensive Cancer Center,OTHER,CAR.k.28|Fludarabine|Cyclophosphamide|Bendamustine,"Kappa Chimeric Antigen Receptor and CD28 Endodomain|FLUDARA|Cytoxan|Bendeka, Treanda",1,United States,True,2026-09-07
NCT04105166,COMPLETED,2020-07-06,PHASE1,Rocket Pharmaceuticals Inc.,INDUSTRY,RP-L301,,3,Spain|United States,True,2026-09-07
NCT04094766,WITHDRAWN,2017-08-01,PHASE1,Second Affiliated Hospital of Xi'an Jiaotong University,OTHER,Dual Specificity CD19 and CD22 CAR-T Cell Immunotherapy,,1,China,False,2026-09-07
NCT04162340,UNKNOWN,2019-07-11,PHASE1,iCell Gene Therapeutics,INDUSTRY,CD4 CAR T cells,,2,China,False,2026-09-07
NCT04215016,UNKNOWN,2019-12,PHASE1,Fujian Medical University,OTHER,Autologous humanized anti-CD19 and anti-CD20 dual specific CAR-T Cells,,1,China,False,2026-09-07
NCT04272151,UNKNOWN,2019-12-01,PHASE1|PHASE2,"Chongqing Precision Biotech Co., Ltd",INDUSTRY,BCMA CAR-T cells,,1,China,False,2026-09-07
NCT04214886,ACTIVE_NOT_RECRUITING,2019-12-31,PHASE1,Loyola University,OTHER,Fludarabine|Cyclophosphamide|CD19-CD34 CAR transduced T cells,||,1,United States,True,2026-09-07
NCT04135300,COMPLETED,2019-10-16,NA,"Institute of Hematology & Blood Diseases Hospital, China",OTHER,Single dose intravenous injection of BBM-H901,,1,China,False,2026-09-07
NCT04142619,TERMINATED,2019-11-21,PHASE1,Cellectis S.A.,INDUSTRY,UCARTCS1A,,8,United States,True,2026-09-07
NCT04205409,COMPLETED,2020-06-05,PHASE2,University of Washington,OTHER,Nivolumab,946414-94-4;BMS-936558;MDX-1106;NIVO;ONO-4538;Opdivo;CMAB819;Nivolumab Biosimilar CMAB819,1,United States,True,2026-09-07
NCT04176913,TERMINATED,2020-12-01,PHASE1,The First Affiliated Hospital with Nanjing Medical University,OTHER,LUCAR-20S CAR-T cells,,3,China,False,2026-09-07
NCT04214392,ACTIVE_NOT_RECRUITING,2020-02-26,PHASE1,City of Hope Medical Center,OTHER,Chlorotoxin (EQ)-CD28-CD3zeta-CD19t-expressing CAR T-lymphocytes (via ICT delivery)|Chlorotoxin (EQ)-CD28-CD3zeta-CD19t-expressing CAR T-lymphocytes (via ICT/ICV dual delivery),Chlorotoxin-CD28-CD3z-CD19t-expressing CAR T-cells|Chlorotoxin-CD28-CD3z-CD19t-expressing CAR T-cells,1,United States,True,2026-09-07
NCT04127578,ACTIVE_NOT_RECRUITING,2020-01-03,PHASE1|PHASE2,Prevail Therapeutics,INDUSTRY,LY3884961|Methylprednisolone|Sirolimus,||,15,Israel|United States,True,2026-09-07
NCT04260945,COMPLETED,2020-03-10,PHASE1,Hebei Yanda Ludaopei Hospital,OTHER,CD19/CD20 Dual-CAR-T cells,,1,China,False,2026-09-07
NCT04191941,UNKNOWN,2019-09-01,EARLY_PHASE1,Timmune Biotech Inc.,INDUSTRY,Novel CAR-T,,1,China,False,2026-09-07
NCT04244656,TERMINATED,2020-01-22,PHASE1,CRISPR Therapeutics AG,INDUSTRY,CTX120,,10,Australia|Canada|Spain|United States,True,2026-09-07
NCT04178382,UNKNOWN,2019-08-01,NA,Chinese Medical Association,NETWORK,PCR-CRISPR／Cas12a detection,,1,China,False,2026-09-07
NCT04196205,UNKNOWN,2019-12-01,PHASE1|PHASE2,The First Affiliated Hospital of Nanchang University,OTHER,Anti-CD19 CAR-T,,1,China,False,2026-09-07
NCT04182581,UNKNOWN,2019-10-15,EARLY_PHASE1,Xijing Hospital,OTHER,BCMA/CD19 Dual-Target CAR-T,,1,China,False,2026-09-07
NCT04089215,UNKNOWN,2019-06-11,PHASE2,"Shanghai Ming Ju Biotechnology Co., Ltd.",INDUSTRY,CD19-targeted Chimeric Antigen Receptor (CAR) T Cells,,10,China,False,2026-09-07
NCT04136275,COMPLETED,2020-06-19,PHASE1,"Marcela V. Maus, M.D.,Ph.D.",OTHER,CAR-37 T cells,,1,United States,True,2026-09-07
NCT04206943,UNKNOWN,2019-10-12,PHASE1|PHASE2,Acibadem University,OTHER,Car-T Cell Therapy,,1,Turkey (Türkiye),False,2026-09-07
NCT04276896,TERMINATED,2026-06-01,PHASE1|PHASE2,Shenzhen Geno-Immune Medical Institute,OTHER,Injection and infusion of LV-SMENP-DC vaccine and antigen-specific CTLs,,1,China,False,2026-09-07
NCT04283006,RECRUITING,2018-05-23,EARLY_PHASE1,He Huang,OTHER,CD20/CD22 dual Targeted CAR T-cells,CD20/CD22 dual Targeted CAR T-cells injection,1,China,False,2026-09-07
NCT04156243,UNKNOWN,2018-02-01,EARLY_PHASE1,iCell Gene Therapeutics,INDUSTRY,CD19 CARvac T cells,,2,China,False,2026-09-07
NCT04091737,TERMINATED,2019-10-02,PHASE1,CSL Behring,INDUSTRY,Autologous enriched CD34+ cell fraction that contains CD34+ cells transduced with lentiviral vector encoding human γ-globinG16D and short-hairpin RNA734,CSL200,1,United States,True,2026-09-07
NCT04260932,COMPLETED,2020-03-01,PHASE1,Hebei Yanda Ludaopei Hospital,OTHER,CD19/CD20 Dual-CAR-T cells,,1,China,False,2026-09-07
NCT04146051,ACTIVE_NOT_RECRUITING,2019-12-04,PHASE2,Cartesian Therapeutics,INDUSTRY,Descartes-08,,15,Canada|United States,True,2026-09-07
NCT04156178,UNKNOWN,2018-08-01,EARLY_PHASE1,iCell Gene Therapeutics,INDUSTRY,CD20-CD19 cCAR T cells,,2,China,False,2026-09-07
NCT04181827,ACTIVE_NOT_RECRUITING,2020-06-12,PHASE3,"Janssen Research & Development, LLC",INDUSTRY,Cilta-cel|Pomalidomide|Bortezomib|Dexamethasone|Daratumumab,||||,88,Australia|Belgium|Denmark|France|Germany|Greece|Israel|Italy|Japan|Netherlands|Poland|South Korea|Spain|Sweden|United Kingdom|United States,True,2026-09-07
NCT04153799,UNKNOWN,2019-11-01,PHASE1,Sun Yat-sen University,OTHER,CXCR5 modified EGFR Chimeric Antigen Receptor Autologous T cells,,1,China,False,2026-09-07
NCT04186052,UNKNOWN,2019-03-08,EARLY_PHASE1,"PersonGen BioTherapeutics (Suzhou) Co., Ltd.",INDUSTRY,BCMA-CART cells,,1,China,False,2026-09-07
NCT04271410,UNKNOWN,2019-06-01,PHASE1|PHASE2,"Chongqing Precision Biotech Co., Ltd",INDUSTRY,CD19 CAR-T cells,,1,China,False,2026-09-07
NCT04151186,UNKNOWN,2019-11-20,NA,suhaichuan,OTHER,TM4SF1- and EpCAM-positive chimeric antigen receptor T-cell therapy,,0,,False,2026-09-07
NCT04093648,WITHDRAWN,2020-01,PHASE1,Baylor College of Medicine,OTHER,TEGAR T cells|Cytoxan|Fludarabine,GPC3-CAR T cells|Cyclophosphamide|,0,,False,2026-09-07
NCT04283461,COMPLETED,2020-03-16,PHASE1,National Institute of Allergy and Infectious Diseases (NIAID),NIH,mRNA-1273,,3,United States,True,2026-09-07
NCT04156269,UNKNOWN,2018-08-31,EARLY_PHASE1,iCell Gene Therapeutics,INDUSTRY,BCMA-CS1 cCAR T cells,,2,China,False,2026-09-07
NCT04271800,UNKNOWN,2019-12-01,PHASE1|PHASE2,"Chongqing Precision Biotech Co., Ltd",INDUSTRY,CD19 CAR-T cells,,1,China,False,2026-09-07
NCT04234061,ACTIVE_NOT_RECRUITING,2020-04-07,PHASE2,"Peter MacCallum Cancer Centre, Australia",OTHER,ibrutinib and Tisagenlecleucel,,1,Australia,False,2026-09-07
NCT04204161,UNKNOWN,2019-10-08,PHASE1,Shenzhen BinDeBio Ltd.,INDUSTRY,CAR-T19/CAR-T22,,1,China,False,2026-09-07
NCT04186520,RECRUITING,2020-05-18,PHASE1|PHASE2,Medical College of Wisconsin,OTHER,8/12-Day Production of Car-T Cells|8/12-Day Production of Cryopreserved Car-T Cells|12-Day Production of Car-T Cells,||,1,United States,True,2026-09-07
NCT04264039,UNKNOWN,2020-04-01,EARLY_PHASE1,Xinqiao Hospital of Chongqing,OTHER,anti-CD19 UCAR-T cells|Fludarabine|Cytoxan|Melphalan,|||,1,China,False,2026-09-07
NCT04257578,ACTIVE_NOT_RECRUITING,2020-12-02,PHASE1|PHASE2,University of Washington,OTHER,Acalabrutinib|Axicabtagene Ciloleucel,1420477-60-6;ACP-196;Bruton Tyrosine Kinase Inhibitor ACP-196|KTE C19;KTE-C19;KTE-C19 CAR;Yescarta,1,United States,True,2026-09-07
NCT04134325,ACTIVE_NOT_RECRUITING,2019-09-01,EARLY_PHASE1,UNC Lineberger Comprehensive Cancer Center,OTHER,Nivolumab|Pembrolizumab,Opdivo|Keytruda,1,United States,True,2026-09-07
NCT04270461,WITHDRAWN,2020-03-17,PHASE1,Jiujiang University Affiliated Hospital,OTHER_GOV,NKG2D-based CAR T-cells,KD-025 CAR T-cells,1,China,False,2026-09-07
NCT04150913,COMPLETED,2020-10-01,PHASE2,"Marcela V. Maus, M.D.,Ph.D.",OTHER,Anakinra|Axicabtagene Ciloleucel,Kineret®|,2,United States,True,2026-09-07
NCT04163302,UNKNOWN,2019-07-07,PHASE2,Chinese PLA General Hospital,OTHER,CD19-PD1-CART Cell,,1,China,False,2026-09-07
NCT04271644,RECRUITING,2019-04-01,PHASE1|PHASE2,"Chongqing Precision Biotech Co., Ltd",INDUSTRY,BCMA CAR-T cells,,1,China,False,2026-09-07
NCT04150497,RECRUITING,2019-10-14,PHASE1|PHASE2,Cellectis S.A.,INDUSTRY,UCART22|CLLS52,|Alemtuzumab,19,France|United States,True,2026-09-07
NCT04163575,UNKNOWN,2020-02-01,PHASE1|PHASE2,Kecellitics Biotech Company Ltd,INDUSTRY,:Anti-CD22-CAR,,0,,False,2026-09-07
NCT04185038,RECRUITING,2019-12-11,PHASE1,Seattle Children's Hospital,OTHER,SCRI-CARB7H3(s); B7H3-specific chimeric antigen receptor (CAR) T cel,,1,United States,True,2026-09-07
NCT04107142,UNKNOWN,2019-12-01,PHASE1,CytoMed Therapeutics Pte Ltd,INDUSTRY,Adoptive Cell Transfer of NKG2DL-targetting Chimeric Antigen Receptor-grafted Gamma Delta T cell,,1,Malaysia,False,2026-09-07
NCT04160195,TERMINATED,2019-12-20,PHASE1,National Cancer Institute (NCI),NIH,Anti-cluster of differentiation 19 (CD19)-Chimeric Antigen Receptors (CAR) and Anti-cluster of differentiation 20 (CD20)-CAR T cells|Cyclophosphamide|Fludarabine,|Cytoxan|Fludara,1,United States,True,2026-09-07
NCT04227275,TERMINATED,2019-11-22,PHASE1,"Tceleron Therapeutics, Inc.",INDUSTRY,CART-PSMA-TGFβRDN|Cyclophosphamide|Fludarabine|Anakinra,|||,9,United States,True,2026-09-07
NCT04173988,UNKNOWN,2020-01-09,EARLY_PHASE1,Children's Hospital of Fudan University,OTHER,alloCART-19|Cyclophosphamide|Fludarabine,allogeneic CAR-T19|no other intervention names|no other intervention names,1,China,False,2026-09-07
NCT04265963,UNKNOWN,2019-09-01,PHASE1|PHASE2,"Chongqing Precision Biotech Co., Ltd",INDUSTRY,CD123 CAR-T cells,,1,China,False,2026-09-07
NCT04226989,UNKNOWN,2020-02-05,EARLY_PHASE1,He Huang,OTHER,CT-RD06,CT-RD06 CAR-T cell injection,1,China,False,2026-09-07
NCT04162353,RECRUITING,2019-07-01,PHASE1,iCell Gene Therapeutics,INDUSTRY,BCMA-CD19 cCAR T cells,,2,China,False,2026-09-07
NCT04145037,TERMINATED,2019-05-30,PHASE1|PHASE2,AVROBIO,INDUSTRY,AVR-RD-02,,5,Canada|United States,True,2026-09-07
NCT04088890,COMPLETED,2019-09-12,PHASE1,Matthew Frank,OTHER,Fludarabine|Cyclophosphamide|CD22 CAR,||,1,United States,True,2026-09-07
NCT04100187,UNKNOWN,2023-02-01,PHASE1,Kecellitics Biotech Company Ltd,INDUSTRY,Anti-CD19-CAR,,0,,False,2026-09-07
NCT04106076,WITHDRAWN,2019-07-11,PHASE1,Cellectis S.A.,INDUSTRY,UCART123,,0,,False,2026-09-07
NCT04205838,TERMINATED,2020-03-04,PHASE2,Jonsson Comprehensive Cancer Center,OTHER,Anakinra|Axicabtagene Ciloleucel|Cyclophosphamide|Fludarabine|Fludarabine Phosphate,"Kinaret;Kineret;rIL-1ra;rIL1RN|KTE C19;KTE-C19;KTE-C19 CAR;Yescarta|(-)-Cyclophosphamide;2H-1,3,2-Oxazaphosphorine, 2-[bis(2-chloroethyl)amino]tetrahydro-, 2-oxide, monohydrate;Carloxan;Ciclofosfamida;Ciclofosfamide;Cicloxal;Clafen;Claphene;CP monohydrate;CTX;CYCLO-cell;Cycloblastin;Cycloblastine;Cyclophospham;Cyclophosphamid monohydrate;Cyclophosphamide Monohydrate;Cyclophosphamidum;Cyclophosphan;Cyclophosphane;Cyclophosphanum;Cyclostin;Cyclostine;Cytophosphan;Cytophosphane;Cytoxan;Fosfaseron;Genoxal;Genuxal;Ledoxina;Mitoxan;Neosar;Revimmune;Syklofosfamid;WR- 138719|Fluradosa|2-F-ara-AMP;9H-Purin-6-amine, 2-fluoro-9-(5-O-phosphono-.beta.-D-arabinofuranosyl)-;Beneflur;Fludara;SH T 586",2,United States,True,2026-09-07
NCT04264078,UNKNOWN,2021-03-01,EARLY_PHASE1,Xinqiao Hospital of Chongqing,OTHER,CD7 UCAR-T cells|Fludarabine|Cytoxan|Melphalan,|||,1,China,False,2026-09-07
NCT04257175,UNKNOWN,2020-02-18,PHASE2|PHASE3,Sheba Medical Center,OTHER_GOV,CAR-T CD19,,1,Israel,False,2026-09-07
NCT04249947,TERMINATED,2020-02-28,PHASE1,"Poseida Therapeutics, Inc.",INDUSTRY,P-PSMA-101 CAR-T cells|Rimiducid,|,10,United States,True,2026-09-07
NCT04119024,RECRUITING,2025-10-07,PHASE1,Anusha Kalbasi,OTHER,Biopsy|Biospecimen Collection|Computed Tomography|Cyclophosphamide|Fludarabine Phosphate|Fludeoxyglucose F-18|IL13Ralpha2-specific Hinge-optimized 4-1BB-co-stimulatory CAR/Truncated CD19-expressing Autologous TN/MEM Cells|Magnetic Resonance Imaging|Positron Emission Tomography,"BIOPSY_TYPE;Bx|Biological Sample Collection;Biospecimen Collected;Specimen Collection|CAT;CAT Scan;Computed Axial Tomography;Computerized Axial Tomography;Computerized axial tomography (procedure);Computerized Tomography;Computerized Tomography (CT) scan;CT;CT Scan;tomography|(-)-Cyclophosphamide;2H-1,3,2-Oxazaphosphorine, 2-[bis(2-chloroethyl)amino]tetrahydro-, 2-oxide, monohydrate;Asta B 518;B-518;Carloxan;Ciclofosfamida;Ciclofosfamide;Cicloxal;Clafen;Claphene;CP monohydrate;CTX;CYCLO-cell;Cycloblastin;Cycloblastine;Cyclophospham;Cyclophosphamid monohydrate;Cyclophosphamide Monohydrate;Cyclophosphamidum;Cyclophosphan;Cyclophosphane;Cyclophosphanum;Cyclostin;Cyclostine;Cytophosphan;Cytophosphane;Cytoxan;Fosfaseron;Genoxal;Genuxal;Ledoxina;Mitoxan;Neosar;Revimmune;Syklofosfamid;WR- 138719;WR-138719|2-F-ara-AMP;9H-Purin-6-amine, 2-fluoro-9-(5-O-phosphono-.beta.-D-arabinofuranosyl)-;Beneflur;Fludara;SH T 586|18FDG;FDG;Fludeoxyglucose (18F);fludeoxyglucose F 18;Fludeoxyglucose F18;Fluorine-18 2-Fluoro-2-deoxy-D-Glucose;Fluorodeoxyglucose F18|IL13 [EQ]BBzeta/truncated CD19[t]+ Naive and Memory T Cells;IL13 [EQ]BBzeta/truncated CD19[t]+ TN/MEM Cells;IL13Ra2-specific-hinge-optimized-4-1BB-CAR/truncated CD19-expressing Autologous TN/MEM Lymphocytes|Magnetic Resonance;Magnetic Resonance Imaging (MRI);Magnetic resonance imaging (procedure);Magnetic Resonance Imaging Scan;Medical Imaging, Magnetic Resonance / Nuclear Magnetic Resonance;MR;MR Imaging;MRI;MRI Scan;MRIs;NMR Imaging;NMRI;Nuclear Magnetic Resonance Imaging;sMRI;Structural MRI|Medical Imaging, Positron Emission Tomography;PET;PET Scan;Positron emission tomography (procedure);Positron Emission Tomography Scan;Positron-Emission Tomography;proton magnetic resonance spectroscopic imaging;PT",3,United States,True,2026-09-07
NCT04129099,UNKNOWN,2019-10-22,EARLY_PHASE1,Hebei Yanda Ludaopei Hospital,OTHER,GC022F,,1,China,False,2026-09-07
NCT04099797,RECRUITING,2020-02-03,PHASE1,Baylor College of Medicine,OTHER,C7R-GD2.CART cells (IV and ICV infusion)|C7R-GD2.CART cells (IV and ICV infusion),|,1,United States,True,2026-09-07
NCT04500431,UNKNOWN,2018-07-01,PHASE1,"Shanghai Tongji Hospital, Tongji University School of Medicine",OTHER,Targeting CD269 chimeric antigen receptor engineered T cells,spCART-269,1,China,False,2026-09-07
NCT04295096,UNKNOWN,2020-04-01,NA,Jun Zhu,OTHER,Peripheral blood mononuclear cell apheresis,,1,China,False,2026-09-07
NCT04483440,ACTIVE_NOT_RECRUITING,2020-06-02,PHASE1,4D Molecular Therapeutics,INDUSTRY,4D-110,,2,United States,True,2026-09-07
NCT04510051,RECRUITING,2020-12-04,PHASE1,City of Hope Medical Center,OTHER,Cyclophosphamide|Fludarabine|IL13Ralpha2-specific Hinge-optimized 41BB-co-stimulatory CAR Truncated CD19-expressing Autologous T-Lymphocytes,"(-)-Cyclophosphamide;2H-1,3,2-Oxazaphosphorine, 2-[bis(2-chloroethyl)amino]tetrahydro-, 2-oxide, monohydrate;Carloxan;Ciclofosfamida;Ciclofosfamide;Cicloxal;Clafen;Claphene;CP monohydrate;CTX;CYCLO-cell;Cycloblastin;Cycloblastine;Cyclophospham;Cyclophosphamid monohydrate;Cyclophosphamide Monohydrate;Cyclophosphamidum;Cyclophosphan;Cyclophosphane;Cyclophosphanum;Cyclostin;Cyclostine;Cytophosphan;Cytophosphane;Cytoxan;Fosfaseron;Genoxal;Genuxal;Ledoxina;Mitoxan;Neosar;Revimmune;Syklofosfamid;WR- 138719|Fluradosa|Autologous IL13(EQ)BBzeta/CD19t+ TCM-enriched T Cells",3,United States,True,2026-09-07
NCT04411654,ACTIVE_NOT_RECRUITING,2021-06-29,PHASE1|PHASE2,Prevail Therapeutics,INDUSTRY,LY3884961|Methylprednisolone|Sirolimus|Prednisone,|||,6,United Kingdom|United States,True,2026-09-07
NCT04404660,ACTIVE_NOT_RECRUITING,2020-06-03,PHASE1|PHASE2,Autolus Limited,INDUSTRY,AUTO1,Obecabtagene autoleucel (obe-cel),34,Spain|United Kingdom|United States,True,2026-09-07
NCT04429438,NOT_YET_RECRUITING,2027-06-01,PHASE1|PHASE2,Shenzhen Geno-Immune Medical Institute,OTHER,4SCAR19 and 4SCAR20/22/70/PSMA/13/79b/GD2,,1,China,False,2026-09-07
NCT04531046,ACTIVE_NOT_RECRUITING,2021-03-10,PHASE2,The Lymphoma Academic Research Organisation,OTHER,axicabtagene ciloleucel,axi-cel,16,Belgium|France,True,2026-09-07
NCT04370054,ACTIVE_NOT_RECRUITING,2020-08-18,PHASE3,Pfizer,INDUSTRY,PF-07055480 (giroctocogene fitelparovec): Recombinant AAV2/6 Human Factor VIII Gene Therapy,Gene Therapy,45,Australia|Brazil|Canada|France|Germany|Greece|Italy|Japan|Saudi Arabia|South Korea|Spain|Sweden|Taiwan|Turkey (Türkiye)|United Kingdom|United States,True,2026-09-07
NCT04422912,RECRUITING,2020-09-29,PHASE1|PHASE2,Cabaletta Bio,INDUSTRY,DSG3-CAART|CABA-201,|,13,United States,True,2026-09-07
NCT04488354,COMPLETED,2021-01-21,PHASE1,"Calibr, a division of Scripps Research",OTHER,CLBR001 and SWI019,,8,United States,True,2026-09-07
NCT04486872,UNKNOWN,2020-07-25,PHASE1,First Affiliated Hospital of Zhejiang University,OTHER,Autologous humanized anti-CD19 and anti-CD20 dual specific CAR-T Cells,,1,China,False,2026-09-07
NCT04288726,ACTIVE_NOT_RECRUITING,2020-09-16,PHASE1,Baylor College of Medicine,OTHER,CD30.CAR-EBVST cells,Allogeneic CD30 Chimeric Antigen Receptor Epstein-Barr Virus-Specific T Lymphocytes,2,United States,True,2026-09-07
NCT04340167,COMPLETED,2020-05-01,PHASE2,Beijing Boren Hospital,OTHER,Autologous humanized anti-CD22 chimeric antigen receptor T cells,,1,China,False,2026-09-07
NCT04502446,TERMINATED,2020-07-31,PHASE1,CRISPR Therapeutics AG,INDUSTRY,CTX130,,10,Australia|Canada|United States,True,2026-09-07
NCT04432649,NOT_YET_RECRUITING,2027-06-01,PHASE1|PHASE2,Shenzhen Geno-Immune Medical Institute,OTHER,4SCAR-276,CD276-specific 4th Generation CART,1,China,False,2026-09-07
NCT04309981,UNKNOWN,2020-05-27,PHASE1|PHASE2,Sara V. Latorre,OTHER,Adult differentiated autologous T-cells with anti-BCMA specificity,CARTBCMA,7,Spain,True,2026-09-07
NCT04303520,UNKNOWN,2018-05-03,PHASE1,The Second Affiliated Hospital of Henan University of Traditional Chinese Medicine,OTHER,anti-CD19/CD22 CAR-T cells|Fludarabine|Cyclophosphamide,||,1,China,False,2026-09-07
NCT04516551,UNKNOWN,2020-11-20,PHASE1,Xinqiao Hospital of Chongqing,OTHER,anti-CD19 allo-CAR-T cells,,1,China,False,2026-09-07
NCT04429451,NOT_YET_RECRUITING,2026-12-31,PHASE1|PHASE2,Shenzhen Geno-Immune Medical Institute,OTHER,4SCAR-PSMA T cells,,1,China,False,2026-09-07
NCT04525352,TERMINATED,2020-11-19,PHASE1,Rocket Pharmaceuticals Inc.,INDUSTRY,RP-L401,,1,United States,True,2026-09-07
NCT04447573,UNKNOWN,2020-06-30,NA,"Hebei Senlang Biotechnology Inc., Ltd.",INDUSTRY,BCMA CAR-T,,2,China,False,2026-09-07
NCT04404595,ACTIVE_NOT_RECRUITING,2020-10-23,PHASE1|PHASE2,"CARsgen Therapeutics Co., Ltd.",INDUSTRY,CT041,,16,Canada|United States,True,2026-09-07
NCT04322292,COMPLETED,2019-09-12,PHASE1,"Institute of Hematology & Blood Diseases Hospital, China",OTHER,C-CAR088,,1,China,False,2026-09-07
NCT04394650,COMPLETED,2020-08-18,PHASE1,"Juno Therapeutics, a Subsidiary of Celgene",INDUSTRY,CC-98633,,11,United States,True,2026-09-07
NCT04314843,TERMINATED,2020-05-26,PHASE1,"Kite, A Gilead Company",INDUSTRY,Cyclophosphamide|Fludarabine|Lenzilumab|Axicabtagene Ciloleucel,||Humaneered® anti-human GM-CSF monoclonal antibody|Yescarta®,10,United States,True,2026-09-07
NCT04483778,ACTIVE_NOT_RECRUITING,2020-07-13,PHASE1,Seattle Children's Hospital,OTHER,second generation 4-1BBζ B7H3-EGFRt-DHFR|second generation 4-1BBζ B7H3-EGFRt-DHFR(selected) and a second generation 4-1BBζ CD19-Her2tG|Pembrolizumab,||,1,United States,True,2026-09-07
NCT04486833,RECRUITING,2021-09-03,PHASE1|PHASE2,"Genprex, Inc.",INDUSTRY,quaratusugene ozeplasmid|osimertinib|Platinum-Based Chemotherapy,Reqorsa|Tagrisso|cisplatin;carboplatin,10,United States,True,2026-09-07
NCT04512716,RECRUITING,2021-02-02,EARLY_PHASE1,Memorial Sloan Kettering Cancer Center,OTHER,131-I Apamistamab|CAR T-cell,Iomab-B|,7,United States,True,2026-09-07
NCT04489862,UNKNOWN,2020-05-13,EARLY_PHASE1,"Union Hospital, Tongji Medical College, Huazhong University of Science and Technology",OTHER,αPD1-MSLN-CAR T cells,,1,China,False,2026-09-07
NCT04359784,COMPLETED,2021-12-27,PHASE2,Fred Hutchinson Cancer Center,OTHER,Anakinra|X-Ray Imaging|Positron Emission Tomography|Computed Tomography|Bone Marrow Aspiration|Bone Marrow Biopsy|Lumbar Puncture|Biospecimen Collection,Kinaret;Kineret;rIL-1ra;rIL1RN;143090-92-0|Conventional X-Ray;Diagnostic Radiology;Medical Imaging;Radiographic Imaging|Medical Imaging;PET scan|CAT Scan;Computed Axial Tomography;CT scan|||LP;spinal tap|Biological Sample Collection,1,United States,True,2026-09-07
NCT04467853,TERMINATED,2020-09-21,PHASE1,Shanghai East Hospital,OTHER,LCAR-C18S cells,,3,China,False,2026-09-07
NCT04412174,UNKNOWN,2020-06,EARLY_PHASE1,Hebei Yanda Ludaopei Hospital,OTHER,GC022F,,1,China,False,2026-09-07
NCT04420754,ACTIVE_NOT_RECRUITING,2020-09-28,PHASE1,"AffyImmune Therapeutics, Inc.",INDUSTRY,AIC100 CAR T Cells,AIC100,4,United States,True,2026-09-07
NCT04430530,TERMINATED,2026-06-01,PHASE1|PHASE2,Shenzhen Geno-Immune Medical Institute,OTHER,Infusion of 4SCAR-T specific to CD22/CD123/CD38/ CD10/CD20,,1,China,False,2026-09-07
NCT04419909,WITHDRAWN,2026-05,PHASE1,University of Pennsylvania,OTHER,CD19 redirected autologous T cells (CTL019 or CTL119 cells),,1,United States,True,2026-09-07
NCT04406610,WITHDRAWN,2015-09-01,PHASE1|PHASE2,"Fuda Cancer Hospital, Guangzhou",OTHER,GD2 CAR-T immunotherapy,CAR-T for glioma,0,,False,2026-09-07
NCT04499573,ACTIVE_NOT_RECRUITING,2020-07-27,PHASE1|PHASE2,"Federal Research Institute of Pediatric Hematology, Oncology and Immunology",OTHER,CD19/CD22 CAR-T,Fludarabine;Cyclophosphamide;Cytarabine;Etoposide;Dexamethasone;Tocilizumab;Allogeneic HSCT,1,Russia,False,2026-09-07
NCT04503278,ACTIVE_NOT_RECRUITING,2020-09-16,PHASE1,BioNTech Cell & Gene Therapies GmbH,INDUSTRY,CLDN6 CAR-T|CLDN6 uRNA-LPX/CLDN6 modRNA-LPX,|,12,Australia|Germany|Netherlands|Sweden,True,2026-09-07
NCT04418427,COMPLETED,2020-05-28,PHASE2,"Adverum Biotechnologies, Inc.",INDUSTRY,6E11 vg/eye of ADVM-022|2E11 vg/eye of ADVM-022|Aflibercept,AAV.7m8-aflibercept|AAV.7m8-aflibercept|Eylea,14,Puerto Rico|United States,True,2026-09-07
NCT04480788,UNKNOWN,2020-11-24,PHASE1,"PersonGen BioTherapeutics (Suzhou) Co., Ltd.",INDUSTRY,T cell injection targeting CD7 chimeric antigen receptor,,1,China,False,2026-09-07
NCT04351022,UNKNOWN,2017-07-01,PHASE1|PHASE2,The First Affiliated Hospital of Soochow University,OTHER,CART-38,,1,China,False,2026-09-07
NCT04336501,UNKNOWN,2019-01-01,NA,"Beijing Immunochina Medical Science & Technology Co., Ltd.",INDUSTRY,IM19 CAR-T,,1,China,False,2026-09-07
NCT04289220,UNKNOWN,2020-03-15,PHASE1,Yan'an Affiliated Hospital of Kunming Medical University,OTHER,Anti-CD19 CAR-T Cells Injection,,1,China,False,2026-09-07
NCT04464200,ACTIVE_NOT_RECRUITING,2020-07-06,PHASE1,Memorial Sloan Kettering Cancer Center,OTHER,19(T2)28z1xx CAR T cells,,7,United States,True,2026-09-07
NCT04503980,UNKNOWN,2020-03-26,EARLY_PHASE1,"Shanghai Cell Therapy Group Co.,Ltd",INDUSTRY,αPD1-MSLN-CAR T cells,,1,China,False,2026-09-07
NCT04427449,TERMINATED,2026-06-01,PHASE1|PHASE2,Shenzhen Geno-Immune Medical Institute,OTHER,CD44v6-specific CAR gene-engineered T cells,,1,China,False,2026-09-07
NCT04418414,NOT_YET_RECRUITING,2024-09-01,PHASE1,"Expression Therapeutics, LLC",INDUSTRY,Gene therapy|Biological,CD68-ET3-LV CD34+|,0,,False,2026-09-07
NCT04377932,ACTIVE_NOT_RECRUITING,2021-08-08,PHASE1,Baylor College of Medicine,OTHER,AGAR T cells,GPC3-CAR T cells,1,United States,True,2026-09-07
NCT04408625,ACTIVE_NOT_RECRUITING,2020-11-09,PHASE1|PHASE2,Prevail Therapeutics,INDUSTRY,LY3884963|Methylprednisolone|Optional Sirolimus|Optional Prednisone,|||,12,Australia|Belgium|France|Spain|United Kingdom|United States,True,2026-09-07
NCT04299724,TERMINATED,2026-06-01,PHASE1,Shenzhen Geno-Immune Medical Institute,OTHER,Pathogen-specific aAPC,,1,China,False,2026-09-07
NCT04340154,TERMINATED,2020-05-01,PHASE2,Beijing Boren Hospital,OTHER,chimeric antigen receptor T cell,,1,China,False,2026-09-07
NCT04433221,NOT_YET_RECRUITING,2027-07-01,PHASE1|PHASE2,Shenzhen Geno-Immune Medical Institute,OTHER,Multiple sarcoma-specific CAR-T cells and sarcoma vaccines,,1,China,False,2026-09-07
NCT04324996,UNKNOWN,2020-02-21,PHASE1|PHASE2,Chongqing Public Health Medical Center,OTHER,"NK cells,IL15-NK cells,NKG2D CAR-NK cells,ACE2 CAR-NK cells,NKG2D-ACE2 CAR-NK cells",,1,China,False,2026-09-07
NCT04412889,UNKNOWN,2020-06,EARLY_PHASE1,Hebei Yanda Ludaopei Hospital,OTHER,BCMA/CD19 dual-target CAR-T cell immunotherapy,,1,China,False,2026-09-07
NCT04430595,NOT_YET_RECRUITING,2027-06-01,PHASE1|PHASE2,Shenzhen Geno-Immune Medical Institute,OTHER,4SCAR T cells,,1,China,False,2026-09-07
NCT04385173,UNKNOWN,2022-12-01,PHASE1,"Second Affiliated Hospital, Zhejiang University, School of Medicine",OTHER,B7-H3 CAR-T|Temozolomide,BP102|TMZ,1,China,False,2026-09-07
NCT04318327,TERMINATED,2020-07-23,PHASE1,Novartis Pharmaceuticals,INDUSTRY,PHE885,,9,Australia|Israel|Singapore|United States,True,2026-09-07
NCT04450069,COMPLETED,2020-08-14,PHASE1,"Calibr, a division of Scripps Research",OTHER,CLBR001 and SWI019,,8,United States,True,2026-09-07
NCT04499339,UNKNOWN,2020-07-22,PHASE1|PHASE2,Wuerzburg University Hospital,OTHER,SLAMF7 CAR-T,,3,France|Germany|Spain,True,2026-09-07
NCT04484012,RECRUITING,2020-12-31,PHASE2,City of Hope Medical Center,OTHER,Acalabrutinib|CD19CAR-CD28-CD3zeta-EGFRt-expressing Tn/mem-enriched T-lymphocytes,ACP-196;Bruton Tyrosine Kinase Inhibitor ACP-196;Calquence|CD19CAR-CD28-CD3zeta-EGFRt-expressing Tn/mem-enriched T Cells;CD19R(EQ)28zeta/EGFRt+ Naive and Memory T Cells;CD19R(EQ)28zetaEGFRt+ Tn/mem Cells,1,United States,True,2026-09-07
NCT04532281,RECRUITING,2020-11-01,EARLY_PHASE1,Zhejiang University,OTHER,Murine CD19 CAR-T cells,Murine CD19 CAR-T cells injection,1,China,False,2026-09-07
NCT04532203,RECRUITING,2020-11-01,EARLY_PHASE1,Zhejiang University,OTHER,CAR-T cells|Ommaya Reservoir,CAR-T cells injection|,1,China,False,2026-09-07
NCT04426669,COMPLETED,2020-05-15,PHASE1|PHASE2,"Intima Bioscience, Inc.",INDUSTRY,Cyclophosphamide|Fludarabine|Tumor-Infiltrating Lymphocytes (TIL)|Aldesleukin,"|||Interleukin-2, IL-2",1,United States,True,2026-09-07
NCT04293185,ACTIVE_NOT_RECRUITING,2020-02-14,PHASE3,Genetix Biotherapeutics Inc.,INDUSTRY,bb1111,"lovotibeglogene autotemcel;lovo-cel;LentiGlobin BB305 Drug Product for SCD;autologous CD34+ cell-enriched population from patients with SCD that contains HSCs transduced with BB305 LVV encoding the βA-T87Q-globin gene, suspended in cryopreservation solution",9,United States,True,2026-09-07
NCT04440436,RECRUITING,2020-06-04,PHASE1|PHASE2,"Beijing Immunochina Medical Science & Technology Co., Ltd.",INDUSTRY,IM19 CAR-T Cells,Fludarabine;Cyclophosphamide,1,China,False,2026-09-07
NCT04384393,UNKNOWN,2020-05-09,PHASE1,"Fundamenta Therapeutics, Ltd.",INDUSTRY,ThisCART19 cells,,2,China,False,2026-09-07
NCT04432506,COMPLETED,2020-07-27,PHASE2,M.D. Anderson Cancer Center,OTHER,Anakinra|Axicabtagene Ciloleucel|Cyclophosphamide|Fludarabine,"Kinaret;Kineret;rIL-1ra;rIL1RN|KTE C19;KTE-C19;KTE-C19 CAR;Yescarta|(-)-Cyclophosphamide;2H-1,3,2-Oxazaphosphorine, 2-[bis(2-chloroethyl)amino]tetrahydro-, 2-oxide, monohydrate;Carloxan;Ciclofosfamida;Ciclofosfamide;Cicloxal;Clafen;Claphene;CP monohydrate;CTX;CYCLO-cell;Cycloblastin;Cycloblastine;Cyclophospham;Cyclophosphamid monohydrate;Cyclophosphamide Monohydrate;Cyclophosphamidum;Cyclophosphan;Cyclophosphane;Cyclophosphanum;Cyclostin;Cyclostine;Cytophosphan;Cytophosphane;Cytoxan;Fosfaseron;Genoxal;Genuxal;Ledoxina;Mitoxan;Neosar;Revimmune;Syklofosfamid;WR- 138719|Fluradosa",1,United States,True,2026-09-07
NCT04416984,ACTIVE_NOT_RECRUITING,2020-05-21,PHASE1|PHASE2,Allogene Therapeutics,INDUSTRY,ALLO-501A|ALLO-647|Fludarabine|Cyclophosphamide,|||,29,Australia|Canada|United States,True,2026-09-07
NCT04303247,UNKNOWN,2020-05-01,EARLY_PHASE1,Xinqiao Hospital of Chongqing,OTHER,CD19 and CD22 targeted CAR-T cells,,1,China,False,2026-09-07
NCT04442022,ACTIVE_NOT_RECRUITING,2020-09-03,PHASE2|PHASE3,Karyopharm Therapeutics Inc,INDUSTRY,Selinexor (combination therapy)|Selinexor (combination therapy)|Selinexor (combination therapy)|Placebo matching for Selinexor (combination therapy)|Rituximab (combination therapy)|Rituximab (combination therapy)|Gemcitabine (combination therapy)|Dexamethasone (combination therapy)|Cisplatin (combination therapy)|Selinexor (continuous therapy)|Placebo matching for Selinexor (continuous therapy),||||||||||,38,China|Israel|Italy|Poland|Spain|United States,True,2026-09-07
NCT04513431,UNKNOWN,2020-08-30,EARLY_PHASE1,Ruijin Hospital,OTHER,Anti-CEA-CAR T,,0,,False,2026-09-07
NCT04532268,UNKNOWN,2020-08-23,EARLY_PHASE1,Zhejiang University,OTHER,Humanized CD19 CAR-T cells,Humanized CD19 CAR-T cells injection,1,China,False,2026-09-07
NCT04318379,UNKNOWN,2021-04-20,PHASE1,GeneCure Biotechnologies,INDUSTRY,HCVax,,1,United States,True,2026-09-07
NCT04506983,SUSPENDED,2022-06-10,PHASE1,Beijing Tsinghua Chang Gung Hospital,OTHER,GPC3-CAR-T cells,,1,China,False,2026-09-07
NCT04390542,WITHDRAWN,2021-06,NA,Case Comprehensive Cancer Center,OTHER,Psychoeducation,,0,,False,2026-09-07
NCT04417764,UNKNOWN,2019-06-20,PHASE1,Central South University,OTHER,Transcatheter arterial chemoembolization|PD-1 knockout engineered T cells,|,1,China,False,2026-09-07
NCT04311307,COMPLETED,2021-01-19,PHASE1|PHASE2,University Medical Center Groningen,OTHER,"[6,6-2H2]glucose",,1,Netherlands,True,2026-09-07
NCT04296461,UNKNOWN,2020-07-27,PHASE1,UWELL Biopharma,INDUSTRY,Welgenaleucel,UWC19,1,Taiwan,False,2026-09-07
NCT04316624,COMPLETED,2019-09-29,PHASE1,"Institute of Hematology & Blood Diseases Hospital, China",OTHER,C-CAR066,,1,China,False,2026-09-07
NCT04438083,TERMINATED,2020-06-16,PHASE1,CRISPR Therapeutics AG,INDUSTRY,CTX130,,7,Australia|Canada|Netherlands|United States,True,2026-09-07
NCT04443829,ACTIVE_NOT_RECRUITING,2021-03-23,PHASE1,"University College, London",OTHER,CD19CAR T-cells,,1,United Kingdom,True,2026-09-07
NCT04325841,COMPLETED,2022-03-24,PHASE2,Beijing Boren Hospital,OTHER,Murine autologous anti-CD19 chimeric antigen receptor T cells,,1,China,False,2026-09-07
NCT04410900,COMPLETED,2020-08-03,PHASE1,Fred Hutchinson Cancer Center,OTHER,Wistar Rabies Virus Strain PM-1503-3M Vaccine|Biospecimen Collection,Imovax Rabies|Biological Sample Collection;Biospecimen Collected,1,United States,True,2026-09-07
NCT04447547,UNKNOWN,2020-06-30,NA,"Hebei Senlang Biotechnology Inc., Ltd.",INDUSTRY,CD19 CAR-T,,2,China,False,2026-09-07
NCT04337606,UNKNOWN,2020-04-04,PHASE1|PHASE2,Chinese PLA General Hospital,OTHER,Chidamide|Decitabine|Camrelizumab,||,1,China,False,2026-09-07
NCT04394286,TERMINATED,2020-05-13,PHASE1|PHASE2,Baxalta now part of Shire,INDUSTRY,SHP648,TAK748;AAV8.ss-3xCRM8-TTR-FIX_R338Lopt,2,Spain|Turkey (Türkiye),True,2026-09-07
NCT04514029,ACTIVE_NOT_RECRUITING,2020-08-06,EARLY_PHASE1,"Masonic Cancer Center, University of Minnesota",OTHER,Simvastatin|Dexamethasone,|,1,United States,True,2026-09-07
NCT04381741,UNKNOWN,2020-06-18,PHASE1,"Second Affiliated Hospital, Zhejiang University, School of Medicine",OTHER,CD19-7×19 CAR-T plus PD1 monoclonal antibody,,1,China,False,2026-09-07
NCT04286815,UNKNOWN,2020-05-01,NA,Children's Hospital of Chongqing Medical University,OTHER,Lentiviral Vector Gene Therapy,,1,China,False,2026-09-07
NCT04526834,ACTIVE_NOT_RECRUITING,2021-09-08,PHASE1,Tessa Therapeutics,INDUSTRY,CD30.CAR-T,CD30-directed genetically modified autologous T cells,4,United States,True,2026-09-07
NCT04287660,UNKNOWN,2017-10-19,PHASE3,The First Affiliated Hospital of Soochow University,OTHER,"clarithromycin, lenalidomide, dexamethasone and autologous BCMA-directed CAR T-cells",,1,China,False,2026-09-07
NCT04348643,WITHDRAWN,2020-02-20,PHASE1|PHASE2,"Chongqing Precision Biotech Co., Ltd",INDUSTRY,CEA CAR-T cells,,2,China,False,2026-09-07
NCT04480567,ACTIVE_NOT_RECRUITING,2020-09-24,PHASE1|PHASE2,BioMarin Pharmaceutical,INDUSTRY,BMN 307,,3,United Kingdom|United States,True,2026-09-07
NCT04443907,TERMINATED,2020-08-25,PHASE1,Novartis Pharmaceuticals,INDUSTRY,OTQ923|OTQ923,Adult Part A|Children 2-17 years old - Part B,3,United States,True,2026-09-07
NCT04318678,RECRUITING,2020-07-29,PHASE1,St. Jude Children's Research Hospital,OTHER,CD123-CAR T|Cyclophosphamide|Fludarabine|Mesna|Rituximab,CD123-CAR T cells|Cytoxan|Fludara||Rituxan,2,United States,True,2026-09-07
NCT04503538,WITHDRAWN,2020-12,NA,Wake Forest University Health Sciences,OTHER,Telemedicine visit,,0,,False,2026-09-07
NCT04473937,TERMINATED,2021-01-05,NA,Massachusetts General Hospital,OTHER,Radiotherapy,,1,United States,True,2026-09-07
NCT04511871,ACTIVE_NOT_RECRUITING,2020-07-09,PHASE1,"Shanghai PerHum Therapeutics Co., Ltd.",INDUSTRY,CCT303-406,,1,China,False,2026-09-07
NCT04295018,UNKNOWN,2019-10-23,PHASE1,Peking Union Medical College Hospital,OTHER,C-CAR088,,1,China,False,2026-09-07
NCT04626752,UNKNOWN,2020-04-01,EARLY_PHASE1,"Hebei Senlang Biotechnology Inc., Ltd.",INDUSTRY,BCMA CAR-T|Fludarabine|Cyclophosphamide,senl_BCMA|flu|ctx,1,China,False,2026-09-07
NCT04627740,COMPLETED,2020-12-01,PHASE1|PHASE2,Xinqiao Hospital of Chongqing,OTHER,Retroviral vector-transduced autologous T cells to express anti-ALPP CARs,,1,China,False,2026-09-07
NCT04649983,UNKNOWN,2019-09-01,PHASE1|PHASE2,"Chongqing Precision Biotech Co., Ltd",INDUSTRY,CD19 and CD22 targeted CAR-T cells,,1,China,False,2026-09-07
NCT04676048,RECRUITING,2022-08-03,PHASE1|PHASE2,ASC Therapeutics,INDUSTRY,ASC618,,1,United States,True,2026-09-07
NCT04665076,UNKNOWN,2020-10-22,NA,"Hebei Senlang Biotechnology Inc., Ltd.",INDUSTRY,"Auto CAR-T|Cyclophosphamide,Fludarabine|Leukapheresis",||,1,China,False,2026-09-07
NCT04697940,ACTIVE_NOT_RECRUITING,2021-04-15,PHASE1|PHASE2,Han weidong,OTHER,Decitabine-primed Tandem CAR19/20 engineered T cells|Fludarabine|Cyclophosphamide,|Fludarabine Phosphate for Injection|Cyclophosphamide for Injection,1,China,False,2026-09-07
NCT04581473,ACTIVE_NOT_RECRUITING,2020-10-23,PHASE1|PHASE2,"CARsgen Therapeutics Co., Ltd.",INDUSTRY,CT041 autologous CAR T-cell injection|Physician's Choice（Paclitaxel or Irinotecan or Apatinib or Anti-PD-1 antibody）,CAR T-cell injection|Best support care(BSC),24,China,False,2026-09-07
NCT04534634,UNKNOWN,2019-04-01,PHASE2,The First Affiliated Hospital of Soochow University,OTHER,IFN-α combined with CAR-T cell therapy,CAR-T cell therapy,1,China,False,2026-09-07
NCT04639739,UNKNOWN,2020-12-17,EARLY_PHASE1,Xinqiao Hospital of Chongqing,OTHER,anti-CD19 CAR NK,,1,China,False,2026-09-07
NCT04560790,COMPLETED,2020-11-04,NA,"Shanghai BDgene Co., Ltd.",INDUSTRY,BD111 Adult single group Dose,,1,China,False,2026-09-07
NCT04577326,ACTIVE_NOT_RECRUITING,2020-09-30,PHASE1,Memorial Sloan Kettering Cancer Center,OTHER,cyclophosphamide|CAR T cells,|,1,United States,True,2026-09-07
NCT04555551,ACTIVE_NOT_RECRUITING,2020-09-08,PHASE1,Memorial Sloan Kettering Cancer Center,OTHER,Infusion of MCARH109 T cells,,7,United States,True,2026-09-07
NCT04546906,UNKNOWN,2020-09-01,NA,"Hebei Senlang Biotechnology Inc., Ltd.",INDUSTRY,CD22 CAR-T,,2,China,False,2026-09-07
NCT04702841,UNKNOWN,2020-06-03,EARLY_PHASE1,"PersonGen BioTherapeutics (Suzhou) Co., Ltd.",INDUSTRY,Chimeric antigen receptor modified γδ T cells,CAR-γδT cell infusion,1,China,False,2026-09-07
NCT04599556,UNKNOWN,2021-04-01,PHASE1,Zhejiang University,OTHER,anti-CD7 CAR-T,,1,China,False,2026-09-07
NCT04601974,NOT_YET_RECRUITING,2024-09,PHASE1|PHASE2,"University College, London",OTHER,lentiviral gene therapy,,0,,False,2026-09-07
NCT04544592,RECRUITING,2021-03-10,PHASE1|PHASE2,"University of Colorado, Denver",OTHER,CD19CAR-CD3Zeta-4-1BB-Expressing Autologous T-Lymphocyte Cells,,1,United States,True,2026-09-07
NCT04546893,UNKNOWN,2020-09-01,NA,"Hebei Senlang Biotechnology Inc., Ltd.",INDUSTRY,CD19 CAR-T,,2,China,False,2026-09-07
NCT04650724,COMPLETED,2018-10-11,EARLY_PHASE1,"PersonGen BioTherapeutics (Suzhou) Co., Ltd.",INDUSTRY,T cell infusion agent targeting BCMA chimeric antigen receptor,,1,China,False,2026-09-07
NCT04599543,NOT_YET_RECRUITING,2020-11-15,EARLY_PHASE1,Zhejiang University,OTHER,IL3 CAR T-cells,IL3 CAR-T cells injection,1,China,False,2026-09-07
NCT04550663,UNKNOWN,2020-09-25,PHASE1,The Affiliated Nanjing Drum Tower Hospital of Nanjing University Medical School,OTHER,KD-025 CAR-T cells,,1,China,False,2026-09-07
NCT04648475,UNKNOWN,2020-08-25,PHASE1|PHASE2,"Chongqing Precision Biotech Co., Ltd",INDUSTRY,CD19 and CD22 targeted CAR-T cells,,1,China,False,2026-09-07
NCT04660929,UNKNOWN,2021-02-02,PHASE1,Carisma Therapeutics Inc,INDUSTRY,CT-0508|Pembrolizumab,|Keytruda,7,United States,True,2026-09-07
NCT04609241,NOT_YET_RECRUITING,2020-11-15,EARLY_PHASE1,Zhejiang University,OTHER,CD79b CAR-T Cells,,1,China,False,2026-09-07
NCT04669535,TERMINATED,2021-01-15,PHASE1,Terence Flotte,OTHER,AXO-AAV-GM2 Starting Dose|AXO-AAV-GM2 Low Dose|AXO-AAV-GM2 Middle Dose|AXO-AAV-GM2 High Dose,AAVrh8-HEXA and AAVrh8-HEXB|AAVrh8-HEXA and AAVrh8-HEXB|AAVrh8-HEXA and AAVrh8-HEXB|AAVrh8-HEXA and AAVrh8-HEXB,2,United States,True,2026-09-07
NCT04637503,NOT_YET_RECRUITING,2026-12-31,PHASE1|PHASE2,Shenzhen Geno-Immune Medical Institute,OTHER,"GD2, PSMA and CD276 CAR-T cells",,1,China,False,2026-09-07
NCT04665063,UNKNOWN,2020-10-22,NA,"Hebei Senlang Biotechnology Inc., Ltd.",INDUSTRY,"Auto CAR-T|Cyclophosphamide,Fludarabine|Leukapheresis",||,1,China,False,2026-09-07
NCT04689659,COMPLETED,2021-12-01,PHASE2,Beijing Boren Hospital,OTHER,chimeric antigen receptor T cell treatment,,1,China,False,2026-09-07
NCT04610125,UNKNOWN,2020-06-23,NA,"Hebei Senlang Biotechnology Inc., Ltd.",INDUSTRY,"Auto CAR-T|Cyclophosphamide,Fludarabine|Leukapheresis",||,1,China,False,2026-09-07
NCT04594135,UNKNOWN,2020-12-01,PHASE1,iCell Gene Therapeutics,INDUSTRY,anti-CD5 CAR T cells,,1,China,False,2026-09-07
NCT04684563,ACTIVE_NOT_RECRUITING,2021-05-06,PHASE1,University of Pennsylvania,OTHER,huCART19-IL18,,1,United States,True,2026-09-07
NCT04700319,UNKNOWN,2019-04-19,EARLY_PHASE1,"PersonGen BioTherapeutics (Suzhou) Co., Ltd.",INDUSTRY,CD19/CD20 CAR-T cell infusion,Targeting CD19、CD20 autologous chimeric antigen receptor T cells#,1,China,False,2026-09-07
NCT04601051,COMPLETED,2020-11-05,PHASE1,Intellia Therapeutics,INDUSTRY,NTLA-2001,,4,France|New Zealand|Sweden|United Kingdom,True,2026-09-07
NCT04626739,UNKNOWN,2020-04-01,EARLY_PHASE1,"Hebei Senlang Biotechnology Inc., Ltd.",INDUSTRY,CD19 CAR-T|CD22 CAR-T|CD19+CD22 CAR-T|Fludarabine|Cyclophosphamide,Senl_19|Senl_22|Senl_19+22|flu|ctx,1,China,False,2026-09-07
NCT04658004,NOT_YET_RECRUITING,2021-01-15,EARLY_PHASE1,Zhejiang University,OTHER,NKG2D CAR T-cells,NKG2D CAR-T cells injection,1,China,False,2026-09-07
NCT04557436,COMPLETED,2020-08-12,PHASE1,Great Ormond Street Hospital for Children NHS Foundation Trust,OTHER,PBLTT52CAR19,,1,United Kingdom,True,2026-09-07
NCT04648046,RECRUITING,2021-03-01,PHASE1|PHASE2,Steven Deeks,OTHER,"Cyclophosphamide|LVgp120duoCAR-T cells, low dose|LVgp120duoCAR-T cells, high dose|Analytic Treatment Interruption",|||,2,United States,True,2026-09-07
NCT04661020,RECRUITING,2020-12-03,PHASE2,Zhejiang University,OTHER,CD19 CAR-T cells,CD19 CAR-T cells injection,1,China,False,2026-09-07
NCT04691349,UNKNOWN,2020-09-27,EARLY_PHASE1,"PersonGen BioTherapeutics (Suzhou) Co., Ltd.",INDUSTRY,CAR-T,,1,China,False,2026-09-07
NCT04706936,UNKNOWN,2021-04-01,PHASE1,"Second Affiliated Hospital, Zhejiang University, School of Medicine",OTHER,anti-BCMA CAR-T|Cyclophosphamid|Fludarabine,CBG-002 CAR-T||,1,China,False,2026-09-07
NCT04553393,UNKNOWN,2020-09-09,PHASE1|PHASE2,Chinese PLA General Hospital,OTHER,Chidamide|Decitabine|Chidamide and Decitabine|Decitabine-primed Tandem CAR19/20 engineered T cells,cohort 2|cohort 3|cohort 4|cohort 1,1,China,False,2026-09-07
NCT04684459,RECRUITING,2021-03-12,EARLY_PHASE1,Sichuan University,OTHER,Dual-targeting HER2 and PD-L1 CAR-T cells,,1,China,False,2026-09-07
NCT04556669,UNKNOWN,2020-08-01,PHASE1,"Hebei Senlang Biotechnology Inc., Ltd.",INDUSTRY,Autologous aPD-L1 armored anti-CD22 CAR T cells,,1,China,False,2026-09-07
NCT04661384,ACTIVE_NOT_RECRUITING,2021-03-05,PHASE1,City of Hope Medical Center,OTHER,IL13Ralpha2-specific Hinge-optimized 41BB-co-stimulatory CAR Truncated CD19-expressing Autologous T-Lymphocytes,Autologous IL13(EQ)BBzeta/CD19t+ TCM-enriched T Cells,1,United States,True,2026-09-07
NCT04662099,UNKNOWN,2020-03-25,PHASE1,"Union Hospital, Tongji Medical College, Huazhong University of Science and Technology",OTHER,Conditioning chemotherapy followed by CAR T cell infusion,,1,China,False,2026-09-07
NCT04696432,COMPLETED,2020-11-27,PHASE1,Tianjin Medical University Cancer Institute and Hospital,OTHER,Prizloncabtagene autoleucel,C-CAR039,1,China,False,2026-09-07
NCT04653649,UNKNOWN,2020-09-29,PHASE1|PHASE2,Fundació Institut de Recerca de l'Hospital de la Santa Creu i Sant Pau,OTHER,HSP-CAR30,,1,Spain,True,2026-09-07
NCT04684940,COMPLETED,2020-12-10,PHASE1|PHASE2,BioMarin Pharmaceutical,INDUSTRY,Valoctocogene roxaparvovec,BMN 270 (GENEr8),9,Brazil|Israel|South Korea|Taiwan|Turkey (Türkiye)|United Kingdom|United States,True,2026-09-07
NCT04556266,WITHDRAWN,2021-07-01,PHASE1,Memorial Sloan Kettering Cancer Center,OTHER,CAR T-Cell Infusion,,1,United States,True,2026-09-07
NCT04690595,ACTIVE_NOT_RECRUITING,2021-05-18,PHASE1,"PeproMene Bio, Inc.",INDUSTRY,BAFFR-CAR T cells,,1,United States,True,2026-09-07
NCT04638270,UNKNOWN,2020-11-21,EARLY_PHASE1,Xinqiao Hospital of Chongqing,OTHER,anti-CD19 FasT CAR-T cells,,1,China,False,2026-09-07
NCT04566276,COMPLETED,2021-05-03,PHASE1|PHASE2,Chulalongkorn University,OTHER,ChulaCov19 vaccine|Placebo,|,2,Thailand,False,2026-09-07
NCT04655677,COMPLETED,2020-10-30,PHASE1,Peking Union Medical College Hospital,OTHER,Prizloncabtagene Autoleucel,C-CAR039,1,China,False,2026-09-07
NCT04601181,UNKNOWN,2020-10-23,PHASE1,"Fundamenta Therapeutics, Ltd.",INDUSTRY,ThisCART22 cells injection,,1,China,False,2026-09-07
NCT04712864,UNKNOWN,2021-09-13,PHASE1,Legend Biotech USA Inc,INDUSTRY,LB1901,,4,United States,True,2026-09-07
NCT04677452,UNKNOWN,2020-12,PHASE1,The First Affiliated Hospital of Soochow University,OTHER,JWCAR129,,1,China,False,2026-09-07
NCT04613557,ACTIVE_NOT_RECRUITING,2020-11-16,PHASE1,Celyad Oncology SA,INDUSTRY,CYAD-211|Endoxan|Fludara,|cyclophosphamide|Fludarabine,5,Belgium|United States,True,2026-09-07
NCT04537442,UNKNOWN,2020-09-03,PHASE1,"Beijing Immunochina Medical Science & Technology Co., Ltd.",INDUSTRY,IM21 CAR-T cells,,1,China,False,2026-09-07
NCT04637269,UNKNOWN,2020-11-17,EARLY_PHASE1,Xinqiao Hospital of Chongqing,OTHER,anti-BCMA CAR-T,,1,China,False,2026-09-07
NCT04684472,UNKNOWN,2021-03-17,PHASE1,Liqun Zou,OTHER,Modified anti-CD19 CAR T cells,,1,China,False,2026-09-07
NCT04629729,ACTIVE_NOT_RECRUITING,2021-07-12,PHASE1,Fate Therapeutics,INDUSTRY,FT819|Cyclophosphamide|Fludarabine|IL-2|Bendamustine,||Fludara|Interleukin-2|Bendeka;Treanda,18,United States,True,2026-09-07
NCT04675996,TERMINATED,2020-12-18,PHASE1,InteRNA,INDUSTRY,INT-1B3,,4,Belgium|Netherlands,True,2026-09-07
NCT04703686,COMPLETED,2021-03-30,PHASE2,The Lymphoma Academic Research Organisation,OTHER,Obinutuzumab|RO7082859,gazyva|glofitamab,19,France,True,2026-09-07
NCT04657965,NOT_YET_RECRUITING,2021-01-15,EARLY_PHASE1,Zhejiang University,OTHER,LMP1 CAR T-cells,LMP1 CAR-T cells injection,1,China,False,2026-09-07
NCT04640909,UNKNOWN,2021-10-01,NA,Gruppo Italiano Malattie EMatologiche dell'Adulto,OTHER,Peripheral blood samples withdrawal,,2,Italy,True,2026-09-07
NCT04603872,RECRUITING,2020-11-01,EARLY_PHASE1,Zhejiang University,OTHER,CD19/BCMA Targeted CAR T-cells and dasatinib|CD19/BCMA Targeted CAR T-cells,Administration of CD19/BCMA Targeted CAR T-cells and dasatinib|CD19/BCMA Targeted CAR T-cells infusion,1,China,False,2026-09-07
NCT04693598,ACTIVE_NOT_RECRUITING,2021-11-05,PHASE1|PHASE2,"Forge Biologics, Inc",INDUSTRY,FBX-101,AAVrh.10-hGALC,1,United States,True,2026-09-07
NCT04561557,RECRUITING,2020-09-22,EARLY_PHASE1,Tongji Hospital,OTHER,CT103A cells|Cyclophosphamide and fludarabine,|,1,China,False,2026-09-07
NCT04617704,UNKNOWN,2021-12-01,EARLY_PHASE1,Shanghai Changzheng Hospital,OTHER,GC012F injection,,1,China,False,2026-09-07
NCT04657861,RECRUITING,2022-05-03,EARLY_PHASE1,Zhejiang University,OTHER,APRIL CAR-T cells,APRIL CAR-T cells injection,1,China,False,2026-09-07
NCT04539366,SUSPENDED,2022-01-25,PHASE1,National Cancer Institute (NCI),NIH,Biopsy Procedure|Biospecimen Collection|Bone Marrow Aspiration|Bone Marrow Biopsy|Cyclophosphamide|Echocardiography Test|Fludarabine Phosphate|GD2-CAR-expressing Autologous T-lymphocytes|Imaging Procedure|Magnetic Resonance Imaging of the Heart|Multigated Acquisition Scan|Questionnaire Administration,"Biopsy;BIOPSY_TYPE;Bx|Biological Sample Collection;Biospecimen Collected;Sample Collection;Specimen Collection||Biopsy of Bone Marrow;Biopsy, Bone Marrow|(-)-Cyclophosphamide;2H-1,3,2-Oxazaphosphorine, 2-[bis(2-chloroethyl)amino]tetrahydro-, 2-oxide, monohydrate;Asta B 518;B 518;B-518;B518;Carloxan;Ciclofosfamida;Ciclofosfamide;Cicloxal;Clafen;Claphene;CP monohydrate;CTX;CYCLO-cell;Cycloblastin;Cycloblastine;Cyclophospham;Cyclophosphamid monohydrate;Cyclophosphamide Monohydrate;Cyclophosphamidum;Cyclophosphan;Cyclophosphane;Cyclophosphanum;Cyclostin;Cyclostine;Cytophosphan;Cytophosphane;Cytoxan;Fosfaseron;Frindovyx;Genoxal;Genuxal;Ledoxina;Mitoxan;Neosar;Revimmune;Syklofosfamid;WR 138719;WR- 138719;WR-138719;WR138719|EC;Echocardiography|2-F-ara-AMP;9H-Purin-6-amine, 2-fluoro-9-(5-O-phosphono-.beta.-D-arabinofuranosyl)-;Beneflur;Fludara;SH T 586|tvs-CTL Vaccine|Diagnostic Imaging Technique;Image Type;Imaging;Imaging (procedure);Imaging Procedures;Imaging Technique;imaging type;IMAGING_METHOD;imaging_type;Medical Imaging;Type of imaging|Cardiac MRI;Heart MRI|Blood Pool Scan;Equilibrium Radionuclide Angiography;Gated Blood Pool Imaging;Gated Heart Pool Scan;MUGA;MUGA Scan;Multi-Gated Acquisition Scan;Radionuclide Ventriculogram Scan;Radionuclide Ventriculography;RNV Scan;RNVG;SYMA Scanning;Synchronized Multigated Acquisition Scanning|",6,United States,True,2026-09-07
NCT04650451,SUSPENDED,2020-12-07,PHASE1,Bellicum Pharmaceuticals,INDUSTRY,chimeric antigen receptor (CAR) T cell therapy,CAR-T;BPX-603;autologous CAR-T,7,United States,True,2026-09-07
NCT04670055,NOT_YET_RECRUITING,2021-01-01,EARLY_PHASE1,Zhejiang University,OTHER,BCMA Targeted CAR T-cells,BCMA Targeted CAR T-cells injection,1,China,False,2026-09-07
NCT04605666,COMPLETED,2020-05-01,PHASE2,"Nanfang Hospital, Southern Medical University",OTHER,CD19-CAR-T2 Cells,,1,China,False,2026-09-07
NCT04626726,UNKNOWN,2020-04-01,EARLY_PHASE1,"Hebei Senlang Biotechnology Inc., Ltd.",INDUSTRY,CD19 CAR-T|CD22 CAR-T|CD19+CD22 CAR-T|Fludarabine|Cyclophosphamide,Senl_19|Senl_22|Senl_19+22|fiu|ctx,1,China,False,2026-09-07
NCT04626765,UNKNOWN,2020-04-01,EARLY_PHASE1,"Hebei Senlang Biotechnology Inc., Ltd.",INDUSTRY,CD19 CAR-T|CD22 CAR-T|CD 19+22|Fludarabine|Cyclophosphamide,Senl_19|Senl_22|Senl_19+22|flu|ctx,1,China,False,2026-09-07
NCT04608487,ACTIVE_NOT_RECRUITING,2020-12-04,PHASE1,Dana-Farber Cancer Institute,OTHER,Fludarabine|Cyclophosphamide|Axicabtagene Ciloleucel,Fludara|Cytoxan;Neosar|Yescarta,2,United States,True,2026-09-07
NCT04595162,NOT_YET_RECRUITING,2021-03-15,PHASE1,Peking University Third Hospital,OTHER,GC019F,,0,,False,2026-09-07
NCT04678336,TERMINATED,2021-04-02,PHASE1,University of Pennsylvania,OTHER,CART123 cells; cyclophosphamide; fludarabine,T Cells Containing Anti-CD123 Signaling Domains,1,United States,True,2026-09-07
NCT04692948,UNKNOWN,2019-12-09,NA,"PersonGen BioTherapeutics (Suzhou) Co., Ltd.",INDUSTRY,Chimeric antigen receptor T cells (car-t),TAA6 cell injection,1,China,False,2026-09-07
NCT04691284,RECRUITING,2021-03-01,NA,"National Cancer Institute, Slovakia",OTHER_GOV,"Blood, urine and stool sampling",,1,Slovakia,True,2026-09-07
NCT04662294,RECRUITING,2021-11-18,EARLY_PHASE1,Zhejiang University,OTHER,CD70 CAR T-cells,CD70 CAR-T cells injection,1,China,False,2026-09-07
NCT04539444,COMPLETED,2020-08-01,PHASE2,The First Affiliated Hospital of Soochow University,OTHER,CD19/22 CART|Tislelizumab,|PD-1 inhibitor,1,China,False,2026-09-07
NCT04571138,ACTIVE_NOT_RECRUITING,2020-09-25,PHASE1|PHASE2,Seattle Children's Hospital,OTHER,SCRI-CAR22v2,,4,United States,True,2026-09-07
NCT04572308,COMPLETED,2020-10-01,PHASE1,"Hebei Senlang Biotechnology Inc., Ltd.",INDUSTRY,CD7 CAR-T,,1,China,False,2026-09-07
NCT04626908,UNKNOWN,2020-11-20,PHASE1|PHASE2,He Huang,OTHER,GC022F CAR-T cells,GC022F CAR-T cells injection,1,China,False,2026-09-07
NCT04691713,UNKNOWN,2019-09-01,NA,"PersonGen BioTherapeutics (Suzhou) Co., Ltd.",INDUSTRY,Targeting CD276 autologous chimeric antigen receptor T cells,,1,China,False,2026-09-07
NCT04653493,UNKNOWN,2021-08,PHASE1,Sabz Biomedicals,INDUSTRY,CD19 CAR engineered autologous T-cells|Cyclophosphamide|Fludarabine|Mesna,|||,2,Iran,False,2026-09-07
NCT04652219,COMPLETED,2020-10-10,EARLY_PHASE1,"Weijia Fang, MD",OTHER,gucy2c cart cells,,1,China,False,2026-09-07
NCT04562298,TERMINATED,2020-10-21,PHASE1,Shanghai East Hospital,OTHER,LCAR-M23 cells,,1,China,False,2026-09-07
NCT04690192,COMPLETED,2021-01-01,PHASE1|PHASE2,"Institute of Hematology & Blood Diseases Hospital, China",OTHER,CNCT19|Gemcitabine Injection|busulfan|Melphalan Injection,|||,1,China,False,2026-09-07
NCT04649112,COMPLETED,2021-06-16,PHASE1,"Precision BioSciences, Inc.",INDUSTRY,PBCAR19B,Allogeneic Anti-CD19 CAR T cells,7,United States,True,2026-09-07
NCT04637763,UNKNOWN,2021-05-26,PHASE1,"Caribou Biosciences, Inc.",INDUSTRY,CB-010|Cyclophosphamide|Fludarabine,||,38,Australia|Israel|United States,True,2026-09-07
NCT04670068,ACTIVE_NOT_RECRUITING,2021-01-27,PHASE1,UNC Lineberger Comprehensive Cancer Center,OTHER,CAR.B7-H3|Fludarabine|Cyclophosphamide,Chimeric antigen receptor T cells with B7.H3 molecular target|FLUDARA|Cytoxan,1,United States,True,2026-09-07
NCT04545762,RECRUITING,2020-09-11,PHASE1,C. Babis Andreadis,OTHER,Fludarabine|Cyclophosphamide|anti-CD19 CAR-T cells,Fludarabine 30mg/m2;Fludara|Cyclophosphamide 300mg/m2;Cytoxan;Endoxan;Neosar;Procytox;Revimmune;Cycloblastin|CD19-directed Chimeric Antigen Receptor T-Cell (CAR T-cell) therapy;CD19-directed chimeric antigen receptor (CAR) T-cell therapy,1,United States,True,2026-09-07
NCT04697290,SUSPENDED,2022-03-10,EARLY_PHASE1,Beijing Tsinghua Chang Gung Hospital,OTHER,CD19/CD20 Dual-CAR-T cells,,1,China,False,2026-09-07
NCT04666168,UNKNOWN,2020-10-22,NA,"Hebei Senlang Biotechnology Inc., Ltd.",INDUSTRY,"Auto CAR-T|Cyclophosphamide,Fludarabine|Leukapheresis",||,1,China,False,2026-09-07
NCT04541368,NOT_YET_RECRUITING,2020-12-31,EARLY_PHASE1,Zhejiang University,OTHER,CS1 Targeted CAR T-cells,CS1 Targeted CAR T-cells injection,1,China,False,2026-09-07
NCT04601831,COMPLETED,2020-12-23,PHASE1|PHASE2,University of Texas Southwestern Medical Center,OTHER,Focal radiation therapy (RT),,1,United States,True,2026-09-07
NCT04696731,ACTIVE_NOT_RECRUITING,2021-02-24,PHASE1,Allogene Therapeutics,INDUSTRY,ALLO-316|ALLO-647|Fludarabine|Cyclophosphamide,|||,10,United States,True,2026-09-07
NCT04888442,UNKNOWN,2020-10-26,PHASE1,"Chongqing Precision Biotech Co., Ltd",INDUSTRY,pCAR-19B cells,,1,China,False,2026-09-07
NCT04897321,RECRUITING,2022-07-06,PHASE1,St. Jude Children's Research Hospital,OTHER,Fludarabine|Cyclophosphamide|MESNA|B7-H3 CAR T cells,Fludara|Cytoxan|Mesnex|CAR T- cell infusion,1,United States,True,2026-09-07
NCT04714593,UNKNOWN,2021-01-15,PHASE1|PHASE2,Shanxi Province Cancer Hospital,OTHER,CD19-CD22 CAR-T cells,Fluorine dara marina injection;Cyclophosphamide injection,1,China,False,2026-09-07
NCT04740203,UNKNOWN,2021-01-31,PHASE1|PHASE2,Zhejiang University,OTHER,CAR-T cells targeting CD19 and CD22,,1,China,False,2026-09-07
NCT04815356,RECRUITING,2022-05-23,PHASE1,National Cancer Institute (NCI),NIH,CD22CART cell infusion,,1,United States,True,2026-09-07
NCT04878484,WITHDRAWN,2021-08-11,PHASE1,"Athenex, Inc.",INDUSTRY,TCRT-ESO-A2,,0,,False,2026-09-07
NCT04792489,RECRUITING,2021-05-25,PHASE2,Miltenyi Biomedicine GmbH,INDUSTRY,zamtocabtagene autoleucel (MB-CART2019.1)|Cyclophosphamide|Fludarabine|Bendamustine,|||,32,Canada|United States,True,2026-09-07
NCT04790747,UNKNOWN,2021-03,PHASE1|PHASE2,Zhejiang University,OTHER,CAR-T cells,,1,China,False,2026-09-07
NCT04860817,WITHDRAWN,2021-12-01,EARLY_PHASE1,920th Hospital of Joint Logistics Support Force of People's Liberation Army of China,OTHER,Target CD7 CAR-T cells,,1,China,False,2026-09-07
NCT04828174,SUSPENDED,2021-03-31,PHASE1,"Shanghai General Hospital, Shanghai Jiao Tong University School of Medicine",OTHER,anti-TRBC1 CAR-T cell therapy,,1,China,False,2026-09-07
NCT04877613,ACTIVE_NOT_RECRUITING,2021-08-19,PHASE1,University of Pennsylvania,OTHER,single dose of CART-GFRa4 cells|Fludarabine|Cyclophosphamide,||,1,United States,True,2026-09-07
NCT04861480,UNKNOWN,2021-06-16,PHASE1,"Chongqing Precision Biotech Co., Ltd",INDUSTRY,C-4-29 Cells,,1,China,False,2026-09-07
NCT04737460,ACTIVE_NOT_RECRUITING,2021-05-04,PHASE1,Benjamin Greenberg,OTHER,AAV9/CLN7,,1,United States,True,2026-09-07
NCT04819841,RECRUITING,2021-11-15,PHASE1|PHASE2,Kamau Therapeutics,INDUSTRY,nula-cel Drug Product,,6,United States,True,2026-09-07
NCT04844866,RECRUITING,2021-08-18,PHASE2,Miltenyi Biomedicine GmbH,INDUSTRY,MB-CART2019.1|Standard of Care,"Zamtocabtagene Autoleucel;Zamto-cel|Rituximab, Gemcitabine, Oxaliplatin, Polatuzumab vedotin, Bendamustine, Rituximab",51,Austria|Belgium|Croatia|Czechia|Finland|France|Germany|Hungary|Italy|Netherlands|Poland|Portugal|Spain|Turkey (Türkiye),True,2026-09-07
NCT04822974,UNKNOWN,2021-05-01,NA,Institut Paoli-Calmettes,OTHER,blood collection,,0,,False,2026-09-07
NCT04884984,UNKNOWN,2017-07-01,PHASE1|PHASE2,The First Affiliated Hospital of Soochow University,OTHER,anti-CLL1 CART,,1,China,False,2026-09-07
NCT04855253,SUSPENDED,2021-06-09,PHASE1|PHASE2,"Masonic Cancer Center, University of Minnesota",OTHER,E7777|Fludarabine|Cyclophosphamide|Tisagenlecleucel|Axicabtagene Ciloleucel|Lisocabtagene Maraleucel Intravenous Suspension,|||kymriah|Yescarta|Breyanzi,1,United States,True,2026-09-07
NCT04875754,COMPLETED,2022-03-17,PHASE1|PHASE2,ICM Biotech Australia Pty Ltd.,INDUSTRY,ICM-203|Placebo,|,2,Australia,False,2026-09-07
NCT04720313,ACTIVE_NOT_RECRUITING,2021-01-01,PHASE1,Hadassah Medical Organization,OTHER,NXC-201 (formerly HBI0101),,1,Israel,False,2026-09-07
NCT04853277,COMPLETED,2021-02-07,NA,Dartmouth-Hitchcock Medical Center,OTHER,Education,,1,United States,True,2026-09-07
NCT04726787,ACTIVE_NOT_RECRUITING,2022-08-18,NA,"University College, London",OTHER,Bridging Radiotherapy,,3,United Kingdom,True,2026-09-07
NCT04888468,COMPLETED,2019-11-05,PHASE1,"Chongqing Precision Biotech Co., Ltd",INDUSTRY,pCAR-19B cells,,1,China,False,2026-09-07
NCT04923919,UNKNOWN,2021-09-14,EARLY_PHASE1,920th Hospital of Joint Logistics Support Force of People's Liberation Army of China,OTHER,Anti-CLL1 CART cells,CLL1 CAR-T,1,China,False,2026-09-07
NCT04881240,RECRUITING,2024-02-14,PHASE1,St. Jude Children's Research Hospital,OTHER,CD19-CAR(Mem) T-cells|Cyclophosphamide|Fludarabine|Mesna|CliniMACS|Leukapheresis,|Cytoxan|Fludara|Mesnex||,1,United States,True,2026-09-07
NCT04722107,UNKNOWN,2021-04-21,EARLY_PHASE1,Beijing Tongren Hospital,OTHER,rAAV2/8-hCYP4V2,ZVS101e;rAAV8-hCYP4V2,1,China,False,2026-09-07
NCT04795882,RECRUITING,2022-04-22,PHASE1,"University College, London",OTHER,BCMA CAR T cells|BCMA/CD19 CAR T cells,|,1,United Kingdom,True,2026-09-07
NCT04846439,UNKNOWN,2021-04-29,PHASE1|PHASE2,The First Affiliated Hospital of Soochow University,OTHER,CAR-T infusion,,1,China,False,2026-09-07
NCT04758962,COMPLETED,2021-02-15,PHASE1,GlaxoSmithKline,INDUSTRY,1 µg CoV2 SAM (LNP),,1,United States,True,2026-09-07
NCT04778579,UNKNOWN,2021-05-11,PHASE2,Sara V. Latorre,OTHER,ARI-0001 cells,CART19;PEI 19-187,9,Spain,True,2026-09-07
NCT04844086,TERMINATED,2021-03-02,PHASE1,Eden BioCell Ltd.,INDUSTRY,RPM CD19-mbIL15-CAR-T cells,,1,Taiwan,False,2026-09-07
NCT04919473,COMPLETED,2019-10-23,PHASE1|PHASE2,Nanoscope Therapeutics Inc.,INDUSTRY,Gene Therapy product:vMCO-I,,1,India,False,2026-09-07
NCT04787263,ACTIVE_NOT_RECRUITING,2021-03-04,PHASE1|PHASE2,Bambino Gesù Hospital and Research Institute,OTHER,CD19-CAR_Lenti T cell,,1,Italy,True,2026-09-07
NCT04945772,COMPLETED,2021-07-13,PHASE2,Nanoscope Therapeutics Inc.,INDUSTRY,Gene Therapy Product-MCO-010|Sham Injection,|,6,Puerto Rico|United States,True,2026-09-07
NCT04835519,COMPLETED,2021-04-08,PHASE1|PHASE2,Beijing Boren Hospital,OTHER,chimeric antigen receptor T cell,,1,China,False,2026-09-07
NCT04735471,TERMINATED,2021-03-04,PHASE1,Adicet Therapeutics,INDUSTRY,ADI-001|Fludarabine|Cyclophosphamide,||,10,United States,True,2026-09-07
NCT04833907,ENROLLING_BY_INVITATION,2021-04-01,PHASE1|PHASE2,Myrtelle Inc.,INDUSTRY,rAAV-Olig001-ASPA|Levetiracetam|Prednisone,MYR-101|Keppra|,1,United States,True,2026-09-07
NCT04715191,RECRUITING,2024-05-24,PHASE1,Baylor College of Medicine,OTHER,CARE T cells,15.21.GPC3-CAR T cells,1,United States,True,2026-09-07
NCT04785144,COMPLETED,2021-03-31,PHASE1,National Institute of Allergy and Infectious Diseases (NIAID),NIH,mRNA-1273|mRNA-1273.351,|,4,United States,True,2026-09-07
NCT04780529,UNKNOWN,2021-03,NA,"Innovative Cellular Therapeutics Co., Ltd.",OTHER,gucy2c cart cells,,1,China,False,2026-09-07
NCT04792593,UNKNOWN,2020-12-03,NA,"Hebei Senlang Biotechnology Inc., Ltd.",INDUSTRY,Senl-h19 CAR-T,CD19 CAR-T,1,China,False,2026-09-07
NCT04952272,RECRUITING,2021-03-01,PHASE1,Second Affiliated Hospital of Guangzhou Medical University,OTHER,CpG-ODN,Interventional therapy technique including microwave ablation or drug-eluting beads,1,China,False,2026-09-07
NCT04783181,ACTIVE_NOT_RECRUITING,2021-07-01,PHASE1|PHASE2,Adrenas Therapeutics Inc,INDUSTRY,AAV BBP-631,,5,United States,True,2026-09-07
NCT04776330,RECRUITING,2021-03-07,PHASE1|PHASE2,"Chongqing Precision Biotech Co., Ltd",INDUSTRY,BCMA targeted prime CAR-T cells,,1,China,False,2026-09-07
NCT04817774,COMPLETED,2021-03-17,PHASE1|PHASE2,Sangamo Therapeutics,INDUSTRY,TX200-TR101,CAR-Tregs,5,Belgium|Netherlands|United Kingdom,True,2026-09-07
NCT04747093,UNKNOWN,2021-01-29,PHASE1|PHASE2,"Nanfang Hospital, Southern Medical University",OTHER,CAR-ITNK cells,,1,China,False,2026-09-07
NCT04938115,COMPLETED,2021-05-10,NA,"Hebei Senlang Biotechnology Inc., Ltd.",INDUSTRY,CD7 CART,,1,China,False,2026-09-07
NCT04732845,ACTIVE_NOT_RECRUITING,2021-04-26,PHASE1,Benjamin Tomlinson,OTHER,Fully human anti CD19 CAR-T Cell Dose|Fludarabine|Cyclophosphamide,|Fludara|Cytoxan;Endoxan;Neosar;Procytox;Revimmune;Cycloblastin,1,United States,True,2026-09-07
NCT04766840,UNKNOWN,2021-03-01,PHASE1,"Beijing Immunochina Medical Science & Technology Co., Ltd.",INDUSTRY,CAR-T cells,IM73 CAR-T Cells,1,China,False,2026-09-07
NCT04723914,UNKNOWN,2020-10-20,PHASE1|PHASE2,YuLi,OTHER,dual target CAR-T cell therapy,,1,China,False,2026-09-07
NCT04855136,TERMINATED,2021-06-01,PHASE1,Celgene,INDUSTRY,BB2121|CC-220|BMS-986405,ide-cel||JSMD194,17,Spain|United States,True,2026-09-07
NCT04935580,UNKNOWN,2021-06-28,PHASE1|PHASE2,Shanghai Changzheng Hospital,OTHER,GC012F injection,,1,China,False,2026-09-07
NCT04880434,COMPLETED,2021-04-23,PHASE2,"Kite, A Gilead Company",INDUSTRY,Fludarabine|Cyclophosphamide|Brexucabtagene autoleucel,||KTE-X19;Tecartus™,40,France|Germany|Netherlands|Spain|United Kingdom|United States,True,2026-09-07
NCT04785833,UNKNOWN,2021-03-04,NA,"PersonGen BioTherapeutics (Suzhou) Co., Ltd.",INDUSTRY,T cell injection targeting CD7 chimeric antigen receptor,,1,China,False,2026-09-07
NCT04718883,ACTIVE_NOT_RECRUITING,2021-01-13,PHASE2,"Shanghai Ming Ju Biotechnology Co., Ltd.",INDUSTRY,CD19-targeted Chimeric Antigen Receptor (CAR) T Cells,,12,China,False,2026-09-07
NCT04840875,COMPLETED,2021-09-14,PHASE1,Beijing Boren Hospital,OTHER,chimeric antigen receptor T cell treatment,,1,China,False,2026-09-07
NCT04762485,UNKNOWN,2021-06-01,PHASE1|PHASE2,The First Affiliated Hospital of Soochow University,OTHER,Humanized CD7 CAR-T cells,,1,China,False,2026-09-07
NCT04864821,UNKNOWN,2021-05-14,EARLY_PHASE1,"PersonGen BioTherapeutics (Suzhou) Co., Ltd.",INDUSTRY,Targeting CD276 CAR T cells,,0,,False,2026-09-07
NCT04923893,ACTIVE_NOT_RECRUITING,2021-08-19,PHASE3,"Janssen Research & Development, LLC",INDUSTRY,Bortezomib|Dexamethasone|Lenalidomide|Cilta-cel|Cyclophosphamide|Fludarabine,|||JNJ-68284528||,136,Argentina|Australia|Austria|Belgium|Brazil|Canada|Czechia|Denmark|Finland|France|Germany|Greece|Hungary|Ireland|Israel|Japan|Netherlands|Norway|Poland|Portugal|South Korea|Spain|Sweden|Switzerland|United Kingdom|United States,True,2026-09-07
NCT04788472,COMPLETED,2021-03-05,PHASE2,Zhejiang University,OTHER,CAR-T cells targeting CD19 and CD22,,1,China,False,2026-09-07
NCT04951141,UNKNOWN,2019-01-01,EARLY_PHASE1,"Beijing Immunochina Medical Science & Technology Co., Ltd.",INDUSTRY,anti-GPC3 CAR-T cells,,1,China,False,2026-09-07
NCT04796441,UNKNOWN,2020-12-16,NA,"Hebei Senlang Biotechnology Inc., Ltd.",INDUSTRY,CAR-γδT,CD19 CAR-T,1,China,False,2026-09-07
NCT04816669,COMPLETED,2021-04-01,PHASE3,BioNTech SE,INDUSTRY,BNT162b2,,21,United States,True,2026-09-07
NCT04889716,RECRUITING,2021-11-05,PHASE2,Abramson Cancer Center at Penn Medicine,OTHER,mosunetuzumab|glofitamab|obinutuzumab,RO7030816;BTCT4465A;Lunsumio|CD20 TCB;RO7082859|Gazyva;Gazyvaro;RO5072759;huMAb <CD20>;GA101,2,United States,True,2026-09-07
NCT04943016,UNKNOWN,2021-07-01,PHASE1,National Taiwan University Hospital,OTHER,CD19 Chimeric Antigen Receptor (CAR) T Cells,,0,,False,2026-09-07
NCT04803929,UNKNOWN,2021-03-03,EARLY_PHASE1,Carbiogene Therapeutics Co. Ltd.,INDUSTRY,anti-ILT3 CAR-T,,1,China,False,2026-09-07
NCT04850118,ACTIVE_NOT_RECRUITING,2024-03-14,PHASE2|PHASE3,Beacon Therapeutics,INDUSTRY,rAAV2tYF-GRK1-hRPGRco|Control,AGTC-501|Untreated Control Group,25,Australia|Canada|United Kingdom|United States,True,2026-09-07
NCT04903080,ACTIVE_NOT_RECRUITING,2022-07-27,PHASE1,Children's Oncology Group,NETWORK,HER2 Specific CAR T Cell,,13,Canada|United States,True,2026-09-07
NCT04836507,RECRUITING,2021-03-02,PHASE1|PHASE2,Curocell Inc.,INDUSTRY,CRC01|Fludarabine|Cyclophosphamide,||,2,South Korea,False,2026-09-07
NCT04925206,TERMINATED,2021-08-17,PHASE1,EdiGene (GuangZhou) Inc.,INDUSTRY,ET-01,,4,China,False,2026-09-07
NCT04796688,UNKNOWN,2021-03-10,PHASE1,"Union Hospital, Tongji Medical College, Huazhong University of Science and Technology",OTHER,Fludarabine + Cyclophosphamide + CAR-NK-CD19 Cells,,2,China,False,2026-09-07
NCT04767308,UNKNOWN,2021-03,EARLY_PHASE1,Huazhong University of Science and Technology,OTHER,"CT125A cells|Cyclophosphamide, fludarabine",|,0,,False,2026-09-07
NCT04832724,COMPLETED,2021-02-22,PHASE2,AbbVie,INDUSTRY,RGX-314,,13,United States,True,2026-09-07
NCT04928105,UNKNOWN,2021-01-27,NA,"Hebei Senlang Biotechnology Inc., Ltd.",INDUSTRY,Senl-T7,,1,China,False,2026-09-07
NCT04781634,RECRUITING,2021-03-07,PHASE1|PHASE2,"Chongqing Precision Biotech Co., Ltd",INDUSTRY,CD19 and CD22 targeted prime CAR-T cells,,1,China,False,2026-09-07
NCT04877080,WITHDRAWN,2021-05-05,PHASE1,920th Hospital of Joint Logistics Support Force of People's Liberation Army of China,OTHER,Fast Dual CAR-T Injection,,0,,False,2026-09-07
NCT04884594,ACTIVE_NOT_RECRUITING,2021-10-08,PHASE1,W. Michael Hooten,OTHER,AAV8-hCocH|AAV8-hCocH|AAV8-hCocH,||,1,United States,True,2026-09-07
NCT04723901,UNKNOWN,2020-10-20,PHASE1|PHASE2,Shenzhen University General Hospital,OTHER,Dual target CAR-T cell therapy,,1,China,False,2026-09-07
NCT04890236,COMPLETED,2022-01-13,EARLY_PHASE1,Emory University,OTHER,Duvelisib|Tisagenlecleucel,8-Chloro-2-phenyl-3-((1S)-1-(7H-purin-6-ylamino)ethyl)isoquinolin-1(2H)-one;Copiktra;INK-1197;IPI-145|CART-19;CART19;CTL019;CTL019 T-cells;Kymriah;Tisagenlecleucel-T,2,United States,True,2026-09-07
NCT04797260,SUSPENDED,2021-07-23,PHASE1|PHASE2,Videja B.V.,INDUSTRY,Gene therapy,,4,Netherlands|Poland|Spain|Turkey (Türkiye),True,2026-09-07
NCT04714827,UNKNOWN,2021-01-22,PHASE1|PHASE2,Shanxi Province Cancer Hospital,OTHER,KQ-2003 CAR-T cells,Fluorine dara marina injection;Cyclophosphamide injection;CD19-BCMA CAR-T Cells,1,China,False,2026-09-07
NCT04745559,ACTIVE_NOT_RECRUITING,2021-02-18,PHASE2,H. Lee Moffitt Cancer Center and Research Institute,OTHER,Pneumococcal conjugate vaccine (PCV13)|CD19 targeted CAR T Cell Therapy,Prevnar 13|,1,United States,True,2026-09-07
NCT04768608,COMPLETED,2021-12-23,PHASE1,Zhejiang University,OTHER,PD1-PSMA-CART cells,Non-viral PD1 integrated anti-PSMA chimeric antigen receptor T cell,1,China,False,2026-09-07
NCT04850560,UNKNOWN,2021-05-18,PHASE1,"Second Affiliated Hospital, Zhejiang University, School of Medicine",OTHER,CD19 PD-1/CD28 CAR-T Plus Low Dose Decitabine,,1,China,False,2026-09-07
NCT04920617,RECRUITING,2021-06-18,PHASE2,"ImmunoVaccine Technologies, Inc. (IMV Inc.)",INDUSTRY,DPX-Survivac|Pembrolizumab|CPA,"maveropepimut-S|MK-3475;Keytruda|Intermittent, low-dose cyclophosphamide;Procytox;Cytoxan",50,Australia|Canada|France|Hungary|New Zealand|Poland|Romania|Serbia|Spain|United States,True,2026-09-07
NCT04916860,UNKNOWN,2021-01-27,NA,"Hebei Senlang Biotechnology Inc., Ltd.",INDUSTRY,Senl-T7,,1,China,False,2026-09-07
NCT04952584,WITHDRAWN,2024-03,PHASE1,Baylor College of Medicine,OTHER,CD30.CAR-EBVST cells,Allogeneic CD30 Chimeric Antigen Receptor Epstein-Barr Virus-Specific T Lymphocytes,2,United States,True,2026-09-07
NCT04934774,UNKNOWN,2020-12-01,PHASE1,iCell Gene Therapeutics,INDUSTRY,CD7 CAR T cells,,1,China,False,2026-09-07
NCT04823091,UNKNOWN,2021-04-15,PHASE1,"Union Hospital, Tongji Medical College, Huazhong University of Science and Technology",OTHER,Fludarabine + Cyclophosphamide + CAR7-T Cells,,1,China,False,2026-09-07
NCT04842812,RECRUITING,2021-01-01,PHASE1,Second Affiliated Hospital of Guangzhou Medical University,OTHER,"TILs and CAR-TILs targeting HER2, Mesothelin, PSCA, MUC1, Lewis-Y, GPC3, AXL, EGFR, Claudin18.2/6, ROR1, GD1, or B7-H3",,1,China,False,2026-09-07
NCT04717999,UNKNOWN,2021-09-01,NA,UWELL Biopharma,INDUSTRY,NKG2D CAR-T,UWN2D,0,,False,2026-09-07
NCT04727008,UNKNOWN,2022-09-21,PHASE1,Sichuan University,OTHER,CXCR4 modified anti-BCMA CAR T cells,,1,China,False,2026-09-07
NCT04892277,RECRUITING,2022-10-03,PHASE1,Mayo Clinic,OTHER,Autologous Anti-CD19 CAR-expressing T-lymphocytes IC19/1563|Bendamustine|Biospecimen Collection|Bone Marrow Aspiration|Bone Marrow Biopsy|Computed Tomography|Cyclophosphamide|Fludarabine|Magnetic Resonance Imaging|Positron Emission Tomography,"Autologous CAR-T Cells IC19/1563;CD19-directed CAR-T Cells IC19/1563;IC19 1563;IC19-1563;IC19/1563|SDX-105|Biological Sample Collection;Biospecimen Collected;Specimen Collection||Biopsy of Bone Marrow;Biopsy, Bone Marrow|CAT;CAT Scan;Computed Axial Tomography;Computerized Axial Tomography;Computerized axial tomography (procedure);Computerized Tomography;CT;CT Scan;tomography|(-)-Cyclophosphamide;2H-1,3,2-Oxazaphosphorine, 2-[bis(2-chloroethyl)amino]tetrahydro-, 2-oxide, monohydrate;Carloxan;Ciclofosfamida;Ciclofosfamide;Cicloxal;Clafen;Claphene;CP monohydrate;CTX;CYCLO-cell;Cycloblastin;Cycloblastine;Cyclophospham;Cyclophosphamid monohydrate;Cyclophosphamide Monohydrate;Cyclophosphamidum;Cyclophosphan;Cyclophosphane;Cyclophosphanum;Cyclostin;Cyclostine;Cytophosphan;Cytophosphane;Cytoxan;Fosfaseron;Genoxal;Genuxal;Ledoxina;Mitoxan;Neosar;Revimmune;Syklofosfamid;WR- 138719;Asta B 518;B-518;WR-138719|Fluradosa|Magnetic Resonance;Magnetic resonance imaging (procedure);Magnetic Resonance Imaging Scan;Medical Imaging, Magnetic Resonance / Nuclear Magnetic Resonance;MR;MR Imaging;MRI;MRI Scan;NMR Imaging;NMRI;Nuclear Magnetic Resonance Imaging|Medical Imaging, Positron Emission Tomography;PET;PET Scan;Positron emission tomography (procedure);Positron Emission Tomography Scan;Positron-Emission Tomography;proton magnetic resonance spectroscopic imaging;PT",1,United States,True,2026-09-07
NCT04796675,UNKNOWN,2021-04-10,PHASE1,"Union Hospital, Tongji Medical College, Huazhong University of Science and Technology",OTHER,Fludarabine + Cyclophosphamide + CAR-NK-CD19 Cells,,1,China,False,2026-09-07
NCT04774536,RECRUITING,2025-08-22,PHASE1|PHASE2,"Mark Walters, MD",OTHER,CRISPR_SCD001,,2,United States,True,2026-09-07
NCT04782193,UNKNOWN,2021-05-23,PHASE1|PHASE2,"Chongqing Precision Biotech Co., Ltd",INDUSTRY,CD19 and CD22 targeted prime CAR- T cells,,1,China,False,2026-09-07
NCT04863066,UNKNOWN,2021-05-01,PHASE1,Beijing 302 Hospital,OTHER,CAR-T cells,HIV-1 specific chimeric antigen receptor T cells,1,China,False,2026-09-07
NCT04715217,UNKNOWN,2021-01-04,PHASE1|PHASE2,Shanxi Province Cancer Hospital,OTHER,CD19-CD22 CAR-T cells,Fluorine dara marina injection;Cyclophosphamide injection,1,China,False,2026-09-07
NCT04776317,COMPLETED,2021-03-25,PHASE1,National Institute of Allergy and Infectious Diseases (NIAID),NIH,"ChAdV68-S|ChAdV68-S-TCE|SAM-LNP-S|SAM-LNP-S-TCE|Sodium Chloride, 0.9%",||||,4,United States,True,2026-09-07
NCT04812691,COMPLETED,2020-07-10,PHASE1,"Shanghai Ming Ju Biotechnology Co., Ltd.",INDUSTRY,JWCAR029 (CD19-targeted Chimeric Antigen Receptor Cells),,2,China,False,2026-09-07
NCT05032599,TERMINATED,2021-09-14,PHASE1,Beijing Boren Hospital,OTHER,CD5 CART,,1,China,False,2026-09-07
NCT05170568,UNKNOWN,2021-12-01,PHASE1,"PersonGen BioTherapeutics (Suzhou) Co., Ltd.",INDUSTRY,T cell injection targeting CD7 chimeric antigen receptor,PA3-17 injection,1,China,False,2026-09-07
NCT05066022,UNKNOWN,2021-10-28,NA,The First Affiliated Hospital of Soochow University,OTHER,CT0590 CAR T Cells,,1,China,False,2026-09-07
NCT05032820,COMPLETED,2022-01-05,PHASE2,Medical College of Wisconsin,OTHER,Lenalidomide|bb2121|Cyclophosphamide|Fludarabine|leukapheresis,Revlimid|ide-cel|||,15,United States,True,2026-09-07
NCT05064787,COMPLETED,2022-03-11,NA,Pack Health,INDUSTRY,Digital Health Coaching,,1,United States,True,2026-09-07
NCT05016063,UNKNOWN,2021-09-01,EARLY_PHASE1,Xinqiao Hospital of Chongqing,OTHER,Fludarabine|Cytoxan|Dual CD33-CLL1 CAR-T cells,||,1,China,False,2026-09-07
NCT05128786,TERMINATED,2021-12-30,PHASE1,"Shanghai PerHum Therapeutics Co., Ltd.",INDUSTRY,CCT301-38,,1,China,False,2026-09-07
NCT04960579,ACTIVE_NOT_RECRUITING,2022-05-05,PHASE1,"Poseida Therapeutics, Inc.",INDUSTRY,P-BCMA-ALLO1 CAR-T cells|Rimiducid|Methotrexate,||,23,United States,True,2026-09-07
NCT05099237,UNKNOWN,2021-12-01,NA,Manchester University NHS Foundation Trust,OTHER_GOV,OURA Ring|WithingsScan Watch|Isansys Patient Status Engine|Quality of Life Surveys|Blood Samples|Daily Weights,|||||,1,United Kingdom,True,2026-09-07
NCT05000450,TERMINATED,2021-06-06,PHASE1|PHASE2,Allogene Therapeutics,INDUSTRY,ALLO-605|ALLO-647|Fludarabine|Cyclophosphamide,|||,4,United States,True,2026-09-07
NCT05149391,COMPLETED,2021-07-20,PHASE1,Peking University,OTHER,CD19/CD20-directed Chimeric Antigen Receptor T Cells,C-CAR039,1,China,False,2026-09-07
NCT05030779,UNKNOWN,2021-09-10,EARLY_PHASE1,Zhejiang University,OTHER,Assigned Interventions CD19/BCMA CAR T-cells,,1,China,False,2026-09-07
NCT05020015,ACTIVE_NOT_RECRUITING,2021-11-12,PHASE2,Takeda,INDUSTRY,TAK-007|Chemotherapy Agents,|,15,United States,True,2026-09-07
NCT05127135,UNKNOWN,2020-01-22,PHASE1,"Fundamenta Therapeutics, Ltd.",INDUSTRY,ThisCART7 cells,,2,China,False,2026-09-07
NCT05037669,WITHDRAWN,2022-07,PHASE1,University of Pennsylvania,OTHER,PACE CART19,,0,,False,2026-09-07
NCT05085431,UNKNOWN,2021-11-05,EARLY_PHASE1,Zhejiang University,OTHER,Assigned Interventions CD19/BCMA CAR T-cells,,1,China,False,2026-09-07
NCT05037188,TERMINATED,2021-08-10,PHASE1|PHASE2,Biocad,INDUSTRY,Low dose BCD-250 injection|High dose BCD-250 injection|Low dose or high dose BCD-250 injection|Placebo injection,|||,2,Russia,False,2026-09-07
NCT05054231,NOT_YET_RECRUITING,2021-10-05,NA,Institut Paoli-Calmettes,OTHER,Blood sample collection,,1,France,True,2026-09-07
NCT04975555,COMPLETED,2021-11-15,PHASE2,University of Alabama at Birmingham,OTHER,Siltuximab,,1,United States,True,2026-09-07
NCT05062980,TERMINATED,2022-03-30,PHASE1,"Genprex, Inc.",INDUSTRY,quaratusugene ozeplasmid|pembrolizumab|docetaxel|ramucirumab|Investigator's Treatment of Choice,Reqorsa|Keytruda|Taxotere|Cyramza|,6,United States,True,2026-09-07
NCT05144386,COMPLETED,2022-01-24,PHASE1,Excision BioTherapeutics,INDUSTRY,EBT-101,,3,United States,True,2026-09-07
NCT05143151,UNKNOWN,2021-07-01,PHASE1|PHASE2,Shenzhen University General Hospital,OTHER,CD276 CAR-T cells,,1,China,False,2026-09-07
NCT05139316,COMPLETED,2021-11-08,PHASE3,Ultragenyx Pharmaceutical Inc,INDUSTRY,DTX401|Placebo|Oral prednisolone|Placebo for oral prednisolone,pariglasgene brecaparvovec|||,20,Brazil|Canada|Denmark|Germany|Italy|Japan|Netherlands|Spain|United States,True,2026-09-07
NCT04973527,TERMINATED,2021-07-02,PHASE1,Beijing Boren Hospital,OTHER,Efficacy of LCAR-T2C CAR-T cells,,2,China,False,2026-09-07
NCT05103631,ACTIVE_NOT_RECRUITING,2021-06-17,PHASE1,Baylor College of Medicine,OTHER,CATCH T cells,GPC3-CAR T cells,1,United States,True,2026-09-07
NCT05098613,RECRUITING,2021-12-21,PHASE1,"University of Colorado, Denver",OTHER,CD19x22 CAR T Cells,,1,United States,True,2026-09-07
NCT05040217,ACTIVE_NOT_RECRUITING,2022-02-07,PHASE1,Mark Tuszynski,OTHER,AAV2-BDNF Gene Therapy|AAV2-BDNF Gene Therapy,|Growth Factor Gene Therapy,2,United States,True,2026-09-07
NCT05138458,SUSPENDED,2021-12-15,PHASE1|PHASE2,Myeloid Therapeutics,INDUSTRY,MT-101|MT-101 + Conditioning (Lymphodepleting) Chemotherapy,|,6,United States,True,2026-09-07
NCT05152732,UNKNOWN,2021-12-28,EARLY_PHASE1,"Institute of Hematology & Blood Diseases Hospital, China",OTHER,VGB-R04,,1,China,False,2026-09-07
NCT05020444,ACTIVE_NOT_RECRUITING,2021-10-05,PHASE1,"Marcela V. Maus, M.D.,Ph.D.",OTHER,TriPRIL CAR T Cells|Cyclophosphamide|Fludarabine,|Cytoxan;Neosar|Fludara,1,United States,True,2026-09-07
NCT05010564,RECRUITING,2023-07-18,PHASE1,Baylor College of Medicine,OTHER,Autologous TRICAR-ALL T-cells and lymphodepletion chemotherapy,Cytoxan;Fludara,1,United States,True,2026-09-07
NCT04981691,UNKNOWN,2021-10-01,PHASE1,Ruijin Hospital,OTHER,anti-MESO CAR T cells,,1,China,False,2026-09-07
NCT05105152,RECRUITING,2021-11-29,PHASE1,Seattle Children's Hospital,OTHER,SC-DARIC33,,1,United States,True,2026-09-07
NCT05085444,UNKNOWN,2021-10-08,EARLY_PHASE1,Zhejiang University,OTHER,Assigned Interventions CD19/BCMA CAR T-cells,,1,China,False,2026-09-07
NCT05096234,TERMINATED,2021-09-28,PHASE1,Stanford University,OTHER,[ 18F]F-AraG PET,[ 18F]F-AraG (2'-deoxy-2'-fluoro-9-β-D- arabinofuranosylguanine; trade name VisAcT),1,United States,True,2026-09-07
NCT05097443,UNKNOWN,2021-04-15,PHASE3,Shandong Provincial Hospital,OTHER_GOV,Orelabrutinib+R-CHOP; Orelabrutinib+R-DA-EPOCH; Orelabrutinib+R-HD MTX;Orelabrutinib+R+other chemotherapies,,1,China,False,2026-09-07
NCT05155189,RECRUITING,2022-02-21,PHASE1,Zhejiang University,OTHER,C-CAR031|Lenvatinib|Regorafenib (BAY 73-4506)|Durvalumab,|||,2,China,False,2026-09-07
NCT05166070,RECRUITING,2022-01-01,EARLY_PHASE1,The First Affiliated Hospital with Nanjing Medical University,OTHER,RD133,,1,China,False,2026-09-07
NCT05176275,UNKNOWN,2022-01-01,NA,The First Affiliated Hospital of Soochow University,OTHER,68Ga-NOTA-RP25,,0,,False,2026-09-07
NCT05013372,UNKNOWN,2023-01,EARLY_PHASE1,Peking University People's Hospital,OTHER,CD147- CAR T cells,CAR T cells targeting CD147,0,,False,2026-09-07
NCT05017883,UNKNOWN,2021-07-01,NA,"PersonGen BioTherapeutics (Suzhou) Co., Ltd.",INDUSTRY,TAA05 cell injection,,1,China,False,2026-09-07
NCT05179603,TERMINATED,2021-12-07,PHASE2,Sanofi,INDUSTRY,THOR-707|Pembrolizumab,Pegenzileukin|KEYTRUDA® or generic,8,Argentina|Chile|Spain,True,2026-09-07
NCT05092685,RECRUITING,2023-11-01,PHASE1|PHASE2,"University College, London",OTHER,AAVLK03hOTC,Also known as ssAAV-LK03.hAAT.hcoOTC,1,United Kingdom,True,2026-09-07
NCT05020392,UNKNOWN,2021-09-14,PHASE3,"Union Hospital, Tongji Medical College, Huazhong University of Science and Technology",OTHER,BTK inhibitor+ Fludarabine-based chemotherapy + CAR-T-CD19 Cells|Fludarabine-based chemotherapy + CAR-T-CD19 Cells,|,1,China,False,2026-09-07
NCT05059912,UNKNOWN,2021-08-05,PHASE2,The First Affiliated Hospital of Soochow University,OTHER,Humanized CD7 CAR-T cells,,1,China,False,2026-09-07
NCT05172596,TERMINATED,2022-03-03,PHASE2,Novartis Pharmaceuticals,INDUSTRY,PHE885,,36,Australia|Brazil|Canada|France|Germany|Greece|Israel|Italy|Japan|Saudi Arabia|Singapore|Spain|United Kingdom|United States,True,2026-09-07
NCT05077527,RECRUITING,2025-02-13,PHASE1,AIDS Malignancy Consortium,NETWORK,Axicabtagene Ciloleucel|Cyclophosphamide|Fludarabine,"KTE C19;KTE-C19;KTE-C19 CAR;Yescarta|(-)-Cyclophosphamide;2H-1,3,2-Oxazaphosphorine, 2-[bis(2-chloroethyl)amino]tetrahydro-, 2-oxide, monohydrate;Carloxan;Ciclofosfamida;Ciclofosfamide;Cicloxal;Clafen;Claphene;CP monohydrate;CTX;CYCLO-cell;Cycloblastin;Cycloblastine;Cyclophospham;Cyclophosphamid monohydrate;Cyclophosphamide Monohydrate;Cyclophosphamidum;Cyclophosphan;Cyclophosphane;Cyclophosphanum;Cyclostin;Cyclostine;Cytophosphan;Cytophosphane;Cytoxan;Fosfaseron;Genoxal;Genuxal;Ledoxina;Mitoxan;Neosar;Revimmune;Syklofosfamid;WR- 138719|Fluradosa",7,United States,True,2026-09-07
NCT04990557,UNKNOWN,2021-08,PHASE1|PHASE2,Mahmoud Ramadan mohamed Elkazzaz,OTHER,PD-1 and ACE2 Knockout T Cells|PD-1 and ACE2 Knockout T Cells|PD-1 and ACE2 Knockout T Cells,||,0,,False,2026-09-07
NCT05035407,TERMINATED,2022-03-08,PHASE1,National Cancer Institute (NCI),NIH,IL-2 (Aldesleukin)|Cyclophosphamide|KK-LC-1 TCR|Fludarabine|EKG|CXR|CT|MRI|PET|Biopsy|Acetaminophen|Ondansetron|Meperidine|Indomethacin|Famotidine,Interleukin-2 (Aldesleukin)|Cytoxan|Kita-Kyushu Lung Cancer Antigen-1 T-Cell Receptor|Fludara|Electrocardiogram|Chest x-ray|Computed tomography|Magnetic resonance imaging|Positron emission tomography|Bx|Tylenol;Panadol|Zofran;Zofran ODT;Zuplenz|Demerol|Tivorbex;Indocin|Pepcid;Acid reducer;Acid controller,1,United States,True,2026-09-07
NCT05091541,NOT_YET_RECRUITING,2021-10-20,PHASE1|PHASE2,"Nanjing IASO Biotechnology Co., Ltd.",INDUSTRY,Fully Human Anti-CD19/CD22 Dual Target Chimeric Antigen Receptor Autologous T Cell Injection,CT120,0,,False,2026-09-07
NCT05164042,UNKNOWN,2021-02-05,PHASE1|PHASE2,Shenzhen University General Hospital,OTHER,Allogeneic CD19 CAR-T cells,,1,China,False,2026-09-07
NCT05075603,COMPLETED,2021-07-29,PHASE1,NeoImmuneTech,INDUSTRY,Efineptakin alfa|Tisagenlecleucel|Axicabtagene ciloleucel|Lisocabtagene Maraleucel,NT-I7;rhIL-7-hyFc|Kymriah|Yescarta|Breyanzi,3,United States,True,2026-09-07
NCT05081479,ACTIVE_NOT_RECRUITING,2021-12-08,PHASE1,Memorial Sloan Kettering Cancer Center,OTHER,N-Acetylcysteine,N-AC,7,United States,True,2026-09-07
NCT05155215,UNKNOWN,2021-12-31,PHASE1|PHASE2,"Beijing Immunochina Medical Science & Technology Co., Ltd.",INDUSTRY,IM19 CAR-T cells|Cyclophosphamide|Fludarabine,||,0,,False,2026-09-07
NCT04966143,UNKNOWN,2021-08-01,EARLY_PHASE1,"Shanghai Longyao Biotechnology Inc., Ltd.",OTHER,LY011,,1,China,False,2026-09-07
NCT05043571,RECRUITING,2021-09-08,PHASE1,"National University Hospital, Singapore",OTHER,CAR T-cell therapy,,1,Singapore,False,2026-09-07
NCT05094206,TERMINATED,2022-06-30,PHASE1,Medical College of Wisconsin,OTHER,0.75x10^6 cells/kg CAR20.19.22 cells|1x10^6 cells/kg CAR20.19.22 cells|2.5x10^6 cells/kg CAR20.19.22 cells|5x10^6 cells/kg CAR20.19.22 cells|Dose expansion: The maximum tolerated dose of CAR20.19.22 cells,||||,1,United States,True,2026-09-07
NCT05143112,UNKNOWN,2021-02-05,PHASE1|PHASE2,Shenzhen University General Hospital,OTHER,Allogeneic CD19 CR-T cell,,1,China,False,2026-09-07
NCT05003895,RECRUITING,2021-12-08,PHASE1,National Cancer Institute (NCI),NIH,Cyclophosphamide|CAR-T cell|Fludarabine,||,1,United States,True,2026-09-07
NCT05089266,UNKNOWN,2021-11-30,PHASE1,"Shanghai Cell Therapy Group Co.,Ltd",INDUSTRY,CAR T cells,,1,China,False,2026-09-07
NCT05066646,UNKNOWN,2020-04-01,PHASE1|PHASE2,"Nanjing IASO Biotechnology Co., Ltd.",INDUSTRY,CT103A,,14,China,False,2026-09-07
NCT05052528,RECRUITING,2021-09-17,PHASE1,"University of California, Davis",OTHER,Chimeric Antigen Receptor T-Cell Therapy|Cyclophosphamide|Fludarabine Phosphate|Rituximab,"CAR T Infusion;CAR T Therapy;CAR T-cell Therapy;Chimeric Antigen Receptor T-cell Infusion|(-)-Cyclophosphamide;2H-1,3,2-Oxazaphosphorine, 2-[bis(2-chloroethyl)amino]tetrahydro-, 2-oxide, monohydrate;Carloxan;Ciclofosfamida;Ciclofosfamide;Cicloxal;Clafen;Claphene;CP monohydrate;CTX;CYCLO-cell;Cycloblastin;Cycloblastine;Cyclophospham;Cyclophosphamid monohydrate;Cyclophosphamide Monohydrate;Cyclophosphamidum;Cyclophosphan;Cyclophosphane;Cyclophosphanum;Cyclostin;Cyclostine;Cytophosphan;Cytophosphane;Cytoxan;Fosfaseron;Genoxal;Genuxal;Ledoxina;Mitoxan;Neosar;Revimmune;Syklofosfamid;WR- 138719|2-F-ara-AMP;9H-Purin-6-amine, 2-fluoro-9-(5-O-phosphono-.beta.-D-arabinofuranosyl)-;Beneflur;Fludara;SH T 586|ABP 798;BI 695500;C2B8 Monoclonal Antibody;Chimeric Anti-CD20 Antibody;CT-P10;IDEC-102;IDEC-C2B8;IDEC-C2B8 Monoclonal Antibody;MabThera;Monoclonal Antibody IDEC-C2B8;PF-05280586;Rituxan;Rituximab ABBS;Rituximab Biosimilar ABP 798;Rituximab Biosimilar BI 695500;Rituximab Biosimilar CT-P10;Rituximab Biosimilar GB241;Rituximab Biosimilar IBI301;Rituximab Biosimilar JHL1101;Rituximab Biosimilar PF-05280586;Rituximab Biosimilar RTXM83;Rituximab Biosimilar SAIT101;Rituximab Biosimilar SIBP-02;rituximab biosimilar TQB2303;rituximab-abbs;RTXM83;Truxima",1,United States,True,2026-09-07
NCT05054257,RECRUITING,2021-06-02,PHASE1,"Institute of Hematology and Blood Transfusion, Czech Republic",OTHER,Autologous CAR19 T lymphocytes,,1,Czechia,True,2026-09-07
NCT05106907,UNKNOWN,2021-10-25,PHASE1,"Fundamenta Therapeutics, Ltd.",INDUSTRY,ThisCART19 cells,,1,China,False,2026-09-07
NCT05016778,UNKNOWN,2021-06-08,EARLY_PHASE1,Zhejiang University,OTHER,GPRC5D-CAR-T,,1,China,False,2026-09-07
NCT04969354,RECRUITING,2021-10-01,PHASE1,The Affiliated Hospital of Xuzhou Medical University,OTHER,CAR-T cell immunotherapy,,1,China,False,2026-09-07
NCT05022849,COMPLETED,2021-09-28,PHASE1,"Janssen Research & Development, LLC",INDUSTRY,JNJ-75229414|Bridging Therapy,KLK2 CAR-T Cells|,8,United States,True,2026-09-07
NCT05015972,WITHDRAWN,2021-08-20,EARLY_PHASE1,920th Hospital of Joint Logistics Support Force of People's Liberation Army of China,OTHER,CTA30X UCAR-T injection,,1,China,False,2026-09-07
NCT05060796,RECRUITING,2019-09-01,EARLY_PHASE1,Second Affiliated Hospital of Guangzhou Medical University,OTHER,CXCR5 modified EGFR Chimeric Antigen Receptor Autologous T cells,,1,China,False,2026-09-07
NCT05143307,ENROLLING_BY_INVITATION,2023-07-11,PHASE1,Excision BioTherapeutics,INDUSTRY,EBT-101,,3,United States,True,2026-09-07
NCT05169489,TERMINATED,2022-01-24,PHASE1,Regeneron Pharmaceuticals,INDUSTRY,bbT369,,4,United States,True,2026-09-07
NCT05085418,UNKNOWN,2021-11-05,EARLY_PHASE1,Zhejiang University,OTHER,Assigned Interventions CD19/BCMA CAR T-cells,,1,China,False,2026-09-07
NCT05141253,RECRUITING,2022-01-12,EARLY_PHASE1,Tongji Hospital,OTHER,RD133,,1,China,False,2026-09-07
NCT05108805,COMPLETED,2021-12-02,PHASE4,Vanderbilt-Ingram Cancer Center,OTHER,Telemedicine Visit|Vital sign measurements|Out-Patient Clinic Visit|Blood pressure and pulse oximeter|Axicabtagene Ciloleucel|Cyclophosphamide|Fludarabine,|||||Cyclophosphamide 500 mg/m^2/day;Cytoxan®|Fludarabine 30 mg/m^2/day;Fludara®,1,United States,True,2026-09-07
NCT04984356,COMPLETED,2022-01-14,PHASE1,Allotera Therapeutics,INDUSTRY,WU-CART-007,,12,Australia|France|Netherlands|United States,True,2026-09-07
NCT05168748,WITHDRAWN,2023-01-24,PHASE1,Novartis Pharmaceuticals,INDUSTRY,IMJ995 single agent,,0,,False,2026-09-07
NCT05071222,RECRUITING,2023-07-19,PHASE1|PHASE2,Assistance Publique - Hôpitaux de Paris,OTHER,ARTEGENE drug product,,1,France,True,2026-09-07
NCT05063682,UNKNOWN,2020-05-15,PHASE1,Chembrain LTD,INDUSTRY,EGFRvIII-specific hinge-optimized CD3 ζ-stimulatory/41BB-co-stimulatory Chimeric Antigen Receptor autologous T-lymphocytes,,3,Finland|India,True,2026-09-07
NCT05131763,UNKNOWN,2021-03-01,PHASE1,Fudan University,OTHER,NKG2D-based CAR T-cells,,1,China,False,2026-09-07
NCT05164770,UNKNOWN,2021-03-01,PHASE3,Shandong Provincial Hospital,OTHER_GOV,Zanubrutinib+R-CHOP; Zanubrutinib+R-DA-EPOCH; Zanubrutinib+R-HD MTX|R-CHOP; R-DA-EPOCH; R-HD MTX,|,1,China,False,2026-09-07
NCT05044039,ACTIVE_NOT_RECRUITING,2022-02-28,PHASE1,Washington University School of Medicine,OTHER,Duvelisib,,1,United States,True,2026-09-07
NCT05065905,COMPLETED,2006-01-19,PHASE1|PHASE2,SPP Pharmaclon Ltd.,INDUSTRY,Interferon-Gamma,Ingaron;Interferon gamma human recombinant,2,Russia,False,2026-09-07
NCT05106946,UNKNOWN,2021-10-25,PHASE1,"Fundamenta Therapeutics, Ltd.",INDUSTRY,ThisCART22 cells,,1,China,False,2026-09-07
NCT05038696,UNKNOWN,2021-04-28,PHASE1,"National University Hospital, Singapore",OTHER,CAR T-cell therapy,,1,Singapore,False,2026-09-07
NCT05023707,UNKNOWN,2021-12-31,PHASE1|PHASE2,The First Affiliated Hospital of Soochow University,OTHER,anti-FLT3 CAR-T,,1,China,False,2026-09-07
NCT05020678,ACTIVE_NOT_RECRUITING,2021-08-20,PHASE1,"Nkarta, Inc.",INDUSTRY,NKX019,,6,Australia|United States,True,2026-09-07
NCT04976218,UNKNOWN,2022-03-15,PHASE1,Chinese PLA General Hospital,OTHER,TGFβR-KO CAR-EGFR T Cells,,1,China,False,2026-09-07
NCT05015920,COMPLETED,2021-07-10,NA,"Shanghai BDgene Co., Ltd.",INDUSTRY,BD211 Drug Product,,1,China,False,2026-09-07
NCT05028933,UNKNOWN,2021-09-30,PHASE1,Zhejiang University,OTHER,EPCAM CAR-T,,2,China,False,2026-09-07
NCT05123209,UNKNOWN,2021-08-24,PHASE1,"Beijing Immunochina Medical Science & Technology Co., Ltd.",INDUSTRY,IM83 CAR-T cells|The second-line treatment of liver cancer,|,1,China,False,2026-09-07
NCT05152823,ENROLLING_BY_INVITATION,2021-11-04,PHASE1|PHASE2,Megan Waldrop,OTHER,Gene Therapy,,1,United States,True,2026-09-07
NCT05117008,TERMINATED,2022-07-19,PHASE2,Medical College of Wisconsin,OTHER,Belantamab mafodotin,Blenrep,1,United States,True,2026-09-07
NCT04998396,RECRUITING,2021-09-08,PHASE1|PHASE2,Aspa Therapeutics,INDUSTRY,AAV9 BBP-812,,4,United States,True,2026-09-07
NCT05117138,UNKNOWN,2022-01-01,PHASE1|PHASE2,"Beijing Immunochina Medical Science & Technology Co., Ltd.",INDUSTRY,AMT-116 CAR-T cells|AMT-253 CAR-T cells,|,1,China,False,2026-09-07
NCT05150522,UNKNOWN,2021-07-01,PHASE1|PHASE2,Shenzhen University General Hospital,OTHER,BCMA CAR-T cells,,1,China,False,2026-09-07
NCT05066165,TERMINATED,2021-12-17,PHASE1|PHASE2,Intellia Therapeutics,INDUSTRY,Arm 1: NTLA-5001|Arm 2: NTLA-5001,|,10,United Kingdom|United States,True,2026-09-07
NCT05121376,ACTIVE_NOT_RECRUITING,2022-02-15,PHASE1|PHASE2,BioMarin Pharmaceutical,INDUSTRY,Dose 1 of BMN 331|Dose 2 of BMN 331|Dose 3 of BMN 331|Dose 4 of BMN 331|Dose 5 of BMN 331|Dose 6 of BMN 331|Dose 7 of BMN 331,||||||,16,Australia|Spain|United States,True,2026-09-07
NCT04995003,RECRUITING,2021-12-07,PHASE1,Baylor College of Medicine,OTHER,T cells or CAR T cells|Pembrolizumab Injectable Product|Nivolumab Injectable Product,HER2 CAR T cells|immune checkpoint inhibitor|immune checkpoint inhibitor,1,United States,True,2026-09-07
NCT05105867,UNKNOWN,2021-09-29,EARLY_PHASE1,920th Hospital of Joint Logistics Support Force of People's Liberation Army of China,OTHER,Anti-CD19 Universal CAR-T Cells injection,,1,China,False,2026-09-07
NCT05008575,UNKNOWN,2021-12-23,PHASE1,Xinqiao Hospital of Chongqing,OTHER,anti-CD33 CAR NK cells|Fludarabine|Cytoxan,||,1,China,False,2026-09-07
NCT05371132,RECRUITING,2022-06-20,PHASE1,City of Hope Medical Center,OTHER,Positron Emission Tomography|Stereotactic Body Radiation Therapy|Zirconium Zr 89-Df-Crefmirlimab|Intensity Modulated Radiation Therapy,"Medical Imaging, Positron Emission Tomography;PET;PET Scan;Positron Emission Tomography Scan;Positron-Emission Tomography;proton magnetic resonance spectroscopic imaging|SABR;SBRT;Stereotactic Ablative Body Radiation Therapy|89Zr-Crefmirlimab Berdoxam;89Zr-Desferrioxamine-IAB22M2C;89Zr-Df-Crefmirlimab;89Zr-Df-IAB22M2C;Zirconium Zr 89-Df-IAB22M2C;ZIRCONIUM ZR-89-DESFERRIOXAMINE-IAB22M2C|IMRT",1,United States,True,2026-09-07
NCT05333302,UNKNOWN,2020-10-26,PHASE1,"Belarusian Research Center for Pediatric Oncology, Hematology and Immunology",OTHER,CD19 CAR-T-cells|Tocilizumab,|Actemra,1,Belarus,False,2026-09-07
NCT05252572,UNKNOWN,2022-02-28,EARLY_PHASE1,Zhejiang University,OTHER,CLL1 CAR T-cells,,2,China,False,2026-09-07
NCT05370430,RECRUITING,2022-06-13,PHASE1,"PeproMene Bio, Inc.",INDUSTRY,BAFFR-CAR T cells,,6,United States,True,2026-09-07
NCT05224505,ACTIVE_NOT_RECRUITING,2022-09-01,PHASE1,Atamyo Therapeutics,INDUSTRY,ATA-100 (AAV9 encoding FKRP gene),,3,Denmark|France|United Kingdom,True,2026-09-07
NCT05373147,UNKNOWN,2020-10-30,EARLY_PHASE1,Shanghai Mengchao Cancer Hospital,OTHER,αPD1-MSLN-CAR T cells,,1,China,False,2026-09-07
NCT05315778,UNKNOWN,2022-01-01,PHASE2,The First Affiliated Hospital of Soochow University,OTHER,autologous anti-BCMA chimeric antigen receptor T cells,,1,China,False,2026-09-07
NCT05248048,UNKNOWN,2021-09-13,EARLY_PHASE1,The Third Affiliated Hospital of Guangzhou Medical University,OTHER,CAR-T infusion,Natural killer group 2 member D (NKG2D) ligand-targeting chimeric antigen receptor (CAR) natural killer (NK) cells,1,China,False,2026-09-07
NCT05312411,ACTIVE_NOT_RECRUITING,2022-05-20,PHASE1,Seattle Children's Hospital,OTHER,SCRI-E2CAR_EGFRtv1|UB_TT170,|,1,United States,True,2026-09-07
NCT05207657,RECRUITING,2023-03-20,PHASE1|PHASE2,Great Ormond Street Hospital for Children NHS Foundation Trust,OTHER,Lentiviral vector transduced CD34+ cells,p47LV transduced autologous CD34+ cells,1,United Kingdom,True,2026-09-07
NCT05354375,RECRUITING,2022-12-01,PHASE1,The Affiliated Hospital of Xuzhou Medical University,OTHER,CAR-T cell immunotherapy,,1,China,False,2026-09-07
NCT05263817,UNKNOWN,2021-10-08,EARLY_PHASE1,Zhejiang University,OTHER,CD19/BCMA CAR T-cells,CD19/BCMA CAR T-cells injection,1,China,False,2026-09-07
NCT05377827,SUSPENDED,2023-10-10,PHASE1,Washington University School of Medicine,OTHER,WU-CART-007,,1,United States,True,2026-09-07
NCT05353647,ACTIVE_NOT_RECRUITING,2022-07-12,PHASE2,David Williams,OTHER,Autologous CD34+ HSC cells transduced with the lentiviral vector containing a shRNA targeting BCL11a,,9,United States,True,2026-09-07
NCT05309213,UNKNOWN,2022-04-01,PHASE1|PHASE2,"Beijing Immunochina Medical Science & Technology Co., Ltd.",INDUSTRY,IM19 CAR-T cells,,0,,False,2026-09-07
NCT05366179,RECRUITING,2022-09-02,PHASE1,UNC Lineberger Comprehensive Cancer Center,OTHER,CAR.B7-H3T cells infusion,,1,United States,True,2026-09-07
NCT05243017,ACTIVE_NOT_RECRUITING,2021-10-07,PHASE1|PHASE2,UniQure Biopharma B.V.,INDUSTRY,intra-striatal rAAV5-miHTT,AMT-130,4,Poland|United Kingdom,True,2026-09-07
NCT05256641,RECRUITING,2023-01-23,PHASE1|PHASE2,Jonsson Comprehensive Cancer Center,OTHER,Acalabrutinib,ACP-196;Bruton Tyrosine Kinase Inhibitor ACP-196;Calquence,3,United States,True,2026-09-07
NCT05211557,UNKNOWN,2021-11-16,PHASE1|PHASE2,The Affiliated Hospital of Xuzhou Medical University,OTHER,fhB7H3.CAR-Ts,,1,China,False,2026-09-07
NCT05287165,UNKNOWN,2022-03-10,EARLY_PHASE1,"Beijing Immunochina Medical Science & Technology Co., Ltd.",INDUSTRY,IM96 CAR-T cells,,1,China,False,2026-09-07
NCT05204160,WITHDRAWN,2022-04-11,PHASE2,Emory University,OTHER,Pembrolizumab,Keytruda;Lambrolizumab;MK-3475;SCH 900475,1,United States,True,2026-09-07
NCT05210907,UNKNOWN,2022-02-15,PHASE1,Seoul National University Hospital,OTHER,SNUH-CD19-CAR-T,,1,South Korea,False,2026-09-07
NCT05312801,RECRUITING,2023-11-21,PHASE1,Luminary Therapeutics,INDUSTRY,BAFF CAR-T,LMY-920,2,United States,True,2026-09-07
NCT05239702,UNKNOWN,2022-02-28,EARLY_PHASE1,Zhejiang University,OTHER,CD7 CAR T-cells,CD7 CAR-T cells injection,1,China,False,2026-09-07
NCT05364424,COMPLETED,2022-11-04,PHASE1,Hoffmann-La Roche,INDUSTRY,Glofitamab|Obinutuzumab|Tocilizumab|Rituximab|Ifosfamide|Carboplatin|Etoposide,||||||,9,United States,True,2026-09-07
NCT05372692,COMPLETED,2022-04-12,NA,"Weijia Fang, MD",OTHER,mesothelin-specific chimeric antigen receptor T cell injection,LD013,1,China,False,2026-09-07
NCT05270772,UNKNOWN,2021-02-25,PHASE1,Chinese PLA General Hospital,OTHER,CAR-T-19 Cells,,1,China,False,2026-09-07
NCT05239676,UNKNOWN,2022-02-28,EARLY_PHASE1,Zhejiang University,OTHER,Autologous hematopoietic stem cell transplantation combined with CD19 CAR-T cells,,1,China,False,2026-09-07
NCT05345171,ACTIVE_NOT_RECRUITING,2022-10-18,PHASE3,Ultragenyx Pharmaceutical Inc,INDUSTRY,DTX301|Placebo|Oral Corticosteroids|Placebo for oral corticosteroids|Sodium Acetate,avalotcagene ontaparvovec||Prednisolone||,16,Argentina|Brazil|Canada|France|Germany|Japan|Netherlands|Portugal|Spain|United States,True,2026-09-07
NCT05349266,UNKNOWN,2022-03-18,PHASE1,Zhejiang University,OTHER,ThisCART19A,,1,China,False,2026-09-07
NCT05257083,ACTIVE_NOT_RECRUITING,2023-10-10,PHASE3,Stichting European Myeloma Network,NETWORK,Daratumumab|Bortezomib|Lenalidomide|Dexamethasone|Cilta-cel|Cyclophosphamide|Fludarabine,||||JNJ-68284528||,106,Australia|Belgium|Canada|Czechia|France|Germany|Greece|Israel|Japan|Netherlands|Norway|Spain|Sweden|Switzerland|United Kingdom|United States,True,2026-09-07
NCT05225831,UNKNOWN,2021-08-15,EARLY_PHASE1,"Hebei Senlang Biotechnology Inc., Ltd.",INDUSTRY,"Autologous CD19/CD22 Chimeric Antigen Receptor T-cells|Cyclophosphamide,Fludarabine",SL19+22 CAR-T|,1,China,False,2026-09-07
NCT05325801,UNKNOWN,2022-04,PHASE1,Zhejiang University,OTHER,BMCA and GPRC5D dual target CAR-T cells(OriC321),,0,,False,2026-09-07
NCT05277753,TERMINATED,2026-06-01,PHASE1,Shenzhen Geno-Immune Medical Institute,OTHER,Antigen-specific T cells CAR-T/CTL and DCvac,,1,China,False,2026-09-07
NCT05302037,RECRUITING,2024-11-19,PHASE1,CytoMed Therapeutics Pte Ltd,INDUSTRY,Allogeneic NKG2DL-targeting Chimeric Antigen Receptor-grafted γδ T Cells (CTM-N2D),,1,Singapore,False,2026-09-07
NCT05190185,UNKNOWN,2021-06-01,PHASE1,"PersonGen BioTherapeutics (Suzhou) Co., Ltd.",INDUSTRY,TAA06 injection,,1,China,False,2026-09-07
NCT05322330,COMPLETED,2022-02-10,PHASE2,The First Affiliated Hospital of Soochow University,OTHER,Selinexor|Flu|CTX|CAR-T,XPO-1 Inhibitor|Fludarabine|Cyclophosphamide|Chimeric antigen receptor-modified T (CAR-T) cell therapy,1,China,False,2026-09-07
NCT05260957,RECRUITING,2022-12-14,PHASE2,Lazaros Lekakis,OTHER,Mosunetuzumab|Polatuzumab|CAR-T Cell Therapy,BTCT4465A|Polatuzumab Vedotin;RO5541077;Polivy|Chimeric antigen receptor T-Cell Therapy,1,United States,True,2026-09-07
NCT05329649,ACTIVE_NOT_RECRUITING,2022-05-02,PHASE3,Vertex Pharmaceuticals Incorporated,INDUSTRY,CTX001,Exagamglogene autotemcel;Exa-cel,7,Germany|Italy|United Kingdom|United States,True,2026-09-07
NCT05181501,NOT_YET_RECRUITING,2022-04,PHASE1,"Nanjing IASO Biotechnology Co., Ltd.",INDUSTRY,Fully human BCMA chimeric antigen receptor autologous T cell injection (CT103A),CT103A,4,China,False,2026-09-07
NCT05323201,RECRUITING,2022-02-10,PHASE1|PHASE2,The Affiliated Hospital of Xuzhou Medical University,OTHER,fhB7H3.CAR-Ts|Fludarabine|Cyclophosphamide,B7H3 targeting chimeric antigen receptor T cells|FLUDARA|Cytoxan,1,China,False,2026-09-07
NCT05275062,UNKNOWN,2022-02-15,EARLY_PHASE1,"Beijing Immunochina Medical Science & Technology Co., Ltd.",INDUSTRY,IM92 CAR-T cells,,1,China,False,2026-09-07
NCT05241444,RECRUITING,2022-03-22,PHASE1,"Bacchetta, Rosa, MD",OTHER,CD4^LVFOXP3,CD4^LVFOXP3 Treg-like cells,1,United States,True,2026-09-07
NCT05346198,UNKNOWN,2021-03-12,PHASE1,"Shanghai Simnova Biotechnology Co.,Ltd.",INDUSTRY,CART-BCMA,,2,China,False,2026-09-07
NCT05269914,UNKNOWN,2022-04,NA,The Affiliated Hospital of Qingdao University,OTHER,Autologous anti-CD19 CAR-T cell injection,,0,,False,2026-09-07
NCT05286164,UNKNOWN,2022-04,PHASE2,Tel-Aviv Sourasky Medical Center,OTHER_GOV,Eltrombopag,,1,Israel,False,2026-09-07
NCT05234190,ACTIVE_NOT_RECRUITING,2022-01-21,PHASE1|PHASE2,Quell Therapeutics Limited,INDUSTRY,QEL-001,HLA-A2 CAR-Treg,10,Belgium|Spain|United Kingdom,True,2026-09-07
NCT05239143,ACTIVE_NOT_RECRUITING,2022-02-15,PHASE1,"Poseida Therapeutics, Inc.",INDUSTRY,P-MUC1C-ALLO1 CAR-T cells|Rimiducid,|,14,United States,True,2026-09-07
NCT05310591,RECRUITING,2023-03-15,PHASE1|PHASE2,Assistance Publique - Hôpitaux de Paris,OTHER,Decreasing starting times for beginning nivolumab (Time to Event Continual Reassessment Method (TITE-CRM) )|Nivolumab starting at day -1,|,13,France,True,2026-09-07
NCT05334823,UNKNOWN,2022-01-26,PHASE2,"Chongqing Precision Biotech Co., Ltd",INDUSTRY,pCAR-19B cells,,10,China,False,2026-09-07
NCT05319314,RECRUITING,2022-08-01,PHASE1|PHASE2,"Lyell Immunopharma, Inc.",INDUSTRY,LYL273,,4,United States,True,2026-09-07
NCT05228145,ACTIVE_NOT_RECRUITING,2022-01-31,PHASE1|PHASE2,Neurogene Inc.,INDUSTRY,NGN-101,,2,United Kingdom|United States,True,2026-09-07
NCT05217641,ACTIVE_NOT_RECRUITING,2022-02-11,PHASE1,National Institute of Allergy and Infectious Diseases (NIAID),NIH,BG505 MD39.3 mRNA|BG505 MD39.3 gp151 mRNA|BG505 MD39.3 gp151 CD4KO mRNA,||,10,United States,True,2026-09-07
NCT05336383,RECRUITING,2022-05-31,PHASE2,M.D. Anderson Cancer Center,OTHER,Radiation Therapy,,1,United States,True,2026-09-07
NCT05202782,ACTIVE_NOT_RECRUITING,2022-03-21,PHASE2,Northwestern University,OTHER,Chimeric Antigen Receptor T-Cell Therapy|Quality-of-Life Assessment|Questionnaire Administration|Zanubrutinib,CAR T Infusion;CAR T Therapy;CAR T-cell Therapy;Chimeric Antigen Receptor T-cell Infusion|Quality of Life Assessment||BGB-3111;Brukinsa;BTK-InhB,2,United States,True,2026-09-07
NCT05262673,TERMINATED,2026-06-01,PHASE1,Shenzhen Geno-Immune Medical Institute,OTHER,Antigen-specific T cells CART/CTL and DCvac,,1,China,False,2026-09-07
NCT05274451,TERMINATED,2022-03-29,PHASE1,"Lyell Immunopharma, Inc.",INDUSTRY,LYL797,,18,United States,True,2026-09-07
NCT05201781,RECRUITING,2022-03-09,PHASE4,"Janssen Research & Development, LLC",INDUSTRY,Cilta-cel,JNJ-68284528;LCAR-B38M CAR-T cells,50,Belgium|China|France|Israel|Japan|Netherlands|Spain|United States,True,2026-09-07
NCT05298995,RECRUITING,2023-11-09,PHASE1,Bambino Gesù Hospital and Research Institute,OTHER,GD2-CART01 (iC9-GD2-CAR T-cells),,1,Italy,True,2026-09-07
NCT05208853,UNKNOWN,2022-02-10,EARLY_PHASE1,Zhejiang University,OTHER,Anti CD30 CAR-T Cell Injection,,1,China,False,2026-09-07
NCT05210530,COMPLETED,2022-01-24,PHASE1,CRISPR Therapeutics AG,INDUSTRY,VCTX210A unit,,3,Canada,False,2026-09-07
NCT05290155,COMPLETED,2022-05-04,PHASE1,"Shanghai General Hospital, Shanghai Jiao Tong University School of Medicine",OTHER,anti-CD7 CAR-T cells,,1,China,False,2026-09-07
NCT05199961,TERMINATED,2022-01-25,NA,Pack Health,INDUSTRY,Digital Health Coaching,,1,United States,True,2026-09-07
NCT05243212,RECRUITING,2021-09-19,PHASE1|PHASE2,Sheba Medical Center,OTHER_GOV,CAR-BCMA,,1,Israel,False,2026-09-07
NCT05277987,UNKNOWN,2022-03,EARLY_PHASE1,Shenzhen Fifth People's Hospital,OTHER,HEC-016(0.5×10^6 CAR-T Cells)|HEC-016(0.5×10^6.5 CAR-T Cells)|HEC-016(0.5×10^7 CAR-T Cells),||,1,China,False,2026-09-07
NCT05320081,UNKNOWN,2021-11-30,PHASE2,Huazhong University of Science and Technology,OTHER,CD30 CAR-T|Camrelizumab,|,2,China,False,2026-09-07
NCT05248685,WITHDRAWN,2022-02-16,PHASE1,Beijing Boren Hospital,OTHER,Dual CD33/CLL1 CAR T,,1,China,False,2026-09-07
NCT05239689,UNKNOWN,2022-02-28,EARLY_PHASE1,Zhejiang University,OTHER,CD38 CAR T-cells,,1,China,False,2026-09-07
NCT05352828,ACTIVE_NOT_RECRUITING,2022-07-25,PHASE1,Tessa Therapeutics,INDUSTRY,Nivolumab|Autologous CD30.CAR-T|Fludarabine|Bendamustine,Opdivo|CD30-directed CAR-T cells|Fludara|Bendeka;Treanda,5,United States,True,2026-09-07
NCT05191472,TERMINATED,2022-05-03,PHASE2,"Alfred Chung, MD",OTHER,Pembrolizumab,Keytruda;Lambrolizumab;MK-3475,1,United States,True,2026-09-07
NCT05338931,RECRUITING,2022-03-15,PHASE1|PHASE2,AbClon,INDUSTRY,AT101(Anti-CD19 Chimeric Antigen Receptor T cell),AT101,1,South Korea,False,2026-09-07
NCT05182073,COMPLETED,2021-11-10,PHASE1,Fate Therapeutics,INDUSTRY,FT576 (Allogenic CAR NK cells with BCMA expression)|Cyclophosphamide|Fludarabine|Daratumumab|Bendamustine,|||Darzalex;Darzalex Faspro|Bendeka;Treanda,14,United States,True,2026-09-07
NCT05359211,ACTIVE_NOT_RECRUITING,2022-12-08,PHASE1,Fred Hutchinson Cancer Center,OTHER,Cyclophosphamide|Fludarabine|Lisocabtagene Maraleucel|Polymer-conjugated IL-15 Receptor Agonist NKTR-255|X-Ray Imaging|Echocardiography|Multigated Acquisition Scan|Bone Marrow Biopsy|Bone Marrow Aspiration|Lumbar Puncture|Computed Tomography|Positron Emission Tomography|Biospecimen Collection|Biopsy,"(-)-Cyclophosphamide;2H-1,3,2-Oxazaphosphorine, 2-[bis(2-chloroethyl)amino]tetrahydro-, 2-oxide, monohydrate;Carloxan;Ciclofosfamida;Ciclofosfamide;Cicloxal;Clafen;Claphene;CP monohydrate;CTX;CYCLO-cell;Cycloblastin;Cycloblastine;Cyclophospham;Cyclophosphamid monohydrate;Cyclophosphamide Monohydrate;Cyclophosphamidum;Cyclophosphan;Cyclophosphane;Cyclophosphanum;Cyclostin;Cyclostine;Cytophosphan;Cytophosphane;Cytoxan;Fosfaseron;Genoxal;Genuxal;Ledoxina;Mitoxan;Neosar;Revimmune;Syklofosfamid;WR- 138719;Asta B 518;B-518|Fluradosa|Anti-CD19-CAR Genetically Engineered Autologous T Lymphocytes JCAR017;Anti-CD19-CAR Genetically Engineered Autologous T-lymphocytes JCAR017;Autologous Anti-CD19-EGFRt-4-1BB-zeta-modified CAR CD8+ and CD4+ T-lymphocytes JCAR017;Breyanzi;JCAR 017;JCAR017;Liso-cel|IL-15 Receptor Agonist NKTR-255;Long-acting Polymer-conjugated IL-15;NKTR 255;NKTR-255;NKTR255|Conventional X-Ray;Diagnostic Radiology;Medical Imaging;Plain film radiographs;Radiographic Imaging|EC|Blood Pool Scan;Equilibrium Radionuclide Angiography;Gated Blood Pool Imaging;MUGA;MUGA Scan;Multi-Gated Acquisition Scan;Radionuclide Ventriculogram Scan;Synchronized Multigated Acquisition Scanning;RNVG;SYMA Scanning|Biopsy of Bone Marrow||LP;spinal tap|CAT Scan;Computed Axial Tomography;CT;CT SCAN|Medical Imaging;PET;PET scan;Positron-Emission Tomography;proton magnetic resonance spectroscopic imaging;PT|Biological Sample Collection|Bx",1,United States,True,2026-09-07
NCT05268172,UNKNOWN,2022-12-20,PHASE1,Affiliated Hospital of Jiangnan University,OTHER,"IFN-γ and CIK cells, Tcm cells or CAR T cells",,1,China,False,2026-09-07
NCT05241392,ACTIVE_NOT_RECRUITING,2022-01-27,PHASE1,Beijing Tiantan Hospital,OTHER,B7-H3-targeting CAR-T cells,,1,China,False,2026-09-07
NCT05223686,UNKNOWN,2022-02-10,PHASE1,"Hrain Biotechnology Co., Ltd.",INDUSTRY,Human CD19-CD22 Targeted T Cells Injection,CD19-CD22 CAR-T,1,China,False,2026-09-07
NCT05213195,UNKNOWN,2021-12-10,PHASE1,Zhejiang University,OTHER,NKG2D CAR-NK,Natural killer group 2 member D (NKG2D) ligand-targeting chimeric antigen receptor (CAR) natural killer (NK) cells,1,China,False,2026-09-07
NCT05341492,RECRUITING,2022-05-01,EARLY_PHASE1,Second Affiliated Hospital of Guangzhou Medical University,OTHER,EGFR/B7H3 CAR-T,,1,China,False,2026-09-07
NCT05312476,WITHDRAWN,2026-05-26,PHASE2,The First Affiliated Hospital of Soochow University,OTHER,Chimeric Antigen Receptor T Cells (CAR-T) Targeting Igβ Targets,Chimeric antigen receptor-modified T (CAR-T) cell therapy,1,China,False,2026-09-07
NCT05203679,ACTIVE_NOT_RECRUITING,2021-12-30,PHASE2|PHASE3,"Shanghai Xinzhi BioMed Co., Ltd.",INDUSTRY,Single dose intravenous injection of BBM-H901,,9,China,False,2026-09-07
NCT05212584,UNKNOWN,2022-07-01,PHASE1,iCell Gene Therapeutics,INDUSTRY,CD7CAR T cells,,1,China,False,2026-09-07
NCT05353530,RECRUITING,2023-07-25,PHASE1,University of Florida,OTHER,Ex-Vivo expanded autologous IL-8 receptor (CXCR2) modified CD70 CAR (8R-70CAR) T cells,8R-70CAR T cells,1,United States,True,2026-09-07
NCT05219721,RECRUITING,2022-03-17,PHASE1,Chunrui Li,OTHER,CAR-T (CAR-GPRC5D),,1,China,False,2026-09-07
NCT05302271,RECRUITING,2022-02-22,PHASE1,Weill Medical College of Cornell University,OTHER,"AAVrh.10hFXN, serotype rh.10 adeno-associated virus (AAV) gene transfer vector expressing the cDNA coding for human FXN|Prednisone",|,1,United States,True,2026-09-07
NCT05284968,UNKNOWN,2022-04-01,EARLY_PHASE1,Peking University,OTHER,Cell injection,,0,,False,2026-09-07
NCT05302648,ACTIVE_NOT_RECRUITING,2022-02-09,EARLY_PHASE1,"Hrain Biotechnology Co., Ltd.",INDUSTRY,Human Derived anti-BCMA CAR-T Injection,BCMA CAR-T,1,China,False,2026-09-07
NCT05240950,RECRUITING,2022-08-25,PHASE1,Changhai Hospital,OTHER,Anti-CEA CAR-T Cells,,1,China,False,2026-09-07
NCT05370547,UNKNOWN,2022-05-25,PHASE1|PHASE2,Chinese PLA General Hospital,OTHER,Chidamide|Fludarabine and cyclophosphamide|Anti-CD19 CAR-T cells,HDACi|FC regimen|Relma-cel;Axi-cel;Other commercial CAR-T cells;Experimental CAR-T cells,13,China,False,2026-09-07
NCT05326243,RECRUITING,2022-05-31,PHASE1|PHASE2,"Pell Bio-Med Technology Co., Ltd.",INDUSTRY,CD19-targeted chimeric antigen receptor T-cell,PL001,5,Taiwan,False,2026-09-07
NCT05190653,UNKNOWN,2022-04-08,NA,"Alberta Health Services, Calgary",OTHER,Early palliative and supportive care,,1,Canada,False,2026-09-07
NCT05362331,WITHDRAWN,2023-01-01,NA,"University of California, San Francisco",OTHER,Web Application,Companion for CAR-T Web Application;CAR-T Web Application (CC);CAR-T Web App,0,,False,2026-09-07
NCT05265767,COMPLETED,2022-04-01,PHASE1,"Christian Medical College, Vellore, India",OTHER,Auto CD34+PBSC transduced with a lentiviral vector encoding a novel coagulation factor VIII transgene,,1,India,False,2026-09-07
NCT05281809,RECRUITING,2022-04-19,PHASE2,John Lister,OTHER,Chimeric Antigen Receptor (CAR) T-Cell Product (Autologous),,1,United States,True,2026-09-07
NCT05356195,ACTIVE_NOT_RECRUITING,2022-05-03,PHASE3,Vertex Pharmaceuticals Incorporated,INDUSTRY,CTX001,Exagamglogene autotemcel;Exa-cel,6,Canada|Germany|Italy|United Kingdom|United States,True,2026-09-07
NCT05225363,RECRUITING,2023-05-01,PHASE1,City of Hope Medical Center,OTHER,Chimeric Antigen Receptor T-cells|Cyclophosphamide|Fludarabine,"CAR T Cell;CAR T Cells;CAR T-cells;CAR-modified T-cells;CAR-T Cell;CAR-T Cells;Chimeric-antigen Receptor T-lymphocytes|(-)-Cyclophosphamide;2H-1,3,2-Oxazaphosphorine, 2-[bis(2-chloroethyl)amino]tetrahydro-, 2-oxide, monohydrate;Carloxan;Ciclofosfamida;Ciclofosfamide;Cicloxal;Clafen;Claphene;CP monohydrate;CTX;CYCLO-cell;Cycloblastin;Cycloblastine;Cyclophospham;Cyclophosphamid monohydrate;Cyclophosphamide Monohydrate;Cyclophosphamidum;Cyclophosphan;Cyclophosphane;Cyclophosphanum;Cyclostin;Cyclostine;Cytophosphan;Cytophosphane;Cytoxan;Fosfaseron;Genoxal;Genuxal;Ledoxina;Mitoxan;Neosar;Revimmune;Syklofosfamid;WR- 138719|Fluradosa",1,United States,True,2026-09-07
NCT05306080,RECRUITING,2022-04-17,EARLY_PHASE1,University of Pennsylvania,OTHER,Tadekinig alfa (IL-18BP),,1,United States,True,2026-09-07
NCT05344664,UNKNOWN,2022-04-14,PHASE1,Peking University,OTHER,GPC3-CAR-T cells,,0,,False,2026-09-07
NCT05266950,WITHDRAWN,2021-12-13,PHASE1,Beijing Boren Hospital,OTHER,CI-135 CAR-T cells (0.5 x 10^6 CAR-T+ cells/kg，1.0 x 10^6 CAR-T+ cells/kg),,1,China,False,2026-09-07
NCT05206071,UNKNOWN,2021-05-01,NA,"Hebei Senlang Biotechnology Inc., Ltd.",INDUSTRY,CD19+22 CAR-T cells,CD19+22 CAR-T,1,China,False,2026-09-07
NCT05231369,UNKNOWN,2022-12-14,PHASE1,Chulalongkorn University,OTHER,ChulaCov19 BNA159 mRNA vaccine,,2,Thailand,False,2026-09-07
NCT05489991,TERMINATED,2022-09-06,PHASE1|PHASE2,"Tceleron Therapeutics, Inc.",INDUSTRY,TmPSMA-02,,1,United States,True,2026-09-07
NCT05483491,RECRUITING,2022-09-26,PHASE1,Christian Hinrichs,OTHER,KK-LC-1 TCR-T cells|Aldesleukin,KK-LC-1 TCR;TIL;Adoptive cell transfer;CAR-T;TCR|Proleukin,2,United States,True,2026-09-07
NCT05442580,TERMINATED,2023-05-30,PHASE1,University of Pennsylvania,OTHER,3x10(6) CART-38 cellls|7x10(5) CART-38 cells|7x10(6) CART-38 cells|3x10(7) CART-38 cells|Cyclophosphamide|Fludarabine,|||||,1,United States,True,2026-09-07
NCT05538195,COMPLETED,2022-06-07,PHASE1|PHASE2,"Chongqing Precision Biotech Co., Ltd",INDUSTRY,CEA-targeted CAR-T cells|CEA-targeted CAR-T cells,|,1,China,False,2026-09-07
NCT05473221,UNKNOWN,2022-08-02,PHASE1,Zhejiang University,OTHER,CD33 CAR-T,,1,China,False,2026-09-07
NCT05436223,UNKNOWN,2021-08-09,PHASE2,"Hrain Biotechnology Co., Ltd.",INDUSTRY,Human CD19Targeted T Cells Injection,CD19 CAR-T,1,China,False,2026-09-07
NCT05420545,UNKNOWN,2021-12-31,PHASE1,"Chongqing Precision Biotech Co., Ltd",INDUSTRY,CD70 CAR-T cells|CD70 CAR-T cells,|,1,China,False,2026-09-07
NCT05540873,UNKNOWN,2022-07-18,PHASE1,CellabMED,INDUSTRY,YYB-103,,1,South Korea,False,2026-09-07
NCT05478343,UNKNOWN,2021-05-06,EARLY_PHASE1,"Beijing Immunochina Medical Science & Technology Co., Ltd.",INDUSTRY,IM21 CAR-T cells,,1,China,False,2026-09-07
NCT05523661,UNKNOWN,2021-03-01,PHASE1,"Shanghai General Hospital, Shanghai Jiao Tong University School of Medicine",OTHER,Dasatinib plus anti-CD19/CD22 CAR-T cells,,1,China,False,2026-09-07
NCT05458297,ACTIVE_NOT_RECRUITING,2022-07-21,PHASE2,Merck Sharp & Dohme LLC,INDUSTRY,Zilovertamab vedotin|Nemtabrutinib,MK-2140|MK-1026,109,Brazil|Canada|Chile|China|Czechia|Estonia|Germany|Ireland|Israel|Italy|Japan|Peru|Poland|Portugal|Singapore|South Korea|Spain|Sweden|Turkey (Türkiye)|United Kingdom|United States,True,2026-09-07
NCT05515185,UNKNOWN,2022-09-09,EARLY_PHASE1,The First People's Hospital of Lianyungang,OTHER,KT095 CAR-T injection,Fludarabine;Cyclophosphamide,1,China,False,2026-09-07
NCT05454774,RECRUITING,2022-07-19,EARLY_PHASE1,"Institute of Hematology & Blood Diseases Hospital, China",OTHER,Single dose intravenous injection of BBM 002,,1,China,False,2026-09-07
NCT05514249,UNKNOWN,2022-08-31,PHASE1,"Cure Rare Disease, Inc",OTHER,CRD-TMH-001,,1,United States,True,2026-09-07
NCT05507996,TERMINATED,2022-08-18,EARLY_PHASE1,Kunming Hope of Health Hospital,OTHER,Recombinant adeno-associated virus administration,,1,China,False,2026-09-07
NCT05541627,ACTIVE_NOT_RECRUITING,2022-10-12,PHASE1|PHASE2,"AskBio France, SAS, a subsidiary of AskBio Inc.",INDUSTRY,AB-1001 Gene Therapy,AAVrh10.CAG.hCYP46A1 (previously BV-101),1,France,True,2026-09-07
NCT05467202,UNKNOWN,2022-08-01,PHASE1,Zhejiang University,OTHER,CLL1 CAR-T,,1,China,False,2026-09-07
NCT05459870,NOT_YET_RECRUITING,2027-06-01,PHASE1|PHASE2,Shenzhen Geno-Immune Medical Institute,OTHER,4SCAR T cells,,1,China,False,2026-09-07
NCT05432882,NOT_YET_RECRUITING,2027-06-01,PHASE1|PHASE2,Shenzhen Geno-Immune Medical Institute,OTHER,bi-4SCAR CD19/22 T cells,,1,China,False,2026-09-07
NCT05509530,UNKNOWN,2022-05-01,PHASE2,Xuzhou Medical University,OTHER,anti-BCMA/GPRC5D CAR-T CELL,,1,China,False,2026-09-07
NCT05487495,WITHDRAWN,2022-08-03,PHASE1,Beijing Boren Hospital,OTHER,CD5 CAR T (CT125B),,1,China,False,2026-09-07
NCT05412329,UNKNOWN,2022-06-13,PHASE1,Shanghai Changzheng Hospital,OTHER,GC012F injection,,1,China,False,2026-09-07
NCT05518253,RECRUITING,2022-05-30,PHASE1,"Weijia Fang, MD",OTHER,CD70 CAR-T cells|CD70 CAR-T cells,|,1,China,False,2026-09-07
NCT05477563,RECRUITING,2022-08-02,PHASE3,Vertex Pharmaceuticals Incorporated,INDUSTRY,CTX001,Exagamglogene autotemcel;Exa-cel,6,Germany|Italy|Saudi Arabia|United States,True,2026-09-07
NCT05441553,UNKNOWN,2022-07,PHASE1|PHASE2,"Shanghai Vitalgen BioPharma Co., Ltd.",INDUSTRY,VGB-R04,,1,China,False,2026-09-07
NCT05398029,COMPLETED,2022-07-05,PHASE1,"Verve Therapeutics, Inc.",INDUSTRY,VERVE-101,,3,New Zealand|United Kingdom,True,2026-09-07
NCT05468190,UNKNOWN,2022-07-17,PHASE1,"Chongqing Precision Biotech Co., Ltd",INDUSTRY,CD70 CAR-T cells|CD70 CAR-T cells,|,1,China,False,2026-09-07
NCT05513612,WITHDRAWN,2020-08-01,PHASE1,Shanghai Pudong Hospital,OTHER,Autologous CAR-T cells|Fludarabine|Cyclophosphamide,|Fludara|Cytoxan,1,China,False,2026-09-07
NCT05396885,ACTIVE_NOT_RECRUITING,2022-07-15,PHASE2,"Kite, A Gilead Company",INDUSTRY,anitocabtagene-autoleucel,CART-ddBCMA,18,United States,True,2026-09-07
NCT05523128,UNKNOWN,2022-09-29,NA,"Institute of Hematology & Blood Diseases Hospital, China",OTHER,ZS802,,1,China,False,2026-09-07
NCT05488132,UNKNOWN,2022-04-01,PHASE1|PHASE2,Xuzhou Medical University,OTHER,anti-siglec-6 CAR-T cell therapy,,1,China,False,2026-09-07
NCT05467254,UNKNOWN,2022-08-02,PHASE1,Zhejiang University,OTHER,CLL1+CD33 CAR-T,,1,China,False,2026-09-07
NCT05437341,TERMINATED,2026-06-01,PHASE1|PHASE2,Shenzhen Geno-Immune Medical Institute,OTHER,bi-4SCAR PSMA/CD70 T cells,,1,China,False,2026-09-07
NCT05437315,NOT_YET_RECRUITING,2026-12-31,PHASE1|PHASE2,Shenzhen Geno-Immune Medical Institute,OTHER,bi-4SCAR GD2/PSMA T cells,,1,China,False,2026-09-07
NCT05451212,COMPLETED,2022-11-23,PHASE1,Cabaletta Bio,INDUSTRY,MuSK-CAART,,5,United States,True,2026-09-07
NCT05480501,UNKNOWN,2022-07-11,EARLY_PHASE1,"Beijing Immunochina Medical Science & Technology Co., Ltd.",INDUSTRY,IM19 CAR-T cells,,1,China,False,2026-09-07
NCT05495464,ACTIVE_NOT_RECRUITING,2022-11-18,EARLY_PHASE1,M.D. Anderson Cancer Center,OTHER,Acalabrutinib|Rituximab|Brexucabtagene Autoleucel|Cyclophosphamide|Fludarabine Phosphate,|Rituxan||Cytoxan®;Neosar®|Fludarabine;Fludara®,1,United States,True,2026-09-07
NCT05445011,RECRUITING,2022-06-14,PHASE1,"Union Hospital, Tongji Medical College, Huazhong University of Science and Technology",OTHER,Fludarabine + Cyclophosphamide + TAA05 Cell Injection,Fludarabine + Cyclophosphamide + Anti-FLT3 CAR-T Cell,1,China,False,2026-09-07
NCT05385263,UNKNOWN,2022-05-11,PHASE2,Tel-Aviv Sourasky Medical Center,OTHER_GOV,Nivolumab Injection [Opdivo],,1,Israel,False,2026-09-07
NCT05391490,RECRUITING,2023-02-06,PHASE1,"University College, London",OTHER,KCAT19 T cells,,1,United Kingdom,True,2026-09-07
NCT05539430,ACTIVE_NOT_RECRUITING,2023-04-18,PHASE1,Legend Biotech USA Inc,INDUSTRY,LB1908,,9,United States,True,2026-09-07
NCT05457010,ACTIVE_NOT_RECRUITING,2022-11-28,PHASE1,"Arcellx, Inc.",INDUSTRY,SPRX002|ARC-T Cells,|,5,United States,True,2026-09-07
NCT05388695,RECRUITING,2022-04-08,PHASE1,"Hebei Senlang Biotechnology Inc., Ltd.",INDUSTRY,Autologous CD19/CD22/CD20 Chimeric Antigen Receptor T-cells,,1,China,False,2026-09-07
NCT05420493,UNKNOWN,2021-09-06,PHASE1,"Chongqing Precision Biotech Co., Ltd",INDUSTRY,CAR-T cells,,1,China,False,2026-09-07
NCT05514327,RECRUITING,2022-09-01,NA,Peking Union Medical College Hospital,OTHER,ultra-fraction radiotherapy,,1,China,False,2026-09-07
NCT05422521,COMPLETED,2022-08-29,NA,Centre Hospitalier Universitaire de Nice,OTHER,blood samples and 18FDG PET-CT exams,,1,France,True,2026-09-07
NCT05397184,UNKNOWN,2022-04-19,PHASE1,Great Ormond Street Hospital for Children NHS Foundation Trust,OTHER,Cryopreserved BE CAR7 T cells (BE752TBCCLCAR7PBL),BECAR7,1,United Kingdom,True,2026-09-07
NCT05394064,TERMINATED,2022-11-17,PHASE1|PHASE2,"SwanBio Therapeutics, Inc.",INDUSTRY,SBT101 Treatment,,2,Netherlands|United States,True,2026-09-07
NCT05554575,UNKNOWN,2022-10,PHASE1,"Bioceltech Therapeutics, Ltd.",INDUSTRY,BT-007 CD7 CAR-T cells,,1,China,False,2026-09-07
NCT05474378,RECRUITING,2022-07-12,PHASE1,Stanford University,OTHER,B7-H3CART,B7H3-CAR T,1,United States,True,2026-09-07
NCT05535855,RECRUITING,2024-01-24,PHASE1,"University of Colorado, Denver",OTHER,CD19 Directed CAR T Cell,UCD19 CAR T cells,1,United States,True,2026-09-07
NCT05396300,COMPLETED,2022-05-25,PHASE1,"Weijia Fang, MD",OTHER,Intraperitoneal infusion of FAST CEA-targeted CAR-T|CEA CAR-T cells|CEA CAR-T cells,||,1,China,False,2026-09-07
NCT05420519,UNKNOWN,2021-12-31,PHASE1,"Chongqing Precision Biotech Co., Ltd",INDUSTRY,CD70 CAR-T cells,,1,China,False,2026-09-07
NCT05544526,RECRUITING,2023-08-15,PHASE1,"University College, London",OTHER,GD2 CAR T cells,,1,United Kingdom,True,2026-09-07
NCT05507827,ACTIVE_NOT_RECRUITING,2022-08-18,PHASE1,Stanford University,OTHER,Allogeneic donor-derived T-cells transduced with bivalent lentiviral vector (CD19/CD22-BBz) chimeric antigen receptor (CAR)|Treg CD34+HSPC (Orca-T),|,1,United States,True,2026-09-07
NCT05437328,TERMINATED,2026-06-01,PHASE1|PHASE2,Shenzhen Geno-Immune Medical Institute,OTHER,bi-4SCAR GD2/CD56 T cells,,1,China,False,2026-09-07
NCT05445765,UNKNOWN,2022-07-01,PHASE1,iCell Gene Therapeutics,INDUSTRY,anti-CD33 CAR T cells,,1,China,False,2026-09-07
NCT05431608,ACTIVE_NOT_RECRUITING,2022-06-20,PHASE1,Memorial Sloan Kettering Cancer Center,OTHER,MCARH125|MCARH109,|,7,United States,True,2026-09-07
NCT05477446,UNKNOWN,2022-10-01,PHASE1,Beijing Friendship Hospital,OTHER,CD207 CAR-T cells,,1,China,False,2026-09-07
NCT05429905,UNKNOWN,2022-07-18,PHASE1|PHASE2,KK Women's and Children's Hospital,OTHER_GOV,Phase I|Phase II,|,1,Singapore,False,2026-09-07
NCT05518188,RECRUITING,2023-02-15,PHASE1|PHASE2,Elpida Therapeutics SPC,INDUSTRY,MELPIDA,,1,United States,True,2026-09-07
NCT05470777,ACTIVE_NOT_RECRUITING,2020-01-19,PHASE2,The First Affiliated Hospital of Soochow University,OTHER,"CD22/CD19 CAR T and auto-HSCT ""sandwich"" strategy",,1,China,False,2026-09-07
NCT05531708,WITHDRAWN,2021-04-02,PHASE1,Shanghai Pudong Hospital,OTHER,Anti-mesothelin CAR-T cells|Fludarabine|Cyclophosphamide,|Fludara|Cytoxan,1,China,False,2026-09-07
NCT05444894,ACTIVE_NOT_RECRUITING,2022-04-29,PHASE1|PHASE2,"Editas Medicine, Inc.",INDUSTRY,EDIT-301,renizgamglogene autogedtemcel;reni-cel,8,Canada|United States,True,2026-09-07
NCT05454566,NOT_YET_RECRUITING,2026-11-15,PHASE1|PHASE2,ICM Co. Ltd.,INDUSTRY,ICM-203,,0,,False,2026-09-07
NCT05416554,WITHDRAWN,2025-12,NA,Stanford University,OTHER,Neuropsychological testing,,1,United States,True,2026-09-07
NCT05418088,RECRUITING,2022-06-30,PHASE1,Sumithira Vasu,OTHER,Anti-CD19/CD20/CD22 CAR T-Cells|Cyclophosphamide|Fludarabine Phosphate|Echocardiography|Multigated Acquisition Scan|Biopsy|Pheresis|Bone Marrow Aspiration and Biopsy|Biospecimen Collection,"Anti-CD19/20/22 Chimeric Antigen Receptor T-Cells;CD19/CD20/CD22-targeted CAR-T Cells|(-)-Cyclophosphamide;2H-1,3,2-Oxazaphosphorine, 2-[bis(2-chloroethyl)amino]tetrahydro-, 2-oxide, monohydrate;Carloxan;Ciclofosfamida;Ciclofosfamide;Cicloxal;Clafen;Claphene;CP monohydrate;CTX;CYCLO-cell;Cycloblastin;Cycloblastine;Cyclophospham;Cyclophosphamid monohydrate;Cyclophosphamide Monohydrate;Cyclophosphamidum;Cyclophosphan;Cyclophosphane;Cyclophosphanum;Cyclostin;Cyclostine;Cytophosphan;Cytophosphane;Cytoxan;Fosfaseron;Genoxal;Genuxal;Ledoxina;Mitoxan;Neosar;Revimmune;Syklofosfamid;WR- 138719|2-F-ara-AMP;9H-Purin-6-amine, 2-fluoro-9-(5-O-phosphono-.beta.-D-arabinofuranosyl)-;Beneflur;Fludara;SH T 586|EC|Blood Pool Scan;Equilibrium Radionuclide Angiography;Gated Blood Pool Imaging;Gated Heart Pool Scan;MUGA;MUGA Scan;Multi-gated Acquisition Scan;Radionuclide Ventriculogram Scan;Radionuclide Ventriculography;RNV Scan;RNVG;SYMA Scanning;Synchronized Multigated Acquisition Scanning|BIOPSY_TYPE;Bx|Apheresed;apheresis;Blood Component Removal;Collection;Apheresis/Leukapheresis;Hemapheresis||Biological Sample Collection;Biospecimen Collected;Specimen Collection",2,United States,True,2026-09-07
NCT05480449,RECRUITING,2022-09-20,PHASE1|PHASE2,Stephan Grupp MD PhD,OTHER,Autologous Humanized CD19-Directed Chimeric Antigen Receptor T-Cells (huCART19),,1,United States,True,2026-09-07
NCT05430945,UNKNOWN,2022-06-20,EARLY_PHASE1,Zhejiang University,OTHER,BCMA Targeted CAR T-cells,BCMA Targeted CAR T-cells injection,1,China,False,2026-09-07
NCT05432401,UNKNOWN,2022-06-09,EARLY_PHASE1,"PersonGen BioTherapeutics (Suzhou) Co., Ltd.",INDUSTRY,T cell injection targeting FLT3 chimeric antigen receptor,TAA05 Injection,1,China,False,2026-09-07
NCT05454241,COMPLETED,2022-09-07,PHASE2,"Institute of Hematology & Blood Diseases Hospital, China",OTHER,Anti-CD7 CAR-T,,1,China,False,2026-09-07
NCT05382377,UNKNOWN,2022-05-17,EARLY_PHASE1,jianming xu,OTHER,KD-025,,1,China,False,2026-09-07
NCT05442515,RECRUITING,2022-12-28,PHASE1|PHASE2,National Cancer Institute (NCI),NIH,CD19/CD22-CAR-transduced T cells|cyclophosphamide|fludarabine,||,1,United States,True,2026-09-07
NCT05474885,UNKNOWN,2022-04-01,PHASE1,iCell Gene Therapeutics,INDUSTRY,BCMA-CD19 cCAR T cells,,1,China,False,2026-09-07
NCT05404048,ACTIVE_NOT_RECRUITING,2022-05-18,PHASE2,University Medical Center Groningen,OTHER,89Zr-atezolizumab PET-imaging,,1,Netherlands,True,2026-09-07
NCT05477927,RECRUITING,2023-02-15,PHASE1,Sichuan University,OTHER,Dual-targeting VEGFR1/PD-L1 CAR-T cells,,1,China,False,2026-09-07
NCT05421663,ACTIVE_NOT_RECRUITING,2022-08-12,PHASE1|PHASE2,"Janssen Research & Development, LLC",INDUSTRY,JNJ-90014496,,32,Australia|Canada|Denmark|Netherlands|South Korea|Spain|United Kingdom|United States,True,2026-09-07
NCT05528887,UNKNOWN,2021-09-16,PHASE1,The Affiliated People's Hospital of Ningbo University,OTHER_GOV,Autologous CAR-T cells|Fludarabine|Cyclophosphamide,|Fludara|Cytoxan,1,China,False,2026-09-07
NCT05436509,TERMINATED,2026-06-01,PHASE1|PHASE2,Shenzhen Geno-Immune Medical Institute,OTHER,bi-4SCAR CD19/79b T cells,,1,China,False,2026-09-07
NCT05536973,ACTIVE_NOT_RECRUITING,2022-08-23,PHASE2,"Adverum Biotechnologies, Inc.",INDUSTRY,ADVM-022|ADVM-022,|,39,France|United Kingdom|United States,True,2026-09-07
NCT05535673,UNKNOWN,2022-09-02,PHASE1,Zhengzhou University,OTHER,ThisCART19A,,0,,False,2026-09-07
NCT05510596,COMPLETED,2022-09-22,NA,"University Hospital, Montpellier",OTHER,Magnetic Resonance Imaging with contrast injection|Blood withdrawal|Neuropsychological tests,||,1,France,True,2026-09-07
NCT05521802,RECRUITING,2022-11-11,PHASE1|PHASE2,Shanghai AbelZeta Ltd.,INDUSTRY,B-cell maturation antigen (BCMA) directed chimeric antigen receptor (CAR)-T cell,,1,China,False,2026-09-07
NCT05438368,NOT_YET_RECRUITING,2026-12-31,PHASE1|PHASE2,Shenzhen Geno-Immune Medical Institute,OTHER,bi-4SCAR GD2/CD70 T cells,,1,China,False,2026-09-07
NCT05436496,NOT_YET_RECRUITING,2027-06-01,PHASE1|PHASE2,Shenzhen Geno-Immune Medical Institute,OTHER,bi-4SCAR CD19/70 T cells,,1,China,False,2026-09-07
NCT05381662,UNKNOWN,2018-08-02,PHASE1|PHASE2,"Shanghai Unicar-Therapy Bio-medicine Technology Co.,Ltd",INDUSTRY,CD19 CAR-T cells and CD19 positive feeder T cells,,3,China,False,2026-09-07
NCT05464719,RECRUITING,2022-09-23,PHASE2,M.D. Anderson Cancer Center,OTHER,Loncastuximab Tesirine,Lonca,1,United States,True,2026-09-07
NCT05472857,UNKNOWN,2022-08-08,PHASE1,"Suzhou Immunofoco Biotechnology Co., Ltd",INDUSTRY,Claudin 18.2 CAR-T,IMC002,1,China,False,2026-09-07
NCT05562024,RECRUITING,2022-12-30,PHASE1,"PersonGen BioTherapeutics (Suzhou) Co., Ltd.",INDUSTRY,T cell injection targeting B7-H3 chimeric antigen receptor,TAA06 Injection,2,China,False,2026-09-07
NCT05445323,ACTIVE_NOT_RECRUITING,2022-08-24,PHASE1|PHASE2,Lexeo Therapeutics,INDUSTRY,Low dose LX2006|Mid Dose LX2006|High Dose LX2006,||,3,United States,True,2026-09-07
NCT05463640,UNKNOWN,2022-08-02,PHASE1,Zhejiang University,OTHER,ADGRE2 CAR-T,,1,China,False,2026-09-07
NCT05398796,COMPLETED,2022-07-11,PHASE1,National Institute of Allergy and Infectious Diseases (NIAID),NIH,mRNA -1215,,1,United States,True,2026-09-07
NCT05546723,RECRUITING,2024-03-13,PHASE1,Luminary Therapeutics,INDUSTRY,Autologous CAR-T cell therapy expressing the BAFF-ligand.,,1,United States,True,2026-09-07
NCT05432310,ACTIVE_NOT_RECRUITING,2023-01-04,PHASE1|PHASE2,"University of California, Los Angeles",OTHER,A cryopreserved formulation of autologous mPB CD34+ hematopoietic stem and progenitor cells transduced ex vivo with the EFS-ADA lentiviral vector encoding the human ADA enzyme,,1,United States,True,2026-09-07
NCT05379569,UNKNOWN,2022-05-15,PHASE4,"Shanghai General Hospital, Shanghai Jiao Tong University School of Medicine",OTHER,Fludarabine,Malilane and cyclophosphamide,1,China,False,2026-09-07
NCT05554939,RECRUITING,2022-12-11,PHASE1|PHASE2,Chinese PLA General Hospital,OTHER,Allogenic CD19 CAR-γδT cell|Fludarabine|Cyclophosphamide,|Fludarabine Phosphate for Injection|Cyclophosphamide for Injection,2,China,False,2026-09-07
NCT05400109,ACTIVE_NOT_RECRUITING,2023-04-26,PHASE1,David Wald,OTHER,UF-KURE19 CAR-T cells|Fludarabine|Cyclophosphamide,|Fludara®;Fludarabine Phosphate|Cytoxan ®;Endoxan®;Neosar®;Procytox®;Revimmune®;Cycloblastin®,3,United States,True,2026-09-07
NCT05393986,UNKNOWN,2022-08-04,PHASE1,Peking University,OTHER,CT048 Autologous Injection (CT048),CT048 Autologous CAR T-cell Injection,1,China,False,2026-09-07
NCT05415475,COMPLETED,2021-09-10,PHASE1,"Chongqing Precision Biotech Co., Ltd",INDUSTRY,CEA CAR-T cells,,1,China,False,2026-09-07
NCT05432635,RECRUITING,2023-08-01,PHASE1,City of Hope Medical Center,OTHER,Anti-CD19-CAR CMV-specific T-lymphocytes|Autologous Hematopoietic Stem Cell Transplantation|Multi-peptide CMV-Modified Vaccinia Ankara Vaccine|Myeloablative Conditioning,CMV-specific CD19-CAR T Cells (SY); CMV-specific CD19 CAR-T Cells (SY); Anti-CD19-CAR CMV-specific T-cells (SY)|||,1,United States,True,2026-09-07
NCT05616793,RECRUITING,2023-06-15,PHASE1|PHASE2,"Opus Genetics, Inc",INDUSTRY,AAV8.hLCA5,,2,United States,True,2026-09-07
NCT05583201,UNKNOWN,2022-10-13,EARLY_PHASE1,jianming xu,OTHER,KD-496,,1,China,False,2026-09-07
NCT05625594,RECRUITING,2023-06-29,PHASE1,City of Hope Medical Center,OTHER,Aspiration|Biospecimen Collection|Catheterization|CD19CAR-CD28-CD3zeta-EGFRt-expressing Tn/mem T-lymphocytes|Computed Tomography|Cyclophosphamide|Fludarabine|Leukapheresis|Lumbar Puncture|Magnetic Resonance Imaging|Positron Emission Tomography,"|Biological Sample Collection;Biospecimen Collected;Specimen Collection|Catheter Insertion|CD19-CAR-specific/truncated EGFR Lentiviral Vector-transduced T Cells;CD19CAR-CD28-CD3zeta-EGFRt-expressing Tcm-enriched T Cells;CD19R(EQ)28zeta/EGFRt+ TCM;CD19R(EQ)28zeta/truncated Human EGFR+ Central Memory T Cells;CD19R:CD28:lentiviral/EGFRt+ T Cells|CAT;CAT Scan;Computed Axial Tomography;Computerized Axial Tomography;Computerized Tomography;CT;CT Scan;tomography|(-)-Cyclophosphamide;2H-1,3,2-Oxazaphosphorine, 2-[bis(2-chloroethyl)amino]tetrahydro-, 2-oxide, monohydrate;Carloxan;Ciclofosfamida;Ciclofosfamide;Cicloxal;Clafen;Claphene;CP monohydrate;CTX;CYCLO-cell;Cycloblastin;Cycloblastine;Cyclophospham;Cyclophosphamid monohydrate;Cyclophosphamide Monohydrate;Cyclophosphamidum;Cyclophosphan;Cyclophosphane;Cyclophosphanum;Cyclostin;Cyclostine;Cytophosphan;Cytophosphane;Cytoxan;Fosfaseron;Genoxal;Genuxal;Ledoxina;Mitoxan;Neosar;Revimmune;Syklofosfamid;WR- 138719|Fluradosa|Leukocytopheresis;Therapeutic Leukopheresis|LP;Spinal Tap|Magnetic Resonance;Magnetic Resonance Imaging Scan;Medical Imaging, Magnetic Resonance / Nuclear Magnetic Resonance;MR;MR Imaging;MRI;MRI Scan;NMR Imaging;NMRI;Nuclear Magnetic Resonance Imaging|Medical Imaging, Positron Emission Tomography;PET;PET Scan;Positron Emission Tomography Scan;Positron-Emission Tomography;proton magnetic resonance spectroscopic imaging;PT",1,United States,True,2026-09-07
NCT05722171,UNKNOWN,2022-12-27,EARLY_PHASE1,"PersonGen BioTherapeutics (Suzhou) Co., Ltd.",INDUSTRY,gdT cell injection targeting B7-H3 chimeric antigen receptor,UTAA06 injection,1,China,False,2026-09-07
NCT05621096,ACTIVE_NOT_RECRUITING,2023-03-21,PHASE1,University of Nebraska,OTHER,Bridging radiation therapy|Liso-cel|Post-infusion radiation,|Chimeric antigen receptor (CAR) T-cell product|,1,United States,True,2026-09-07
NCT05691153,UNKNOWN,2022-12-01,PHASE1,The First Affiliated Hospital of Soochow University,OTHER,ThisCART19A with Dose Level 1|ThisCART19A with Dose Level 2,ThisCART19A with 2×10^6 cells/kg|ThisCART19A with 3×10^6 cells/kg,1,China,False,2026-09-07
NCT05667506,RECRUITING,2023-02-07,PHASE1|PHASE2,Juventas Cell Therapy Ltd.,INDUSTRY,single dose of CNCT19,,9,China,False,2026-09-07
NCT05651178,ACTIVE_NOT_RECRUITING,2022-08-12,EARLY_PHASE1,"Hrain Biotechnology Co., Ltd.",INDUSTRY,Human CD19-CD22 Targeted T Cells Injection,CD19-CD22 CAR-T,1,China,False,2026-09-07
NCT05712083,UNKNOWN,2023-01-30,PHASE2,Zhejiang University,OTHER,BCMA CAR-T cells,BCMA CAR-T cells injection,1,China,False,2026-09-07
NCT05651191,UNKNOWN,2022-10-21,EARLY_PHASE1,"Hrain Biotechnology Co., Ltd.",INDUSTRY,Human CD19 Targeted DASH CAR-T Cells Injection,CD19 DASH CAR-T,1,China,False,2026-09-07
NCT05686226,RECRUITING,2023-03-07,PHASE2,Christian Hinrichs,OTHER,E7 TCR-T cells|Aldesleukin,E7 TCR;HPV TCR;TIL;Adoptive cell transfer;CAR-T;TCR|Proleukin,3,United States,True,2026-09-07
NCT05613348,WITHDRAWN,2022-12-01,PHASE1|PHASE2,Zhujiang Hospital,OTHER,CD19 CAR T-Cell(CAT19T2),,2,China,False,2026-09-07
NCT05640713,UNKNOWN,2022-12-01,PHASE1,Henan Cancer Hospital,OTHER_GOV,ThisCART19A|Fludarabine Pill|Cyclophosphamide|VP-16 Protocol,|||,1,China,False,2026-09-07
NCT05641610,RECRUITING,2022-02-16,PHASE1|PHASE2,"Institute of Hematology & Blood Diseases Hospital, China",OTHER,ZS801,,1,China,False,2026-09-07
NCT05603312,COMPLETED,2022-10-05,PHASE1|PHASE2,"MeiraGTx, LLC",INDUSTRY,AAV-GAD Low Dose|AAV-GAD High Dose|Sham Surgery,||,6,United States,True,2026-09-07
NCT05652530,UNKNOWN,2022-11-13,EARLY_PHASE1,"Shenzhen Pregene Biopharma Co., Ltd.",INDUSTRY,Chimeric Antigen Receptor NK Cell Injection Targeting BCMA (BCMA CAR-NK),Lymphocyte clearance,1,China,False,2026-09-07
NCT05567627,UNKNOWN,2022-08-01,NA,Seventh Medical Center of PLA General Hospital,OTHER,Genetic: GC301,,1,China,False,2026-09-07
NCT05619861,UNKNOWN,2020-04-27,NA,"Hebei Senlang Biotechnology Inc., Ltd.",INDUSTRY,CAR-T,,1,China,False,2026-09-07
NCT05672121,RECRUITING,2023-02-06,PHASE1|PHASE2,"Chengdu Origen Biotechnology Co., Ltd.",INDUSTRY,KH631,,1,China,False,2026-09-07
NCT05665062,ACTIVE_NOT_RECRUITING,2023-04-23,PHASE1,Synthekine,INDUSTRY,SYNCAR-001|STK-009|Cyclophosphamide|Fludarabine,|||,4,United States,True,2026-09-07
NCT05605197,UNKNOWN,2022-10-19,PHASE1,"Shanghai Unicar-Therapy Bio-medicine Technology Co.,Ltd",INDUSTRY,U87 CAR-T,,1,China,False,2026-09-07
NCT05566223,WITHDRAWN,2023-02,PHASE1|PHASE2,"Intima Bioscience, Inc.",INDUSTRY,Fludarabine|Cyclophosphamide|CISH Inactivated TIL|Aldesleukin|Pembrolizumab,Fludara|Cytoxan||Proleukin;Interleukin-2;IL-2|Keytruda,2,United States,True,2026-09-07
NCT05580692,TERMINATED,2023-03-14,NA,BioMarin Pharmaceutical,INDUSTRY,Biospecimen Collection,,18,Argentina|Australia|Austria|Saudi Arabia|Sweden|Turkey (Türkiye)|United Arab Emirates,True,2026-09-07
NCT05665725,COMPLETED,2023-01-31,PHASE1,Timothy Voorhees,OTHER,Biospecimen Collection|Computed Tomography|Positron Emission Tomography|Siltuximab,"Biological Sample Collection;Biospecimen Collected;Specimen Collection|CAT;CAT Scan;Computed Axial Tomography;Computerized Axial Tomography;Computerized Tomography;CT;CT Scan;tomography|Medical Imaging, Positron Emission Tomography;PET;PET Scan;Positron Emission Tomography Scan;Positron-Emission Tomography;proton magnetic resonance spectroscopic imaging;PT|Anti-IL-6 Chimeric Monoclonal Antibody;cCLB8;CNTO 328;CNTO-328;Sylvant",1,United States,True,2026-09-07
NCT05652920,RECRUITING,2022-12-15,PHASE1|PHASE2,"OriCell Therapeutics Co., Ltd.",INDUSTRY,Ori-C101,,7,China,False,2026-09-07
NCT05679687,UNKNOWN,2022-12-01,PHASE1,The First Affiliated Hospital of Soochow University,OTHER,Treatment,,1,China,False,2026-09-07
NCT05574114,ACTIVE_NOT_RECRUITING,2022-10-05,PHASE1,Memorial Sloan Kettering Cancer Center,OTHER,Bridging radiotherapy (BRT)|Conditioning chemotherapy|CAR T-cell product,||,7,United States,True,2026-09-07
NCT05577000,ACTIVE_NOT_RECRUITING,2021-10-18,PHASE1,"Thomas Martin, MD",OTHER,Manufactured Anti-BCMA CAR-T cells|Fludarabine|Cyclophosphamide,Anti-BCMA CAR-T cells|Fludara|Cytoxan,1,United States,True,2026-09-07
NCT05640271,RECRUITING,2023-04-10,PHASE2,University of Chicago,OTHER,Tocilizumab,,1,United States,True,2026-09-07
NCT05639972,RECRUITING,2025-08-11,PHASE1|PHASE2,Christian Hinrichs,OTHER,E7 TCR-T cells|Aldesleukin,E7 TCR;HPV TCR;TIL;Adoptive cell transfer;CAR-T;TCR|Proleukin,2,United States,True,2026-09-07
NCT05576220,UNKNOWN,2023-04-30,NA,IDION Inc.,INDUSTRY,IDION iTempShield,,1,United States,True,2026-09-07
NCT05639179,UNKNOWN,2022-12-05,PHASE1|PHASE2,920th Hospital of Joint Logistics Support Force of People's Liberation Army of China,OTHER,UCAR-T Cells,,1,China,False,2026-09-07
NCT05638828,UNKNOWN,2022-12-01,EARLY_PHASE1,Shen Lin,OTHER,RD14-01 Cell injection,,0,,False,2026-09-07
NCT05631912,UNKNOWN,2023-06-30,PHASE1|PHASE2,Chinese PLA General Hospital,OTHER,Autologous CD19-STAR-T cell|Fludarabine|Cyclophosphamide,Autologous CD19-targeting synthetic T-cell receptor antigen receptor T cells|Fludarabine Phosphate for Injection|Cyclophosphamide for Injection,2,China,False,2026-09-07
NCT05662904,NOT_YET_RECRUITING,2028-01,PHASE1,German Cancer Research Center,OTHER,Donor-derived CD34+ HSC with CRISPR/Cas9-mediated CD33 deletion|Gemtuzumab Ozogamicin,|,2,Germany,True,2026-09-07
NCT05659628,RECRUITING,2022-12,PHASE1,Ningbo No. 1 Hospital,OTHER,CD19-7×19 CAR-T combined with Tislelizumab,,2,China,False,2026-09-07
NCT05588440,TERMINATED,2023-05-09,PHASE1|PHASE2,"Oncternal Therapeutics, Inc",INDUSTRY,ONCT-808|Bridging Therapy,|,4,United States,True,2026-09-07
NCT05594797,RECRUITING,2022-07-12,PHASE2,"Hrain Biotechnology Co., Ltd.",INDUSTRY,Human BCMA Targeted T Cells Injection,BCMA CAR-T,2,China,False,2026-09-07
NCT05714345,TERMINATED,2023-11-01,PHASE2,Allogene Therapeutics,INDUSTRY,ALLO-647|Fludarabine|Cyclophosphamide|ALLO-501A,|||,2,Belgium|United States,True,2026-09-07
NCT05651100,UNKNOWN,2022-12-10,PHASE1|PHASE2,Kecellitics Biotech Company Ltd,INDUSTRY,CD19 and CD22 targeted CAR-T cells,,1,China,False,2026-09-07
NCT05715606,UNKNOWN,2023-02-10,EARLY_PHASE1,Anhui Provincial Hospital,OTHER_GOV,Metabolically Armed CD19 CAR-T cells,Meta10-19,1,China,False,2026-09-07
NCT05648019,RECRUITING,2022-03-15,PHASE2,KK Women's and Children's Hospital,OTHER_GOV,Anti-CD19 CAR T-cells,,2,Singapore,False,2026-09-07
NCT05621486,ACTIVE_NOT_RECRUITING,2022-09-14,PHASE1,Shanghai East Hospital,OTHER,B4T2-001 Autologous CAR T cells,,2,China,False,2026-09-07
NCT05607420,RECRUITING,2022-11-01,PHASE1|PHASE2,Cellectis S.A.,INDUSTRY,UCART20x22|CLLS52,|Alemtuzumab,10,France|Spain|United States,True,2026-09-07
NCT05705570,RECRUITING,2023-02-07,PHASE1,Nelson Hamerschlak,OTHER,"Cyclophosphamide|Fludarabine|Chimeric antigen receptor T cells to be implemented in a ""3 + 3"" design on day 0",||,1,Brazil,False,2026-09-07
NCT05645601,UNKNOWN,2022-12-01,PHASE1,Affiliated Hospital to Academy of Military Medical Sciences,OTHER,CD19-CAR-NK,,1,China,False,2026-09-07
NCT05571540,WITHDRAWN,2022-10-01,PHASE1|PHASE2,Kunming Hope of Health Hospital,OTHER,U-CAR-T Cells (LstCAR019),,1,China,False,2026-09-07
NCT05618041,RECRUITING,2022-09-07,NA,"Hebei Senlang Biotechnology Inc., Ltd.",INDUSTRY,CAR-T Autologous T cell injection,CD19 CAR-T;CD20 CAR-T;BCMA CAR-T,1,China,False,2026-09-07
NCT05694598,ACTIVE_NOT_RECRUITING,2023-03-27,PHASE1,"Shanghai Vitalgen BioPharma Co., Ltd.",INDUSTRY,VGR-R01,,1,China,False,2026-09-07
NCT05620732,RECRUITING,2022-10-01,NA,Shenzhen University General Hospital,OTHER,Claudin18.2 CAR-T cells,,1,China,False,2026-09-07
NCT05672147,RECRUITING,2023-12-07,PHASE1,City of Hope Medical Center,OTHER,Anti-CD33 CAR T-cells|Lymphodepletion Therapy,Anti-CD33 CAR T Cells;Anti-CD33 CAR-T Cells;CD33-CAR T Cells|Lymphodepleting Therapy;Lymphodepletion,1,United States,True,2026-09-07
NCT05620680,RECRUITING,2022-10-01,NA,Shenzhen University General Hospital,OTHER,CD7 CAR-T cells,,1,China,False,2026-09-07
NCT05702853,RECRUITING,2023-11-06,PHASE1|PHASE2,Medical University of South Carolina,OTHER,Cyclophosphamide injection|Fludarabine Injection|CD19-CD34t metabolically programmed CAR transduced T-cells,||,1,United States,True,2026-09-07
NCT05675982,ACTIVE_NOT_RECRUITING,2023-01-13,NA,Centre Henri Becquerel,OTHER,CAR-T cells monitoring,,1,France,True,2026-09-07
NCT05631899,ACTIVE_NOT_RECRUITING,2023-04-03,PHASE1,Chinese PLA General Hospital,OTHER,KRAS-EphA-2-CAR-DC|Abraxane|Cyclophosphamide|Anti-PD-1 antibody|Anti-CTLA4 Monoclonal Antibody,|Abraxane Injectable Product|Cyclophosphamide for Injection|PD-1 blocking antibody|Ipilimumab,1,China,False,2026-09-07
NCT05633615,RECRUITING,2023-06-12,PHASE2,SWOG Cancer Research Network,NETWORK,Axicabtagene Ciloleucel|Biospecimen Collection|Computed Tomography|Cyclophosphamide|Fludarabine|Lisocabtagene Maraleucel|Mosunetuzumab|Patient Observation|Polatuzumab Vedotin|Positron Emission Tomography|Tisagenlecleucel,"KTE C19;KTE-C19;KTE-C19 CAR;Yescarta|Biological Sample Collection;Biospecimen Collected;Specimen Collection|CAT;CAT Scan;Computed Axial Tomography;Computerized Axial Tomography;Computerized Tomography;CT;CT Scan;tomography|(-)-Cyclophosphamide;2H-1,3,2-Oxazaphosphorine, 2-[bis(2-chloroethyl)amino]tetrahydro-, 2-oxide, monohydrate;Carloxan;Ciclofosfamida;Ciclofosfamide;Cicloxal;Clafen;Claphene;CP monohydrate;CTX;CYCLO-cell;Cycloblastin;Cycloblastine;Cyclophospham;Cyclophosphamid monohydrate;Cyclophosphamide Monohydrate;Cyclophosphamidum;Cyclophosphan;Cyclophosphane;Cyclophosphanum;Cyclostin;Cyclostine;Cytophosphan;Cytophosphane;Cytoxan;Fosfaseron;Genoxal;Genuxal;Ledoxina;Mitoxan;Neosar;Revimmune;Syklofosfamid;WR- 138719|Fluradosa|Anti-CD19-CAR Genetically Engineered Autologous T Lymphocytes JCAR017;Anti-CD19-CAR Genetically Engineered Autologous T-lymphocytes JCAR017;Autologous Anti-CD19-EGFRt-4-1BB-zeta-modified CAR CD8+ and CD4+ T-lymphocytes JCAR017;Breyanzi;JCAR 017;JCAR017|Anti-CD20 x Anti-CD3 Bispecific Monoclonal Antibody BTCT4465A;BTCT 4465A;BTCT-4465A;BTCT4465A;CD20/CD3 BiMAb BTCT4465A;RG 7828;RG-7828;RG7828;RO7030816|Active Surveillance;deferred therapy;expectant management;Observation;Watchful Waiting|ADC DCDS4501A;Antibody-Drug Conjugate DCDS4501A;DCDS4501A;FCU 2711;polatuzumab vedotin-piiq;Polivy;RG7596;Ro 5541077-000|Medical Imaging, Positron Emission Tomography;PET;PET Scan;Positron Emission Tomography Scan;Positron-Emission Tomography;proton magnetic resonance spectroscopic imaging;PT|CART-19;CART19;CTL019;CTL019 T-cells;Kymriah;Tisagenlecleucel-T",87,United States,True,2026-09-07
NCT05714904,UNKNOWN,2022-09-23,EARLY_PHASE1,Peking University Third Hospital,OTHER,ZVS101e,rAAV2/8-hCYP4V2;rAAV8-hCYP4V2,1,China,False,2026-09-07
NCT05620706,RECRUITING,2022-11-01,NA,Shenzhen University General Hospital,OTHER,GPC3 CAR-T cells,,1,China,False,2026-09-07
NCT05632380,RECRUITING,2022-07-14,PHASE1|PHASE2,"Institute of Hematology & Blood Diseases Hospital, China",OTHER,Autologous hematopoietic stem cell transplantation|C-CAR088,|,1,China,False,2026-09-07
NCT05587543,RECRUITING,2022-12-28,EARLY_PHASE1,Fudan University,OTHER,PK Blood Collection|CAR|TCR,|CAR-T cell therapy|TCR -T cell therapy,1,China,False,2026-09-07
NCT05709288,RECRUITING,2023-03-23,PHASE1,"Institute of Hematology & Blood Diseases Hospital, China",OTHER,BBM-H901,,1,China,False,2026-09-07
NCT05654077,UNKNOWN,2022-01-18,EARLY_PHASE1,The Affiliated Hospital of Xuzhou Medical University,OTHER,CAR-T Cell Injection|Fludarabine|cyclophosphamide,|FLUDARA|Cytoxan,1,China,False,2026-09-07
NCT05606614,ACTIVE_NOT_RECRUITING,2023-03-06,PHASE3,"Taysha Gene Therapies, Inc.",INDUSTRY,TSHA-102,,9,Canada|United States,True,2026-09-07
NCT05626322,TERMINATED,2023-08-04,PHASE1|PHASE2,Pfizer,INDUSTRY,Maplirpacept|Tafasitamab|Lenalidomide,"PF-07901801, TTI-622|Minjuvi, Monjuvi|Revlimid",7,Japan|South Korea|United States,True,2026-09-07
NCT05639894,COMPLETED,2022-11-17,PHASE1|PHASE2,"Sanofi Pasteur, a Sanofi Company",INDUSTRY,RSV vaccine candidate|Placebo,|,33,Australia|Puerto Rico|United States,True,2026-09-07
NCT05576181,UNKNOWN,2022-10-15,PHASE1,"Fundamenta Therapeutics, Ltd.",INDUSTRY,ThisCART19A|Fludarabine Oral Tablet|Cyclophosphamide|VP-16|HSCT,|||etoposide|,0,,False,2026-09-07
NCT05664217,TERMINATED,2022-12-23,PHASE2|PHASE3,Nektar Therapeutics,INDUSTRY,NKTR-255 at 1.5 µg/kg|NKTR-255 at 3.0 μg/kg|NKTR-255 at 3.0/6.0 μg/kg|Placebo Comparator,Polymer-conjugated interleukin (IL)-15 Receptor Agonist|Polymer-conjugated interleukin (IL)-15 Receptor Agonist|Polymer-conjugated interleukin (IL)-15 Receptor Agonist|,22,United States,True,2026-09-07
NCT05679895,RECRUITING,2023-01-31,PHASE1,OneChain Immunotherapeutics,INDUSTRY,CD1a-CAR T,,2,Spain,True,2026-09-07
NCT05620342,RECRUITING,2023-06-21,EARLY_PHASE1,UNC Lineberger Comprehensive Cancer Center,OTHER,iC9.GD2.CAR.IL-15 T Infusion,,1,United States,True,2026-09-07
NCT05703971,RECRUITING,2024-05-09,PHASE1|PHASE2,"Genprex, Inc.",INDUSTRY,quaratusugene ozeplasmid|atezolizumab,REQORSA|TECENTRIQ,17,United States,True,2026-09-07
NCT05643742,RECRUITING,2023-03-10,PHASE1|PHASE2,CRISPR Therapeutics AG,INDUSTRY,CTX112,,7,Australia|United States,True,2026-09-07
NCT05581641,COMPLETED,2022-12-15,PHASE1,BioNTech SE,INDUSTRY,BNT165b1|Placebo,|,5,United States,True,2026-09-07
NCT05680922,ACTIVE_NOT_RECRUITING,2023-07-26,PHASE1,Legend Biotech USA Inc,INDUSTRY,LB2102,,4,United States,True,2026-09-07
NCT05707273,ACTIVE_NOT_RECRUITING,2023-04-26,PHASE1,City of Hope Medical Center,OTHER,Autologous Anti-CD19 CAR-expressing T Lymphocytes|Biospecimen Collection|Bone Marrow Aspiration and Biopsy|Cyclophosphamide|Fludarabine|Leukapheresis|Questionnaire Administration,"Autologous Anti-CD19-CAR T Cells|Biological Sample Collection;Biospecimen Collected;Specimen Collection||(-)-Cyclophosphamide;2H-1,3,2-Oxazaphosphorine, 2-[bis(2-chloroethyl)amino]tetrahydro-, 2-oxide, monohydrate;Carloxan;Ciclofosfamida;Ciclofosfamide;Cicloxal;Clafen;Claphene;CP monohydrate;CTX;CYCLO-cell;Cycloblastin;Cycloblastine;Cyclophospham;Cyclophosphamid monohydrate;Cyclophosphamide Monohydrate;Cyclophosphamidum;Cyclophosphan;Cyclophosphane;Cyclophosphanum;Cyclostin;Cyclostine;Cytophosphan;Cytophosphane;Cytoxan;Fosfaseron;Genoxal;Genuxal;Ledoxina;Mitoxan;Neosar;Revimmune;Syklofosfamid;WR- 138719|Fluradosa|Leukocytopheresis;Therapeutic Leukopheresis|",1,United States,True,2026-09-07
NCT05577091,RECRUITING,2023-09-30,PHASE1,Beijing Tiantan Hospital,OTHER,"Inverse correlated dual-target, truncated IL7Ra modified CAR -expressing autologous T-lymphocytes.",Autologous Tris-CAR-T cell.,1,China,False,2026-09-07
NCT05716113,COMPLETED,2023-02-09,EARLY_PHASE1,He Huang,OTHER,RD13-02 cell infusion,,1,China,False,2026-09-07
NCT05565248,TERMINATED,2023-01-20,PHASE1,CRISPR Therapeutics AG,INDUSTRY,VCTX211,,2,Canada,False,2026-09-07
NCT05641428,RECRUITING,2022-10-18,PHASE2,University Medical Center Groningen,OTHER,ARI-0001|Axi-cel,|,7,Netherlands,True,2026-09-07
NCT05623488,TERMINATED,2023-02-06,PHASE1,University of Pennsylvania,OTHER,huCART-meso cells|Mesothelin Expression Testing,|,1,United States,True,2026-09-07
NCT05665166,ACTIVE_NOT_RECRUITING,2023-06-01,PHASE1|PHASE2,University of Manchester,OTHER,Autologous CD34+ HSCs transduced ex vivo with CD11B LV encoding human IDS tagged with ApoEII,,1,United Kingdom,True,2026-09-07
NCT05674175,RECRUITING,2023-01-25,PHASE1|PHASE2,Stephan Grupp MD PhD,OTHER,"Autologous, humanized anti-CD22 CAR T cell therapy (CART22-65s)|Autologous, humanized anti-CD19 CAR T cell therapy (huCART19)",CART22-65s|huCART19,1,United States,True,2026-09-07
NCT05650749,ENROLLING_BY_INVITATION,2023-05-23,PHASE1,Stephan Grupp MD PhD,OTHER,GPC2 CAR T cells,,1,United States,True,2026-09-07
NCT05596266,UNKNOWN,2022-10-25,PHASE1,"Xuanwu Hospital, Beijing",OTHER,CD5 CAR-T,,1,China,False,2026-09-07
NCT05693142,ACTIVE_NOT_RECRUITING,2023-01-04,PHASE2|PHASE3,REGENXBIO Inc.,INDUSTRY,RGX-202,,23,Canada|United States,True,2026-09-07
NCT05631886,RECRUITING,2023-07-04,PHASE1,Chinese PLA General Hospital,OTHER,TP53-EphA-2-CAR-DC|Abraxane|Cyclophosphamide|anti-PD-1 antibody|Anti-CTLA4 Monoclonal Antibody,|Abraxane Injectable Product|Cyclophosphamide for Injection|PD-1 blocking antibody|Ipilimumab,1,China,False,2026-09-07
NCT05698303,UNKNOWN,2023-05-08,PHASE1,"Nanjing IASO Biotechnology Co., Ltd.",INDUSTRY,Fully human BCMA chimeric antigen receptor autologous T cell injection (CT103A),CT103A,1,United States,True,2026-09-07
NCT05672459,ACTIVE_NOT_RECRUITING,2023-06-21,PHASE1|PHASE2,M.D. Anderson Cancer Center,OTHER,Single Injection of IVS-3001- Anti - HLA-G CAR-T cells|Fludarabine phosphate|Cyclophosphamide|leukapheresis,|||,1,United States,True,2026-09-07
NCT05666700,ACTIVE_NOT_RECRUITING,2023-12-08,PHASE1,"Peter MacCallum Cancer Centre, Australia",OTHER,Combination Product: JNJ-68284528 (Cilta-cel) & 64Cu SPION dual PET-MR imaging agent,,1,Australia,False,2026-09-07
NCT05681650,RECRUITING,2023-10-11,PHASE1|PHASE2,Chinese PLA General Hospital,OTHER,HypoSti.CAR-HER2 T cells|Albumin-bound paclitaxel|Cyclophosphamide|Fludarabine,|||,1,China,False,2026-09-07
NCT05616468,UNKNOWN,2022-12-30,EARLY_PHASE1,The Affiliated Hospital of Xuzhou Medical University,OTHER,BGT007 Cell Injection|Fludarabine|cyclophosphamide,|FLUDARA|Cytoxan,1,China,False,2026-09-07
NCT05568719,RECRUITING,2022-12-28,PHASE3,Pfizer,INDUSTRY,Testing of hepatic AAV Vector integration,,23,Australia|Canada|South Korea|Sweden|Taiwan|Turkey (Türkiye)|United States,True,2026-09-07
NCT05673434,UNKNOWN,2023-01-30,NA,Changhai Hospital,OTHER,TM4SF1-positive chimeric antigen receptor T-cell therapy,,0,,False,2026-09-07
NCT05585996,UNKNOWN,2022-08-01,PHASE1,"Second Affiliated Hospital, Zhejiang University, School of Medicine",OTHER,CD19 CAR-T and CD19 CAR-DC,,1,China,False,2026-09-07
NCT05577312,ACTIVE_NOT_RECRUITING,2022-11-02,PHASE1|PHASE2,Bioray Laboratories,INDUSTRY,BRL-101,BRL-101 autologous hematopoietic stem and progenitor cells injection,7,China,False,2026-09-07
NCT05693844,RECRUITING,2023-01-20,PHASE1|PHASE2,Chinese PLA General Hospital,OTHER,Pan-T booster co-expressing MSLN CAR T cell|Albumin-bound paclitaxel|Cyclophosphamide|Fludarabine,|||,1,China,False,2026-09-07
NCT05621291,RECRUITING,2026-09-09,NA,National Cancer Institute (NCI),NIH,NGS testing,,8,United States,True,2026-09-07
NCT05722418,RECRUITING,2023-02-06,PHASE1,"Caribou Biosciences, Inc.",INDUSTRY,CB-011,Cyclophosphamide;Fludarabine,16,United States,True,2026-09-07
NCT05626400,RECRUITING,2022-08-29,NA,"Hebei Senlang Biotechnology Inc., Ltd.",INDUSTRY,Senl-T7,,1,China,False,2026-09-07
NCT05634785,COMPLETED,2022-12-09,PHASE2,UNC Lineberger Comprehensive Cancer Center,OTHER,ATLCAR.CD30 Cells|Cyclophosphamid|Fludarabine,CAR.CD30 T cells|Cytoxan|Fludara,1,United States,True,2026-09-07
NCT05627323,TERMINATED,2023-06-06,PHASE1,Chimeric Therapeutics,INDUSTRY,CHM-1101 CAR-T cells,Chlorotoxin (EQ)-CD28-CD3zeta-CD19t-expressing CAR T-lymphocytes (via ICT/ICV dual delivery);Chlorotoxin-CD28-CD3z-CD19t-expressing CAR T-cells,2,United States,True,2026-09-07
NCT05783089,NOT_YET_RECRUITING,2023-04,PHASE1,"Cancer Institute and Hospital, Chinese Academy of Medical Sciences",OTHER,Anti-mesothelin CAR-T cells,UCLM802 Cell Injection,0,,False,2026-09-07
NCT05870917,ACTIVE_NOT_RECRUITING,2023-05-23,PHASE2,"Institute of Hematology & Blood Diseases Hospital, China",OTHER,anti-BCMA CAR-T,"Bortezomib, Lenalidomide and Dexamethasone",1,China,False,2026-09-07
NCT05846737,WITHDRAWN,2023-05-29,PHASE2,"Institute of Hematology & Blood Diseases Hospital, China",OTHER,anti-BCMA CAR-T,,1,China,False,2026-09-07
NCT05778877,WITHDRAWN,2022-12-19,PHASE1|PHASE2,"Selecta Biosciences, Inc.",INDUSTRY,SEL-302,AAV8-MMUT,1,United States,True,2026-09-07
NCT05850286,ACTIVE_NOT_RECRUITING,2023-04-21,PHASE2,"Institute of Hematology & Blood Diseases Hospital, China",OTHER,anti-BCMA CAR-T|VRD-based Regimen,|,1,China,False,2026-09-07
NCT05828225,UNKNOWN,2023-04-30,PHASE1,Zhejiang University,OTHER,CD19 CAR-T cells injection,,1,China,False,2026-09-07
NCT05895994,COMPLETED,2023-03-10,EARLY_PHASE1,MEI HENG,OTHER,RD13-02 cell infusion,,1,China,False,2026-09-07
NCT05748197,RECRUITING,2024-04-18,PHASE1,Memorial Sloan Kettering Cancer Center,OTHER,ADCLEC.syn1 CAR T cells|Conditioning chemotherapy,|,7,United States,True,2026-09-07
NCT05773040,RECRUITING,2023-04-14,PHASE1,M.D. Anderson Cancer Center,OTHER,JV-213|Leukapheresis,|,1,United States,True,2026-09-07
NCT05878184,ACTIVE_NOT_RECRUITING,2023-05-02,PHASE1,Sana Biotechnology,INDUSTRY,SC291,Cyclophosphamide;Fludarabine,10,Australia|United States,True,2026-09-07
NCT05727683,UNKNOWN,2022-04-28,PHASE1,"Shanghai Ming Ju Biotechnology Co., Ltd.",INDUSTRY,CD19-targeted Chimeric Antigen Receptor (CAR) T Cells,Fludarabine;Cyclophosphamide,1,China,False,2026-09-07
NCT05893940,RECRUITING,2023-08-14,NA,Roswell Park Cancer Institute,OTHER,Low Intensity Vibration Therapy|Dual X-ray Absorptiometry|Biospecimen Collection,LIV;Low Intensity Virbration|BMD scan;bone mineral density scan;DEXA|,1,United States,True,2026-09-07
NCT05755620,COMPLETED,2023-04-05,PHASE1,National Institute of Allergy and Infectious Diseases (NIAID),NIH,"Influenza Virus Quadrivalent Inactivated Vaccine|Sodium Chloride, 0.9%|VRC-FLUNPF099-00-VP (H1ssF_3928)",||,1,United States,True,2026-09-07
NCT05797948,UNKNOWN,2022-07-01,NA,The First Affiliated Hospital of Soochow University,OTHER,Obinutuzumab|Zanubrutinib|Lenalidomide|CD19/CD22 CAR-T|Azacitidine For Injection|Fludarabine|Cyclophosphamide,Gazyva|Brukinsa|Anxian||Anyve|Fludara|Endoxan,1,China,False,2026-09-07
NCT05779930,NOT_YET_RECRUITING,2025-10,EARLY_PHASE1,Nationwide Children's Hospital,OTHER,CD19 specific Chimeric Antigen Receptor T Cell,,1,United States,True,2026-09-07
NCT05763563,COMPLETED,2023-02-21,NA,H. Lee Moffitt Cancer Center and Research Institute,OTHER,Resistance Training|Aerobic Exercise|Optional Aerobic Exercise Procedure|Optional In-Person Exercise Sessions,|||,1,United States,True,2026-09-07
NCT05864924,COMPLETED,2023-05-10,PHASE1,BioSyngen Pte Ltd,INDUSTRY,Cohort A: 3.0x10^6 CAR-T cells/kg|Cohort B: 9.0x10^6CAR-T cells/kg|Cohort C:1.5x10^7 CAR-T cells /kg,||,1,China,False,2026-09-07
NCT05885464,ACTIVE_NOT_RECRUITING,2023-05-25,PHASE1|PHASE2,Beam Therapeutics Inc.,INDUSTRY,BEAM-201,,10,United States,True,2026-09-07
NCT05791864,RECRUITING,2023-05-17,PHASE1|PHASE2,"Tern Therapeutics, LLC",INDUSTRY,TTX-381,Gene Therapy (AAV9.CB7.hCLN2),2,Germany|United Kingdom,True,2026-09-07
NCT05793307,ACTIVE_NOT_RECRUITING,2023-06-02,PHASE1|PHASE2,GeneCradle Inc,INDUSTRY,GC301,,5,China,False,2026-09-07
NCT05768880,ACTIVE_NOT_RECRUITING,2023-05-05,PHASE1,Seattle Children's Hospital,OTHER,SC-CAR4BRAIN,,1,United States,True,2026-09-07
NCT05852717,RECRUITING,2023-10-31,PHASE2,Dipenkumar Modi,OTHER,AutoSCT OR CAR T-cell Therapy|GDP|Epcoritamab,Autologous transplant;chimeric antigen receptor (CAR) T-cell||,4,United States,True,2026-09-07
NCT05776173,RECRUITING,2023-08-10,NA,"Shanghai BDgene Co., Ltd.",INDUSTRY,BD211,,1,China,False,2026-09-07
NCT05753501,ACTIVE_NOT_RECRUITING,2023-06-09,PHASE1,AbbVie,INDUSTRY,ABBV-101|Venetoclax,|,51,Canada|France|Germany|Israel|Italy|Japan|Spain|United Kingdom|United States,True,2026-09-07
NCT05741359,RECRUITING,2023-04-25,PHASE1,Bioray Laboratories,INDUSTRY,CD19-targeted non-viral PD1 site-specific integrated CAR-T cell injection,BRL-201,3,China,False,2026-09-07
NCT05869955,ACTIVE_NOT_RECRUITING,2023-09-13,PHASE1,"Juno Therapeutics, Inc., a Bristol-Myers Squibb Company",INDUSTRY,CC-97540|Fludarabine|Cyclophosphamide|Tocilizumab,BMS-986353|||,46,Belgium|France|Germany|Italy|Spain|United States,True,2026-09-07
NCT05887167,RECRUITING,2024-03-02,PHASE1,"Joshua Sasine, MD, PhD",OTHER,autologous hematopoietic stem cells added to planned CAR T,,1,United States,True,2026-09-07
NCT05836896,RECRUITING,2024-02-15,PHASE1,Technische Universität Dresden,OTHER,MDC-CAR-BCMA001 (BCMA directed CAR T-cells),,1,Germany,True,2026-09-07
NCT05850871,UNKNOWN,2023-01-06,NA,Qianfoshan Hospital,OTHER,CAZ/AVI plus Aztreonam|Conventional treatment,"ceftzadime avibactam, aztreonam|",1,China,False,2026-09-07
NCT05779917,RECRUITING,2023-03-10,PHASE1,Second Affiliated Hospital of Guangzhou Medical University,OTHER,CAR-T cells,,1,China,False,2026-09-07
NCT05860036,ACTIVE_NOT_RECRUITING,2023-04-04,PHASE2,"Institute of Hematology & Blood Diseases Hospital, China",OTHER,anti-BCMA CAR-T|VRd,|,1,China,False,2026-09-07
NCT05888493,ACTIVE_NOT_RECRUITING,2023-10-02,PHASE3,Novartis Pharmaceuticals,INDUSTRY,"Tisagenlecleucel|Lenalidomide and rituximab (R2) in 28-day cycles for up to 12 cycles.|Rituximab, cyclophosphamide, doxorubicin, vincristine and prednisone or prednisolone (R-CHOP) in 21-day cycles for 6 to 8 cycles|Lymphodepleting chemotherapy|Corticosteroids and/or Radiation (Bridging therapy)",CTL019|R2|R-CHOP||,30,Australia|Austria|Canada|Czechia|Hungary|Poland|Singapore|Slovakia|South Korea|Spain|Taiwan,True,2026-09-07
NCT05765006,UNKNOWN,2023-02-24,PHASE1,"Shanghai Ming Ju Biotechnology Co., Ltd.",INDUSTRY,Relma-cel,,1,China,False,2026-09-07
NCT05747157,UNKNOWN,2023-02-15,EARLY_PHASE1,Anhui Provincial Hospital,OTHER_GOV,Metabolically Armed CD19 CAR-T cells,Meta10-19,1,China,False,2026-09-07
NCT05765981,RECRUITING,2023-01-30,EARLY_PHASE1,Shanghai Jiao Tong University School of Medicine,OTHER,VGN-R09b,,1,China,False,2026-09-07
NCT05773729,RECRUITING,2023-09-15,NA,"Shanghai BDgene Co., Ltd.",INDUSTRY,BD211,,1,China,False,2026-09-07
NCT05805371,RECRUITING,2024-10-09,PHASE1,City of Hope Medical Center,OTHER,Autologous Anti-PSCA-CAR-4-1BB/TCRzeta-CD19t-expressing T-lymphocytes|Biopsy|Biospecimen Collection|Bone Scan|Computed Tomography|External Beam Radiation Therapy|Leukapheresis|Lymphodepletion Therapy,"Autologous Anti-PSCA(dCH2)BBz-CAR T-cells;Autologous Anti-PSCA-CAR-4-1BB/TCRzeta-CD19t-expressing T-cells;PSCA(dCH2)BBzeta-CAR T-cells|BIOPSY_TYPE;Bx|Biological Sample Collection;Biospecimen Collected;Specimen Collection|Bone Scintigraphy|CAT;CAT Scan;Computed Axial Tomography;Computerized Axial Tomography;Computerized Tomography;CT;CT Scan;tomography|Definitive Radiation Therapy;EBRT;External Beam Radiation;External Beam Radiotherapy;External Beam RT;external radiation;External Radiation Therapy;external-beam radiation;Radiation, External Beam;Teleradiotherapy;Teletherapy;Teletherapy Radiation|Leukocytopheresis;Therapeutic Leukopheresis|Lymphodepleting Therapy;Lymphodepletion",1,United States,True,2026-09-07
NCT05745181,UNKNOWN,2023-02-01,PHASE2,The Affiliated Hospital of Xuzhou Medical University,OTHER,CAR-T Cell Infusion,,1,China,False,2026-09-07
NCT05795595,COMPLETED,2023-03-13,PHASE1|PHASE2,CRISPR Therapeutics AG,INDUSTRY,CTX131,,7,United States,True,2026-09-07
NCT05835687,ACTIVE_NOT_RECRUITING,2023-04-27,PHASE1,St. Jude Children's Research Hospital,OTHER,B7-H3-CAR T cells,,1,United States,True,2026-09-07
NCT05739188,UNKNOWN,2023-02-07,PHASE1|PHASE2,920th Hospital of Joint Logistics Support Force of People's Liberation Army of China,OTHER,Anti-GPRC5D CAR-T cells infusion,,2,China,False,2026-09-07
NCT05767359,ACTIVE_NOT_RECRUITING,2023-04-19,PHASE2,Dana-Farber Cancer Institute,OTHER,Ciltacabtagene Autoleucel|Cyclophosphamide|Fludarabine Phosphate,"Cilta-cel, JNJ-68284528, LCAR-B38M|Cytoxan|Fludarabine, Fludara",1,United States,True,2026-09-07
NCT05789303,RECRUITING,2023-05-30,PHASE2,University of Chicago,OTHER,Belantamab mafodotin|Carfilzomib|Pomalidomide|Dexamethasone,Blenrep|Kyprolis|Pomalyst|,1,United States,True,2026-09-07
NCT05838131,ACTIVE_NOT_RECRUITING,2023-04-28,EARLY_PHASE1,Shanghai Changzheng Hospital,OTHER,Experimental: CAR-T cells Infusion,Single Group Assignment,1,China,False,2026-09-07
NCT05812326,COMPLETED,2019-05-17,PHASE1|PHASE2,Sun Yat-Sen Memorial Hospital of Sun Yat-Sen University,OTHER,AJMUC1- PD-1 gene knockout anti-MUC1 CAR-T cells,Therapeutic T cells,1,China,False,2026-09-07
NCT05827835,RECRUITING,2023-04-30,PHASE1|PHASE2,Zhejiang University,OTHER,CD7 CAR-T cells injection|Allogeneic hematopoietic stem cell transplantation,|,1,China,False,2026-09-07
NCT05823701,UNKNOWN,2022-09-30,PHASE2,The First Affiliated Hospital of Soochow University,OTHER,Chidamide|Azacitidine|obinutuzumab|Liposomal mitoxantrone,Tucidinostat|AZA|Gazyva|PLM60,1,China,False,2026-09-07
NCT05840107,UNKNOWN,2023-05-04,EARLY_PHASE1,Shanghai Changzheng Hospital,OTHER,GC012F injection,,1,China,False,2026-09-07
NCT05752877,UNKNOWN,2021-05-01,NA,Second Affiliated Hospital of Soochow University,OTHER,Targeted IL-13 Rα2 UCAR-T cell injection|Targeted B7-H3 UCAR-T cell injection,|,1,China,False,2026-09-07
NCT05745454,UNKNOWN,2023-02,NA,su haichuan,OTHER,HER2-E-CART cells,,0,,False,2026-09-07
NCT05759793,RECRUITING,2023-03-30,PHASE1,"Nanjing IASO Biotechnology Co., Ltd.",INDUSTRY,CAR-GPRC5D,,1,China,False,2026-09-07
NCT05859997,ENROLLING_BY_INVITATION,2023-05-17,NA,Bioray Laboratories,INDUSTRY,BRL-301,Allogeneic Anti-CD19 CAR T cells,1,China,False,2026-09-07
NCT05788536,RECRUITING,2023-06-27,PHASE1|PHASE2,Regeneron Pharmaceuticals,INDUSTRY,DB-OTO,Otarmeni™;Otoferlin,17,Germany|Japan|Spain|United Kingdom|United States,True,2026-09-07
NCT05800977,RECRUITING,2023-02-22,PHASE1|PHASE2,Shanghai AbelZeta Ltd.,INDUSTRY,Prizloncabtagene autoleucel,C-CAR039,15,China,False,2026-09-07
NCT05875402,UNKNOWN,2023-04-01,NA,The Affiliated Hospital of Qingdao University,OTHER,Chimeric antigen receptor T cell preparation targeting GCC,,1,China,False,2026-09-07
NCT05802992,UNKNOWN,2022-03-30,PHASE3,Affiliated Hospital of Nantong University,OTHER,Colchicine|Lenalidomide,Lenalidomide;Dexamethasone|Dexamethasone,1,China,False,2026-09-07
NCT05736731,ACTIVE_NOT_RECRUITING,2023-04-28,PHASE1|PHASE2,A2 Biotherapeutics Inc.,INDUSTRY,A2B530|xT-Onco with HLA-LOH Assay,Tmod CAR T-cell Therapy|,8,United States,True,2026-09-07
NCT05748938,UNKNOWN,2023-02-08,PHASE1|PHASE2,920th Hospital of Joint Logistics Support Force of People's Liberation Army of China,OTHER,RD14-01,CAR-T infusion,1,China,False,2026-09-07
NCT05775666,UNKNOWN,2023-03,PHASE1,Peking University,OTHER,UCLM802 Cell Injection,,0,,False,2026-09-07
NCT05822037,UNKNOWN,2023-04-12,NA,The First Affiliated Hospital of Soochow University,OTHER,CT0594CP,,1,China,False,2026-09-07
NCT05832684,ACTIVE_NOT_RECRUITING,2023-02-20,PHASE1|PHASE2,"Chigenovo Co., Ltd",NETWORK,ZVS101e,rAAV2/8-hCYP4V2;rAAV8-hCYP4V2;AAV8-hCYP4V2,3,China,False,2026-09-07
NCT05858684,RECRUITING,2023-05-11,EARLY_PHASE1,RenJi Hospital,OTHER,GC012F injection,CD19-BCMA CAR-T cells,1,China,False,2026-09-07
NCT05797233,ACTIVE_NOT_RECRUITING,2023-08-28,PHASE1,National Cancer Institute (NCI),NIH,Anti-CD19 and anti-CD20 bicistronic CAR T- cells|Cyclophosphamide|Fludarabine,||,1,United States,True,2026-09-07
NCT05800405,RECRUITING,2023-07-20,EARLY_PHASE1,City of Hope Medical Center,OTHER,Biospecimen Collection|Chimeric Antigen Receptor T-Cell Therapy|Computed Tomography|External Beam Radiation Therapy|Leukapheresis|Magnetic Resonance Imaging|Positron Emission Tomography,"Biological Sample Collection;Biospecimen Collected;Specimen Collection|CAR T Infusion;CAR T Therapy;CAR T-cell Therapy;Chimeric Antigen Receptor T-cell Infusion|CAT;CAT Scan;Computed Axial Tomography;Computerized Axial Tomography;Computerized Tomography;CT;CT Scan;tomography|Definitive Radiation Therapy;EBRT;External Beam Radiation;External Beam Radiotherapy;External Beam RT;external radiation;External Radiation Therapy;external-beam radiation;Radiation, External Beam;Teleradiotherapy;Teletherapy;Teletherapy Radiation|Leukocytopheresis;Therapeutic Leukopheresis|Magnetic Resonance;Magnetic Resonance Imaging Scan;Medical Imaging, Magnetic Resonance / Nuclear Magnetic Resonance;MR;MR Imaging;MRI;MRI Scan;NMR Imaging;NMRI;Nuclear Magnetic Resonance Imaging|Medical Imaging, Positron Emission Tomography;PET;PET Scan;Positron Emission Tomography Scan;Positron-Emission Tomography;proton magnetic resonance spectroscopic imaging;PT",1,United States,True,2026-09-07
NCT05739227,UNKNOWN,2023-03-01,EARLY_PHASE1,Xuzhou Medical University,OTHER,allogenic CD19-CAR-NK cells,,1,China,False,2026-09-07
NCT05740891,UNKNOWN,2023-03,PHASE1,Zhejiang University,OTHER,BCMA CAR-T cells injection,,1,China,False,2026-09-07
NCT05732948,UNKNOWN,2018-08-02,PHASE1,"Shanghai Unicar-Therapy Bio-medicine Technology Co.,Ltd",INDUSTRY,autologous T cells & cyclophosphamide,,1,China,False,2026-09-07
NCT05850234,RECRUITING,2023-07-20,PHASE1|PHASE2,AstraZeneca,INDUSTRY,AZD0120,,36,United States,True,2026-09-07
NCT05837143,UNKNOWN,2023-03-30,EARLY_PHASE1,Shanghai East Hospital,OTHER,JV001,,1,China,False,2026-09-07
NCT05822739,COMPLETED,2023-04-14,EARLY_PHASE1,Xiangya Hospital of Central South University,OTHER,BBM-P002,BBM003,2,China,False,2026-09-07
NCT05783570,UNKNOWN,2023-08-24,PHASE1,Eutilex,INDUSTRY,EU307 CAR-T Cell,,4,South Korea,False,2026-09-07
NCT05798117,ACTIVE_NOT_RECRUITING,2023-02-28,PHASE1|PHASE2,Novartis Pharmaceuticals,INDUSTRY,YTB323,,10,Australia|France|Germany|Spain|Switzerland,True,2026-09-07
NCT05868083,UNKNOWN,2022-06-24,PHASE1,"Shanghai Simnova Biotechnology Co.,Ltd.",INDUSTRY,SNC-109 CAR-T Cells,,1,China,False,2026-09-07
NCT05848999,UNKNOWN,2023-04-27,PHASE1,Zhejiang University,OTHER,UCLM802 Cell Injection (Anti-mesothelin CAR-T cells),,1,China,False,2026-09-07
NCT05755828,UNKNOWN,2022-12-01,PHASE2,The Affiliated Hospital of Xuzhou Medical University,OTHER,ASCT+CAR-T Cell Infusion,,1,China,False,2026-09-07
NCT05829356,COMPLETED,2023-04-12,PHASE1,"Sanofi Pasteur, a Sanofi Company",INDUSTRY,H3 mRNA / LNP Vaccine|Quadrivalent recombinant influenza Vaccine (RIV4),|Flublok Quadravalent®,8,Australia|United Kingdom,True,2026-09-07
NCT05835895,ACTIVE_NOT_RECRUITING,2023-06-12,PHASE1,Genascence Corporation,INDUSTRY,GNSC-001|transient immune-modulation|transient immune-modulation|Placebo,sc-rAAV2.5IL-1Ra|||,9,United States,True,2026-09-07
NCT05836259,RECRUITING,2023-08-10,PHASE1|PHASE2,Tenaya Therapeutics,INDUSTRY,TN-201,,10,United States,True,2026-09-07
NCT05802693,UNKNOWN,2023-11-15,EARLY_PHASE1,Beijing Tsinghua Chang Gung Hospital,OTHER,Targeted Epidermal Growth Factor Receptor Variant III(EGFRvIII) autochimeric antigen receptor T cell injection,DCTY0801 Autologous T lymphocyte injection,0,,False,2026-09-07
NCT05757219,RECRUITING,2023-05-19,PHASE2,H. Lee Moffitt Cancer Center and Research Institute,OTHER,Itacitinib|Chimeric antigen receptor (CAR) T-cell therapy,|YESCARTA;Axi-cel,1,United States,True,2026-09-07
NCT05744037,UNKNOWN,2023-01-01,PHASE2,The Affiliated Hospital of Xuzhou Medical University,OTHER,regimen with BTK inhibitor +Anti-CD19 CAR T cells,,1,China,False,2026-09-07
NCT05801939,ACTIVE_NOT_RECRUITING,2023-07-11,PHASE2,University of Pennsylvania,OTHER,Cevostamab,,1,United States,True,2026-09-07
NCT05761899,RECRUITING,2023-06-26,PHASE1|PHASE2,"Children's Hospital Medical Center, Cincinnati",OTHER,Gene-Corrected Macrophages administered by bronchoscopic instillation,,1,United States,True,2026-09-07
NCT05739643,ACTIVE_NOT_RECRUITING,2023-02-03,PHASE1|PHASE2,"Forge Biologics, Inc",INDUSTRY,FBX-101,AAVrh.10-hGALC,3,United States,True,2026-09-07
NCT05893693,UNKNOWN,2023-04-12,NA,Aibin Liang，MD，Ph.D.,OTHER,Biological,,1,China,False,2026-09-07
NCT05731219,UNKNOWN,2022-09-26,PHASE1,"PersonGen BioTherapeutics (Suzhou) Co., Ltd.",INDUSTRY,"B7-H3 target, CAR gene modified gdT cell injection",UTAA06 injection,1,China,False,2026-09-07
NCT05871684,UNKNOWN,2023-06-10,PHASE2,Ruijin Hospital,OTHER,BTK inhibitor|PD-1 inhibitor,|,1,China,False,2026-09-07
NCT05801913,RECRUITING,2023-09-29,PHASE1,City of Hope Medical Center,OTHER,Anti-CD19-CAR CMV-specific T-lymphocytes|Biospecimen Collection|Bone Marrow Biopsy|Computed Tomography|Leukapheresis|Lymphodepletion Therapy|Magnetic Resonance Imaging|Multi-peptide CMV-Modified Vaccinia Ankara Vaccine|Positron Emission Tomography|X-Ray Imaging,"Anti-CD19-CAR CMV-specific T-cells;CMV-specific CD19 CAR-T Cells;CMV-specific CD19-CAR T Cells|Biological Sample Collection;Biospecimen Collected;Specimen Collection|Biopsy of Bone Marrow;Biopsy, Bone Marrow|CAT;CAT Scan;Computed Axial Tomography;Computerized Axial Tomography;Computerized Tomography;CT;CT Scan;tomography|Leukocytopheresis;Therapeutic Leukopheresis|Lymphodepleting Therapy;Lymphodepletion|Magnetic Resonance;Magnetic Resonance Imaging Scan;Medical Imaging, Magnetic Resonance / Nuclear Magnetic Resonance;MR;MR Imaging;MRI;MRI Scan;NMR Imaging;NMRI;Nuclear Magnetic Resonance Imaging|CMV-MVA Triplex Vaccine;Multi-antigen CMV-Modified Vaccinia Ankara Vaccine|Medical Imaging, Positron Emission Tomography;PET;PET Scan;Positron Emission Tomography Scan;Positron-Emission Tomography;proton magnetic resonance spectroscopic imaging;PT|Conventional X-Ray;Diagnostic Radiology;Medical Imaging, X-Ray;Plain film radiographs;Radiographic Imaging;Radiography;RG;Static X-Ray;X-Ray",1,United States,True,2026-09-07
NCT05826535,RECRUITING,2023-05-09,PHASE1|PHASE2,"Lyell Immunopharma, Inc.",INDUSTRY,Rondecabtagene autoleucel (ronde-cel)|Fludarabine|Cyclophosphamide,||,35,Australia|United States,True,2026-09-07
NCT05873712,RECRUITING,2023-07-28,PHASE2,Aseel Alsouqi,OTHER,Biospecimen Collection|Bone Marrow Biopsy|Computed Tomography|Cyclophosphamide|Fludarabine|Leukapheresis|Lisocabtagene Maraleucel|Lymph Node Biopsy|Positron Emission Tomography|Zanubrutinib,"Biological Sample Collection;Biospecimen Collected;Specimen Collection|Biopsy of Bone Marrow;Biopsy, Bone Marrow|CAT;CAT Scan;Computed Axial Tomography;Computerized Axial Tomography;Computerized axial tomography (procedure);Computerized Tomography;CT;CT Scan;tomography|(-)-Cyclophosphamide;2H-1,3,2-Oxazaphosphorine, 2-[bis(2-chloroethyl)amino]tetrahydro-, 2-oxide, monohydrate;Carloxan;Ciclofosfamida;Ciclofosfamide;Cicloxal;Clafen;Claphene;CP monohydrate;CTX;CYCLO-cell;Cycloblastin;Cycloblastine;Cyclophospham;Cyclophosphamid monohydrate;Cyclophosphamide Monohydrate;Cyclophosphamidum;Cyclophosphan;Cyclophosphane;Cyclophosphanum;Cyclostin;Cyclostine;Cytophosphan;Cytophosphane;Cytoxan;Fosfaseron;Genoxal;Genuxal;Ledoxina;Mitoxan;Neosar;Revimmune;Syklofosfamid;WR- 138719|Fluradosa|Leukocytopheresis;Therapeutic Leukopheresis|Anti-CD19-CAR Genetically Engineered Autologous T Lymphocytes JCAR017;Anti-CD19-CAR Genetically Engineered Autologous T-lymphocytes JCAR017;Autologous Anti-CD19-EGFRt-4-1BB-zeta-modified CAR CD8+ and CD4+ T-lymphocytes JCAR017;Breyanzi;JCAR 017;JCAR017|Biopsy of Lymph Node|Medical Imaging, Positron Emission Tomography;PET;PET Scan;Positron emission tomography (procedure);Positron Emission Tomography Scan;Positron-Emission Tomography;proton magnetic resonance spectroscopic imaging;PT|BGB-3111;Brukinsa;BTK-InhB",3,United States,True,2026-09-07
NCT05800067,UNKNOWN,2023-03-04,NA,Ruijin Hospital,OTHER,axi-cel,,1,China,False,2026-09-07
NCT05757245,RECRUITING,2023-05-08,PHASE1,First Affiliated Hospital of Guangxi Medical University,OTHER,GMCN-508A Drug Product,,1,China,False,2026-09-07
NCT05860595,ACTIVE_NOT_RECRUITING,2023-05-23,NA,"Institute of Hematology & Blood Diseases Hospital, China",OTHER,KL003 cell injection Drug Product,,1,China,False,2026-09-07
NCT05828212,COMPLETED,2023-05-15,PHASE1,Zhejiang University,OTHER,CAR-T cells injection,,1,China,False,2026-09-07
NCT05757700,ACTIVE_NOT_RECRUITING,2023-02-23,PHASE1,Memorial Sloan Kettering Cancer Center,OTHER,19(T2)28z1xx TRAC T cell,,1,United States,True,2026-09-07
NCT05776407,UNKNOWN,2023-05,PHASE1|PHASE2,Chongqing University Cancer Hospital,OTHER,ThisCART19A|Fludarabine|Cyclophosphamide|Etoposide,Allogeneic Anti-CD19 CAR T cells|||VP-16,1,China,False,2026-09-07
NCT05846347,UNKNOWN,2023-05-15,PHASE1,Zhejiang University,OTHER,GC012F injection,CD19-BCMA CAR-T cells,1,China,False,2026-09-07
NCT05749133,UNKNOWN,2023-04-10,PHASE1|PHASE2,XuYan,OTHER,Anti-GPRC5D CAR-T Cells Injection,,1,China,False,2026-09-07
NCT05826288,COMPLETED,2023-03-29,NA,"University of Colorado, Denver",OTHER,BioIntelliSense BioButton Rechargable|Memora Health two-way patient engagement platform provided by RC,Remote Patient Monitoring (RPM)|,1,United States,True,2026-09-07
NCT05759728,RECRUITING,2023-10-24,PHASE1|PHASE2,Carina Biotech Limited,INDUSTRY,CNA3103: 5 x 10^7 cells|CNA3103: 1.5 x 10^8 cells|CNA3103: 4.5 x 10^8 cells|CNA3103: 1.5 x 10^9 cells|CNA3103: 2.5 x 10^7 cells|CNA3103: 6.75 × 10^8 cells,|||||,1,Australia,False,2026-09-07
NCT06027957,COMPLETED,2023-08-02,PHASE1,Vinmec Research Institute of Stem Cell and Gene Technology,OTHER,anti-CD19 CAR T-cells,Chemotherapy Drug,1,Vietnam,False,2026-09-07
NCT06003387,RECRUITING,2024-01-30,PHASE3,CSL Behring,INDUSTRY,CSL222 (AAV5-hFIXco-Padua),Etranacogene dezaparvovec,32,Australia|Brazil|Bulgaria|Canada|Hong Kong|Israel|Mexico|Poland|Saudi Arabia|Singapore|South Africa|South Korea|Taiwan|Turkey (Türkiye)|United States,True,2026-09-07
NCT06063850,RECRUITING,2024-06-12,PHASE1|PHASE2,UniQure Biopharma B.V.,INDUSTRY,AAV9-hSyn1-miGRIK2,AMT-260,18,United States,True,2026-09-07
NCT05923541,COMPLETED,2023-06-26,EARLY_PHASE1,Henan Cancer Hospital,OTHER_GOV,RD13-02 cell infusion,,1,China,False,2026-09-07
NCT05969041,RECRUITING,2023-08-02,PHASE1,Myeloid Therapeutics,INDUSTRY,MT-302 (A),,6,Australia,False,2026-09-07
NCT06055439,RECRUITING,2024-05-15,PHASE1|PHASE2,Chimeric Therapeutics,INDUSTRY,CHM-2101 CAR-T cells,,4,United States,True,2026-09-07
NCT05993949,ACTIVE_NOT_RECRUITING,2023-10-02,PHASE1,Stanford University,OTHER,Dasatinib,,1,United States,True,2026-09-07
NCT05944185,UNKNOWN,2023-09,PHASE1|PHASE2,"Shanghai Cell Therapy Group Co.,Ltd",INDUSTRY,αPD1-MSLN-CAR T Cells,,1,China,False,2026-09-07
NCT06054308,WITHDRAWN,2024-02-02,NA,Chinese University of Hong Kong,OTHER,MSLN CART,,1,Hong Kong,False,2026-09-07
NCT05990621,UNKNOWN,2023-07-31,PHASE1,Changhai Hospital,OTHER,Anti-CD70 CAR-T cells,,1,China,False,2026-09-07
NCT05952804,RECRUITING,2024-06-10,PHASE2,Fred Hutchinson Cancer Center,OTHER,"Immune Globulin Infusion (Human), 10% Solution|Anti-CD19 CAR T Cells Preparation|Saline|Biospecimen Collection|Survey Administration|Electronic Health Record Review",GAMMAGARD LIQUID|CD19-targeting CAR-T Cells|7647-14-5;ISOTONIC SODIUM CHLORIDE SOLUTION;Sodium Chloride 0.9%|Biological Sample Collection;Biospecimen Collected||,7,United States,True,2026-09-07
NCT05936229,WITHDRAWN,2025-04-01,PHASE1|PHASE2,Fred Hutchinson Cancer Center,OTHER,Interferon Beta-1A|X-Ray Imaging|Echocardiography|Multigated Acquisition Scan|Computed Tomography|Positron Emission Tomography|Lumbar Puncture|Bone Marrow Aspiration|Bone Marrow Biopsy|Biospecimen Collection|Biopsy,145258-61-3;Avonex;BG9418;Rebif;Recombinant interferon beta-1a|Conventional X-Ray;Diagnostic Radiology;Medical Imaging;Plain film radiographs;Radiographic Imaging;Radiographic imaging procedure (procedure);Radiography;RG;Static X-Ray|EC|Blood Pool Scan;Equilibrium Radionuclide Angiography;Gated Blood Pool Imaging;Gated Heart Pool Scan;MUGA Scan;Multi-Gated Acquisition Scan;Radionuclide Ventriculogram Scan;Radionuclide ventriculography;RNVG;SYMA Scanning;Synchronized Multigated Acquisition Scanning|CAT Scan;Computed Axial Tomography;Computerized axial tomography (procedure)|Medical Imaging;Pet Scan;Positron emission tomography (procedure);Positron-Emission Tomography;proton magnetic resonance spectroscopic imaging|LP;spinal tap|||Biological Sample Collection|BIOPSY_TYPE;Bx,1,United States,True,2026-09-07
NCT05993611,SUSPENDED,2024-02-19,PHASE1,City of Hope Medical Center,OTHER,Biopsy|Biospecimen Collection|Chimeric Antigen Receptor T-Cell Therapy|Computed Tomography|Echocardiography|Electronic Health Record Review|Leukapheresis|Lumbar Puncture|Magnetic Resonance Imaging|Quality-of-Life Assessment|Tafasitamab|X-Ray Imaging,"BIOPSY_TYPE;Bx|Biological Sample Collection;Biospecimen Collected;Specimen Collection|CAR T Infusion;CAR T Therapy;CAR T-cell Therapy;Chimeric Antigen Receptor T-cell Infusion|CAT;CAT Scan;Computed Axial Tomography;Computerized Axial Tomography;Computerized axial tomography (procedure);Computerized Tomography;CT;CT Scan;tomography|EC||Leukocytopheresis;Therapeutic Leukopheresis|LP;Spinal Tap|Magnetic Resonance;Magnetic resonance imaging (procedure);Magnetic Resonance Imaging Scan;Medical Imaging, Magnetic Resonance / Nuclear Magnetic Resonance;MR;MR Imaging;MRI;MRI Scan;NMR Imaging;NMRI;Nuclear Magnetic Resonance Imaging|Quality of Life Assessment|Immunoglobulin, Anti-(Human Cd19 Antigen) (Human-mus musculus Monoclonal MOR00208 Heavy Chain), Disulfide with Human-mus musculus Monoclonal MOR00208 .Kappa.-chain, Dimer;Monjuvi;MOR-00208;MOR00208;MOR208;Tafasitamab-cxix;XmAb5574|Conventional X-Ray;Diagnostic Radiology;Medical Imaging, X-Ray;Plain film radiographs;Radiographic Imaging;Radiographic imaging procedure (procedure);Radiography;RG;Static X-Ray;X-Ray",1,United States,True,2026-09-07
NCT05976555,RECRUITING,2026-05-15,PHASE1,Medical College of Wisconsin,OTHER,BCMA-TGFβ CAR-T cells (0.50 x 10^6 cells/kg)|BCMA-TGFβ CAR-T cells (0.75 x10^6 cells/kg)|BCMA-TGFβ CAR-T cells (1 x 10^6 cells/kg)|BCMA-TGFβ CAR-T cells (2.5 x 10^6 cells/kg)|Maximum tolerated dose,||||,1,United States,True,2026-09-07
NCT06013111,UNKNOWN,2023-10-23,PHASE1,"China Medical University, China",OTHER,Intravenous infusion anti-CEA-CAR-T cell,cyclophosphamide;fludarabine,1,China,False,2026-09-07
NCT05929716,WITHDRAWN,2023-09-30,PHASE2,M.D. Anderson Cancer Center,OTHER,Magrolimab|Rituximab|CAR T leukapheresis|Radiation,|||,0,,False,2026-09-07
NCT06048250,RECRUITING,2024-04-09,PHASE1,City of Hope Medical Center,OTHER,Biospecimen Collection|Bone Marrow Aspiration|Computed Tomography|Mezigdomide|Positron Emission Tomography,"Biological Sample Collection;Biospecimen Collected;Specimen Collection||CAT;CAT Scan;Computed Axial Tomography;Computerized Axial Tomography;Computerized axial tomography (procedure);Computerized Tomography;CT;CT Scan;tomography|BMS 986348;BMS-986348;BMS986348;CC 92480;CC-92480;CELMoD CC-92480;Cereblon E3 Ligase Modulation Drug CC-92480;Cereblon E3 Ubiquitin Ligase Modulating Agent CC-92480;Cereblon Modulator CC-92480|Medical Imaging, Positron Emission Tomography;PET;PET Scan;Positron emission tomography (procedure);Positron Emission Tomography Scan;Positron-Emission Tomography;proton magnetic resonance spectroscopic imaging;PT",1,United States,True,2026-09-07
NCT06038474,ACTIVE_NOT_RECRUITING,2024-02-12,PHASE2,Cartesian Therapeutics,INDUSTRY,Descartes-08,,1,United States,True,2026-09-07
NCT06010875,RECRUITING,2023-11-30,PHASE1,"Chongqing Precision Biotech Co., Ltd",INDUSTRY,CD70 CAR-T cells|CD70 CAR-T cells,|,1,China,False,2026-09-07
NCT05979363,RECRUITING,2023-08-14,PHASE2,"Institute of Hematology & Blood Diseases Hospital, China",OTHER,anti-BCMA CAR-T|VRD-based regimen,|,1,China,False,2026-09-07
NCT05934838,ACTIVE_NOT_RECRUITING,2023-10-04,PHASE1,Weill Medical College of Cornell University,OTHER,Tazemetostat Pill,Tazverik,1,United States,True,2026-09-07
NCT06006390,UNKNOWN,2023-09-07,PHASE1|PHASE2,"Chongqing Precision Biotech Co., Ltd",INDUSTRY,CEA-targeted CAR-T cells|CEA-targeted CAR-T cells,|,3,China,False,2026-09-07
NCT05934448,RECRUITING,2023-11-15,PHASE2,"Jennifer Crombie, MD",OTHER,Pembrolizumab|Lymphodepletion Chemotherapy|Chimeric Antigen Receptor (CAR) Therapy Infusion|Leukapheresis,Keytruda|Fludarabine;Cyclophosphamide||,2,United States,True,2026-09-07
NCT06046040,ACTIVE_NOT_RECRUITING,2024-01-31,PHASE1,University of Pennsylvania,OTHER,TmPSMA-02 CAR T Cells,,1,United States,True,2026-09-07
NCT05990751,ACTIVE_NOT_RECRUITING,2024-04-19,PHASE1,"University College, London",OTHER,GD2 CAR T cells,,1,United Kingdom,True,2026-09-07
NCT06041620,UNKNOWN,2023-08-31,NA,"Institute of Hematology & Blood Diseases Hospital, China",OTHER,VGB-Ex01,,1,China,False,2026-09-07
NCT06045910,RECRUITING,2024-02-07,PHASE1|PHASE2,Cancer Research UK,OTHER,ALETA-001,,7,United Kingdom,True,2026-09-07
NCT06006741,NOT_YET_RECRUITING,2027-06-30,PHASE1,Shenzhen Geno-Immune Medical Institute,OTHER,MM-specific universal CAR T cells,,1,China,False,2026-09-07
NCT06043323,RECRUITING,2024-01-08,PHASE2,M.D. Anderson Cancer Center,OTHER,Axicabtagene Ciloleucel|Cyclophosphamide|Fludarabine phosphate|Prednisone|Diphenhydramine|Acetaminophen,|Cytoxan®;Neosar®|||Benadryl®|Tylenol®;Dorcol®;Feverall;Panadol;APAP;N-Acetyl-P-Aminophenol;Paracetamo;Ofirmev™,1,United States,True,2026-09-07
NCT05909527,WITHDRAWN,2023-05-01,PHASE1|PHASE2,"Guangzhou Bio-gene Technology Co., Ltd",INDUSTRY,CD7 CAR-T,,1,China,False,2026-09-07
NCT05938725,TERMINATED,2023-04-28,PHASE1|PHASE2,Kyverna Therapeutics,INDUSTRY,KYV-101 anti-CD19 CAR-T cell therapy|Standard lymphodepletion regimen,|Cyclophosphamide;Fludarabine,6,United States,True,2026-09-07
NCT05896163,TERMINATED,2023-08-30,PHASE1|PHASE2,Pfizer,INDUSTRY,maplirpacept (PF-07901801)|Glofitamab|Obinutuzumab,|Columvi|Gazyva,10,Israel|Japan|Turkey (Türkiye)|United States,True,2026-09-07
NCT06024057,NOT_YET_RECRUITING,2023-09-01,NA,"Shanghai General Hospital, Shanghai Jiao Tong University School of Medicine",OTHER,LX101,,0,,False,2026-09-07
NCT05942599,ACTIVE_NOT_RECRUITING,2023-07-21,PHASE1,Great Ormond Street Hospital for Children NHS Foundation Trust,OTHER,Cryopreserved BE CAR33 T Cells (BE752TBTTBCAR33PBL),BECAR33,1,United Kingdom,True,2026-09-07
NCT06031727,RECRUITING,2023-09-04,EARLY_PHASE1,"HuidaGene Therapeutics Co., Ltd.",INDUSTRY,HG202,,2,China,False,2026-09-07
NCT05981235,COMPLETED,2023-12-14,PHASE1,Peking University,OTHER,AZD6422 CLDN18.2 CAR-T product,AZD6422,1,China,False,2026-09-07
NCT05990465,RECRUITING,2025-02-06,PHASE1,Medical College of Wisconsin,OTHER,Pirtobrutinib|LV20.19 CAR T cells,Jaypirca;LOXO-305|,1,United States,True,2026-09-07
NCT05901480,UNKNOWN,2023-06-26,NA,Otovia Therapeutics,INDUSTRY,OTOV101N+OTOV101C Injections,,23,China,False,2026-09-07
NCT05909059,RECRUITING,2024-11-18,PHASE2,"Northside Hospital, Inc.",OTHER,Fludarabine|Cyclophosphamide,|,1,United States,True,2026-09-07
NCT05988216,RECRUITING,2023-08-14,NA,Bioray Laboratories,INDUSTRY,BRL-301,Allogeneic Anti-CD19 CAR T cells,1,China,False,2026-09-07
NCT05963217,RECRUITING,2023-07-26,PHASE1,"University Health Network, Toronto",OTHER,TBI-2001|Cyclophosphamide|Fludarabine,||,1,Canada,False,2026-09-07
NCT05903339,ACTIVE_NOT_RECRUITING,2023-08-29,PHASE1,National Institute of Allergy and Infectious Diseases (NIAID),NIH,V3G CH848 Pr-NP1 60mcg|3M-052-AF 5mcg|Alum 500 mcg|V3G CH848 mRNA-Tr2 50mcg|ACU-026-001-1 2.0mg|V3G CH848 Pr-NP1 100mcg,|||||,6,United States,True,2026-09-07
NCT05948033,RECRUITING,2023-07-15,PHASE1|PHASE2,Chinese PLA General Hospital,OTHER,CD70-targeting CAR-T cells,,1,China,False,2026-09-07
NCT06015880,RECRUITING,2024-05-20,PHASE1,National Cancer Institute (NCI),NIH,Biospecimen Collection|Computed Tomography|Lenalidomide|Mosunetuzumab|Polatuzumab Vedotin|Positron Emission Tomography,"Biological Sample Collection;Biospecimen Collected;Sample Collection;Specimen Collection|CAT;CAT Scan;Computed Axial Tomography;Computerized Axial Tomography;Computerized axial tomography (procedure);Computerized Tomography;Computerized Tomography (CT) scan;CT;CT Scan;Diagnostic CAT Scan;Diagnostic CAT Scan Service Type;tomography|CC 5013;CC-5013;CC5013;CDC 501;Revlimid|Anti-CD20 x Anti-CD3 Bispecific Monoclonal Antibody BTCT4465A;BTCT 4465A;BTCT-4465A;BTCT4465A;CD20/CD3 BiMAb BTCT4465A;Lunsumio;Mosunetuzumab-axgb;RG 7828;RG-7828;RG7828;RO7030816|ADC DCDS4501A;Antibody-Drug Conjugate DCDS4501A;DCDS4501A;FCU 2711;FCU-2711;FCU2711;polatuzumab vedotin-piiq;Polivy;RG 7596;RG-7596;RG7596;Ro 5541077-000|Medical Imaging, Positron Emission Tomography;PET;PET Scan;Positron emission tomography (procedure);Positron Emission Tomography Scan;Positron-Emission Tomography;PT",8,United States,True,2026-09-07
NCT06002659,RECRUITING,2024-05-01,PHASE1|PHASE2,Uppsala University,OTHER,CAR20(NAP)-T|Cyclophosphamide|Fludarabine,ELC-301||,2,Sweden,True,2026-09-07
NCT05926726,RECRUITING,2023-01-01,NA,RenJi Hospital,OTHER,CAR-GPC3 T cells,,1,China,False,2026-09-07
NCT05946226,UNKNOWN,2023-09-07,PHASE1,"Suzhou Immunofoco Biotechnology Co., Ltd",INDUSTRY,IMC002 injection,Autologous Claudin 18.2 specific CAR-T cell injection,7,China,False,2026-09-07
NCT06004167,COMPLETED,2024-01-14,NA,Massachusetts General Hospital,OTHER,Adaptive Bridging Radiation Therapy (ABRT),,2,United States,True,2026-09-07
NCT06018558,ACTIVE_NOT_RECRUITING,2023-02-23,PHASE1|PHASE2,Ocugen,INDUSTRY,OCU410,,12,United States,True,2026-09-07
NCT05963100,ACTIVE_NOT_RECRUITING,2023-08-07,PHASE1|PHASE2,Zhongda Hospital,OTHER,TCR-like CAR-T,,1,China,False,2026-09-07
NCT05932173,UNKNOWN,2023-07-01,PHASE1|PHASE2,920th Hospital of Joint Logistics Support Force of People's Liberation Army of China,OTHER,Anti-CD19 Autologous CAR-T Cell Infusion,OlyCAR-019,1,China,False,2026-09-07
NCT06014762,ACTIVE_NOT_RECRUITING,2024-04-16,PHASE1,"Poseida Therapeutics, Inc.",INDUSTRY,P-CD19CD20-ALLO1|Rimiducid,|,16,United States,True,2026-09-07
NCT06010862,RECRUITING,2023-09-30,PHASE1,"Chongqing Precision Biotech Co., Ltd",INDUSTRY,CEA CAR-T cells|CEA CAR-T cells,|,1,China,False,2026-09-07
NCT05982275,NOT_YET_RECRUITING,2024-12-30,PHASE1|PHASE2,Fundación Pública Andaluza para la gestión de la Investigación en Sevilla,OTHER,CARTemis-1,,5,Spain,True,2026-09-07
NCT06056102,RECRUITING,2024-05-09,PHASE1,National Institute of Allergy and Infectious Diseases (NIAID),NIH,Cyclophosphamide|CART-BCMA|huCART19|Fludarabine,Cytoxan|Chimeric Antigen Receptor T cell (CART)/B cell maturation antigen (BCMA)|Chimeric Antigen Receptor T cell (CART)/ CD-19 Targeted Humanized CAR T Cell|Fludara,3,United States,True,2026-09-07
NCT06052826,RECRUITING,2023-06-23,PHASE2,City of Hope Medical Center,OTHER,Best Practice|Cognitive Intervention|Comprehensive Geriatric Assessment|Nutritional Intervention|Physical Therapy|Questionnaire Administration,standard of care;standard therapy||||Physiatric Procedure;Physical Medicine Procedure;Physical Therapeutics;Physical Therapy Procedure;Physiotherapy;Physiotherapy Procedure;PT|,1,United States,True,2026-09-07
NCT06026319,RECRUITING,2023-10-26,PHASE1,"Marcela V. Maus, M.D.,Ph.D.",OTHER,CD79b-19 CAR T cells|Cyclophosphamide|Fludarabine,|Cytoxan;Neosar|Fludara,1,United States,True,2026-09-07
NCT06056921,UNKNOWN,2023-08-31,PHASE1,"Chongqing Precision Biotech Co., Ltd",INDUSTRY,CD19 targeted CAR-T cells,,1,China,False,2026-09-07
NCT06025032,WITHDRAWN,2023-03-30,EARLY_PHASE1,"HuidaGene Therapeutics Co., Ltd.",INDUSTRY,HG205,,1,China,False,2026-09-07
NCT05947487,RECRUITING,2023-07-15,PHASE1|PHASE2,Chinese PLA General Hospital,OTHER,CD70-targeting CAR-T cells,,1,China,False,2026-09-07
NCT05926583,ACTIVE_NOT_RECRUITING,2023-09-12,PHASE3,Janssen Pharmaceutical K.K.,INDUSTRY,AAV5-hRKp.RPGR|AAV5-hRKp.RPGR,|,1,Japan,False,2026-09-07
NCT05907603,COMPLETED,2023-03-08,EARLY_PHASE1,Kai Lin Xu，MD,OTHER,RD13-02 cell infusion,,1,China,False,2026-09-07
NCT05984927,ACTIVE_NOT_RECRUITING,2023-09-08,PHASE1|PHASE2,"Elisigen, Inc.",INDUSTRY,NG101 AAV gene therapy,NG101,5,Canada|United States,True,2026-09-07
NCT06024876,COMPLETED,2023-08-26,EARLY_PHASE1,"CorrectSequence Therapeutics Co., Ltd",INDUSTRY,CS-101,,1,China,False,2026-09-07
NCT05911217,RECRUITING,2023-07-11,PHASE1,"CARsgen Therapeutics Co., Ltd.",INDUSTRY,CT041 autologous CAR T-cell injection,Single Group Assignment,8,China,False,2026-09-07
NCT05972720,TERMINATED,2023-08-01,PHASE2,CARGO Therapeutics,INDUSTRY,Fludarabine (Conditional therapy)|Cyclophosphamide Monohydrate (Conditional therapy)|firi-cel (Experimental drug),||,31,United States,True,2026-09-07
NCT06047197,RECRUITING,2023-09-05,PHASE1,Beijing Yongtai Ruike Biotechnology Company Ltd,INDUSTRY,RC19D2 cell injection,,1,China,False,2026-09-07
NCT06045806,ACTIVE_NOT_RECRUITING,2023-10-16,PHASE3,Celgene,INDUSTRY,idecabtagene vicleucel|Lenalidomide|Fludarabine|Cyclophosphamide,BMS-986395;Abecma;bb2121;ide-cel|Revlimid;LEN|FLUDARA;BENDARBIN|ENDOXAN;CYTOXAN,101,Australia|Austria|Belgium|Canada|Denmark|France|Germany|Greece|Israel|Italy|Japan|Norway|Poland|Romania|South Korea|Spain|United Kingdom|United States,True,2026-09-07
NCT05952375,UNKNOWN,2023-03-01,NA,The Affiliated Hospital of Qingdao University,OTHER,Chimeric antigen receptor T cell preparation targeting Claudin18.2,,1,China,False,2026-09-07
NCT05950113,WITHDRAWN,2024-03-28,PHASE1,Jonsson Comprehensive Cancer Center,OTHER,Bone Marrow Aspiration|Bone Marrow Biopsy|Computed Tomography|Cyclophosphamide|Echocardiography|Fludarabine|Fludeoxyglucose F-18|Immunotherapy|Leukapheresis|Magnetic Resonance Imaging|Positron Emission Tomography,"|Biopsy of Bone Marrow;Biopsy, Bone Marrow|CAT;CAT Scan;Computed Axial Tomography;Computerized Axial Tomography;Computerized axial tomography (procedure);Computerized Tomography;CT;CT Scan;tomography|(-)-Cyclophosphamide;2H-1,3,2-Oxazaphosphorine, 2-[bis(2-chloroethyl)amino]tetrahydro-, 2-oxide, monohydrate;Carloxan;Ciclofosfamida;Ciclofosfamide;Cicloxal;Clafen;Claphene;CP monohydrate;CTX;CYCLO-cell;Cycloblastin;Cycloblastine;Cyclophospham;Cyclophosphamid monohydrate;Cyclophosphamide Monohydrate;Cyclophosphamidum;Cyclophosphan;Cyclophosphane;Cyclophosphanum;Cyclostin;Cyclostine;Cytophosphan;Cytophosphane;Cytoxan;Fosfaseron;Genoxal;Genuxal;Ledoxina;Mitoxan;Neosar;Revimmune;Syklofosfamid;WR- 138719|EC|Fluradosa|18FDG;FDG;Fludeoxyglucose (18F);fludeoxyglucose F 18;Fludeoxyglucose F18;Fluorine-18 2-Fluoro-2-deoxy-D-Glucose;Fluorodeoxyglucose F18|Immunological;Immunological Therapy;Immunologically Directed Therapy|Leukocytopheresis;Therapeutic Leukopheresis|Magnetic Resonance;Magnetic resonance imaging (procedure);Magnetic Resonance Imaging Scan;Medical Imaging, Magnetic Resonance / Nuclear Magnetic Resonance;MR;MR Imaging;MRI;MRI Scan;NMR Imaging;NMRI;Nuclear Magnetic Resonance Imaging|Medical Imaging, Positron Emission Tomography;PET;PET Scan;Positron emission tomography (procedure);Positron Emission Tomography Scan;Positron-Emission Tomography;proton magnetic resonance spectroscopic imaging;PT",1,United States,True,2026-09-07
NCT05949125,RECRUITING,2024-01-03,PHASE1,AvenCell Europe GmbH,INDUSTRY,"Cyclophosphamide (Non-IMP, Lymphodepletion)|Fludarabine (Non-IMP, Lymphodepletion)|R-TM123|Allo-RevCAR01-T",||R-TM123 is one component of the Allo-RevCAR01-T-CD123 treatment|Allo-RevCAR01-T is one component of the Allo-RevCAR01-T-CD123 treatment,11,Germany|Netherlands,True,2026-09-07
NCT05941156,UNKNOWN,2023-05-01,PHASE2,The Affiliated Hospital of Xuzhou Medical University,OTHER,Anti-CD56 CAR T,,1,China,False,2026-09-07
NCT06010472,RECRUITING,2023-08-20,EARLY_PHASE1,Changhai Hospital,OTHER,anti-CD19 CAR NK cells (KN5501),,1,China,False,2026-09-07
NCT05979792,UNKNOWN,2023-09-01,EARLY_PHASE1,Zhao Weili,OTHER,CAR-T Therapy,,8,China,False,2026-09-07
NCT05984199,TERMINATED,2023-12-11,PHASE1|PHASE2,Vor Biopharma,INDUSTRY,VCAR33,,14,United States,True,2026-09-07
NCT05902845,COMPLETED,2023-04-30,EARLY_PHASE1,Xiaoyu Zhu,OTHER_GOV,RD13-02 cell infusion,,1,China,False,2026-09-07
NCT05922384,UNKNOWN,2023-07-05,NA,Affiliated Hospital of Guangdong Medical University,OTHER,KL-7SHRNA injection solution,Drug: carmustine Given IV Other Names: BCNU BiCNU bis-chloronitrosourea;Drug: etoposide Given IV Other Names: EPEG VP-16 VP-16-213;Drug: cytosine arabinoside Given IV;Drug: melphalan Given IV,1,China,False,2026-09-07
NCT05950802,RECRUITING,2023-07-14,PHASE1,"University Health Network, Toronto",OTHER,Cyclophosphamide|TLI,"cytoxin, neosar|",1,Canada,False,2026-09-07
NCT06009107,WITHDRAWN,2025-06-30,PHASE1|PHASE2,Juventas Cell Therapy Ltd.,INDUSTRY,HY004|Cyclophosphamide|Fludarabine Phosphate,||,0,,False,2026-09-07
NCT06051695,RECRUITING,2024-04-03,PHASE1|PHASE2,A2 Biotherapeutics Inc.,INDUSTRY,A2B694|A2B543|xT CDx with HLA-LOH Assay,Tmod CAR T-cell Therapy|Tmod CAR T-cell Therapy|,12,United States,True,2026-09-07
NCT05998928,UNKNOWN,2023-07-27,PHASE2,"Union Hospital, Tongji Medical College, Huazhong University of Science and Technology",OTHER,Fludarabine + Cyclophosphamide + BCMA-GPRC5D CAR-T Cells,,1,China,False,2026-09-07
NCT05995041,NOT_YET_RECRUITING,2027-06-30,PHASE1,Shenzhen Geno-Immune Medical Institute,OTHER,"CLL-1, CD33, CD38 and/or CD123-specific universal CAR- T cells",,1,China,False,2026-09-07
NCT05972629,ACTIVE_NOT_RECRUITING,2023-08-07,PHASE1|PHASE2,Sanofi,INDUSTRY,SAR444836,,11,Argentina|Brazil|Israel|Turkey (Türkiye)|United States,True,2026-09-07
NCT06043466,RECRUITING,2023-08-11,PHASE1,"Chongqing Precision Biotech Co., Ltd",INDUSTRY,CEA-targeted CAR-T cells,,2,China,False,2026-09-07
NCT05991388,RECRUITING,2024-05-02,PHASE2|PHASE3,University of Birmingham,OTHER,Odronextamab|Loncastuximab tesirine|Rituximab|Ifosfamide|Carboplatin|Etoposide|Etoposide Phosphate|Dexamethasone|CAR T-cells (TBC),REGN-1979|ADCT-402|||||||,11,Australia|Austria|Belgium|Netherlands|New Zealand|Sweden|United Kingdom,True,2026-09-07
NCT05943314,WITHDRAWN,2023-07-12,NA,"Guangzhou Bio-gene Technology Co., Ltd",INDUSTRY,CLL1/+CD33 CAR-T,,1,China,False,2026-09-07
NCT05905328,RECRUITING,2023-12-28,PHASE1|PHASE2,"CytoAgents, Inc.",INDUSTRY,CTO1681 10 µg|CTO1681 20 μg|CTO1681 30 μg|CTO1681 10 µg Run-in / 20 µg Treatment|CTO1681 20 µg Run-in / 30 µg Treatment,||||,6,United States,True,2026-09-07
NCT05898620,ACTIVE_NOT_RECRUITING,2023-06-13,PHASE3,Neurogene Inc.,INDUSTRY,NGN-401,,16,Australia|United Kingdom|United States,True,2026-09-07
NCT05978661,UNKNOWN,2023-08-29,PHASE1,Nanjing University School of Medicine,OTHER,FKC288,,1,China,False,2026-09-07
NCT06014073,RECRUITING,2023-09-06,PHASE1|PHASE2,Chinese PLA General Hospital,OTHER,TRAC and Power3 (SPPL3) Genes Knock-out Allogeneic CD19-targeting CAR-T cell (ATHENA CAR-T)|Fludarabine|Cyclophosphamide,|Fludarabine Phosphate for Injection|Cyclophosphamide for Injection,3,China,False,2026-09-07
NCT05945485,COMPLETED,2023-10-16,PHASE1,National Institute of Allergy and Infectious Diseases (NIAID),NIH,"DCVC H1 HA mRNA vaccine|Quadrivalent Recombinant Seasonal Influenza Vaccine|Sodium Chloride, 0.9%",||,1,United States,True,2026-09-07
NCT05976906,UNKNOWN,2023-05-23,PHASE1,Zhejiang University,OTHER,Universal Chimeric Natural Killer Receptor Modified T-cells (CNK-UT),,1,China,False,2026-09-07
NCT05989204,ACTIVE_NOT_RECRUITING,2023-11-13,PHASE1,University of Pennsylvania,OTHER,TmCD19-IL18,,1,United States,True,2026-09-07
NCT06003179,WITHDRAWN,2024-04-05,PHASE1,"University Health Network, Toronto",OTHER,Cyclophosphamide|TLI|Fludarabine,"Cytoxan, neosar||",1,Canada,False,2026-09-07
NCT06005649,WITHDRAWN,2025-09,PHASE1|PHASE2,Juventas Cell Therapy Ltd.,INDUSTRY,HY004,,0,,False,2026-09-07
NCT05995015,NOT_YET_RECRUITING,2026-12-31,PHASE1,Shenzhen Geno-Immune Medical Institute,OTHER,Universal CD19-specific CAR gene-engineered T cells,,1,China,False,2026-09-07
NCT05945849,RECRUITING,2024-02-23,PHASE1,University of Pennsylvania,OTHER,CD33KO-HSPC; CART33,,1,United States,True,2026-09-07
NCT05995028,NOT_YET_RECRUITING,2027-06-30,PHASE1,Shenzhen Geno-Immune Medical Institute,OTHER,Universal CD7-specific CAR gene-engineered T cells,,1,China,False,2026-09-07
NCT06064890,RECRUITING,2023-08-30,PHASE1|PHASE2,AviadoBio Ltd,INDUSTRY,Intrathalamic AAV.PGRN administration|Intrathalamic AVB-101,|,19,Belgium|Canada|Italy|Netherlands|Poland|Spain|Sweden|United Kingdom|United States,True,2026-09-07
NCT06017258,RECRUITING,2023-09-01,PHASE1,Memorial Sloan Kettering Cancer Center,OTHER,CD371-specific/YSNVz/I-18 CAR T cells,,7,United States,True,2026-09-07
NCT06201247,RECRUITING,2023-12-30,EARLY_PHASE1,Peking University People's Hospital,OTHER,JD123 injection,,1,China,False,2026-09-07
NCT06071624,RECRUITING,2024-02-21,PHASE1,Huda Salman,OTHER,CD4CAR,,4,United States,True,2026-09-07
NCT06215950,RECRUITING,2024-01-10,PHASE1,"Chongqing Precision Biotech Co., Ltd",INDUSTRY,CD70 CAR-T cells|CD70 CAR-T cells,|,1,China,False,2026-09-07
NCT06210243,TERMINATED,2023-12-24,PHASE1,920th Hospital of Joint Logistics Support Force of People's Liberation Army of China,OTHER,C752,,1,China,False,2026-09-07
NCT06081478,RECRUITING,2022-01-18,PHASE2,Beijing Tongren Hospital,OTHER,CD19/CD22-bispecific CAR-T cells,,1,China,False,2026-09-07
NCT06104592,RECRUITING,2023-11-08,PHASE2,H. Lee Moffitt Cancer Center and Research Institute,OTHER,Comprehensive Ablative Bridging Irradiation (CABI)|Chimeric Antigen Receptor T-Cell Therapy,|Axi-Cel;Yascarta,1,United States,True,2026-09-07
NCT06218602,RECRUITING,2024-02-19,PHASE2,M.D. Anderson Cancer Center,OTHER,Fecal Microbiota Transplantation|Chemotherapy|CAR-T Therapy,||,1,United States,True,2026-09-07
NCT06119659,UNKNOWN,2023-11-20,EARLY_PHASE1,Zhejiang University,OTHER,Low dose KL001|Middle dose KL001|High dose KL001,rAAV vector|rAAV vector|rAAV vector,0,,False,2026-09-07
NCT06121843,RECRUITING,2024-02-22,PHASE1,"Juno Therapeutics, Inc., a Bristol-Myers Squibb Company",INDUSTRY,BMS-986393|Alnuctamab|Mezigdomide|Iberdomide|Elranatamab|Dexamethasone,CC-95266;Arlocabtagene autoleucel;arlo-cel|BMS-986349;CC-93269;EM901|BMS-986348;CC-92480|BMS-986382;CC-220|Elrexfio|Decadron,19,Canada|United States,True,2026-09-07
NCT06136364,RECRUITING,2023-08-15,PHASE1,"Hebei Senlang Biotechnology Inc., Ltd.",INDUSTRY,CAR-T,,1,China,False,2026-09-07
NCT06097455,NOT_YET_RECRUITING,2024-01-15,EARLY_PHASE1,Fundacion Clinic per a la Recerca Biomédica,OTHER,ARI0003,"Adult autologous differentiated T-cells from peripheral blood, expanded and co-transduced lentiviruses: one containing a chimeric antigen receptor anti-CD19 and another containing an anti-CD269 (BCMA)",7,Spain,True,2026-09-07
NCT06068400,TERMINATED,2023-09-21,NA,"Guangzhou Bio-gene Technology Co., Ltd",INDUSTRY,BCMA/GPRC5D dual CAR-T,,1,China,False,2026-09-07
NCT06153095,WITHDRAWN,2024-02-15,PHASE1|PHASE2,"Lyell Immunopharma, Inc.",INDUSTRY,IMPT-514|IMPT-514|IMPT-514,||,4,Australia|United States,True,2026-09-07
NCT06144385,UNKNOWN,2022-03-24,PHASE1,"Shanghai Ming Ju Biotechnology Co., Ltd.",INDUSTRY,CAR-GPC3 T cells,JWCAR204,1,China,False,2026-09-07
NCT06167785,RECRUITING,2025-06-04,PHASE2,"University Health Network, Toronto",OTHER,Tislelizumab|Zanubrutinib|Tislelizumab + Zanubrutinib,||,1,Canada,False,2026-09-07
NCT06101082,RECRUITING,2024-01-16,PHASE1,"China Medical University, China",OTHER,Intravenous infusion anti-HER2-CAR-T cell,fludarabine;cyclophosphamide,1,China,False,2026-09-07
NCT06101381,RECRUITING,2024-03-21,PHASE1|PHASE2,University of Sao Paulo,OTHER,CART-19,,5,Brazil,False,2026-09-07
NCT06152172,ACTIVE_NOT_RECRUITING,2024-08-05,PHASE1,David Porter,OTHER,KYV-101|Cyclophosphamide|Fludarabine,||,1,United States,True,2026-09-07
NCT06128629,RECRUITING,2023-12-13,PHASE3,Intellia Therapeutics,INDUSTRY,NTLA-2001|Placebo,|,132,Argentina|Australia|Austria|Belgium|Brazil|Canada|Czechia|Denmark|France|Germany|Hungary|Israel|Italy|Japan|Mexico|Netherlands|New Zealand|Norway|Portugal|Singapore|South Korea|Spain|Sweden|Taiwan|United Kingdom|United States,True,2026-09-07
NCT06221553,RECRUITING,2024-03-01,PHASE1,Chulalongkorn University,OTHER,B7H3 specific CAR T cell with IL-7Ra signaling domain,,1,Thailand,False,2026-09-07
NCT06073951,COMPLETED,2024-03-11,NA,Mayo Clinic,OTHER,Best Practice|Exercise Counseling|Exercise Intervention|Medical Device Usage and Evaluation|Medical Device Usage and Evaluation|Physical Performance Testing|Questionnaire Administration,standard of care;standard therapy|||||Physical Fitness Testing;Physical Function Testing|,1,United States,True,2026-09-07
NCT06066346,RECRUITING,2023-09-27,PHASE2,Memorial Sloan Kettering Cancer Center,OTHER,Talquetamab,,7,United States,True,2026-09-07
NCT06158139,RECRUITING,2024-07-18,PHASE1,UNC Lineberger Comprehensive Cancer Center,OTHER,iC9-CAR.B7-H3 T cell infusion,Cellular Therapy,1,United States,True,2026-09-07
NCT06204991,RECRUITING,2025-04-01,PHASE1,Inge Marie Svane,OTHER,ADP-TILIL7|Cyclophosphamide|Fludarabine Phosphate|Proleukin,|||,2,Denmark,True,2026-09-07
NCT06084962,RECRUITING,2023-10-20,PHASE1,He Huang,OTHER,DeepTag-GPRC5D Targeted CAR T-cells,DeepTag-GPRC5D Targeted CAR T-cells injection,1,China,False,2026-09-07
NCT06149169,UNKNOWN,2023-08-17,PHASE2,"Shanghai Ming Ju Biotechnology Co., Ltd.",INDUSTRY,CD19-targeted Chimeric Antigen Receptor(CAR) T Cells,,1,China,False,2026-09-07
NCT06193889,RECRUITING,2024-08-28,PHASE2|PHASE3,Kyverna Therapeutics,INDUSTRY,Standard of Care Treatment|Standard lymphodepletion regimen|KYV-101,|Cyclophosphamide;Fludarabine|,22,Australia|Brazil|Germany|Saudi Arabia|United Kingdom|United States,True,2026-09-07
NCT06110208,TERMINATED,2023-10-10,EARLY_PHASE1,920th Hospital of Joint Logistics Support Force of People's Liberation Army of China,OTHER,CLL1 and CD38 dual-target CAR-T injection,,1,China,False,2026-09-07
NCT06128044,TERMINATED,2024-02-08,PHASE1,"Caribou Biosciences, Inc.",INDUSTRY,CB-012,Cyclophosphamide;Fludarabine,10,United States,True,2026-09-07
NCT06167590,UNKNOWN,2022-07-15,NA,"Fondazione IRCCS Ca' Granda, Ospedale Maggiore Policlinico",OTHER,GAPsy protocol,,1,Italy,True,2026-09-07
NCT06084286,RECRUITING,2024-01-01,PHASE1,Sichuan University,OTHER,Dual-targeting CLDN18.2 and PD-L1 CAR-T cells,,1,China,False,2026-09-07
NCT06191887,RECRUITING,2024-03-18,PHASE1,Mayo Clinic,OTHER,Autologous BAFFR-targeting CAR T Cells|Bendamustine|Biopsy|Biospecimen Collection|Bone Marrow Aspiration and Biopsy|Computed Tomography|Cyclophosphamide|Echocardiography|Fludarabine|Leukapheresis|Magnetic Resonance Imaging|Positron Emission Tomography,"Autologous BAFFR-CAR T Cells;Autologous BAFFR-CAR-expressing T-cells|SDX-105|BIOPSY_TYPE;Bx|Biological Sample Collection;Biospecimen Collected;Specimen Collection||CAT;CAT Scan;Computed Axial Tomography;Computerized Axial Tomography;Computerized axial tomography (procedure);Computerized Tomography;CT;CT Scan;tomography|(-)-Cyclophosphamide;2H-1,3,2-Oxazaphosphorine, 2-[bis(2-chloroethyl)amino]tetrahydro-, 2-oxide, monohydrate;Asta B 518;B-518;Carloxan;Ciclofosfamida;Ciclofosfamide;Cicloxal;Clafen;Claphene;CP monohydrate;CTX;CYCLO-cell;Cycloblastin;Cycloblastine;Cyclophospham;Cyclophosphamid monohydrate;Cyclophosphamide Monohydrate;Cyclophosphamidum;Cyclophosphan;Cyclophosphane;Cyclophosphanum;Cyclostin;Cyclostine;Cytophosphan;Cytophosphane;Cytoxan;Fosfaseron;Genoxal;Genuxal;Ledoxina;Mitoxan;Neosar;Revimmune;Syklofosfamid;WR- 138719;WR-138719|EC|Fluradosa|Leukocytopheresis;Therapeutic Leukopheresis|Magnetic Resonance;Magnetic resonance imaging (procedure);Magnetic Resonance Imaging Scan;Medical Imaging, Magnetic Resonance / Nuclear Magnetic Resonance;MR;MR Imaging;MRI;MRI Scan;MRIs;NMR Imaging;NMRI;Nuclear Magnetic Resonance Imaging;sMRI;Structural MRI|Medical Imaging, Positron Emission Tomography;PET;PET Scan;Positron emission tomography (procedure);Positron Emission Tomography Scan;Positron-Emission Tomography;proton magnetic resonance spectroscopic imaging;PT",1,United States,True,2026-09-07
NCT06153251,RECRUITING,2024-01-23,PHASE1,"Juno Therapeutics, Inc., a Bristol-Myers Squibb Company",INDUSTRY,BMS-986453|Fludarabine|Cyclophosphamide,|FludAra;Oforta|Cytoxan;Cytoxan Lyophilized;Neosar,19,France|Germany|Spain|United States,True,2026-09-07
NCT06219239,RECRUITING,2024-01-04,NA,"Institute of Hematology & Blood Diseases Hospital, China",OTHER,KL003 cell injection Drug Product,,1,China,False,2026-09-07
NCT06179888,SUSPENDED,2024-08-27,PHASE2,National Cancer Institute (NCI),NIH,Biospecimen Collection|Bone Marrow Aspiration|Bone Marrow Biopsy|Computed Tomography|Iberdomide|Magnetic Resonance Imaging|Patient Monitoring|Positron Emission Tomography|Skeletal Survey X-Ray,"Biological Sample Collection;Biospecimen Collected;Sample Collection;Specimen Collection||Biopsy of Bone Marrow;Biopsy, Bone Marrow|CAT;CAT Scan;Computed Axial Tomography;Computerized Axial Tomography;Computerized axial tomography (procedure);Computerized Tomography;Computerized Tomography (CT) scan;CT;CT Scan;Diagnostic CAT Scan;Diagnostic CAT Scan Service Type;tomography|CC 220;CC-220|Magnetic Resonance;Magnetic Resonance Imaging (MRI);Magnetic resonance imaging (procedure);Magnetic Resonance Imaging Scan;Medical Imaging, Magnetic Resonance / Nuclear Magnetic Resonance;MR;MR Imaging;MRI;MRI Scan;MRIs;NMR Imaging;NMRI;Nuclear Magnetic Resonance Imaging;sMRI;Structural MRI|medical monitoring;monitor|Medical Imaging, Positron Emission Tomography;PET;PET Scan;Positron emission tomography (procedure);Positron Emission Tomography Scan;Positron-Emission Tomography;PT|Skeletal Survey",74,United States,True,2026-09-07
NCT06205524,UNKNOWN,2023-07-10,PHASE1,National Drug Clinical Trial Institute of the Second Affiliated Hospital of Bengbu Medical College,OTHER,TI-0010|Placebo,|,1,China,False,2026-09-07
NCT06125756,UNKNOWN,2023-12-20,EARLY_PHASE1,Affiliated Hospital of Guangdong Medical University,OTHER,Low dose KL001|Middle dose KL001|High dose KL001,rAAV vector|rAAV vector|rAAV vector,0,,False,2026-09-07
NCT06208735,RECRUITING,2025-01-02,PHASE1,British Columbia Cancer Agency,OTHER,CLIC-2201,Autologous CD22 targeting CAR-T cells,7,Canada,False,2026-09-07
NCT06096038,RECRUITING,2024-04-05,PHASE1,UNC Lineberger Comprehensive Cancer Center,OTHER,Cyclophosphamide|Fludarabine|Cell Therapy,Cycloblastin;Cytoxan;Endoxan;Neosar;Procytox;Revimmune|Fludara;Fludarabine Phosphate|,1,United States,True,2026-09-07
NCT06090864,RECRUITING,2024-04-25,PHASE1|PHASE2,UNC Lineberger Comprehensive Cancer Center,OTHER,Chemotherapy|Cell infusion,|,1,United States,True,2026-09-07
NCT06093841,ACTIVE_NOT_RECRUITING,2023-11-03,PHASE2,"Shanghai Ming Ju Biotechnology Co., Ltd.",INDUSTRY,Relmacabtagene Autoleucel|Fludarabine|Cyclophosphamide,JWCAR029||,13,China,False,2026-09-07
NCT06212154,UNKNOWN,2024-01-20,PHASE1,"Institute of Hematology & Blood Diseases Hospital, China",OTHER,ThisCART19A,Allogeneic CAR-T targeting CD19,1,China,False,2026-09-07
NCT06149403,ACTIVE_NOT_RECRUITING,2023-12-11,PHASE3,Orchard Therapeutics,INDUSTRY,Experimental: OTL-203|Active Comparator: Allo-HSCT,|,5,Italy|Netherlands|United Kingdom|United States,True,2026-09-07
NCT06064903,RECRUITING,2024-04-21,PHASE1|PHASE2,Bambino Gesù Hospital and Research Institute,OTHER,CD7-CART01,,1,Italy,True,2026-09-07
NCT06097832,ACTIVE_NOT_RECRUITING,2024-06-05,PHASE1|PHASE2,Nexcella Inc.,INDUSTRY,NXC-201 CAR-T,HBI0101 CAR-T,18,United States,True,2026-09-07
NCT06112275,ACTIVE_NOT_RECRUITING,2024-02-28,PHASE1|PHASE2,Encoded Therapeutics,INDUSTRY,ETX101,,1,Australia,False,2026-09-07
NCT06094842,WITHDRAWN,2025-04-15,PHASE1,Fred Hutchinson Cancer Center,OTHER,Bendamustine|Biopsy|Biospecimen Collection|Bone Scan|Bridge Therapy|Computed Tomography|Cyclophosphamide|Echocardiography|Fludarabine|Leukapheresis|Multigated Acquisition Scan|T-cell Receptor-engineered T-cells|X-Ray Imaging,"SDX-105|BIOPSY_TYPE;Bx|Biological Sample Collection;Biospecimen Collected;Specimen Collection|Bone Scintigraphy||CAT;CAT Scan;Computed Axial Tomography;Computerized Axial Tomography;Computerized axial tomography (procedure);Computerized Tomography;CT;CT Scan;tomography|(-)-Cyclophosphamide;2H-1,3,2-Oxazaphosphorine, 2-[bis(2-chloroethyl)amino]tetrahydro-, 2-oxide, monohydrate;Asta B 518;B-518;Carloxan;Ciclofosfamida;Ciclofosfamide;Cicloxal;Clafen;Claphene;CP monohydrate;CTX;CYCLO-cell;Cycloblastin;Cycloblastine;Cyclophospham;Cyclophosphamid monohydrate;Cyclophosphamide Monohydrate;Cyclophosphamidum;Cyclophosphan;Cyclophosphane;Cyclophosphanum;Cyclostin;Cyclostine;Cytophosphan;Cytophosphane;Cytoxan;Fosfaseron;Genoxal;Genuxal;Ledoxina;Mitoxan;Neosar;Revimmune;Syklofosfamid;WR- 138719;WR-138719|EC|Fluradosa|Leukocytopheresis;Therapeutic Leukopheresis|Blood Pool Scan;Equilibrium Radionuclide Angiography;Gated Blood Pool Imaging;Gated Heart Pool Scan;MUGA;MUGA Scan;Multi-Gated Acquisition Scan;Radionuclide Ventriculogram Scan;Radionuclide Ventriculography;RNVG;SYMA Scanning;Synchronized Multigated Acquisition Scanning|T-cell Receptor-engineered T Cells;T-cell Receptor-engineered T-lymphocytes;TCR T Cells;TCR T-cells;TCR-engineered T-cells;TCR-modified T Cells|Conventional X-Ray;Diagnostic Radiology;Medical Imaging, X-Ray;Plain film radiographs;Radiographic Imaging;Radiographic imaging procedure (procedure);Radiography;RG;Static X-Ray;X-Ray",1,United States,True,2026-09-07
NCT06178432,NOT_YET_RECRUITING,2023-12,EARLY_PHASE1,Huashan Hospital,OTHER,CRG003 injection,BBM-G102 injection,1,China,False,2026-09-07
NCT06084884,ACTIVE_NOT_RECRUITING,2023-12-14,PHASE1|PHASE2,AstraZeneca,INDUSTRY,AZD5851,Cell Therapy,19,Japan|South Korea|United States,True,2026-09-07
NCT06198296,RECRUITING,2025-06-10,PHASE1,Baylor College of Medicine,OTHER,21.15.GPC3-CAR T cells,,1,United States,True,2026-09-07
NCT06193902,RECRUITING,2023-11-13,PHASE1|PHASE2,Leucid Bio,INDUSTRY,LEU011,,2,United Kingdom,True,2026-09-07
NCT06087341,RECRUITING,2024-01-10,PHASE1,Antonio Pérez Martínez,OTHER,NKG2D-CAR memory T cell,,1,Spain,True,2026-09-07
NCT06134960,NOT_YET_RECRUITING,2023-11-16,PHASE1,Peking University,OTHER,KD-496,,1,China,False,2026-09-07
NCT06092034,RECRUITING,2023-09-05,PHASE2,Rocket Pharmaceuticals Inc.,INDUSTRY,RP-A501,,6,Germany|Italy|United Kingdom|United States,True,2026-09-07
NCT06118788,RECRUITING,2024-03-07,PHASE1|PHASE2,"Guangzhou Bio-gene Technology Co., Ltd",INDUSTRY,BG1805,,3,China,False,2026-09-07
NCT06069687,ACTIVE_NOT_RECRUITING,2022-03-11,PHASE1,The Hospital for Sick Children,OTHER,MELPIDA,,1,Canada,False,2026-09-07
NCT06154252,RECRUITING,2023-12-20,PHASE2|PHASE3,Cabaletta Bio,INDUSTRY,CABA-201 following preconditioning with fludarabine and cyclophosphamide,Rese-cel;Resecabtagene autoleucel,35,United Kingdom|United States,True,2026-09-07
NCT06179524,RECRUITING,2024-01-03,PHASE2,Beijing Yongtai Ruike Biotechnology Company Ltd,INDUSTRY,CAR-T-19 cell injection,,1,China,False,2026-09-07
NCT06072989,RECRUITING,2023-10,PHASE1,Shanghai East Hospital,OTHER,B4T2-001 autologous CAR-T,,2,China,False,2026-09-07
NCT06078306,UNKNOWN,2024-04-20,PHASE2,The First Affiliated Hospital of Soochow University,OTHER,Azacitidine Injection|Venetoclax|CD19CD22 CAR-T,Azacitidine|ABT-199|GDC-0199,1,China,False,2026-09-07
NCT06126406,RECRUITING,2023-11-06,PHASE1,"Chongqing Precision Biotech Co., Ltd",INDUSTRY,CEA-targeted CAR-T cells|CEA-targeted CAR-T cells,|,1,China,False,2026-09-07
NCT06196658,NOT_YET_RECRUITING,2024-01-01,EARLY_PHASE1,"Zhang Xiaofeng,MD",OTHER,anti-EX02 CAR T cells,,0,,False,2026-09-07
NCT06196255,RECRUITING,2023-12-25,PHASE1|PHASE2,Xuzhou Medical University,OTHER,anti-FcRL5 CAR-T,,1,China,False,2026-09-07
NCT06182696,RECRUITING,2023-10-26,PHASE1|PHASE2,"OriCell Therapeutics Co., Ltd.",INDUSTRY,OriCAR-017,,5,China,False,2026-09-07
NCT06092047,RECRUITING,2023-10-01,EARLY_PHASE1,"PersonGen BioTherapeutics (Suzhou) Co., Ltd.",INDUSTRY,UTAA09 cells for infusion|Fludarabine|Cyclophosphamide,||,1,China,False,2026-09-07
NCT06069544,COMPLETED,2023-11-13,PHASE1|PHASE2,BioNTech SE,INDUSTRY,BNT165c|BNT165d|Placebo,||,5,United States,True,2026-09-07
NCT06164730,RECRUITING,2024-04-30,PHASE1,"Verve Therapeutics, Inc.",INDUSTRY,VERVE-102,,27,Australia|Canada|Israel|New Zealand|United Kingdom|United States,True,2026-09-07
NCT06197672,RECRUITING,2024-03-19,PHASE1,Huda Salman,OTHER,CD4CAR,,4,United States,True,2026-09-07
NCT06100276,ACTIVE_NOT_RECRUITING,2024-08-01,PHASE1|PHASE2,UniQure Biopharma B.V.,INDUSTRY,AMT-162,,12,Sweden|United States,True,2026-09-07
NCT06065189,COMPLETED,2023-11-07,EARLY_PHASE1,Children's Hospital of Fudan University,OTHER,CS-101 injection,,1,China,False,2026-09-07
NCT06176690,RECRUITING,2025-10-27,PHASE1,Baylor College of Medicine,OTHER,C7R.CD30.CAR-EBVST cells,Allogeneic CR7.CD30 Chimeric Antigen Receptor Epstein-Barr Virus-Specific T Lymphocytes,2,United States,True,2026-09-07
NCT06150651,COMPLETED,2023-12-01,PHASE1,Chulalongkorn University,OTHER,PiggyBac Transposon-Mediated CD19 CAR-T Therapy,,1,Thailand,False,2026-09-07
NCT06199531,ACTIVE_NOT_RECRUITING,2024-02-13,PHASE3,"Grace Science, LLC",INDUSTRY,GS-100,,2,United States,True,2026-09-07
NCT06196294,RECRUITING,2024-05-10,PHASE1,Second Affiliated Hospital of Guangzhou Medical University,OTHER,Cell therapy for solid tumors,,1,China,False,2026-09-07
NCT06121297,RECRUITING,2024-02-16,PHASE1|PHASE2,Cabaletta Bio,INDUSTRY,CABA-201|CABA-201,|,23,Canada|Spain|United States,True,2026-09-07
NCT06132711,RECRUITING,2023-11-10,PHASE1|PHASE2,Xuzhou Medical University,OTHER,APRIL-BAFF-Bicephali CAR-T cells,,1,China,False,2026-09-07
NCT06125652,RECRUITING,2023-11-04,PHASE1|PHASE2,Xuzhou Medical University,OTHER,anti Tim-3/CD123 CAR-T cell therapy,,1,China,False,2026-09-07
NCT06220201,ACTIVE_NOT_RECRUITING,2024-03-28,PHASE1,"Juno Therapeutics, Inc., a Bristol-Myers Squibb Company",INDUSTRY,CC-97540|Fludarabine|Cyclophosphamide,BMS-986353||,34,Belgium|France|Germany|Spain|United Kingdom|United States,True,2026-09-07
NCT06189157,RECRUITING,2024-08-12,PHASE1|PHASE2,Miltenyi Biomedicine GmbH,INDUSTRY,MB-CART19.1,CD19-targeting CAR T cells;Anti-CD19 CAR T cells,3,Germany,True,2026-09-07
NCT06207552,RECRUITING,2024-02-20,EARLY_PHASE1,Children's Hospital of Fudan University,OTHER,BBM-F101 injection,,1,China,False,2026-09-07
NCT06111638,RECRUITING,2024-01-03,PHASE2|PHASE3,"Shanghai Xinzhi BioMed Co., Ltd.",INDUSTRY,Single dose intravenous injection of BBM-H803,,10,China,False,2026-09-07
NCT06213636,RECRUITING,2024-07-10,PHASE1|PHASE2,Essen Biotech,OTHER,CD19/CD22-CAR T cells,EB-BH2024,1,China,False,2026-09-07
NCT06114056,ACTIVE_NOT_RECRUITING,2024-01-31,PHASE1,West China Hospital,OTHER,JWK007 Single intravenous infusion administration,,1,China,False,2026-09-07
NCT06186401,RECRUITING,2024-04-30,PHASE1,"Hideho Okada, MD, PhD",OTHER,E-SYNC T Cells|Cyclophosphamide (non-investigational)|Fludarabine (non-investigational)|Leukapheresis|Surgical resection,Anti-EGFRvIII synNotch Receptor Induced Anti-EphA2/IL-13R alpha2 CAR T Cells;Autologous Anti-EGFRvIII synNotch Receptor Induced Anti-EphA2/IL-13R alpha2 CAR T Cells;Autologous Anti-EGFRvIII synNotch Receptor Induced Anti-EphA2/IL-13Ra2 CAR T Cells|Cytoxan;Cytoxan Lyophilized;Neosar|Fludara;Oforta|Therapeutic Leukopheresis|Resection,1,United States,True,2026-09-07
NCT06150820,ACTIVE_NOT_RECRUITING,2024-02-01,NA,Astellas Gene Therapies,INDUSTRY,No Intervention,,53,Australia|Brazil|Canada|France|Germany|Italy|Japan|Spain|Taiwan|United Kingdom|United States,True,2026-09-07
NCT06071871,RECRUITING,2024-08-16,PHASE2,"University College, London",OTHER,Glofitamab|Polatuzumab vedotin|Obinutuzumab,Columvi|Polivy|Gazyvaro,5,United Kingdom,True,2026-09-07
NCT06209671,UNKNOWN,2024-01-15,PHASE1,"Beijing Immunochina Medical Science & Technology Co., Ltd.",INDUSTRY,INS19 CAR-T Cells,,0,,False,2026-09-07
NCT06106906,RECRUITING,2024-06-19,PHASE1|PHASE2,"Union Hospital, Tongji Medical College, Huazhong University of Science and Technology",OTHER,CD19 CAR-T cell infusion,,1,China,False,2026-09-07
NCT06220097,ACTIVE_NOT_RECRUITING,2022-02-01,PHASE2,"Union Hospital, Tongji Medical College, Huazhong University of Science and Technology",OTHER,Mitoxantrone hydrochloride liposome Injection-based bridging therapy+ Fludarabine-based chemotherapy +CD19 CAR-T Cells,,1,China,False,2026-09-07
NCT06138132,RECRUITING,2024-04-10,PHASE1,Stanford University,OTHER,KYV-101 anti-CD19 CAR-T cell therapy|Standard lymphodepletion regimen,|Bendamustine,1,United States,True,2026-09-07
NCT06209619,RECRUITING,2024-01-29,PHASE1,Nathan Denlinger,OTHER,Biopsy|Biospecimen Collection|Computed Tomography|Golcadomide|Positron Emission Tomography|Rituximab,"BIOPSY_TYPE;Bx|Biological Sample Collection;Biospecimen Collected;Specimen Collection|CAT;CAT Scan;Computed Axial Tomography;Computerized Axial Tomography;Computerized axial tomography (procedure);Computerized Tomography;CT;CT Scan;tomography|BMS 986369;BMS-986369;BMS986369;CC -99282;CC 99282;CC99282;CelMod CC-99282;Cereblon E3 Ubiquitin Ligase Modulating Agent CC-99282;Cereblon E3 Ubiquitin Ligase Modulating Drug CC-99282;Cereblon Modulator CC-99282|Medical Imaging, Positron Emission Tomography;PET;PET Scan;Positron emission tomography (procedure);Positron Emission Tomography Scan;Positron-Emission Tomography;proton magnetic resonance spectroscopic imaging;PT|ABP 798;BI 695500;C2B8 Monoclonal Antibody;Chimeric Anti-CD20 Antibody;CT-P10;IDEC-102;IDEC-C2B8;IDEC-C2B8 Monoclonal Antibody;Ikgdar;Mabtas;MabThera;Monoclonal Antibody IDEC-C2B8;PF-05280586;Riabni;Rituxan;Rituximab ABBS;Rituximab ARRX;Rituximab Biosimilar ABP 798;Rituximab Biosimilar BI 695500;Rituximab Biosimilar CT-P10;Rituximab Biosimilar GB241;Rituximab Biosimilar IBI301;Rituximab Biosimilar JHL1101;Rituximab Biosimilar PF-05280586;Rituximab Biosimilar RTXM83;Rituximab Biosimilar SAIT101;Rituximab Biosimilar SIBP-02;rituximab biosimilar TQB2303;Rituximab PVVR;Rituximab-abbs;Rituximab-arrx;Rituximab-pvvr;RTXM83;Ruxience;Truxima",1,United States,True,2026-09-07
NCT06173518,RECRUITING,2023-11-16,PHASE1,Autolus Limited,INDUSTRY,AUTO1,Obecabtagene autoleucel (obe-cel),8,Spain|United Kingdom|United States,True,2026-09-07
NCT06217861,RECRUITING,2024-04-29,PHASE1,"Shanghai Vitalgen BioPharma Co., Ltd.",INDUSTRY,VGM-R02b,rAAV9-GCDH,1,China,False,2026-09-07
NCT06080191,RECRUITING,2024-04-28,PHASE1,Bambino Gesù Hospital and Research Institute,OTHER,CD19-CAR_Lenti_ALLO,,1,Italy,True,2026-09-07
NCT06180174,RECRUITING,2023-12-31,PHASE1,"Chongqing Precision Biotech Co., Ltd",INDUSTRY,MC-1-50,,1,China,False,2026-09-07
NCT06066008,COMPLETED,2022-09-25,EARLY_PHASE1,Zhongmou Therapeutics,INDUSTRY,ZM-01-L|ZM-01-H,rAAV-hRS1|rAAV-hRS1,1,China,False,2026-09-07
NCT06125847,RECRUITING,2023-10-29,EARLY_PHASE1,First Affiliated Hospital Xi'an Jiaotong University,OTHER,NGGT006,,1,China,False,2026-09-07
NCT06185751,RECRUITING,2024-08-22,PHASE1,Washington University School of Medicine,OTHER,WS-CART-CS1|Lymphodepleting chemotherapy,|,1,United States,True,2026-09-07
NCT06144606,RECRUITING,2023-12-26,PHASE2,H. Lee Moffitt Cancer Center and Research Institute,OTHER,Tecartus,Brexucabtagene autoleucel;KTE-X19,1,United States,True,2026-09-07
NCT06120166,RECRUITING,2023-11-16,EARLY_PHASE1,He Huang,OTHER,Metabolically Armed CD19 CAR-T cells,Meta10-19,1,China,False,2026-09-07
NCT06228404,ACTIVE_NOT_RECRUITING,2024-03-03,EARLY_PHASE1,Shanghai Changzheng Hospital,OTHER,Enhanced autologous PSMA-CAR T,,1,China,False,2026-09-07
NCT06248086,TERMINATED,2024-09-06,PHASE1,"Astellas Pharma Global Development, Inc.",INDUSTRY,ASP2802|MA-20,MACT|ASP101G;MicAbody,1,Australia,False,2026-09-07
NCT06242249,UNKNOWN,2024-04-30,PHASE1|PHASE2,Shahid Beheshti University of Medical Sciences,OTHER,Anti-BCMA CAR-NK,,1,Iran,False,2026-09-07
NCT06327997,RECRUITING,2024-03-07,EARLY_PHASE1,"Shanghai Cell Therapy Group Co.,Ltd",INDUSTRY,Fast CAR T cells,,1,China,False,2026-09-07
NCT06279923,RECRUITING,2024-04-15,EARLY_PHASE1,Zhejiang University,OTHER,CD19-BAFF Targeted CAR T-cells,CD19-BAFF Targeted CAR T-cells injection,1,China,False,2026-09-07
NCT06345027,NOT_YET_RECRUITING,2026-02,PHASE1,Baylor College of Medicine,OTHER,Treatment Arm A,,2,United States,True,2026-09-07
NCT06287528,RECRUITING,2024-02-23,PHASE1,Memorial Sloan Kettering Cancer Center,OTHER,19-28z/IL-18 CAR T cells,,7,United States,True,2026-09-07
NCT06316856,RECRUITING,2024-06-18,PHASE1|PHASE2,Beijing GoBroad Hospital,OTHER,Autologous CD5 CAR T-cells|Previous stem-cell transplantation (SCT) donor-derived CD5 CAR T-cells|Newly matched donor-derived CD5 CAR T-cells,||,4,China,False,2026-09-07
NCT06346912,RECRUITING,2024-05-30,EARLY_PHASE1,Zhejiang University,OTHER,CD19-BAFF Targeted CAR T-cells,CD19-BAFF Targeted CAR T-cells injection,1,China,False,2026-09-07
NCT06228924,RECRUITING,2024-03-26,PHASE1,Tenaya Therapeutics,INDUSTRY,TN-401,,7,United States,True,2026-09-07
NCT06287086,UNKNOWN,2024-06-14,NA,Bioray Laboratories,INDUSTRY,BRL-101 autologous hematopoietic stem and progenitor cells injection,BRL-101,0,,False,2026-09-07
NCT06249256,RECRUITING,2023-06-01,EARLY_PHASE1,"Shanghai Cell Therapy Group Co.,Ltd",INDUSTRY,Fast CAR T cells,,1,China,False,2026-09-07
NCT06287099,UNKNOWN,2024-04-20,NA,Bioray Laboratories,INDUSTRY,BRL-101,Autologous hematopoietic stem and progenitor cells injection,0,,False,2026-09-07
NCT06333483,ACTIVE_NOT_RECRUITING,2024-02-02,PHASE1,Autolus Limited,INDUSTRY,Obecabtagene autoleucel (obe-cel),,6,Spain|United Kingdom,True,2026-09-07
NCT06326021,RECRUITING,2024-04-02,PHASE1,Beijing GoBroad Hospital,OTHER,autologous FL-33 CAR T therapy|prior-HSCT donor-derived FL-33 CAR T therapy|Newly matched donor-derived FL-33 CAR T therapy|FL33-03 CAR-T therapy,|||,4,China,False,2026-09-07
NCT06224660,RECRUITING,2024-10-02,PHASE1,Sardocor Corp.,INDUSTRY,SRD-001,AAV1/SSERCA2a,3,United States,True,2026-09-07
NCT06249438,RECRUITING,2024-03-20,PHASE1,RenJi Hospital,OTHER,CD20/BCMA-directed CAR-T cells,C-CAR168,1,China,False,2026-09-07
NCT06235229,RECRUITING,2023-12-26,PHASE1|PHASE2,"Gracell Biotechnologies (Shanghai) Co., Ltd.",INDUSTRY,GC012F,,10,China,False,2026-09-07
NCT06343090,RECRUITING,2024-04-12,NA,Beijing GoBroad Hospital,OTHER,CD19 CAR T-cell|CD22 CAR T cells|hematopoietic stem-cell transplantation,||,1,China,False,2026-09-07
NCT06350110,RECRUITING,2024-07-10,PHASE1|PHASE2,Essen Biotech,OTHER,CD19- BCMA CAR-T cells,EB-BH2024-2,1,China,False,2026-09-07
NCT06343376,TERMINATED,2024-11-26,PHASE1,Roswell Park Cancer Institute,OTHER,Biopsy|Biospecimen Collection|Bone Marrow Aspiration|Bone Marrow Biopsy|Computed Tomography|Cyclophosphamide|Echocardiography|EGFRt/19-28z/IL-12 CAR T-lymphocytes|Fludarabine Phosphate|Leukapheresis|Multigated Acquisition Scan|Positron Emission Tomography,"BIOPSY_TYPE;Bx|Biological Sample Collection;Biospecimen Collected;Specimen Collection||Biopsy of Bone Marrow;Biopsy, Bone Marrow|CAT;CAT Scan;Computed Axial Tomography;Computerized Axial Tomography;Computerized axial tomography (procedure);Computerized Tomography;Computerized Tomography (CT) scan;CT;CT Scan;tomography|(-)-Cyclophosphamide;2H-1,3,2-Oxazaphosphorine, 2-[bis(2-chloroethyl)amino]tetrahydro-, 2-oxide, monohydrate;Asta B 518;B-518;Carloxan;Ciclofosfamida;Ciclofosfamide;Cicloxal;Clafen;Claphene;CP monohydrate;CTX;CYCLO-cell;Cycloblastin;Cycloblastine;Cyclophospham;Cyclophosphamid monohydrate;Cyclophosphamide Monohydrate;Cyclophosphamidum;Cyclophosphan;Cyclophosphane;Cyclophosphanum;Cyclostin;Cyclostine;Cytophosphan;Cytophosphane;Cytoxan;Fosfaseron;Genoxal;Genuxal;Ledoxina;Mitoxan;Neosar;Revimmune;Syklofosfamid;WR- 138719;WR-138719|EC||2-F-ara-AMP;9H-Purin-6-amine, 2-fluoro-9-(5-O-phosphono-.beta.-D-arabinofuranosyl)-;Beneflur;Fludara;SH T 586|Leukocytopheresis;Therapeutic Leukopheresis|Blood Pool Scan;Equilibrium Radionuclide Angiography;Gated Blood Pool Imaging;Gated Heart Pool Scan;MUGA;MUGA Scan;Multi-Gated Acquisition Scan;Radionuclide Ventriculogram Scan;Radionuclide Ventriculography;RNVG;SYMA Scanning;Synchronized Multigated Acquisition Scanning|Medical Imaging, Positron Emission Tomography;PET;PET Scan;Positron emission tomography (procedure);Positron Emission Tomography Scan;Positron-Emission Tomography;proton magnetic resonance spectroscopic imaging;PT",1,United States,True,2026-09-07
NCT06280378,RECRUITING,2024-04-05,PHASE1|PHASE2,"Kanglin Biotechnology (Hangzhou) Co., Ltd.",INDUSTRY,KL003 Cell Injection Drug Product,,2,China,False,2026-09-07
NCT06297408,UNKNOWN,2024-03,PHASE1,"Shanghai Ming Ju Biotechnology Co., Ltd.",INDUSTRY,Relma-cel,"if necessary can add other anti-SLE treatment such as corticosteroids, immunosuppressants, biologics",0,,False,2026-09-07
NCT06348797,RECRUITING,2025-04-03,PHASE1,Sichuan University,OTHER,α-PD-L1/4-1BB DLL3 CAR-T (BHP01),Bridge radiotherapy,1,China,False,2026-09-07
NCT06285825,RECRUITING,2024-07-05,PHASE2,M.D. Anderson Cancer Center,OTHER,Emapalumab,,1,United States,True,2026-09-07
NCT06272149,RECRUITING,2023-03-01,EARLY_PHASE1,"Xinhua Hospital, Shanghai Jiao Tong University School of Medicine",OTHER,VGN-R08b,,1,China,False,2026-09-07
NCT06277011,UNKNOWN,2023-02-10,EARLY_PHASE1,Anhui Provincial Hospital,OTHER_GOV,Metabolically Armed CD19 CAR-T cells,Meta10-19,1,China,False,2026-09-07
NCT06247501,RECRUITING,2024-01-19,PHASE2,Seoul National University Hospital,OTHER,SNUH-CD19-CAR-T,,1,South Korea,False,2026-09-07
NCT06300476,ACTIVE_NOT_RECRUITING,2023-11-20,PHASE1|PHASE2,West China Hospital,OTHER,JWK006,,1,China,False,2026-09-07
NCT06326463,RECRUITING,2024-10-16,PHASE1,St. Jude Children's Research Hospital,OTHER,Fludarabine|Cyclophosphamide|CD70-CAR T cell infusion (Autologous)|Mesna,Fludara|Cytoxan||Mesnex,1,United States,True,2026-09-07
NCT06333509,NOT_YET_RECRUITING,2024-04-15,PHASE1|PHASE2,"CARsgen Therapeutics Co., Ltd.",INDUSTRY,CT071,,0,,False,2026-09-07
NCT06319963,RECRUITING,2024-08-08,PHASE1|PHASE2,Theravectys S.A.,INDUSTRY,Two IM injections Lenti-HPV-07|One IM injection Lenti-HPV-07,|,4,United States,True,2026-09-07
NCT06283212,ACTIVE_NOT_RECRUITING,2024-05-09,PHASE1|PHASE2,Encoded Therapeutics,INDUSTRY,ETX101,,3,United Kingdom,True,2026-09-07
NCT06236139,RECRUITING,2024-11-26,PHASE1|PHASE2,Fred Hutchinson Cancer Center,OTHER,Anti-STEAP1 CAR T-cells|Biopsy Procedure|Biospecimen Collection|Bone Scan|Computed Tomography|Cyclophosphamide|Echocardiography Test|Enzalutamide|Fludarabine|Leukapheresis|Magnetic Resonance Imaging|Multigated Acquisition Scan|Positron Emission Tomography,"Anti-STEAP1 CAR T Cells;Anti-STEAP1 CAR-T Cells;STEAP1 CAR-T Cells;STEAP1-targeting CAR T-cells|Biopsy;BIOPSY_TYPE;Bx|Biological Sample Collection;Biospecimen Collected;Specimen Collection;Sample Collection|Bone Scintigraphy|CAT;CAT Scan;Computed Axial Tomography;Computerized Axial Tomography;Computerized axial tomography (procedure);Computerized Tomography;CT;CT Scan;tomography|(-)-Cyclophosphamide;2H-1,3,2-Oxazaphosphorine, 2-[bis(2-chloroethyl)amino]tetrahydro-, 2-oxide, monohydrate;Asta B 518;B-518;Carloxan;Ciclofosfamida;Ciclofosfamide;Cicloxal;Clafen;Claphene;CP monohydrate;CTX;CYCLO-cell;Cycloblastin;Cycloblastine;Cyclophospham;Cyclophosphamid monohydrate;Cyclophosphamide Monohydrate;Cyclophosphamidum;Cyclophosphan;Cyclophosphane;Cyclophosphanum;Cyclostin;Cyclostine;Cytophosphan;Cytophosphane;Cytoxan;Fosfaseron;Genoxal;Genuxal;Ledoxina;Mitoxan;Neosar;Revimmune;Syklofosfamid;WR- 138719;WR-138719;Frindovyx|EC;Echocardiography|ASP9785;MDV3100;Xtandi|Fluradosa|Leukocytopheresis;Therapeutic Leukopheresis;Leukocyte Adsorptive Apheresis;White Blood Cell Reduction Apheresis|Magnetic Resonance;Magnetic resonance imaging (procedure);Magnetic Resonance Imaging Scan;Medical Imaging, Magnetic Resonance / Nuclear Magnetic Resonance;MR;MR Imaging;MRI;MRI Scan;MRIs;NMR Imaging;NMRI;Nuclear Magnetic Resonance Imaging;sMRI;Structural MRI|Blood Pool Scan;Equilibrium Radionuclide Angiography;Gated Blood Pool Imaging;Gated Heart Pool Scan;MUGA;MUGA Scan;Multi-Gated Acquisition Scan;Radionuclide Ventriculogram Scan;Radionuclide Ventriculography;RNVG;SYMA Scanning;Synchronized Multigated Acquisition Scanning;RNV Scan|Medical Imaging, Positron Emission Tomography;PET;PET Scan;Positron emission tomography (procedure);Positron Emission Tomography Scan;Positron-Emission Tomography;proton magnetic resonance spectroscopic imaging;PT",1,United States,True,2026-09-07
NCT06325709,RECRUITING,2024-04-17,PHASE1|PHASE2,National Institute of Allergy and Infectious Diseases (NIAID),NIH,Campath|Sirolimus|Base-edited hematopoietic stem and progenitor cells|Busulfan|Palifermin|Filgrastim|Plerixafor,||||||,1,United States,True,2026-09-07
NCT06241950,TERMINATED,2024-01-29,PHASE1,"Sarepta Therapeutics, Inc.",INDUSTRY,delandistrogene moxeparvovec|imlifidase,SRP-9001;delandistrogene moxeparvovec-rokl;ELEVIDYS|Idefirix,1,Spain,True,2026-09-07
NCT06347718,RECRUITING,2023-07-17,PHASE1|PHASE2,Miltenyi Biomedicine GmbH,INDUSTRY,anti-CD19 CAR T cell therapy,,1,Germany,True,2026-09-07
NCT06340750,RECRUITING,2025-04-01,PHASE1,Luminary Therapeutics,INDUSTRY,LMY-920,BAFF CAR T,1,United States,True,2026-09-07
NCT06298266,NOT_YET_RECRUITING,2024-03-29,EARLY_PHASE1,Guangdong Second Provincial General Hospital,OTHER,infusion of GPRC5D-CD19 CAR T injection,,1,China,False,2026-09-07
NCT06291961,COMPLETED,2024-04-18,PHASE1,"CorrectSequence Therapeutics Co., Ltd",INDUSTRY,CS-101 injection,,3,China,False,2026-09-07
NCT06237296,COMPLETED,2024-01-23,PHASE1,"Sanofi Pasteur, a Sanofi Company",INDUSTRY,RSV/hMPV mRNA LNP 1|RSV/hMPV mRNA LNP 2|RSV mRNA LNP 1|hMPV mRNA LNP 1,|||,17,Australia|United States,True,2026-09-07
NCT06333249,ACTIVE_NOT_RECRUITING,2021-04-13,PHASE2,Beacon Therapeutics,INDUSTRY,rAAV2tYF-GRK1-RPGR,,6,United States,True,2026-09-07
NCT06245915,ACTIVE_NOT_RECRUITING,2024-02-26,PHASE1|PHASE2,"Arsenal Biosciences, Inc.",INDUSTRY,AB-2100,Integrated Circuit T cells,9,United States,True,2026-09-07
NCT06271252,RECRUITING,2024-04-03,PHASE1,"OriCell Therapeutics Co., Ltd.",INDUSTRY,OriCAR-017,,1,United States,True,2026-09-07
NCT06222853,ACTIVE_NOT_RECRUITING,2024-02-10,PHASE1,The Children's Hospital of Zhejiang University School of Medicine,OTHER,anti-CD19-CAR-T cells,,1,China,False,2026-09-07
NCT06231368,ACTIVE_NOT_RECRUITING,2024-02-04,PHASE1,"Institute of Hematology & Blood Diseases Hospital, China",OTHER,CNCT19 CAR-T cell therapy,,1,China,False,2026-09-07
NCT06248697,RECRUITING,2023-01-01,EARLY_PHASE1,"Shanghai Cell Therapy Group Co.,Ltd",INDUSTRY,αPD1/CTLA4-MSLN-CAR T cells,,1,China,False,2026-09-07
NCT06285279,RECRUITING,2024-03-04,PHASE1,Nanjing University School of Medicine,OTHER,FKC289,,1,China,False,2026-09-07
NCT06316791,RECRUITING,2021-12-14,EARLY_PHASE1,Juventas Cell Therapy Ltd.,INDUSTRY,single dose of CNCT19,,1,China,False,2026-09-07
NCT06328777,RECRUITING,2024-07-02,PHASE2|PHASE3,Cabaletta Bio,INDUSTRY,CABA-201|CABA-201,Rese-cel;Resecabtagene autoleucel|Rese-cel;Resecabtagene autoleucel,10,United States,True,2026-09-07
NCT06328764,ENROLLING_BY_INVITATION,2024-03-19,EARLY_PHASE1,"CorrectSequence Therapeutics Co., Ltd",INDUSTRY,CS-101,,1,China,False,2026-09-07
NCT06305299,RECRUITING,2024-07-29,PHASE1,UNC Lineberger Comprehensive Cancer Center,OTHER,iC9-CAR.B7-H3 T cells|Cyclophosphamide|Fludarabine,iC9-CAR.B7-H3 T|Cycloblastin;Endoxan;Neosar;Procytox;Revimmune|Fludara;Fludarabine Phosphate,1,United States,True,2026-09-07
NCT06326008,RECRUITING,2026-03-15,PHASE1,Beijing GoBroad Hospital,OTHER,Donor-derived CD19 CAR Therapy Bridged Allo-HSCT and Sequential Donor-derived CD22 CAR Therapy,,1,China,False,2026-09-07
NCT06321289,RECRUITING,2024-03-20,PHASE1|PHASE2,Chinese PLA General Hospital,OTHER,Allogeneic CD19-STAR T cell|Fludarabine|Cyclophosphamide,Allogeneic CD19-targeting synthetic T-cell receptor antigen receptor T cells|Fludarabine Phosphate for Injection|Cyclophosphamide for Injection,2,China,False,2026-09-07
NCT06242834,ACTIVE_NOT_RECRUITING,2024-09-30,PHASE2,Northwestern University,OTHER,Biospecimen Collection|Computed Tomography|Echocardiography|Pembrolizumab|Positron Emission Tomography|Tazemetostat,"Biological Sample Collection;Biospecimen Collected;Specimen Collection|CAT;CAT Scan;Computed Axial Tomography;Computerized Axial Tomography;Computerized axial tomography (procedure);Computerized Tomography;CT;CT Scan;tomography|EC|BCD-201;Keytruda;Lambrolizumab;MK-3475;Pembrolizumab Biosimilar BCD-201;SCH 900475|Medical Imaging, Positron Emission Tomography;PET;PET Scan;Positron emission tomography (procedure);Positron Emission Tomography Scan;Positron-Emission Tomography;proton magnetic resonance spectroscopic imaging;PT|E7438;EPZ-6438;EPZ6438",2,United States,True,2026-09-07
NCT06310811,SUSPENDED,2024-03-07,NA,"Union Hospital, Tongji Medical College, Huazhong University of Science and Technology",OTHER,RD06-04 Cells injection,,1,China,False,2026-09-07
NCT06300723,UNKNOWN,2024-07-29,NA,Bioray Laboratories,INDUSTRY,BRL-101,Autologous hematopoietic stem and progenitor cells injection,1,China,False,2026-09-07
NCT06251544,NOT_YET_RECRUITING,2026-06,PHASE1,Baylor College of Medicine,OTHER,HTR2 T Cells|HTR2 T Cells,|,1,United States,True,2026-09-07
NCT06297226,RECRUITING,2024-03-21,PHASE2,"Juno Therapeutics, Inc., a Bristol-Myers Squibb Company",INDUSTRY,Arlocabtagene Autoleucel,"CC-95266,;GPRC5D CAR T cells;BMS-986393;Arlo-cel",52,Australia|Canada|Japan|United States,True,2026-09-07
NCT06251115,RECRUITING,2024-01-26,NA,"Shanghai General Hospital, Shanghai Jiao Tong University School of Medicine",OTHER,QY-1-T,,1,China,False,2026-09-07
NCT06340737,RECRUITING,2024-03-29,PHASE1,Stanford University,OTHER,CD22CART Infusion,,1,United States,True,2026-09-07
NCT06224738,UNKNOWN,2024-03-01,EARLY_PHASE1,First People's Hospital of Hangzhou,OTHER,human HER2-targeted CAR-M cells,anti-HER2 CAR-M cells,1,China,False,2026-09-07
NCT06308159,ACTIVE_NOT_RECRUITING,2024-05-11,PHASE1|PHASE2,Lantu Biopharma,INDUSTRY,Vebeglogene autotemcel,Beta-globin lentiviral vector transduced autologous HSPCs,2,China,False,2026-09-07
NCT06227026,RECRUITING,2024-02-20,PHASE1,University of Utah,OTHER,Anti-CD19 CAR-T cells,,1,United States,True,2026-09-07
NCT06253507,ENROLLING_BY_INVITATION,2024-06-25,PHASE1|PHASE2,National Institute of Allergy and Infectious Diseases (NIAID),NIH,Cryopreserved Autologous CD34+ cells transduced with pCCLCHIM-p47,,1,United States,True,2026-09-07
NCT06307600,RECRUITING,2024-03-15,EARLY_PHASE1,Anhui Provincial Hospital,OTHER_GOV,RD06-03 cell injection,RD06-03,2,China,False,2026-09-07
NCT06279026,RECRUITING,2024-04-01,NA,"PersonGen BioTherapeutics (Suzhou) Co., Ltd.",INDUSTRY,UTAA17 Injection,Chimeric antigen receptor modified T cell injections targeting BCMA,1,China,False,2026-09-07
NCT06256055,UNKNOWN,2024-03-05,PHASE1,UTC Therapeutics Inc.,INDUSTRY,UCMYM802 Injection,,1,China,False,2026-09-07
NCT06238908,RECRUITING,2024-01-17,EARLY_PHASE1,"Institute of Hematology & Blood Diseases Hospital, China",OTHER,NGGT003,,1,China,False,2026-09-07
NCT06267872,WITHDRAWN,2024-10-07,PHASE1,National Institute of Allergy and Infectious Diseases (NIAID),NIH,CD4BS CH505M5 Pr-NP1|CH505TF chTrimer|3M-052-AF (labeled as AP 60-702)|Aluminum Hydroxide Suspension (Alum)|ACU-026-001-1 (labeled as empty LNP),|||Alhydrogel|,6,South Africa|United States,True,2026-09-07
NCT06316427,RECRUITING,2024-03-22,PHASE1|PHASE2,Beijing GoBroad Hospital,OTHER,Autologous CD7 CAR T-cell|Prior-HSCT donor-derived CD7 CAR T-cell|New donor-derived CD7 CAR T-cell,||,4,China,False,2026-09-07
NCT06241456,RECRUITING,2024-01-05,PHASE1,Fate Therapeutics,INDUSTRY,FT825|Fludarabine|Cyclophosphamide|Bendamustine|Docetaxel|Cisplatin|Cetuximab,ONO-8250|FLUDARA|||||,14,United States,True,2026-09-07
NCT06298019,RECRUITING,2024-08-02,PHASE1,Stanford University,OTHER,KYV-101,,2,United States,True,2026-09-07
NCT06352281,RECRUITING,2024-02-01,PHASE1|PHASE2,920th Hospital of Joint Logistics Support Force of People's Liberation Army of China,OTHER,CAR-T cells,,1,China,False,2026-09-07
NCT06308978,RECRUITING,2024-03-28,PHASE1,Fate Therapeutics,INDUSTRY,FT819|Fludarabine|Cyclophosphamide|Bendamustine,|FLUDARA|CYTOXAN|,21,France|Sweden|United Kingdom|United States,True,2026-09-07
NCT06277427,RECRUITING,2024-02-05,NA,Lingli Dong,OTHER,PRG-1801 （CAR-T against BCMA）,,1,China,False,2026-09-07
NCT06293729,NOT_YET_RECRUITING,2024-06-01,EARLY_PHASE1,Suzhou Municipal Hospital,OTHER,NGGT006,,0,,False,2026-09-07
NCT06281847,NOT_YET_RECRUITING,2025-12,PHASE1|PHASE2,Advesya SAS,INDUSTRY,CCTx-001,,6,France|Germany|Spain|Sweden,True,2026-09-07
NCT06285422,ACTIVE_NOT_RECRUITING,2024-04-18,PHASE1,Sana Biotechnology,INDUSTRY,SC262,Cyclophosphamide;Fludarabine,3,United States,True,2026-09-07
NCT06347068,RECRUITING,2024-06-27,PHASE1,UNC Lineberger Comprehensive Cancer Center,OTHER,iC9-CAR.B7-H3 T Cell Therapy|cyclophosphamide|fludarabine,iC9-CAR.B7-H3 T cells|Cytoxan|Fludara;Fludarabine Phosphate,1,United States,True,2026-09-07
NCT06317662,RECRUITING,2025-06-05,PHASE2,National Cancer Institute (NCI),NIH,Asparaginase Erwinia chrysanthemi|Biospecimen Collection|Blinatumomab|Bone Marrow Aspiration|Calaspargase Pegol|Computed Tomography|Cyclophosphamide|Cytarabine|Daunorubicin|Dexamethasone|Doxorubicin|Echocardiography Test|FDG-Positron Emission Tomography|Leucovorin|Levoleucovorin|Lumbar Puncture|Magnetic Resonance Imaging|Mercaptopurine|Methotrexate|Methylprednisolone|Multigated Acquisition Scan|Prednisolone|Prednisone|Therapeutic Hydrocortisone|Thioguanine|Venetoclax|Vincristine,"Asparaginase Erwinia chrysanthemi (Recombinant)-rywn;Asparaginase Erwinia chrysanthemi, Recombinant-rywn;Asparaginase Erwinia chrysanthemi-rywn;Crisantaspase;Crisantaspase Biobetter JZP-458;Crisantaspasum;Enrylaze;Erwinase;Erwinaze;JZP 458;JZP-458;JZP458;PF743;RC-P JZP-458;Recombinant Asparaginase erwinia chrysanthemi JZP-458;Recombinant Crisantaspase JZP-458;Recombinant Erwinia asparaginase JZP-458;Rylaze|Biological Sample Collection;Biospecimen Collected;Sample Collection;Specimen Collection|AMG 103;AMG-103;AMG103;Anti-CD19 x Anti-CD3 Bispecific Monoclonal Antibody;Anti-CD19/Anti-CD3 Recombinant Bispecific Monoclonal Antibody MT103;Blincyto;MEDI 538;MEDI-538;MEDI538;MT 103;MT-103;MT103||Asparaginase (Escherichia coli Isoenzyme II), Conjugate with alpha-(((2,5-Dioxo-1-pyrrolidinyl)oxy)carbonyl)-omega-methoxypoly(oxy-1,2-ethanediyl);Asparlas;Calaspargase Pegol-mknl;EZN-2285;SC-PEG E. Coli L-Asparaginase;Succinimidyl Carbonate Monomethoxypolyethylene Glycol E. coli L-Asparaginase|CAT;CAT Scan;Computed Axial Tomography;Computerized Axial Tomography;Computerized axial tomography (procedure);Computerized Tomography;Computerized Tomography (CT) scan;CT;CT Scan;Diagnostic CAT Scan;Diagnostic CAT Scan Service Type;tomography|(-)-Cyclophosphamide;2H-1,3,2-Oxazaphosphorine, 2-[bis(2-chloroethyl)amino]tetrahydro-, 2-oxide, monohydrate;Asta B 518;B 518;B-518;B518;Carloxan;Ciclofosfamida;Ciclofosfamide;Cicloxal;Clafen;Claphene;CP monohydrate;CTX;CYCLO-cell;Cycloblastin;Cycloblastine;Cyclophospham;Cyclophosphamid monohydrate;Cyclophosphamide Monohydrate;Cyclophosphamidum;Cyclophosphan;Cyclophosphane;Cyclophosphanum;Cyclostin;Cyclostine;Cytophosphan;Cytophosphane;Cytoxan;Fosfaseron;Frindovyx;Genoxal;Genuxal;Ledoxina;Mitoxan;Neosar;Revimmune;Syklofosfamid;WR 138719;WR- 138719;WR-138719;WR138719|.beta.-Cytosine arabinoside;1-.beta.-D-Arabinofuranosyl-4-amino-2(1H)pyrimidinone;1-.beta.-D-Arabinofuranosylcytosine;1-Beta-D-arabinofuranosyl-4-amino-2(1H)pyrimidinone;1-Beta-D-arabinofuranosylcytosine;1.beta.-D-Arabinofuranosylcytosine;2(1H)-Pyrimidinone, 4-Amino-1-beta-D-arabinofuranosyl-;2(1H)-Pyrimidinone, 4-amino-1.beta.-D-arabinofuranosyl-;Alexan;Ara-C;ARA-cell;Arabine;Arabinofuranosylcytosine;Arabinosylcytosine;Aracytidine;Aracytin;Aracytine;Beta-Cytosine Arabinoside;CHX-3311;Cytarabinum;Cytarbel;Cytosar;Cytosine Arabinoside;Cytosine-.beta.-arabinoside;Cytosine-beta-arabinoside;Erpalfa;Starasid;Tarabine PFS;U 19920;U-19920;Udicil;WR-28453|Daunomycin;Daunorrubicina;DNR;Leukaemomycin C;Rubidomycin;Rubomycin C|Aacidexam;Adexone;Aknichthol Dexa;Alba-Dex;Alin;Alin Depot;Alin Oftalmico;Amplidermis;Anemul mono;Auricularum;Auxiloson;Baycadron;Baycuten;Baycuten N;Cortidexason;Cortisumman;Decacort;Decadrol;Decadron;Decadron DP;Decalix;Decameth;Decasone R.p.;Dectancyl;Dekacort;Deltafluorene;Deronil;Desamethasone;Desameton;Dexa-Mamallet;Dexa-Rhinosan;Dexa-Scheroson;Dexa-sine;Dexacortal;Dexacortin;Dexafarma;Dexafluorene;Dexalocal;Dexamecortin;Dexameth;Dexamethasone Intensol;Dexamethasonum;Dexamonozon;Dexapos;Dexinoral;Dexone;Dinormon;Dxevo;Fluorodelta;Fortecortin;Gammacorten;Hemady;Hexadecadrol;Hexadrol;LenaDex;Lokalison-F;Loverine;Methylfluorprednisolone;Millicorten;Mymethasone;Orgadrone;Spersadex;TaperDex;Visumetazone;ZoDex|Adriablastin;Hydroxydaunomycin;Hydroxyl Daunorubicin;Hydroxyldaunorubicin|EC;Echocardiography|FDG;FDG-PET;FDG-PET Imaging|Folinic acid|CL-307,782;Elvorine, Isovorin, Levofolene, Levorin;Isovorin;Khapzory;L-Leucovorin;Levofolinate;Levofolinic acid|LP;Spinal Tap|Magnetic Resonance;Magnetic Resonance Imaging (MRI);Magnetic resonance imaging (procedure);Magnetic Resonance Imaging Scan;Medical Imaging, Magnetic Resonance / Nuclear Magnetic Resonance;MR;MR Imaging;MRI;MRI Scan;MRIs;NMR Imaging;NMRI;Nuclear Magnetic Resonance Imaging;sMRI;Structural MRI|3H-Purine-6-thiol;6 MP;6 Thiohypoxanthine;6 Thiopurine;6-Mercaptopurine;6-Mercaptopurine Monohydrate;6-MP;6-Purinethiol;6-Thiopurine;6-Thioxopurine;6H-Purine-6-thione, 1,7-dihydro- (9CI);7-Mercapto-1,3,4,6-tetrazaindene;Alti-Mercaptopurine;Azathiopurine;Bw 57-323H;Flocofil;Ismipur;Leukerin;Leupurin;Mercaleukim;Mercaleukin;Mercaptina;Mercaptopurinum;Mercapurin;Mern;NCI-C04886;Puri-Nethol;Purimethol;Purine, 6-mercapto-;Purine-6-thiol (8CI);Purine-6-thiol, monohydrate;Purinethiol;Purinethol;U-4748;WR-2785|Abitrexate;Alpha-Methopterin;Amethopterin;Brimexate;CL 14377;CL-14377;Emtexate;Emthexat;Emthexate;Farmitrexat;Fauldexato;Folex;Folex PFS;Jylamvo;Lantarel;Ledertrexate;Lumexon;Maxtrex;Medsatrexate;Metex;Methoblastin;Methotrexate LPF;Methotrexate Methylaminopterin;Methotrexatum;Metotrexato;Metrotex;Mexate;Mexate-AQ;MTX;Novatrex;Rheumatrex;Texate;Tremetex;Trexeron;Trixilem;WR-19039|Adlone;Caberdelta M;DepMedalone;Depo Moderin;Depo-Nisolone;Duralone;Emmetipi;Esametone;Firmacort;Medlone 21;Medrate;Medrol;Medrol Veriderm;Medrone;Mega-Star;Meprolone;Methylprednisolonum;Metilbetasone Solubile;Metrocort;Metypresol;Metysolon;Predni-M-Tablinen;Prednilen;Radilem;Sieropresol;Solpredone;Summicort;Urbason;Veriderm Medrol;Wyacort|Blood Pool Scan;Equilibrium Radionuclide Angiography;Gated Blood Pool Imaging;Gated Heart Pool Scan;MUGA;MUGA Scan;Multi-Gated Acquisition Scan;Radionuclide Ventriculogram Scan;Radionuclide Ventriculography;RNV Scan;RNVG;SYMA Scanning;Synchronized Multigated Acquisition Scanning|(11beta)-11,17,21-Trihydroxypregna-1,4-diene-3,20-dione;.delta.1-Hydrocortisone;Adnisolone;Aprednislon;Capsoid;Cortalone;Cortisolone;Dacortin H;Decaprednil;Decortin H;Delta(1)Hydrocortisone;Delta- Cortef;Delta-Cortef;Delta-Diona;Delta-F;Delta-Phoricol;Delta1-dehydro-hydrocortisone;Deltacortril;Deltahydrocortisone;Deltasolone;Deltidrosol;Dhasolone;Di-Adreson-F;Dontisolon D;Estilsona;Fisopred;Frisolona;Gupisone;Hostacortin H;Hydeltra;Hydeltrasol;Klismacort;Kuhlprednon;Lenisolone;Lepi-Cortinolo;Linola-H N;Linola-H-Fett N;Longiprednil;Metacortandralone;Meti Derm;Meticortelone;Opredsone;Panafcortelone;Precortisyl;Pred-Clysma;Predeltilone;Predni-Coelin;Predni-Helvacort;Prednicortelone;Prednisolonum;Prelone;Prenilone;Sterane|.delta.1-Cortisone;1, 2-Dehydrocortisone;Adasone;Cortancyl;Dacortin;DeCortin;Decortisyl;Decorton;Delta 1-Cortisone;Delta-Dome;Deltacortene;Deltacortisone;Deltadehydrocortisone;Deltasone;Deltison;Deltra;Econosone;Lisacort;Meprosona-F;Metacortandracin;Meticorten;Ofisolona;Orasone;Panafcort;Panasol-S;Paracort;Perrigo Prednisone;PRED;Predicor;Predicorten;Prednicen-M;Prednicort;Prednidib;Prednilonga;Predniment;Prednisone Intensol;Prednisonum;Prednitone;Promifen;Rayos;Servisone;SK-Prednisone|Aeroseb-HC;Barseb HC;Barseb-HC;Cetacort;Cort-Dome;Cortef;Cortenema;Cortifan;Cortisol;Cortispray;Cortril;Dermacort;Domolene;Eldecort;Hautosone;Heb-Cort;Hydrocortisone;Hydrocortone;Hytone;Komed-HC;Nutracort;Proctocort;Rectoid|2-Amino 6MP;2-Amino-1,7-dihydro-6H-purine-6-thione;2-Amino-6-mercaptopurine;2-Amino-6-purinethiol;2-Aminopurin-6-thiol;2-Aminopurine-6(1H)-thione;2-Aminopurine-6-thiol;2-Aminopurine-6-thiol Hemihydrate;2-Mercapto-6-aminopurine;6-Amino-2-mercaptopurine;6-Mercapto-2-aminopurine;6-Mercaptoguanine;6-TG;6H-Purine-6-thione, 2-amino-1,7-dihydro- (9CI);BW 5071;Lanvis;Tabloid;Thioguanine Hemihydrate;Thioguanine Hydrate;Tioguanin;Tioguanine;Wellcome U3B;WR-1141;X 27|ABT 199;ABT-0199;ABT-199;ABT199;GDC 0199;GDC-0199;GDC0199;RG7601;Venclexta;Venclyxto|LCR;Leurocristine;VCR;Vincrystine",114,Puerto Rico|United States,True,2026-09-07
NCT06267729,RECRUITING,2024-03-12,PHASE1|PHASE2,AstraZeneca,INDUSTRY,AZD0754|AZD2287,|,15,Australia|Spain|United States,True,2026-09-07
NCT06352242,RECRUITING,2024-05-22,NA,"University Hospital, Montpellier",OTHER,Flow cytometry analysis to determine the level of trogocytosis by effector immune cells in patients|Flow cytometry analysis to determine the level of trogocytosis by effector immune cells in volunteers,|,2,France,True,2026-09-07
NCT06291935,RECRUITING,2023-09-01,PHASE1,VeonGen Therapeutics GmbH,INDUSTRY,VG901,AAV2.NN-CNGA1,1,Germany,True,2026-09-07
NCT06323525,RECRUITING,2024-04-17,PHASE1|PHASE2,Chinese PLA General Hospital,OTHER,TCR reserved and Power3 (SPPL3) gene knock-out allogeneic CD19-targeting CAR-T cell (ATHENA-2 CAR-T)|Fludarabine|Cyclophosphamide,|Fludarabine Phosphate for Injection|Cyclophosphamide for Injection,3,China,False,2026-09-07
NCT06342960,TERMINATED,2022-12-01,PHASE1|PHASE2,Kyverna Therapeutics,INDUSTRY,KYV-101 anti-CD19 CAR-T cell therapy|Standard lymphodepletion regimen,|Cyclophosphamide;Fludarabine,6,Germany,True,2026-09-07
NCT06223646,UNKNOWN,2024-01-11,PHASE1|PHASE2,"Novatim Immune Therapeutics (Zhejiang) Co., Ltd.",INDUSTRY,KQ-2003 CAR T-cells,,1,China,False,2026-09-07
NCT06275620,ENROLLING_BY_INVITATION,2023-11-14,PHASE2,Beacon Therapeutics,INDUSTRY,AGTC-501 (high dose and standard corticosteroid regimen)|AGTC-501 (low dose and standard corticosteroid regimen)|AGTC-501 (high dose and modified corticosteroid regimen),||,7,United States,True,2026-09-07
NCT06349343,RECRUITING,2025-02-10,PHASE1,"Union Hospital, Tongji Medical College, Huazhong University of Science and Technology",OTHER,CD19/BCMA CAR-T cell therapy,,1,China,False,2026-09-07
NCT06347458,NOT_YET_RECRUITING,2024-04,PHASE1,"Guangzhou Bio-gene Technology Co., Ltd",INDUSTRY,BG1805,,0,,False,2026-09-07
NCT06294236,ACTIVE_NOT_RECRUITING,2024-04-29,PHASE1,Sana Biotechnology,INDUSTRY,SC291,Cyclophosphamide;Fludarabine,5,United States,True,2026-09-07
NCT06238336,UNKNOWN,2020-06-15,PHASE2|PHASE3,Shanxi Bethune Hospital,OTHER,CAR-T cell therapy,,1,China,False,2026-09-07
NCT06255782,RECRUITING,2024-04-08,PHASE3,"iECURE, Inc.",INDUSTRY,ECUR-506,,12,Australia|Spain|United Kingdom|United States,True,2026-09-07
NCT06353152,UNKNOWN,2023-11-17,PHASE1,Peking University,OTHER,Claudin18.2-Targeted Chimeric Antigen Receptor T Cell Injection,,1,China,False,2026-09-07
NCT06313957,RECRUITING,2024-03-14,PHASE1,Peking University Cancer Hospital & Institute,OTHER,LUCAR-20SP cells,,3,China,False,2026-09-07
NCT06271057,RECRUITING,2024-06-14,PHASE2,The Lymphoma Academic Research Organisation,OTHER,golcadomide,BMS-986369;CC-99282,13,France,True,2026-09-07
NCT06290622,WITHDRAWN,2024-08-30,PHASE1,University of Alabama at Birmingham,OTHER,"Retifanlimab, INCAGN02385, INCAGN02390",,0,,False,2026-09-07
NCT06252402,RECRUITING,2024-12-19,EARLY_PHASE1,City of Hope Medical Center,OTHER,CMV/HIV-CAR T Cells,,2,United States,True,2026-09-07
NCT06304636,TERMINATED,2024-06-19,PHASE1,Cartesian Therapeutics,INDUSTRY,Descartes-15,,1,United States,True,2026-09-07
NCT06238648,RECRUITING,2024-01-31,PHASE2,Academic and Community Cancer Research United,OTHER,Biopsy|Biospecimen Collection|Computed Tomography|Epcoritamab|Magnetic Resonance Imaging|Patient Observation|Positron Emission Tomography,"BIOPSY_TYPE;Bx|Biological Sample Collection;Biospecimen Collected;Specimen Collection|CAT;CAT Scan;Computed Axial Tomography;Computerized Axial Tomography;Computerized axial tomography (procedure);Computerized Tomography;CT;CT Scan;tomography|Anti-CD20/CD3 Bispecific Antibody GEN3013;DuoBody-CD3xCD20;Epcoritamab-bysp;Epkinly;GEN 3013;GEN-3013;GEN3013|Magnetic Resonance;Magnetic resonance imaging (procedure);Magnetic Resonance Imaging Scan;Medical Imaging, Magnetic Resonance / Nuclear Magnetic Resonance;MR;MR Imaging;MRI;MRI Scan;MRIs;NMR Imaging;NMRI;Nuclear Magnetic Resonance Imaging;sMRI;Structural MRI|Active Surveillance;deferred therapy;expectant management;Observation;Watchful Waiting|Medical Imaging, Positron Emission Tomography;PET;PET Scan;Positron emission tomography (procedure);Positron Emission Tomography Scan;Positron-Emission Tomography;proton magnetic resonance spectroscopic imaging;PT",6,United States,True,2026-09-07
NCT06515626,RECRUITING,2024-08-18,EARLY_PHASE1,Yi Zhang,OTHER,CAR-T cell reinfusion,,1,China,False,2026-09-07
NCT06435897,NOT_YET_RECRUITING,2027-06-30,PHASE1|PHASE2,Shenzhen Geno-Immune Medical Institute,OTHER,fetal MSCs combined with 4SCAR T cells,,1,China,False,2026-09-07
NCT06415656,COMPLETED,2024-10-13,NA,Duke University,OTHER,TempTraq|VitalTraq,|,1,United States,True,2026-09-07
NCT06429800,WITHDRAWN,2025-04-16,PHASE1,Atara Biotherapeutics,INDUSTRY,ATA3219,,1,United States,True,2026-09-07
NCT06389305,RECRUITING,2024-05-27,NA,Beijing GoBroad Hospital,OTHER,peripheral blood lymphocytes|CIK cell,|,1,China,False,2026-09-07
NCT06420154,NOT_YET_RECRUITING,2024-05-27,EARLY_PHASE1,First Affiliated Hospital of Wenzhou Medical University,OTHER,anti-CD19-CAR-T cells,,1,China,False,2026-09-07
NCT06482905,RECRUITING,2024-09-04,PHASE1,Tcelltech Inc.,INDUSTRY,Anti-B7-H3 Chimeric Antigen Receptor T-Cell (CAR-T Cell) Injection/TX103,,4,China|United States,True,2026-09-07
NCT06497387,RECRUITING,2024-07,EARLY_PHASE1,Tongji Hospital,OTHER,PRG-1801,,1,China,False,2026-09-07
NCT06359041,RECRUITING,2024-12-17,PHASE1|PHASE2,Cabaletta Bio,INDUSTRY,CABA-201|CABA-201,|,17,United States,True,2026-09-07
NCT06474442,RECRUITING,2025-04-28,PHASE2,"Shanghai BDgene Co., Ltd.",INDUSTRY,BD111 Injection (investigational new drug)|Triple-drugs therapy of HSV-1 stromal keratitis,"BD111 Lentivirus-like particles, also called HSV-1-erasing lentiviral particles (HELP)|Ganciclovir Eye gel+Valacilovir Tablets+Prednisolone Acetate Eye Drops",1,China,False,2026-09-07
NCT06392724,ACTIVE_NOT_RECRUITING,2024-07-05,EARLY_PHASE1,Peking Union Medical College Hospital,OTHER,GEN6050X intravenous injection,,1,China,False,2026-09-07
NCT06414148,RECRUITING,2024-05-14,PHASE2,"Peter MacCallum Cancer Centre, Australia",OTHER,"Epcoritamab|Epcoritamab, lenalidomide and rituximab",|,6,Australia,False,2026-09-07
NCT06429150,NOT_YET_RECRUITING,2026-12-31,PHASE1|PHASE2,Shenzhen Geno-Immune Medical Institute,OTHER,CAR-T cells,,1,China,False,2026-09-07
NCT06378190,RECRUITING,2024-03-11,PHASE1|PHASE2,Instituto de Investigación Biomédica de Salamanca,OTHER,CAR-T cells therapy,,8,Spain,True,2026-09-07
NCT06400303,TERMINATED,2024-08-06,PHASE1|PHASE2,Kyverna Therapeutics,INDUSTRY,KYV-101|Standard lymphodepletion regimen,|Cyclophosphamide;Fludarabine,2,United States,True,2026-09-07
NCT06506461,RECRUITING,2025-03-21,PHASE1,St. Jude Children's Research Hospital,OTHER,Plerixafor|Busulfan|Gene-modified CD34+ cells|Motixafortide,Mozobil®|Myleran®;Busulfex||Aphexda,1,United States,True,2026-09-07
NCT06508775,RECRUITING,2024-05-05,NA,Miltenyi Biomedicine GmbH,INDUSTRY,MB-CART19.1|MB-CART20.1|MB-CART2019.1,CD19-targeting CAR T cells;Anti-CD19 CAR T cells|CD20-targeting CAR T cells;Anti-CD20 CAR T cells|CD20/CD19-targeting CAR T cells;Anti-CD20/CD19 CAR T cells,7,Germany,True,2026-09-07
NCT06497361,RECRUITING,2024-07,EARLY_PHASE1,Tongji Hospital,OTHER,PRG-2311,,1,China,False,2026-09-07
NCT06408194,RECRUITING,2024-05-13,PHASE1,Stanford University,OTHER,CD22CART infusion|Tisagenlecleucel,|KYMRIAH,1,United States,True,2026-09-07
NCT06508931,RECRUITING,2025-08-04,PHASE2,Miltenyi Biomedicine GmbH,INDUSTRY,zamtocabtagene autoleucel (MB-CART2019.1),,5,France|Germany|Italy|Netherlands,True,2026-09-07
NCT06503094,UNKNOWN,2024-01-14,PHASE1|PHASE2,"Union Hospital, Tongji Medical College, Huazhong University of Science and Technology",OTHER,CD19&CD20 bispecific CAR-T cells,,1,China,False,2026-09-07
NCT06446128,RECRUITING,2024-05-07,EARLY_PHASE1,"Shanghai Cell Therapy Group Co.,Ltd",INDUSTRY,CD19/CD20/BCMA CAR T cells,,1,China,False,2026-09-07
NCT06485232,NOT_YET_RECRUITING,2025-02-28,EARLY_PHASE1,"Xuanwu Hospital, Beijing",OTHER,Universal BCMA CAR-T|Universal CD19 CAR-T|Universal BCMA CAR-T; Universal CD19 CAR-T,||,1,China,False,2026-09-07
NCT06469281,RECRUITING,2024-08-06,PHASE1,Regeneron Pharmaceuticals,INDUSTRY,27T51|Cemiplimab|Bevacizumab,|Libtayo;REGN2810|Avastin;Mvasi;Vegzelma;Zirabe,5,United States,True,2026-09-07
NCT06478693,RECRUITING,2024-07-01,PHASE1,Myeloid Therapeutics,INDUSTRY,MT-303|MT-303 +Atezolizumab + Bevacizumab,|,9,Australia|South Korea|Taiwan,False,2026-09-07
NCT06500273,RECRUITING,2024-06-18,PHASE2,Allogene Therapeutics,INDUSTRY,"cemacabtagene ansegedleucel|Fludarabine|Cyclophosphamide|Foresight CLARITY™ IUO MRD test, powered by PhasED-Seq™",cema-cel|Fludara®|Cytoxan®|Foresight Lymphoma MRD Therapy Selection Test,83,Australia|Canada|South Korea|United States,True,2026-09-07
NCT06371040,RECRUITING,2024-07-12,PHASE1,"Ting Chang, MD",OTHER,CD19-BCMA Targeted CAR-T Dose 1|CD19-BCMA Targeted CAR-T Dose 2|CD19-BCMA Targeted CAR-T Dose 2,||,1,China,False,2026-09-07
NCT06503224,RECRUITING,2024-04-09,NA,The First Affiliated Hospital of University of Science and Technology of China,OTHER,Anti-BCMA and CD19 CART cells will be injected intravenously on a one-time basis.,,1,China,False,2026-09-07
NCT06503107,RECRUITING,2024-04-23,PHASE1|PHASE2,"Union Hospital, Tongji Medical College, Huazhong University of Science and Technology",OTHER,Nanobody-based biepitope BCMA-targeting CAR-T cells,,1,China,False,2026-09-07
NCT06518005,RECRUITING,2024-11-08,PHASE2,Genethon,OTHER,Imlifidase|GNT0003,|,1,France,True,2026-09-07
NCT06458439,RECRUITING,2024-09-24,PHASE2,Abramson Cancer Center at Penn Medicine,OTHER,Epcoritamab,GEN3013;DuoBody -CD3xCD20,1,United States,True,2026-09-07
NCT06364423,RECRUITING,2024-09-03,PHASE1|PHASE2,National Cancer Institute (NCI),NIH,Autologous HuCD19 ( Anti-CD19)CAR T cells|Cyclophosphamide|Fludarabine|Rituximab,|||,1,United States,True,2026-09-07
NCT06509490,UNKNOWN,2024-07-17,NA,"Cancer Institute and Hospital, Chinese Academy of Medical Sciences",OTHER,KD-025 cell injection,,1,China,False,2026-09-07
NCT06419166,WITHDRAWN,2024-12-01,EARLY_PHASE1,Zhejiang University,OTHER,GC012F injection,,1,China,False,2026-09-07
NCT06462248,RECRUITING,2024-06-01,PHASE2,Chi Kong Li,OTHER,CUCART19,anti-CD19 CAR-T,1,China,False,2026-09-07
NCT06365671,RECRUITING,2024-04-16,PHASE2,Ruijin Hospital,OTHER,autologous stem-cell transplantation|Relmacabtagene autoleucel (relma-cel),|,1,China,False,2026-09-07
NCT06478381,UNKNOWN,2024-06-01,PHASE1,Henan Cancer Hospital,OTHER_GOV,L218CAR19,,1,China,False,2026-09-07
NCT06428188,RECRUITING,2024-05-29,PHASE1|PHASE2,Essen Biotech,OTHER,BCMA/CD19 CAR-T cells,,1,China,False,2026-09-07
NCT06375161,RECRUITING,2023-12-11,EARLY_PHASE1,"Shanghai Tongji Hospital, Tongji University School of Medicine",OTHER,anti-CD19-CAR-T cells,,1,China,False,2026-09-07
NCT06384482,UNKNOWN,2024-04-30,PHASE1,"Shanghai Simnova Biotechnology Co.,Ltd.",INDUSTRY,SNC115 injection,,1,China,False,2026-09-07
NCT06480565,ACTIVE_NOT_RECRUITING,2024-12-12,PHASE1|PHASE2,Adicet Therapeutics,INDUSTRY,ADI-270|Fludarabine|Cyclophosphamide,||,1,United States,True,2026-09-07
NCT06465147,RECRUITING,2024-12-16,PHASE1,Seattle Children's Hospital,OTHER,SCRI-CAR19v3,,1,United States,True,2026-09-07
NCT06454682,ACTIVE_NOT_RECRUITING,2023-09-11,EARLY_PHASE1,RJK Biopharma Ltd,INDUSTRY,RJK002 Intrathecal injection,,1,China,False,2026-09-07
NCT06500819,RECRUITING,2024-07-11,PHASE1,Stanford University,OTHER,B7-H3CART Dose (Intravenous),,1,United States,True,2026-09-07
NCT06355908,SUSPENDED,2024-03-21,PHASE1,Yang Zhang,OTHER,IL13Rα2 CAR-T,,1,China,False,2026-09-07
NCT06481735,RECRUITING,2025-02-15,PHASE1|PHASE2,Chinese PLA General Hospital,OTHER,TCR reserved and Power3 (SPPL3) Gene Knock-out Allogeneic CD19-targeting CAR-T cell|Fludarabine|Cyclophosphamide,Allogeneic Power3 (SPPL3) knock-out CD19 CAR-T|Fludarabine Phosphate for Injection|Cyclophosphamide for Injection,6,China,False,2026-09-07
NCT06481241,RECRUITING,2024-06-10,NA,"Institute of Hematology & Blood Diseases Hospital, China",OTHER,CAR-T cells|Venetoclax,|Selective inhibitor of B-cell lymphoma 2 (Bcl-2),1,China,False,2026-09-07
NCT06465537,SUSPENDED,2024-06-10,NA,"Shanghai BDgene Co., Ltd.",INDUSTRY,BD113vVLP,BD113 virus-like particle;CRISPR/Cas9 mRNA instantaneous gene editing technology,1,China,False,2026-09-07
NCT06474416,ACTIVE_NOT_RECRUITING,2023-09-04,PHASE1,"Shanghai BDgene Co., Ltd.",INDUSTRY,BD111 Injection (Investigative New Drug)|Triple-drugs therapy of HSV-1 stromal keratitis,BD111 Lentivirus-like particles;HSV-1-erasing lentiviral particles;HELP|Ganciclovir Ophthalmic Gel;Valacyclovir Hydrochloride Tablets;Prednisolone Acetate Ophthalmic Suspension,3,China,False,2026-09-07
NCT06432140,ACTIVE_NOT_RECRUITING,2024-07-02,PHASE2|PHASE3,"Shanghai Vitalgen BioPharma Co., Ltd.",INDUSTRY,VGN-R09b injection,,1,China,False,2026-09-07
NCT06377228,WITHDRAWN,2025-06-13,PHASE1,Takeda,INDUSTRY,TAK-007|Chemotherapy Agents,|,1,United States,True,2026-09-07
NCT06359509,NOT_YET_RECRUITING,2024-04,EARLY_PHASE1,"Union Hospital, Tongji Medical College, Huazhong University of Science and Technology",OTHER,BCMA Targeted CAR T-cells,,0,,False,2026-09-07
NCT06451770,RECRUITING,2024-10-30,PHASE1,"Verve Therapeutics, Inc.",INDUSTRY,VERVE-201,,16,Australia|Canada|Netherlands|South Africa|United Kingdom|United States,True,2026-09-07
NCT06461624,RECRUITING,2024-07-01,PHASE1,Zhejiang University,OTHER,anti-GPC3 CAR-T,CBG166 CAR-T,2,China,False,2026-09-07
NCT06445803,RECRUITING,2024-05-31,PHASE1,Rong Tao,OTHER,KQ-2002 CAR-T cells （CD19/CD22 CAR T-Cells）,,2,China,False,2026-09-07
NCT06381830,TERMINATED,2024-01-01,PHASE2,The First Affiliated Hospital of Soochow University,OTHER,Apheresis|Autologous Stem Cell Transplantation|CAR-T Cell Therapy,||Chimeric Antigen Receptor T-cell,1,China,False,2026-09-07
NCT06451159,ACTIVE_NOT_RECRUITING,2024-06-20,PHASE1,Bruce Cree,OTHER,KYV-101 (Biological) - 0.33 ×10^8 cells|KYV-101 (Biological) - 1 ×10^8 cells|Chemotherapy: cyclophosphamide (CYC)|Chemotherapy: fludarabine (FLU),CAR T-cell therapy|CAR T-cell therapy||,1,United States,True,2026-09-07
NCT06412458,UNKNOWN,2024-06-15,PHASE1,"Beijing Immunochina Medical Science & Technology Co., Ltd.",INDUSTRY,IM83 CAR-T Cells,,1,China,False,2026-09-07
NCT06515262,RECRUITING,2024-07-01,NA,920th Hospital of Joint Logistics Support Force of People's Liberation Army of China,OTHER,Anti-BCMA-GPRC5D CAR-T cells infusion,,1,China,False,2026-09-07
NCT06361745,UNKNOWN,2024-04-02,NA,"PersonGen BioTherapeutics (Suzhou) Co., Ltd.",INDUSTRY,T cell injection targeting CD19 chimeric antigen receptor,,1,China,False,2026-09-07
NCT06479356,RECRUITING,2024-08-15,PHASE2,"Shanghai Ming Ju Biotechnology Co., Ltd.",INDUSTRY,Relma-cel,CD19-targeted Chimeric Antigen Receptor(CAR) T Cells,1,China,False,2026-09-07
NCT06417398,UNKNOWN,2024-05-14,EARLY_PHASE1,"PersonGen BioTherapeutics (Suzhou) Co., Ltd.",INDUSTRY,T cell injection targeting CD19 chimeric antigen receptor,,0,,False,2026-09-07
NCT06494371,RECRUITING,2024-07,PHASE1,Ruijin Hospital,OTHER,LCAR-HL30 cells,,1,China,False,2026-09-07
NCT06475495,ACTIVE_NOT_RECRUITING,2024-12-04,PHASE1|PHASE2,"Charite University, Berlin, Germany",OTHER,KYV101|Rituximab (active comparator),|,1,Germany,True,2026-09-07
NCT06414135,RECRUITING,2024-06-12,PHASE1,Liangjing Lu,OTHER,Relma-cel,,1,China,False,2026-09-07
NCT06462144,TERMINATED,2024-06-13,EARLY_PHASE1,The Affiliated Nanjing Drum Tower Hospital of Nanjing University Medical School,OTHER,IMPT-514 CART Cell Injection,,3,China,False,2026-09-07
NCT06413498,ACTIVE_NOT_RECRUITING,2024-08-23,PHASE3,"Kite, A Gilead Company",INDUSTRY,Anitocabtagene Autoleucel|Cyclophosphamide|Fludarabine|Pomalidomide|Bortezomib|Dexamethasone|Daratumumab|Carfilzomib,CART-ddBCMA|||||||,117,Australia|Austria|Belgium|Canada|Czechia|France|Germany|Italy|Japan|Netherlands|Poland|Spain|Switzerland|United Kingdom|United States,True,2026-09-07
NCT06367673,UNKNOWN,2024-04-30,PHASE1,Zhejiang University,OTHER,iPSC-NK cells,,1,China,False,2026-09-07
NCT06514794,RECRUITING,2025-01-31,PHASE2,Allotera Therapeutics,INDUSTRY,WU-CART-007,,18,Australia|United States,True,2026-09-07
NCT06464991,RECRUITING,2024-03-27,PHASE3,"Nanjing IASO Biotechnology Co., Ltd.",INDUSTRY,Equecabtagene Autoleucel Injection|Daratumumab|Pomalidomide|Bortezomib|Dexamethasone,FUCASO||||,28,China,False,2026-09-07
NCT06393335,UNKNOWN,2024-05-15,EARLY_PHASE1,The Children's Hospital of Zhejiang University School of Medicine,OTHER,Metabolically Armed CD19 CAR-T cells,Meta10-19,1,China,False,2026-09-07
NCT06364774,RECRUITING,2025-04-14,PHASE1|PHASE2,Children's Hospital of Philadelphia,OTHER,ALS20,,1,United States,True,2026-09-07
NCT06399107,RECRUITING,2024-08-01,PHASE1|PHASE2,Essen Biotech,OTHER,Drug Product is administered by IV infusion following myeloablative conditioning with busulfan,BAH243,1,China,False,2026-09-07
NCT06420076,RECRUITING,2024-07-10,PHASE1|PHASE2,Essen Biotech,OTHER,CD5/CD7 CAR-T,EB-BH2026,1,China,False,2026-09-07
NCT06492304,COMPLETED,2024-08-13,PHASE1|PHASE2,CRISPR Therapeutics,INDUSTRY,CTX131,,7,Australia|United States,True,2026-09-07
NCT06373081,UNKNOWN,2024-04-20,NA,Shanghai Changzheng Hospital,OTHER,Anti-CD19-CD3E-CAR-T cells,,1,China,False,2026-09-07
NCT06430736,RECRUITING,2024-07-01,PHASE2,"Insel Gruppe AG, University Hospital Bern",OTHER,Tocilizumab before CAR-T cell infusion|Tocilizumab at emerging CRS,Prophylactic|On demand,1,Switzerland,True,2026-09-07
NCT06465550,RECRUITING,2024-01-05,PHASE1,"Shanghai BDgene Co., Ltd.",INDUSTRY,BD211,,3,China,False,2026-09-07
NCT06355739,RECRUITING,2024-02-01,NA,Zhu Xiaofan,OTHER,CAR T cell injection,,2,China,False,2026-09-07
NCT06422351,SUSPENDED,2026-04,PHASE2,Rocket Pharmaceuticals Inc.,INDUSTRY,RP-L301,Intervention/Treatment,3,Spain|United States,True,2026-09-07
NCT06458595,RECRUITING,2024-06-28,PHASE1|PHASE2,"Chengdu Origen Biotechnology Co., Ltd.",INDUSTRY,KH658,,1,China,False,2026-09-07
NCT06504199,ACTIVE_NOT_RECRUITING,2024-07-18,PHASE2,"Institute of Hematology & Blood Diseases Hospital, China",OTHER,Obinutuzumab|Zanubrutinib|Lenalidomide|Cytarabine|CAR-T,||||,2,China,False,2026-09-07
NCT06501183,UNKNOWN,2024-07-08,PHASE1,Shanghai Pudong Hospital,OTHER,Anti-CDH17 CAR-T cells,,1,China,False,2026-09-07
NCT06517004,RECRUITING,2024-07-18,PHASE1,Fudan University,OTHER,JWCAR201,,1,China,False,2026-09-07
NCT06486051,RECRUITING,2024-07-12,PHASE2,Malaghan Institute of Medical Research,OTHER,Fludarabine|Cyclophosphamide|WZTL-002 CAR T-cells,||1928T2z CAR T-cells,3,New Zealand,False,2026-09-07
NCT06481228,RECRUITING,2024-06-04,NA,"Institute of Hematology & Blood Diseases Hospital, China",OTHER,CAR-T cells|Venetoclax|Olverembatinib,||,1,China,False,2026-09-07
NCT06373991,NOT_YET_RECRUITING,2024-07-24,PHASE1,EdiGene Inc.,INDUSTRY,ATHENA CAR-T|Fludarabine|Cyclophosphamide,ET-901|Fludarabine Phosphate for Injection|Cyclophosphamide for Injection,1,China,False,2026-09-07
NCT06482684,RECRUITING,2024-02-15,PHASE2,"Christian Schmidt, MD",OTHER,KTE-X19|Ibrutinib,|,2,Germany,True,2026-09-07
NCT06420089,RECRUITING,2024-10-04,PHASE1,Vittoria Biotherapeutics,INDUSTRY,Senza5 CART5,,2,United States,True,2026-09-07
NCT06384976,ACTIVE_NOT_RECRUITING,2024-09-20,PHASE2,Kyverna Therapeutics,INDUSTRY,KYV-101|Standard lymphodepletion regimen|Anti-CD20 mAB,||,1,United States,True,2026-09-07
NCT06435910,NOT_YET_RECRUITING,2027-06-30,PHASE1,Shenzhen Geno-Immune Medical Institute,OTHER,DC vaccines,,1,China,False,2026-09-07
NCT06420063,RECRUITING,2024-07-10,PHASE1|PHASE2,Essen Biotech,OTHER,CD123/CD33 CART,EB-BH2025,1,China,False,2026-09-07
NCT06447987,SUSPENDED,2024-11-06,PHASE1,City of Hope Medical Center,OTHER,Allogeneic Hematopoietic Stem Cell Transplantation|Biospecimen Collection|Bone Marrow Aspiration|Bone Marrow Biopsy|CD19CAR-CD28-CD3zeta-EGFRt-expressing Tn/mem-enriched T-lymphocytes|Cetuximab|Computed Tomography|Cyclophosphamide|Echocardiography|Fludarabine|Leukapheresis|Magnetic Resonance Imaging|Multigated Acquisition Scan|Positron Emission Tomography,"Allogeneic;Allogeneic Hematopoietic Cell Transplantation;Allogeneic Stem Cell Transplantation;HSC;HSCT;Stem Cell Transplantation, Allogeneic|Biological Sample Collection;Biospecimen Collected;Specimen Collection||Biopsy of Bone Marrow;Biopsy, Bone Marrow|CD19CAR-CD28-CD3zeta-EGFRt-expressing Tn/mem-enriched T Cells;CD19R(EQ)28zeta/EGFRt+ Naive and Memory T Cells;CD19R(EQ)28zetaEGFRt+ Tn/mem Cells|C225;Cetuximab Biosimilar CDP-1;Cetuximab Biosimilar CMAB009;Cetuximab Biosimilar KL 140;Chimeric Anti-EGFR Monoclonal Antibody;Chimeric MoAb C225;Chimeric Monoclonal Antibody C225;Erbitux;IMC-C225|CAT;CAT Scan;Computed Axial Tomography;Computerized Axial Tomography;Computerized axial tomography (procedure);Computerized Tomography;Computerized Tomography (CT) scan;CT;CT Scan;tomography|(-)-Cyclophosphamide;2H-1,3,2-Oxazaphosphorine, 2-[bis(2-chloroethyl)amino]tetrahydro-, 2-oxide, monohydrate;Asta B 518;B-518;Carloxan;Ciclofosfamida;Ciclofosfamide;Cicloxal;Clafen;Claphene;CP monohydrate;CTX;CYCLO-cell;Cycloblastin;Cycloblastine;Cyclophospham;Cyclophosphamid monohydrate;Cyclophosphamide Monohydrate;Cyclophosphamidum;Cyclophosphan;Cyclophosphane;Cyclophosphanum;Cyclostin;Cyclostine;Cytophosphan;Cytophosphane;Cytoxan;Fosfaseron;Genoxal;Genuxal;Ledoxina;Mitoxan;Neosar;Revimmune;Syklofosfamid;WR- 138719;WR-138719|EC|Fluradosa|Leukocytopheresis;Therapeutic Leukopheresis|Magnetic Resonance;Magnetic Resonance Imaging (MRI);Magnetic resonance imaging (procedure);Magnetic Resonance Imaging Scan;Medical Imaging, Magnetic Resonance / Nuclear Magnetic Resonance;MR;MR Imaging;MRI;MRI Scan;MRIs;NMR Imaging;NMRI;Nuclear Magnetic Resonance Imaging;sMRI;Structural MRI|Blood Pool Scan;Equilibrium Radionuclide Angiography;Gated Blood Pool Imaging;Gated Heart Pool Scan;MUGA;MUGA Scan;Multi-Gated Acquisition Scan;Radionuclide Ventriculogram Scan;Radionuclide Ventriculography;RNVG;SYMA Scanning;Synchronized Multigated Acquisition Scanning|Medical Imaging, Positron Emission Tomography;PET;PET Scan;Positron emission tomography (procedure);Positron Emission Tomography Scan;Positron-Emission Tomography;proton magnetic resonance spectroscopic imaging;PT",1,United States,True,2026-09-07
NCT06361836,ACTIVE_NOT_RECRUITING,2024-10-09,PHASE1,"Sonoma Biotherapeutics, Inc.",INDUSTRY,SBT777101,,6,United States,True,2026-09-07
NCT06513429,RECRUITING,2024-07-30,NA,Peking University Third Hospital,OTHER,IM19 CAR-T cells,CD19 CAR-T cells,1,China,False,2026-09-07
NCT06391736,RECRUITING,2024-04-19,PHASE1|PHASE2,GeneCradle Inc,INDUSTRY,GC301,,1,China,False,2026-09-07
NCT06407947,RECRUITING,2024-06-06,EARLY_PHASE1,Shanghai Changzheng Hospital,OTHER,Chimeric antigen receptor modified T cells Infusion,Single Group Assignment,1,China,False,2026-09-07
NCT06464185,ACTIVE_NOT_RECRUITING,2024-04-30,PHASE1|PHASE2,"Institute of Hematology & Blood Diseases Hospital, China",OTHER,Bispecific antibody-based combined with CAR-T cell therapy,,1,China,False,2026-09-07
NCT06464861,RECRUITING,2024-06-20,PHASE1,"Second Affiliated Hospital, Zhejiang University, School of Medicine",OTHER,CD19-CAR-NK/T,,1,China,False,2026-09-07
NCT06379451,UNKNOWN,2024-04-18,EARLY_PHASE1,Changzhou No.2 People's Hospital,OTHER,NKG2D Chimeric Antigen Receptor NK Cell Injection,KN1102 cell injection,1,China,False,2026-09-07
NCT06647329,NOT_YET_RECRUITING,2024-12-01,PHASE1,Mingzhi Zhang,OTHER,CAR-T Therapy,,1,China,False,2026-09-07
NCT06523621,ACTIVE_NOT_RECRUITING,2025-02-28,PHASE2,Wake Forest University Health Sciences,OTHER,Nivolumab,Opdivo,1,United States,True,2026-09-07
NCT06622694,RECRUITING,2025-06-19,PHASE1,"Institute of Hematology & Blood Diseases Hospital, China",OTHER,RD13-02,,1,China,False,2026-09-07
NCT06532643,RECRUITING,2023-08-24,EARLY_PHASE1,"Shanghai First Song Biotechnology Co., LTD",INDUSTRY,anti-CD20/CD30-CAR-T cells|Fludarabine|Cyclophosphamide,||,1,China,False,2026-09-07
NCT06646627,RECRUITING,2024-11-11,PHASE1,Stanford University,OTHER,B7-H3CART,,1,United States,True,2026-09-07
NCT06647979,RECRUITING,2025-12-01,PHASE1,Daniel Bauer,OTHER,autologous bone marrow derived CD34+ HSPCs electroporated with BCL11A enhancer targeting Cas9 ribonucleoprotein|Sequencing Assay for Variant rs114518452,|,1,United States,True,2026-09-07
NCT06581081,RECRUITING,2024-10-01,NA,Peking University People's Hospital,OTHER,Senl_B19 autologous CAR-T (S1904) treatment,,1,China,False,2026-09-07
NCT06532799,RECRUITING,2024-09-10,PHASE1|PHASE2,Essen Biotech,OTHER,Tumor Infiltrating Lymphocytes (TIL)|Cyclophosphamid|Fludarabine|Interleukin-2|Pembrolizumab,||||,1,China,False,2026-09-07
NCT06655662,RECRUITING,2024-06-12,PHASE1,Shenzhen Hemogen,INDUSTRY,β-globin restored autologous hematopoietic stem cells,,3,China,False,2026-09-07
NCT06649227,RECRUITING,2025-07-10,PHASE1,"University Hospital, Lille",OTHER,CAR-T cell therapy,,1,France,True,2026-09-07
NCT06590545,NOT_YET_RECRUITING,2025-01,PHASE1|PHASE2,David Simon,OTHER,"KYV-101, an autologous fully-human anti-CD19 CAR T-cell immunotherapy",,0,,False,2026-09-07
NCT06553872,RECRUITING,2024-08-23,PHASE2,H. Lee Moffitt Cancer Center and Research Institute,OTHER,Pirtobrutinib|Brexucabtagene Autoleucel,Jaypirca|Tecartus,3,United States,True,2026-09-07
NCT06589089,RECRUITING,2024-10-15,PHASE2,Ruijin Hospital,OTHER,autologous hematopoietic stem cell,,1,China,False,2026-09-07
NCT06631040,NOT_YET_RECRUITING,2024-12-19,PHASE1|PHASE2,Shahid Beheshti University of Medical Sciences,OTHER,anti CD19 CAR NK cells,,1,Iran,False,2026-09-07
NCT06574958,UNKNOWN,2024-04-30,EARLY_PHASE1,The Second Hospital of Shandong University,OTHER,CD38/CS1 injection,,1,China,False,2026-09-07
NCT06633341,RECRUITING,2024-10-20,EARLY_PHASE1,Zhejiang University,OTHER,CD5 CAR T-cells,CD5+ T-lymphoma Targeted CAR T-cells injection,1,China,False,2026-09-07
NCT06596057,ACTIVE_NOT_RECRUITING,2024-02-10,EARLY_PHASE1,The Second Hospital of Shandong University,OTHER,CAR-T/CAR-NK cells,,1,China,False,2026-09-07
NCT06609928,RECRUITING,2025-02-24,PHASE1,Fred Hutchinson Cancer Center,OTHER,FOLR1 CAR T-cells|Biospecimen Collection|Bone Marrow Aspiration|Bone Marrow Biopsy|Cyclophosphamide|Echocardiography Test|Fludarabine|Pheresis|Positron Emission Tomography,"Anti-FOLR1 CAR-T Cells;FH-FOLR1 CAR T Cells|Biological Sample Collection;Biospecimen Collected;Specimen Collection||Biopsy of Bone Marrow;Biopsy, Bone Marrow|(-)-Cyclophosphamide;2H-1,3,2-Oxazaphosphorine, 2-[bis(2-chloroethyl)amino]tetrahydro-, 2-oxide, monohydrate;Asta B 518;B 518;B-518;B518;Carloxan;Ciclofosfamida;Ciclofosfamide;Cicloxal;Clafen;Claphene;CP monohydrate;CTX;CYCLO-cell;Cycloblastin;Cycloblastine;Cyclophospham;Cyclophosphamid monohydrate;Cyclophosphamide Monohydrate;Cyclophosphamidum;Cyclophosphan;Cyclophosphane;Cyclophosphanum;Cyclostin;Cyclostine;Cytophosphan;Cytophosphane;Cytoxan;Fosfaseron;Genoxal;Genuxal;Ledoxina;Mitoxan;Neosar;Revimmune;Syklofosfamid;WR 138719;WR- 138719;WR-138719;WR138719|EC;Echocardiography|Fluradosa|Apheresed;Apheresis;Blood Component Removal;Collection, Apheresis/Leukapheresis;Hemapheresis|Medical Imaging, Positron Emission Tomography;PET;PET Scan;Positron emission tomography (procedure);Positron Emission Tomography Scan;Positron-Emission Tomography;proton magnetic resonance spectroscopic imaging;PT",1,United States,True,2026-09-07
NCT06633042,NOT_YET_RECRUITING,2024-11-25,PHASE1,Bioray Laboratories,INDUSTRY,Universal BCMA-CD19 CART,BRL-302,0,,False,2026-09-07
NCT06532812,RECRUITING,2024-08-22,PHASE1|PHASE2,Essen Biotech,OTHER,Tumor Infiltrating Lymphocytes (TIL)|Cyclophosphamid|Fludarabine|Interleukin-2|Pembrolizumab,||||,1,China,False,2026-09-07
NCT06593145,RECRUITING,2023-05-24,PHASE1,FamiCordTx,INDUSTRY,FCTX-CL19-1 (Tarcidomgen Kimleucel),,2,Poland,True,2026-09-07
NCT06635330,RECRUITING,2024-05-20,PHASE1|PHASE2,Kara Yakhteh Tajhiz Azma Company,NETWORK,anti-CD19 CAR T cell therapy,,1,Iran,False,2026-09-07
NCT06565026,RECRUITING,2024-09-02,EARLY_PHASE1,"CorrectSequence Therapeutics Co., Ltd",INDUSTRY,CS-206,,1,China,False,2026-09-07
NCT06567366,NOT_YET_RECRUITING,2024-09,PHASE2,Ruijin Hospital,OTHER,CAR T-cell therapy|Glofitamab|Obinutuzumab,||,1,China,False,2026-09-07
NCT06659653,RECRUITING,2024-05-24,EARLY_PHASE1,Tan Jie,OTHER,PRG2302,,1,China,False,2026-09-07
NCT06641453,NOT_YET_RECRUITING,2024-11-15,PHASE1|PHASE2,Chinese PLA General Hospital,OTHER,GPC3-CART cells|Fludarabine Phosphate for Injection|Cyclophosphamide for Injection,||,1,China,False,2026-09-07
NCT06646666,NOT_YET_RECRUITING,2024-12-01,PHASE2,Ruijin Hospital,OTHER,All-trans retinoic acid|zanubrutinib|radiotherapy|CAR-T|PD-1 inhibitor,||||,1,China,False,2026-09-07
NCT06534060,RECRUITING,2025-02-15,PHASE2,March Biosciences Inc,INDUSTRY,Genetic: MB-105,,12,United States,True,2026-09-07
NCT06594211,NOT_YET_RECRUITING,2024-10-09,NA,RenJi Hospital,OTHER,ACT-001 CAR-NK cell,,1,China,False,2026-09-07
NCT06557785,ACTIVE_NOT_RECRUITING,2024-11-25,PHASE1,National Institute of Allergy and Infectious Diseases (NIAID),NIH,CH505M5 N197D mRNA-gp160|CH505 TF mRNA-gp160,|,7,Thailand|United States,True,2026-09-07
NCT06658951,RECRUITING,2025-04-03,NA,UTC Therapeutics Inc.,INDUSTRY,Anti-HER2 CAR-T cells,,1,China,False,2026-09-07
NCT06641895,RECRUITING,2024-07-25,EARLY_PHASE1,Shanghai Jiao Tong University School of Medicine,OTHER,BBM-D101,,1,China,False,2026-09-07
NCT06633354,RECRUITING,2024-10-20,EARLY_PHASE1,Zhejiang University,OTHER,CD5 CAR T-cells,CD5+ T-ALL Targeted CAR T-cells injection,1,China,False,2026-09-07
NCT06615206,RECRUITING,2024-10-30,NA,"HuidaGene Therapeutics Co., Ltd.",INDUSTRY,HG204,,1,China,False,2026-09-07
NCT06641154,RECRUITING,2024-11-06,PHASE1|PHASE2,"Federal State Budget Institution Research Center for Obstetrics, Gynecology and Perinatology Ministry of Healthcare",OTHER_GOV,GT-UGT1A1-AAV8-02,alphaglucuronosyltransferasegene unoparvovec;alphacrigen;OGP-001;AAV-TBG1A1,2,Russia,False,2026-09-07
NCT06655519,NOT_YET_RECRUITING,2024-10-25,PHASE1,Peking University People's Hospital,OTHER,CAR-T（RD140 injection）,,0,,False,2026-09-07
NCT06617793,ACTIVE_NOT_RECRUITING,2025-02-24,PHASE1|PHASE2,Novartis Pharmaceuticals,INDUSTRY,rapcabtagene autoleucel (YTB323),,18,Australia|France|Germany|Italy|Spain|Switzerland,True,2026-09-07
NCT06626919,RECRUITING,2025-04-30,PHASE1,"Arcellx, Inc.",INDUSTRY,anito-cel|Standard Lymphodepletion regimen,anitocabtagene autoleucel;CART-ddBCMA|Cyclophosphamide;Fludarabine,13,United States,True,2026-09-07
NCT06581640,RECRUITING,2024-09-24,PHASE2,The First Affiliated Hospital of Xiamen University,OTHER,CAR-T treatment,,1,China,False,2026-09-07
NCT06544330,ACTIVE_NOT_RECRUITING,2025-04-29,PHASE1,Synthekine,INDUSTRY,SYNCAR-001|STK-009,|,6,United States,True,2026-09-07
NCT06623279,NOT_YET_RECRUITING,2025-04-01,PHASE1,"HuidaGene Therapeutics Co., Ltd.",INDUSTRY,HG202,,0,,False,2026-09-07
NCT06567080,NOT_YET_RECRUITING,2024-09,PHASE1,RenJi Hospital,OTHER,JWCAR201,,1,China,False,2026-09-07
NCT06581198,ACTIVE_NOT_RECRUITING,2024-09-04,PHASE2,Novartis Pharmaceuticals,INDUSTRY,rapcabtagene autoleucel,,107,Argentina|Australia|Austria|Brazil|Czechia|Denmark|France|Germany|Hungary|Israel|Italy|Japan|Mexico|Netherlands|Norway|Poland|Romania|Saudi Arabia|Singapore|South Korea|Spain|Sweden|Switzerland|Taiwan|United Kingdom|United States,True,2026-09-07
NCT06559189,RECRUITING,2024-09-27,PHASE1,"University of Colorado, Denver",OTHER,CD19x22 CAR T,,1,United States,True,2026-09-07
NCT06569472,RECRUITING,2024-07-02,PHASE1,"Chongqing Precision Biotech Co., Ltd",INDUSTRY,CD19-targetd CAR-T,,1,China,False,2026-09-07
NCT06633328,RECRUITING,2024-10-20,EARLY_PHASE1,Zhejiang University,OTHER,CD7 CAR-T cells injection|Allogeneic hematopoietic stem cell transplantation,|,1,China,False,2026-09-07
NCT06608342,RECRUITING,2024-06-25,PHASE2,"Institute of Hematology & Blood Diseases Hospital, China",OTHER,Autologous hematopoietic stem cell transplantation combined with CD19-CART,,1,China,False,2026-09-07
NCT06530303,RECRUITING,2024-09-29,PHASE1|PHASE2,Essen Biotech,OTHER,Tumor Infiltrating Lymphocytes (TIL)|Cyclophosphamide|Fludarabine|Interleukin-2|Pembrolizumab,||||,1,China,False,2026-09-07
NCT06644118,RECRUITING,2024-10-23,PHASE1,Zhejiang University,OTHER,OL-101 infusion,,3,China,False,2026-09-07
NCT06617286,NOT_YET_RECRUITING,2026-12-01,PHASE1|PHASE2,New York Medical College,OTHER,CD30 CAR T-cell,,1,United States,True,2026-09-07
NCT06518876,NOT_YET_RECRUITING,2024-08-31,PHASE1,"Novatim Immune Therapeutics (Zhejiang) Co., Ltd.",INDUSTRY,KQ-2003 CAR T-cells,,1,China,False,2026-09-07
NCT06615479,RECRUITING,2025-03-12,PHASE3,"Juno Therapeutics, Inc., a Bristol-Myers Squibb Company",INDUSTRY,BMS-986393|Cyclophosphamide|Fludarabine|Daratumumab|Pomalidomide|Dexamethasone|Carfilzomib,Arlo-cel||||||,141,Argentina|Australia|Austria|Belgium|Brazil|Canada|Czechia|Denmark|Finland|France|Germany|Greece|Hungary|Israel|Italy|Japan|Netherlands|Norway|Poland|Portugal|Romania|Saudi Arabia|Singapore|South Korea|Spain|Sweden|Switzerland|Taiwan|Turkey (Türkiye)|United Kingdom|United States,True,2026-09-07
NCT06653023,SUSPENDED,2024-10-23,EARLY_PHASE1,Wondercel Biotech (ShenZhen),INDUSTRY,Universal CAR-T cells injection for treating HCC and NSCLC|MMF Immunosuppression,REVO-UWD-03|,1,China,False,2026-09-07
NCT06645197,NOT_YET_RECRUITING,2024-10-16,EARLY_PHASE1,Peking University Third Hospital,OTHER,SNUG01,,5,China,False,2026-09-07
NCT06653010,SUSPENDED,2024-10-23,EARLY_PHASE1,Wondercel Biotech (ShenZhen),INDUSTRY,Universal CAR-T cells injection for treating mCRC,Allogeneic CAR-T cells (REVO-UWD-01),2,China,False,2026-09-07
NCT06652633,RECRUITING,2024-09-09,PHASE3,Lakefront Biotherapeutics NV,INDUSTRY,GLPG CAR T-cell therapy,,11,Belgium|Finland|Netherlands|Spain|United States,True,2026-09-07
NCT06561425,TERMINATED,2022-03-09,PHASE1|PHASE2,Lakefront Biotherapeutics NV,INDUSTRY,GLPG5101,19CP02,11,Belgium|Finland|Netherlands|United States,True,2026-09-07
NCT06556108,COMPLETED,2018-01-01,PHASE1|PHASE2,Xinqiao Hospital of Chongqing,OTHER,ALPP CAR-T cells|Fludarabine|Cyclophosphamide,||,1,China,False,2026-09-07
NCT06550141,RECRUITING,2024-09-18,PHASE2,"Marcela V. Maus, M.D.,Ph.D.",OTHER,Emapalumab|Cyclophosphamide|Fludarabine Phosphate|Axicabtagene Ciloleucel,Human anti-interferon gamma (IFNγ) monoclonal antibody;Gamifant|||,2,United States,True,2026-09-07
NCT06552572,ACTIVE_NOT_RECRUITING,2024-11-26,PHASE2,Samsung Medical Center,OTHER,Glofitamab,Columvi® (Roche),1,South Korea,False,2026-09-07
NCT06585345,RECRUITING,2024-02-18,PHASE1|PHASE2,The General Hospital of Western Theater Command,OTHER,CD7 CAR-T cell,,1,China,False,2026-09-07
NCT06653556,RECRUITING,2025-01-08,EARLY_PHASE1,"Union Hospital, Tongji Medical College, Huazhong University of Science and Technology",OTHER,LCAR-AIO T cells,,1,China,False,2026-09-07
NCT06643221,RECRUITING,2018-01-24,EARLY_PHASE1,University of Arizona,OTHER,"Exercise|Isoproterenol|Placebo|Bisoprolol Fumarate Tablet 10 mg|Nadolol (1 x 80 mg) Tablets (Invamed, Inc)|Carvedilol 50 mg|Roflumilast 500 Mcg Oral Tablet",||||||,1,United States,True,2026-09-07
NCT06532630,UNKNOWN,2023-08-24,EARLY_PHASE1,"Shanghai First Song Biotechnology Co., LTD",INDUSTRY,Anti-CD19-CAR-T cells|Fludarabine|Cyclophosphamide,||,1,China,False,2026-09-07
NCT06614686,RECRUITING,2024-09-20,PHASE1,"Shanghai Unicar-Therapy Bio-medicine Technology Co.,Ltd",INDUSTRY,U87 autologous CAR T-cell,,1,China,False,2026-09-07
NCT06572189,WITHDRAWN,2024-08-28,EARLY_PHASE1,Shanghai Changzheng Hospital,OTHER,"Injection of CD-801, a lipid nanoparticle-encapsulated self-replicating RNA encoding hepatocyte nuclear factor 4α (HNF4α)",,1,China,False,2026-09-07
NCT06575374,RECRUITING,2024-12-12,PHASE2,M.D. Anderson Cancer Center,OTHER,Letermovir,,1,United States,True,2026-09-07
NCT06519344,NOT_YET_RECRUITING,2024-07-31,EARLY_PHASE1,"Shanghai Tongji Hospital, Tongji University School of Medicine",OTHER,anti-CD20/CD30-CAR-T Cells,,0,,False,2026-09-07
NCT06644443,RECRUITING,2023-07-15,PHASE1|PHASE2,Shenzhen University General Hospital,OTHER,BCMA-GPRC5D CAR-T cells,,1,China,False,2026-09-07
NCT06642025,RECRUITING,2024-09-01,EARLY_PHASE1,Zhimin Zhai,OTHER,CAR-T Cell Injection,,1,China,False,2026-09-07
NCT06640582,RECRUITING,2024-10-20,PHASE1|PHASE2,Essen Biotech,OTHER,Tumor Infiltrating Lymphocytes (TIL)|Cyclophosphamide|Fludarabine|Interleukin-2|Pembrolizumab,||||,1,China,False,2026-09-07
NCT06553898,RECRUITING,2024-08-13,PHASE1,The Children's Hospital of Zhejiang University School of Medicine,OTHER,anti-BCMA/CD70 CAR-T cells,,1,China,False,2026-09-07
NCT06594094,ACTIVE_NOT_RECRUITING,2024-11-06,EARLY_PHASE1,"HuidaGene Therapeutics Co., Ltd.",INDUSTRY,HG302,,1,China,False,2026-09-07
NCT06641024,NOT_YET_RECRUITING,2024-11-01,PHASE1,"Chongqing Precision Biotech Co., Ltd",INDUSTRY,MC-1-50,,1,China,False,2026-09-07
NCT06539338,ACTIVE_NOT_RECRUITING,2024-09-20,PHASE1,"Kite, A Gilead Company",INDUSTRY,INT2104,,3,Australia|Spain,True,2026-09-07
NCT06572956,UNKNOWN,2024-03-21,EARLY_PHASE1,The Second Hospital of Shandong University,OTHER,CAR-T/CAR-NK cell injection,,1,China,False,2026-09-07
NCT06590246,RECRUITING,2024-09-30,PHASE1|PHASE2,Shanghai AbelZeta Ltd.,INDUSTRY,Armored and GPC3-targeted autologous CAR T-cell,C-CAR031,2,China,False,2026-09-07
NCT06646289,ACTIVE_NOT_RECRUITING,2024-10-10,PHASE2,"Janssen Research & Development, LLC",INDUSTRY,AAV5-hRKp.RPGR|No intervention (Follow-Up assessment),"JNJ-74765340, botaretigene sparoparvovec|",3,United Kingdom|United States,True,2026-09-07
NCT06522932,RECRUITING,2024-10-23,PHASE1,Michael Randall,OTHER,64Cu-GRIP B|Positron Emission Tomography (PET)|Optional tumor biopsy,"granzyme B, 64-copper granzyme targeting restricted interaction peptide specific to family member B|PET Scan|Biopsy",1,United States,True,2026-09-07
NCT06610344,RECRUITING,2025-01-07,NA,Abramson Cancer Center at Penn Medicine,OTHER,"R-1,3-Butanediol",Ketone,1,United States,True,2026-09-07
NCT06616727,ENROLLING_BY_INVITATION,2023-12-26,PHASE1,"Shanghai Simnova Biotechnology Co.,Ltd.",INDUSTRY,SNC109,,1,China,False,2026-09-07
NCT06611436,TERMINATED,2024-12-04,PHASE1|PHASE2,Be Biopharma,INDUSTRY,BE-101|BE-101|BE-101|BE-101,|||,5,United States,True,2026-09-07
NCT06623396,RECRUITING,2024-09-30,PHASE1,Memorial Sloan Kettering Cancer Center,OTHER,M28z1XXPD1DNR CAR,,7,United States,True,2026-09-07
NCT06572631,WITHDRAWN,2025-06-07,PHASE1,City of Hope Medical Center,OTHER,Allogeneic CD8+ Leukemia-associated Antigens Specific T Cells NEXI-001|Biospecimen Collection|Bone Marrow Aspiration|Bone Marrow Biopsy|Computed Tomography|Cyclophosphamide|Decitabine|Echocardiography|Fludarabine|Leukapheresis|Magnetic Resonance Imaging|Positron Emission Tomography,"NEXI 001;NEXI-001;NEXI001|Biological Sample Collection;Biospecimen Collected;Specimen Collection||Biopsy of Bone Marrow;Biopsy, Bone Marrow|CAT;CAT Scan;Computed Axial Tomography;Computerized Axial Tomography;Computerized axial tomography (procedure);Computerized Tomography;Computerized Tomography (CT) scan;CT;CT Scan;tomography|(-)-Cyclophosphamide;2H-1,3,2-Oxazaphosphorine, 2-[bis(2-chloroethyl)amino]tetrahydro-, 2-oxide, monohydrate;Asta B 518;B 518;B-518;B518;Carloxan;Ciclofosfamida;Ciclofosfamide;Cicloxal;Clafen;Claphene;CP monohydrate;CTX;CYCLO-cell;Cycloblastin;Cycloblastine;Cyclophospham;Cyclophosphamid monohydrate;Cyclophosphamide Monohydrate;Cyclophosphamidum;Cyclophosphan;Cyclophosphane;Cyclophosphanum;Cyclostin;Cyclostine;Cytophosphan;Cytophosphane;Cytoxan;Fosfaseron;Genoxal;Genuxal;Ledoxina;Mitoxan;Neosar;Revimmune;Syklofosfamid;WR 138719;WR- 138719;WR-138719;WR138719|5-Aza-2'-deoxycytidine;Dacogen;Decitabine for Injection;Deoxyazacytidine;Dezocitidine|EC|Fluradosa|Leukocytopheresis;Therapeutic Leukopheresis|Magnetic Resonance;Magnetic Resonance Imaging (MRI);Magnetic resonance imaging (procedure);Magnetic Resonance Imaging Scan;Medical Imaging, Magnetic Resonance / Nuclear Magnetic Resonance;MR;MR Imaging;MRI;MRI Scan;MRIs;NMR Imaging;NMRI;Nuclear Magnetic Resonance Imaging;sMRI;Structural MRI|Medical Imaging, Positron Emission Tomography;PET;PET Scan;Positron emission tomography (procedure);Positron Emission Tomography Scan;Positron-Emission Tomography;proton magnetic resonance spectroscopic imaging;PT",0,,False,2026-09-07
NCT06538012,RECRUITING,2024-08-20,PHASE1|PHASE2,Essen Biotech,OTHER,Tumor Infiltrating Lymphocytes (TIL)|Cyclophosphamide|Fludarabine|Interleukin-2|Pembrolizumab,||||,1,China,False,2026-09-07
NCT06528301,RECRUITING,2025-03-10,PHASE1,Umoja Biopharma,INDUSTRY,UB-VV111|rapamycin,"|Rapamune, sirolimus",8,Australia|United States,True,2026-09-07
NCT06549296,SUSPENDED,2024-09-13,EARLY_PHASE1,"Nanjing Bioheng Biotech Co., Ltd.",INDUSTRY,RD06-04 CART Cell Injection,,1,China,False,2026-09-07
NCT06519552,RECRUITING,2024-07-22,PHASE1,West China Hospital,OTHER,JWK008 Single intravenous infusion administration,,1,China,False,2026-09-07
NCT06560827,RECRUITING,2023-10-08,PHASE1,"CARsgen Therapeutics Co., Ltd.",INDUSTRY,CT011 CAR-GPC3 T Cells Injection,,15,China,False,2026-09-07
NCT06585514,RECRUITING,2024-10-17,PHASE1|PHASE2,Beijing GoBroad Hospital,OTHER,CD19 CAR-T cells,,1,China,False,2026-09-07
NCT06548607,RECRUITING,2024-09-14,EARLY_PHASE1,"Nanjing Bioheng Biotech Co., Ltd.",INDUSTRY,CD19 or CD19-BCMA CAR-T,,1,China,False,2026-09-07
NCT06612645,RECRUITING,2025-04-01,PHASE1,Chulalongkorn University,OTHER,B7H3-IL7Ra CAR-T cells,,1,Thailand,False,2026-09-07
NCT06559176,ENROLLING_BY_INVITATION,2024-10-17,PHASE1|PHASE2,"Prime Medicine, Inc.",INDUSTRY,PM359,,5,Canada|United Kingdom|United States,True,2026-09-07
NCT06586658,SUSPENDED,2024-09-06,EARLY_PHASE1,Shanghai Changzheng Hospital,OTHER,anti-CD70-CAR-T cells,,1,China,False,2026-09-07
NCT06623630,RECRUITING,2024-12-04,PHASE1,Washington University School of Medicine,OTHER,Cyclophosphamide|Ciltacabtagene Autoleucel|Total body irradiation,|Carvykti;cilta-cel|TBI,1,United States,True,2026-09-07
NCT06519565,RECRUITING,2024-08-20,EARLY_PHASE1,"Union Hospital, Tongji Medical College, Huazhong University of Science and Technology",OTHER,PRG-1801,BCMA-targeting CAR-T Cells,2,China,False,2026-09-07
NCT06575712,RECRUITING,2025-04-21,NA,Duke University,OTHER,Step Up|Usual Care Plus (UC+),|,1,United States,True,2026-09-07
NCT06574126,RECRUITING,2024-09-30,PHASE2,PETHEMA Foundation,OTHER,Group 1: Dara-VRD followed by apheresis and cilta-cel infusion|Group 2: Apheresis followed by Dara-VRD and cilta-cel infusion,|,1,Spain,True,2026-09-07
NCT06630104,RECRUITING,2024-11-22,NA,Mayo Clinic,OTHER,Biospecimen Collection|Bone Marrow Aspiration|Electronic Health Record Review|Follow-Up|Genetic Counseling|Genetic Testing,Biological Sample Collection;Biospecimen Collected;Specimen Collection|||Active Follow-up;Clinical Signs Follow-up;CLSFUP;Follow Up;follow_up;Followed;Followup||Genetic Analysis;Genetic Examination;Genetic Test,7,United States,True,2026-09-07
NCT06588491,COMPLETED,2024-09-25,PHASE2,Kyverna Therapeutics,INDUSTRY,Standard lymphodepletion regimen,Cyclophosphamide;Fludarabine,3,United States,True,2026-09-07
NCT06789081,ACTIVE_NOT_RECRUITING,2024-02-01,EARLY_PHASE1,AHS Cancer Control Alberta,OTHER,GCAR1,,1,Canada,False,2026-09-07
NCT06688799,RECRUITING,2024-11-23,PHASE1|PHASE2,Beijing GoBroad Hospital,OTHER,CD19 CAR-T cells,,1,China,False,2026-09-07
NCT06703216,WITHDRAWN,2026-10,PHASE1|PHASE2,Kevin McNerney,OTHER,Anakinra (Kineret®),,1,United States,True,2026-09-07
NCT06730256,RECRUITING,2025-07-23,EARLY_PHASE1,The First Affiliated Hospital of Soochow University,OTHER,CAR-T cells Infusion chimeric antigen receptor T cells,,1,China,False,2026-09-07
NCT06743646,ACTIVE_NOT_RECRUITING,2024-12-27,PHASE3,"Chigenovo Co., Ltd",NETWORK,ZVS101e,AAV8-hCYP4V2;AAV2/8-hCYP4V2;Puliretgene parvec,8,China,False,2026-09-07
NCT06710717,RECRUITING,2025-01-03,PHASE1,National University of Malaysia,OTHER,CD19 CAR-T cells,,1,Malaysia,False,2026-09-07
NCT06661811,NOT_YET_RECRUITING,2024-11-15,NA,Beijing Boren Hospital,OTHER,CAR-T,,1,China,False,2026-09-07
NCT06691308,NOT_YET_RECRUITING,2024-11-12,EARLY_PHASE1,"Beijing Immunochina Medical Science & Technology Co., Ltd.",INDUSTRY,WL276 CAR-T cells,,0,,False,2026-09-07
NCT06691152,RECRUITING,2024-10-30,PHASE1,The Children's Hospital of Zhejiang University School of Medicine,OTHER,CD19 Universal CAR-T cells,,1,China,False,2026-09-07
NCT06680752,RECRUITING,2025-05-20,PHASE1|PHASE2,"ARCE Therapeutics, Inc.",INDUSTRY,ARD103|Cyclophosphamide|Fludarabine,||,3,United States,True,2026-09-07
NCT06772402,ENROLLING_BY_INVITATION,2025-01-15,NA,Genecombio Ltd.,OTHER,GCB-001,,1,China,False,2026-09-07
NCT06665295,RECRUITING,2024-10-17,NA,"Patrick C. Johnson, MD",OTHER,THRIVE-CAR-T,,1,United States,True,2026-09-07
NCT06690359,NOT_YET_RECRUITING,2024-12-13,EARLY_PHASE1,"Beijing Immunochina Medical Science & Technology Co., Ltd.",INDUSTRY,IM19 chimeric antigen receptor T cell injection,,0,,False,2026-09-07
NCT06720324,RECRUITING,2024-12-31,PHASE1|PHASE2,"Union Hospital, Tongji Medical College, Huazhong University of Science and Technology",OTHER,Fludarabine + Cyclophosphamide + CD7-specific CAR-T Cells,,1,China,False,2026-09-07
NCT06705725,NOT_YET_RECRUITING,2024-12-26,PHASE1,Carbiogene Therapeutics Co. Ltd.,INDUSTRY,CBG002 CAR-T Cell Suspension,,0,,False,2026-09-07
NCT06718738,RECRUITING,2024-12-15,PHASE1,"Beijing Immunochina Medical Science & Technology Co., Ltd.",INDUSTRY,IM96 CAR-T Cells,,1,China,False,2026-09-07
NCT06672237,RECRUITING,2024-11-22,PHASE3,Intellia Therapeutics,INDUSTRY,nexiguran ziclumeran|Normal Saline as Placebo,NTLA-2001|,14,Argentina|Brazil|Mexico|Singapore|Taiwan|Thailand,False,2026-09-07
NCT06684639,RECRUITING,2024-12-01,EARLY_PHASE1,The General Hospital of Western Theater Command,OTHER,GD2-CAR-T cell,,1,China,False,2026-09-07
NCT06785519,RECRUITING,2025-01-31,EARLY_PHASE1,He Huang,OTHER,CD19/BCMA Lupus Nephritis Targeted CAR T-cells injection,,1,China,False,2026-09-07
NCT06681337,NOT_YET_RECRUITING,2024-11-25,EARLY_PHASE1,Bioray Laboratories,INDUSTRY,BCMA CART + CD19 CART,,0,,False,2026-09-07
NCT06686654,ACTIVE_NOT_RECRUITING,2024-11-11,PHASE1|PHASE2,"Sanofi Pasteur, a Sanofi Company",INDUSTRY,Investigational hMPV/RSV vaccine|Investigational hMPV vaccine (monovalent)|Investigational RSV vaccine (monovalent)|Licensed RSV Vaccine|Placebo|Investigational RSV+hMPV vaccine,|||||,24,United States,True,2026-09-07
NCT06694298,NOT_YET_RECRUITING,2024-12-26,PHASE1,"CSPC ZhongQi Pharmaceutical Technology Co., Ltd.",INDUSTRY,SYS6020,BCMA Chimeric Antigen Receptor T Cell（SYS6020）Injection,0,,False,2026-09-07
NCT06704269,ACTIVE_NOT_RECRUITING,2025-04-22,PHASE1|PHASE2,Novartis Pharmaceuticals,INDUSTRY,YTB323,,11,France|Japan|United Kingdom|United States,True,2026-09-07
NCT06735690,RECRUITING,2025-12-30,EARLY_PHASE1,City of Hope Medical Center,OTHER,Allogeneic Hematopoietic Stem Cell Transplantation|Anti-CD19-CAR CMV-specific T-lymphocytes|Biospecimen Collection|Bone Marrow Aspiration|Bone Marrow Biopsy|Computed Tomography|Echocardiography|Leukapheresis|Lumbar Puncture|Magnetic Resonance Imaging|Multi-peptide CMV-Modified Vaccinia Ankara Vaccine|Multigated Acquisition Scan|Positron Emission Tomography|Transplant Conditioning|X-Ray Imaging,"Allogeneic;Allogeneic Hematopoietic Cell Transplantation;Allogeneic Stem Cell Transplantation;HSC;HSCT;Stem Cell Transplantation, Allogeneic|Anti-CD19-CAR CMV-specific T-cells;CMV-specific CD19 CAR-T Cells;CMV-specific CD19-CAR T Cells|Biological Sample Collection;Biospecimen Collected;Specimen Collection||Biopsy of Bone Marrow;Biopsy, Bone Marrow|CAT;CAT Scan;Computed Axial Tomography;Computerized Axial Tomography;Computerized axial tomography (procedure);Computerized Tomography;Computerized Tomography (CT) scan;CT;CT Scan;tomography|EC|Leukocyte Adsorptive Apheresis;Leukocytopheresis;Therapeutic Leukopheresis;White Blood Cell Reduction Apheresis|LP;Spinal Tap|Magnetic Resonance;Magnetic Resonance Imaging (MRI);Magnetic resonance imaging (procedure);Magnetic Resonance Imaging Scan;Medical Imaging, Magnetic Resonance / Nuclear Magnetic Resonance;MR;MR Imaging;MRI;MRI Scan;MRIs;NMR Imaging;NMRI;Nuclear Magnetic Resonance Imaging;sMRI;Structural MRI|CMV-MVA Triplex Vaccine;Multi-antigen CMV-Modified Vaccinia Ankara Vaccine|Blood Pool Scan;Equilibrium Radionuclide Angiography;Gated Blood Pool Imaging;Gated Heart Pool Scan;MUGA;MUGA Scan;Multi-Gated Acquisition Scan;Radionuclide Ventriculogram Scan;Radionuclide Ventriculography;RNV Scan;RNVG;SYMA Scanning;Synchronized Multigated Acquisition Scanning|Medical Imaging, Positron Emission Tomography;PET;PET Scan;Positron emission tomography (procedure);Positron Emission Tomography Scan;Positron-Emission Tomography;proton magnetic resonance spectroscopic imaging;PT|conditioning regimen|Conventional X-Ray;Diagnostic Radiology;Medical Imaging, X-Ray;Plain film radiographs;Radiographic Imaging;Radiographic imaging procedure (procedure);Radiography;RG;Static X-Ray;X-Ray",1,United States,True,2026-09-07
NCT06783816,RECRUITING,2023-12-01,NA,Shanxi Bethune Hospital,OTHER,chimeric antigen receptor gene modified T cells,,1,China,False,2026-09-07
NCT06762431,RECRUITING,2024-05-14,PHASE1|PHASE2,Vitebsk Regional Clinical Cancer Centre,OTHER,Lenalidomide|Lenalidomide|Obinutuzumab Injection [Gazyva],Revlimid|Revlimid|,1,Belarus,False,2026-09-07
NCT06735495,RECRUITING,2024-11-04,PHASE1|PHASE2,"Union Hospital, Tongji Medical College, Huazhong University of Science and Technology",OTHER,CD19&CD22 bispecific CAR-T cells,,1,China,False,2026-09-07
NCT06662227,SUSPENDED,2024-10-24,EARLY_PHASE1,Wondercel Biotech (ShenZhen),INDUSTRY,Single dose injection of certain dose of UWD-19|MMF Immunosuppression,|,1,China,False,2026-09-07
NCT06732492,RECRUITING,2024-10-31,PHASE1,"Union Hospital, Tongji Medical College, Huazhong University of Science and Technology",OTHER,RD13-02 cell infusion,universal CD7 CAR-T cells,1,China,False,2026-09-07
NCT06726564,RECRUITING,2024-05-15,PHASE1,"Suzhou Maximum Bio-tech Co., Ltd.",INDUSTRY,MT027 cells suspension,,1,China,False,2026-09-07
NCT06762119,NOT_YET_RECRUITING,2025-01-10,EARLY_PHASE1,Zhejiang University,OTHER,CAR-T cell,,1,China,False,2026-09-07
NCT06791681,RECRUITING,2025-01-27,EARLY_PHASE1,Chunrui Li,OTHER,ESO-T01,BCMA CAR-T,1,China,False,2026-09-07
NCT06762132,RECRUITING,2025-01-10,EARLY_PHASE1,Zhejiang University,OTHER,CD33 CAR T-cells,CD33 CAR T-cells injection,1,China,False,2026-09-07
NCT06713811,RECRUITING,2025-05-22,NA,"Private Hospital of Confluent, France",OTHER,Telemonitoring,,3,France,True,2026-09-07
NCT06769191,RECRUITING,2025-01-30,EARLY_PHASE1,Zhejiang University,OTHER,CD7 CAR-T cells injection|Allo-HSCT|Kidney Transplantation,||,1,China,False,2026-09-07
NCT06663046,SUSPENDED,2025-07-01,EARLY_PHASE1,Wondercel Biotech (ShenZhen),INDUSTRY,Single dose injection of certain dose of UWD-00B|MMF Immunosuppression,|,1,China,False,2026-09-07
NCT06689540,RECRUITING,2024-11-18,PHASE1,Shen Lin,OTHER,MTS105,,1,China,False,2026-09-07
NCT06686524,RECRUITING,2024-11-11,PHASE1,"Chongqing Precision Biotech Co., Ltd",INDUSTRY,Anti-CD19 UCAR-T cells,,1,China,False,2026-09-07
NCT06760260,RECRUITING,2022-01-26,EARLY_PHASE1,"Hrain Biotechnology Co., Ltd.",INDUSTRY,Human Derived anti-CI135 CAR-T Injection,FLT3 CAR-T,1,China,False,2026-09-07
NCT06752785,RECRUITING,2024-10-01,PHASE1,Guangzhou Women and Children's Medical Center,OTHER,CAR-T Therapy,,1,China,False,2026-09-07
NCT06784726,RECRUITING,2025-09-04,PHASE2,University of Washington,OTHER,Odronextamab|Biospecimen Collection|Bone Marrow Aspiration|Bone Marrow Biopsy|Chimeric Antigen Receptor T-Cell Therapy|Computed Tomography|Leukapheresis|Lumbar Puncture|Positron Emission Tomography|Questionnaire Administration|Biopsy Procedure,"REGN1979;Anti-CD20 x Anti-CD3 Bispecific Monoclonal Antibody REGN1979;WHO 11035|Biological Sample Collection;Biospecimen Collected;Specimen Collection||Biopsy of Bone Marrow;Biopsy, Bone Marrow|CAR T Infusion;CAR T Therapy;CAR T-cell Therapy;Chimeric Antigen Receptor T-cell Infusion|CAT;CAT Scan;Computed Axial Tomography;Computerized Axial Tomography;Computerized axial tomography (procedure);Computerized Tomography;Computerized Tomography (CT) scan;CT;CT Scan;tomography|Leukocyte Adsorptive Apheresis;Leukocytopheresis;Therapeutic Leukopheresis;White Blood Cell Reduction Apheresis|LP;Spinal Tap|Medical Imaging, Positron Emission Tomography;PET;PET Scan;Positron emission tomography (procedure);Positron Emission Tomography Scan;Positron-Emission Tomography;proton magnetic resonance spectroscopic imaging;PT||Bx",1,United States,True,2026-09-07
NCT06692712,RECRUITING,2026-04-01,PHASE3,Elpida Therapeutics SPC,INDUSTRY,MELPIDA,,2,Spain|United States,True,2026-09-07
NCT06665256,ACTIVE_NOT_RECRUITING,2024-12-17,PHASE2,Novartis Pharmaceuticals,INDUSTRY,Rapcabtagene autoleucel|Active Comparator Option,YTB323|,68,Australia|Brazil|France|Germany|Israel|Italy|Japan|Netherlands|Saudi Arabia|Singapore|Spain|Switzerland|Taiwan|United Kingdom|United States,True,2026-09-07
NCT06765876,RECRUITING,2024-10-23,EARLY_PHASE1,"Institute of Hematology and Blood Transfusion, Czech Republic",OTHER,Autologous CAR123 T lymphocytes,CART123;CAR123 T Cells;Autologous T-cell Therapy,1,Czechia,True,2026-09-07
NCT06698484,RECRUITING,2021-06-03,PHASE2,National University of Malaysia,OTHER,CAR-T cells,,1,Malaysia,False,2026-09-07
NCT06708845,RECRUITING,2026-07,PHASE1,Miltenyi Biomedicine GmbH,INDUSTRY,zamtocabtagene autoleucel|Cyclophosphamide|Fludarabine,||,1,United States,True,2026-09-07
NCT06788964,RECRUITING,2025-08-25,PHASE2,University of Utah,OTHER,Loncastuximab Tesirine|Rituximab,ZYNLONTA|RITUXAN,1,United States,True,2026-09-07
NCT06758713,RECRUITING,2025-01-15,PHASE1,The Third Affiliated Hospital of Southern Medical University,OTHER_GOV,CAR-T,,1,China,False,2026-09-07
NCT06682793,RECRUITING,2025-05-22,PHASE1|PHASE2,A2 Biotherapeutics Inc.,INDUSTRY,A2B395|xT CDx with HLA-LOH assay,Tmod CAR T-cell Therapy|,10,United States,True,2026-09-07
NCT06727383,UNKNOWN,2022-12-21,NA,European Institute of Oncology,OTHER,peripheral blood collection|leukapheresis,|,1,Italy,True,2026-09-07
NCT06689917,RECRUITING,2025-01-20,NA,Tongji Hospital,OTHER,JY231 Injection,,1,China,False,2026-09-07
NCT06736080,NOT_YET_RECRUITING,2026-05,PHASE1|PHASE2,Assistance Publique - Hôpitaux de Paris,OTHER,MUNC-CD34|MUNC-T3,|,1,France,True,2026-09-07
NCT06695013,RECRUITING,2024-11-20,PHASE2,Ruijin Hospital,OTHER,zanubrutinib|CAR-T|Bridging radiotherapy|Tislelizumab,|||,1,China,False,2026-09-07
NCT06743503,RECRUITING,2025-04-11,PHASE1,"Nanjing IASO Biotechnology Co., Ltd.",INDUSTRY,UB-VV400|Rapamycin,|,2,China,False,2026-09-07
NCT06709469,RECRUITING,2025-07-08,PHASE1,Instituto de Investigación Hospital Universitario La Paz,OTHER,Autologous CD19/CD22 CAR T cells|Allogeneic CART-NKG2D cells,|,1,Spain,True,2026-09-07
NCT06685042,RECRUITING,2024-11-29,PHASE1|PHASE2,Fondazione Policlinico Universitario Agostino Gemelli IRCCS,OTHER,CAR T cell,,1,Italy,True,2026-09-07
NCT06742593,NOT_YET_RECRUITING,2025-01-01,PHASE1,"Suzhou Maximum Bio-tech Co., Ltd.",INDUSTRY,MT027 cells suspension,,1,China,False,2026-09-07
NCT06716164,RECRUITING,2024-12-01,EARLY_PHASE1,Zhejiang University,OTHER,Metabolically Armed CD19 CAR-T cells,Meta10-19,1,China,False,2026-09-07
NCT06717022,RECRUITING,2024-05-06,NA,Tianjin Medical University Cancer Institute and Hospital,OTHER,CHT102 allogeneic CAR T cells,,1,China,False,2026-09-07
NCT06705530,COMPLETED,2024-11-26,PHASE1|PHASE2,"National Research Center for Hematology, Russia",NETWORK,Hem101,Hemagenleukleucel,1,Russia,False,2026-09-07
NCT06739226,NOT_YET_RECRUITING,2027-06-30,PHASE1|PHASE2,Shenzhen Geno-Immune Medical Institute,OTHER,"Antigen-specific CAR T, CTL and DCvac to treat melanoma.",,1,China,False,2026-09-07
NCT06787560,RECRUITING,2025-01-31,EARLY_PHASE1,Zhejiang University,OTHER,CD7 CAR-T cells injection|Allo-HSCT,|,1,China,False,2026-09-07
NCT06759948,NOT_YET_RECRUITING,2025-02-15,PHASE1,Chongbo Zhao,OTHER,GC012F injection,,1,China,False,2026-09-07
NCT06757881,ACTIVE_NOT_RECRUITING,2025-01-01,PHASE1,Shanghai Zhongshan Hospital,OTHER,Gene modified anti-IL1RAP Chimeric Antigen Receptor T Cells :1.0×10^8(First dose group)|Gene modified anti-IL1RAP Chimeric Antigen Receptor T Cells :2.5×10^8(Second dose group)|Gene modified anti-IL1RAP Chimeric Antigen Receptor T Cells :5.0×10^8（Third dose group）,||,1,China,False,2026-09-07
NCT06777264,NOT_YET_RECRUITING,2025-01-15,PHASE2,First Affiliated Hospital of Zhejiang University,OTHER,Biological: single dose of Inaticabtagene autoleucel,Inati-cel;CNCT-19,0,,False,2026-09-07
NCT06786533,RECRUITING,2025-01-23,PHASE1,Hemogenyx Pharmaceuticals LLC,INDUSTRY,Anti-FLT3 CAR-T cells,HG-CT-1,1,United States,True,2026-09-07
NCT06678282,RECRUITING,2023-09-07,NA,"Shenzhen Genocury Biotech Co., Ltd.",INDUSTRY,JY231 Injection,,1,China,False,2026-09-07
NCT06691685,SUSPENDED,2024-11-18,EARLY_PHASE1,"Union Hospital, Tongji Medical College, Huazhong University of Science and Technology",OTHER,ESO-T01 Injection,,1,China,False,2026-09-07
NCT06688435,RECRUITING,2025-03-04,PHASE1,"CSPC ZhongQi Pharmaceutical Technology Co., Ltd.",INDUSTRY,SYS6020 injection|SYS6020 injection|SYS6020 injection,||,1,China,False,2026-09-07
NCT06734871,RECRUITING,2024-12-30,PHASE1,Aibin Liang，MD，Ph.D.,OTHER,CAR T cells,,1,China,False,2026-09-07
NCT06752876,WITHDRAWN,2027-12,PHASE1,"Caribou Biosciences, Inc.",INDUSTRY,CB-010,,0,,False,2026-09-07
NCT06698744,WITHDRAWN,2025-09,PHASE1,David Wald,OTHER,UF-KURE-BCMA CAR T-cells|Cyclophosphamide|Fludarabine,UF-KURE-BCMA cells||,1,United States,True,2026-09-07
NCT06711146,RECRUITING,2024-12-24,EARLY_PHASE1,Zhejiang University,OTHER,Metabolically Armed CD19 CAR-T cells,Meta10-19,1,China,False,2026-09-07
NCT06759181,RECRUITING,2024-12-31,PHASE1|PHASE2,Xuzhou Medical University,OTHER,anti-BCMA/FcRL5 CAR T,,1,China,False,2026-09-07
NCT06792344,RECRUITING,2024-12-15,PHASE1,The Children's Hospital of Zhejiang University School of Medicine,OTHER,anti-CD19 CAR-T cells|anti-CD19 CAR-T cells,|,2,China|Christmas Island,False,2026-09-07
NCT06718270,RECRUITING,2024-12-11,EARLY_PHASE1,Shanghai Changzheng Hospital,OTHER,CAR-T cells Infusion,,1,China,False,2026-09-07
NCT06783270,RECRUITING,2024-12-16,PHASE1,Inge Marie Svane,OTHER,TIL therapy,,1,Denmark,True,2026-09-07
NCT06768905,RECRUITING,2025-04-25,PHASE1|PHASE2,University of Texas Southwestern Medical Center,OTHER,Iomab-B|CAR-T cell,Iomab-ACT;131I-Apamistamab|CAR-T cell therapy,1,United States,True,2026-09-07
NCT06703892,RECRUITING,2025-06-09,PHASE1,"GenomeFrontier Therapeutics TW Co., Ltd.",INDUSTRY,GF-CART01|GF-CART01|GF-CART01,||,1,Taiwan,False,2026-09-07
NCT06768151,RECRUITING,2024-12-12,PHASE1,"Chongqing Precision Biotech Co., Ltd",INDUSTRY,Targeted CEA CAR-T|Targeted CEA CAR-T,|,1,China,False,2026-09-07
NCT06718244,RECRUITING,2024-12-10,PHASE2,Ruijin Hospital,OTHER,single dose of Inaticabtagene autoleucel,Inati-cel;CNCT-19,1,China,False,2026-09-07
NCT06786299,NOT_YET_RECRUITING,2025-02-10,EARLY_PHASE1,First Affiliated Hospital of Zhejiang University,OTHER,RD-IIT-001|CD84-CART,|,1,China,False,2026-09-07
NCT06709131,SUSPENDED,2025-01-08,PHASE1,He Huang,OTHER,CAR-T cells（ chimeric antigen receptor T cells）,,1,China,False,2026-09-07
NCT06706102,RECRUITING,2025-07-02,PHASE4,Centre Hospitalier Universitaire de Saint Etienne,OTHER,Biological tests|MRI|Neuropsychological tests,||,1,France,True,2026-09-07
NCT06775912,RECRUITING,2025-01-03,EARLY_PHASE1,"Nanjing Bioheng Biotech Co., Ltd.",INDUSTRY,RD06-05 CART Cell Injection,,1,China,False,2026-09-07
NCT06680388,RECRUITING,2024-11-15,EARLY_PHASE1,"Institute of Hematology & Blood Diseases Hospital, China",OTHER,Drug：CD19 CAR-T,,1,China,False,2026-09-07
NCT06764537,NOT_YET_RECRUITING,2025-01,NA,"Central Hospital, Nancy, France",OTHER,Blood collection,,1,France,True,2026-09-07
NCT06777979,RECRUITING,2025-04-28,PHASE1,St. Jude Children's Research Hospital,OTHER,Fludarabine|Cyclophosphamide|Mesna|CD19-CD22 CAR T cell infusion,|||,1,United States,True,2026-09-07
NCT06733610,RECRUITING,2024-12-05,PHASE1,"Institute of Hematology & Blood Diseases Hospital, China",OTHER,universal allogeneic anti-CD19/BCMA CAR T-cells,,1,China,False,2026-09-07
NCT06760364,RECRUITING,2024-12-25,PHASE1,Tianjin Medical University Cancer Institute and Hospital,OTHER,CHT102,,1,China,False,2026-09-07
NCT06676982,RECRUITING,2025-01-10,PHASE1,Zhejiang University,OTHER,anti-CD19 CAR-T,,2,China,False,2026-09-07
NCT06782425,RECRUITING,2025-01,PHASE1,"Shenzhen Celconta Life Science Co., Ltd.",INDUSTRY,XKDCT225,,1,China,False,2026-09-07
NCT06730659,RECRUITING,2024-04-19,PHASE1,Tianjin Medical University Cancer Institute and Hospital,OTHER,CHT101,,1,China,False,2026-09-07
NCT06767956,WITHDRAWN,2025-06-30,PHASE1|PHASE2,University of Pittsburgh,OTHER,GOLCADOMIDE|Nivolumab,Golcadomide (GOLCA; CC-99282)|,0,,False,2026-09-07
NCT06724835,UNKNOWN,2024-03-11,PHASE1,"Shenzhen Celconta Life Science Co., Ltd.",INDUSTRY,XKDCT293|CAR-T cell,|,1,China,False,2026-09-07
NCT06787989,RECRUITING,2024-08-31,PHASE1,iCell Gene Therapeutics,INDUSTRY,BCMA-CD19 cCAR T cells,,1,China,False,2026-09-07
NCT06756321,RECRUITING,2023-09-18,EARLY_PHASE1,Affiliated Hospital of Nantong University,OTHER,"anti-CD19-CAR T-cells, or anti-CD30-CAR T-cells, or anti-CD20/CD30-CAR T-cells|Fludarabine|Cyclophosphamide",||,1,China,False,2026-09-07
NCT06675864,ACTIVE_NOT_RECRUITING,2024-12-12,PHASE1|PHASE2,Novartis Pharmaceuticals,INDUSTRY,rapcabtagene autoleucel (YTB323),,18,Australia|Canada|France|Germany|Italy|Spain|Switzerland,True,2026-09-07
NCT06732232,RECRUITING,2024-12-12,EARLY_PHASE1,"Shanghai Cell Therapy Group Co.,Ltd",INDUSTRY,CD19/CD20/BCMA CAR-T,,1,China,False,2026-09-07
NCT06675513,SUSPENDED,2025-05-18,EARLY_PHASE1,Wondercel Biotech (ShenZhen),INDUSTRY,An armored GCC targeting WD-01 CAR-T to treat cancer patients Other Name:,,1,China,False,2026-09-07
NCT06802406,RECRUITING,2025-05-01,NA,University of Kansas Medical Center,OTHER,Food Bags,NOURISH,4,United States,True,2026-09-07
NCT06866873,RECRUITING,2024-05-01,NA,Hong Kong Children's Hospital,OTHER,CAR-T,,1,Hong Kong,False,2026-09-07
NCT06913192,NOT_YET_RECRUITING,2025-04-01,PHASE1,Xuzhou Medical University,OTHER,CAR-T,,0,,False,2026-09-07
NCT06902896,RECRUITING,2025-04-22,PHASE1|PHASE2,"Second Affiliated Hospital, Zhejiang University, School of Medicine",OTHER,FAP immunosuppressive CAR-DC,,1,China,False,2026-09-07
NCT06827886,COMPLETED,2023-09-06,EARLY_PHASE1,AHS Cancer Control Alberta,OTHER,GCAR1,,1,Canada,False,2026-09-07
NCT06830031,RECRUITING,2025-03-19,PHASE1,Shanghai Exuma Biotechnology Ltd.,INDUSTRY,C402-CD19-CAR,,1,China,False,2026-09-07
NCT06886919,NOT_YET_RECRUITING,2025-03-31,EARLY_PHASE1,"Beijing Immunochina Medical Science & Technology Co., Ltd.",INDUSTRY,Engineering of chimeric antigen receptors targeting CD19 in allogeneic T cells,IC19 CAR-T cells,0,,False,2026-09-07
NCT06892145,RECRUITING,2025-06-12,PHASE1,"Chongqing Precision Biotech Co., Ltd",INDUSTRY,MC-1-50,,2,China,False,2026-09-07
NCT06874946,RECRUITING,2025-02-14,PHASE1|PHASE2,Peking University People's Hospital,OTHER,CD5-targeted CAR-T cells,,1,China,False,2026-09-07
NCT06839235,RECRUITING,2025-06-16,PHASE1|PHASE2,Arbor Biotechnologies,INDUSTRY,ABO-101,,7,France|Germany|Tunisia|United Kingdom|United States,True,2026-09-07
NCT06918912,RECRUITING,2023-06-16,PHASE2,Istituto Clinico Humanitas,OTHER,Loncastuximab Tesirine (Anti-CD19 Antibody-Drug Conjugate),,7,Italy,True,2026-09-07
NCT06793449,RECRUITING,2025-02-05,PHASE2,"Institute of Hematology & Blood Diseases Hospital, China",OTHER,anti-BCMA CAR-T|ASCT,|,1,China,False,2026-09-07
NCT06926985,WITHDRAWN,2025-07-30,EARLY_PHASE1,Jieyang People's Hospital,OTHER,anti-CD19/BCMA CAR NK cells,,1,China,False,2026-09-07
NCT06849921,ACTIVE_NOT_RECRUITING,2024-11-07,NA,Ruijin Hospital,OTHER,Cellular Therapy,,1,China,False,2026-09-07
NCT06898905,RECRUITING,2025-10-30,NA,Yale University,OTHER,Bridging Radiation Therapy,,1,United States,True,2026-09-07
NCT06913179,NOT_YET_RECRUITING,2025-04-01,PHASE1,Xuzhou Medical University,OTHER,All enrolled patients will first receive CAR-T cell therapy. Patients who achieve complete remission following CAR-T infusion will subsequently undergo allo-HSCT,,0,,False,2026-09-07
NCT06880354,RECRUITING,2025-05-22,PHASE1,"Institute of Hematology & Blood Diseases Hospital, China",OTHER,CLL1 and CD38 Dual-Target CAR-T Cell Injection,,1,China,False,2026-09-07
NCT06793475,RECRUITING,2025-04-09,NA,"Institute of Hematology & Blood Diseases Hospital, China",OTHER,anti-BCMA/GPRC5D bispecific CAR-T|Apornemin|Carfilzomib|Thalidomide|Dexamethasone,||||,2,China,False,2026-09-07
NCT06880393,RECRUITING,2025-03-18,PHASE2,"Institute of Hematology & Blood Diseases Hospital, China",OTHER,anti-BCMA-CAR-T,,1,China,False,2026-09-07
NCT06851767,ENROLLING_BY_INVITATION,2025-05-09,PHASE1|PHASE2,National Institute of Allergy and Infectious Diseases (NIAID),NIH,Plerixafor|Filgrastim|Palifermin|Busulfan|Base-edited hematopoietic stem and progenitor cells,||||,1,United States,True,2026-09-07
NCT06815432,RECRUITING,2025-10-10,PHASE1,Baylor College of Medicine,OTHER,15.GPC3-CAR T cells,,1,United States,True,2026-09-07
NCT06879340,RECRUITING,2025-03-31,PHASE1,University of Kansas Medical Center,OTHER,DuoCAR20.19.22-D95|Fludarabine (Conditional therapy)|Cyclophosphamide (Conditional therapy),||,1,United States,True,2026-09-07
NCT06854159,RECRUITING,2025-08-07,PHASE2,"University of California, Davis",OTHER,Chimeric Antigen Receptor T-Cell Therapy|Odronextamab,CAR T Infusion;CAR T Therapy;CAR T-cell Therapy;Chimeric Antigen Receptor T-cell Infusion|Anti-CD20 x Anti-CD3 Bispecific Monoclonal Antibody REGN1979;REGN1979;WHO 11035,1,United States,True,2026-09-07
NCT06885697,RECRUITING,2025-07-08,PHASE1,National Cancer Institute (NCI),NIH,cyclophosphamide|fludarabine|TNhYP218 CAR T Cells|mesothelin expression testing,|||,1,United States,True,2026-09-07
NCT06911710,RECRUITING,2024-11-09,PHASE1|PHASE2,Tianjin Medical University General Hospital,OTHER,"CAR-T Cells infusion（CAR2219,CAR2019, CAR19 etc）",,1,China,False,2026-09-07
NCT06900764,NOT_YET_RECRUITING,2025-10-10,NA,"Union Hospital, Tongji Medical College, Huazhong University of Science and Technology",OTHER,CAR-T cell,,1,China,False,2026-09-07
NCT06828341,UNKNOWN,2024-06-13,EARLY_PHASE1,JIANG LONGWEI,OTHER,CAR-T,,1,China,False,2026-09-07
NCT06904729,RECRUITING,2025-05-01,PHASE3,Guangzhou Women and Children's Medical Center,OTHER,Low-dose CAR-T cells group|High-dose CAR-T cells group,|,1,China,False,2026-09-07
NCT06839976,RECRUITING,2025-05-06,PHASE1|PHASE2,Children's Hospital of Philadelphia,OTHER,CART19,,1,United States,True,2026-09-07
NCT06831825,RECRUITING,2025-04-23,PHASE1,Medley Therapeutics,INDUSTRY,YAP101 (AAV9-Sav-shRNA),,1,United States,True,2026-09-07
NCT06794008,RECRUITING,2024-12-26,PHASE2,Peking University People's Hospital,OTHER,BCMA-CD19 CAR-T therapy,,1,China,False,2026-09-07
NCT06803875,RECRUITING,2025-01-31,PHASE1|PHASE2,Roberto Chiarle,OTHER,Autologous hALK.CAR T cells,,2,United States,True,2026-09-07
NCT06891742,RECRUITING,2025-02-24,PHASE1,Peking University,OTHER,OriC902,,2,China,False,2026-09-07
NCT06888960,RECRUITING,2024-11-08,EARLY_PHASE1,CytoCares Inc,INDUSTRY,CC312,,1,China,False,2026-09-07
NCT06821659,NOT_YET_RECRUITING,2025-03-01,PHASE1|PHASE2,Peking University Third Hospital,OTHER,anti-CD19 CAR-T cells,,0,,False,2026-09-07
NCT06846424,NOT_YET_RECRUITING,2025-06-01,PHASE1,Shanghai Gynecologic Oncology Group,OTHER_GOV,SCT-001 CAR-T cells,,1,China,False,2026-09-07
NCT06878248,TERMINATED,2025-04-17,PHASE1,"Calibr, a division of Scripps Research",OTHER,Two Component Product CLBR001 + ABBV-461,,5,United States,True,2026-09-07
NCT06825455,NOT_YET_RECRUITING,2025-03-01,EARLY_PHASE1,Peking University,OTHER,Fludarabine|Cyclophosphamide|B7H3 CAR-γδT cells,||,1,China,False,2026-09-07
NCT06821048,RECRUITING,2024-07-24,PHASE1,"Weijia Fang, MD",OTHER,Intraperitoneal infusion of FAST CEA-targeted CAR-T,,1,China,False,2026-09-07
NCT06867536,RECRUITING,2025-04-01,PHASE2,Liling Zhang,OTHER,Glofitamab + Obinutuzumab,,1,China,False,2026-09-07
NCT06897930,RECRUITING,2025-04-21,PHASE1|PHASE2,AstraZeneca,INDUSTRY,AZD0120|Cyclophosphamide|Fludarabine,GC012F||,20,Australia|Canada|United Kingdom|United States,True,2026-09-07
NCT06813417,ACTIVE_NOT_RECRUITING,2025-01-30,EARLY_PHASE1,University of Calgary,OTHER,GCAR1,,1,Canada,False,2026-09-07
NCT06792799,RECRUITING,2025-01-30,EARLY_PHASE1,The Children's Hospital of Zhejiang University School of Medicine,OTHER,anti-CD19/BCMA CAR NK cells (KN5601),,1,China,False,2026-09-07
NCT06912529,TERMINATED,2025-03-13,PHASE2,Universität Münster,OTHER,Leukapheresis|Bridging Therapy|Lymphodepletion|Axicabtagene Ciloleucel,apheresis|||axi-cel,1,Germany,True,2026-09-07
NCT06895473,RECRUITING,2025-06-04,PHASE2,OHSU Knight Cancer Institute,OTHER,Biospecimen Collection|Cytarabine|Lumbar Puncture|Methotrexate|Therapeutic Hydrocortisone,"Biological Sample Collection;Biospecimen Collected;Specimen Collection|.beta.-Cytosine arabinoside;1-.beta.-D-Arabinofuranosyl-4-amino-2(1H)pyrimidinone;1-.beta.-D-Arabinofuranosylcytosine;1-Beta-D-arabinofuranosyl-4-amino-2(1H)pyrimidinone;1-Beta-D-arabinofuranosylcytosine;1.beta.-D-Arabinofuranosylcytosine;2(1H)-Pyrimidinone, 4-Amino-1-beta-D-arabinofuranosyl-;2(1H)-Pyrimidinone, 4-amino-1.beta.-D-arabinofuranosyl-;Alexan;Ara-C;ARA-cell;Arabine;Arabinofuranosylcytosine;Arabinosylcytosine;Aracytidine;Aracytin;Aracytine;Beta-Cytosine Arabinoside;CHX-3311;Cytarabinum;Cytarbel;Cytosar;Cytosine Arabinoside;Cytosine-.beta.-arabinoside;Cytosine-beta-arabinoside;Erpalfa;Starasid;Tarabine PFS;U 19920;U-19920;Udicil;WR-28453|LP;Spinal Tap|Abitrexate;Alpha-Methopterin;Amethopterin;Brimexate;CL 14377;CL-14377;Emtexate;Emthexat;Emthexate;Farmitrexat;Fauldexato;Folex;Folex PFS;Jylamvo;Lantarel;Ledertrexate;Lumexon;Maxtrex;Medsatrexate;Metex;Methoblastin;Methotrexate LPF;Methotrexate Methylaminopterin;Methotrexatum;Metotrexato;Metrotex;Mexate;Mexate-AQ;MTX;Novatrex;Rheumatrex;Texate;Tremetex;Trexeron;Trixilem;WR-19039|Aeroseb-HC;Barseb HC;Barseb-HC;Cetacort;Cort-Dome;Cortef;Cortenema;Cortifan;Cortisol;Cortispray;Cortril;Dermacort;Domolene;Eldecort;Hautosone;Heb-Cort;Hydrocortisone;Hydrocortone;Hytone;Komed-HC;Nutracort;Proctocort;Rectoid",1,United States,True,2026-09-07
NCT06888661,ENROLLING_BY_INVITATION,2025-03-10,EARLY_PHASE1,Guangzhou Jiayin Biotech Ltd,INDUSTRY,EXG001-307 injection,,2,China,False,2026-09-07
NCT06869278,WITHDRAWN,2025-06-17,PHASE1,"Union Hospital, Tongji Medical College, Huazhong University of Science and Technology",OTHER,LCAR-AIO T cells,,3,China,False,2026-09-07
NCT06916767,RECRUITING,2025-07-15,PHASE1,"Paolo Caimi, MD",OTHER,BAFF CAR-T|Obinutuzumab|Cyclophosphamide|Fludarabine,|||,1,United States,True,2026-09-07
NCT06902389,RECRUITING,2025-07-30,PHASE1|PHASE2,Eastern Hepatobiliary Surgery Hospital,OTHER,Super Hi-TCR-T cells,,1,China,False,2026-09-07
NCT06852573,NOT_YET_RECRUITING,2025-02-20,PHASE1,"Beijing Immunochina Medical Science & Technology Co., Ltd.",INDUSTRY,ZM001 Injection,,0,,False,2026-09-07
NCT06833983,RECRUITING,2025-03-31,PHASE3,"Gritgen Therapeutics Co., Ltd.",INDUSTRY,GS1191-0445 injection,,13,China,False,2026-09-07
NCT06820424,RECRUITING,2025-03,EARLY_PHASE1,920th Hospital of Joint Logistics Support Force of People's Liberation Army of China,OTHER,Anti-CDH17 CAR-T cells infusion,,1,China,False,2026-09-07
NCT06865352,COMPLETED,2021-02-13,PHASE1|PHASE2,Fondazione IRCCS Policlinico San Matteo di Pavia,OTHER,HSCT donor leukemia-specific cytotoxic T-cells,,1,Italy,True,2026-09-07
NCT06934447,RECRUITING,2025-04-25,PHASE1,The Children's Hospital of Zhejiang University School of Medicine,OTHER,anti-BCMA/CD70-CAR-T cells,,1,China,False,2026-09-07
NCT06797024,RECRUITING,2025-02-28,NA,Tongji Hospital,OTHER,JY231 Injection,,1,China,False,2026-09-07
NCT06868290,ACTIVE_NOT_RECRUITING,2025-03-13,PHASE2,Novartis Pharmaceuticals,INDUSTRY,Rapcabtagene autoleucel|Active Comparator|Glucocorticoids,||,39,Brazil|Israel|Japan|Saudi Arabia|Singapore|Switzerland|United Kingdom|United States,True,2026-09-07
NCT06793241,RECRUITING,2025-01-31,EARLY_PHASE1,Zhejiang University,OTHER,CD19 B-cell Acute Lymphoblastic Leukemia Targeted CAR T-cells injection,,1,China,False,2026-09-07
NCT06913608,WITHDRAWN,2026-03,PHASE1,"Calibr, a division of Scripps Research",OTHER,CLBR001 + SWI019,,0,,False,2026-09-07
NCT06907875,ACTIVE_NOT_RECRUITING,2025-05-08,PHASE1|PHASE2,"Epicrispr Biotechnologies, Inc.",INDUSTRY,EPI-321,,7,Australia|New Zealand|United States,True,2026-09-07
NCT06860672,TERMINATED,2025-02-19,EARLY_PHASE1,Yongguo Yu,OTHER,Dual vector DNA base editor,,1,China,False,2026-09-07
NCT06827860,RECRUITING,2025-11-18,PHASE2,Larysa Sanchez,OTHER,Talquetamab|Daratumumab,JNJ-64407564|,1,United States,True,2026-09-07
NCT06850285,RECRUITING,2025-09-05,NA,Shanxi Bethune Hospital,OTHER,chimeric antigen receptor gene modified T cells,CAR-T,1,China,False,2026-09-07
NCT06875063,RECRUITING,2026-04-30,PHASE1,The First Affiliated Hospital of Xiamen University,OTHER,GB5005 CART,GB5005 chimeric antigen receptor T-cell injection,1,China,False,2026-09-07
NCT06815029,RECRUITING,2025-06-17,PHASE1,City of Hope Medical Center,OTHER,Biospecimen Collection|Chimeric Antigen Receptor T-Cell Therapy|Echocardiography|Fludeoxyglucose F-18|Intracranial Catheter Placement|Leukapheresis|Magnetic Resonance Imaging|Positron Emission Tomography|Resection,"Biological Sample Collection;Biospecimen Collected;Specimen Collection|CAR T Infusion;CAR T Therapy;CAR T-cell Therapy;Chimeric Antigen Receptor T-cell Infusion|EC|18FDG;FDG;Fludeoxyglucose (18F);fludeoxyglucose F 18;Fludeoxyglucose F18;Fluorine-18 2-Fluoro-2-deoxy-D-Glucose;Fluorodeoxyglucose F18||Leukocyte Adsorptive Apheresis;Leukocytopheresis;Therapeutic Leukopheresis;White Blood Cell Reduction Apheresis|Magnetic Resonance;Magnetic Resonance Imaging (MRI);Magnetic resonance imaging (procedure);Magnetic Resonance Imaging Scan;Medical Imaging, Magnetic Resonance / Nuclear Magnetic Resonance;MR;MR Imaging;MRI;MRI Scan;MRIs;NMR Imaging;NMRI;Nuclear Magnetic Resonance Imaging;sMRI;Structural MRI|Medical Imaging, Positron Emission Tomography;PET;PET Scan;Positron emission tomography (procedure);Positron Emission Tomography Scan;Positron-Emission Tomography;proton magnetic resonance spectroscopic imaging;PT|Surgical Resection",1,United States,True,2026-09-07
NCT06890065,RECRUITING,2025-03-01,NA,"Shenzhen Genocury Biotech Co., Ltd.",INDUSTRY,JY231 Injection,,1,China,False,2026-09-07
NCT06879262,NOT_YET_RECRUITING,2026-02-15,EARLY_PHASE1,Tongji Hospital,OTHER,CAR1922T2 T cells（Targeting CD19 and CD22 with CAR-T cells）,,0,,False,2026-09-07
NCT06880913,RECRUITING,2024-11-14,PHASE1|PHASE2,Peking University People's Hospital,OTHER,Nanobody-Based CD19/CD22 Tandem Dual CAR-T,,1,China,False,2026-09-07
NCT06934382,RECRUITING,2025-04-29,PHASE1,Stephan Grupp MD PhD,OTHER,Allogeneic anti-CD7 CAR-T cells (BEAM-201),BEAM-201,1,United States,True,2026-09-07
NCT06856577,ACTIVE_NOT_RECRUITING,2025-02-28,PHASE3,"Adverum Biotechnologies, Inc.",INDUSTRY,Ixo-vec|Aflibercept,|,75,United States,True,2026-09-07
NCT06857786,NOT_YET_RECRUITING,2025-03-10,PHASE1,Peking University,OTHER,Drug: CT041 autologous CAR T-cell injection,,3,China,False,2026-09-07
NCT06880380,RECRUITING,2025-09-01,PHASE1,"Institute of Hematology & Blood Diseases Hospital, China",OTHER,HIV-CAR-T,,1,China,False,2026-09-07
NCT06861348,NOT_YET_RECRUITING,2025-03-01,PHASE2,First Affiliated Hospital of Zhejiang University,OTHER,Inotuzumab Ozogamicin±Donor Lymphocyte Infusion,,1,China,False,2026-09-07
NCT06912152,RECRUITING,2025-05-12,PHASE1,Zhejiang University,OTHER,MT027 CAR-T cells,,1,China,False,2026-09-07
NCT06866080,WITHDRAWN,2025-06-17,EARLY_PHASE1,Nanjing Legend Biotech Co.,INDUSTRY,LCAR-AIO T cells,,4,China,False,2026-09-07
NCT06902012,RECRUITING,2027-02,PHASE1|PHASE2,Zhujiang Hospital,OTHER,Infusion of Axicabtagene Ciloleucel,,1,China,False,2026-09-07
NCT06933563,NOT_YET_RECRUITING,2025-04,EARLY_PHASE1,Zhejiang University,OTHER,UCAR T-cell group,,1,China,False,2026-09-07
NCT06836505,RECRUITING,2024-12-12,PHASE1|PHASE2,Sun Yat-Sen University Cancer Center,OTHER,CART therapy,,3,China,False,2026-09-07
NCT06904131,RECRUITING,2025-05-11,NA,Obstetrics & Gynecology Hospital of Fudan University,OTHER,Cell therapy with bispecific antibodies,,1,China,False,2026-09-07
NCT06903117,RECRUITING,2025-03-24,PHASE1,"Chongqing Precision Biotech Co., Ltd",INDUSTRY,Targeted CEA CAR-T|Targeted CEA CAR-T,|,1,China,False,2026-09-07
NCT06920433,RECRUITING,2025-04-08,EARLY_PHASE1,Zhejiang University,OTHER,UCAR T-cell group,,1,China,False,2026-09-07
NCT06850051,COMPLETED,2025-03-19,PHASE1,Sanofi,INDUSTRY,TIV-HA Vaccine formulation 1 at low dose|TIV-HA formulation 1 at high dose|TIV-HA formulation 2 at low dose|TIV-HA formulation 2 at high dose|RSV/hMPV/PIV3 formulation 2 at low dose|RSV/hMPV/PIV3 formulation 1 at high dose|RSV/hMPV/PIV3 formulation 2 at high dose|RSV/hMPV/PIV3 formulation 1 at low dose|RIV4 (Supemtek®),||||||||,6,Australia,False,2026-09-07
NCT06917105,NOT_YET_RECRUITING,2025-04-01,PHASE1|PHASE2,Tongji Hospital,OTHER,CD33/CD123/CLL-1 CAR-T Cells,,1,China,False,2026-09-07
NCT06871644,NOT_YET_RECRUITING,2025-03-18,NA,"PersonGen BioTherapeutics (Suzhou) Co., Ltd.",INDUSTRY,T cell injection targeting CD7 chimeric antigen receptor,,1,China,False,2026-09-07
NCT06865664,RECRUITING,2025-09-22,PHASE1,National Cancer Institute (NCI),NIH,fludarabine|cyclophosphamide|cetuximab|FGFR4-CAR T Cells,|||,1,United States,True,2026-09-07
NCT06847269,RECRUITING,2025-05-21,PHASE2,St. Jude Children's Research Hospital,OTHER,Fludarabine|Cyclophosphamide|Mesna|CD19-CAR T cell Infusion,|||,1,United States,True,2026-09-07
NCT06925542,RECRUITING,2025-03-10,PHASE1,CRISPR Therapeutics,INDUSTRY,CTX112,,16,Germany|Spain|United States,True,2026-09-07
NCT06920446,NOT_YET_RECRUITING,2025-04-03,EARLY_PHASE1,Zhejiang University,OTHER,UCAR T-cell group,,0,,False,2026-09-07
NCT06902844,RECRUITING,2025-04-05,NA,Tongji Hospital,OTHER,Equecabtagene Autoleucel Injection,,1,China,False,2026-09-07
NCT06871410,RECRUITING,2026-02-02,PHASE1,Roswell Park Cancer Institute,OTHER,Autologous Anti-CD83 CAR T-cells|Biospecimen Collection|Chest Radiography|Computed Tomography|Cyclophosphamide|Echocardiography|Fludarabine Phosphate|Hydroxyurea|Leukapheresis|Lumbar Puncture|Positron Emission Tomography|Questionnaire Administration,"Autologous Anti-CD83 CAR T Cells; Autologous Anti-CD83 CAR-T Cells|Biological Sample Collection;Biospecimen Collected;Specimen Collection|Chest X-ray|CAT;CAT Scan;Computed Axial Tomography;Computerized Axial Tomography;Computerized axial tomography (procedure);Computerized Tomography;Computerized Tomography (CT) scan;CT;CT Scan;tomography|(-)-Cyclophosphamide;2H-1,3,2-Oxazaphosphorine, 2-[bis(2-chloroethyl)amino]tetrahydro-, 2-oxide, monohydrate;Asta B 518;B 518;B-518;B518;Carloxan;Ciclofosfamida;Ciclofosfamide;Cicloxal;Clafen;Claphene;CP monohydrate;CTX;CYCLO-cell;Cycloblastin;Cycloblastine;Cyclophospham;Cyclophosphamid monohydrate;Cyclophosphamide Monohydrate;Cyclophosphamidum;Cyclophosphan;Cyclophosphane;Cyclophosphanum;Cyclostin;Cyclostine;Cytophosphan;Cytophosphane;Cytoxan;Fosfaseron;Genoxal;Genuxal;Ledoxina;Mitoxan;Neosar;Revimmune;Syklofosfamid;WR 138719;WR- 138719;WR-138719;WR138719|EC|2-F-ara-AMP;9H-Purin-6-amine, 2-fluoro-9-(5-O-phosphono-.beta.-D-arabinofuranosyl)-;Beneflur;Fludara;SH T 586|Droxia;Hydrea;Hydroxycarbamide;Litalir;Onco-Carbide;Oncocarbide;Oxeron;SQ 1089;SQ-1089;Syrea;WR 83799|Leukocyte Adsorptive Apheresis;Leukocytopheresis;Therapeutic Leukopheresis;White Blood Cell Reduction Apheresis|LP;Spinal Tap|Medical Imaging, Positron Emission Tomography;PET;PET Scan;Positron emission tomography (procedure);Positron Emission Tomography Scan;Positron-Emission Tomography;PT|",1,United States,True,2026-09-07
NCT06842589,WITHDRAWN,2025-05-14,PHASE1,The Children's Hospital of Zhejiang University School of Medicine,OTHER,anti-CD19 CAR-T cells,,0,,False,2026-09-07
NCT06822868,RECRUITING,2025-02-10,PHASE1,Kai Hu,OTHER,CAR T cells,,1,China,False,2026-09-07
NCT06895811,ACTIVE_NOT_RECRUITING,2025-03-27,PHASE1,Shanghai Changzheng Hospital,OTHER,PSMA-UCAR T (BRL-302),,1,China,False,2026-09-07
NCT06925464,RECRUITING,2025-04-01,PHASE1|PHASE2,Beijing GoBroad Hospital,OTHER,CD7 CAR-T cells infusion,,4,China,False,2026-09-07
NCT06822881,RECRUITING,2025-02-20,PHASE1,Beijing GoBroad Hospital,OTHER,CAR-T Therapy,,1,China,False,2026-09-07
NCT06799247,ACTIVE_NOT_RECRUITING,2025-05-06,PHASE3,Cartesian Therapeutics,INDUSTRY,Decartes-08|Placebo Drug,|,34,Canada|Italy|Poland|Serbia|Spain|Turkey (Türkiye)|United Kingdom|United States,True,2026-09-07
NCT06892236,ENROLLING_BY_INVITATION,2025-01-15,NA,Fondazione IRCCS Policlinico San Matteo di Pavia,OTHER,iPSC generation,,1,Italy,True,2026-09-07
NCT06801119,RECRUITING,2025-03-16,PHASE1,"Shenzhen MagicRNA Biotechnology Co., Ltd",INDUSTRY,HN2301 injection,in vivo cart,1,China,False,2026-09-07
NCT06828042,RECRUITING,2025-07-01,PHASE1|PHASE2,Peking University Third Hospital,OTHER,anti-CD19 CAR T cell therapy,,1,China,False,2026-09-07
NCT06834529,RECRUITING,2025-01-20,PHASE1|PHASE2,Affiliated Hospital to Academy of Military Medical Sciences,OTHER,CAR2219-T cells,Fludarabine;Cyclophosphamide,1,China,False,2026-09-07
NCT06834373,RECRUITING,2025-04-02,PHASE2,Mayo Clinic,OTHER,Biospecimen Collection|Bone Marrow Aspiration|Bone Marrow Biopsy|Chimeric Antigen Receptor T-Cell Therapy|Computed Tomography|Golcadomide|Leukapheresis|Positron Emission Tomography|Rituximab,"Biological Sample Collection;Biospecimen Collected;Specimen Collection||Biopsy of Bone Marrow;Biopsy, Bone Marrow|CAR T Infusion;CAR T Therapy;CAR T-cell Therapy;Chimeric Antigen Receptor T-cell Infusion|CAT;CAT Scan;Computed Axial Tomography;Computerized Axial Tomography;Computerized axial tomography (procedure);Computerized Tomography;Computerized Tomography (CT) scan;CT;CT Scan;tomography|BMS 986369;BMS-986369;BMS986369;CC -99282;CC 99282;CC99282;CelMod CC-99282;Cereblon E3 Ubiquitin Ligase Modulating Agent CC-99282;Cereblon E3 Ubiquitin Ligase Modulating Drug CC-99282;Cereblon Modulator CC-99282|Leukocyte Adsorptive Apheresis;Leukocytopheresis;Therapeutic Leukopheresis;White Blood Cell Reduction Apheresis|Medical Imaging, Positron Emission Tomography;PET;PET Scan;Positron emission tomography (procedure);Positron Emission Tomography Scan;Positron-Emission Tomography;PT|ABP 798;ABP-798;ABP798;BI 695500;BI-695500;BI695500;Blitzima;C2B8 Monoclonal Antibody;Chimeric Anti-CD20 Antibody;CT P10;CT-P10;CTP10;GP 2013;GP-2013;GP2013;IDEC 102;IDEC-102;IDEC-C2B8;IDEC-C2B8 Monoclonal Antibody;IDEC102;Ikgdar;Mabtas;MabThera;Monoclonal Antibody IDEC-C2B8;PF 05280586;PF-05280586;PF05280586;Riabni;Ritemvia;Rituxan;Rituximab ABBS;Rituximab ARRX;Rituximab Biosimilar ABP 798;Rituximab Biosimilar BI 695500;Rituximab Biosimilar CT-P10;Rituximab Biosimilar GB241;Rituximab Biosimilar GP2013;Rituximab Biosimilar IBI301;Rituximab Biosimilar JHL1101;Rituximab Biosimilar PF-05280586;Rituximab Biosimilar RTXM83;Rituximab Biosimilar SAIT101;Rituximab Biosimilar SIBP-02;rituximab biosimilar TQB2303;Rituximab PVVR;Rituximab-abbs;Rituximab-arrx;Rituximab-blit;Rituximab-pvvr;Rituximab-rite;Rituximab-rixa;Rituximab-rixi;Rixathon;Riximyo;RTXM 83;RTXM-83;RTXM83;Ruxience;Truxima",7,United States,True,2026-09-07
NCT07051525,RECRUITING,2025-12-03,NA,"Peter MacCallum Cancer Centre, Australia",OTHER,Early antibiotic cessation alert,,2,Australia,False,2026-09-07
NCT07024147,NOT_YET_RECRUITING,2025-07-01,PHASE1,Peking University Cancer Hospital & Institute,OTHER,JWCAR239|Fludarabine|Cyclophosphamide,||,1,China,False,2026-09-07
NCT06939166,RECRUITING,2025-06-17,EARLY_PHASE1,Tianjin Huanhu Hospital,OTHER,UCAR T-cell,,1,China,False,2026-09-07
NCT07040917,NOT_YET_RECRUITING,2025-09-30,EARLY_PHASE1,Chinese PLA General Hospital,OTHER,CAR-T cell,,1,China,False,2026-09-07
NCT07052383,RECRUITING,2025-11-06,PHASE1,Tcelltech Inc.,INDUSTRY,DIT309 cell injection,,1,China,False,2026-09-07
NCT06958939,ACTIVE_NOT_RECRUITING,2025-05-01,PHASE1,"Ting Chang, MD",OTHER,Dose level 1 group|Dose level 2 group|Dose level 3 group|Dose level 4 group,|||,1,China,False,2026-09-07
NCT06963866,NOT_YET_RECRUITING,2025-05-01,PHASE2,Xuzhou Medical University,OTHER,autologous stem cell transplantation|CAR-T,|,1,China,False,2026-09-07
NCT06986018,NOT_YET_RECRUITING,2025-06-14,EARLY_PHASE1,Peking University People's Hospital,OTHER,RD06-04 Cell Injection Infusion,,1,China,False,2026-09-07
NCT07003568,RECRUITING,2025-05-25,PHASE1,Beijing GoBroad Hospital,OTHER,Dual-targeting BCMA-GPRC5D CAR-T cell infusion,,1,China,False,2026-09-07
NCT06971380,RECRUITING,2025-03-01,PHASE2,Polina Stepensky,OTHER,HBI0101 CART,,1,Israel,False,2026-09-07
NCT07052929,RECRUITING,2025-12-15,PHASE1|PHASE2,Astellas Gene Therapies,INDUSTRY,ASP2957|Methylprednisolone|Prednisolone|Sirolimus,MyoAAV3.8 engineered capsid - myosin heavy chain kinase 7 - human myotubularin (MyoAAV3.8-MHCK7-hMTM1)|||,5,Canada|United States,True,2026-09-07
NCT06939270,NOT_YET_RECRUITING,2025-05-01,PHASE1|PHASE2,Chinese PLA General Hospital,OTHER,CD73/AXL.HypoSti.CAR-T cells|Albumin-Bound Paclitaxel|Cyclophosphamide|Fludarabine,|Albumin-bound paclitaxel for Injection|Cyclophosphamide for Injection|Cyclophosphamide for Injection,1,China,False,2026-09-07
NCT07059169,RECRUITING,2025-08-04,NA,LiangZou,INDUSTRY,JY231 (JY231 injection),,1,China,False,2026-09-07
NCT07045727,TERMINATED,2025-08-18,NA,Mayo Clinic,OTHER,Accelerometry|Aerobic Exercise|Biospecimen Collection|Electronic Health Record Review|Exercise Counseling|Internet-Based Intervention|Interview|Physical Performance Testing|Resistance Training|Survey Administration|Tailored Intervention,|Aerobic Activity|Biological Sample Collection;Biospecimen Collected;Specimen Collection|||||Physical Fitness Testing;Physical Function Testing|Strength Training||,1,United States,True,2026-09-07
NCT07055477,RECRUITING,2025-09-29,PHASE1,National Cancer Institute (NCI),NIH,Cyclophosphamide|Fludarabine|Autologous CCR4 CAR T cells,||,1,United States,True,2026-09-07
NCT07015983,ACTIVE_NOT_RECRUITING,2025-07-14,PHASE2,"Juno Therapeutics, Inc., a Bristol-Myers Squibb Company",INDUSTRY,CC-97540|Fludarabine|Cyclophosphamide,BMS-986353;Zola-cel;Zolacabtagene autoleucel||,97,Argentina|Austria|Belgium|Brazil|Canada|Denmark|France|Germany|Israel|Italy|Japan|Poland|Portugal|Spain|United Kingdom|United States,True,2026-09-07
NCT07022964,RECRUITING,2025-06-01,PHASE1|PHASE2,Beijing GoBroad Hospital,OTHER,CD5 CAR-T cells infusion,,3,China,False,2026-09-07
NCT07049081,TERMINATED,2025-07-17,PHASE1,Nanjing Legend Biotech Co.,INDUSTRY,LUCAR-G79 T cells,,3,China,False,2026-09-07
NCT06968195,SUSPENDED,2026-07-15,PHASE1,Roswell Park Cancer Institute,OTHER,Anti-GPC3-CAR Autologous T Lymphocytes|Biospecimen Collection|Computed Tomography|Cyclophosphamide|Echocardiography Test|Fludarabine|Leukapheresis|Magnetic Resonance Imaging|Multigated Acquisition Scan,"Anti-GPC3 CAR Autologous T Cells;CAR-GPC3 T Cells;Glypican-3-specific CAR T Cells;GPC3-targeted CAR Autologous T Cells|Biological Sample Collection;Biospecimen Collected;Specimen Collection|CAT;CAT Scan;Computed Axial Tomography;Computerized Axial Tomography;Computerized axial tomography (procedure);Computerized Tomography;Computerized Tomography (CT) scan;CT;CT Scan;tomography|(-)-Cyclophosphamide;2H-1,3,2-Oxazaphosphorine, 2-[bis(2-chloroethyl)amino]tetrahydro-, 2-oxide, monohydrate;Asta B 518;B 518;B-518;B518;Carloxan;Ciclofosfamida;Ciclofosfamide;Cicloxal;Clafen;Claphene;CP monohydrate;CTX;CYCLO-cell;Cycloblastin;Cycloblastine;Cyclophospham;Cyclophosphamid monohydrate;Cyclophosphamide Monohydrate;Cyclophosphamidum;Cyclophosphan;Cyclophosphane;Cyclophosphanum;Cyclostin;Cyclostine;Cytophosphan;Cytophosphane;Cytoxan;Fosfaseron;Genoxal;Genuxal;Ledoxina;Mitoxan;Neosar;Revimmune;Syklofosfamid;WR 138719;WR- 138719;WR-138719;WR138719|EC;Echocardiography|Fluradosa|Leukocyte Adsorptive Apheresis;Leukocytopheresis;Therapeutic Leukopheresis;White Blood Cell Reduction Apheresis|Magnetic Resonance;Magnetic Resonance Imaging (MRI);Magnetic resonance imaging (procedure);Magnetic Resonance Imaging Scan;Medical Imaging, Magnetic Resonance / Nuclear Magnetic Resonance;MR;MR Imaging;MRI;MRI Scan;MRIs;NMR Imaging;NMRI;Nuclear Magnetic Resonance Imaging;sMRI;Structural MRI|Blood Pool Scan;Equilibrium Radionuclide Angiography;Gated Blood Pool Imaging;Gated Heart Pool Scan;MUGA;MUGA Scan;Multi-Gated Acquisition Scan;Radionuclide Ventriculogram Scan;Radionuclide Ventriculography;RNV Scan;RNVG;SYMA Scanning;Synchronized Multigated Acquisition Scanning",1,United States,True,2026-09-07
NCT07048197,ACTIVE_NOT_RECRUITING,2025-06-20,PHASE1|PHASE2,Novartis Pharmaceuticals,INDUSTRY,Rapcabtagene autoleucel,,12,France|Germany|Singapore|Spain,True,2026-09-07
NCT07052305,RECRUITING,2026-03-12,PHASE1,Washington University School of Medicine,OTHER,NT-I7|CAR T-cell therapy,Efineptakin alfa|Axicabtagene ciloleucel;Lisocabtagene maraleucel .,1,United States,True,2026-09-07
NCT06988059,RECRUITING,2025-06-25,EARLY_PHASE1,"Institute of Hematology & Blood Diseases Hospital, China",OTHER,CAR-T cells Infusion chimeric antigen receptor T cells,,1,China,False,2026-09-07
NCT07052565,RECRUITING,2025-07-20,NA,Anhui Provincial Hospital,OTHER_GOV,Anti-BCMA and CD19 CART cells will be injected intravenously on a one-time basis,,1,China,False,2026-09-07
NCT06959771,RECRUITING,2025-07-16,PHASE1|PHASE2,National Institute of Allergy and Infectious Diseases (NIAID),NIH,Base-edited hematopoietic stem and progenitor cells|Alemtuzumab|Sirolimus|Palifermin|Busulfan|Base-edited T lymphocyte cells,|||||,1,United States,True,2026-09-07
NCT06938334,NOT_YET_RECRUITING,2025-08-15,PHASE1|PHASE2,Altheia Science,INDUSTRY,Autologous CD34+ cell enriched population containing HSPCs transduced ex vivo using a LVV encoding the hPD-L1 DNA,,1,Italy,True,2026-09-07
NCT06972576,RECRUITING,2025-05-09,PHASE1,"Second Affiliated Hospital, Zhejiang University, School of Medicine",OTHER,EphA2-targeted CAR-T Cells|EphA2-targeted CAR-DCs,|,1,China,False,2026-09-07
NCT06971094,RECRUITING,2025-05-27,PHASE3,GeneCradle Inc,INDUSTRY,GC101 adeno-associated virus injection,,7,China,False,2026-09-07
NCT06976437,RECRUITING,2025-05-06,EARLY_PHASE1,YANRU WANG,OTHER,RN1101 injection,,1,China,False,2026-09-07
NCT06947460,RECRUITING,2025-04-18,PHASE1|PHASE2,Beijing GoBroad Hospital,OTHER,CD19-BCMA CAR-T cells infusion,,1,China,False,2026-09-07
NCT06996132,RECRUITING,2025-05-09,PHASE2,"Institute of Hematology & Blood Diseases Hospital, China",OTHER,Glofitamab|Chimeric Antigen Receptor T Cells (CAR-T),|,1,China,False,2026-09-07
NCT07058662,RECRUITING,2025-07-31,PHASE1|PHASE2,"Belief BioMed (Beijing) Co., Ltd",INDUSTRY,Single dose intravenous of BBM-D101,,1,China,False,2026-09-07
NCT06941129,RECRUITING,2025-02-11,PHASE1,"Institute of Hematology & Blood Diseases Hospital, China",OTHER,UCAR T-cell,,1,China,False,2026-09-07
NCT06984341,WITHDRAWN,2026-06-30,PHASE1,"Genentech, Inc.",INDUSTRY,P-CD19CD20-ALLO1 Cells|Cyclophosphamide|Fludarabine|Rimiducid,|||,2,United States,True,2026-09-07
NCT07000318,NOT_YET_RECRUITING,2026-09-30,EARLY_PHASE1,Children's Hospital of Fudan University,OTHER,CS-206,,1,China,False,2026-09-07
NCT06935474,WITHDRAWN,2026-07,PHASE1|PHASE2,AbelZeta Inc.,INDUSTRY,C-CAR168,,1,United States,True,2026-09-07
NCT06946485,RECRUITING,2025-04-02,EARLY_PHASE1,The Affiliated Nanjing Drum Tower Hospital of Nanjing University Medical School,OTHER,Universal anti-CD70 CAR-T (CHT101),,1,China,False,2026-09-07
NCT07006805,WITHDRAWN,2026-06,PHASE1|PHASE2,Cabaletta Bio,INDUSTRY,CABA-201,,0,,False,2026-09-07
NCT07026942,NOT_YET_RECRUITING,2026-04-01,PHASE1|PHASE2,Nationwide Children's Hospital,OTHER,Universal donor derived CD33 CAR-NK,,1,United States,True,2026-09-07
NCT06983964,RECRUITING,2025-02-20,NA,Beijing Boren Hospital,OTHER,CD19 CART,,1,China,False,2026-09-07
NCT06937567,RECRUITING,2024-12-26,EARLY_PHASE1,Zhejiang University,OTHER,CDH17 CAR-T|FAST LACO-Stim CDH17 CAR-T,|,1,China,False,2026-09-07
NCT07036250,RECRUITING,2025-07-03,PHASE1|PHASE2,"Shanghai Unicar-Therapy Bio-medicine Technology Co.,Ltd",INDUSTRY,U32 CAR-T,,1,China,False,2026-09-07
NCT06964737,RECRUITING,2025-05-21,PHASE1,Ohio State University Comprehensive Cancer Center,OTHER,Anti-GARP Chimeric Antigen Receptor-T Cells|Biospecimen Collection|Chest Radiography|Echocardiography Test|Magnetic Resonance Imaging|Multigated Acquisition Scan|Pheresis|Surgical Procedure,"Anti-GARP CAR T Cells (SY);Anti-GARP CAR T-cells (SY);Anti-GARP CAR-T Cells (SY)|Biological Sample Collection;Biospecimen Collected;Specimen Collection|Chest X-ray|EC;Echocardiography|Magnetic Resonance;Magnetic Resonance Imaging (MRI);Magnetic resonance imaging (procedure);Magnetic Resonance Imaging Scan;Medical Imaging, Magnetic Resonance / Nuclear Magnetic Resonance;MR;MR Imaging;MRI;MRI Scan;MRIs;NMR Imaging;NMRI;Nuclear Magnetic Resonance Imaging;sMRI;Structural MRI|Blood Pool Scan;Equilibrium Radionuclide Angiography;Gated Blood Pool Imaging;Gated Heart Pool Scan;MUGA;MUGA Scan;Multi-Gated Acquisition Scan;Radionuclide Ventriculogram Scan;Radionuclide Ventriculography;RNV Scan;RNVG;SYMA Scanning;Synchronized Multigated Acquisition Scanning|Apheresed;Apheresis;Blood Component Removal;Collection, Apheresis/Leukapheresis;Hemapheresis|Operation;Surgery;Surgery Type;Surgery, NOS;Surgical;Surgical Intervention;Surgical Interventions;Surgical Procedures;Type of Surgery",1,United States,True,2026-09-07
NCT06999031,RECRUITING,2024-09-05,EARLY_PHASE1,The First Affiliated Hospital of Nanchang University,OTHER,BCMA-Targeted Chimeric Antigen Receptor Autologous T-cell,,1,China,False,2026-09-07
NCT06980597,RECRUITING,2025-06,PHASE1,Beijing GoBroad Hospital,OTHER,OL-108,,2,China,False,2026-09-07
NCT06951425,NOT_YET_RECRUITING,2025-06-01,EARLY_PHASE1,"Shanghai Tongji Hospital, Tongji University School of Medicine",OTHER,TH-CART-027,,1,China,False,2026-09-07
NCT06978738,NOT_YET_RECRUITING,2025-05,PHASE1,Changzhou No.2 People's Hospital,OTHER,universal allogeneic anti-CD19/BCMA CAR T-cells,,1,China,False,2026-09-07
NCT06993493,RECRUITING,2025-02-20,NA,Beijing Boren Hospital,OTHER,CD19 CART,,1,China,False,2026-09-07
NCT06946680,NOT_YET_RECRUITING,2026-07,PHASE1,University of Florida,OTHER,Ex-Vivo expanded autologous IL-8 receptor (CXCR2) modified CD70 CAR (8R-70CAR) T cells,8R-70CAR T cells,1,United States,True,2026-09-07
NCT07053488,RECRUITING,2025-06-01,PHASE1|PHASE2,AMERICAN ORGAN TRANSPLANT AND CANCER RESEARCH INSTITUTE LLC,OTHER,Ex Vivo CRISPR-Cas9 Gene Editing of Donor Liver,,1,China,False,2026-09-07
NCT06952842,RECRUITING,2025-08-04,PHASE1|PHASE2,"Chigenovo Co., Ltd",NETWORK,ZVS203e,rAAV8,1,China,False,2026-09-07
NCT07043218,NOT_YET_RECRUITING,2025-07-10,PHASE1,"Shanghai Tongji Hospital, Tongji University School of Medicine",OTHER,Chimeric Antigen Receptor T Cells (CAR-T),,1,China,False,2026-09-07
NCT06940960,RECRUITING,2025-05-30,NA,Affiliated Hospital of Guangdong Medical University,OTHER,JY231 Injection,,1,China,False,2026-09-07
NCT07010523,RECRUITING,2024-10-15,NA,First Affiliated Hospital of Zhejiang University,OTHER,Anti-mesothelin CAR-T cells|Fludarabine|Cyclophosphamide,||,1,China,False,2026-09-07
NCT06947473,RECRUITING,2026-03-18,PHASE1|PHASE2,Beijing GoBroad Hospital,OTHER,umbilical cord blood CD19-BCMA CAR-T cells infusion,,1,China,False,2026-09-07
NCT07003555,RECRUITING,2025-05-25,PHASE1,Beijing GoBroad Hospital,OTHER,Dual-targeting BCMA-CD19 CAR-T cell infusion,,1,China,False,2026-09-07
NCT06946615,RECRUITING,2025-04-08,PHASE1,"Second Affiliated Hospital, Zhejiang University, School of Medicine",OTHER,Claudin18.2-targeted CAR-T Cells|Claudin18.2-targeted CAR-DCs,|,1,China,False,2026-09-07
NCT07020260,NOT_YET_RECRUITING,2025-09-01,PHASE1|PHASE2,Princess Maxima Center for Pediatric Oncology,OTHER,CAR T-cell and Cellular Therapies,,2,Netherlands,True,2026-09-07
NCT07003295,RECRUITING,2026-07-08,PHASE2,National Cancer Institute (NCI),NIH,Biospecimen Collection|Computed Tomography|Glofitamab|Obinutuzumab|Positron Emission Tomography,"Biological Sample Collection;Biospecimen Collected;Sample Collection;Specimen Collection|CAT;CAT Scan;Computed Axial Tomography;Computerized Axial Tomography;Computerized axial tomography (procedure);Computerized Tomography;Computerized Tomography (CT) scan;CT;CT Scan;Diagnostic CAT Scan;Diagnostic CAT Scan Service Type;tomography|Anti-CD20 x Anti-CD3 Bispecific Monoclonal Antibody RO7082859;Columvi;Glofitamab-gxbm;RO 7082859;RO-7082859;RO7082859|Anti-CD20 Monoclonal Antibody R7159;GA 101;GA-101;GA101;Gazyva;huMAB(CD20);R 7159;R-7159;R7159;RO 5072759;RO-5072759;RO5072759|Medical Imaging, Positron Emission Tomography;PET;PET Scan;Positron emission tomography (procedure);Positron Emission Tomography Scan;Positron-Emission Tomography;PT",10,United States,True,2026-09-07
NCT07049432,WITHDRAWN,2026-02,PHASE1,University of Utah,OTHER,N803,,1,United States,True,2026-09-07
NCT07008885,RECRUITING,2025-06-20,PHASE1|PHASE2,Chinese PLA General Hospital,OTHER,CAR19TIF cells|Fludarabine|Cyclophosphamide,BCOR and ZC3H12 genes knock-out CD19 CAR T cells|Fludarabine Phosphate for Injection|Cyclophosphamide for Injection,2,China,False,2026-09-07
NCT07053670,RECRUITING,2025-07-09,PHASE1,Tongji Hospital,OTHER,CAR T cells,,1,China,False,2026-09-07
NCT07062627,RECRUITING,2025-11-12,PHASE2,Hyungwoo Cho,OTHER,Anbal-cel,,1,South Korea,False,2026-09-07
NCT07031713,RECRUITING,2025-07-11,PHASE1,"Union Hospital, Tongji Medical College, Huazhong University of Science and Technology",OTHER,CAR-T Therapy,,1,China,False,2026-09-07
NCT07022197,RECRUITING,2025-04-10,PHASE1|PHASE2,Tianjin Medical University General Hospital,OTHER,BAFF-R CART,,1,China,False,2026-09-07
NCT07018804,WITHDRAWN,2026-07-26,NA,Haikou Affiliated Hospital of Central South University Xiangya School of Medicine,OTHER,Bronchoscopic brushing|Single - cell cloning|Cell function identification|Identification of local microenvironmental changes|Gene editing|Prevention of ferret airway basal cell transplantation|Transplantation treatment of ferret airway basal cells,||||||,1,China,False,2026-09-07
NCT07059741,RECRUITING,2024-12-10,NA,The First Affiliated Hospital of Soochow University,OTHER,integrated low-dose RT with reduced SEAM/TB conditioning before ASCT sequential CAR-T|integrated high-dose RT with reduced SEAM/TB conditioning before ASCT sequential CAR-T,|,1,China,False,2026-09-07
NCT06992583,RECRUITING,2025-05-08,PHASE1,"Chongqing Precision Biotech Co., Ltd",INDUSTRY,Targeted CEA CAR-T|Targeted CEA CAR-T,|,1,China,False,2026-09-07
NCT07039201,RECRUITING,2025-06-28,NA,Zhejiang University,OTHER,CG-102-12C,,2,China,False,2026-09-07
NCT07033299,NOT_YET_RECRUITING,2025-07-01,PHASE1,"Union Hospital, Tongji Medical College, Huazhong University of Science and Technology",OTHER,CAR-T Therapy,,1,China,False,2026-09-07
NCT06961669,RECRUITING,2025-04-16,NA,Anhui Provincial Hospital,OTHER_GOV,Anti-BCMA and CD19 CART cells will be injected intravenously on a one-time basis,,1,China,False,2026-09-07
NCT06935136,NOT_YET_RECRUITING,2025-04-30,NA,Ruijin Hospital,OTHER,Axicabtagene Ciloleucel,FKC-876;Axi-cel,1,China,False,2026-09-07
NCT07048353,NOT_YET_RECRUITING,2025-07-28,EARLY_PHASE1,"Shandong Qilu Cell Therapy Engineering Technology Co., Ltd",INDUSTRY,chimeric antigen receptor gene modified T cells,,1,China,False,2026-09-07
NCT07009002,RECRUITING,2025-06-20,PHASE1|PHASE2,Chinese PLA General Hospital,OTHER,CAR19TIF cells|Fludarabine|Cyclophosphamide,BCOR and ZC3H12 genes knock-out CD19 CAR T cells|Fludarabine Phosphate for Injection|Cyclophosphamide for Injection,1,China,False,2026-09-07
NCT06985498,SUSPENDED,2025-06-01,PHASE2,The First Affiliated Hospital of Soochow University,OTHER,Sandwich stratergy,,1,China,False,2026-09-07
NCT06965309,TERMINATED,2026-01-19,NA,"Shenzhen MagicRNA Biotechnology Co., Ltd",INDUSTRY,HN2301 injection,in vivo cart,1,China,False,2026-09-07
NCT07009899,NOT_YET_RECRUITING,2026-10-01,PHASE2,Medical College of Wisconsin,OTHER,Linvoseltamab,,1,United States,True,2026-09-07
NCT06986434,NOT_YET_RECRUITING,2026-04-02,EARLY_PHASE1,Affiliated Hospital to Academy of Military Medical Sciences,OTHER,CAR19BCMA-T cells|fludarabine and cyclophosphamide,|,1,China,False,2026-09-07
NCT07040982,RECRUITING,2026-12-19,PHASE1,City of Hope Medical Center,OTHER,Asciminib|Biospecimen Collection|Bone Marrow Aspiration|Bone Marrow Biopsy|Echocardiography Test|Survey Administration,"ABL 001;ABL-001;ABL001|Biological Sample Collection;Biospecimen Collected;Specimen Collection||Biopsy of Bone Marrow;Biopsy, Bone Marrow|EC;Echocardiography|",1,United States,True,2026-09-07
NCT07019883,COMPLETED,2025-06-12,PHASE1,National Institute of Allergy and Infectious Diseases (NIAID),NIH,"H5 AC-Anhui RNA Vaccine|H5 Astrakhan RNA Vaccine|Sodium Chloride, 0.9%",||,3,United States,True,2026-09-07
NCT07021534,RECRUITING,2025-06-10,PHASE1,Zhejiang University,OTHER,NKG2D CAR NK and NKG2D CAR T cells,,1,China,False,2026-09-07
NCT07055724,NOT_YET_RECRUITING,2025-07,PHASE2,"Nanjing IASO Biotechnology Co., Ltd.",INDUSTRY,Eque-cel CAR-T Therapy,,0,,False,2026-09-07
NCT07032324,NOT_YET_RECRUITING,2025-07-08,PHASE1,Qian Wenbin,OTHER,CAR T cells,,1,China,False,2026-09-07
NCT07058298,RECRUITING,2025-07-15,EARLY_PHASE1,Daishi Tian,OTHER,GC012F injection,,1,China,False,2026-09-07
NCT07063251,RECRUITING,2025-08-20,EARLY_PHASE1,"HuidaGene Therapeutics Co., Ltd.",INDUSTRY,HG005,,1,China,False,2026-09-07
NCT07008872,NOT_YET_RECRUITING,2025-06-01,NA,Qi deng,OTHER,CD7 CART,,0,,False,2026-09-07
NCT06948019,NOT_YET_RECRUITING,2025-08,PHASE1|PHASE2,BlackfinBio Ltd,INDUSTRY,BFB-101 (AAV9-CBh-AP4B1),,1,United States,True,2026-09-07
NCT06940297,RECRUITING,2025-09-18,PHASE2,Mayo Clinic,OTHER,Biopsy Procedure|Biospecimen Collection|Bone Marrow Aspiration|Bone Marrow Biopsy|Ciltacabtagene Autoleucel|Computed Tomography|Cyclophosphamide|Dasatinib|Fludarabine|Positron Emission Tomography|Quercetin,"Biopsy;BIOPSY_TYPE;Bx|Biological Sample Collection;Biospecimen Collected;Specimen Collection||Biopsy of Bone Marrow;Biopsy, Bone Marrow|Autologous Anti-B-cell maturation antigen (BCMA) CAR-T Cells JNJ-68284528;Autologous Bi-epitope BCMA-targeted CAR T-cells JNJ-68284528;Autologous Bi-epitope CAR T-cells JNJ-68284528;CARVYKTI;Cilta-cel;JNJ 68284528;JNJ-68284528;JNJ68284528;LCAR B38M;LCAR-B38M;LCAR-B38M-transduced CAR-T Cells JNJ-68284528;LCARB38M;Autologous Anti-BCMA CAR-T Cells JNJ-68284528|CAT;CAT Scan;Computed Axial Tomography;Computerized Axial Tomography;Computerized axial tomography (procedure);Computerized Tomography;Computerized Tomography (CT) scan;CT;CT Scan;tomography|(-)-Cyclophosphamide;2H-1,3,2-Oxazaphosphorine, 2-[bis(2-chloroethyl)amino]tetrahydro-, 2-oxide, monohydrate;Asta B 518;B 518;B-518;B518;Carloxan;Ciclofosfamida;Ciclofosfamide;Cicloxal;Clafen;Claphene;CP monohydrate;CTX;CYCLO-cell;Cycloblastin;Cycloblastine;Cyclophospham;Cyclophosphamid monohydrate;Cyclophosphamide Monohydrate;Cyclophosphamidum;Cyclophosphan;Cyclophosphane;Cyclophosphanum;Cyclostin;Cyclostine;Cytophosphan;Cytophosphane;Cytoxan;Fosfaseron;Genoxal;Genuxal;Ledoxina;Mitoxan;Neosar;Revimmune;Syklofosfamid;WR 138719;WR- 138719;WR-138719;WR138719|BMS 354825;BMS-354825;BMS354825;Dasatinib Hydrate;Dasatinib Monohydrate;Sprycel|Fluradosa|Medical Imaging, Positron Emission Tomography;PET;PET Scan;Positron emission tomography (procedure);Positron Emission Tomography Scan;Positron-Emission Tomography;PT|2-(3,4-dihydroxyphenyl)-3,5,7-trihydroxy-4H-1-benzopyran-4-one;2-(3,4-dihydroxyphenyl)-3,5,7-trihydroxy-chromen-4-one;C.I. Natural Yellow 10",1,United States,True,2026-09-07
NCT06967038,RECRUITING,2025-02-28,PHASE1|PHASE2,Bangdong Gong,OTHER,CAR-NK cell,,1,China,False,2026-09-07
NCT07034755,NOT_YET_RECRUITING,2025-07-01,NA,The Affiliated Hospital of Xuzhou Medical University,OTHER,autologous hematopoietic stem cell transplantation (ASCT) followed by CAR-T therapy,,1,China,False,2026-09-07
NCT06945523,RECRUITING,2025-04-28,PHASE1,"Chongqing Precision Biotech Co., Ltd",INDUSTRY,Targeted CEA CAR-T|Targeted CEA CAR-T,|,1,China,False,2026-09-07
NCT06940804,WITHDRAWN,2025-07,PHASE2,BioNTech SE,INDUSTRY,CLDN6 CAR-T|CLDN6 RNA-LPX,|,0,,False,2026-09-07
NCT07042438,RECRUITING,2026-02-11,PHASE2,City of Hope Medical Center,OTHER,Axicabtagene Ciloleucel|Biospecimen Collection|Chemotherapy|Fecal Microbiota Transplantation|Leukapheresis|Placebo Administration,"Axi-cel;Axicel;KTE C19;KTE-C19;KTE-C19 CAR;KTEC19;Yescarta|Biological Sample Collection;Biospecimen Collected;Specimen Collection|Chemo;Chemotherapy (NOS);Chemotherapy, Cancer, General|Fecal Material Transplantation;Fecal Transplantation;FMT;Poo Transplant;Poop Transplant;Stool Transplant|Leukocyte Adsorptive Apheresis;Leukocytopheresis;Therapeutic Leukopheresis;White Blood Cell Reduction Apheresis|",1,United States,True,2026-09-07
NCT07046338,NOT_YET_RECRUITING,2027-06-01,NA,Shenzhen Geno-Immune Medical Institute,OTHER,Lentiviral TYF-ARSA correction of patient's autologous HSCs,,1,China,False,2026-09-07
NCT07032129,RECRUITING,2025-04-29,PHASE1|PHASE2,Essen Biotech,OTHER,BCMA/GPRC5D CAR-T cells,,1,China,False,2026-09-07
NCT07030907,RECRUITING,2025-06-16,PHASE1,"Outpace Bio, Inc.",INDUSTRY,OPB-101,,4,United States,True,2026-09-07
NCT06992934,NOT_YET_RECRUITING,2026-09,NA,Centre Hospitalier Universitaire de Nice,OTHER,Gilteritinib,,1,France,True,2026-09-07
NCT06987916,RECRUITING,2025-04-22,PHASE1|PHASE2,"Shanghai Tongji Hospital, Tongji University School of Medicine",OTHER,ssCART-19,anti-CD19 CAR T with small hairpin RNA to silence the IL-6 gene,1,China,False,2026-09-07
NCT07007117,ACTIVE_NOT_RECRUITING,2025-06-20,PHASE1,Stephan Grupp MD PhD,OTHER,PHOX2B PC-CAR T Cells,,1,United States,True,2026-09-07
NCT07053462,RECRUITING,2025-06-01,PHASE1|PHASE2,AMERICAN ORGAN TRANSPLANT AND CANCER RESEARCH INSTITUTE LLC,OTHER,Ex Vivo CRISPR-Cas9 Gene Editing of Donor Kidney|Kidney Transplantation with Standard Care,|,1,China,False,2026-09-07
NCT07002112,RECRUITING,2025-05-23,PHASE1,The First Affiliated Hospital with Nanjing Medical University,OTHER,CD19/CD20 Dual-Target in vivo CAR-T Lentiviral product,,6,China,False,2026-09-07
NCT07127289,RECRUITING,2025-08,PHASE2,"Institute of Hematology & Blood Diseases Hospital, China",OTHER,Autologous hematopoietic stem cell infusion,,1,China,False,2026-09-07
NCT07164560,RECRUITING,2026-04-01,PHASE1,"Second Affiliated Hospital, Zhejiang University, School of Medicine",OTHER,Anti-TRBC1 CAR-T cells,,1,China,False,2026-09-07
NCT07070323,RECRUITING,2025-07-09,PHASE1|PHASE2,Beijing GoBroad Hospital,OTHER,Autologous CD5 CAR T-cells|Previous stem-cell transplantation (SCT) donor-derived CD5 CAR T-cells|Newly matched donor-derived CD5 CAR T-cells,||,4,China,False,2026-09-07
NCT07129642,RECRUITING,2025-08-10,EARLY_PHASE1,Shanghai Zhongshan Hospital,OTHER,Allogeneic CAR-T,,1,China,False,2026-09-07
NCT07152236,WITHDRAWN,2025-08-31,NA,"Guangzhou Bio-gene Technology Co., Ltd",INDUSTRY,CAR-T,,1,China,False,2026-09-07
NCT07106671,RECRUITING,2025-08-10,PHASE2,"Institute of Hematology & Blood Diseases Hospital, China",OTHER,Siltuximab,,1,China,False,2026-09-07
NCT07167537,RECRUITING,2025-10,PHASE1,Beijing GoBroad Hospital,OTHER,OL-CD19-GDT,,1,China,False,2026-09-07
NCT07157345,RECRUITING,2025-10-20,PHASE1,Ruijin Hospital,OTHER,PDR001,,1,China,False,2026-09-07
NCT07123493,TERMINATED,2025-08-28,EARLY_PHASE1,Haifeng Qin,OTHER,Anti ALPP CAR-T cells treatment,,1,China,False,2026-09-07
NCT07068906,NOT_YET_RECRUITING,2025-07-15,PHASE1,"Institute of Hematology & Blood Diseases Hospital, China",OTHER,CAR-T cells chimenric antigen receptor T cells,,1,China,False,2026-09-07
NCT07101432,RECRUITING,2025-12-19,PHASE1,M.D. Anderson Cancer Center,OTHER,Fludarabine|Cyclophosphamide,|,1,United States,True,2026-09-07
NCT07093086,WITHDRAWN,2024-11-07,PHASE1,"Shanghai Unicar-Therapy Bio-medicine Technology Co.,Ltd",INDUSTRY,Triple-targeted CAR-T Therapy,,2,China,False,2026-09-07
NCT07087847,NOT_YET_RECRUITING,2025-09-01,NA,Ruijin Hospital,OTHER,TCRαβ+/CD45RA+depleted haploidentical hematopoietic stem cell transplantation (haplo-HSCT),,1,China,False,2026-09-07
NCT07085676,RECRUITING,2024-09-01,PHASE1,Polina Stepensky,OTHER,HBI0101 CART,,1,Israel,False,2026-09-07
NCT07103668,RECRUITING,2025-08-06,PHASE3,"Suzhou Immunofoco Biotechnology Co., Ltd",INDUSTRY,CAR T cells|Control,|,1,China,False,2026-09-07
NCT07072494,RECRUITING,2025-07-19,PHASE1|PHASE2,Zhujiang Hospital,OTHER,CD19 CAR-T cells injection,,2,China,False,2026-09-07
NCT07170254,TERMINATED,2025-09-15,EARLY_PHASE1,"Shanghai BDgene Co., Ltd.",INDUSTRY,"BD114VLP, or BD114",,1,China,False,2026-09-07
NCT07095075,RECRUITING,2025-10-14,EARLY_PHASE1,Nanjing Legend Biotech Co.,INDUSTRY,LUCAR-DKS1 NK cells,,5,China,False,2026-09-07
NCT07166549,NOT_YET_RECRUITING,2026-06,PHASE1,"University Hospital, Basel, Switzerland",OTHER,Experimental Intervention,,1,Switzerland,True,2026-09-07
NCT07073547,RECRUITING,2025-07-31,PHASE1,AstraZeneca,INDUSTRY,AZD0120,,13,United States,True,2026-09-07
NCT07148089,RECRUITING,2026-02-23,PHASE1,Solid Biosciences Inc.,INDUSTRY,SGT-501,,5,Canada|United States,True,2026-09-07
NCT07162038,RECRUITING,2025-11-14,PHASE1,National Cancer Institute (NCI),NIH,mCD19-CAR-CD28-CD3-zeta.(anti-CD19 CAR) retroviral vector-transduced allogeneic peripheral blood lymphocytes (PBL)|Fludarabine|Cyclophosphamide|Mycophenolate Mofetil|Sirolimus|CD19 Flow Cytometry Assay|CD19 Immunohistochemical Assay|Total Body Irradiation,|||||||,1,United States,True,2026-09-07
NCT07106684,RECRUITING,2025-08-10,PHASE2,"Institute of Hematology & Blood Diseases Hospital, China",OTHER,Autologous hematopoietic stem cell transplantation|BCMA CAR-T|GPRC5D/CD3 BiTEs,||,1,China,False,2026-09-07
NCT07120633,RECRUITING,2025-09-01,NA,The Affiliated Hospital of Xuzhou Medical University,OTHER,AntiCD19 CAR-T combined with BTKi in the treatment of newly diagnosed high-risk CLL/SLL patients,,1,China,False,2026-09-07
NCT07169487,RECRUITING,2025-06-28,PHASE1,"Institute of Hematology & Blood Diseases Hospital, China",OTHER,Methylene Blue,,1,China,False,2026-09-07
NCT07144020,RECRUITING,2025-09-05,EARLY_PHASE1,Zhejiang University,OTHER,CD117 CAR T-cells,CD117 CAR T-cells injection,1,China,False,2026-09-07
NCT07066995,RECRUITING,2025-04-29,PHASE1|PHASE2,Essen Biotech,OTHER,Mesothelin and Claudin 18.2 CAR-T cells,,1,China,False,2026-09-07
NCT07098364,RECRUITING,2025-12-27,PHASE1|PHASE2,Fred Hutchinson Cancer Center,OTHER,Vevoctadekin|Bone Marrow Aspiration|Bone Marrow Biopsy|Computed Tomography|Echocardiography Test|Leukapheresis|Lisocabtagene Maraleucel|Lumbar Puncture|Lymphodepletion Therapy|Multigated Acquisition Scan|Positron Emission Tomography|X-Ray Imaging|Biospecimen Collection,"ST-067;ST 067;ST067;Variant ST-067;Engineered IL-18 Variant ST-067;Engineered Interleukin-18 Variant ST-067||Biopsy of Bone Marrow;Biopsy, Bone Marrow|CAT;CAT Scan;Computed Axial Tomography;Computerized Axial Tomography;Computerized axial tomography (procedure);Computerized Tomography;Computerized Tomography (CT) scan;CT;CT Scan;tomography|EC;Echocardiography|Leukocyte Adsorptive Apheresis;Leukocytopheresis;Therapeutic Leukopheresis;White Blood Cell Reduction Apheresis|Anti-CD19-CAR Genetically Engineered Autologous T Lymphocytes JCAR017;Anti-CD19-CAR Genetically Engineered Autologous T-lymphocytes JCAR017;Autologous Anti-CD19-EGFRt-4-1BB-zeta-modified CAR CD8+ and CD4+ T-lymphocytes JCAR017;Breyanzi;JCAR 017;JCAR-017;JCAR017;Liso-cel|LP;Spinal Tap|Lymphodepleting Therapy;Lymphodepletion|Blood Pool Scan;Equilibrium Radionuclide Angiography;Gated Blood Pool Imaging;Gated Heart Pool Scan;MUGA;MUGA Scan;Multi-Gated Acquisition Scan;Radionuclide Ventriculogram Scan;Radionuclide Ventriculography;RNV Scan;RNVG;SYMA Scanning;Synchronized Multigated Acquisition Scanning|Medical Imaging, Positron Emission Tomography;PET;PET Scan;Positron emission tomography (procedure);Positron Emission Tomography Scan;Positron-Emission Tomography;PT|Conventional X-Ray;Diagnostic Radiology;Medical Imaging, X-Ray;Plain film radiographs;Radiographic Imaging;Radiographic imaging procedure (procedure);Radiography;RG;Static X-Ray;X-Ray|Biological Sample Collection",1,United States,True,2026-09-07
NCT07093073,RECRUITING,2025-01-23,PHASE1,"Shanghai Unicar-Therapy Bio-medicine Technology Co.,Ltd",INDUSTRY,ssCART-19,,1,China,False,2026-09-07
NCT07070960,NOT_YET_RECRUITING,2025-07-15,NA,Xuzhou Medical University,OTHER,CAR-T,,0,,False,2026-09-07
NCT07117305,NOT_YET_RECRUITING,2025-09-01,PHASE1|PHASE2,Zhengzhou University,OTHER,CD7 CAR-T combined with autologous hematopoietic stem cell transplantation,,1,China,False,2026-09-07
NCT07087002,RECRUITING,2025-08-28,PHASE1,Stanford University,OTHER,GPC2-CAR T cells|Fludarabine|Cyclophosphamide,GPC2-directed CAR T cells||,1,United States,True,2026-09-07
NCT07106710,RECRUITING,2025-08-10,PHASE2,"Institute of Hematology & Blood Diseases Hospital, China",OTHER,Autologous Hematopoietic Stem Cell Transplantation|BCMA CAR-T|GPRC5D/CD3 BiTEs,||,1,China,False,2026-09-07
NCT07085195,NOT_YET_RECRUITING,2025-08-01,EARLY_PHASE1,Ruijin Hospital,OTHER,gene therapy|clozapine,|,1,China,False,2026-09-07
NCT07108868,RECRUITING,2025-06-23,PHASE1,University Hospital Tuebingen,OTHER,CAR-T cells targeting CD19 and CD22,,2,Germany,True,2026-09-07
NCT07153068,RECRUITING,2025-06-28,PHASE1|PHASE2,"Institute of Hematology & Blood Diseases Hospital, China",OTHER,supCD7 CART cells,,1,China,False,2026-09-07
NCT07106749,RECRUITING,2025-06-28,PHASE1,"Institute of Hematology & Blood Diseases Hospital, China",OTHER,CD180 CART,,1,China,False,2026-09-07
NCT07173933,NOT_YET_RECRUITING,2025-10,PHASE1|PHASE2,GeneCradle Inc,INDUSTRY,GC310,,1,China,False,2026-09-07
NCT07067255,RECRUITING,2025-04-29,PHASE1|PHASE2,Essen Biotech,OTHER,GPC3 CD146 CAR-T cells,,1,China,False,2026-09-07
NCT07101549,NOT_YET_RECRUITING,2025-08-01,PHASE1,changjianhua,OTHER,R-Star001,,1,China,False,2026-09-07
NCT07115745,RECRUITING,2025-09-04,PHASE1,"Juno Therapeutics, Inc., a Bristol-Myers Squibb Company",INDUSTRY,BMS-986515|Fludarabine|Cyclophosphamide|Tocilizumab,|||,28,Australia|Brazil|Czechia|France|Germany|Israel|Poland|Romania|Spain|United States,True,2026-09-07
NCT07148050,RECRUITING,2025-12-22,PHASE1,Seattle Children's Hospital,OTHER,SC-CAR.GPC3xIL15.21 CAR T cells,,1,United States,True,2026-09-07
NCT07072884,NOT_YET_RECRUITING,2025-08-18,EARLY_PHASE1,Qiong Fu,OTHER,GC012F injection,,0,,False,2026-09-07
NCT07094477,ACTIVE_NOT_RECRUITING,2025-04-01,PHASE2,Daihong Liu,OTHER,CD22/CD19 CAR-T cell immunotherapy,CAR-T cell immunotherapy,1,China,False,2026-09-07
NCT07173153,ENROLLING_BY_INVITATION,2025-08-25,PHASE1|PHASE2,Emily de los Reyes,OTHER,AAV9.SLC6A1 Gene Therapy,,1,United States,True,2026-09-07
NCT07173166,RECRUITING,2025-09-30,NA,Instituto de Investigacion Sanitaria INCLIVA,OTHER,Physical activity|Physical activity and nutrition,|,2,Spain,True,2026-09-07
NCT07091370,NOT_YET_RECRUITING,2025-12-27,PHASE1,Juventas Cell Therapy Ltd.,INDUSTRY,Inaticabtagene Autoleucel Injection,,0,,False,2026-09-07
NCT07135466,RECRUITING,2026-02-01,PHASE1|PHASE2,Sheba Medical Center,OTHER_GOV,CD22 CAR-T cells,,1,Israel,False,2026-09-07
NCT07065279,RECRUITING,2025-07,NA,920th Hospital of Joint Logistics Support Force of People's Liberation Army of China,OTHER,JY231 Injection,in vivo CAR-T,1,China,False,2026-09-07
NCT07139509,RECRUITING,2024-10-03,PHASE1,Xi'an No.3 Hospital,OTHER_GOV,"allogeneic cord blood-derived, dual-targeting CD19/BCMA CAR-T cells",,1,China,False,2026-09-07
NCT07070219,RECRUITING,2025-10-07,PHASE1|PHASE2,Imviva Bio,INDUSTRY,CTD402 CAR T Cell Injection,,9,Australia|United States,True,2026-09-07
NCT07097207,RECRUITING,2023-10-01,PHASE1|PHASE2,Shenzhen University General Hospital,OTHER,CAR-T cell,,1,China,False,2026-09-07
NCT07137338,RECRUITING,2026-06,PHASE1,Rocket Pharmaceuticals Inc.,INDUSTRY,"RP-A701 is a recombinant viral vector composed of an AAV serotype rh.74 (AAVrh.74) capsid encapsulating the transgene, BCL2-associated Athanogene 3 (BAG3)",,3,United States,True,2026-09-07
NCT07102524,RECRUITING,2026-07-15,PHASE1|PHASE2,TESS Research Foundation,OTHER,TSHA-105,,1,United States,True,2026-09-07
NCT07166419,ACTIVE_NOT_RECRUITING,2026-01-14,PHASE1,Ohio State University Comprehensive Cancer Center,OTHER,Autologous Anti-CD19/CD20/CD22 CAR T-cells|Biospecimen Collection|Bone Marrow Aspiration|Bone Marrow Biopsy|Computed Tomography|Cyclophosphamide|Echocardiography Test|Fludarabine|Multigated Acquisition Scan|Pheresis|Positron Emission Tomography,"Autologous Anti-CD19/CD20/CD22 CAR T Cells;Autologous Anti-CD19/CD20/CD22 CAR-T Cells;Autologous CAR19.20.22 CAR T-cells|Biological Sample Collection;Biospecimen Collected;Specimen Collection||Biopsy of Bone Marrow;Biopsy, Bone Marrow|CAT;CAT Scan;Computed Axial Tomography;Computerized Axial Tomography;Computerized axial tomography (procedure);Computerized Tomography;Computerized Tomography (CT) scan;CT;CT Scan;tomography|(-)-Cyclophosphamide;2H-1,3,2-Oxazaphosphorine, 2-[bis(2-chloroethyl)amino]tetrahydro-, 2-oxide, monohydrate;Asta B 518;B 518;B-518;B518;Carloxan;Ciclofosfamida;Ciclofosfamide;Cicloxal;Clafen;Claphene;CP monohydrate;CTX;CYCLO-cell;Cycloblastin;Cycloblastine;Cyclophospham;Cyclophosphamid monohydrate;Cyclophosphamide Monohydrate;Cyclophosphamidum;Cyclophosphan;Cyclophosphane;Cyclophosphanum;Cyclostin;Cyclostine;Cytophosphan;Cytophosphane;Cytoxan;Fosfaseron;Genoxal;Genuxal;Ledoxina;Mitoxan;Neosar;Revimmune;Syklofosfamid;WR 138719;WR- 138719;WR-138719;WR138719|EC;Echocardiography|Fluradosa|Blood Pool Scan;Equilibrium Radionuclide Angiography;Gated Blood Pool Imaging;Gated Heart Pool Scan;MUGA;MUGA Scan;Multi-Gated Acquisition Scan;Radionuclide Ventriculogram Scan;Radionuclide Ventriculography;RNV Scan;RNVG;SYMA Scanning;Synchronized Multigated Acquisition Scanning|Apheresed;Apheresis;Blood Component Removal;Collection, Apheresis/Leukapheresis;Hemapheresis|Medical Imaging, Positron Emission Tomography;PET;PET Scan;Positron emission tomography (procedure);Positron Emission Tomography Scan;Positron-Emission Tomography;PT",1,United States,True,2026-09-07
NCT07142161,ACTIVE_NOT_RECRUITING,2025-07-20,EARLY_PHASE1,"Nanjing Bioheng Biotech Co., Ltd.",INDUSTRY,RD13-02 cell infusion,,1,China,False,2026-09-07
NCT07064083,COMPLETED,2025-08-01,EARLY_PHASE1,Al-Azhar University,OTHER,intracanal nano-ketrolac|ketrolac gel|A placebo gel,||,1,Egypt,False,2026-09-07
NCT07077512,RECRUITING,2025-09-15,PHASE2,Sun Yat-sen University,OTHER,Autoleucel (Relmacabtagene Autoleucel)|Sintilimab (PD-1 inhibitor),Chimeric Antigen Receptor T-Cell (CAR-T) Therapy|PD-1 Inhibitor,3,China,False,2026-09-07
NCT07162571,NOT_YET_RECRUITING,2026-01-01,PHASE1|PHASE2,"Minsk Scientific-Practical Center for Surgery, Transplantation and Hematology",OTHER_GOV,CD19/22 CAR-T cells,,1,Belarus,False,2026-09-07
NCT07155369,ACTIVE_NOT_RECRUITING,2025-03-18,NA,The Affiliated Hospital of Xuzhou Medical University,OTHER,UCAR-T cells|Cyclophosphamide|Fludarabine,||,1,China,False,2026-09-07
NCT07105735,RECRUITING,2025-08-15,PHASE1,The First Affiliated Hospital with Nanjing Medical University,OTHER,allogeneic CAR-T,,1,China,False,2026-09-07
NCT07153289,NOT_YET_RECRUITING,2026-07,PHASE1|PHASE2,University Hospital Tuebingen,OTHER,CD318-CAR-T cells,"ResCPa, CD318 CAR-T, CD318-CAR, CAR-T cell therapy",0,,False,2026-09-07
NCT07101705,RECRUITING,2025-09-08,EARLY_PHASE1,"Union Hospital, Tongji Medical College, Huazhong University of Science and Technology",OTHER,OriV508 Injection,OriV508,1,China,False,2026-09-07
NCT07077330,NOT_YET_RECRUITING,2025-08-01,EARLY_PHASE1,Chinese PLA General Hospital,OTHER,CAR19BCMA-T cells,,2,China,False,2026-09-07
NCT07081646,RECRUITING,2025-08-18,PHASE1|PHASE2,"Alexion Pharmaceuticals, Inc.",INDUSTRY,AZD0120,,18,Canada|United Kingdom|United States,True,2026-09-07
NCT07093554,RECRUITING,2025-12-02,PHASE1,Medical College of Wisconsin,OTHER,Talquetamab|Ciltacabtagene Autoleucel,|,1,United States,True,2026-09-07
NCT07085559,RECRUITING,2025-06-23,EARLY_PHASE1,Anhui Provincial Hospital,OTHER_GOV,Metabolically Armed BCMA CAR-T cells.,Meta10-BCMA,1,China,False,2026-09-07
NCT07109518,RECRUITING,2025-06-28,PHASE1,"Institute of Hematology & Blood Diseases Hospital, China",OTHER,uCD7 CART,,1,China,False,2026-09-07
NCT07148791,RECRUITING,2025-09-05,PHASE2,Chinese PLA General Hospital,OTHER,Anti-BCMA-CD19 CAR-T cells,BC19;CD19/BCMA dual-target CAR-T cell therapy,1,China,False,2026-09-07
NCT07104682,ACTIVE_NOT_RECRUITING,2025-08-21,EARLY_PHASE1,University of Calgary,OTHER,GCAR1,,1,Canada,False,2026-09-07
NCT07113496,NOT_YET_RECRUITING,2025-08,PHASE1,The First Affiliated Hospital with Nanjing Medical University,OTHER,Allogeneic CAR-T,,1,China,False,2026-09-07
NCT07113977,NOT_YET_RECRUITING,2025-08-15,EARLY_PHASE1,Wei Guan,OTHER,CAR-T(CD70),,0,,False,2026-09-07
NCT07066436,NOT_YET_RECRUITING,2025-10,EARLY_PHASE1,Medical University of Vienna,OTHER,MRI contrast-enhancing agents,,1,Austria,True,2026-09-07
NCT07085104,RECRUITING,2025-11-13,PHASE1,Allogene Therapeutics,INDUSTRY,ALLO-329|Cyclophosphamide|Fludarabine,||,15,Canada|United States,True,2026-09-07
NCT07113743,ENROLLING_BY_INVITATION,2025-09-10,PHASE1|PHASE2,National Institute of Allergy and Infectious Diseases (NIAID),NIH,Busulfan|Tocilizumab|Eltrombopag|Sirolimus|pCCLChimGp91lentiviral vector containing the human gp91 phox (CYBB) gene,||||,1,United States,True,2026-09-07
NCT07161193,NOT_YET_RECRUITING,2025-09-30,PHASE1|PHASE2,"Hebei Senlang Biotechnology Inc., Ltd.",INDUSTRY,CD19 CAR-T cells,,1,China,False,2026-09-07
NCT07172958,RECRUITING,2026-01-27,PHASE1,Children's National Research Institute,OTHER,Selective Antigen Specific dTβRII-expressing T cells combined with B7-H3 CAR T cells,,2,United States,True,2026-09-07
NCT07116057,RECRUITING,2025-10-07,PHASE1,University of Pennsylvania,OTHER,MOv19-BBz CAR T cells|Cyclophosphamide/Fludarabine|FRa Expression Testing,||,1,United States,True,2026-09-07
NCT07066982,RECRUITING,2025-05-29,PHASE1|PHASE2,Essen Biotech,OTHER,CD146/HER2 CAR-T cells,,1,China,False,2026-09-07
NCT07077369,NOT_YET_RECRUITING,2025-08-01,PHASE1,West China Hospital,OTHER,WGc-0201 injection|Tislelizumab,|,0,,False,2026-09-07
NCT07168486,ENROLLING_BY_INVITATION,2024-10-28,PHASE1,"University of Maryland, Baltimore",OTHER,CD19.20.22 CAR T cells|Fludarabine and Cyclophosphamide,|,1,United States,True,2026-09-07
NCT07106736,RECRUITING,2025-08-10,PHASE2,"Institute of Hematology & Blood Diseases Hospital, China",OTHER,BCMA CAR-T|GPRC5D/CD3 BiTEs,|,1,China,False,2026-09-07
NCT07078929,RECRUITING,2026-01-01,PHASE1,Chulalongkorn University,OTHER,CD19-IL7Ra CAR-T cells,,3,Thailand,False,2026-09-07
NCT07114432,NOT_YET_RECRUITING,2025-08,PHASE1,Tianjin Medical University Cancer Institute and Hospital,OTHER,BCMA/CD19-targeted allogeneic CAR-T,RN1201,2,China,False,2026-09-07
NCT07066397,RECRUITING,2025-07-15,PHASE1,TriArm Therapeutics (Taiwan) Limited,INDUSTRY,ARM011|Fludarabine|Cyclophosphamide,||,1,Taiwan,False,2026-09-07
NCT07075185,RECRUITING,2025-07-16,PHASE1,"Kelonia Therapeutics, Inc.",INDUSTRY,KLN-1010,,11,Australia|United States,True,2026-09-07
NCT07108140,TERMINATED,2025-05-20,EARLY_PHASE1,TCRCure Biopharma Ltd.,INDUSTRY,Anti ALPP CAR-T cells treatment,Fludarabine Cyclophosphamide,1,China,False,2026-09-07
NCT07152223,WITHDRAWN,2025-08-07,NA,"Guangzhou Bio-gene Technology Co., Ltd",INDUSTRY,CAR-T,,1,China,False,2026-09-07
NCT07109323,RECRUITING,2025-03-03,PHASE1|PHASE2,"Institute of Hematology & Blood Diseases Hospital, China",OTHER,BCMA CART,,1,China,False,2026-09-07
NCT07152210,WITHDRAWN,2024-12-11,NA,"Guangzhou Bio-gene Technology Co., Ltd",INDUSTRY,CAR-T,,1,China,False,2026-09-07
NCT07135050,RECRUITING,2025-12-19,PHASE1|PHASE2,Mahzi Therapeutics,INDUSTRY,MZ-1866,,4,Israel|United States,True,2026-09-07
NCT07138547,RECRUITING,2025-12-26,PHASE1|PHASE2,Chinese PLA General Hospital,OTHER,"Eliglustat, CD30 target immunotherapy",,1,China,False,2026-09-07
NCT07070934,NOT_YET_RECRUITING,2025-07-15,PHASE2,Xuzhou Medical University,OTHER,CAR-T|ASCT,CAR-T alone|,0,,False,2026-09-07
NCT07077356,RECRUITING,2025-08-01,PHASE1,West China Hospital,OTHER,HBV mRNA vaccine,,1,China,False,2026-09-07
NCT07143929,RECRUITING,2025-08-18,PHASE1,Peking University People's Hospital,OTHER,CAR-T,,1,China,False,2026-09-07
NCT07086404,RECRUITING,2025-09-15,EARLY_PHASE1,Daishi Tian,OTHER,GC012F Injection infusion,,1,China,False,2026-09-07
NCT07072247,RECRUITING,2025-07-07,PHASE1,The First Affiliated Hospital of Soochow University,OTHER,CD19 and BCMA-targeted allogeneic CAR-T cells,RN1201,1,China,False,2026-09-07
NCT07169500,RECRUITING,2025-03-03,PHASE1|PHASE2,"Institute of Hematology & Blood Diseases Hospital, China",OTHER,CAR-T,,1,China,False,2026-09-07
NCT07160634,RECRUITING,2025-10-22,PHASE3,Solid Biosciences Inc.,INDUSTRY,SGT-003|Placebo,|,7,Australia|Canada|United States,True,2026-09-07
NCT07071909,WITHDRAWN,2025-01-20,PHASE1|PHASE2,UNC Lineberger Comprehensive Cancer Center,OTHER,Commercial CAR-T|Investigational CAR-T,|,1,United States,True,2026-09-07
NCT07180355,RECRUITING,2025-10-22,PHASE1,Solid Biosciences Inc.,INDUSTRY,SGT-212,,3,United States,True,2026-09-07
NCT07180927,NOT_YET_RECRUITING,2027-06-01,PHASE1|PHASE2,Shenzhen Geno-Immune Medical Institute,OTHER,4SCAR DLL3 T cells,,1,China,False,2026-09-07
NCT07196124,WITHDRAWN,2025-10-10,EARLY_PHASE1,"Guangzhou Bio-gene Technology Co., Ltd",INDUSTRY,BCMA/GPRC5D CAR-T,,0,,False,2026-09-07
NCT07185490,NOT_YET_RECRUITING,2026-02-15,EARLY_PHASE1,"Institute of Hematology & Blood Diseases Hospital, China",OTHER,IASO104,,0,,False,2026-09-07
NCT07223021,RECRUITING,2025-10-20,PHASE3,Memorial Sloan Kettering Cancer Center,OTHER,Fludarabine|Cyclophosphamide|Fludarabine|CAR-T,|||,5,United States,True,2026-09-07
NCT07178249,NOT_YET_RECRUITING,2025-10-16,PHASE1|PHASE2,Guangzhou Jiayin Biotech Ltd,INDUSTRY,EXG202 injection,,0,,False,2026-09-07
NCT07224568,NOT_YET_RECRUITING,2026-04-01,PHASE1,Seattle Children's Hospital,OTHER,SC-CAR.GPC3xIL15.21 CAR T cells,,1,United States,True,2026-09-07
NCT07247396,RECRUITING,2025-11-03,PHASE1,"Second Affiliated Hospital, Zhejiang University, School of Medicine",OTHER,CEA-targeted CAR-T cells,,1,China,False,2026-09-07
NCT07193628,RECRUITING,2025-09-26,PHASE1,"Second Affiliated Hospital, Zhejiang University, School of Medicine",OTHER,EPC-003 Fully Human Anti-B7H3/IL13Ra2 Armored CAR-T Cell Therapy (Dose level 1)|EPC-003 Fully Human Anti-B7H3/IL13Ra2 Armored CAR-T Cell Therapy (Dose level 2)|EPC-003 Fully Human Anti-B7H3/IL13Ra2 Armored CAR-T Cell Therapy (Dose level 3)|EPC-003 Fully Human Anti-B7H3/IL13Ra2 Armored CAR-T Cell Therapy (Dose level 4),|||,1,China,False,2026-09-07
NCT07305116,RECRUITING,2025-12-01,PHASE1,The Children's Hospital of Zhejiang University School of Medicine,OTHER,UCAR T-cell,,1,China,False,2026-09-07
NCT07257640,RECRUITING,2025-11-30,PHASE1,Zhejiang University,OTHER,IL-5 CAR-T cells,,1,China,False,2026-09-07
NCT07185477,NOT_YET_RECRUITING,2025-09-15,EARLY_PHASE1,"Institute of Hematology & Blood Diseases Hospital, China",OTHER,QLS32015,,0,,False,2026-09-07
NCT07174843,RECRUITING,2025-09,EARLY_PHASE1,"Shanghai Cell Therapy Group Co.,Ltd",INDUSTRY,CD19/CD22/BCMA CAR-T cells(BZE2204),,1,China,False,2026-09-07
NCT07288879,RECRUITING,2025-12-11,PHASE2,Miltenyi Biomedicine GmbH,INDUSTRY,MB-CART2019.1,,5,Japan,False,2026-09-07
NCT07227571,RECRUITING,2026-01-16,PHASE1,Fred Hutchinson Cancer Center,OTHER,FH FOLR1 ST CAR T-cells|Leukapheresis|Fludarabine|Cyclophosphamide|Echocardiography Test|Multigated Acquisition Scan|Biospecimen Collection|Computed Tomography|Magnetic Resonance Imaging|Positron Emission Tomography|Biopsy Procedure,Anti-FOLR1 CAR-T Cells;FH-FOLR1 CAR T Cells|Leukocyte Adsorptive Apheresis;Leukocytopheresis;Therapeutic Leukopheresis;White Blood Cell Reduction Apheresis|Fluradosa|Cytoxan;Neosar;Revimmune;Cycloblastin|EC|MUGA;MUGA Scan;Multi-Gated Acquisition Scan;Radionuclide ventriculography||CT;CT Scan;CAT Scan;Computed Axial Tomography|MRI|PET;PET Scan|Bx,1,United States,True,2026-09-07
NCT07193667,RECRUITING,2025-10,NA,ShenZhen Cell Valley,INDUSTRY,CD19 CAR-T cells were administered to patients with relapsed/refractory autoimmune diseases,,1,China,False,2026-09-07
NCT07197307,RECRUITING,2025-10-31,PHASE2,Universität Münster,OTHER,Loncastuximab Tesirine and Epcoritamab,,34,Germany,True,2026-09-07
NCT07200102,RECRUITING,2026-03-17,PHASE1,Washington University School of Medicine,OTHER,Selinexor,KPT-330;Xpovio,1,United States,True,2026-09-07
NCT07266337,NOT_YET_RECRUITING,2025-12-10,EARLY_PHASE1,"Chengdu Ucello Biotechnology Co., Ltd.",INDUSTRY,CD19/BCMA CAR T-cells,,1,China,False,2026-09-07
NCT07266181,RECRUITING,2025-12-08,PHASE1,The First Affiliated Hospital of Air Force Medicial University,OTHER,All patients will receive CD19 CAR-T cell therapy on the basis of standard symptomatic and supportive treatment.,,1,China,False,2026-09-07
NCT07250386,RECRUITING,2025-10-13,PHASE1,"Second Affiliated Hospital, Zhejiang University, School of Medicine",OTHER,CEA-targeted CAR-T (Intravenous)|CEA-targeted CAR-T (Intrapleural),|,1,China,False,2026-09-07
NCT07196111,WITHDRAWN,2025-10-10,EARLY_PHASE1,"Guangzhou Bio-gene Technology Co., Ltd",INDUSTRY,BAFFR CAR-T,,0,,False,2026-09-07
NCT07280793,NOT_YET_RECRUITING,2025-12-17,EARLY_PHASE1,Xuzhou Medical University,OTHER,BCMA-Targeting CAR-T Cell Therapy|PET/CT Imaging,|,0,,False,2026-09-07
NCT07240857,ENROLLING_BY_INVITATION,2026-04-12,EARLY_PHASE1,Zhejiang University,OTHER,Intraprostatic or localized lesion injection of ACT#001-PSMA CAR-T cells under transrectal ultrasound (TRUS) guidance,,1,China,False,2026-09-07
NCT07290244,RECRUITING,2026-03-02,PHASE1,Life Biosciences Inc.,INDUSTRY,ER-100 epigenetic therapy,OSK epigenetic therapy;Investigational epigenetic therapy for optic neuropathies,4,United States,True,2026-09-07
NCT07250269,RECRUITING,2025-10-29,PHASE1,"Gracell Biotechnologies (Shanghai) Co., Ltd.",INDUSTRY,GC012F Injection,AZD0120,9,China,False,2026-09-07
NCT07246096,RECRUITING,2026-02-20,EARLY_PHASE1,Changhai Hospital,OTHER,anti-CD19/BCMA U CAR T cells,,1,China,False,2026-09-07
NCT07297667,RECRUITING,2026-08-30,PHASE1,Canadian Cancer Trials Group,NETWORK,Fludarabine|Cyclophosphamide|GCAR1,||,2,Canada,False,2026-09-07
NCT07257419,RECRUITING,2026-10-03,PHASE1,St. Jude Children's Research Hospital,OTHER,Anti-Thymocyte Globulin (Rabbit)|Cyclophosphamide|Fludarabine|Thiotepa|Mesna|Melphalan|Filgrastim|CliniMACS System,||||||G-CSF|,1,United States,True,2026-09-07
NCT07241468,RECRUITING,2025-11-15,EARLY_PHASE1,Changhai Hospital,OTHER,anti-CD19/BCMA U CAR T,,1,China,False,2026-09-07
NCT07211737,RECRUITING,2026-07-15,PHASE1,Baylor College of Medicine,OTHER,i15.NKG2D.zeta NK cells and C7R.GD2.CARTs cells|i15.NKG2D.zeta NK cells and C7R.GD2.CARTs cells|i15.NKG2D.zeta NK cells and C7R.GD2.CARTs cells,||,1,United States,True,2026-09-07
NCT07239323,RECRUITING,2025-07-01,PHASE1,"Chongqing Precision Biotech Co., Ltd",INDUSTRY,Invivo CAR-T,,1,China,False,2026-09-07
NCT07261163,RECRUITING,2025-12-20,PHASE2,"Institute of Hematology & Blood Diseases Hospital, China",OTHER,Zanubrutinib|Obinutuzumab|Lenalidomide|CAR-T Cell Therapy,|||,2,China,False,2026-09-07
NCT07220993,RECRUITING,2026-05-12,PHASE1,Baylor College of Medicine,OTHER,CD7.CAR/28zeta T Cells,,2,United States,True,2026-09-07
NCT07203404,RECRUITING,2025-07-24,EARLY_PHASE1,"Nanjing Bioheng Biotech Co., Ltd.",INDUSTRY,RD06-05 CART Cell Injection,,1,China,False,2026-09-07
NCT07193966,TERMINATED,2025-09-01,PHASE1|PHASE2,Shenzhen Geno-Immune Medical Institute,OTHER,NG2 and DLL3 CAR-T cells,,1,China,False,2026-09-07
NCT07250087,RECRUITING,2026-01-21,PHASE1,H. Lee Moffitt Cancer Center and Research Institute,OTHER,Asciminib,,1,United States,True,2026-09-07
NCT07300683,RECRUITING,2025-11-11,PHASE1,"University College, London",OTHER,CARCCR9 T cells,,1,United Kingdom,True,2026-09-07
NCT07297160,NOT_YET_RECRUITING,2026-06,PHASE1,Baylor College of Medicine,OTHER,Dose Level -1|Dose Level 1 (starting dose level)|Dose Level 2|Dose Level 3,|||,2,United States,True,2026-09-07
NCT07196579,NOT_YET_RECRUITING,2025-10-01,PHASE1,TCRx Therapeutics Co.Ltd,INDUSTRY,KXV01 TCR Lentinvivo Injection,,1,China,False,2026-09-07
NCT07198555,RECRUITING,2025-10-09,PHASE1,"Belief BioMed (Beijing) Co., Ltd",INDUSTRY,BBM-A101|Placebo|BBM-A101|Placebo,|||,2,China,False,2026-09-07
NCT07233642,RECRUITING,2025-11,PHASE1,The Children's Hospital of Zhejiang University School of Medicine,OTHER,CD19 CAR-T cells,,1,China,False,2026-09-07
NCT07252336,RECRUITING,2025-11-30,PHASE2,Zhejiang University,OTHER,CD19 CAR-T cells,,1,China,False,2026-09-07
NCT07246707,RECRUITING,2026-01-02,PHASE1,Zhejiang University,OTHER,KSV01 Injection,,1,China,False,2026-09-07
NCT07261345,RECRUITING,2025-12-19,EARLY_PHASE1,Shanghai Zhongshan Hospital,OTHER,allogenic anti-CD19/BCMA CAR-T,,1,China,False,2026-09-07
NCT07207681,NOT_YET_RECRUITING,2025-10-15,PHASE1,The First Hospital of Jilin University,OTHER,KXV01 TCR Lentinvivo Injection,,1,China,False,2026-09-07
NCT07212335,RECRUITING,2025-10-01,EARLY_PHASE1,"Institute of Hematology & Blood Diseases Hospital, China",OTHER,Mesenchymal Stem Cell Infusion,,1,China,False,2026-09-07
NCT07195617,WITHDRAWN,2025-10-10,NA,"Guangzhou Bio-gene Technology Co., Ltd",INDUSTRY,BCMA-GPRC5D CART,,0,,False,2026-09-07
NCT07267065,NOT_YET_RECRUITING,2026-08-01,PHASE1,Krzysztof Bankiewicz,OTHER,AAV2-hAADC,,1,United States,True,2026-09-07
NCT07179692,RECRUITING,2025-09-12,PHASE1,"Chongqing Precision Biotech Co., Ltd",INDUSTRY,CEA-targeted CAR-T cells|CEA-targeted CAR-T cells|CEA-targeted CAR-T cells,||,1,China,False,2026-09-07
NCT07244380,NOT_YET_RECRUITING,2025-11-28,PHASE2,"Hebei Senlang Biotechnology Inc., Ltd.",INDUSTRY,Autologous CD7-targeting CAR T cells,,0,,False,2026-09-07
NCT07201727,NOT_YET_RECRUITING,2025-09-30,EARLY_PHASE1,"Institute of Hematology & Blood Diseases Hospital, China",OTHER,CD123+CLL-1 dual-target CAR-T cells sequential infusion CD7 CAR-T cells and bridging to allogeneic,,0,,False,2026-09-07
NCT07295847,RECRUITING,2026-01-09,PHASE1,AstraZeneca,INDUSTRY,AZD0120,GC012F,22,Australia|Germany|Spain|Sweden|United Kingdom|United States,True,2026-09-07
NCT07222735,RECRUITING,2026-01-21,PHASE1,St. Jude Children's Research Hospital,OTHER,Fludarabine|Cyclophosphamide|B7-H3-CAR T Cells|Radiation Therapy,|||,1,United States,True,2026-09-07
NCT07266311,NOT_YET_RECRUITING,2025-12-15,EARLY_PHASE1,"Chengdu Ucello Biotechnology Co., Ltd.",INDUSTRY,claudin18.2 CAR-T,,1,China,False,2026-09-07
NCT07186192,RECRUITING,2026-01-14,PHASE3,City of Hope Medical Center,OTHER,Educational Intervention|Health Telemonitoring|Questionnaire Administration|Best Practice,"Education for Intervention, Intervention by Education, Intervention through Education, Intervention, Educational|||best practice, standard of care, standard of care, standard of care, standard therapy",1,United States,True,2026-09-07
NCT07200479,NOT_YET_RECRUITING,2025-10-30,PHASE1,"Institute of Hematology & Blood Diseases Hospital, China",OTHER,CAR T cells chimeric antigen receptor cells,,3,China,False,2026-09-07
NCT07256353,NOT_YET_RECRUITING,2025-12-01,EARLY_PHASE1,The General Hospital of Western Theater Command,OTHER,allogeneic umbilical cord blood-derived CAR-T,UCAR-T,1,China,False,2026-09-07
NCT07198867,RECRUITING,2025-09-30,PHASE1,First Affiliated Hospital of Zhejiang University,OTHER,A-CAR028,,1,China,False,2026-09-07
NCT07184450,RECRUITING,2025-09-01,PHASE1,"Chongqing Precision Biotech Co., Ltd",INDUSTRY,BCMA/CD70-targetd CAR-T,,1,China,False,2026-09-07
NCT07194980,RECRUITING,2026-09-01,PHASE2,Fred Hutchinson Cancer Center,OTHER,Nemtabrutinib|Lisocabtagene Maraleucel,ARQ 531;ARQ-531;ARQ531;Bruton's Tyrosine Kinase Inhibitor ARQ 531;BTK Inhibitor ARQ 531;MK-1026|Anti-CD19-CAR Genetically Engineered Autologous T Lymphocytes JCAR017;Anti-CD19-CAR Genetically Engineered Autologous T-lymphocytes JCAR017;Autologous Anti-CD19-EGFRt-4-1BB-zeta-modified CAR CD8+ and CD4+ T-lymphocytes JCAR017;Breyanzi;JCAR 017;JCAR-017;JCAR017;Liso-cel,1,United States,True,2026-09-07
NCT07188610,RECRUITING,2025-09-25,PHASE2,"PersonGen BioTherapeutics (Suzhou) Co., Ltd.",INDUSTRY,T cell injection targeting CD7 chimeric antigen receptor,,16,China,False,2026-09-07
NCT07280494,RECRUITING,2025-08-18,PHASE1,Peking University People's Hospital,OTHER,CAR-T Therapy,,1,China,False,2026-09-07
NCT07293546,ENROLLING_BY_INVITATION,2026-07-20,PHASE1|PHASE2,FOXG1 Research Foundation,OTHER,FRF-001,,1,United States,True,2026-09-07
NCT07246304,RECRUITING,2025-11-30,EARLY_PHASE1,TCRCure Biopharma Ltd.,INDUSTRY,TC-D101 CAR-T,Fludarabine;Cyclophosphamide,1,China,False,2026-09-07
NCT07244666,NOT_YET_RECRUITING,2025-11-15,EARLY_PHASE1,"Second Affiliated Hospital, Zhejiang University, School of Medicine",OTHER,Metabolically Armed EGFRvIII CAR-T cells,Meta10-EGFRvIII;LMC005,1,China,False,2026-09-07
NCT07259070,RECRUITING,2025-11-29,PHASE1|PHASE2,"Institute of Hematology & Blood Diseases Hospital, China",OTHER,BAFF-R CAR-T,,1,China,False,2026-09-07
NCT07195825,RECRUITING,2025-12-27,PHASE1,"Shanghai Xinzhi BioMed Co., Ltd.",INDUSTRY,Injecting BBM-P002 into the bilateral putamen,,1,China,False,2026-09-07
NCT07275736,RECRUITING,2025-03-01,EARLY_PHASE1,Juventas Cell Therapy Ltd.,INDUSTRY,CNCT19 cell injection,,1,China,False,2026-09-07
NCT07174726,ACTIVE_NOT_RECRUITING,2025-09-10,PHASE2,Beacon Therapeutics,INDUSTRY,Adeno-associated virus vector expressing a human RPGR gene,,6,United States,True,2026-09-07
NCT07176923,RECRUITING,2025-10-15,EARLY_PHASE1,"CorrectSequence Therapeutics Co., Ltd",INDUSTRY,CS-121,,1,China,False,2026-09-07
NCT07285694,ACTIVE_NOT_RECRUITING,2026-01-09,PHASE1|PHASE2,"Arsenal Biosciences, Inc.",INDUSTRY,AB-3028,,9,United States,True,2026-09-07
NCT07200089,RECRUITING,2026-08-31,PHASE1,Washington University School of Medicine,OTHER,NT-I7|Placebo,Recombinant human IL-7;Efineptakin alfa|,1,United States,True,2026-09-07
NCT07284433,RECRUITING,2026-01-06,PHASE1|PHASE2,"AvenCell Therapeutics, Inc.",INDUSTRY,"Cyclophosphamide (Non-IMP, Lymphodepletion)|Fludarabine (Non-IMP, Lymphodepletion)|Allo-QuadCAR01-T",||,13,Germany|United States,True,2026-09-07
NCT07245901,NOT_YET_RECRUITING,2025-12-05,PHASE1|PHASE2,Sun Yat-Sen Memorial Hospital of Sun Yat-Sen University,OTHER,circFAM53B mRNA vaccine|toripalimab,circFAM53B mRNA injection|anti-PD-1 monoclonal antibody,0,,False,2026-09-07
NCT07234721,NOT_YET_RECRUITING,2026-02-01,EARLY_PHASE1,"Institute of Hematology & Blood Diseases Hospital, China",OTHER,SL4903 Autologous T-Cell Injection|SL4903 Autologous T-Cell Injection|SL4903 Autologous T-Cell Injection,||,0,,False,2026-09-07
NCT07233018,NOT_YET_RECRUITING,2025-11-18,PHASE1,MEI HENG,OTHER,CT0991 CAR-T cells infusicn,,1,China,False,2026-09-07
NCT07249073,RECRUITING,2025-03-28,EARLY_PHASE1,"Institute of Hematology & Blood Diseases Hospital, China",OTHER,CAR19-BCMA dual-target CAR-T,,1,China,False,2026-09-07
NCT07178431,RECRUITING,2026-04-01,PHASE1|PHASE2,Miltenyi Biomedicine GmbH,INDUSTRY,MB-CART2019.1,,1,Germany,True,2026-09-07
NCT07221032,NOT_YET_RECRUITING,2026-10,PHASE1,Medical College of Wisconsin,OTHER,FT836 CAR T cells (1 x 10^8 cells per dose)|FT836 CAR T cells (3 x 108 cells per dose)|FT836 CAR T cells (up to 9 x 108 cells per dose)|Daratumumab 16 mg/kg,|||DARZALEX,1,United States,True,2026-09-07
NCT07248163,RECRUITING,2025-03-11,NA,Bioray Laboratories,INDUSTRY,BRL-301,Allogeneic Chimeric Antigen Receptor T-Cell Injection Targeting the CD19 Gene,1,China,False,2026-09-07
NCT07249879,RECRUITING,2026-03-03,PHASE1,"Cancer Institute and Hospital, Chinese Academy of Medical Sciences",OTHER,GC511B CAR-T Cell Injection,,2,China,False,2026-09-07
NCT07303790,RECRUITING,2026-03-09,EARLY_PHASE1,Daishi Tian,OTHER,GC012F CAR-T Cell Injection,,1,China,False,2026-09-07
NCT07181720,RECRUITING,2025-09-12,PHASE1,"Chongqing Precision Biotech Co., Ltd",INDUSTRY,CD70-targeted CAR-T cells|CD70-targeted CAR-T cells|CD70-targeted CAR-T cells,||,1,China,False,2026-09-07
NCT07274059,RECRUITING,2025-03-26,EARLY_PHASE1,"Chengdu Ucello Biotechnology Co., Ltd.",INDUSTRY,allogeneic umbilical cord blood-derived CAR-T targeting CD19 and BCMA,,2,China,False,2026-09-07
NCT07248176,RECRUITING,2025-04-10,NA,Bioray Laboratories,INDUSTRY,Targeted BCMA Gene-Modified Allogeneic Chimeric Antigen Receptor T-Cell Injection,BRL-305,1,China,False,2026-09-07
NCT07283315,RECRUITING,2025-12-03,EARLY_PHASE1,The Children's Hospital of Zhejiang University School of Medicine,OTHER,anti-CD19/BCMA CAR NK cells (KN5601-K),,1,China,False,2026-09-07
NCT07282847,RECRUITING,2026-04-15,PHASE1|PHASE2,AskBio Inc,INDUSTRY,AB-1009 (GAA Gene),,9,United States,True,2026-09-07
NCT07263906,RECRUITING,2025-12-01,PHASE1,"Second Affiliated Hospital, Zhejiang University, School of Medicine",OTHER,Anti-LILRA6 CAR-T cells,,1,China,False,2026-09-07
NCT07296120,NOT_YET_RECRUITING,2026-01-01,PHASE4,The Cooper Health System,OTHER,Respiratory Syncytial Virus Prefusion F Vaccine (RSVpreF),,1,United States,True,2026-09-07
NCT07270549,RECRUITING,2025-11-01,PHASE1|PHASE2,CTNNB1 Foundation,OTHER,Urbagen gene addition therapy|Sirolimus|Methylprednisolone (Corticosteroid),||,1,Slovenia,True,2026-09-07
NCT07188558,RECRUITING,2026-01-12,PHASE3,"Lyell Immunopharma, Inc.",INDUSTRY,rondecabtagene autoleucel|axicabtagene ciloleucel|lisocabtagene maraleucel,LYL314|Yescarta;axi-cel|Breyanzi;liso-cel,36,United States,True,2026-09-07
NCT07236151,COMPLETED,2020-02-24,PHASE2,The First Affiliated Hospital of Soochow University,OTHER,Apheresis and Bridging Therapy|Conditioning and Stem Cell Transplantation|CAR-T Cell Administration,1|2|3,1,China,False,2026-09-07
NCT07234045,NOT_YET_RECRUITING,2025-11-30,PHASE1,"Institute of Hematology & Blood Diseases Hospital, China",OTHER,CAR T cells chimeric antigenreceptor cells,,1,China,False,2026-09-07
NCT07275853,NOT_YET_RECRUITING,2025-12-01,PHASE1,TCRx Therapeutics Co.Ltd,INDUSTRY,KXV01 TCR Lentinvivo Injection,,1,China,False,2026-09-07
NCT07231081,RECRUITING,2025-10-16,PHASE1,Tcelltech Inc.,INDUSTRY,Anti-B7-H3 Chimeric Antigen Receptor T-Cell (CAR-T Cell) Injection/TX103,,2,China,False,2026-09-07
NCT07277504,NOT_YET_RECRUITING,2025-12-01,EARLY_PHASE1,The General Hospital of Western Theater Command,OTHER,CD19 CAR T cells,,1,China,False,2026-09-07
NCT07265206,NOT_YET_RECRUITING,2025-12-30,EARLY_PHASE1,Juventas Cell Therapy Ltd.,INDUSTRY,HY001N cell injection,,0,,False,2026-09-07
NCT07244406,RECRUITING,2025-01-10,PHASE2,"Hebei Senlang Biotechnology Inc., Ltd.",INDUSTRY,S1904 CD19 CAR-T,,1,China,False,2026-09-07
NCT07234110,RECRUITING,2025-09-03,NA,"Institute of Hematology & Blood Diseases Hospital, China",OTHER,Fully human CD5 chimeric antigen receptor T cell injection,,1,China,False,2026-09-07
NCT07342179,RECRUITING,2026-02-13,NA,Poitiers University Hospital,OTHER,Additional Bone Marrow cells and blood sampling,,1,France,True,2026-09-07
NCT07369492,RECRUITING,2026-01-01,PHASE1,"Jiangsu Topcel-KH Pharmaceutical Co., Ltd.",INDUSTRY,BAFF-R CAR-T cells,,1,China,False,2026-09-07
NCT07391657,RECRUITING,2026-02-23,PHASE3,AstraZeneca,INDUSTRY,AZD0120|Daratumumab|Carfilzomib|Dexamethasone|Bortezomib|Pomalidomide,|Darzalex|Kyprolis||Velcade|Pomalyst and Imnovid,143,Australia|Brazil|Canada|China|France|Germany|Italy|Japan|Norway|Poland|South Korea|Spain|Taiwan|United Kingdom|United States,True,2026-09-07
NCT07309900,RECRUITING,2025-11-21,PHASE1,"Union Hospital, Tongji Medical College, Huazhong University of Science and Technology",OTHER,IASO208 injection,,1,China,False,2026-09-07
NCT07390071,RECRUITING,2025-09-01,NA,University of Utah,OTHER,Home Automated Telemanagement (HAT) Patient Unit,,1,United States,True,2026-09-07
NCT07349823,NOT_YET_RECRUITING,2026-01-26,EARLY_PHASE1,West China Hospital,OTHER,WGb-0301 injection,,0,,False,2026-09-07
NCT07336823,RECRUITING,2026-01-20,EARLY_PHASE1,"Shenzhen Genocury Biotech Co., Ltd.",INDUSTRY,JY232 Injection,in vivo CAR-T,1,China,False,2026-09-07
NCT07321301,RECRUITING,2025-09-01,PHASE2,Daihong Liu,OTHER,Polymer-Lipid Nanoparticle-Mediated Delivery of CD19/CD20 Dual-Targeting InViVoCAR1920 mRNA for CAR-T Cell Immunotherapy,,1,China,False,2026-09-07
NCT07344818,RECRUITING,2026-01-07,EARLY_PHASE1,Peking University People's Hospital,OTHER,CAR-T cell therapy,,1,China,False,2026-09-07
NCT07382817,RECRUITING,2026-02-18,PHASE1,M.D. Anderson Cancer Center,OTHER,JV-394,,1,United States,True,2026-09-07
NCT07401121,RECRUITING,2026-01-12,PHASE1,Celosia Therapeutics Pty Ltd,INDUSTRY,AAV9 Gene therapy,,1,Australia,False,2026-09-07
NCT07345780,NOT_YET_RECRUITING,2026-12-31,NA,Donghua Zhang,OTHER,CD7-Targeted Chimeric Antigen Receptor (CAR) Gene-Modified T Cells for the Treatment of CD7-Positive Hematological Malignancies,,1,China,False,2026-09-07
NCT07361224,RECRUITING,2026-05,PHASE1,Tel-Aviv Sourasky Medical Center,OTHER_GOV,rhDNase I,,1,Israel,False,2026-09-07
NCT07368270,RECRUITING,2026-01,PHASE1,"Jiangsu Topcel-KH Pharmaceutical Co., Ltd.",INDUSTRY,Anti-PD1 armored CD19 CAR-T cells,,1,China,False,2026-09-07
NCT07316907,NOT_YET_RECRUITING,2025-12-22,PHASE1,YANRU WANG,OTHER,19UCART injection,,1,China,False,2026-09-07
NCT07306156,RECRUITING,2025-11-10,PHASE1|PHASE2,Zhimin Zhai,OTHER,GP350 CAR-T,,1,China,False,2026-09-07
NCT07388277,RECRUITING,2026-07-09,PHASE1|PHASE2,"Marcela V. Maus, M.D.,Ph.D.",OTHER,CC-97540|Lymphodepletion Chemotherapy,BMS-986353;CD19-Targeted NEX-T CAR T Cells|,1,United States,True,2026-09-07
NCT07350837,RECRUITING,2026-01-28,EARLY_PHASE1,Tongji Hospital,OTHER,AZD0120,,1,China,False,2026-09-07
NCT07333677,RECRUITING,2026-01-29,EARLY_PHASE1,Shanghai Zhongshan Hospital,OTHER,In Vivo CAR-T Therapy,HN2301,1,China,False,2026-09-07
NCT07335094,NOT_YET_RECRUITING,2026-06-01,EARLY_PHASE1,Zhujiang Hospital,OTHER,humanized CD19 CAR-T Cells with TLR2,,0,,False,2026-09-07
NCT07371403,RECRUITING,2026-02-20,NA,King Hussein Cancer Center,OTHER,MB-CART19.1,,1,Jordan,False,2026-09-07
NCT07324889,NOT_YET_RECRUITING,2026-01-31,PHASE1|PHASE2,Yihao Wang,OTHER,CD19/BCMA CAR-T,,0,,False,2026-09-07
NCT07316920,NOT_YET_RECRUITING,2025-12-22,PHASE1,YANRU WANG,OTHER,RN1701 injection,,1,China,False,2026-09-07
NCT07347080,RECRUITING,2026-01-20,EARLY_PHASE1,The First Affiliated Hospital of Henan University of Science and Technology,OTHER,Exenatide Circular RNA-Lipid Nanoparticle Injection（ CR059））,,1,China,False,2026-09-07
NCT07386002,NOT_YET_RECRUITING,2026-06-30,PHASE2,T-MAXIMUM Pharmaceutical Inc,INDUSTRY,Intracerebroventricular injection of MT027 UCAR-T Cell targeting B7H3,,4,Taiwan|United States,True,2026-09-07
NCT07380659,NOT_YET_RECRUITING,2026-01-20,PHASE1,"Second Affiliated Hospital, Zhejiang University, School of Medicine",OTHER,FAP allogeneic immunosuppressive CAR-DC,,1,China,False,2026-09-07
NCT07331272,RECRUITING,2026-01-29,PHASE1,Nanjing Legend Biotech Co.,INDUSTRY,LUCAR-G79D T cells,,5,China,False,2026-09-07
NCT07399873,NOT_YET_RECRUITING,2026-06,NA,Massachusetts General Hospital,OTHER,Point-of-care assay for chlamydia and gonorrhea|Laboratory-based chlamydia and gonorrhea NAAT|CRISPR-based assay,||,0,,False,2026-09-07
NCT07398872,ENROLLING_BY_INVITATION,2026-01-13,PHASE1,The Children's Hospital of Zhejiang University School of Medicine,OTHER,AAV9.hMCOLN1co,,1,China,False,2026-09-07
NCT07328581,NOT_YET_RECRUITING,2026-01,PHASE1|PHASE2,iCell Gene Therapeutics,INDUSTRY,"ICG318, BCMA-CD19-IL-15/IL-15 sushi Compound CAR T following cyclophosphamide-only lymphodepletion",,0,,False,2026-09-07
NCT07341828,NOT_YET_RECRUITING,2026-02,PHASE1,Huashan Hospital,OTHER,CD20/BCMA-directed CAR-T cells,C-CAR168,0,,False,2026-09-07
NCT07340853,SUSPENDED,2026-02-28,PHASE1,"Thomas Martin, MD",OTHER,Leukapheresis|Cyclophosphamide|Chimeric Antigen Receptor T cells (CAR-T) Targeting BCMA|Quality of Life (QoL) Questionnaires|Bone Marrow Biopsy|Biospecimen Collection|Fludarabine|Radiographic imaging,|Cycloblastin;Fosfaseron;Genoxal;Cytoxan|CAR-T Infusion||Biopsy|Sample collection|Fluradosa|Positron Emission Tomography (PET)/Computerized tomography (CT);PET/CT;Magnetic Resonance Imaging (MRI);MRI,1,United States,True,2026-09-07
NCT07338357,WITHDRAWN,2026-01-05,EARLY_PHASE1,First Affiliated Hospital of Guangxi Medical University,OTHER,CAR-T,,0,,False,2026-09-07
NCT07388212,NOT_YET_RECRUITING,2026-02-23,EARLY_PHASE1,West China Hospital,OTHER,CD19/BCMA in vivo CAR-T,,0,,False,2026-09-07
NCT07369895,RECRUITING,2025-10-28,PHASE1,"O&D BioTech Group CO., Limited",INDUSTRY,Chimeric antigen receptor T cell O&D-001 injection targeting BCMA and GPRC5D,,1,China,False,2026-09-07
NCT07318259,RECRUITING,2026-01-26,PHASE1,"Chongqing Precision Biotech Co., Ltd",INDUSTRY,BCMA/CD70 CAR-T cells,,1,China,False,2026-09-07
NCT07364487,WITHDRAWN,2026-01-26,EARLY_PHASE1,Huashan Hospital,OTHER,GC012F CAR-T Cell Injection,,1,China,False,2026-09-07
NCT07370064,NOT_YET_RECRUITING,2026-01-31,PHASE1|PHASE2,Xuzhou Medical University,OTHER,CAR-T,anti-CLL1-CD33-NKG2D Bicephali CAR-T cells,1,China,False,2026-09-07
NCT07391605,RECRUITING,2026-04-28,PHASE2,Cartesian Therapeutics,INDUSTRY,Descartes-08|Placebo,|,4,United States,True,2026-09-07
NCT07362758,NOT_YET_RECRUITING,2026-01-01,EARLY_PHASE1,Xinqiao Hospital of Chongqing,OTHER,in vivo CAR-T drug based on LNP-mRNA,,0,,False,2026-09-07
NCT07344311,RECRUITING,2026-01-13,PHASE1,Shanghai AbelZeta Ltd.,INDUSTRY,dnTGFβRII-armoured STEAP2-targeted autologous CAR T-Cell Injection,,5,China,False,2026-09-07
NCT07349849,RECRUITING,2025-12-20,EARLY_PHASE1,Xinqiao Hospital of Chongqing,OTHER,in vivo CAR-T drug based on LNP-mRNA,,1,China,False,2026-09-07
NCT07334119,RECRUITING,2025-11-25,PHASE1,Myeloid Therapeutics,INDUSTRY,MT-304|MT-304 + Nivolumab,mRNA-LNP|mRNA-LNP,7,Australia,False,2026-09-07
NCT07387848,NOT_YET_RECRUITING,2026-04-15,PHASE2,American University of Beirut Medical Center,OTHER,Glofitamab,,0,,False,2026-09-07
NCT07309744,NOT_YET_RECRUITING,2025-12-20,EARLY_PHASE1,"Union Hospital, Tongji Medical College, Huazhong University of Science and Technology",OTHER,RD06-05 CART Cell Infusion,,1,China,False,2026-09-07
NCT07343934,RECRUITING,2026-05-18,PHASE1,University of Pennsylvania,OTHER,huCART19-IL18-eDHFR cells|[18F]Fluoropropyl-Trimethoprim,|[18F]FP-TMP,1,United States,True,2026-09-07
NCT07333430,RECRUITING,2026-01-15,PHASE1,Hadassah Medical Organization,OTHER,Naive HBI0101 CAR-T,,1,Israel,False,2026-09-07
NCT07377435,RECRUITING,2026-01-30,PHASE1,David Avigan,OTHER,DC/MM Fusion Vaccine|GM-CSF,Dendritic Cell and Tumor Fusion Vaccine|Granulocyte-Macrophage Colony-Stimulating Factor,1,United States,True,2026-09-07
NCT07318818,RECRUITING,2026-01-05,PHASE1|PHASE2,"Tasly Pharmaceutical Group Co., Ltd",INDUSTRY,P134 cell injection,,1,China,False,2026-09-07
NCT07332663,NOT_YET_RECRUITING,2026-01-01,EARLY_PHASE1,Sichuan University,OTHER,WGb-0301 injection,,0,,False,2026-09-07
NCT07353398,NOT_YET_RECRUITING,2026-03-11,EARLY_PHASE1,"Shanghai General Hospital, Shanghai Jiao Tong University School of Medicine",OTHER,ART002g1 Injection,,1,China,False,2026-09-07
NCT07359014,RECRUITING,2025-11-01,NA,"Second Affiliated Hospital, Zhejiang University, School of Medicine",OTHER,Dual CD19/BCMA CAR-T,,1,China,False,2026-09-07
NCT07399769,RECRUITING,2024-01-01,PHASE1|PHASE2,Shenzhen University General Hospital,OTHER,CAR-T,,1,China,False,2026-09-07
NCT07376720,NOT_YET_RECRUITING,2026-02-15,NA,Donghua Zhang,OTHER,Recurrent/refractory multiple myeloma (r/r MM) patients received infusion of BCMA-GPRC5D CAR-T cells,,1,China,False,2026-09-07
NCT07322159,NOT_YET_RECRUITING,2026-01-15,EARLY_PHASE1,"Institute of Hematology & Blood Diseases Hospital, China",OTHER,IASO206 injection,,0,,False,2026-09-07
NCT07328503,RECRUITING,2026-06-16,PHASE2,National Cancer Institute (NCI),NIH,CD22 CAR-transduced T cells|Cyclophosphamide|Fludarabine,||,1,United States,True,2026-09-07
NCT07335562,NOT_YET_RECRUITING,2026-08-29,PHASE3,"Juno Therapeutics, Inc., a Bristol-Myers Squibb Company",INDUSTRY,BMS-986353|Fludarabine|Cyclophosphamide|Tocilizumab|Rituximab|Nintedanib,CC-97540|||||,56,Belgium|Canada|France|Germany|Italy|Japan|Spain|Switzerland|United Kingdom|United States,True,2026-09-07
NCT07319676,RECRUITING,2026-03-02,PHASE1|PHASE2,"National University Hospital, Singapore",OTHER,CART infusion,,1,Singapore,False,2026-09-07
NCT07362732,NOT_YET_RECRUITING,2026-02-01,EARLY_PHASE1,Sichuan University,OTHER,WGb-0302 injection,,0,,False,2026-09-07
NCT07371338,RECRUITING,2026-05-30,PHASE1,Innopeutics Corporation,INDUSTRY,IPS101A,,1,South Korea,False,2026-09-07
NCT07335328,NOT_YET_RECRUITING,2026-09-01,PHASE1,Medical College of Wisconsin,OTHER,1 X 10^6 cells/kg|2.5 X 10^6 cells/kg|Dose expansion: The maximum tolerated dose of CAR-T cells,||,1,United States,True,2026-09-07
NCT07392528,NOT_YET_RECRUITING,2026-03,EARLY_PHASE1,Tianjin Huanhu Hospital,OTHER,QT-019C,,1,China,False,2026-09-07
NCT07358260,RECRUITING,2026-08-24,PHASE1,Robbie Majzner,OTHER,B7-H3.CD28Z.CART|Fludarabine|Cyclophosphamide,|Fludara|Cytoxan;Frindovyx;Neosar,1,United States,True,2026-09-07
NCT07339332,RECRUITING,2026-01-16,EARLY_PHASE1,"Union Hospital, Tongji Medical College, Huazhong University of Science and Technology",OTHER,CAR-T Therapy,,1,China,False,2026-09-07
NCT07308470,NOT_YET_RECRUITING,2026-01-08,PHASE2,Pharos University in Alexandria,OTHER,Etodolac-Loaded Solid Lipid Nanoparticle Gel,Traditional Aerobic Training,1,Egypt,False,2026-09-07
NCT07361029,RECRUITING,2025-07-29,PHASE1,King Faisal Specialist Hospital & Research Center,OTHER,CAR T cells chimeric antigen receptor cells,,1,Saudi Arabia,False,2026-09-07
NCT07403097,RECRUITING,2026-02,PHASE1,"Chongqing Precision Biotech Co., Ltd",INDUSTRY,PTOC1,,1,China,False,2026-09-07
NCT07376642,RECRUITING,2025-12-29,EARLY_PHASE1,"Suzhou Immunofoco Biotechnology Co., Ltd",INDUSTRY,IMV101 treatment,,4,China,False,2026-09-07
NCT07347418,RECRUITING,2026-12,PHASE1,"University of Colorado, Denver",OTHER,CD64 CAR T Cells,,1,United States,True,2026-09-07
NCT07345728,RECRUITING,2026-01-01,NA,Donghua Zhang,OTHER,Infusion of BAFFR CAR-T therapy for relapsed/refractory B-cell malignancies,,1,China,False,2026-09-07
NCT07362602,NOT_YET_RECRUITING,2026-01-26,EARLY_PHASE1,The 923rd Hospital of Joint Logistics Support Force of People's Liberation Army,OTHER,In vivo CAR-T drug targeting CD20 based on mRNA-LNP,,0,,False,2026-09-07
NCT07395050,NOT_YET_RECRUITING,2026-09-01,EARLY_PHASE1,City of Hope Medical Center,OTHER,AutoCD6-CAR Treg cells,,1,United States,True,2026-09-07
NCT07364396,NOT_YET_RECRUITING,2026-02,PHASE1|PHASE2,Curocell Inc.,INDUSTRY,CRC01,,0,,False,2026-09-07
NCT07394205,NOT_YET_RECRUITING,2026-09-30,EARLY_PHASE1,First Affiliated Hospital of Wenzhou Medical University,OTHER,CBG131 CAR-T Cell Infusion,,1,China,False,2026-09-07
NCT07398963,RECRUITING,2026-02,PHASE1,"Second Affiliated Hospital, Zhejiang University, School of Medicine",OTHER,CD19-CAR novel oncolytic vaccinia virus,,1,China,False,2026-09-07
NCT07360288,NOT_YET_RECRUITING,2026-03-01,PHASE2,"TICAROS Co., Ltd.",INDUSTRY,TC011 single-arm,,0,,False,2026-09-07
NCT07346144,RECRUITING,2026-04-21,PHASE1|PHASE2,Trogenix ltd,INDUSTRY,TGX-007|Valaciclovir,|,2,United Kingdom|United States,True,2026-09-07
NCT07342244,NOT_YET_RECRUITING,2026-01-30,NA,Donghua Zhang,OTHER,CLL1 CAR-T Cell Sequential Allogeneic Hematopoietic Stem Cell Transplantation,,1,China,False,2026-09-07
NCT07331467,RECRUITING,2026-01,PHASE1,"Chongqing Precision Biotech Co., Ltd",INDUSTRY,CD19 CAR-T cells,,1,China,False,2026-09-07
NCT07371767,RECRUITING,2026-01-26,EARLY_PHASE1,Shanghai Jiao Tong University School of Medicine,OTHER,CS-121,,1,China,False,2026-09-07
NCT07333573,NOT_YET_RECRUITING,2026-01-01,PHASE1|PHASE2,Shanghai Zhongshan Hospital,OTHER,XW-LTH-03 Infusion,,1,China,False,2026-09-07
NCT07312630,RECRUITING,2025-09-25,EARLY_PHASE1,"PersonGen BioTherapeutics (Suzhou) Co., Ltd.",INDUSTRY,LV009 Injection Infusion,,1,China,False,2026-09-07
NCT07338604,RECRUITING,2025-12-12,EARLY_PHASE1,"PersonGen BioTherapeutics (Suzhou) Co., Ltd.",INDUSTRY,CAR-T cell infusion|UTAA07 injection,|,1,China,False,2026-09-07
NCT07355972,RECRUITING,2026-01-16,EARLY_PHASE1,"Union Hospital, Tongji Medical College, Huazhong University of Science and Technology",OTHER,CAR-T Therapy,,1,China,False,2026-09-07
NCT07361094,RECRUITING,2025-11-06,PHASE1,Beijing Boren Hospital,OTHER,Autologous CD19-BCMA Dual-Target CAR T-Cell Therapy,,1,China,False,2026-09-07
NCT07315503,WITHDRAWN,2027-12,EARLY_PHASE1,"Institute of Hematology & Blood Diseases Hospital, China",OTHER,LD and GC012F CAR-T Cell Injection|GC012F CAR-T Cell Injection,cyclophosphamide;fludarabine|,1,China,False,2026-09-07
NCT07390539,RECRUITING,2026-09,PHASE1,Robbie Majzner,OTHER,B7-H3.CD28Z.CART|Fludarabine|Cyclophosphamide,||,2,United States,True,2026-09-07
NCT07383233,NOT_YET_RECRUITING,2026-06-01,PHASE1,Qi deng,OTHER,CD19/BAFF-R in vivo CAR-T cell intravenous infusion,,0,,False,2026-09-07
NCT07341191,RECRUITING,2026-08-24,PHASE2,Canadian Cancer Trials Group,NETWORK,Zanubrutinib|Sonrotoclax|CAR-T Cell Therapy,||,3,Canada,False,2026-09-07
NCT07329959,NOT_YET_RECRUITING,2026-02-01,PHASE1,"Second Affiliated Hospital, Zhejiang University, School of Medicine",OTHER,Leukapheresis|CAR-DC,|,0,,False,2026-09-07
NCT07316010,RECRUITING,2026-03-17,PHASE2,M.D. Anderson Cancer Center,OTHER,Leukapheresis|Lymphodepleting Chemotherapy,|,1,United States,True,2026-09-07
NCT07350863,RECRUITING,2026-10-25,PHASE1,The First Affiliated Hospital of Soochow University,OTHER,CXCR4 CCR9 CAR-T,,1,China,False,2026-09-07
NCT07337785,RECRUITING,2025-12-12,EARLY_PHASE1,Tongji Hospital,OTHER,CD19/BCMA-targeted CAR-T cells|Lymphodepleting Conditioning,RD06-05|,1,China,False,2026-09-07
NCT07390474,RECRUITING,2026-03-25,PHASE1,National Institute of Allergy and Infectious Diseases (NIAID),NIH,DV201P-RNA|DV202B1-RNA,|,7,United States,True,2026-09-07
NCT07322718,RECRUITING,2025-12-24,EARLY_PHASE1,Ruijin Hospital,OTHER,RXIM002 product,,1,China,False,2026-09-07
NCT07395479,RECRUITING,2025-11-21,EARLY_PHASE1,"Cancer Institute and Hospital, Chinese Academy of Medical Sciences",OTHER,V001-BCMA|V001-GPRC5D|V001-DLL3|V001-FcRH5,|||,1,China,False,2026-09-07
NCT07349836,NOT_YET_RECRUITING,2026-01-10,EARLY_PHASE1,Xinqiao Hospital of Chongqing,OTHER,WGc-043 injection|Immune Checkpoint Inhibitors|Standard therapy,||,0,,False,2026-09-07
NCT07315087,RECRUITING,2026-01-01,PHASE1,"Institute of Hematology & Blood Diseases Hospital, China",OTHER,QT-019C,,1,China,False,2026-09-07
NCT07326371,NOT_YET_RECRUITING,2026-03,PHASE2,Ruijin Hospital,OTHER,Glofitamab|Obinutuzumab|Axicabtagene Ciloleucel|Relmacabtagene autoleucel (relma-cel),|||,0,,False,2026-09-07
NCT07365059,NOT_YET_RECRUITING,2026-01-25,EARLY_PHASE1,Qi deng,OTHER,GPRC5D CAR-T cell intravenous infusion,,0,,False,2026-09-07
NCT07464951,RECRUITING,2026-05-14,PHASE1,Stephan Grupp MD PhD,OTHER,Anti-CD123 LV redirected T cells (CART123)|Ruxolitinib (JAKAVI®),|,1,United States,True,2026-09-07
NCT07473167,RECRUITING,2023-08-03,PHASE1|PHASE2,"TICAROS Co., Ltd.",INDUSTRY,TC011,,1,South Korea,False,2026-09-07
NCT07523282,NOT_YET_RECRUITING,2026-12-31,PHASE1,"Shenzhen MagicRNA Biotechnology Co., Ltd",INDUSTRY,HN2302 Injection,in vivo CAR-T,1,China,False,2026-09-07
NCT07516288,RECRUITING,2026-05-11,PHASE1,"Second Affiliated Hospital, Zhejiang University, School of Medicine",OTHER,FAP immunosuppressive CAR-DC,,1,China,False,2026-09-07
NCT07486089,RECRUITING,2026-02-02,PHASE1|PHASE2,Beijing Biotech,INDUSTRY,Dual-target CAR-NK cells (EB-DT-CAR-NK)|Lymphodepleting chemotherapy|Supportive care,EB-DT-CAR-NK (Essen Biotech Dual-Target CAR-NK)|Fludarabine (Fludara®)|Cyclophosphamide (Cytoxan®),1,China,False,2026-09-07
NCT07416240,RECRUITING,2026-02-18,EARLY_PHASE1,Hainan Cancer Hospital,OTHER,Claudin18.2 Targeted Activated Dendritic Cells|Claudin18.2 Targeted CAR-T Cells,|,1,China,False,2026-09-07
NCT07480954,RECRUITING,2026-02-04,PHASE1|PHASE2,Beijing Biotech,INDUSTRY,Dual-target CAR-NK cell product|Lymphodepleting chemotherapy|Standard supportive care,||,1,China,False,2026-09-07
NCT07510802,RECRUITING,2026-02-02,PHASE1|PHASE2,Beijing Biotech,INDUSTRY,Dual-target CAR-NK cells|Lymphodepleting|Supportive care,||,1,China,False,2026-09-07
NCT07424222,RECRUITING,2026-07-15,PHASE1,Sidney Kimmel Comprehensive Cancer Center at Johns Hopkins,OTHER,Ruxolitinib,JAKAFI,1,United States,True,2026-09-07
NCT07429721,RECRUITING,2026-03-03,EARLY_PHASE1,"Union Hospital, Tongji Medical College, Huazhong University of Science and Technology",OTHER,QI-019A Injection,,1,China,False,2026-09-07
NCT07462650,RECRUITING,2026-02-01,PHASE1|PHASE2,Beijing Biotech,INDUSTRY,EB-DUO-CAR-NK-CEA/GCC (IV),,1,China,False,2026-09-07
NCT07443826,RECRUITING,2026-06-01,PHASE1|PHASE2,Unlimited Biotechnology LLC,INDUSTRY,AAV9-Follistatin gene therapy|VEGF Plasmid,|,1,Honduras,False,2026-09-07
NCT07480928,RECRUITING,2026-02-02,PHASE1|PHASE2,Beijing Biotech,INDUSTRY,EB-DNK101 dual-targeting CAR-NK cells (MSLN + MUC1)|EB-DNK102 dual-targeting CAR-NK cells (CLDN18.2 + MUC1)|Lymphodepleting chemotherapy (Flu/Cy),"MSLN/MUC1 Dual-CAR NK, Dual-target CAR-NK (MSLN/MUC1)||Fludarabine + Cyclophosphamide, Conditioning regimen",1,China,False,2026-09-07
NCT07481721,NOT_YET_RECRUITING,2026-05-01,PHASE1,Ming Yang,OTHER,IL13Rα2 CAR-T Cells Secreting Anti-PD-L1 Antibody,,1,China,False,2026-09-07
NCT07471789,RECRUITING,2026-02-04,PHASE1|PHASE2,Gyala Therapeutics,INDUSTRY,CART84,,2,Spain,True,2026-09-07
NCT07482176,RECRUITING,2026-03-16,PHASE3,"Adverum Biotechnologies, Inc.",INDUSTRY,Ixo-vec|Aflibercept,|,79,United States,True,2026-09-07
NCT07479953,NOT_YET_RECRUITING,2027-01-01,PHASE1,Tippi Mackenzie,OTHER,Gene Transfer with an AAV9 Vector Expressing Human ß-galactosidase,,0,,False,2026-09-07
NCT07461727,NOT_YET_RECRUITING,2026-02-10,PHASE1,"Cancer Institute and Hospital, Chinese Academy of Medical Sciences",OTHER,EDB-102,,0,,False,2026-09-07
NCT07416032,NOT_YET_RECRUITING,2026-02-20,EARLY_PHASE1,"Union Hospital, Tongji Medical College, Huazhong University of Science and Technology",OTHER,QT-019C,Universal allogeneic anti-CD19/BCMA CAR T-cells,1,China,False,2026-09-07
NCT07510100,NOT_YET_RECRUITING,2026-05-10,PHASE1|PHASE2,"Nanjing IASO Biotechnology Co., Ltd.",INDUSTRY,Fully Human BCMA Chimeric Antigen Receptor Autologous T Cell Injection (Eque-cel),,3,Japan,False,2026-09-07
NCT07489534,RECRUITING,2025-09-29,PHASE2,Daihong Liu,OTHER,PD-1Ab21-BCMA CAR-T cell immunotherapy,,1,China,False,2026-09-07
NCT07480564,ACTIVE_NOT_RECRUITING,2026-05-08,PHASE3,"Taysha Gene Therapies, Inc.",INDUSTRY,TSHA-102,,3,United States,True,2026-09-07
NCT07453446,WITHDRAWN,2025-03-04,PHASE1,"Shanghai Unicar-Therapy Bio-medicine Technology Co.,Ltd",INDUSTRY,CD30 CAR-T Cells,,1,China,False,2026-09-07
NCT07455500,NOT_YET_RECRUITING,2026-05,NA,"University Hospital, Grenoble",OTHER,Bone marrow and blood sampling,,0,,False,2026-09-07
NCT07513194,NOT_YET_RECRUITING,2026-09-01,PHASE1,Baylor College of Medicine,OTHER,21.15.GPC3-CAR T Cells,RADIANT-T cells,1,United States,True,2026-09-07
NCT07510828,RECRUITING,2026-03-02,PHASE1|PHASE2,Beijing Biotech,INDUSTRY,EB-PT-CAR-NK-S|EB-PT-CAR-NK-D|Lymphodepleting chemotherapy|Cytokine support,|||,1,China,False,2026-09-07
NCT07478848,RECRUITING,2026-05-29,PHASE1,Abramson Cancer Center at Penn Medicine,OTHER,Vancomycin 125mg|Radiation Therapy|CAR-T,||,1,United States,True,2026-09-07
NCT07502118,RECRUITING,2025-09-11,PHASE2|PHASE3,Health Institutes of Turkey,OTHER_GOV,Talikabtagene Autoleucel,,4,Turkey (Türkiye),False,2026-09-07
NCT07485504,NOT_YET_RECRUITING,2026-04-15,PHASE1,Tcelltech Inc.,INDUSTRY,In Vivo CAR-T Therapy,,1,China,False,2026-09-07
NCT07410676,RECRUITING,2026-02-01,PHASE1|PHASE2,Essen Biotech,OTHER,EBNK-001 + IL-15 + Pembrolizumab,Pembrolizumab;IL-15;EBNK-001,1,China,False,2026-09-07
NCT07410377,WITHDRAWN,2026-03,EARLY_PHASE1,The Affiliated Hospital of Xuzhou Medical University,OTHER,UCAR-T cells,,1,China,False,2026-09-07
NCT07509034,NOT_YET_RECRUITING,2026-09-09,PHASE1,National Cancer Institute (NCI),NIH,Autologous B7-H3 CAR T|Cyclophosphamide|Fludarabine,||,1,United States,True,2026-09-07
NCT07461831,ACTIVE_NOT_RECRUITING,2022-02-01,PHASE2,Beijing Tongren Hospital,OTHER,CD19/CD22 bispecific CAR-T cells,,1,China,False,2026-09-07
NCT07441291,RECRUITING,2025-11-30,PHASE3,Peking University People's Hospital,OTHER,CAR-T|DLI,|,1,China,False,2026-09-07
NCT07505199,RECRUITING,2026-05-21,PHASE1,"Second Affiliated Hospital, Zhejiang University, School of Medicine",OTHER,autologus FAP-targeted immunosuppressive CAR-DCs (iCDC)|Standard medical treatment,|,1,China,False,2026-09-07
NCT07444307,RECRUITING,2025-12-15,PHASE1,"Hangzhou Qihan Biotech Co., Ltd.",INDUSTRY,QT-019B Cell Injection,,3,China,False,2026-09-07
NCT07416682,RECRUITING,2026-04-14,EARLY_PHASE1,Affiliated Hospital to Academy of Military Medical Sciences,OTHER,CAR BCMA-CD70-T cells|fludarabine and cyclophosphamide,|,1,China,False,2026-09-07
NCT07507201,RECRUITING,2026-04-01,EARLY_PHASE1,The Children's Hospital of Zhejiang University School of Medicine,OTHER,UCAR T-cell,,1,China,False,2026-09-07
NCT07489196,NOT_YET_RECRUITING,2026-04-05,PHASE2,"CorrectSequence Therapeutics Co., Ltd",INDUSTRY,CS-101 injection,,3,China,False,2026-09-07
NCT07490951,RECRUITING,2026-03-22,NA,Liang Zou,OTHER,CD19/BCMA-targeted CAR-T lentiviral vector drug,,3,China,False,2026-09-07
NCT07493395,RECRUITING,2026-06-11,PHASE2,"University Hospital, Montpellier",OTHER,CD19 CAR T Arm,,4,France,True,2026-09-07
NCT07504289,NOT_YET_RECRUITING,2026-03-07,PHASE1|PHASE2,"Second Affiliated Hospital, Zhejiang University, School of Medicine",OTHER,CAR-NK,CD19/BCMA dual-target Chimeric Antigen Receptor Natural Killer Cells,0,,False,2026-09-07
NCT07485855,RECRUITING,2025-12-04,PHASE3,Asan Medical Center,OTHER,High-dose trivalent inactivated influenza vaccine (HD-IIV3)|MF59-adjuvanted quadrivalent inactivated influenza vaccine (aIIV4)|Standard-dose trivalent inactivated influenza vaccine (SD-IIV3),||,1,South Korea,False,2026-09-07
NCT07429461,RECRUITING,2026-02-28,EARLY_PHASE1,Zhejiang University,OTHER,SYNCAR-100 Injection,,1,China,False,2026-09-07
NCT07477912,RECRUITING,2025-02-01,PHASE1|PHASE2,"Minsk Scientific-Practical Center for Surgery, Transplantation and Hematology",OTHER_GOV,anti BCMA CAR-T cells,,1,Belarus,False,2026-09-07
NCT07473154,RECRUITING,2026-04-10,PHASE1|PHASE2,Quell Therapeutics Limited,INDUSTRY,QEL-005,,10,Germany|Spain|United Kingdom,True,2026-09-07
NCT07487402,NOT_YET_RECRUITING,2026-03-30,EARLY_PHASE1,Zhejiang University,OTHER,Metabolically Armed GPC3 CAR-T cells,Meta10-GPC3,1,China,False,2026-09-07
NCT07410494,RECRUITING,2026-02-01,PHASE1|PHASE2,Essen Biotech,OTHER,EB-SELECT Single-Target CAR-NK Cells|Dual-Target Antigen-Selected CAR-NK,Lymphodepleting Chemotherapy;Fludarabine;Cyclophosphamide;IL-2|EB-SELECT Dual-Target CAR-NK Cells;Fludarabine;Cyclophosphamide;IL-2,1,China,False,2026-09-07
NCT07470073,RECRUITING,2026-04-01,EARLY_PHASE1,"Union Hospital, Tongji Medical College, Huazhong University of Science and Technology",OTHER,CT1190B cell injection,CT1190B,1,China,False,2026-09-07
NCT07506668,NOT_YET_RECRUITING,2026-03-23,PHASE1|PHASE2,Affiliated Hospital of Nantong University,OTHER,RN1701 injection,,0,,False,2026-09-07
NCT07413835,RECRUITING,2026-03-17,NA,The Affiliated Hospital of Xuzhou Medical University,OTHER,HN2302 Injection,in vivo CAR-T,1,China,False,2026-09-07
NCT07493044,RECRUITING,2026-03-27,PHASE1,"Guangzhou FineImmune Biotechnology Co., LTD.",INDUSTRY,Super CAR-T,,1,China,False,2026-09-07
NCT07517536,ENROLLING_BY_INVITATION,2026-04-22,NA,The Affiliated Nanjing Drum Tower Hospital of Nanjing University Medical School,OTHER,anti-CD19/70 CAR T cells (CHT105),,1,China,False,2026-09-07
NCT07444281,RECRUITING,2024-12-25,PHASE1,Shanghai AbelZeta Ltd.,INDUSTRY,C-CAR031,,1,China,False,2026-09-07
NCT07443137,NOT_YET_RECRUITING,2026-09,PHASE1,Stanford University,OTHER,Rapcabtagene autoleucel (YTB323),,0,,False,2026-09-07
NCT07470151,RECRUITING,2026-03-12,NA,"Union Hospital, Tongji Medical College, Huazhong University of Science and Technology",OTHER,EVM18001 Injection,,1,China,False,2026-09-07
NCT07447557,RECRUITING,2026-07,PHASE1|PHASE2,Elpida Therapeutics SPC,INDUSTRY,ELP-02,,2,United States,True,2026-09-07
NCT07523529,RECRUITING,2026-03-02,PHASE1|PHASE2,Beijing Biotech,INDUSTRY,Autologous dual-target CAR-T cells selected from the predefined target library.|Fludarabine|Cyclophosphamide,|lymphodepletion|lymphodepletion,1,China,False,2026-09-07
NCT07504445,NOT_YET_RECRUITING,2026-06-10,EARLY_PHASE1,Peking University Shenzhen Hospital,OTHER,CAR-DC treatment,,1,China,False,2026-09-07
NCT07412405,NOT_YET_RECRUITING,2026-09-01,NA,GUSTAVO SALGUERO,OTHER,ARI-0001 T cells with anti-CD19 chimeric antigen receptor (CAR-T),,0,,False,2026-09-07
NCT07420010,NOT_YET_RECRUITING,2026-03-15,EARLY_PHASE1,"Weijia Fang, MD",OTHER,KT032(anti-MSLN chimeric antigen receptor autologous T cell injection),,0,,False,2026-09-07
NCT07429240,RECRUITING,2026-04-24,PHASE1|PHASE2,"Precision BioSciences, Inc.",INDUSTRY,PBGENE-DMD (IV),,2,United States,True,2026-09-07
NCT07519187,RECRUITING,2026-04-23,EARLY_PHASE1,The General Hospital of Western Theater Command,OTHER,CAR 70-BCMA CAR-T,,1,China,False,2026-09-07
NCT07441980,NOT_YET_RECRUITING,2026-03-02,PHASE1,"Institute of Hematology & Blood Diseases Hospital, China",OTHER,CAR-T cells chimeric antigen receptor T cells,,1,China,False,2026-09-07
NCT07453095,RECRUITING,2026-06-05,PHASE2,Fondazione Italiana Linfomi - ETS,OTHER,Glofitamab,RO7082859,14,Italy,True,2026-09-07
NCT07428473,RECRUITING,2026-06,PHASE1,Monash University,OTHER,STX-1150,,2,Australia|New Zealand,False,2026-09-07
NCT07451236,NOT_YET_RECRUITING,2026-03-18,PHASE1|PHASE2,Chang Yingjun,OTHER,CD19-BCMA dual nanobody based CAR-T Cells,,0,,False,2026-09-07
NCT07487597,RECRUITING,2026-02-28,EARLY_PHASE1,TCRCure Biopharma Ltd.,INDUSTRY,Enhanced ALPP CAR-T treatment,Fludarabine Cyclophosphamide,1,China,False,2026-09-07
NCT07407010,NOT_YET_RECRUITING,2026-06-01,PHASE1,"Institute of Hematology & Blood Diseases Hospital, China",OTHER,CM336 (BCMA/CD3 bispecific antibody),,0,,False,2026-09-07
NCT07475182,RECRUITING,2025-12-06,EARLY_PHASE1,Hainan Cancer Hospital,OTHER,Targeted Activated Dendritic Cells|Targeted CAR-T Cells,|,1,China,False,2026-09-07
NCT07523555,RECRUITING,2026-03-02,PHASE1|PHASE2,Beijing Biotech,INDUSTRY,Autologous CD19/CD22 dual-target CAR-T module|Autologous CD19/CD20 dual-target CAR-T module|Autologous BCMA/CD19 dual-target CAR-T module|Autologous BCMA/CD38 dual-target CAR-T module|Autologous BCMA/GPRC5D dual-target CAR-T|Autologous CD33/CD123 dual-target CAR-T module|Autologous CD33/CLL1 dual-target CAR-T module|Autologous CD5/CD7 dual-target CAR-T module,|||||||,1,China,False,2026-09-07
NCT07454226,RECRUITING,2026-05-30,NA,"Institute of Hematology & Blood Diseases Hospital, China",OTHER,Olverembatinib|Gecacitinib|Venetoclax|Chemotherapy Regimen|Blinatumomab|CAR-T Cell Therapy|Allogeneic HSCT,||||||,1,China,False,2026-09-07
NCT07523542,RECRUITING,2026-03-02,PHASE1|PHASE2,Beijing Biotech,INDUSTRY,"Autologous anti-CD19 CAR-T cells, intravenous single infusion at protocol-defined dose level (1 x 10^6 or 3 x 10^6 CAR-positive viable T cells/kg).|Fludarabine|Cyclophosphamide",||,1,China,False,2026-09-07
NCT07503353,NOT_YET_RECRUITING,2026-06,PHASE1|PHASE2,Sheba Medical Center,OTHER_GOV,SHB-02-CD19 (anti CD19 CAR-T cells),,1,Israel,False,2026-09-07
NCT07432867,RECRUITING,2026-02-25,PHASE1|PHASE2,Assistance Publique - Hôpitaux de Paris,OTHER,DREAM01 drug product|anti-inflammatory therapy,|,1,France,True,2026-09-07
NCT07479927,RECRUITING,2025-12-19,NA,Hospital Universitario La Paz,OTHER,Digital cognitive training|Online Mindfulness-Based Intervention,|,1,Spain,True,2026-09-07
NCT07458659,NOT_YET_RECRUITING,2026-06-01,EARLY_PHASE1,Chulalongkorn University,OTHER,Chimeric Antigen Receptor T Cells (CAR-T),,1,Thailand,False,2026-09-07
NCT07451054,RECRUITING,2026-08-05,PHASE1,University of Pennsylvania,OTHER,CART-45 cells|CD45BE-HSPC,|,1,United States,True,2026-09-07
NCT07413341,RECRUITING,2026-01-22,PHASE1,Therorna,INDUSTRY,TI-0032-III injection,,1,China,False,2026-09-07
NCT07500805,NOT_YET_RECRUITING,2026-05-01,PHASE1,UTC Therapeutics Inc.,INDUSTRY,UCL70805F,,1,China,False,2026-09-07
NCT07447726,NOT_YET_RECRUITING,2026-04-05,PHASE1|PHASE2,"Institute of Hematology & Blood Diseases Hospital, China",OTHER,CD19X CAR-T,,0,,False,2026-09-07
NCT07428993,RECRUITING,2026-09,PHASE2,St. Jude Children's Research Hospital,OTHER,Cyclophosphamide|Fludarabine|Mesna|Apheresis|SJCARB7H3_41BBL infusion,||||,1,United States,True,2026-09-07
NCT07403812,NOT_YET_RECRUITING,2026-07,NA,Beth Israel Deaconess Medical Center,OTHER,DCog Short,,1,United States,True,2026-09-07
NCT07435779,RECRUITING,2026-02-04,EARLY_PHASE1,"Hebei Senlang Biotechnology Inc., Ltd.",INDUSTRY,BCMA CAR-T or CD19 CAR-T or CD19×BCMA,Biological: BCMA/CD19/CD19×BCMA CAR-T,1,China,False,2026-09-07
NCT07456371,RECRUITING,2026-03,PHASE1,"Chongqing Precision Biotech Co., Ltd",INDUSTRY,PIC1 Injection,,1,China,False,2026-09-07
NCT07464483,RECRUITING,2025-11-21,NA,IRCCS Azienda Ospedaliero-Universitaria di Bologna,OTHER,"Collection of stool, urine, serum, and saliva samples; histological evaluation of biopsy specimens",,1,Italy,True,2026-09-07
NCT07423572,NOT_YET_RECRUITING,2026-02-28,EARLY_PHASE1,The First Affiliated Hospital of Zhejiang Chinese Medical University,OTHER,CD19/BCMA-Targeted Universal Chimeric Antigen Receptor T Cells (UCAR-T) infusing,,1,China,False,2026-09-07
NCT07509086,RECRUITING,2025-12-29,PHASE2,The First Hospital of Jilin University,OTHER,IL-15-armored CAR-T cells,,1,China,False,2026-09-07
NCT07432100,NOT_YET_RECRUITING,2026-02,PHASE1,Mingfeng Zhao,OTHER,universal CLL1 CAR-T cells,,0,,False,2026-09-07
NCT07406984,NOT_YET_RECRUITING,2026-03-05,PHASE1,"Beijing Immunochina Medical Science & Technology Co., Ltd.",INDUSTRY,IM96 CAR-T Cells,,1,China,False,2026-09-07
NCT07500220,RECRUITING,2026-03-02,PHASE1|PHASE2,Beijing Biotech,INDUSTRY,EB-G3B7-NK dual-target CAR-NK cells|Fludarabine|Cyclophosphamide,Dual-target GPC3/B7-H3 CAR-NK; G3B7-NK; EB-G3B7-NK|FC lymphodepletion|FC lymphodepletion,1,China,False,2026-09-07
NCT07480941,RECRUITING,2026-02-02,PHASE1,Beijing Biotech,INDUSTRY,Dual-target CAR-NK cells|Cyclophosphamide|Fludarabine|Intracranial catheter/reservoir for locoregional delivery,|||,1,China,False,2026-09-07
NCT07421856,NOT_YET_RECRUITING,2026-02-01,PHASE1|PHASE2,"Hebei Senlang Biotechnology Inc., Ltd.",INDUSTRY,Autologous BCMA-targeting CAR T cells,,0,,False,2026-09-07
NCT07476027,NOT_YET_RECRUITING,2026-03-15,EARLY_PHASE1,"Institute of Hematology & Blood Diseases Hospital, China",OTHER,CD7 CAR-T cell intravenous infusion,,0,,False,2026-09-07
NCT07511426,NOT_YET_RECRUITING,2026-07-30,PHASE1,The First Affiliated Hospital of Soochow University,OTHER,U96,,1,China,False,2026-09-07
NCT07489989,RECRUITING,2025-05-15,PHASE2,Daihong Liu,OTHER,CAR-T Cell Therapy + Chidamide and PD-1 Inhibitor Maintenance,,1,China,False,2026-09-07
NCT07432334,RECRUITING,2026-03-01,PHASE1,Vinmec Research Institute of Stem Cell and Gene Technology,OTHER,Autologous CD19-Targeted CAR-T Cells,,1,Vietnam,False,2026-09-07
NCT07509450,RECRUITING,2026-06-02,NA,"University Health Network, Toronto",OTHER,Fecal Microbial Transplant Enema|Fecal Microbial Transplant Enema,|,1,Canada,False,2026-09-07
NCT07488923,RECRUITING,2026-06-23,PHASE1,"Moonlight Bio, Inc",INDUSTRY,ML261,,6,United States,True,2026-09-07
NCT07441525,RECRUITING,2026-02-03,EARLY_PHASE1,"Union Hospital, Tongji Medical College, Huazhong University of Science and Technology",OTHER,CART Infusion,,1,China,False,2026-09-07
NCT07538635,RECRUITING,2026-04-20,PHASE2,Zhejiang Cancer Hospital,OTHER,Axicabtagene Ciloleucel,,1,China,False,2026-09-07
NCT07644403,ENROLLING_BY_INVITATION,2026-03-05,PHASE1|PHASE2,"Suzhou Immunofoco Biotechnology Co., Ltd",INDUSTRY,Autologous CAR-T cell injection targeting EpCAM,,1,China,False,2026-09-07
NCT07587125,RECRUITING,2026-05-08,PHASE1,Xijing Hospital,OTHER,S103 cells,,1,China,False,2026-09-07
NCT07638982,NOT_YET_RECRUITING,2026-10-31,PHASE1,"Northside Hospital, Inc.",OTHER,Axatilimab,,1,United States,True,2026-09-07
NCT07551349,RECRUITING,2026-02-02,PHASE1|PHASE2,Beijing Biotech,INDUSTRY,EB-701/CA9-NK|Fludarabine,|,1,China,False,2026-09-07
NCT07564453,RECRUITING,2025-04-01,PHASE2,The First Affiliated Hospital of Soochow University,OTHER,Blinatumomab|Induction Chemotherapy|Hyper-CVAD|Allogeneic hematopoietic stem cell transplantation|CAR-T cell therapy,||||,1,China,False,2026-09-07
NCT07617285,RECRUITING,2026-05-07,PHASE1,Peking University People's Hospital,OTHER,CAR-T cells chimeric antigen receptor T cells,Off-the-shelf allogeneic CAR-T cells,1,China,False,2026-09-07
NCT07551336,RECRUITING,2026-03-02,PHASE1,Beijing Biotech,INDUSTRY,Dual-target CAR-NK cells|Cyclophosphamide|Intracranial catheter/reservoir for locoregional delivery|Fludarabine,|||,1,China,False,2026-09-07
NCT07622862,NOT_YET_RECRUITING,2026-06,PHASE1,"Zhongshan Hospital (Xiamen), Fudan University",OTHER,"Allogeneic, off-the-shelf CAR-T cell injection targeting BCMA and GPRC5D",,0,,False,2026-09-07
NCT07604792,SUSPENDED,2025-09-25,EARLY_PHASE1,Beijing Boren Hospital,OTHER,FIT-(BCMA+CD19)-CAR-T Cells,,1,China,False,2026-09-07
NCT07544225,NOT_YET_RECRUITING,2026-12-01,PHASE1,"Gustave Roussy, Cancer Campus, Grand Paris",OTHER,anti-CD19 CAR-T cells,,1,France,True,2026-09-07
NCT07533591,NOT_YET_RECRUITING,2026-05,EARLY_PHASE1,"Second Affiliated Hospital, Zhejiang University, School of Medicine",OTHER,gene therapy,,1,China,False,2026-09-07
NCT07563543,NOT_YET_RECRUITING,2026-05-08,EARLY_PHASE1,The First Affiliated Hospital with Nanjing Medical University,OTHER,RN1701 injection,,0,,False,2026-09-07
NCT07618585,ACTIVE_NOT_RECRUITING,2026-04-01,PHASE1,Ruijin Hospital,OTHER,NTF001 Injection,,1,China,False,2026-09-07
NCT07555561,SUSPENDED,2026-09,PHASE1,Beijing Boren Hospital,OTHER,Autologous CD19-CD20-NKG2D-nsBicephali CAR-T Cell Injection,,1,China,False,2026-09-07
NCT07643103,NOT_YET_RECRUITING,2026-06-12,PHASE2,"Institute of Hematology & Blood Diseases Hospital, China",OTHER,Inotuzumab Ozogamicin (IO)|Venetoclax|Blinatumomab|CD19-directed chimeric antigen receptor (CAR-T) T cells|Vincristine|Cyclophosphamide|Dexamethasone|Methotrexate|Cytarabine (Ara-C)|Prednisone|Mercaptopurine 50 mg,||||||||||,0,,False,2026-09-07
NCT07539688,NOT_YET_RECRUITING,2026-05-01,PHASE1,"Institute of Hematology & Blood Diseases Hospital, China",OTHER,CY-219 CAR-T,,0,,False,2026-09-07
NCT07616271,NOT_YET_RECRUITING,2026-05-22,PHASE2|PHASE3,Tongji Hospital,OTHER,Diammonium glycyrrhizinate Capsules,,0,,False,2026-09-07
NCT07628595,NOT_YET_RECRUITING,2026-07-01,EARLY_PHASE1,The First Affiliated Hospital with Nanjing Medical University,OTHER,RN9101 injection,,1,China,False,2026-09-07
NCT07586709,NOT_YET_RECRUITING,2026-05-09,EARLY_PHASE1,Liping Dou,OTHER,In vivo BCMA/GPRC5D Tandem Dual CAR-T cell,SL4903,0,,False,2026-09-07
NCT07587684,RECRUITING,2026-06-12,PHASE1,"Union Hospital, Tongji Medical College, Huazhong University of Science and Technology",OTHER,IN026 Injection,,1,China,False,2026-09-07
NCT07652138,RECRUITING,2025-07-30,PHASE1,The First Affiliated Hospital of Soochow University,OTHER,BCMA/CD19-targeted allogeneic CAR-T,,1,China,False,2026-09-07
NCT07627711,RECRUITING,2026-03-02,PHASE1|PHASE2,Beijing Biotech,INDUSTRY,EB-DNK101 dual-targeting CAR-NK cells (MSLN + MUC1)|EB-DNK102 dual-targeting CAR-NK cells (CLDN18.2 + MUC1)|Lymphodepleting chemotherapy (Flu/Cy),"MSLN/MUC1 Dual-CAR NK, Dual-target CAR-NK (MSLN/MUC1)|CLDN18.2/MUC1 Dual-CAR NK, Dual-target CAR-NK (CLDN18.2/MUC1)|Fludarabine + Cyclophosphamide, Conditioning regimen",1,China,False,2026-09-07
NCT07652242,RECRUITING,2026-06,PHASE1,"Immunomic Therapeutics, Inc.",INDUSTRY,ITI-5000 mRNA Vaccine|Pembrolizumab|ITI-5000 mRNA Vaccine|Olaparib|Capecitabine|ITI-5000 MTD (Maximum Tolerated Dose),|||||,2,United States,True,2026-09-07
NCT07530380,RECRUITING,2026-04,EARLY_PHASE1,The Second Hospital of Anhui Medical University,OTHER,QT-219C Cell Injection,,1,China,False,2026-09-07
NCT07575919,RECRUITING,2026-01-01,PHASE1|PHASE2,Liping Dou,OTHER,CD22/CD19 Dual-Target CAR-T Cells,,1,China,False,2026-09-07
NCT07617740,RECRUITING,2026-05-25,EARLY_PHASE1,Peking University People's Hospital,OTHER,IASO207 Injection,,1,China,False,2026-09-07
NCT07564401,RECRUITING,2026-06-16,PHASE1|PHASE2,Novartis Pharmaceuticals,INDUSTRY,DJI136,,4,Singapore|United States,True,2026-09-07
NCT07569263,NOT_YET_RECRUITING,2026-07,PHASE1,University of Florida,OTHER,Ex-Vivo expanded autologous IL-8 receptor (CXCR2) modified CD70 CAR (8R-70CAR) T cells,8R-70 CAR T Cells,1,United States,True,2026-09-07
NCT07620314,RECRUITING,2026-07-16,PHASE1,Chinese PLA General Hospital,OTHER,KSVCBD injection,,1,China,False,2026-09-07
NCT07596680,NOT_YET_RECRUITING,2026-09-01,EARLY_PHASE1,"Nanjing Bioheng Biotech Co., Ltd.",INDUSTRY,RD06-05 CAR-T Cell Injection,,1,China,False,2026-09-07
NCT07569965,NOT_YET_RECRUITING,2026-09,PHASE2,Miltenyi Biomedicine GmbH,INDUSTRY,zamtocabtagene autoleucel (MB-CART2019.1)|Cyclophosphamide|Fludarabine,||,0,,False,2026-09-07
NCT07653971,NOT_YET_RECRUITING,2026-09-30,NA,"Chigenovo Co., Ltd",NETWORK,ZVS101e,,2,China,False,2026-09-07
NCT07596693,RECRUITING,2025-12-19,PHASE1,TCRx Therapeutics Co.Ltd,INDUSTRY,KXV01 TCR Lentinvivo Injection,,1,China,False,2026-09-07
NCT07564219,RECRUITING,2026-01-30,NA,Universitätsklinikum Hamburg-Eppendorf,OTHER,Ketogenic diet|Ketogenic Drinks,|,1,Germany,True,2026-09-07
NCT07556120,NOT_YET_RECRUITING,2026-12-31,PHASE1,"Shenzhen MagicRNA Biotechnology Co., Ltd",INDUSTRY,HN2301 injection,in vivo CAR-T,1,China,False,2026-09-07
NCT07539610,NOT_YET_RECRUITING,2026-04,PHASE1,"Institute of Hematology & Blood Diseases Hospital, China",OTHER,Sup19 CAR-T,,1,China,False,2026-09-07
NCT07542678,NOT_YET_RECRUITING,2026-04,PHASE2,Institut für Klinische Krebsforschung IKF GmbH at Krankenhaus Nordwest,OTHER,"Glofitamab, Gemcitabine, and Oxaliplatin as Induction Therapy|Glofitamab as Consolidation therapy",|,5,Germany,True,2026-09-07
NCT07613788,NOT_YET_RECRUITING,2026-05,PHASE2,Ruijin Hospital,OTHER,Rimegepant|Glofitamab|Obinutuzumab|CD19 CAR-T Cell Therapy|Fludarabine|Cyclophosphamide,|||||,1,China,False,2026-09-07
NCT07575971,RECRUITING,2026-01-01,PHASE1|PHASE2,Liping Dou,OTHER,CD22/CD19 Dual-Target CAR-T Cells,,1,China,False,2026-09-07
NCT07570862,RECRUITING,2026-07-27,PHASE2,Fate Therapeutics,INDUSTRY,FT819,,9,United States,True,2026-09-07
NCT07626476,RECRUITING,2024-12-16,EARLY_PHASE1,Beijing Boren Hospital,OTHER,Targeted BCMA Autologous CART Cell Injection,,1,China,False,2026-09-07
NCT07544160,NOT_YET_RECRUITING,2026-04-07,PHASE1|PHASE2,iCell Gene Therapeutics,INDUSTRY,"ICG318, BCMA-CD19-IL-15/IL-15 sushi Compound CAR T",,1,China,False,2026-09-07
NCT07539233,NOT_YET_RECRUITING,2026-04-15,EARLY_PHASE1,"Institute of Hematology & Blood Diseases Hospital, China",OTHER,QI-019B Injection,,1,China,False,2026-09-07
NCT07620275,RECRUITING,2026-09-10,PHASE1,Chinese PLA General Hospital,OTHER,KSVCBD injection,,3,China,False,2026-09-07
NCT07544420,NOT_YET_RECRUITING,2026-05-15,PHASE1,Klothea Bio Inc,INDUSTRY,aKLmRNA (AKL003)|Placebo,|,1,Honduras,False,2026-09-07
NCT07613411,NOT_YET_RECRUITING,2026-06-01,EARLY_PHASE1,Chinese PLA General Hospital,OTHER,KSVCBD injection,,1,China,False,2026-09-07
NCT07587021,RECRUITING,2026-08,PHASE2,"YolTech Therapeutics Co., Ltd",INDUSTRY,YOLT-203|Placebo,Investigational Gene Editing Therapy|,1,United States,True,2026-09-07
NCT07584889,RECRUITING,2024-04-20,PHASE1|PHASE2,Shenzhen University General Hospital,OTHER,CAR-T cell,,1,China,False,2026-09-07
NCT07587879,NOT_YET_RECRUITING,2027-01-01,PHASE1|PHASE2,"IntraAb, Inc.",INDUSTRY,mRNA-LNP,,1,United States,True,2026-09-07
NCT07584850,NOT_YET_RECRUITING,2026-04-20,EARLY_PHASE1,Ruijin Hospital,OTHER,GI001 Injection,,0,,False,2026-09-07
NCT07589517,RECRUITING,2026-02-02,PHASE1|PHASE2,Beijing Biotech,INDUSTRY,EB-DUO-CAR-NK-CEA/GCC|Lymphodepletion,|,1,China,False,2026-09-07
NCT07580001,NOT_YET_RECRUITING,2026-07,NA,Shanghai 10th People's Hospital,OTHER,NuRapid-CRISPR Rapid Pathogen Detection Technology|Traditional pathogen culture,|,3,China,False,2026-09-07
NCT07593482,NOT_YET_RECRUITING,2026-09,PHASE2,Swiss Cancer Institute,OTHER,bendamustine hydrochloride|Cyclophosphamide|Fludarabine,||,9,Switzerland,True,2026-09-07
NCT07629596,RECRUITING,2026-04-07,EARLY_PHASE1,"Circunited BioPharma (Shenzhen) Co., Ltd.",INDUSTRY,Arnovie101 Infusion Intravenous,in vivo CAR-T,1,China,False,2026-09-07
NCT07553793,NOT_YET_RECRUITING,2026-05-01,PHASE1,Peking Union Medical College Hospital,OTHER,CAR-M-C-MET cell intraperitoneal infusion,,1,China,False,2026-09-07
NCT07548411,ACTIVE_NOT_RECRUITING,2023-07-10,PHASE1|PHASE2,"Gritgen Therapeutics Co., Ltd.",INDUSTRY,GS1191-0445 injection,,2,China,False,2026-09-07
NCT07546630,NOT_YET_RECRUITING,2026-04-30,EARLY_PHASE1,Affiliated Hospital to Academy of Military Medical Sciences,OTHER,CD19/CD20 Tandem Dual CAR-T,,0,,False,2026-09-07
NCT07597070,NOT_YET_RECRUITING,2026-09,PHASE2,University of Florida,OTHER,Pfizer-BioNTech mRNA COVID-19 vaccine,,0,,False,2026-09-07
NCT07561723,RECRUITING,2026-04-30,PHASE1,West China Hospital,OTHER,IMP3-saRNA (YMN-136) Vaccine,,1,China,False,2026-09-07
NCT07612787,NOT_YET_RECRUITING,2026-06-01,PHASE1|PHASE2,Centre Hospitalier Universitaire de Saint Etienne,OTHER,CAR-T cells|BCMA bispecific,|,30,France,True,2026-09-07
NCT07589543,RECRUITING,2026-03-02,PHASE1|PHASE2,Beijing Biotech,INDUSTRY,EB-DUALNK|Cyclophosphamide|Fludarabine,||,1,China,False,2026-09-07
NCT07641036,RECRUITING,2026-03-02,PHASE1|PHASE2,Beijing Biotech,INDUSTRY,EB-HC01 dual-target CARNK cells|Fludarabine|Cyclophosphamide,||,1,China,False,2026-09-07
NCT07648264,NOT_YET_RECRUITING,2026-08-31,PHASE3,CSL Behring,INDUSTRY,IgPro20,Immune Globulin Subcutaneous (Human) 20% Liquid,60,Belgium|Canada|Czechia|Denmark|France|Germany|Italy|Poland|Spain|United Kingdom|United States,True,2026-09-07
NCT07586306,NOT_YET_RECRUITING,2026-06-01,PHASE1|PHASE2,"Shanghai Vitalgen BioPharma Co., Ltd.",INDUSTRY,VGR-R01,,2,China,False,2026-09-07
NCT07532525,RECRUITING,2026-09-01,PHASE1,University of Michigan Rogel Cancer Center,OTHER,Biospecimen Collection|Pomalidomide,Biological Sample Collection;Biospecimen Collected;Specimen Collection|4-Aminothalidomide;Actimid;CC 4047;CC-4047;CC4047;Imnovid;Pomalyst,1,United States,True,2026-09-07
NCT07585071,NOT_YET_RECRUITING,2026-06-15,PHASE1,"Institute of Hematology & Blood Diseases Hospital, China",OTHER,IASO206 injection,,0,,False,2026-09-07
NCT07541391,RECRUITING,2026-05,PHASE1,"Peter MacCallum Cancer Centre, Australia",OTHER,PMCC-COE-KMA,,1,Australia,False,2026-09-07
NCT07617753,RECRUITING,2026-03-02,PHASE1|PHASE2,Beijing Biotech,INDUSTRY,Dual-target CAR-NK cell product|Cyclophosphamide|supportive,||,1,China,False,2026-09-07
NCT07592754,NOT_YET_RECRUITING,2026-05-15,EARLY_PHASE1,Chinese PLA General Hospital,OTHER,KSVCBD injection,,1,China,False,2026-09-07
NCT07544589,RECRUITING,2026-04-13,PHASE1,Dispatch Biotherapeutics,INDUSTRY,DISP-10,,5,United States,True,2026-09-07
NCT07544992,RECRUITING,2026-05-26,PHASE1,City of Hope Medical Center,OTHER,Autologous Anti-EGFR/Anti-IL13Ralpha2 CAR T-cells|Biopsy Procedure|Biospecimen Collection|Echocardiography Test|FDG-Positron Emission Tomography|Intracranial Catheter Placement|Leukapheresis|Magnetic Resonance Imaging|Resection,"Autologous Anti-EGFR/Anti-IL13Ra2 CAR T-cells;Autologous Anti-EGFR/IL13Ra2 CAR T Cells;Autologous Anti-EGFR/IL13Ra2 CAR-T Cells;CART-EGFR-IL13Ra2 Cells|Biopsy;BIOPSY_TYPE;Bx|Biological Sample Collection;Biospecimen Collected;Specimen Collection|EC;Echocardiography|FDG;FDG-PET;FDG-PET Imaging||Leukocyte Adsorptive Apheresis;Leukocytopheresis;Therapeutic Leukopheresis;White Blood Cell Reduction Apheresis|Magnetic Resonance;Magnetic Resonance Imaging (MRI);Magnetic resonance imaging (procedure);Magnetic Resonance Imaging Scan;Medical Imaging, Magnetic Resonance / Nuclear Magnetic Resonance;MR;MR Imaging;MRI;MRI Scan;MRIs;NMR Imaging;NMRI;Nuclear Magnetic Resonance Imaging;sMRI;Structural MRI|Surgical Resection",1,United States,True,2026-09-07
NCT07577986,NOT_YET_RECRUITING,2026-05-01,PHASE1|PHASE2,First Affiliated Hospital of Zhejiang University,OTHER,Chidamide Combined with NKG2D CAR-NK Cell Therapy,,1,China,False,2026-09-07
NCT07587840,RECRUITING,2026-01-01,PHASE2,Liping Dou,OTHER,CD22/CD19 CAR-T cell immunotherapy,,1,China,False,2026-09-07
NCT07543055,RECRUITING,2026-09-10,PHASE1,Regeneron Pharmaceuticals,INDUSTRY,BPX-601,,2,United States,True,2026-09-07
NCT07528105,RECRUITING,2026-04,EARLY_PHASE1,Shanghai Zhongshan Hospital,OTHER,Allogeneic CD7-Targeted CAR-T Cell Injection,,1,China,False,2026-09-07
NCT07560943,RECRUITING,2026-04-28,PHASE1,West China Hospital,OTHER,PAN-NeoVax (25 μg)|PAN-NeoVax (50 μg)|PAN-NeoVax (100 μg),||,2,China,False,2026-09-07
NCT07645690,RECRUITING,2026-07-01,EARLY_PHASE1,Chinese PLA General Hospital,OTHER,CLEAR CAR-T cell injection,,3,China,False,2026-09-07
NCT07548697,RECRUITING,2026-04-30,EARLY_PHASE1,"Union Hospital, Tongji Medical College, Huazhong University of Science and Technology",OTHER,CT1182 injection,,1,China,False,2026-09-07
NCT07558850,RECRUITING,2026-05-10,NA,The First Affiliated Hospital with Nanjing Medical University,OTHER,anti-CD19/BCMA-UCAR-T cells,,1,China,False,2026-09-07
NCT07630649,RECRUITING,2026-06-02,PHASE2,"Adverum Biotechnologies, Inc.",INDUSTRY,Ixo-vec,,12,United States,True,2026-09-07
NCT07649512,NOT_YET_RECRUITING,2026-08,NA,University of Arizona,OTHER,Progressive Muscle Relaxation delivered via Virtual Reality,,1,United States,True,2026-09-07
NCT07602322,NOT_YET_RECRUITING,2026-05-14,PHASE2,Ruijin Hospital,OTHER,LME-Guided Combination Therapy Regimen|Glofitamab Monotherapy,|,1,China,False,2026-09-07
NCT07538713,NOT_YET_RECRUITING,2026-06-01,PHASE1,Qi deng,OTHER,Functionally optimized CD33 CAR-T,,0,,False,2026-09-07
NCT07530796,NOT_YET_RECRUITING,2026-05-01,PHASE1|PHASE2,Rare Trait Hope,OTHER,scAAV9/AGA,Danagalex,0,,False,2026-09-07
NCT07549698,RECRUITING,2026-06,PHASE1|PHASE2,CRISPR Therapeutics AG,INDUSTRY,CTX112,Zugocabtagene geleucel;zugo-cel,10,Germany|Spain|United States,True,2026-09-07
NCT07579208,RECRUITING,2026-08-21,PHASE1,M.D. Anderson Cancer Center,OTHER,NK Cells|NK Cells,|,1,United States,True,2026-09-07
NCT07646873,NOT_YET_RECRUITING,2026-07,NA,"University of California, Davis",OTHER,PET-enabled dual-energy CT imaging|X-ray dual-energy CT imaging,|,1,United States,True,2026-09-07
NCT07593820,RECRUITING,2026-04-29,PHASE1,Vall d'Hebron Institute of Oncology,OTHER,p95HER2.CAR-TECH2Me,,2,Spain,True,2026-09-07
NCT07575893,NOT_YET_RECRUITING,2026-10-01,PHASE1,New York Medical College,OTHER,CD30+ CAR T-cells|Bendamustin|Fludarabine,ALTCAR.30||,0,,False,2026-09-07
NCT07622784,NOT_YET_RECRUITING,2026-06,PHASE2,Sun Yat-sen University,OTHER,Pirtobrutinib|Second Infusion of Commercial Anti-CD19 CAR-T Cells,|,1,China,False,2026-09-07
NCT07586267,RECRUITING,2026-05-08,EARLY_PHASE1,The Children's Hospital of Zhejiang University School of Medicine,OTHER,QT-219CX,,1,China,False,2026-09-07
NCT07643844,RECRUITING,2026-07-20,PHASE1,Mayo Clinic,OTHER,AAVrh10-PCCA low dose|AAVrh10-PCCA middle dose|AAVrh10-PCCA high dose,||,1,United States,True,2026-09-07
NCT07611149,NOT_YET_RECRUITING,2026-09-01,PHASE1,"Kure Cells, INC",INDUSTRY,Administration of CAR T-cells at 3 different dose levels,,0,,False,2026-09-07
NCT07572136,NOT_YET_RECRUITING,2026-09-09,PHASE1,National Cancer Institute (NCI),NIH,TSLPR-CART|Cyclophosphamide|Fludarabine,||,1,United States,True,2026-09-07
NCT07623681,NOT_YET_RECRUITING,2026-06-10,PHASE1,"PersonGen BioTherapeutics (Suzhou) Co., Ltd.",INDUSTRY,T cell injection targeting CD7 chimeric antigen receptor,,1,China,False,2026-09-07
NCT07609030,RECRUITING,2026-04-28,NA,Ohio State University Comprehensive Cancer Center,OTHER,Biospecimen Collection|Cognitive Intervention|Electronic Health Record Review|Survey Administration,Biological Sample Collection;Biospecimen Collected;Specimen Collection|||,1,United States,True,2026-09-07
NCT07647744,RECRUITING,2026-06-30,PHASE1,"Hrain Biotechnology Co., Ltd.",INDUSTRY,Anti-Human CD70 T-Cell Injection,,1,China,False,2026-09-07
NCT07564232,RECRUITING,2026-07-02,PHASE1,M.D. Anderson Cancer Center,OTHER,Cyclophosphamide|Fludarabine|LNK001,Cytoxan|Fludara|,1,United States,True,2026-09-07
NCT07560865,RECRUITING,2026-04-23,PHASE1,"Masonic Cancer Center, University of Minnesota",OTHER,FT536|Biopsy/ Intratumoral Injection/ Gross Tumor Resection|Blood/ Cerebrospinal Fluid/ Tumor Pathology,||,1,United States,True,2026-09-07
NCT07681596,RECRUITING,2026-07-27,PHASE1|PHASE2,AstraZeneca,INDUSTRY,AZD4045|Daratumumab|Aldesleukin,||,12,Australia|United States,True,2026-09-07
NCT07758673,NOT_YET_RECRUITING,2027-04-17,PHASE1,City of Hope Medical Center,OTHER,Autologous BAFFR-targeting CAR T Cells|Biospecimen Collection|Bone Marrow Aspiration|Bone Marrow Biopsy|Bridge Therapy|Chest Radiography|Computed Tomography|Cyclophosphamide|Echocardiography Test|Fludarabine|Leukapheresis|Magnetic Resonance Imaging|Multigated Acquisition Scan|Positron Emission Tomography|Ultrasonographic Elastography,"Autologous BAFFR-CAR T Cells;Autologous BAFFR-CAR-expressing T-cells|Biological Sample Collection;Biospecimen Collected;Sample Collection;Specimen Collection||Biopsy of Bone Marrow;Biopsy, Bone Marrow|Holding Therapy|Chest X-ray|CAT;CAT Scan;Computed Axial Tomography;Computerized Axial Tomography;Computerized axial tomography (procedure);Computerized Tomography;Computerized Tomography (CT) scan;CT;CT Scan;Diagnostic CAT Scan;Diagnostic CAT Scan Service Type;tomography|(-)-Cyclophosphamide;2H-1,3,2-Oxazaphosphorine, 2-[bis(2-chloroethyl)amino]tetrahydro-, 2-oxide, monohydrate;Asta B 518;B 518;B-518;B518;Carloxan;Ciclofosfamida;Ciclofosfamide;Cicloxal;Clafen;Claphene;CP monohydrate;CTX;CYCLO-cell;Cycloblastin;Cycloblastine;Cyclophospham;Cyclophosphamid monohydrate;Cyclophosphamide Monohydrate;Cyclophosphamidum;Cyclophosphan;Cyclophosphane;Cyclophosphanum;Cyclostin;Cyclostine;Cytophosphan;Cytophosphane;Cytoxan;Fosfaseron;Frindovyx;Genoxal;Genuxal;Ledoxina;Mitoxan;Neosar;Revimmune;Syklofosfamid;WR 138719;WR- 138719;WR-138719;WR138719|EC;Echocardiography|Fluradosa|Leukocyte Adsorptive Apheresis;Leukocytopheresis;Therapeutic Leukopheresis;White Blood Cell Reduction Apheresis|Magnetic Resonance;Magnetic Resonance Imaging (MRI);Magnetic resonance imaging (procedure);Magnetic Resonance Imaging Scan;Medical Imaging, Magnetic Resonance / Nuclear Magnetic Resonance;MR;MR Imaging;MRI;MRI Scan;MRIs;NMR Imaging;NMRI;Nuclear Magnetic Resonance Imaging;sMRI;Structural MRI|Blood Pool Scan;Equilibrium Radionuclide Angiography;Gated Blood Pool Imaging;Gated Heart Pool Scan;MUGA;MUGA Scan;Multi-Gated Acquisition Scan;Radionuclide Ventriculogram Scan;Radionuclide Ventriculography;RNV Scan;RNVG;SYMA Scanning;Synchronized Multigated Acquisition Scanning|Medical Imaging, Positron Emission Tomography;PET;PET Scan;Positron emission tomography (procedure);Positron Emission Tomography Scan;Positron-Emission Tomography;PT|Ultrasound Elastography",2,United States,True,2026-09-07
NCT07760454,NOT_YET_RECRUITING,2026-09-01,PHASE1|PHASE2,UCARsgen Biotech Limited,OTHER,CT0596,,2,China,False,2026-09-07
NCT07735546,NOT_YET_RECRUITING,2026-10-01,PHASE1,Umoja Biopharma,INDUSTRY,UB-VV500|Rapamycin (sirolimus),|,0,,False,2026-09-07
NCT07701889,NOT_YET_RECRUITING,2026-10,PHASE1,Roswell Park Cancer Institute,OTHER,20-19 Tan BB06oz CAR T,,1,United States,True,2026-09-07
NCT07724535,RECRUITING,2026-06-24,PHASE1|PHASE2,Peking University Cancer Hospital & Institute,OTHER,18F-grazy-02,,1,China,False,2026-09-07
NCT07788118,RECRUITING,2026-09-01,PHASE1|PHASE2,"Second Affiliated Hospital, Zhejiang University, School of Medicine",OTHER,7×19-THEMIS CAR-T cells,,1,China,False,2026-09-07
NCT07668557,RECRUITING,2026-06-10,PHASE1,iCell Gene Therapeutics,INDUSTRY,Anti-CD33-CLL1 CAR-T cells (ICG415) following lymphodepleting fludarabine and cyclophosphamide,,2,China,False,2026-09-07
NCT07783477,RECRUITING,2026-08-28,PHASE1,Memorial Sloan Kettering Cancer Center,OTHER,DLL3-SAVVYZ-IL18 CAR T cell,,7,United States,True,2026-09-07
NCT07752888,ACTIVE_NOT_RECRUITING,2026-05-23,NA,"Shanghai EmayGene Technology Co., Ltd",INDUSTRY,EA0010 Injection,,1,China,False,2026-09-07
NCT07774572,RECRUITING,2026-05-26,PHASE1,Ruijin Hospital,OTHER,Investigational product (IP),,2,China,False,2026-09-07
NCT07673367,RECRUITING,2026-07-31,PHASE2,Vanderbilt-Ingram Cancer Center,OTHER,"Nemtabrutinib|Brexucabtagene autoleucel ( other names: brexu-cel , Tecartus)",|,1,United States,True,2026-09-07
NCT07748156,NOT_YET_RECRUITING,2026-08,EARLY_PHASE1,The Affiliated Nanjing Drum Tower Hospital of Nanjing University Medical School,OTHER,SNC116,,1,China,False,2026-09-07
NCT07695311,NOT_YET_RECRUITING,2026-10,PHASE1,Rabi Hanna,OTHER,EWSR1 immunotherapy|Pembrolizumab,|anti-PD1,1,United States,True,2026-09-07
NCT07680803,RECRUITING,2026-07-06,PHASE2,Fondazione Telethon,OTHER,FT007,,2,Italy,True,2026-09-07
NCT07724106,NOT_YET_RECRUITING,2026-07-31,PHASE1,West China Hospital,OTHER,Low Dose|middle dose|high dose,||,0,,False,2026-09-07
NCT07729826,NOT_YET_RECRUITING,2026-09-30,PHASE2,AbelZeta Inc.,INDUSTRY,C-CAR168,,0,,False,2026-09-07
NCT07799116,NOT_YET_RECRUITING,2026-09,PHASE1|PHASE2,Instituto de Investigación Sanitaria de la Fundación Jiménez Díaz,OTHER,TranspoCART19,,8,Spain,True,2026-09-07
NCT07673809,RECRUITING,2025-09-30,PHASE1|PHASE2,AO GENERIUM,INDUSTRY,GNR-097|Placebo followed by GNR-097,|,6,Belarus|Russia,False,2026-09-07
NCT07764978,RECRUITING,2026-06-26,PHASE3,AstraZeneca,INDUSTRY,AZD0120|Daratumumab|Dexamethasone|Isatuximab|Lenalidomide|Bortezomib|Cyclophosphamide|Fludarabine,|||||||,124,Australia|Brazil|Canada|Denmark|France|Germany|Italy|Japan|Poland|South Korea|Spain|Sweden|Taiwan|United Kingdom|United States,True,2026-09-07
NCT07778446,NOT_YET_RECRUITING,2026-08-24,PHASE1|PHASE2,Myeloid Therapeutics,INDUSTRY,CRT-402,,1,Australia,False,2026-09-07
NCT07752043,NOT_YET_RECRUITING,2026-09,NA,Assistance Publique - Hôpitaux de Paris,OTHER,standard of care,,1,France,True,2026-09-07
NCT07657585,NOT_YET_RECRUITING,2026-07-01,PHASE1,"Cancer Institute and Hospital, Chinese Academy of Medical Sciences",OTHER,CIB in vivo CAR-T Lentiviral Injection,,1,China,False,2026-09-07
NCT07765966,NOT_YET_RECRUITING,2027-02-01,PHASE1,RiboX Therapeutics Ltd.,INDUSTRY,RXIM002,,0,,False,2026-09-07
NCT07680257,RECRUITING,2025-12-27,EARLY_PHASE1,"Celest Therapeutics (Shanghai) Co., Ltd.",INDUSTRY,SUV2208A cell injection|SUV2208A|SUV2208A,||,1,China,False,2026-09-07
NCT07679919,NOT_YET_RECRUITING,2026-09,PHASE1,Luminary Therapeutics,INDUSTRY,LMY-922,BAFF CAR-T Cells,1,United States,True,2026-09-07
NCT07754682,NOT_YET_RECRUITING,2026-09-01,PHASE3,Assistance Publique - Hôpitaux de Paris,OTHER,Immunoglobulin|antibiotic prophylaxis,|,0,,False,2026-09-07
NCT07735637,NOT_YET_RECRUITING,2026-08-25,PHASE3,AstraZeneca,INDUSTRY,AZD0120|Cyclophosphamide|Fludarabine|Melphalan (part of ASCT)|Lenalidomide,||||,65,Australia|Brazil|Canada|Denmark|France|Germany|Italy|Norway|Poland|Singapore|South Korea|Spain|Taiwan|United Kingdom|United States,True,2026-09-07
NCT07676877,NOT_YET_RECRUITING,2026-09-01,PHASE1,Nathan Denlinger,OTHER,Biospecimen Collection|Computed Tomography|Cyclophosphamide|Fludarabine|Leukapheresis|Positron Emission Tomography|Tisagenlecleucel|Total-Body Irradiation,"Biological Sample Collection;Biospecimen Collected;Sample Collection;Specimen Collection|CAT;CAT Scan;Computed Axial Tomography;Computerized Axial Tomography;Computerized axial tomography (procedure);Computerized Tomography;Computerized Tomography (CT) scan;CT;CT Scan;Diagnostic CAT Scan;Diagnostic CAT Scan Service Type;tomography|(-)-Cyclophosphamide;2H-1,3,2-Oxazaphosphorine, 2-[bis(2-chloroethyl)amino]tetrahydro-, 2-oxide, monohydrate;Asta B 518;B 518;B-518;B518;Carloxan;Ciclofosfamida;Ciclofosfamide;Cicloxal;Clafen;Claphene;CP monohydrate;CTX;CYCLO-cell;Cycloblastin;Cycloblastine;Cyclophospham;Cyclophosphamid monohydrate;Cyclophosphamide Monohydrate;Cyclophosphamidum;Cyclophosphan;Cyclophosphane;Cyclophosphanum;Cyclostin;Cyclostine;Cytophosphan;Cytophosphane;Cytoxan;Fosfaseron;Genoxal;Genuxal;Ledoxina;Mitoxan;Neosar;Revimmune;Syklofosfamid;WR 138719;WR- 138719;WR-138719;WR138719|Fluradosa|Leukocyte Adsorptive Apheresis;Leukocytopheresis;Therapeutic Leukopheresis;White Blood Cell Reduction Apheresis|Medical Imaging, Positron Emission Tomography;PET;PET Scan;Positron emission tomography (procedure);Positron Emission Tomography Scan;Positron-Emission Tomography;PT|CART-19;CART19;CTL 019;CTL-019;CTL019;CTL019 T-cells;Kymriah;Tisa-cel;Tisagenlecleucel-T|SCT_TBI;TBI;Total Body Irradiation;Whole Body;Whole Body Irradiation;Whole-Body Irradiation",1,United States,True,2026-09-07
NCT07735533,NOT_YET_RECRUITING,2026-08,PHASE1|PHASE2,Umoja Biopharma,INDUSTRY,UB-VV400|Rapamycin (sirolimus),|Rapamune,0,,False,2026-09-07
NCT07681778,NOT_YET_RECRUITING,2026-09-01,PHASE1|PHASE2,"Opus Genetics, Inc",INDUSTRY,OPGx-RDH12,,3,United States,True,2026-09-07
NCT07725406,NOT_YET_RECRUITING,2026-08-01,PHASE1,Weill Medical College of Cornell University,OTHER,Lymphodepleting chemotherapy: Cyclophosphamide|Lymphodepleting chemotherapy: Bendamustine|Lymphodepleting chemotherapy: Fludarabine|Lisocabtagene Maraleucel|Axicabtagene Ciloleucel|Ciltacabtagene Autoleucel|Low-Dose Total Body Irradiation,|||Liso-cel; Breyanzi|Axi-cel; Yescarta|Cilta-cel; Carvykti|LD-TBI; TBI,1,United States,True,2026-09-07
NCT07696481,NOT_YET_RECRUITING,2026-08-01,EARLY_PHASE1,Zhujiang Hospital,OTHER,PID23 Injection,,1,China,False,2026-09-07
NCT07657780,NOT_YET_RECRUITING,2026-06-15,EARLY_PHASE1,"CorrectSequence Therapeutics Co., Ltd",INDUSTRY,CS-121,,1,China,False,2026-09-07
NCT07670260,NOT_YET_RECRUITING,2026-06-30,EARLY_PHASE1,Chinese PLA General Hospital,OTHER,GoFast CD19 CAR T Cells,CD19 CAR T-Cell Therapy;Autologous CD19 CAR T Cells;GoFast CD19CAR-T;CD19-Targeted CAR T Cells,1,China,False,2026-09-07
NCT07724457,NOT_YET_RECRUITING,2026-10-30,PHASE2|PHASE3,National Cancer Institute (NCI),NIH,Biospecimen Collection|Bone Marrow Biopsy|Carboplatin|Computed Tomography|Cyclophosphamide|Cytarabine|Doxorubicin|Etoposide|Glofitamab|Ifosfamide|Lumbar Puncture|Magnetic Resonance Imaging|Methotrexate|Obinutuzumab|Positron Emission Tomography|Prednisone|Rituximab|Rituximab and Hyaluronidase Human|Survey Administration|Vincristine,"Biological Sample Collection;Biospecimen Collected;Sample Collection;Specimen Collection|Biopsy of Bone Marrow;Biopsy, Bone Marrow|Blastocarb;Carboplat;Carboplatin Hexal;Carboplatino;Carboplatinum;Carbosin;Carbosol;Carbotec;CBDCA;Displata;Ercar;JM-8;JM8;Nealorin;Novoplatinum;Paraplatin;Paraplatin AQ;Paraplatine;Platinwas;Ribocarbo|CAT;CAT Scan;Computed Axial Tomography;Computerized Axial Tomography;Computerized axial tomography (procedure);Computerized Tomography;Computerized Tomography (CT) scan;CT;CT Scan;Diagnostic CAT Scan;Diagnostic CAT Scan Service Type;tomography|(-)-Cyclophosphamide;2H-1,3,2-Oxazaphosphorine, 2-[bis(2-chloroethyl)amino]tetrahydro-, 2-oxide, monohydrate;Asta B 518;B 518;B-518;B518;Carloxan;Ciclofosfamida;Ciclofosfamide;Cicloxal;Clafen;Claphene;CP monohydrate;CTX;CYCLO-cell;Cycloblastin;Cycloblastine;Cyclophospham;Cyclophosphamid monohydrate;Cyclophosphamide Monohydrate;Cyclophosphamidum;Cyclophosphan;Cyclophosphane;Cyclophosphanum;Cyclostin;Cyclostine;Cytophosphan;Cytophosphane;Cytoxan;Fosfaseron;Frindovyx;Genoxal;Genuxal;Ledoxina;Mitoxan;Neosar;Revimmune;Syklofosfamid;WR 138719;WR- 138719;WR-138719;WR138719|.beta.-Cytosine arabinoside;1-.beta.-D-Arabinofuranosyl-4-amino-2(1H)pyrimidinone;1-.beta.-D-Arabinofuranosylcytosine;1-Beta-D-arabinofuranosyl-4-amino-2(1H)pyrimidinone;1-Beta-D-arabinofuranosylcytosine;1.beta.-D-Arabinofuranosylcytosine;2(1H)-Pyrimidinone, 4-Amino-1-beta-D-arabinofuranosyl-;2(1H)-Pyrimidinone, 4-amino-1.beta.-D-arabinofuranosyl-;Alexan;Ara-C;ARA-cell;Arabine;Arabinofuranosylcytosine;Arabinosylcytosine;Aracytidine;Aracytin;Aracytine;Beta-Cytosine Arabinoside;CHX-3311;Cytarabinum;Cytarbel;Cytosar;Cytosine Arabinoside;Cytosine-.beta.-arabinoside;Cytosine-beta-arabinoside;Erpalfa;Starasid;Tarabine PFS;U 19920;U-19920;Udicil;WR-28453|Adriablastin;Hydroxydaunomycin;Hydroxyl Daunorubicin;Hydroxyldaunorubicin|Demethyl Epipodophyllotoxin Ethylidine Glucoside;EPEG;Lastet;Toposar;Vepesid;VP 16;VP 16-213;VP 16213;VP-16;VP-16-213;VP-16213;VP16;VP16213|Anti-CD20 x Anti-CD3 Bispecific Monoclonal Antibody RO7082859;Columvi;Glofitamab-gxbm;RO 7082859;RO-7082859;RO7082859|Asta Z 4942;Asta Z-4942;Cyfos;Holoxan;Holoxane;Ifex;IFO;IFO-Cell;Ifolem;Ifomida;Ifomide;Ifosfamidum;Ifoxan;IFX;Iphosphamid;Iphosphamide;Iso-Endoxan;Isoendoxan;Isophosphamide;Mitoxana;MJF 9325;MJF-9325;Naxamide;Seromida;Tronoxal;Z 4942;Z-4942|LP;Spinal Tap|Magnetic Resonance;Magnetic Resonance Imaging (MRI);Magnetic resonance imaging (procedure);Magnetic Resonance Imaging Scan;Medical Imaging, Magnetic Resonance / Nuclear Magnetic Resonance;MR;MR Imaging;MRI;MRI Scan;MRIs;NMR Imaging;NMRI;Nuclear Magnetic Resonance Imaging;sMRI;Structural MRI|Abitrexate;Alpha-Methopterin;Amethopterin;Brimexate;CL 14377;CL-14377;Emtexate;Emthexat;Emthexate;Farmitrexat;Fauldexato;Folex;Folex PFS;Jylamvo;Lantarel;Ledertrexate;Lumexon;Maxtrex;Medsatrexate;Metex;Methoblastin;Methotrexate LPF;Methotrexate Methylaminopterin;Methotrexatum;Metotrexato;Metrotex;Mexate;Mexate-AQ;MTX;Novatrex;Rheumatrex;Texate;Tremetex;Trexeron;Trixilem;WR-19039|Anti-CD20 Monoclonal Antibody R7159;GA 101;GA-101;GA101;Gazyva;huMAB(CD20);R 7159;R-7159;R7159;RO 5072759;RO-5072759;RO5072759|Medical Imaging, Positron Emission Tomography;PET;PET Scan;Positron emission tomography (procedure);Positron Emission Tomography Scan;Positron-Emission Tomography;PT|.delta.1-Cortisone;1, 2-Dehydrocortisone;Adasone;Cortancyl;Dacortin;DeCortin;Decortisyl;Decorton;Delta 1-Cortisone;Delta-Dome;Deltacortene;Deltacortisone;Deltadehydrocortisone;Deltasone;Deltison;Deltra;Econosone;Lisacort;Meprosona-F;Metacortandracin;Meticorten;Ofisolona;Orasone;Panafcort;Panasol-S;Paracort;Perrigo Prednisone;PRED;Predicor;Predicorten;Prednicen-M;Prednicort;Prednidib;Prednilonga;Predniment;Prednisone Intensol;Prednisonum;Prednitone;Promifen;Rayos;Servisone;SK-Prednisone|ABP 798;ABP-798;ABP798;BI 695500;BI-695500;BI695500;Blitzima;C2B8 Monoclonal Antibody;Chimeric Anti-CD20 Antibody;CT P10;CT-P10;CTP10;GP 2013;GP-2013;GP2013;IDEC 102;IDEC-102;IDEC-C2B8;IDEC-C2B8 Monoclonal Antibody;IDEC102;Ikgdar;Mabtas;MabThera;Monoclonal Antibody IDEC-C2B8;PF 05280586;PF-05280586;PF05280586;Riabni;Ritemvia;Rituxan;Rituximab ABBS;Rituximab ARRX;Rituximab Biosimilar ABP 798;Rituximab Biosimilar BI 695500;Rituximab Biosimilar CT-P10;Rituximab Biosimilar GB241;Rituximab Biosimilar GP2013;Rituximab Biosimilar IBI301;Rituximab Biosimilar JHL1101;Rituximab Biosimilar PF-05280586;Rituximab Biosimilar RTXM83;Rituximab Biosimilar SAIT101;Rituximab Biosimilar SIBP-02;rituximab biosimilar TQB2303;Rituximab PVVR;Rituximab-abbs;Rituximab-arrx;Rituximab-blit;Rituximab-pvvr;Rituximab-rite;Rituximab-rixa;Rituximab-rixi;Rixathon;Riximyo;RTXM 83;RTXM-83;RTXM83;Ruxience;Truxima|Rituxan Hycela;Rituximab Plus Hyaluronidase;Rituximab/Hyaluronidase;Rituximab/Hyaluronidase Human||LCR;Leurocristine;VCR;Vincrystine",0,,False,2026-09-07
NCT07695012,RECRUITING,2026-06-01,EARLY_PHASE1,Dr. Zaineb Akram,OTHER_GOV,CAR-T cell infusion,,1,Pakistan,False,2026-09-07
NCT07678268,RECRUITING,2025-07-10,PHASE4,Instituto Mexicano del Seguro Social,OTHER_GOV,Dual therapy: darunavir/cobicistat + lamivudine|Triple therapy: darunavir/cobicistat plus tenofovir alafenamide/emtricitabine,DRV/C+3TC|DRV/c+TAF/FTC,1,Mexico,False,2026-09-07
NCT07678307,NOT_YET_RECRUITING,2026-06-30,PHASE1|PHASE2,"Institute of Hematology & Blood Diseases Hospital, China",OTHER,Autologous nano CD5-CAR T Cells,,0,,False,2026-09-07
NCT07674147,NOT_YET_RECRUITING,2026-07,EARLY_PHASE1,The Children's Hospital of Zhejiang University School of Medicine,OTHER,RD06-05 CART Cell Infusion,,2,China,False,2026-09-07
NCT07713459,NOT_YET_RECRUITING,2026-08-31,PHASE2,"Kure Cells, INC",INDUSTRY,CART Infusion,,0,,False,2026-09-07
NCT07726160,NOT_YET_RECRUITING,2026-07-20,PHASE1,"Institute of Hematology & Blood Diseases Hospital, China",OTHER,KIV-318,,1,China,False,2026-09-07
NCT07746453,NOT_YET_RECRUITING,2026-08-31,NA,Guangdong Provincial People's Hospital,OTHER,Universal STAR-T Cell,,1,China,False,2026-09-07
NCT07783269,NOT_YET_RECRUITING,2026-12,PHASE1,Imviva Bio,INDUSTRY,CTA313 UCAR T Cell Infusion,,0,,False,2026-09-07
NCT07674823,NOT_YET_RECRUITING,2026-12-31,PHASE1,M.D. Anderson Cancer Center,OTHER,KITE-753,,1,United States,True,2026-09-07
NCT07776626,RECRUITING,2026-08,PHASE1,"YolTech Therapeutics Co., Ltd",INDUSTRY,YOLT-203,,1,China,False,2026-09-07
NCT07793435,NOT_YET_RECRUITING,2026-09,PHASE1|PHASE2,Adicet Therapeutics,INDUSTRY,ADI-212|Fludarabine|Cyclophosphamide,||,1,United States,True,2026-09-07
NCT07702851,NOT_YET_RECRUITING,2026-09-01,PHASE2,Yonsei University,OTHER,"Polatuzumab vedotin, Glofitamab",,0,,False,2026-09-07
NCT07764146,RECRUITING,2026-09-03,PHASE1,Voyager Therapeutics,INDUSTRY,VY1706 Low dose|VY1706 Mid dose|VY1706 High Dose|Anti-AAV9 Total Antibody (TAb) Assay,|||,1,United States,True,2026-09-07
NCT07748403,RECRUITING,2026-09,PHASE1|PHASE2,"Prime Medicine, Inc.",INDUSTRY,PM577a,,2,New Zealand|United States,True,2026-09-07
NCT07765524,NOT_YET_RECRUITING,2026-08,PHASE1|PHASE2,"Shenzhen Fosun Kairos Biotechnology Co., Ltd.",INDUSTRY,FKC289 infusion,,11,China,False,2026-09-07
NCT07744750,NOT_YET_RECRUITING,2026-08-30,PHASE2,Changzhou No.2 People's Hospital,OTHER,"Pirtobrutinib, Sotoclax+/- Obinutuzumab (PSO) Combination for B cell lymphoma",,1,China,False,2026-09-07
NCT07697118,NOT_YET_RECRUITING,2026-09,PHASE1|PHASE2,Assistance Publique - Hôpitaux de Paris,OTHER,FOXP3-T4 drug product|ILT-101,|Adeleuskin or IL2,1,France,True,2026-09-07
NCT07715630,RECRUITING,2026-07-31,PHASE1,"Chongqing Precision Biotech Co., Ltd",INDUSTRY,Invivo CAR-T,,1,China,False,2026-09-07
NCT07676266,NOT_YET_RECRUITING,2026-07,PHASE1,The Affiliated Hospital of Qingdao University,OTHER,CD20/BCMA-directed CAR-T cells Autologous 2nd generation,C-CAR168,1,China,False,2026-09-07
NCT07689604,NOT_YET_RECRUITING,2026-07-08,EARLY_PHASE1,"Institute of Hematology & Blood Diseases Hospital, China",OTHER,Metabolically Armed Autologous CD19 CAR T-Cell therapy,META 10-19,1,China,False,2026-09-07
NCT07756268,NOT_YET_RECRUITING,2026-09-16,PHASE1|PHASE2,Tongji Hospital,OTHER,SYS6020 injection,,1,China,False,2026-09-07
NCT07779018,RECRUITING,2026-04-01,PHASE2,Liping Dou,OTHER,CD22/CD19 CAR-T cell immunotherapy,,1,China,False,2026-09-07
NCT07667387,RECRUITING,2026-08-07,PHASE1|PHASE2,Rebecca Ahrens-Nicklas,OTHER,LNP.UCD.ABE,,1,United States,True,2026-09-07
NCT07749976,NOT_YET_RECRUITING,2027-01,PHASE1|PHASE2,Vitruviae,INDUSTRY,VTRU200,,0,,False,2026-09-07
NCT07729995,NOT_YET_RECRUITING,2026-10,PHASE1,Luminary Therapeutics,INDUSTRY,LMY-922,BAFF CAR-T Cells,1,United States,True,2026-09-07
NCT07771361,NOT_YET_RECRUITING,2026-12,PHASE2,Luminary Therapeutics,INDUSTRY,BAFF CAR-T,,0,,False,2026-09-07
NCT07732400,RECRUITING,2026-07-30,PHASE1|PHASE2,"Kriya Therapeutics, Inc.",INDUSTRY,VV-14303,,3,New Zealand|United States,True,2026-09-07
NCT07689058,RECRUITING,2026-06-01,PHASE2,Dr. Zaineb Akram,OTHER_GOV,CAR-T,,2,Pakistan,False,2026-09-07
NCT07800871,RECRUITING,2026-10,PHASE1|PHASE2,Fate Therapeutics,INDUSTRY,FT839,,1,United States,True,2026-09-07
NCT07775508,RECRUITING,2026-06-01,PHASE1,Chinese PLA General Hospital,OTHER,SL1617 Injection,,1,China,False,2026-09-07
NCT07727668,NOT_YET_RECRUITING,2026-07,EARLY_PHASE1,Shambavi Richard,OTHER,Iberdomide|CAR-T Leukapheresis|CAR-T Infusion,CC-220||,1,United States,True,2026-09-07
NCT07751380,RECRUITING,2025-07-23,PHASE1,"University College, London",OTHER,Biological/Vaccine: hBRCA84D CAR T cells,,2,United Kingdom,True,2026-09-07
NCT07715136,RECRUITING,2025-03-20,PHASE1,iCell Gene Therapeutics,INDUSTRY,"ICG318, BCMA-CD19-IL-15/IL-15 sushi Compound CAR-T",,1,China,False,2026-09-07
NCT07680439,RECRUITING,2026-08,PHASE2,"BrainChild Bio, Inc",INDUSTRY,BCB-276,,6,United States,True,2026-09-07
NCT07659704,NOT_YET_RECRUITING,2026-10-01,PHASE1|PHASE2,University of Sao Paulo,OTHER,Autologous CD19-Directed CAR-T Cells Manufactured at Ribeirão Preto Blood Center,,2,Brazil,False,2026-09-07
NCT07763938,NOT_YET_RECRUITING,2026-11-01,PHASE1,The First Affiliated Hospital with Nanjing Medical University,OTHER,CD19/CD20 Dual-Target in vivo CAR-T Lentiviral,,1,China,False,2026-09-07
NCT07708350,NOT_YET_RECRUITING,2026-08,PHASE1,Daniel Bauer,OTHER,autologous bone marrow derived CD34+ HSPCs electroporated with BCL11A enhancer targeting Cas9 ribonucleoprotein|Sequencing Assay for Variant rs114518452,|,1,United States,True,2026-09-07
NCT07763210,NOT_YET_RECRUITING,2026-10-01,PHASE2,Vanderbilt-Ingram Cancer Center,OTHER,Hydrocortisone|Cytarabine 100 MG/ML|Dexamethasone|Methylprednisolone,|||,1,United States,True,2026-09-07
NCT07674498,RECRUITING,2026-06-03,NA,Jules Bordet Institute,OTHER,immunophenotyping of lymphocyte,,3,Belgium,True,2026-09-07
NCT07676890,NOT_YET_RECRUITING,2026-07-31,PHASE1,West China Hospital,OTHER,Low Dose NeoOVIV|Medium dose NeoOVIV|High dose NeoOVIV,||,0,,False,2026-09-07
NCT07679958,NOT_YET_RECRUITING,2026-09-15,NA,Fundacin Biomedica Galicia Sur,OTHER,Intervention with IVR|Control,Oculus Quest 3;Meta Platforms|,1,Spain,True,2026-09-07
NCT07711483,NOT_YET_RECRUITING,2026-10-14,PHASE2,Massachusetts General Hospital,OTHER,Obinutuzumab|Glofitamab|Gemcitabine & oxaliplatin|Leukapheresis|Lymphodepleting chemotherapy|LISOCABTAGENE MARALEUCEL,GA101;RO5072759||||cyclophosphamide;fludarabine|,2,United States,True,2026-09-07
NCT07790575,NOT_YET_RECRUITING,2026-09,PHASE1,Saurabh Dahiya,OTHER,AZD0120|Bendamustin,|,1,United States,True,2026-09-07
NCT07775313,NOT_YET_RECRUITING,2026-09-09,PHASE1|PHASE2,National Institute of Allergy and Infectious Diseases (NIAID),NIH,Busulfan|Palifermin|Plerixafor|Filgrastim|Base-edited hematopoietic stem and progenitor cells,||||,1,United States,True,2026-09-07
NCT07681388,RECRUITING,2026-01-15,NA,Jinbo Chen,OTHER,Autologous CD19 CAR-T cells,,1,China,False,2026-09-07
NCT07729397,NOT_YET_RECRUITING,2027-01-15,PHASE1,The Methodist Hospital Research Institute,OTHER,Autologous C7R.CD30-CAR-EBVSTs,,1,United States,True,2026-09-07
