product,system,country,body,indication_key,indication_text,regulatory_approval_date,submission_or_start_date,decision_date,outcome,arrangement_type,arrangement_detail,added_benefit_or_rating,price_at_decision,price_currency,price_basis,stated_reasons_verbatim,document_title,document_id,source_url,fetched_date,status,notes
Kymriah,Australia,Australia,TGA,ALL_ped,"KYMRIAH is a genetically modified autologous immunocellular therapy indicated for the treatment of paediatric and young adult patients up to 25 years of age with B-cell precursor acute lymphoblastic leukaemia (ALL) that is refractory, in relapse post-transplant, or in second or later relapse.",2018-12-19,2018-04-10,2018-12-13,recommended,none,,,,,,,TGA prescription medicines registrations: KYMRIAH (Novartis Pharmaceuticals Australia Pty Ltd),TGA registration record; Class 4 biological,https://www.tga.gov.au/resources/prescription-medicines-registrations/kymriah-novartis-pharmaceuticals-australia-pty-ltd,2026-09-05,verified-from-source,"Date registered 19 December 2018; evaluation commenced 10 April 2018; decision 13 December 2018; approval time 157 working days. Separate ARTG entries per indication re-registered 11 February 2021 (evaluation commenced 20 October 2020, decision 5 February 2021). retrieved via web.archive.org snapshot because msac.gov.au and tga.gov.au refused direct connections"
Kymriah,Australia,Australia,TGA,LBCL_3L,KYMRIAH is also indicated for the treatment of adult patients with relapsed or refractory diffuse large B-cell lymphoma (DLBCL) after two or more lines of systemic therapy. Kymriah is not indicated for patients with primary central nervous system lymphoma.,2018-12-19,2018-04-10,2018-12-13,recommended,none,,,,,,,TGA prescription medicines registrations: KYMRIAH (Novartis Pharmaceuticals Australia Pty Ltd),TGA registration record; Class 4 biological,https://www.tga.gov.au/resources/prescription-medicines-registrations/kymriah-novartis-pharmaceuticals-australia-pty-ltd,2026-09-05,verified-from-source,Same registration record as ALL indication (19 December 2018); DLBCL-specific ARTG entry re-registered 11 February 2021. Follicular lymphoma indication not checked. retrieved via web.archive.org snapshot because msac.gov.au and tga.gov.au refused direct connections
Kymriah,Australia,Australia,MSAC,ALL_ped,B-cell acute lymphoblastic leukaemia (ALL) in paediatric and young adult patients (aged 3-25 years) (pALL),2018-12-19,,2018-11-22,under-assessment,unknown,deferred; economic evaluation needed revisions and a price ascertained at which acceptably cost-effective,,,AUD,,"After considering the strength of the available evidence in relation to comparative safety, clinical effectiveness and cost-effectiveness, MSAC: deferred its decision on public funding of TIS for treatment of children and young adults with confirmed relapsed/refractory CD19-positive ALL; and did not support public funding for TIS for adults with confirmed relapsed/refractory DLBCL. For both conditions, MSAC recognised the large unmet clinical need and the preliminary supportive evidence of a clinically important treatment effect, but the incremental cost- effectiveness ratio (ICER) was both unacceptably high and underestimated. For pALL, the economic evaluation needed revisions and a price for TIS ascertained at which it is acceptably cost-effective.",Public Summary Document Application No. 1519 - Tisagenlecleucel (CTL019) for treatment of refractory CD19-positive leukaemia and lymphoma,MSAC 1519 PSD (April 2019); MSAC 74th Meeting 22-23 November 2018,https://www.msac.gov.au/sites/default/files/documents/1519-Final%20PSD-April%202019_redacted.pdf,2026-09-05,verified-from-source,Outcome recorded as deferred (mapped to under-assessment). Price redacted. Patient numbers redacted in PSD tables. MSAC recommended splitting pALL and DLBCL into two re-applications. retrieved via web.archive.org snapshot because msac.gov.au and tga.gov.au refused direct connections
Kymriah,Australia,Australia,MSAC,LBCL_3L,diffuse large B-cell lymphoma (DLBCL) in adults,2018-12-19,,2018-11-22,not-recommended,none,,,,AUD,,"did not support public funding for TIS for adults with confirmed relapsed/refractory DLBCL. For both conditions, MSAC recognised the large unmet clinical need and the preliminary supportive evidence of a clinically important treatment effect, but the incremental cost- effectiveness ratio (ICER) was both unacceptably high and underestimated. For DLBCL, the definition of the appropriate eligible population needed to be redefined, as well as amendments made to the economic evaluation and a reduced price for TIS ascertained at which it is acceptably cost-effective.",Public Summary Document Application No. 1519 - Tisagenlecleucel (CTL019) for treatment of refractory CD19-positive leukaemia and lymphoma,MSAC 1519 PSD (April 2019); MSAC 74th Meeting 22-23 November 2018,https://www.msac.gov.au/sites/default/files/documents/1519-Final%20PSD-April%202019_redacted.pdf,2026-09-05,verified-from-source,Price redacted. retrieved via web.archive.org snapshot because msac.gov.au and tga.gov.au refused direct connections
Kymriah,Australia,Australia,MSAC,ALL_ped,confirmed relapsed/refractory CD19-positive acute lymphoblastic leukaemia (ALL) in children and young adults up to 25 years old,2018-12-19,,2019-03-28,under-assessment,outcomes-based,deferred to allow risk share arrangement details to be negotiated; additional risk share measures required,,,AUD,,"After considering the strength of the available evidence in relation to comparative safety, clinical effectiveness and cost-effectiveness, MSAC deferred its advice on public funding of TIS for treatment of ALL in children and young adults up to 25 years old. MSAC recognised the large unmet clinical need for a small group of patients and the preliminary supportive evidence of a clinically important treatment effect. MSAC considered that TIS would be acceptably cost-effective in the ALL population with additional risk share measures in place to those proposed in the application to manage the remaining areas of clinical, economic and financial uncertainty that exist in the funding proposal.",Public Summary Document Application No. 1519 - Tisagenlecleucel (CTL019) for treatment of refractory CD19-positive leukaemia and lymphoma,MSAC 1519 PSD (April 2019); MSAC 75th Meeting 28-29 March 2019,https://www.msac.gov.au/sites/default/files/documents/1519-Final%20PSD-April%202019_redacted.pdf,2026-09-05,verified-from-source,Deferred (mapped to under-assessment). Patient number estimates (Tables 1-2) redacted. retrieved via web.archive.org snapshot because msac.gov.au and tga.gov.au refused direct connections
Kymriah,Australia,Australia,MSAC,ALL_ped,confirmed relapsed/refractory CD19-positive acute lymphoblastic leukaemia in children and young adults up to 25 years old,2018-12-19,,2019-04-09,recommended-restricted,outcomes-based,negotiated risk share arrangement for initial 2 years: pay only on successful infusion; treatment limited to a single dose; further (redacted) elements; full review no later than 2 years post commencement of subsidy,,,AUD,,"The MSAC reviewed the risk share arrangement in an out-of-session MSAC reconsideration. The MSAC supported the negotiated risk share arrangement, considering it appropriately managed the clinical, economic and financial uncertainty existing in the March 2019 application funding proposal and recommended the public funding of TIS for treatment of ALL in children and young adults up to 25 years old. The MSAC considered the following negotiated risk share agreement between the applicant and the Department for an initial 2 years of public funding, would appropriately manage the uncertainty existing in the applicant's March 2019 funding proposal: a pay only on successful infusion arrangement; Redacted; treatment to be limited to a single dose of TIS, as there is no evidence currently available informing the effectiveness or safety of multiple doses; and a full review of clinical effectiveness, cost- effectiveness and budget impact will be conducted by the MSAC no later than 2 years post the commencement of public subsidy.",Public Summary Document Application No. 1519 - Tisagenlecleucel (CTL019) for treatment of refractory CD19-positive leukaemia and lymphoma,MSAC 1519 PSD (April 2019); MSAC out-of-session 9 April 2019,https://www.msac.gov.au/sites/default/files/documents/1519-Final%20PSD-April%202019_redacted.pdf,2026-09-05,verified-from-source,"Funded as Highly Specialised Therapy under National Health Reform Agreement (NHRA), not MBS/PBS. Price redacted; patient numbers redacted. retrieved via web.archive.org snapshot because msac.gov.au and tga.gov.au refused direct connections"
Kymriah,Australia,Australia,Funding,ALL_ped,"paediatric and young adult patients up to 25 years of age with B-cell precursor acute lymphoblastic leukaemia (pALL) that is refractory, in relapse post-transplant, or in second or later relapse",2018-12-19,,2019-07-31,recommended-restricted,outcomes-based,NHRA joint Commonwealth-State funding with pay-on-successful-infusion risk share (Deed),,,AUD,,"Public subsidy for tisagenlecleucel (TIS) to treat paediatric and young adult patients up to 25 years of age with B-cell precursor acute lymphoblastic leukaemia (pALL) that is refractory, in relapse post-transplant, or in second or later relapse, through the National Health Reform Agreements (NHRA) commenced on 31 July 2019.",Public Summary Document Application No. 1748 - Review of tisagenlecleucel (Kymriah) for treatment of acute lymphoblastic leukaemia in paediatric and young adult patients (pALL),MSAC 1748 PSD (July 2023),https://www.msac.gov.au/sites/default/files/documents/1748%20Final%20PSD%20-%20July%202023%20(redacted).pdf,2026-09-05,verified-from-source,Funding start date taken from the MSAC 1748 review PSD. PSD also notes TIS was available initially in 2019-2020 in Victoria and from June 2020 in NSW and Queensland. retrieved via web.archive.org snapshot because msac.gov.au and tga.gov.au refused direct connections
Kymriah,Australia,Australia,MSAC,LBCL_3L,adult patients with confirmed relapsed/refractory (r/r) diffuse large B-cell lymphoma (DLBCL),2018-12-19,,2019-08-01,under-assessment,unknown,,,,AUD,,A revised application (resubmission) was received from Novartis by the Department of Health for tisagenlecleucel (TIS) for adult patients with confirmed relapsed/refractory (r/r) diffuse large B-cell lymphoma (DLBCL). [November 2019:] MSAC reconsidered the public funding of tisagenlecleucel (TIS) for adult patients with confirmed relapsed/refractory (r/r) diffuse large B-cell lymphoma (DLBCL) in the context of the advice it received at the CAR-T stakeholder meeting held on 12 November 2019.,Public Summary Document Application No. 1519.1 - Tisagenlecleucel (CTL019) for treatment of relapsed or refractory diffuse large B-cell lymphoma (DLBCL),MSAC 1519.1 PSD (updated November 2019); MSAC 76th Meeting 1-2 August 2019,https://www.msac.gov.au/sites/default/files/documents/1519.1%20Final%20updated%20PSD%20Nov%2019_redacted.pdf,2026-09-05,provisional-from-snippet,"August 2019 advice section not extracted; the PSD structure (reconsideration in November 2019 after a 12 November 2019 CAR-T stakeholder meeting) implies the August 2019 outcome was a deferral, but that wording was not read. Treat as deferred pending verification. retrieved via web.archive.org snapshot because msac.gov.au and tga.gov.au refused direct connections"
Kymriah,Australia,Australia,MSAC,LBCL_3L,"certain patients with CD19-positive Diffuse Large B Cell Lymphoma (DLBCL), Primary Mediastinal B Cell Lymphoma (PMBCL) and Transformed Follicular Lymphoma (TFL)",2018-12-19,,2019-11-28,recommended-restricted,outcomes-based,price no higher than proposed; no payment for unsuccessful infusion or if apheresed but not infused; one successful CAR-T infusion per lifetime; tertiary public hospital delivery; ABMTRR data collection; Year 1 progress review and full review within 2 years; further redacted risk-share elements,,,AUD,,"After considering the strength of the available evidence in relation to comparative safety, clinical effectiveness and cost-effectiveness, MSAC supported the public funding of tisagenlecleucel (TIS) for certain patients with CD19-positive Diffuse Large B Cell Lymphoma (DLBCL), Primary Mediastinal B Cell Lymphoma (PMBCL) and Transformed Follicular Lymphoma (TFL). The MSAC recommendation for public funding was based on, among other matters, its assessment that the cost-effectiveness of TIS, although high, would be acceptable if the redacted price is no higher than that proposed in the submission, and if the following measures were implemented to contain the risks associated with public funding: treatment must be delivered by a haematologist working in a multi-disciplinary team specialising in the provision of CAR-T cell therapy; treatment must be delivered in a tertiary public hospital with appropriate credentials; governance and prescribing rules to ensure treatment is directed to patients most likely to benefit; no payment for TIS for an unsuccessful infusion; no payment for TIS if a patient is apheresed but does not receive the infusion of engineered lymphocytes; a limit to one successful CAR-T infusion per lifetime; data on the use of TIS for B cell lymphoma's in Australia should be recorded by the Australian Bone Marrow Transplant Recipient Registry.",Public Summary Document Application No. 1519.1 - Tisagenlecleucel (CTL019) for treatment of relapsed or refractory diffuse large B-cell lymphoma (DLBCL),MSAC 1519.1 PSD (updated November 2019); MSAC 77th Meeting 28-29 November 2019,https://www.msac.gov.au/sites/default/files/documents/1519.1%20Final%20updated%20PSD%20Nov%2019_redacted.pdf,2026-09-05,verified-from-source,"Price redacted. PSD Table 6: total infused DLBCL patients 132 (Year 1), 199 (Year 2), 194, 186, 186, 188 (total 1084 over 6 years). retrieved via web.archive.org snapshot because msac.gov.au and tga.gov.au refused direct connections"
Kymriah,Australia,Australia,Funding,LBCL_3L,"relapsed or refractory DLBCL, PMBCL and TFL (NHRA Highly Specialised Therapy)",2018-12-19,,,not-found,outcomes-based,,,,AUD,,,Public Summary Document Application No. 1653 (November 2020) confirms TIS was publicly funded for DLBCL,MSAC 1653 PSD,https://www.msac.gov.au/sites/default/files/documents/1653%20Final%20PSD_Nov2020_redacted.pdf,2026-09-05,not-found,"Funding under the NHRA is confirmed by later PSDs (1653, 1676) but the commencement date of public subsidy for the DLBCL indication was not found in the documents read."
Kymriah,Australia,Australia,MSAC,LBCL_3L,Amendment to eligibility criteria for tisagenlecleucel for treatment of relapsed or refractory diffuse large B-cell lymphoma - removal of the requirement for patients to be CD19-positive,2018-12-19,,2020-11-26,not-recommended,none,,,,AUD,,"MSAC did not support amending the eligibility criteria for tisagenlecleucel (TIS) (Kymriah) for the treatment of relapsed or refractory diffuse large B-cell lymphoma (DLBCL) by removing the requirement for patients to test positive for CD-19 expression on their B-cells. MSAC considered that since tisagenlecleucel is a cell-based therapy specifically targeting CD-19 expression, and since there is no minimum threshold set for CD-19 positivity, the argument for removing the requirement was not adequately supported.",Public Summary Document Application No. 1653 - Amendment to eligibility criteria for Tisagenlecleucel (CTL019) for treatment of relapsed or refractory diffuse large B-cell lymphoma,MSAC 1653 PSD (November 2020); MSAC 80th Meeting 26-27 November 2020,https://www.msac.gov.au/sites/default/files/documents/1653%20Final%20PSD_Nov2020_redacted.pdf,2026-09-05,verified-from-source,Eligibility amendment application; no change to existing risk share arrangements requested. retrieved via web.archive.org snapshot because msac.gov.au and tga.gov.au refused direct connections
Kymriah,Australia,Australia,MSAC,LBCL_3L,Amendments to eligibility criteria for tisagenlecleucel for treatment of relapsed or refractory DLBCL - amend clinical criteria for patients with Transformed Follicular Lymphoma (TFL) and propose inclusion of patients with grade 3B follicular lymphoma (3B FL),2018-12-19,2021-04,2021-07-29,recommended,outcomes-based,minor eligibility changes within existing NHRA risk share deed,,,AUD,,MSAC supported the minor changes to the eligibility criteria for tisagenlecleucel (as proposed in the Pre-MSAC response) regarding certain patients with transformed follicular lymphoma (TFL) and certain patients with grade 3B follicular lymphoma (FL). MSAC considered there would be a very small number of additional patients that would be eligible and there was support for these changes from the National CAR-T Patient Prioritisation Committee and from the States and Territories.,Public Summary Document Application No. 1676 - Amendments to eligibility criteria for tisagenlecleucel for treatment of relapsed or refractory diffuse large B-cell lymphoma,MSAC 1676 PSD (July 2021); 82nd MSAC Meeting 29-30 July 2021,https://www.msac.gov.au/sites/default/files/documents/1676%20Final%20PSD%20-%20July%202021_redacted.pdf,2026-09-05,verified-from-source,"Application received April 2021. PSD estimates 3-15 extra patients infused per year (3-10 new patients in Year 1 from the 3B FL change, rising to 7-15 in Year 6). retrieved via web.archive.org snapshot because msac.gov.au and tga.gov.au refused direct connections"
Kymriah,Australia,Australia,MSAC,ALL_ped,Review of tisagenlecleucel (Kymriah) for treatment of acute lymphoblastic leukaemia in paediatric and young adult patients (pALL),2018-12-19,2023-02-08,2023-07-27,recommended-restricted,outcomes-based,post-market review: continued funding with renegotiation on the basis of TIS being a bridging treatment rather than curative; further review in 3 years; ongoing data collection,,,AUD,,"After reviewing updated evidence from clinical studies, Australian data from the Australian Bone Marrow Transplant Recipient Registry (ABMTRR) and utilisation data supplied by the States and Territories, MSAC considered that the available evidence did not fully address the clinical, economic and financial uncertainties which existed when it initially supported public funding. The review did not adequately address MSAC's previous concerns regarding the uncertainty of clinical outcomes beyond 12 months for TIS for pALL. MSAC considered that for most patients, TIS is likely used as a bridging therapy to aHSCT or aHSCT is being used to treat relapse post-TIS. Data from the States and Territories showed the true total cost of providing treatment with TIS was substantially higher than expected and that although significantly fewer patients than expected used TIS, the estimated budget impact was similar to that presented in the initial application for this reason. Therefore, MSAC advised a further review should be conducted in 3 years with the need for ongoing data collection. MSAC requested the Department negotiate based on TIS being a bridging treatment rather than a curative treatment.",Public Summary Document Application No. 1748 - Review of tisagenlecleucel (Kymriah) for treatment of acute lymphoblastic leukaemia in paediatric and young adult patients (pALL),MSAC 1748 PSD (July 2023); MSAC 27 July 2023,https://www.msac.gov.au/sites/default/files/documents/1748%20Final%20PSD%20-%20July%202023%20(redacted).pdf,2026-09-05,verified-from-source,"ADAR lodged February 2023 (deadline 8 February 2023). Actual utilisation <100 patients per year in Years 1-4 versus (redacted) expected. Outcome is a review, mapped to recommended-restricted because funding continued with renegotiation. retrieved via web.archive.org snapshot because msac.gov.au and tga.gov.au refused direct connections"
Yescarta,Australia,Australia,TGA,LBCL_3L,"relapsed or refractory large B-cell lymphoma after two or more lines of systemic therapy, including DLBCL not otherwise specified, primary mediastinal large B-cell lymphoma, high grade B-cell lymphoma and DLBCL arising from follicular lymphoma",2020-02-11,2018-12-17,2020-02-11,recommended,none,,,,,,,"MSAC 1771 PSD (August 2024), Prerequisites to implementation; MSAC 1587 PSD (regulatory submission date)",ARTG 329770,https://www.msac.gov.au/sites/default/files/2024-10/1771_final_psd_-_aug2024_-_redacted.pdf,2026-09-05,verified-from-source,"Per MSAC 1771 PSD: ""AXI was first included on the Australian Register of Therapeutic Goods (ARTG) on 11 February 2020 for r/r LBCL (ARTG ID 329770)"". Regulatory submission to TGA 17 December 2018 per MSAC 1587 PSD. TGA record itself not retrieved (tga.gov.au blocked)."
Yescarta,Australia,Australia,TGA,LBCL_2L,YESCARTA is a genetically modified autologous immunocellular therapy for the treatment of: Large B-cell Lymphoma - Patients with relapsed or refractory large B-cell lymphoma (LBCL). YESCARTA is not indicated for the treatment of patients with primary central nervous system lymphoma.,2022-12-12,2021-12-02,2022-12,recommended,none,,,,,,,"ARTG Public Summary for ARTG Entry 400895 (Yescarta, Gilead Sciences Pty Ltd)",ARTG 400895,https://www.ebs.tga.gov.au/servlet/xmlmillr6?dbid=ebs/PublicHTML/pdfStore.nsf&docid=400895&agid=(PrintDetailsPublic)&actionid=1,2026-09-05,verified-from-source,"ARTG Start Date 12/12/2022 (eBS public summary read directly). MSAC 1722 PSD: expansion to 2L LBCL submitted to TGA 2 December 2021, final TGA decision released December 2022."
Yescarta,Australia,Australia,TGA,FL_3L,Follicular Lymphoma - Patients with relapsed or refractory follicular lymphoma (FL) after two or more lines of systemic therapy.,2022-12-12,,2022-12-12,recommended,none,,,,,,,"ARTG Public Summary for ARTG Entry 400895 (Yescarta, Gilead Sciences Pty Ltd)",ARTG 400895,https://www.ebs.tga.gov.au/servlet/xmlmillr6?dbid=ebs/PublicHTML/pdfStore.nsf&docid=400895&agid=(PrintDetailsPublic)&actionid=1,2026-09-05,verified-from-source,"MSAC 1771 PSD: ""The indication was extended to include patients with r/r FL after two or more lines of systemic therapy on 12 December 2022 (ARTG ID 400895)""."
Yescarta,Australia,Australia,MSAC,LBCL_3L,"relapsed/refractory (r/r) diffuse large B-cell lymphoma (DLBCL) including DLBCL not otherwise specified (NOS) and transformed follicular lymphoma (TFL), primary mediastinal B-cell lymphoma (PMBCL) and high grade B-cell lymphoma (HGBCL)",2020-02-11,,2019-11-28,under-assessment,outcomes-based,"deferred pending TGA decision; minded to support at average price per patient 40-45% lower than proposed, with pay-for-performance (survival at 12 months proposed by applicant), no payment for unsuccessful infusion, one infusion per lifetime, ABMTRR data, review within 2 years",,,AUD,,"MSAC deferred making a recommendation on the public funding of AXI for DLBCL, TFL and PMBCL pending a regulatory decision by the Therapeutic Goods Administration (TGA). However, MSAC advised the Minister that, subject to the TGA making a decision in favour of approving AXI for inclusion on the Australian Register of Therapeutic Goods, MSAC was minded to support the public funding of AXI at an average price per patient that is 40-45% lower than the price proposed by the applicant redacted, and if the following measures were implemented to contain the risks associated with public funding: treatment must be delivered by a haematologist working in a multi-disciplinary team specialising in the provision of CAR-T cell therapy; treatment must be delivered in a tertiary public hospital with appropriate credentials; no payment for AXI for an unsuccessful infusion; no payment for AXI if a patient is apheresed but does not receive the infusion of engineered lymphocytes; a limit to one successful CAR-T infusion per lifetime for r/r DLBCL, including DLBCL NOS and TFL, PMBCL and HGBCL.",Public Summary Document Application No. 1587 - Axicabtagene ciloleucel (CAR-T therapy) for the treatment of refractory or relapsed CD19-positive lymphoma,MSAC 1587 PSD; MSAC 77th Meeting 28-29 November 2019,https://www.msac.gov.au/sites/default/files/documents/1587%20Final%20PSD%20Nov%2019_redacted.pdf,2026-09-05,verified-from-source,Deferred (mapped to under-assessment). Price redacted. retrieved via web.archive.org snapshot because msac.gov.au and tga.gov.au refused direct connections
Yescarta,Australia,Australia,MSAC,LBCL_3L,"relapsed/refractory DLBCL (including DLBCL NOS and TFL), PMBCL and HGBCL",2020-02-11,,2020-01-16,recommended-restricted,outcomes-based,as per November 2019 advice: average price 40-45% below proposed; pay-for-performance/risk share; no payment for unsuccessful infusion; one infusion per lifetime; review within 2 years,,,AUD,,"Following the MSAC's November 2019 decision to defer providing advice to the Minister for Health on the public funding of AXI for DLBCL, TFL and PMBCL, the Therapeutics Goods Administration (TGA) Clinical Evaluation Report and Delegate's Summary became available. The TGA delegate has indicated (s)he is minded to approve AXI for registration for the same indications for which public funding has been sought. On receipt of this advice from the TGA, the MSAC confirmed its support for the public funding of AXI out-of-session on 16 January 2020, without making any changes to the other parts of its advice to the Minister from November 2019.",Public Summary Document Application No. 1587 - Axicabtagene ciloleucel (CAR-T therapy) for the treatment of refractory or relapsed CD19-positive lymphoma,MSAC 1587 PSD; MSAC out-of-session 16 January 2020,https://www.msac.gov.au/sites/default/files/documents/1587%20Final%20PSD%20Nov%2019_redacted.pdf,2026-09-05,verified-from-source,NHRA Highly Specialised Therapy. Price redacted; patient caps redacted. retrieved via web.archive.org snapshot because msac.gov.au and tga.gov.au refused direct connections
Yescarta,Australia,Australia,Funding,LBCL_3L,"r/r DLBCL, TFL and PMBCL in the third-line setting under NHRA Commonwealth and State shared funding arrangements",2020-02-11,,,not-found,outcomes-based,,,,AUD,,these volumes have not been realised in practice with a total of [redacted] publicly funded patients infused with AXI since supported by MSAC in July 2021 (i.e. since 1st patient infused 6 September 2021 through to the October 2023 quarterly report submitted by the applicant).,"Public Summary Document Application No. 1722.1 (April 2024), ESC discussion",MSAC 1722.1 PSD,https://www.msac.gov.au/sites/default/files/documents/1722.1%20Final%20PSD%20-%20April2024%20(redacted).pdf,2026-09-05,not-found,"Commencement date of NHRA subsidy for AXI 3L not stated explicitly; the 1722.1 PSD quote above (first publicly funded patient infused 6 September 2021) is the only dated statement found and its ""July 2021"" reference conflicts with the January 2020 MSAC support, so it is recorded here without being adopted as the funding start date."
Yescarta,Australia,Australia,MSAC,LBCL_2L,relapsed or refractory (r/r) large B-cell lymphoma (LBCL) in the second-line (2L) setting,2022-12-12,,2023-03-30,not-recommended,none,,,,AUD,,"MSAC did not support public funding of axicabtagene ciloleucel (AXI) for the treatment of relapsed or refractory large B-cell lymphoma (LBCL) in the second-line (2L) setting. MSAC recognised the clinical need for the proposed treatment in this population. MSAC considered that from the evidence presented for evaluation, it was uncertain whether AXI demonstrated durable survival outcomes relative to standard of care, and that AXI had an inferior safety profile. MSAC was also concerned with the use of event-free survival (EFS) as a primary endpoint, which was likely to be biased in favour of the AXI arm, and that the trial did not adequately capture the difference between AXI in the 2L vs 3L setting, which had flow on effects to the economic model. MSAC also considered that the incremental cost-effectiveness ratio (ICER) was highly uncertain and was underestimated due to the optimistic extrapolation of survival favouring AXI.",Public Summary Document Application No. 1722 - Axicabtagene ciloleucel (YESCARTA) for relapsed or refractory large B-cell lymphoma,MSAC 1722 PSD; MSAC 30-31 March 2023,https://www.msac.gov.au/sites/default/files/documents/1722%20Final%20PSD%20-%20Mar%202023%20(redacted)_Updated.pdf,2026-09-05,verified-from-source,"Application states approx. 1,000 patients per year are refractory or relapse within 12 months of 1L therapy; financial estimates redacted. retrieved via web.archive.org snapshot because msac.gov.au and tga.gov.au refused direct connections"
Yescarta,Australia,Australia,MSAC,LBCL_2L,relapsed or refractory (R/R) large B-cell lymphoma (LBCL) in the second-line (2L) setting,2022-12-12,,2024-04-04,recommended-restricted,outcomes-based,"risk sharing arrangement: either a single payment of up to $[redacted] corresponding to ICER $[redacted]/QALY, or pay-for-performance achieving average price $[redacted] per successfully infused patient based on [redacted]% response rate; one successful CAR-T infusion per lifetime; annual patient caps as per current 3L deed; review within 3 years",,,AUD,,"MSAC supported the public funding of axicabtagene ciloleucel (AXI) through the NHRA for the treatment of R/R LBCL in the 2L setting. MSAC recognised the clinical need for the proposed treatment in this population. MSAC noted that the updated clinical data demonstrated a statistically significant overall survival (OS) benefit of AXI relative to the standard of care over a longer follow up period, which MSAC considered supported the clinical claim of superior effectiveness. MSAC noted the proposed price for treatment with AXI in the 2L setting was higher than the average price previously supported by MSAC for AXI in the 3L setting. MSAC also noted that the application proposed increasing the annual patient cap for AXI but that the current utilisation of AXI is below the current annual patient cap for the 3L setting. Therefore, MSAC support for public funding of AXI in 2L setting was contingent on a risk sharing arrangement.",Public Summary Document Application No. 1722.1 - Axicabtagene ciloleucel (Yescarta) for relapsed or refractory large B-cell lymphoma,MSAC 1722.1 PSD; MSAC 4-5 April 2024,https://www.msac.gov.au/sites/default/files/documents/1722.1%20Final%20PSD%20-%20April2024%20(redacted).pdf,2026-09-05,verified-from-source,ADAR estimated 228 patients likely to be administered AXI in 2L in Year 1 (483 eligible). Price redacted. retrieved via web.archive.org snapshot because msac.gov.au and tga.gov.au refused direct connections
Yescarta,Australia,Australia,MSAC,FL_3L,relapsed or refractory (r/r) follicular lymphoma (FL) after two or more lines of systemic therapy,2022-12-12,,2024-08-01,not-recommended,none,,,,AUD,,"MSAC did not support public funding of axicabtagene ciloleucel (AXI) through the National Health Reform Agreement (NHRA) for the treatment of relapsed or refractory (r/r) follicular lymphoma (FL) after two or more lines of systemic therapy. MSAC acknowledged the clinical need for new therapies for this patient population, and considered that AXI appeared to offer clinical benefit, particularly in progression free survival. However, MSAC noted that due to the low certainty of evidence, the magnitude of benefit was highly uncertain. MSAC considered that AXI had an inferior safety profile compared to the current standard of care. MSAC considered the cost-effectiveness of AXI was highly uncertain, due to low certainty in comparative evidence, uncertain real-world costs and the unsubstantiated cure assumption used in the economic model. MSAC noted the proposed price of AXI had not been adequately justified and considered a price reduction along with a risk sharing arrangement would be required for any future re-application.",Public Summary Document Application No. 1771 - Axicabtagene ciloleucel (Yescarta) for patients with relapsed or refractory follicular lymphoma,MSAC 1771 PSD; MSAC 1-2 August 2024,https://www.msac.gov.au/sites/default/files/2024-10/1771_final_psd_-_aug2024_-_redacted.pdf,2026-09-05,verified-from-source,Price and patient numbers redacted. retrieved via web.archive.org snapshot because msac.gov.au and tga.gov.au refused direct connections
Yescarta,Australia,Australia,MSAC,FL_3L,adult patients with relapsed or refractory (r/r) follicular lymphoma (FL) after two or more lines of systemic therapy,2022-12-12,,2025-07-31,recommended-restricted,outcomes-based,price reduction required; risk sharing arrangement with a two-part pay for performance pricing structure supported by jurisdictions,,,AUD,,"MSAC supported public funding of axicabtagene ciloleucel (AXI) as a Highly Specialised Therapy (HST) through the National Health Reform Agreement (NHRA) for the treatment of adult patients with relapsed or refractory (r/r) follicular lymphoma (FL) after two or more lines of systemic therapy. MSAC recalled it acknowledged the clinical need for the proposed treatment in this population and noted that while the updated clinical data demonstrated that AXI appeared to offer clinical benefit relative to the standard of care over a longer follow up period, the long-term clinical benefits remained uncertain as FL is a relatively indolent condition compared with other cancers with funded CAR-T therapies. MSAC considered AXI has an inferior safety profile compared to the current standard of care. MSAC considered a price reduction was required for AXI to be cost-effective. MSAC noted as joint funders of the HST, the jurisdictions were supportive of a risk sharing arrangement with a two-part pay for performance pricing structure.",Public Summary Document Application No. 1771.1 - Axicabtagene ciloleucel therapy for patients with relapsed or refractory follicular lymphoma,MSAC 1771.1 PSD; MSAC 31 July 2025,https://www.msac.gov.au/sites/default/files/2025-10/1771.1_final_psd_-_july_2025_-_redacted_0.pdf,2026-09-05,verified-from-source,Resubmission application form HPP200262. Price redacted. retrieved via web.archive.org snapshot because msac.gov.au and tga.gov.au refused direct connections
Tecartus,Australia,Australia,TGA,MCL_2L,"TECARTUS is a genetically modified autologous immunocellular therapy for the treatment of patients with relapsed or refractory mantle cell lymphoma (MCL), who have received two or more lines of therapy, including a BTK inhibitor, unless ineligible or intolerant to treatment with a BTK inhibitor.",2021-07-21,2020-07-20,2021-07-21,recommended,none,,,,,,,TGA prescription medicines registrations: TECARTUS (Gilead Sciences Pty Ltd),ARTG 371431,https://www.tga.gov.au/resources/prescription-medicines-registrations/tecartus-gilead-sciences-pty-ltd,2026-09-05,verified-from-source,Date registered 21 July 2021; evaluation commenced 20 July 2020; approval time 210 working days. ARTG number from MSAC 1723.1 PSD. retrieved via web.archive.org snapshot because msac.gov.au and tga.gov.au refused direct connections
Tecartus,Australia,Australia,TGA,ALL_adult,patients greater than or equal to 18 years of age with R/R B-ALL,,,,recommended,none,,,,,,,"MSAC 1723.1 PSD (November 2023), Prerequisites to implementation",ARTG 396794,https://www.msac.gov.au/sites/default/files/documents/1723.1%20Final%20PSD%20-%20Nov2023%20(redacted).pdf,2026-09-05,provisional-from-snippet,"ARTG 396794 for adult R/R B-ALL cited in MSAC 1723.1 PSD; MSAC 1723 PSD (November 2022) states brexu-cel ""has been recently approved by the Therapeutic Goods Administration"", so registration was around late 2022, but the ARTG start date was not retrieved."
Tecartus,Australia,Australia,MSAC,MCL_2L,relapsed or refractory mantle cell lymphoma (R/R MCL),2021-07-21,,2021-07-29,recommended-restricted,outcomes-based,contingent on price reduction to average price per patient giving the same ICER as accepted for axicabtagene ciloleucel; no payment for unsuccessful infusion or if not infused; one CAR-T infusion per lifetime for r/r MCL; ABMTRR data; full review within 3 years; progressive patient caps,,,AUD,,MSAC supported public funding of brexu-cel for certain patients with R/R MCL. MSAC considered there was significant unmet clinical need in this group of patients. MSAC considered that the level of clinical evidence in support of brexu-cel to be acceptable given the rarity of mantle cell lymphoma and the proposal for its use as a later line of therapy. MSAC support for public funding was contingent on a price reduction to achieve an average price per patient corresponding to the same incremental cost-effectiveness ratio (ICER) as that accepted for axicabtagene ciloleucel ($redacted/QALY) and if the following measures were implemented to contain the risks associated with public funding: treatment must be delivered by a haematologist working in a multi-disciplinary team specialising in the provision of CAR-T cell therapy; treatment must be delivered in a tertiary public hospital with appropriate credentials; no payment for brexu-cel for an unsuccessful infusion; a limit to one successful CAR-T infusion per lifetime for r/r MCL.,Public Summary Document Application 1647 - Brexucabtagene autoleucel for relapsed or refractory mantle cell lymphoma (updated with July 2023 Addendum),MSAC 1647 PSD; 82nd MSAC Meeting 29-30 July 2021,https://www.msac.gov.au/sites/default/files/documents/1647%20Final%20PSD%20-%20updated%20with%20July%202023%20Addendum%20(redacted).pdf,2026-09-05,verified-from-source,Application expedited (bypassed PASC). Patient numbers per year redacted; MSAC suggested caps progressively escalated to a maximum of [redacted] patients per year. retrieved via web.archive.org snapshot because msac.gov.au and tga.gov.au refused direct connections
Tecartus,Australia,Australia,MSAC,MCL_2L,relapsed or refractory mantle cell lymphoma (R/R MCL) - pricing proposal,2021-07-21,2023-07,2023-07-29,recommended-restricted,outcomes-based,pricing proposal accepted out-of-session; review within 3 years of commencement of subsidy,,,AUD,,"Following the MSAC's July 2021 advice to support the public funding of brexucabtagene autoleucel (brexu-cel) for certain patients with relapsed or refractory mantle cell lymphoma (R/R MCL), Gilead Sciences submitted a pricing proposal to progress the public funding of the CAR-T cell therapy in July 2023. Given the details of the pricing proposal varied from the MSAC's July 2021 advice, the MSAC considered the pricing proposal out-of-session on 29 July 2023. After considering the pricing proposal, MSAC confirmed its support for the public funding of brexu-cel for certain patients with R/R MCL. No changes were made to other parts of its advice to the Minister from July 2021.",Public Summary Document Application 1647 - Brexucabtagene autoleucel for relapsed or refractory mantle cell lymphoma (updated with July 2023 Addendum),MSAC 1647 PSD July 2023 Addendum; MSAC out-of-session 29 July 2023,https://www.msac.gov.au/sites/default/files/documents/1647%20Final%20PSD%20-%20updated%20with%20July%202023%20Addendum%20(redacted).pdf,2026-09-05,verified-from-source,Two-year gap between MSAC support (July 2021) and sponsor pricing proposal (July 2023). retrieved via web.archive.org snapshot because msac.gov.au and tga.gov.au refused direct connections
Tecartus,Australia,Australia,Funding,MCL_2L,R/R MCL under NHRA Highly Specialised Therapy arrangements,2021-07-21,,,not-found,outcomes-based,,,,AUD,,,,,https://www.msac.gov.au/sites/default/files/documents/1647%20Final%20PSD%20-%20updated%20with%20July%202023%20Addendum%20(redacted).pdf,2026-09-05,not-found,Funding commencement date after the July 2023 pricing proposal not found in documents read.
Tecartus,Australia,Australia,MSAC,ALL_adult,adult patients (>=18 years of age) with relapsed or refractory B-precursor acute lymphoblastic leukaemia (R/R B-ALL),,,2022-11-24,not-recommended,none,,,,AUD,,"MSAC did not support public funding of brexucabtagene autoleucel (brexu-cel) for adult R/R B-ALL. MSAC considered that it was uncertain whether brexu-cel demonstrated superior efficacy in terms of durable survival outcomes compared with contemporary Australian practice because of low certainty of the evidence presented. In addition, MSAC considered that there was significant uncertainty around the place of brexu-cel in clinical practice and that brexu-cel had an inferior safety profile compared with other therapies. MSAC also considered that the incremental cost-effectiveness ratio was highly uncertain and was likely underestimated due to the optimistic extrapolation of survival favouring brexu-cel. MSAC noted the price of brexu-cel had not been adequately justified and no payment for performance or risk sharing criteria were proposed for consideration by MSAC. MSAC also noted that the states and territories were not supportive of the application as joint funders of this highly specialised therapy via the NHRA.",Public Summary Document Application No. 1723 - Brexucabtagene autoleucel for adult relapsed or refractory B-precursor acute lymphoblastic leukaemia,MSAC 1723 PSD; MSAC 24-25 November 2022,https://www.msac.gov.au/sites/default/files/documents/1723%20Final%20PSD-%20Nov%202022_redacted.pdf,2026-09-05,verified-from-source,Application bypassed PASC. retrieved via web.archive.org snapshot because msac.gov.au and tga.gov.au refused direct connections
Tecartus,Australia,Australia,MSAC,ALL_adult,adult patients (>=26 years of age) with relapsed or refractory B-precursor acute lymphoblastic leukaemia (R/R B-ALL),,2023-05-10,2023-11-23,recommended-restricted,outcomes-based,average price consistent with other publicly funded CAR-T therapies; pay-for-performance considered but MSAC noted PfP would likely raise the average price paid; age restricted to >=26 years to complement Kymriah access for younger patients,,,AUD,,"MSAC supported public funding of brexu-cel for adult patients (aged 26 years or older) with R/R B-ALL. MSAC considered there was significant unmet clinical need in this group of patients and an equity of access issue as patients under 26-year-old are able to access an alternative chimeric antigen receptor T-cell (CAR-T) therapy for the same indication. MSAC noted that uncertainty remained regarding the clinical place of brexu-cel, in particular with regards to subsequent allogenic stem cell transplant (allo-SCT). MSAC considered that the uncertainty and limitations with the economic evaluation remained and as such did not demonstrate the cost-effectiveness of brexu-cel at a price of $redacted. MSAC noted the subsequent average price of $redacted submitted by the applicant in a subsequent pricing proposal was consistent with the price supported for other publicly funded CAR-T therapies, that it considered to be acceptable for funding.",Public Summary Document Application No. 1723.1 - Brexucabtagene autoleucel for adult relapsed or refractory B-precursor acute lymphoblastic leukaemia,MSAC 1723.1 PSD; MSAC 23-24 November 2023,https://www.msac.gov.au/sites/default/files/documents/1723.1%20Final%20PSD%20-%20Nov2023%20(redacted).pdf,2026-09-05,verified-from-source,Re-application form dated 10 May 2023 (TECARTUS ALL MSAC Application Form 10 May 2023). Price redacted. retrieved via web.archive.org snapshot because msac.gov.au and tga.gov.au refused direct connections
Tecartus,Australia,Australia,Funding,ALL_adult,adult (>=26 years) R/R B-ALL under NHRA,,,,not-found,unknown,,,,AUD,,,,,https://www.msac.gov.au/sites/default/files/documents/1723.1%20Final%20PSD%20-%20Nov2023%20(redacted).pdf,2026-09-05,not-found,Funding commencement date not found.
Carvykti,Australia,Australia,TGA,MM_4L,"CARVYKTI is indicated for the treatment of adult patients with relapsed or refractory multiple myeloma, who have received at least three prior lines of therapy, including a proteasome inhibitor, an immunomodulatory agent and an anti-CD38 antibody.",2023-06-06,2021-08-03,2023-06-05,recommended,none,,,,,,,"ARTG Public Summary for ARTG Entry 410143 (CARVYKTI, Janssen-Cilag Pty Ltd); TGA prescription medicines registrations: CARVYKTI",ARTG 410143,https://www.ebs.tga.gov.au/servlet/xmlmillr6?dbid=ebs/PublicHTML/pdfStore.nsf&docid=410143&agid=(PrintDetailsPublic)&actionid=1,2026-09-05,verified-from-source,"ARTG Start Date 6/06/2023 (eBS public summary); TGA registration page: date registered 5 June 2023, evaluation commenced 3 August 2021, decision 5 June 2023, approval time 186 working days. MSAC 1690.1 PSD also cites inclusion on ARTG 6 June 2023."
Carvykti,Australia,Australia,MSAC,MM_4L,"adult patients with relapsed or refractory multiple myeloma (RRMM), who have received at least three prior lines of therapy, including a proteasome inhibitor (PI); an immunomodulatory agent (IMiD); and an anti-CD38 antibody",2023-06-06,2022-02,2022-07-28,not-recommended,none,,,,AUD,,"MSAC did not support public funding of ciltacabtagene autoleucel (cilta-cel), a B-cell maturation antigen (BCMA)-directed chimeric antigen receptor T cell (CAR-T) therapy, for the treatment of adult patients with relapsed or refractory multiple myeloma (RRMM), who have received at least three prior lines of therapy, including a PI, an IMiD and an anti-CD38 antibody. MSAC considered there was high uncertainty regarding the clinical place of cilta-cel and the proposal for its use as a later line of therapy in the context of RRMM, which has a long disease history with many alternative and new treatment options that have improved patient outcomes. MSAC did not accept that cilta-cel is comparatively safe, effective and cost-effective over the modelled time horizon. MSAC also considered the low level of clinical evidence in support of cilta-cel to be unacceptable in the context of late-line treatment where other treatment options are available, and the prevalence of RRMM being clearly beyond that of a rare disease, with a large and uncertain financial impact.","Public Summary Document Application No. 1690 - Ciltacabtagene autoleucel, a B-cell maturation antigen-directed chimeric antigen receptor T cell to treat refractory or relapsed multiple myeloma",MSAC 1690 PSD; MSAC 28-29 July 2022,https://www.msac.gov.au/sites/default/files/documents/1690%20Final%20PSD_Jul2022%20-%20Redacted_Final.pdf,2026-09-05,verified-from-source,ADAR lodged February 2022 (per 1690.1 PSD). Considered before TGA registration (still under TGA consideration). Patient numbers redacted. retrieved via web.archive.org snapshot because msac.gov.au and tga.gov.au refused direct connections
Carvykti,Australia,Australia,MSAC,MM_5L,"adult patients with RRMM who have received at least 4 prior lines of therapy, including a proteasome inhibitor (PI), an immunomodulatory agent (IMiD) and an anti-CD38 antibody",2023-06-06,,2023-11-23,under-assessment,outcomes-based,deferred; significant price reduction sought; Department asked to negotiate a pay-for-performance arrangement based on depth of response at 12 months,,,AUD,,"MSAC deferred its advice for public funding of ciltacabtagene autoleucel (cilta-cel), a B-cell maturation antigen (BCMA)-directed chimeric antigen receptor T cell (CAR-T) therapy, for the treatment of adult patients with relapsed or refractory multiple myeloma (RRMM), who have received at least four prior lines of therapy, including a proteasome inhibitor, an immunomodulatory agent and an anti-CD38 antibody. MSAC considered that the clinical place of cilta-cel and the proposal for its use as a later line of therapy in the context of RRMM for patients who have a high unmet clinical need was reasonable. MSAC noted limitations in the clinical evidence but accepted the clinical claim that cilta-cel had superior effectiveness in terms of durable survival outcomes and a different safety profile compared with standard of care therapies. However, MSAC considered the incremental cost-effectiveness ratio (ICER) was both unacceptably high and underestimated. MSAC noted that the jurisdictions considered substantial price reduction was required for public funding to be supported. MSAC deferred its advice to see whether a lower ICER could be achieved through adjusting inputs in the economic model and for a significant price reduction to be offered by the company. MSAC advised that an ICER in the range of those for other treatments in later line RRMM recommended by PBAC would be more likely to be acceptable. Furthermore, MSAC requested the Department negotiate a pay-for-performance arrangement.",Public Summary Document Application No. 1690.1 - Ciltacabtagene autoleucel ... to treat refractory or relapsed multiple myeloma,MSAC 1690.1 PSD (November 2023); MSAC 23-24 November 2023,https://www.msac.gov.au/sites/default/files/documents/1690.1%20Final%20PSD%20-%20Nov2023%20(redacted).pdf,2026-09-05,verified-from-source,Deferred (mapped to under-assessment). Price redacted. retrieved via web.archive.org snapshot because msac.gov.au and tga.gov.au refused direct connections
Carvykti,Australia,Australia,MSAC,MM_5L,adult patients with relapsed or refractory multiple myeloma (RRMM) who have received at least 4 prior lines of therapy (5L+ RRMM),2023-06-06,,2024-04-04,recommended-restricted,outcomes-based,alternative funding model set by MSAC (pay-for-performance) with a risk sharing arrangement for use above financial estimates; applicant proposal of fixed annual patient caps rejected as inequitable,,,AUD,,"MSAC supported the public funding of cilta-cel for 5L+ RRMM at its April 2024 meeting based on an alternative funding model that appropriately managed the clinical, economic and financial uncertainty associated with the public funding of cilta-cel, in conjunction with a RSA that appropriately managed the risk of the applicant's financial estimates being exceeded. MSAC reviewed the funding proposal re-submitted by the applicant at its April 2024 meeting and considered that, despite being the third application, there had been no attempt from Janssen-Cilag to adequately address MSAC's concerns following the November 2023 deferral of its advice. MSAC considered the proposal by Janssen-Cilag, to limit the number of patients who could receive treatment with cilta-cel in a given funding year (i.e. a fixed cap) to compensate for the high-cost of the treatment and provide certainty around its financial estimates, was inequitable and unethical.",Public Summary Document Application No. 1690.1 - Ciltacabtagene autoleucel (November 2024 update),MSAC 1690.1 PSD (November 2024); MSAC 4-5 April 2024,https://www.msac.gov.au/sites/default/files/2025-01/1690.1_psd_-_november_2024.pdf,2026-09-05,verified-from-source,retrieved via web.archive.org snapshot because msac.gov.au and tga.gov.au refused direct connections
Carvykti,Australia,Australia,MSAC,MM_5L,adult patients with 5L+ RRMM - updated funding proposal (October 2024),2023-06-06,2024-10,2024-11-29,recommended-restricted,outcomes-based,"pay-for-performance based on stringent complete response at 12 months and PFS thereafter with no subsequent therapy; ICER $95,000 to <$115,000/QALY; reduced one-off payment for patients above subsidisation cap; post-funding review",,,AUD,,"MSAC continued to support the public funding of cilta-cel for the treatment of adult patients with 5L+ RRMM. MSAC acknowledged the applicant had reduced its price since its April 2024 pricing proposal and that it no longer proposed to place caps on the number of patients treated with cilta-cel per year. However, MSAC considered the alternative funding proposal submitted by the applicant did not appropriately address the clinical, economic and financial uncertainty associated with public funding. MSAC considered the outcome measure of overall survival (OS) proposed by the applicant was not an appropriate outcome on which a Pay-for-Performance (PfP) arrangement should be based. MSAC considered the PfP should be based on an outcome that could be attributed directly to the use of cilta-cel, such as stringent complete response (sCR) with no use of subsequent therapies. However, MSAC considered that a shorter PfP arrangement based on sCR at 12 months and progression free survival (PFS) thereafter with no use of subsequent treatments, that resulted in a price and ICER largely aligned with the applicant's October 2024 funding proposal would be acceptable (i.e. maximum price per responder of $[redacted]; average price $[redacted]; and ICER $95,000 to < $115,000/ QALY.",Public Summary Document Application No. 1690.1 - Ciltacabtagene autoleucel (November 2024 update),MSAC 1690.1 PSD (November 2024); MSAC 29 November 2024,https://www.msac.gov.au/sites/default/files/2025-01/1690.1_psd_-_november_2024.pdf,2026-09-05,verified-from-source,Price redacted. retrieved via web.archive.org snapshot because msac.gov.au and tga.gov.au refused direct connections
Carvykti,Australia,Australia,Funding,MM_5L,5L+ RRMM under NHRA Highly Specialised Therapy arrangements,2023-06-06,,,not-found,outcomes-based,,,,AUD,,,,,https://www.msac.gov.au/sites/default/files/2025-01/1690.1_psd_-_november_2024.pdf,2026-09-05,not-found,Funding commencement date not found in documents read.
Luxturna,Australia,Australia,TGA,RPE65,adult and paediatric patients with vision loss due to inherited retinal dystrophy caused by confirmed biallelic RPE65 pathogenic variants and who have sufficient viable retinal cells (registered indication),2020-08-05,2019-07-31,2020-08-04,recommended,none,,,,,,,ARTG Public Summary for ARTG Entry 318929 (LUXTURNA); TGA Australian prescription medicine decision summary: Luxturna,ARTG 318929,https://www.ebs.tga.gov.au/servlet/xmlmillr6?dbid=ebs/PublicHTML/pdfStore.nsf&docid=318929&agid=(PrintDetailsPublic)&actionid=1,2026-09-05,verified-from-source,ARTG Start Date 5/08/2020; TGA decision 4 August 2020; submission accepted 31 July 2019; orphan designation 29 March 2019; 208 working days. Archived AusPMD page https://www.tga.gov.au/resources/auspmd/luxturna read via web.archive.org.
Luxturna,Australia,Australia,MSAC,RPE65,adult and paediatric patients with vision loss due to inherited retinal dystrophy (IRD) caused by confirmed biallelic RPE65 pathogenic variants and who have sufficient viable retinal cells,2020-08-05,,2020-07-28,under-assessment,outcomes-based,deferred to allow further negotiation on price and risk sharing arrangements,,,AUD,,"MSAC decided to defer its advice on the suitability for joint Commonwealth and State/Territory funding to allow further negotiations with the applicant on the price and risk sharing arrangements. MSAC accepted there is a high clinical need for effective treatment options for patients with a rare condition that causes progressive loss of vision leading ultimately to near-total blindness. MSAC agreed the available evidence indicates VN improves vision in patients with this condition. However, MSAC considered there were significant uncertainties with the economic modelling resulting in a high and uncertain cost-effectiveness, and with the financial estimates.",Public Summary Document Application No. 1623 - Luxturna (voretigene neparvovec) for the treatment of biallelic RPE-65-mediated Inherited Retinal Dystrophies,MSAC 1623 PSD; MSAC 79th Meeting 28-29 July 2020,https://www.msac.gov.au/sites/default/files/documents/1623%20Final%20PSD.pdf,2026-09-05,verified-from-source,Deferred (mapped to under-assessment). Considered one week before ARTG registration. retrieved via web.archive.org snapshot because msac.gov.au and tga.gov.au refused direct connections
Luxturna,Australia,Australia,MSAC,RPE65,adult and paediatric patients with vision loss due to inherited retinal dystrophy (IRD) caused by confirmed biallelic RPE65 pathogenic variants and who have sufficient viable retinal cells,2020-08-05,,2020-11-26,recommended-restricted,outcomes-based,further price reduction of [redacted]% required; pay-for-performance with price significantly reduced or not paid if patient fails to show >=0.3 log10 improvement in FST at 60 days (single payment on response); one successful treatment per eye per lifetime; delivery per TGA RMP treatment centre criteria; NATA-accredited genetic confirmation; review within 3 years,,,AUD,,"MSAC supported joint Commonwealth and State/Territory funding of VN through the National Health Reform Agreement (NHRA). MSAC agreed VN addresses a high unmet clinical need for patients with biallelic RPE-65-mediated inherited retinal dystrophies for which no treatment is currently available and considered the available evidence indicates VN improves vision in patients with this condition, as long as the patient has sufficient viable retinal cells at the time of treatment. MSAC considered the reapplication did not satisfactorily address the significant outstanding uncertainties related to the economic modelling, resulting in high and uncertain cost- effectiveness remaining a concern for the Committee. MSAC considered a further reduction of redacted% to the proposed price would be required to adequately address the remaining uncertainties associated with the cost-effectiveness of VN, the duration of treatment effect and the absence of a financial or patient number cap in the risk sharing proposal.",Public Summary Document Application No. 1623 - Luxturna (voretigene neparvovec) for the treatment of biallelic RPE-65-mediated Inherited Retinal Dystrophies,MSAC 1623 PSD; MSAC 80th Meeting 26-27 November 2020,https://www.msac.gov.au/sites/default/files/documents/1623%20Final%20PSD.pdf,2026-09-05,verified-from-source,Funded as NHRA Highly Specialised Therapy (public hospital Specialist Treatment Centres). Price redacted. PBAC (Zolgensma PSD Nov 2020) notes the ONA effective price requested was more than three times the price requested for voretigene neparvovec. retrieved via web.archive.org snapshot because msac.gov.au and tga.gov.au refused direct connections
Luxturna,Australia,Australia,Funding,RPE65,biallelic RPE65-mediated IRD under NHRA,2020-08-05,,,not-found,outcomes-based,,,,AUD,,,,,https://www.msac.gov.au/sites/default/files/documents/1623%20Final%20PSD.pdf,2026-09-05,not-found,NHRA funding commencement date not found in documents read.
Zolgensma,Australia,Australia,TGA,SMA_under9m,Zolgensma (onasemnogene abeparvovec) is indicated for the treatment of paediatric patients less than 9 months of age with symptomatic or pre-symptomatic spinal muscular atrophy with bi-allelic mutations in the survival motor neuron 1 (SMN1) gene and 1 to 3 copies of the SMN2 gene.,2021-03-04,,2021-02-24,recommended,none,,,,,,,ARTG Public Summary for ARTG Entry 327905 (ZOLGENSMA); TGA Australian prescription medicine decision summary: Zolgensma,"ARTG 327905 (also 327906, 327907)",https://www.ebs.tga.gov.au/servlet/xmlmillr6?dbid=ebs/PublicHTML/pdfStore.nsf&docid=327905&agid=(PrintDetailsPublic)&actionid=1,2026-09-05,verified-from-source,ARTG Start Date 4/03/2021; TGA decision date 24 February 2021. Archived AusPMD page https://www.tga.gov.au/resources/auspmd/zolgensma read via web.archive.org. Submission made under TGA/PBAC parallel process.
Zolgensma,Australia,Australia,PBAC,SMA_type1,treatment of spinal muscular atrophy (SMA) Type I in patients under 2 years of age (paediatric patients less than 2 years of age with SMA with bi-allelic mutations in the SMN1 gene),2021-03-04,,2020-11,under-assessment,unknown,"deferred; submission listed options of payment by instalment, pay-for-performance or traditional PBS agreement",,redacted,AUD,requested DPMQ (based on USD price at January 2020 exchange rate),"The PBAC deferred making a decision on the request for PBS listing of onasemnogene abeparvovec (ONA) (Zolgensma) in patients less than 2 years of age with confirmed Type I SMA (based on genotype and phenotype) to allow the TGA to confirm the indication for the therapy and work to be progressed on a Decision Support Analysis as described below. However, as set out above, the PBAC had a number of concerns with the current subsidy proposal for ONA. Most importantly, the PBAC did not accept the submission's claim that ONA is superior in terms of effectiveness and safety compared to NUSI. Overall, having considered all the available evidence, the PBAC concluded that, on balance ONA would likely deliver similar clinical outcomes to NUSI in matched patients. The PBAC noted that the effective price requested for ONA is more than three times the price requested for voretigene naparvovec (VOR, Luxturna) another single-dose gene therapy that is also sponsored by Novartis.","Public Summary Document - November 2020 PBAC Meeting, 5.10 ONASEMNOGENE ABEPARVOVEC, Zolgensma, Novartis Pharmaceuticals Australia Pty Ltd",PBAC PSD November 2020 item 5.10,https://www.pbs.gov.au/industry/pbac/psd/2020/11/onasemnogene-abeparvovec-psd-nov-2020.pdf,2026-09-05,verified-from-source,TGA/PBAC parallel process; considered before TGA registration. Meeting days not stated in PSD (month given). Patient numbers redacted (<500 per year).
Zolgensma,Australia,Australia,PBAC,SMA_type1,SMA in patients aged less than 9 months with 1-3 copies of the SMN2 gene (revised population),2021-03-04,,2021-05,under-assessment,unknown,deferral maintained; sponsor proposal of upfront payment with no outcomes-based measures considered inadequate,,redacted,AUD,sponsor deferral proposal effective price,"The PBAC maintained its deferral from the November 2020 meeting for PBS listing of onasemnogene abeparvovec (ONA) for spinal muscular atrophy (SMA) as a number of concerns with the subsidy proposal remained. The PBAC noted the proposed population was revised to patients aged less than 9 months, with 1-3 copies of the SMN2 gene, and that patients with 3 copies of SMN2 are currently not eligible for treatment with nusinersen (NUSI). The PBAC considered the request for inclusion of patients with 3 copies of SMN2 was not adequately supported, and at the requested price ONA was unlikely to be cost-effective in these patients. The PBAC considered that the cost-minimisation analysis for ONA versus NUSI should be revised to take into account discounting of costs in the forward years, and an analysis versus risdiplam (as a near market comparator) should also be presented. The PBAC considered that the proposal which was conditional on an upfront payment with no outcomes-based measures did not adequately address the uncertainties with the clinical evidence and associated cost-effectiveness.","Public Summary Document - November 2020 PBAC Meeting with May 2021 Addendum, ONASEMNOGENE ABEPARVOVEC, Zolgensma",PBAC PSD May 2021 Addendum (item 4.04),https://www.pbs.gov.au/industry/pbac/psd/2021/05/onasemnogene-abeparvovec-psd-may-2021.pdf,2026-09-05,verified-from-source,Intracycle (May 2021) consideration; meeting day not stated.
Zolgensma,Australia,Australia,PBAC,SMA_type1,"Spinal Muscular Atrophy (SMA) in patients aged less than 9 months, with Type 1 SMA or pre-symptomatic patients with 1-2 copies of the SMN2 gene",2021-03-04,,2021-09,recommended-restricted,outcomes-based,"Section 100 Highly Specialised Drugs Program listing on cost-minimisation to risdiplam over [redacted] years discounted at 5%; outcomes-based risk sharing arrangement with refund where treatment fails (death, permanent ventilation or lack of efficacy); special pricing arrangement with performance rebate",,redacted,AUD,effective price (cost-minimised to risdiplam),"Following a revised proposal from the sponsor, the PBAC recommended the Section 100 (Highly Specialised Drugs Program) listing of onasemnogene abeparvovec (ONA) for the treatment of Spinal Muscular Atrophy (SMA) in patients aged less than 9 months, with Type 1 SMA or pre-symptomatic patients with 1-2 copies of the SMN2 gene. The PBAC's recommendation for listing was based on, among other matters, its assessment that the cost-effectiveness of ONA would be acceptable if it were cost-minimised to the least costly disease-modifying therapy for this condition, which is risdiplam (RIS), and in the context of an outcomes-based risk sharing arrangement (RSA). The PBAC also considered that an outcomes-based RSA would be required to mitigate the financial risk to the Commonwealth associated with the significant upfront payment for ONA where the treatment fails, resulting in death, permanent ventilation or lack of efficacy.","Public Summary Document - November 2020 PBAC Meeting with May 2021 Addendum and September 2021 Addendum, ONASEMNOGENE ABEPARVOVEC, Zolgensma",PBAC PSD September 2021 Addendum (section 9 PBAC Outcome),https://www.pbs.gov.au/industry/pbac/psd/2021/09/onasemnogene-abeparvovec-psd-september-2021.pdf,2026-09-05,verified-from-source,"Intracycle (September 2021) consideration; day not stated. Sponsor comment: ""Novartis is pleased to receive the positive recommendation for Zolgensma""."
Zolgensma,Australia,Australia,Funding,SMA_type1,"PBS Section 100 (Highly Specialised Drugs Program) listing, once-off treatment in patients aged less than 9 months with symptomatic SMA Type I or pre-symptomatic SMA with 1 to 2 copies of SMN2",2021-03-04,,2022-05,recommended-restricted,outcomes-based,special pricing arrangement with effective price including a performance rebate as part of a risk sharing arrangement,,2557773.87,AUD,published PBS price (DPMQ) per treatment; effective price redacted,"ONA was listed on the PBS in May 2022 as a once-off treatment in patients aged less than 9 months with symptomatic SMA Type I or pre-symptomatic SMA with 1 to 2 copies of SMN2 on a cost minimisation basis versus risdiplam, which was the least costly disease-modifying therapy for this condition. A special pricing arrangement (SPA) also applies to the current PBS listing of ONA, with an effective price of $[redacted], including a performance rebate as part of a risk sharing arrangement (RSA).","Public Summary Document - November 2022 PBAC Meeting, 6.05 ONASEMNOGENE ABEPARVOVEC, Zolgensma (Background section)",PBAC PSD November 2022 item 6.05,https://www.pbs.gov.au/industry/pbac/psd/2022/11/onasemnogene-abebarvovec-psd-11-2022.pdf,2026-09-05,verified-from-source,"PBS listing month per PSD; PBS listings take effect on the first of the month, so 1 May 2022 is the likely effective date but the day was not verified from the PBS Schedule. Published price $2,557,773.87 quoted in the November 2022 PSD; July 2023 and November 2025 PSDs quote $2,527,773.87."
Zolgensma,Australia,Australia,PBAC,SMA_presymp_3copies,pre-symptomatic patients who are genetically diagnosed with SMA and have 3 copies of the Survival Motor Neuron 2 (SMN2) gene (paediatric patients less than 9 months of age),2021-03-04,,2022-11,not-recommended,none,no special pricing arrangement proposed; requested price substantially higher than current 1-2 copy listing,,redacted,AUD,"requested effective price (higher than published price $2,557,773.87 for existing listing)","The PBAC did not recommend onasemnogene abeparvovec (ONA) for the treatment of pre-symptomatic patients who are genetically diagnosed with spinal muscular atrophy (SMA) and have 3 copies of the Survival Motor Neuron 2 (SMN2) gene. The PBAC considered that pre-symptomatic treatment with ONA may provide clinical benefit for some patients compared to treatment with existing disease modifying therapies following the onset of symptoms. However, the PBAC noted the magnitude of benefit was unclear from the limited clinical data available. The PBAC considered that the economic model presented was unreliable for informing the cost-effectiveness of ONA. The PBAC noted that the price requested was substantially higher than the current price for patients with 1-2 copies of SMN2 and considered this to be inconsistent with the reduced incremental benefit that would be observed for patients with 3 copies of SMN2.","Public Summary Document - November 2022 PBAC Meeting, 6.05 ONASEMNOGENE ABEPARVOVEC, Zolgensma",PBAC PSD November 2022 item 6.05,https://www.pbs.gov.au/industry/pbac/psd/2022/11/onasemnogene-abebarvovec-psd-11-2022.pdf,2026-09-05,verified-from-source,Category 2 submission requesting extension of S100 HSD listing.
Zolgensma,Australia,Australia,PBAC,SMA_presymp_3copies,"pre-symptomatic treatment in patients aged up to 9 months, genetically diagnosed SMA, who have a SMN2 gene copy number of 3",2021-03-04,,2023-07,recommended-restricted,outcomes-based,extension of listing with price reduction; existing outcomes-based RSA (full refund if patient dies etc.) to apply; special pricing arrangement,,2527773.87,AUD,published price; effective price redacted (lower than requested November 2022 price),"The PBAC recommended the amendment to the current listing of ONA to include the pre-symptomatic treatment in patients aged up to 9 months, genetically diagnosed SMA, who have a SMN2 gene copy number of 3. The PBAC considered that pre-symptomatic treatment with ONA in patients with 3 copies of SMN2 would provide an additional benefit for some patients compared with initiation of treatment upon development of symptoms. The PBAC noted there was remaining uncertainty regarding the cost-effectiveness of pre-symptomatic treatment with ONA in patients with 3 copies of SMN2 due to the uncertain magnitude of incremental benefit compared to symptomatic treatment. However, the PBAC was satisfied that extension of the current listing would be adequately cost-effective with a price reduction for use in the proposed population.","Public Summary Document - July 2023 PBAC Meeting, 7.06 ONASEMNOGENE ABEPARVOVEC, Zolgensma",PBAC PSD July 2023 item 7.06,https://www.pbs.gov.au/industry/pbac/psd/2023/07/onasemnogene-abeparvovec-psd-july-2023.pdf,2026-09-05,verified-from-source,Standard re-entry resubmission; cost-minimisation vs ONA in 1-2 copy population. Net cost $10-<20 million in Year 1. Subsequent PBS listing date for this population not retrieved.
Zolgensma,Australia,Australia,PBAC,SMA_upto21kg,"paediatric patients weighing up to 21 kg with symptomatic Type I-IIIa SMA, or pre-symptomatic SMA with 1-3 copies SMN2 (DMT-treated, initiated before 36 months) or untreated up to 36 months of age",2021-03-04,,2025-11,recommended-restricted,outcomes-based,same cost per patient as younger population with the same outcomes-based RSA conditions; cost-comparison basis,,2527773.87,AUD,published price; effective prices redacted,"The PBAC recommended expanding the current listing of onasemnogene abeparvovec (ONA) which requires patients to be less than 9 months of age to include treatment of SMA patients with: Symptomatic Type I-IIIa SMA, weighing up to 21 kg. Pre-symptomatic SMA with 1-3 copies SMN2, weighing up to 21 kg, where treatment with DMTs was initiated prior to 36 months of age. Pre-symptomatic SMA with 1-3 copies SMN2, up to 36 months of age, where patients are untreated with DMTs. The PBAC considered that although the evidence available was limited, the efficacy and safety of ONA in patients older than 9 months appears similar to that in patients younger than 9 months. The PBAC considered that ONA would be acceptably cost-effective in the older population at the same cost per patient as in the younger population, with the same outcomes-based RSA conditions applied.","Public Summary Document - November 2025 PBAC Meeting, 6.05 ONASEMNOGENE ABEPARVOVEC, Zolgensma",PBAC PSD November 2025 item 6.05,https://www.pbs.gov.au/industry/pbac/psd/2025/11/onasemnogene-abeparvovec-psd-november-2025.pdf,2026-09-05,verified-from-source,PBAC considered estimated <500 patients per year reasonable (exact number redacted). Population extends beyond the TGA-registered <9 months indication (TGA CER cited). Listing date not retrieved.
Hemgenix,Australia,Australia,TGA,HEMB_adult,"Hemgenix is an adeno-associated virus vector-based gene therapy indicated for treatment of adults with haemophilia B (congenital factor IX deficiency), without a history of factor IX inhibitors, who: currently use factor IX prophylaxis therapy, or have current or historical life-threatening haemorrhage, or repeated, serious spontaneous bleeding episodes.",2024-03-19,2023-03-31,2024-03-15,recommended-managed-access,none,"provisional registration (time-limited, up to 6 years; continued approval depends on confirmatory data)",,,,,,ARTG Public Summary for ARTG Entry 405360 (HEMGENIX); TGA Australian prescription medicine decision summary: Hemgenix,ARTG 405360,https://www.ebs.tga.gov.au/servlet/xmlmillr6?dbid=ebs/PublicHTML/pdfStore.nsf&docid=405360&agid=(PrintDetailsPublic)&actionid=1,2026-09-05,verified-from-source,Provisional registration. ARTG Start Date 19/03/2024; decision 15 March 2024; submission accepted 31 March 2023; 213 working days; orphan drug. Archived AusPMD page https://www.tga.gov.au/resources/auspmd/hemgenix read via web.archive.org.
Hemgenix,Australia,Australia,MSAC,HEMB_adult,adult patients with moderately severe or severe congenital haemophilia B (funding sought under the national blood arrangements),2024-03-19,,2024-08-01,not-recommended,none,applicant proposed a risk sharing agreement (details redacted); ESC discussed long-term pay-for-performance,,redacted,AUD,proposed price per single infusion,"MSAC did not support public funding of the gene therapy etranacogene dezaparvovec (Hemgenix) for the treatment of adult patients with moderately severe or severe congenital haemophilia B. MSAC noted the limited low certainty clinical evidence indicated that Hemgenix may be effective for some patients in the short term but considered that there was substantial inter-individual variability in the patient response to Hemgenix. Although a lifetime benefit was claimed, MSAC considered the clinical evidence (3-year follow-up) was insufficient to substantiate the long-term safety and effectiveness of Hemgenix. MSAC considered the neutralising antibody test was essential for determining patient eligibility to Hemgenix, but noted this test has not been validated. MSAC also considered that the cost effectiveness of Hemgenix compared to factor IX replacement therapy was highly uncertain due to the uncertainties in both the clinical evidence and the oversimplified economic model which had inherent limitations. As such, MSAC considered the proposed very high price for Hemgenix was not cost-effective. MSAC considered that the estimated utilisation may be erroneously low given the prevalent pool of potentially eligible individuals.",Public Summary Document Application No. 1728 - Etranacogene dezaparvovec for the treatment of Haemophilia B,MSAC 1728 PSD; MSAC 1-2 August 2024,https://www.msac.gov.au/sites/default/files/2024-10/1728_final_psd_-_aug2024_-_redacted.pdf,2026-09-05,verified-from-source,"Funding channel: National Blood Agreement (National Blood Authority), not NHRA or PBS. Uptake rates redacted. retrieved via web.archive.org snapshot because msac.gov.au and tga.gov.au refused direct connections"
Hemgenix,Australia,Australia,MSAC,HEMB_adult,adult patients with moderately severe or severe congenital haemophilia B (National Blood Agreement),2024-03-19,,2025-07-31,recommended-restricted,unknown,anti-AAV5 neutralising antibody assay essential for eligibility; provisional registration noted; remainder of conditions not extracted,,redacted,AUD,,"MSAC supported public funding of the gene therapy etranacogene dezaparvovec (ED, Hemgenix) for the treatment of adult patients with moderately severe or severe congenital haemophilia B. Based on the available clinical evidence, MSAC considered that ED, administered as a one-time treatment, provides clinical benefit to patients. MSAC considered that an anti-adeno-associated virus type 5 neutralising antibody assay was essential for determining patient eligibility to treatment, but raised some concern about the accuracy and validity of the proposed assay. Among patients treated with ED in the key trial, approximately 94% of patients were able to cease regular (typically 1-2 times per week) prophylactic factor replacement injections, with approximately 41% of patients having no further bleeding episodes. However, MSAC noted that ED is provisionally registered in Australia and considered that the clinical evidence (4-year follow-up in the key trial) did not yet fully support the durability of treatment effect over a lifetime.",Public Summary Document Application No. 1728.1 - Etranacogene dezaparvovec for the treatment of Haemophilia B,MSAC 1728.1 PSD; MSAC 31 July 2025,https://www.msac.gov.au/sites/default/files/2025-11/1728.1_final_psd_-_july_2025_-_redacted.pdf,2026-09-05,verified-from-source,Only the opening of the advice section was read; pricing/risk-share conditions later in the paragraph were not extracted (application form HPP200260). retrieved via web.archive.org snapshot because msac.gov.au and tga.gov.au refused direct connections
Hemgenix,Australia,Australia,Funding,HEMB_adult,National Blood Agreement funding,2024-03-19,,,not-found,unknown,,,,AUD,,,,,https://www.msac.gov.au/sites/default/files/2025-11/1728.1_final_psd_-_july_2025_-_redacted.pdf,2026-09-05,not-found,Funding commencement date not found.
Imlygic,Australia,Australia,TGA,MEL_unresectable,"monotherapy for the treatment of melanoma in patients with unresectable cutaneous, subcutaneous and nodal lesions after initial surgery",2015-12-21,,2015-12-21,recommended,none,,,,,,,"Public Summary Document - July 2016 PBAC Meeting, 5.11 Talimogene laherparepvec (Background 3.1)",PBAC PSD July 2016 item 5.11,https://www.pbs.gov.au/industry/pbac/psd/2016/07/talimogene-psd-july-2016.pdf,2026-09-05,verified-from-source,"TGA registration date per PBAC PSD: ""T-VEC was registered by the TGA on 21 December 2015"". TGA record not retrieved; eBS PI repository returned no Imlygic PI on 2026-09-05, which may indicate the ARTG entry has since been cancelled (unverified)."
Imlygic,Australia,Australia,PBAC,MEL_unresectable,Section 100 (Efficient Funding of Chemotherapy) Authority Required (Streamlined) listing for the treatment of unresectable stage III or stage IV malignant melanoma without visceral metastases,2015-12-21,,2016-07,not-recommended,none,sponsor indicated willingness to enter a risk sharing arrangement on vial numbers; cost-minimisation to ipilimumab proposed without a requested effective price,,13000.95,AUD,"requested DPMA per 1 million PFU/mL 1 mL vial (public hospital); $13,214.33 private","The PBAC rejected the listing of T-VEC on the basis of highly uncertain magnitude of clinical benefit, and thus highly uncertain cost effectiveness compared to its nominated comparators (pembrolizumab, nivolumab and ipilimumab). The PBAC acknowledged that there may be some short-term unmet clinical need for additional therapies beyond current PBS-subsidised medicines in a small subgroup of previously untreated patients with stage IIIb/c and stage IVM1a melanoma. The PBAC considered that durable response rate, the primary endpoint in the key trial (OPTiM), was not a validated endpoint. The PBAC considered that the magnitude of survival benefit of T-VEC in the stage IIIb/c and stage IVM1a subgroups was highly uncertain, given the data was derived from an exploratory post-hoc subgroup.","Public Summary Document - July 2016 PBAC Meeting, 5.11 Talimogene laherparepvec, Imlygic, Amgen Australia Pty Ltd",PBAC PSD July 2016 item 5.11,https://www.pbs.gov.au/industry/pbac/psd/2016/07/talimogene-psd-july-2016.pdf,2026-09-05,verified-from-source,First PBAC consideration; patient numbers redacted. No later PBAC resubmission found in the PBS PSD index (only one talimogene PSD listed).
Imlygic,Australia,Australia,Funding,MEL_unresectable,PBS listing,2015-12-21,,,not-found,none,,,,AUD,,,,,https://www.pbs.gov.au/industry/pbac/psd,2026-09-05,not-found,No PBS listing found; only PBAC record is the July 2016 rejection.
Roctavian,Australia,Australia,TGA,HEMA_adult,congenital haemophilia A,,,,not-found,unknown,,,,,,,TGA eBS Product and Consumer Medicine Information repository search,,https://www.ebs.tga.gov.au/ebs/picmi/picmirepository.nsf/PICMI?OpenForm&t=PI&q=roctavian,2026-09-05,provisional-from-snippet,"eBS PI repository shows 0 documents for Roctavian/valoctocogene on 2026-09-05, suggesting no current ARTG registration; tga.gov.au ARTG search was unreachable so this is not confirmed."
Roctavian,Australia,Australia,MSAC,HEMA_adult,Valoctocogene roxaparvovec gene therapy for congenital haemophilia A,,,,under-assessment,unknown,,,,,,,MSAC application 1751 - Valoctocogene roxaparvovec gene therapy for congenital haemophilia A,"MSAC 1751 (Application Summary, PICO Set Documents 1 and 2, Ratified PICO redacted, Consultation Survey)",https://www.msac.gov.au/applications/1751,2026-09-05,verified-from-source,"Archived application page lists MSAC meeting ""To be confirmed"" and no PSD; PASC-stage documents only. retrieved via web.archive.org snapshot because msac.gov.au and tga.gov.au refused direct connections"
Breyanzi,Australia,Australia,TGA,LBCL_3L,,,,,not-submitted,none,,,,,,,TGA eBS Product and Consumer Medicine Information repository search,,https://www.ebs.tga.gov.au/ebs/picmi/picmirepository.nsf/PICMI?OpenForm&t=PI&q=breyanzi,2026-09-05,provisional-from-snippet,"eBS PI repository shows 0 documents for this brand and its INN on 2026-09-05 (the repository does list Kymriah, Yescarta, Tecartus, Carvykti, Zolgensma, Luxturna and Amtagvi, so absence is informative but not conclusive); no MSAC application found in archived MSAC meeting and application listings (1620-1827); tga.gov.au ARTG search unreachable. Also no PBAC PSD in the PBS PSD index."
Abecma,Australia,Australia,TGA,MM_4L,,,,,not-submitted,none,,,,,,,TGA eBS Product and Consumer Medicine Information repository search,,https://www.ebs.tga.gov.au/ebs/picmi/picmirepository.nsf/PICMI?OpenForm&t=PI&q=abecma,2026-09-05,provisional-from-snippet,"eBS PI repository shows 0 documents for this brand and its INN on 2026-09-05 (the repository does list Kymriah, Yescarta, Tecartus, Carvykti, Zolgensma, Luxturna and Amtagvi, so absence is informative but not conclusive); no MSAC application found in archived MSAC meeting and application listings (1620-1827); tga.gov.au ARTG search unreachable. Also no PBAC PSD in the PBS PSD index."
Casgevy,Australia,Australia,TGA,SCD_VOC_12plus,,,,,not-submitted,none,,,,,,,TGA eBS Product and Consumer Medicine Information repository search,,https://www.ebs.tga.gov.au/ebs/picmi/picmirepository.nsf/PICMI?OpenForm&t=PI&q=casgevy,2026-09-05,provisional-from-snippet,"eBS PI repository shows 0 documents for this brand and its INN on 2026-09-05 (the repository does list Kymriah, Yescarta, Tecartus, Carvykti, Zolgensma, Luxturna and Amtagvi, so absence is informative but not conclusive); no MSAC application found in archived MSAC meeting and application listings (1620-1827); tga.gov.au ARTG search unreachable. Applies to both SCD and TDT indications; no PBAC PSD for exagamglogene in the PBS PSD index."
Zynteglo,Australia,Australia,TGA,TDT_12plus,,,,,not-submitted,none,,,,,,,TGA eBS Product and Consumer Medicine Information repository search,,https://www.ebs.tga.gov.au/ebs/picmi/picmirepository.nsf/PICMI?OpenForm&t=PI&q=zynteglo,2026-09-05,provisional-from-snippet,"eBS PI repository shows 0 documents for this brand and its INN on 2026-09-05 (the repository does list Kymriah, Yescarta, Tecartus, Carvykti, Zolgensma, Luxturna and Amtagvi, so absence is informative but not conclusive); no MSAC application found in archived MSAC meeting and application listings (1620-1827); tga.gov.au ARTG search unreachable."
Lenmeldy / Libmeldy,Australia,Australia,TGA,MLD_early,,,,,not-submitted,none,,,,,,,TGA eBS Product and Consumer Medicine Information repository search,,https://www.ebs.tga.gov.au/ebs/picmi/picmirepository.nsf/PICMI?OpenForm&t=PI&q=lenmeldy,2026-09-05,provisional-from-snippet,"eBS PI repository shows 0 documents for this brand and its INN on 2026-09-05 (the repository does list Kymriah, Yescarta, Tecartus, Carvykti, Zolgensma, Luxturna and Amtagvi, so absence is informative but not conclusive); no MSAC application found in archived MSAC meeting and application listings (1620-1827); tga.gov.au ARTG search unreachable. Searched both Libmeldy and Lenmeldy."
Kebilidi / Upstaza,Australia,Australia,TGA,AADC,,,,,not-submitted,none,,,,,,,TGA eBS Product and Consumer Medicine Information repository search,,https://www.ebs.tga.gov.au/ebs/picmi/picmirepository.nsf/PICMI?OpenForm&t=PI&q=kebilidi,2026-09-05,provisional-from-snippet,"eBS PI repository shows 0 documents for this brand and its INN on 2026-09-05 (the repository does list Kymriah, Yescarta, Tecartus, Carvykti, Zolgensma, Luxturna and Amtagvi, so absence is informative but not conclusive); no MSAC application found in archived MSAC meeting and application listings (1620-1827); tga.gov.au ARTG search unreachable. Searched both Upstaza and Kebilidi."
Beqvez / Durveqtix,Australia,Australia,TGA,HEMB_adult,,,,,not-submitted,none,,,,,,,TGA eBS Product and Consumer Medicine Information repository search,,https://www.ebs.tga.gov.au/ebs/picmi/picmirepository.nsf/PICMI?OpenForm&t=PI&q=beqvez,2026-09-05,provisional-from-snippet,"eBS PI repository shows 0 documents for this brand and its INN on 2026-09-05 (the repository does list Kymriah, Yescarta, Tecartus, Carvykti, Zolgensma, Luxturna and Amtagvi, so absence is informative but not conclusive); no MSAC application found in archived MSAC meeting and application listings (1620-1827); tga.gov.au ARTG search unreachable. Searched both Beqvez and Durveqtix."
Vyjuvek,Australia,Australia,TGA,DEB,,,,,not-submitted,none,,,,,,,TGA eBS Product and Consumer Medicine Information repository search,,https://www.ebs.tga.gov.au/ebs/picmi/picmirepository.nsf/PICMI?OpenForm&t=PI&q=vyjuvek,2026-09-05,provisional-from-snippet,"eBS PI repository shows 0 documents for this brand and its INN on 2026-09-05 (the repository does list Kymriah, Yescarta, Tecartus, Carvykti, Zolgensma, Luxturna and Amtagvi, so absence is informative but not conclusive); no MSAC application found in archived MSAC meeting and application listings (1620-1827); tga.gov.au ARTG search unreachable."
Skysona,Australia,Australia,TGA,CALD,,,,,not-submitted,none,,,,,,,TGA eBS Product and Consumer Medicine Information repository search,,https://www.ebs.tga.gov.au/ebs/picmi/picmirepository.nsf/PICMI?OpenForm&t=PI&q=skysona,2026-09-05,provisional-from-snippet,"eBS PI repository shows 0 documents for this brand and its INN on 2026-09-05 (the repository does list Kymriah, Yescarta, Tecartus, Carvykti, Zolgensma, Luxturna and Amtagvi, so absence is informative but not conclusive); no MSAC application found in archived MSAC meeting and application listings (1620-1827); tga.gov.au ARTG search unreachable."
Lyfgenia,Australia,Australia,TGA,SCD_VOC_12plus,,,,,not-submitted,none,,,,,,,TGA eBS Product and Consumer Medicine Information repository search,,https://www.ebs.tga.gov.au/ebs/picmi/picmirepository.nsf/PICMI?OpenForm&t=PI&q=lyfgenia,2026-09-05,provisional-from-snippet,"eBS PI repository shows 0 documents for this brand and its INN on 2026-09-05 (the repository does list Kymriah, Yescarta, Tecartus, Carvykti, Zolgensma, Luxturna and Amtagvi, so absence is informative but not conclusive); no MSAC application found in archived MSAC meeting and application listings (1620-1827); tga.gov.au ARTG search unreachable."
Elevidys,Australia,Australia,TGA,DMD,,,,,not-submitted,none,,,,,,,TGA eBS Product and Consumer Medicine Information repository search,,https://www.ebs.tga.gov.au/ebs/picmi/picmirepository.nsf/PICMI?OpenForm&t=PI&q=elevidys,2026-09-05,provisional-from-snippet,"eBS PI repository shows 0 documents for this brand and its INN on 2026-09-05 (the repository does list Kymriah, Yescarta, Tecartus, Carvykti, Zolgensma, Luxturna and Amtagvi, so absence is informative but not conclusive); no MSAC application found in archived MSAC meeting and application listings (1620-1827); tga.gov.au ARTG search unreachable."
Alofisel,Australia,Australia,TGA,CD_fistula,,,,,not-submitted,none,,,,,,,TGA eBS Product and Consumer Medicine Information repository search,,https://www.ebs.tga.gov.au/ebs/picmi/picmirepository.nsf/PICMI?OpenForm&t=PI&q=alofisel,2026-09-05,provisional-from-snippet,"eBS PI repository shows 0 documents for this brand and its INN on 2026-09-05 (the repository does list Kymriah, Yescarta, Tecartus, Carvykti, Zolgensma, Luxturna and Amtagvi, so absence is informative but not conclusive); no MSAC application found in archived MSAC meeting and application listings (1620-1827); tga.gov.au ARTG search unreachable."
Provenge,Australia,Australia,TGA,mCRPC,,,,,not-submitted,none,,,,,,,TGA eBS Product and Consumer Medicine Information repository search,,https://www.ebs.tga.gov.au/ebs/picmi/picmirepository.nsf/PICMI?OpenForm&t=PI&q=provenge,2026-09-05,provisional-from-snippet,"eBS PI repository shows 0 documents for this brand and its INN on 2026-09-05 (the repository does list Kymriah, Yescarta, Tecartus, Carvykti, Zolgensma, Luxturna and Amtagvi, so absence is informative but not conclusive); no MSAC application found in archived MSAC meeting and application listings (1620-1827); tga.gov.au ARTG search unreachable."
Ryoncil,Australia,Australia,TGA,aGVHD_ped,,,,,not-submitted,none,,,,,,,TGA eBS Product and Consumer Medicine Information repository search,,https://www.ebs.tga.gov.au/ebs/picmi/picmirepository.nsf/PICMI?OpenForm&t=PI&q=ryoncil,2026-09-05,provisional-from-snippet,"eBS PI repository shows 0 documents for this brand and its INN on 2026-09-05 (the repository does list Kymriah, Yescarta, Tecartus, Carvykti, Zolgensma, Luxturna and Amtagvi, so absence is informative but not conclusive); no MSAC application found in archived MSAC meeting and application listings (1620-1827); tga.gov.au ARTG search unreachable. Sponsor Mesoblast is Australian-headquartered; no PI in the repository nonetheless."
Ebvallo,Australia,Australia,TGA,EBV_PTLD,,,,,not-submitted,none,,,,,,,TGA eBS Product and Consumer Medicine Information repository search,,https://www.ebs.tga.gov.au/ebs/picmi/picmirepository.nsf/PICMI?OpenForm&t=PI&q=ebvallo,2026-09-05,provisional-from-snippet,"eBS PI repository shows 0 documents for this brand and its INN on 2026-09-05 (the repository does list Kymriah, Yescarta, Tecartus, Carvykti, Zolgensma, Luxturna and Amtagvi, so absence is informative but not conclusive); no MSAC application found in archived MSAC meeting and application listings (1620-1827); tga.gov.au ARTG search unreachable."
Adstiladrin,Australia,Australia,TGA,NMIBC,,,,,not-submitted,none,,,,,,,TGA eBS Product and Consumer Medicine Information repository search,,https://www.ebs.tga.gov.au/ebs/picmi/picmirepository.nsf/PICMI?OpenForm&t=PI&q=adstiladrin,2026-09-05,provisional-from-snippet,"eBS PI repository shows 0 documents for this brand and its INN on 2026-09-05 (the repository does list Kymriah, Yescarta, Tecartus, Carvykti, Zolgensma, Luxturna and Amtagvi, so absence is informative but not conclusive); no MSAC application found in archived MSAC meeting and application listings (1620-1827); tga.gov.au ARTG search unreachable."
Aucatzyl,Australia,Australia,TGA,ALL_adult,,,,,not-submitted,none,,,,,,,TGA eBS Product and Consumer Medicine Information repository search,,https://www.ebs.tga.gov.au/ebs/picmi/picmirepository.nsf/PICMI?OpenForm&t=PI&q=aucatzyl,2026-09-05,provisional-from-snippet,"eBS PI repository shows 0 documents for this brand and its INN on 2026-09-05 (the repository does list Kymriah, Yescarta, Tecartus, Carvykti, Zolgensma, Luxturna and Amtagvi, so absence is informative but not conclusive); no MSAC application found in archived MSAC meeting and application listings (1620-1827); tga.gov.au ARTG search unreachable."
Tecelra,Australia,Australia,TGA,SS,,,,,not-submitted,none,,,,,,,TGA eBS Product and Consumer Medicine Information repository search,,https://www.ebs.tga.gov.au/ebs/picmi/picmirepository.nsf/PICMI?OpenForm&t=PI&q=tecelra,2026-09-05,provisional-from-snippet,"eBS PI repository shows 0 documents for this brand and its INN on 2026-09-05 (the repository does list Kymriah, Yescarta, Tecartus, Carvykti, Zolgensma, Luxturna and Amtagvi, so absence is informative but not conclusive); no MSAC application found in archived MSAC meeting and application listings (1620-1827); tga.gov.au ARTG search unreachable."
Omisirge,Australia,Australia,TGA,HSCT_cord,,,,,not-submitted,none,,,,,,,TGA eBS Product and Consumer Medicine Information repository search,,https://www.ebs.tga.gov.au/ebs/picmi/picmirepository.nsf/PICMI?OpenForm&t=PI&q=omisirge,2026-09-05,provisional-from-snippet,"eBS PI repository shows 0 documents for this brand and its INN on 2026-09-05 (the repository does list Kymriah, Yescarta, Tecartus, Carvykti, Zolgensma, Luxturna and Amtagvi, so absence is informative but not conclusive); no MSAC application found in archived MSAC meeting and application listings (1620-1827); tga.gov.au ARTG search unreachable."
Lantidra,Australia,Australia,TGA,T1D,,,,,not-submitted,none,,,,,,,TGA eBS Product and Consumer Medicine Information repository search,,https://www.ebs.tga.gov.au/ebs/picmi/picmirepository.nsf/PICMI?OpenForm&t=PI&q=lantidra,2026-09-05,provisional-from-snippet,"eBS PI repository shows 0 documents for this brand and its INN on 2026-09-05 (the repository does list Kymriah, Yescarta, Tecartus, Carvykti, Zolgensma, Luxturna and Amtagvi, so absence is informative but not conclusive); no MSAC application found in archived MSAC meeting and application listings (1620-1827); tga.gov.au ARTG search unreachable."
Itvisma,Australia,Australia,TGA,SMA_IT,,,,,not-submitted,none,,,,,,,TGA eBS Product and Consumer Medicine Information repository search,,https://www.ebs.tga.gov.au/ebs/picmi/picmirepository.nsf/PICMI?OpenForm&t=PI&q=itvisma,2026-09-05,provisional-from-snippet,"eBS PI repository shows 0 documents for this brand and its INN on 2026-09-05 (the repository does list Kymriah, Yescarta, Tecartus, Carvykti, Zolgensma, Luxturna and Amtagvi, so absence is informative but not conclusive); no MSAC application found in archived MSAC meeting and application listings (1620-1827); tga.gov.au ARTG search unreachable. Intrathecal onasemnogene; the Zolgensma PI is the only onasemnogene PI listed."
Encelto,Australia,Australia,TGA,MacTel2,,,,,not-submitted,none,,,,,,,TGA eBS Product and Consumer Medicine Information repository search,,https://www.ebs.tga.gov.au/ebs/picmi/picmirepository.nsf/PICMI?OpenForm&t=PI&q=encelto,2026-09-05,provisional-from-snippet,"eBS PI repository shows 0 documents for this brand and its INN on 2026-09-05 (the repository does list Kymriah, Yescarta, Tecartus, Carvykti, Zolgensma, Luxturna and Amtagvi, so absence is informative but not conclusive); no MSAC application found in archived MSAC meeting and application listings (1620-1827); tga.gov.au ARTG search unreachable."
Papzimeos,Australia,Australia,TGA,RRP,,,,,not-submitted,none,,,,,,,TGA eBS Product and Consumer Medicine Information repository search,,https://www.ebs.tga.gov.au/ebs/picmi/picmirepository.nsf/PICMI?OpenForm&t=PI&q=papzimeos,2026-09-05,provisional-from-snippet,"eBS PI repository shows 0 documents for this brand and its INN on 2026-09-05 (the repository does list Kymriah, Yescarta, Tecartus, Carvykti, Zolgensma, Luxturna and Amtagvi, so absence is informative but not conclusive); no MSAC application found in archived MSAC meeting and application listings (1620-1827); tga.gov.au ARTG search unreachable."
Zevaskyn,Australia,Australia,TGA,RDEB,,,,,not-submitted,none,,,,,,,TGA eBS Product and Consumer Medicine Information repository search,,https://www.ebs.tga.gov.au/ebs/picmi/picmirepository.nsf/PICMI?OpenForm&t=PI&q=zevaskyn,2026-09-05,provisional-from-snippet,"eBS PI repository shows 0 documents for this brand and its INN on 2026-09-05 (the repository does list Kymriah, Yescarta, Tecartus, Carvykti, Zolgensma, Luxturna and Amtagvi, so absence is informative but not conclusive); no MSAC application found in archived MSAC meeting and application listings (1620-1827); tga.gov.au ARTG search unreachable."
Kresladi,Australia,Australia,TGA,LAD1,,,,,not-submitted,none,,,,,,,TGA eBS Product and Consumer Medicine Information repository search,,https://www.ebs.tga.gov.au/ebs/picmi/picmirepository.nsf/PICMI?OpenForm&t=PI&q=kresladi,2026-09-05,provisional-from-snippet,"eBS PI repository shows 0 documents for this brand and its INN on 2026-09-05 (the repository does list Kymriah, Yescarta, Tecartus, Carvykti, Zolgensma, Luxturna and Amtagvi, so absence is informative but not conclusive); no MSAC application found in archived MSAC meeting and application listings (1620-1827); tga.gov.au ARTG search unreachable."
Waskyra,Australia,Australia,TGA,WAS,,,,,not-submitted,none,,,,,,,TGA eBS Product and Consumer Medicine Information repository search,,https://www.ebs.tga.gov.au/ebs/picmi/picmirepository.nsf/PICMI?OpenForm&t=PI&q=waskyra,2026-09-05,provisional-from-snippet,"eBS PI repository shows 0 documents for this brand and its INN on 2026-09-05 (the repository does list Kymriah, Yescarta, Tecartus, Carvykti, Zolgensma, Luxturna and Amtagvi, so absence is informative but not conclusive); no MSAC application found in archived MSAC meeting and application listings (1620-1827); tga.gov.au ARTG search unreachable."
Tregzi,Australia,Australia,TGA,HSCT_Treg,,,,,not-submitted,none,,,,,,,TGA eBS Product and Consumer Medicine Information repository search,,https://www.ebs.tga.gov.au/ebs/picmi/picmirepository.nsf/PICMI?OpenForm&t=PI&q=tregzi,2026-09-05,provisional-from-snippet,"eBS PI repository shows 0 documents for this brand and its INN on 2026-09-05 (the repository does list Kymriah, Yescarta, Tecartus, Carvykti, Zolgensma, Luxturna and Amtagvi, so absence is informative but not conclusive); no MSAC application found in archived MSAC meeting and application listings (1620-1827); tga.gov.au ARTG search unreachable."
Tudriqev,Australia,Australia,TGA,MEL_adv,,,,,not-submitted,none,,,,,,,TGA eBS Product and Consumer Medicine Information repository search,,https://www.ebs.tga.gov.au/ebs/picmi/picmirepository.nsf/PICMI?OpenForm&t=PI&q=tudriqev,2026-09-05,provisional-from-snippet,"eBS PI repository shows 0 documents for this brand and its INN on 2026-09-05 (the repository does list Kymriah, Yescarta, Tecartus, Carvykti, Zolgensma, Luxturna and Amtagvi, so absence is informative but not conclusive); no MSAC application found in archived MSAC meeting and application listings (1620-1827); tga.gov.au ARTG search unreachable."
Otarmeni,Australia,Australia,TGA,OTOF_HL,,,,,not-submitted,none,,,,,,,TGA eBS Product and Consumer Medicine Information repository search,,https://www.ebs.tga.gov.au/ebs/picmi/picmirepository.nsf/PICMI?OpenForm&t=PI&q=otarmeni,2026-09-05,provisional-from-snippet,"eBS PI repository shows 0 documents for this brand and its INN on 2026-09-05 (the repository does list Kymriah, Yescarta, Tecartus, Carvykti, Zolgensma, Luxturna and Amtagvi, so absence is informative but not conclusive); no MSAC application found in archived MSAC meeting and application listings (1620-1827); tga.gov.au ARTG search unreachable."
Genglycos,Australia,Australia,TGA,GSD1a,,,,,not-submitted,none,,,,,,,TGA eBS Product and Consumer Medicine Information repository search,,https://www.ebs.tga.gov.au/ebs/picmi/picmirepository.nsf/PICMI?OpenForm&t=PI&q=genglycos,2026-09-05,provisional-from-snippet,"eBS PI repository shows 0 documents for this brand and its INN on 2026-09-05 (the repository does list Kymriah, Yescarta, Tecartus, Carvykti, Zolgensma, Luxturna and Amtagvi, so absence is informative but not conclusive); no MSAC application found in archived MSAC meeting and application listings (1620-1827); tga.gov.au ARTG search unreachable."
Glybera,Australia,Australia,TGA,LPLD,,,,,not-submitted,none,,,,,,,TGA eBS Product and Consumer Medicine Information repository search,,https://www.ebs.tga.gov.au/ebs/picmi/picmirepository.nsf/PICMI?OpenForm&t=PI&q=glybera,2026-09-05,provisional-from-snippet,"eBS PI repository shows 0 documents for this brand and its INN on 2026-09-05 (the repository does list Kymriah, Yescarta, Tecartus, Carvykti, Zolgensma, Luxturna and Amtagvi, so absence is informative but not conclusive); no MSAC application found in archived MSAC meeting and application listings (1620-1827); tga.gov.au ARTG search unreachable."
Strimvelis,Australia,Australia,TGA,ADA_SCID,,,,,not-submitted,none,,,,,,,TGA eBS Product and Consumer Medicine Information repository search,,https://www.ebs.tga.gov.au/ebs/picmi/picmirepository.nsf/PICMI?OpenForm&t=PI&q=strimvelis,2026-09-05,provisional-from-snippet,"eBS PI repository shows 0 documents for this brand and its INN on 2026-09-05 (the repository does list Kymriah, Yescarta, Tecartus, Carvykti, Zolgensma, Luxturna and Amtagvi, so absence is informative but not conclusive); no MSAC application found in archived MSAC meeting and application listings (1620-1827); tga.gov.au ARTG search unreachable."
Zalmoxis,Australia,Australia,TGA,HSCT_haplo,,,,,not-submitted,none,,,,,,,TGA eBS Product and Consumer Medicine Information repository search,,https://www.ebs.tga.gov.au/ebs/picmi/picmirepository.nsf/PICMI?OpenForm&t=PI&q=zalmoxis,2026-09-05,provisional-from-snippet,"eBS PI repository shows 0 documents for this brand and its INN on 2026-09-05 (the repository does list Kymriah, Yescarta, Tecartus, Carvykti, Zolgensma, Luxturna and Amtagvi, so absence is informative but not conclusive); no MSAC application found in archived MSAC meeting and application listings (1620-1827); tga.gov.au ARTG search unreachable."
Amtagvi,Australia,Australia,TGA,MEL_adv,AMTAGVI (lifileucel; with aldesleukin) - PI listed in TGA eBS repository,,,,recommended,none,,,,,,,TGA eBS Product and Consumer Medicine Information repository: AMTAGVI PI (Aldesleukin; lifileucel),,https://www.ebs.tga.gov.au/ebs/picmi/picmirepository.nsf/PICMI?OpenForm&t=PI&q=amtagvi,2026-09-05,provisional-from-snippet,"An Australian PI for AMTAGVI exists in the eBS repository on 2026-09-05, indicating ARTG registration, but the ARTG number, registration date and indication text were not retrieved (tga.gov.au unreachable). No MSAC application found in archived listings."
