"product","system","country","body","indication_key","indication_text","regulatory_approval_date","submission_or_start_date","decision_date","outcome","arrangement_type","arrangement_detail","added_benefit_or_rating","price_at_decision","price_currency","price_basis","stated_reasons_verbatim","document_title","document_id","source_url","fetched_date","status","notes"
"Yescarta","France","France","HAS-CT","LBCL_3L","le service médical rendu par YESCARTA est important dans les indications de l’AMM.","2018-08-23","","2018-12-05","recommended","unknown","","SMR Important; ASMR III","","","","Compte tenu : • des données d’efficacité pertinentes obtenues à court terme sur la réponse complète (environ 50% de la population ITT) et sur la survie globale dans des situations cliniques engageant le pronostic vital et pour lesquelles les options thérapeutiques sont limitées et ne permettent pas d’envisager une rémission, • des incertitudes sur la quantité d’effet faute de comparaison directe à la prise en charge habituelle, et sur le maintien de l’efficacité clinique à plus long terme, • de la toxicité significative à court terme et de l’absence de donnée de tolérance à long terme, la Commission considère qu’en l’état actuel des données, YESCARTA apporte une amélioration du service médical rendu modérée (ASMR III) en termes d’efficacité par rapport à la prise en charge actuelle du lymphome diffus à grandes cellules B et du lymphome médiastinal primitif à grandes cellules B réfractaire ou en rechute, après au moins deux lignes de traitement systémique.","Avis de la Commission de la Transparence du 05/12/2018 - YESCARTA - Inscription (CT)","CT-17214","https://www.has-sante.fr/jcms/c_2888882","2026-09-05","provisional-from-snippet","avis type: initial inscription; motif BDPM: Inscription (CT). SMR/ASMR and wording from the Base de données publique des médicaments extracts (CIS_HAS_SMR_bdpm.txt, CIS_HAS_ASMR_bdpm.txt), which quote the avis conclusions; full avis PDF on has-sante.fr not fetchable (403 to curl, WebFetch aborted). population cible: not retrieved (full avis not accessible)"
"Kymriah","France","France","HAS-CT","LBCL_3L","Le service médical rendu par KYMRIAH est important dans l’indication de l’AMM.","2018-08-23","","2018-12-12","recommended","unknown","","SMR Important; ASMR IV","","","","Compte tenu : • des données d’efficacité obtenues à court terme sur la réponse complète (environ 24% de la population ITT) et sur la survie globale avec une médiane de suivi d’environ 7 mois, dans des situations cliniques engageant le pronostic vital et pour lesquelles les options thérapeutiques sont limitées et ne permettent pas d’envisager une rémission, • des incertitudes sur la quantité d’effet faute de comparaison directe à la prise en charge habituelle, et sur le maintien de l’efficacité clinique à plus long terme, • de la toxicité significative à court terme et de l’absence de donnée de tolérance à long terme, la Commission considère qu’en l’état actuel des données, KYMRIAH apporte une amélioration du service médical rendu mineure (ASMR IV) en termes d’efficacité par rapport à la prise en charge historique du lymphome diffus à grandes cellules B réfractaire ou en rechute, après au moins deux lignes de traitement systémique, fondée sur diverses chimiothérapies.","Avis de la Commission de la Transparence du 12/12/2018 - KYMRIAH - Inscription (CT)","CT-17238","https://www.has-sante.fr/jcms/c_2891692","2026-09-05","provisional-from-snippet","avis type: initial inscription; motif BDPM: Inscription (CT). SMR/ASMR and wording from the Base de données publique des médicaments extracts (CIS_HAS_SMR_bdpm.txt, CIS_HAS_ASMR_bdpm.txt), which quote the avis conclusions; full avis PDF on has-sante.fr not fetchable (403 to curl, WebFetch aborted). population cible: not retrieved (full avis not accessible)"
"Kymriah","France","France","HAS-CT","ALL_ped","Le service médical rendu par KYMRIAH est important dans le traitement des enfants et jeunes adultes jusqu’à 25 ans atteints de leucémie aigüe lymphoblastique à cellules B réfractaire, en rechute après greffe ou après la deuxième rechute ou plus.","2018-08-23","","2018-12-12","recommended","unknown","","SMR Important; ASMR III","","","","Compte tenu : • des données d’efficacité montrant un pourcentage élevé de rémissions complètes à 3 mois (environ 67% de la population ITT) maintenues chez environ 40% des patients après un suivi médian de 9 mois, • chez des patients âgés de 12 ans en moyenne, en majorité lourdement prétraités et dans des situations cliniques pour lesquelles les options thérapeutiques disponibles sont limitées et ne permettent pas d’envisager une rémission complète, • des incertitudes sur la quantité d’effet faute de comparaison directe à la prise en charge habituelle dans un contexte où celle-ci était difficilement réalisable, et sur le maintien de l’efficacité clinique à plus long terme, • et de la toxicité significative à court terme et de l’absence de donnée de tolérance à long terme, la Commission considère que KYMRIAH apporte une amélioration du service médical rendu modérée (ASMR III) dans la stratégie de prise en charge des enfants et jeunes adultes atteints de LAL B réfractaire, en rechute après greffe ou après la deuxième rechute ou plus.","Avis de la Commission de la Transparence du 12/12/2018 - KYMRIAH - Inscription (CT)","CT-17202","https://www.has-sante.fr/jcms/c_2891689","2026-09-05","provisional-from-snippet","avis type: initial inscription; motif BDPM: Inscription (CT). SMR/ASMR and wording from the Base de données publique des médicaments extracts (CIS_HAS_SMR_bdpm.txt, CIS_HAS_ASMR_bdpm.txt), which quote the avis conclusions; full avis PDF on has-sante.fr not fetchable (403 to curl, WebFetch aborted). population cible: not retrieved (full avis not accessible)"
"Alofisel","France","France","HAS-CT","CROHN_FISTULA","Dans le seul traitement des fistules périanales complexes non compliquées chez les adultes atteints de maladie de Crohn luminale non active/légèrement active, en association à une biothérapie, lorsque ces fistules ont répondu de manière inadéquate à au moins une biothérapie, et aux posologies de l’AMM, la Commission considère que le service médical rendu par ALOFISEL 5 millions de cellules/mL, suspension injectable est important.","2018-03-23","","2019-02-06","recommended-restricted","unknown","","SMR Important; ASMR IV","","","","Dans le traitement des fistules périanales complexes non compliquées, chez les adultes atteints de maladie de Crohn non active/légèrement active, lorsque ces fistules ont répondu de manière inadéquate à au moins une biothérapie : Compte tenu : • de la démonstration, après 24 semaines de traitement, de la supériorité de l’administration d’une injection de darvadstrocel, en association à une biothérapie, par rapport au placebo sur la proportion de patients en rémission définie comme la fermeture de tous les orifices fistuleux externes malgré une pression douce au doigt + absence de collection > 2 cm en IRM, (critère de jugement principal), • du niveau de preuve élevé de cette démonstration (étude de phase III comparative randomisée et en double aveugle) dans un contexte de maladie rare, grave et invalidante, • de la quantité d’effet supplémentaire jugée modérée sur le critère de jugement principal, et dont la pertinence clinique est limitée en l’absence de différence statistiquement significative démontrée sur les deux critères de jugement secondaires hiérarchisés, • du profil de tolérance favorable à court terme (jusqu’à 52 semaines) avec des incertitudes à long terme (notamment la prise en charge des récidives), • du besoin médical mal couvert après échec ou réponse inadéquate à au moins une biothérapie, ALOFISEL apporte une amélioration du service médical rendu mineure (ASMR IV) dans le traitement des fistules périanales complexes non compliquées, chez les adultes atteints de maladie de Crohn non active/légèrement active, en association à une biothérapie, lorsque ces fistules ont répondu de manière inadéquate à au moins une biothérapie.","Avis de la Commission de la Transparence du 06/02/2019 - ALOFISEL - Inscription (CT)","CT-17069","https://www.has-sante.fr/jcms/c_2904636","2026-09-05","provisional-from-snippet","avis type: initial inscription; motif BDPM: Inscription (CT). SMR/ASMR and wording from the Base de données publique des médicaments extracts (CIS_HAS_SMR_bdpm.txt, CIS_HAS_ASMR_bdpm.txt), which quote the avis conclusions; full avis PDF on has-sante.fr not fetchable (403 to curl, WebFetch aborted). population cible: not retrieved (full avis not accessible)"
"Alofisel","France","France","HAS-CT","CROHN_FISTULA","Dans les autres situations, la Commission considère que le service médical rendu par ALOFISEL 5 millions de cellules/mL, suspension injectable est insuffisant pour justifier la prise en charge par la solidarité nationale, notamment après échec ou réponse inadéquate aux seuls traitements conventionnels.","2018-03-23","","2019-02-06","not-recommended","none","","SMR insuffisant; ASMR sans objet","","","","Dans les autres situations, la Commission considère que le service médical rendu par ALOFISEL 5 millions de cellules/mL, suspension injectable est insuffisant pour justifier la prise en charge par la solidarité nationale, notamment après échec ou réponse inadéquate aux seuls traitements conventionnels.","Avis de la Commission de la Transparence du 06/02/2019 - ALOFISEL - Inscription (CT)","CT-17069","https://www.has-sante.fr/jcms/c_2904636","2026-09-05","provisional-from-snippet","avis type: initial inscription; motif BDPM: Inscription (CT). SMR/ASMR and wording from the Base de données publique des médicaments extracts (CIS_HAS_SMR_bdpm.txt, CIS_HAS_ASMR_bdpm.txt), which quote the avis conclusions; full avis PDF on has-sante.fr not fetchable (403 to curl, WebFetch aborted). population cible: not retrieved (full avis not accessible) (row for the SMR insuffisant sub-population of the same avis)"
"Luxturna","France","France","HAS-CT","RPE65","Le service médical rendu par LUXTURNA 5 x 1012 génomes de vecteur/ml, solution à diluer, est important dans l’indication de l’AMM.","2018-11-22","","2019-04-03","recommended","unknown","","SMR Important; ASMR II","","","","Prenant en compte : • la qualité de la démonstration de l’efficacité de LUXTURNA dans une étude de phase III versus l’absence de traitement, randomisée, multicentrique, et malgré le caractère ouvert de l’étude, • la pertinence du critère de jugement principal évaluant la vision fonctionnelle des patients par un test de mobilité en ambiance lumineuse variable (MLMT) et la pertinence clinique de l’effet observé après 1 an de suivi par rapport à l’absence de traitement, • le besoin médical non couvert dans une maladie invalidante et évoluant vers la cécité, • l’absence de démonstration robuste d’un effet de LUXTURNA sur la qualité de vie, la Commission considère que LUXTURNA 5 x 1012 génomes de vecteur/ml, solution à diluer injectable, apporte une amélioration du service médical rendu importante (ASMR II) dans la prise en charge des patients adultes et pédiatriques ayant une perte visuelle due à une dystrophie rétinienne héréditaire résultant de mutations bi-alléliques confirmées du gène RPE65 et possédant suffisamment de cellules rétiniennes viables.","Avis de la Commission de la Transparence du 03/04/2019 - LUXTURNA - Inscription (CT)","CT-17535","https://web.archive.org/web/20191112230609/https://www.has-sante.fr/upload/docs/evamed/CT-17535_LUXTURNA_PIC_INS_Avis2_CT17535.pdf","2026-09-05","verified-from-source","avis type: initial inscription; motif BDPM: Inscription (CT). Full avis PDF read via Wayback Machine. population cible: 34-171 (avis: 62 à 311 patients avec mutations RPE65, dont environ 55 % avec cellules viables suffisantes)"
"Zolgensma","France","France","HAS-CT","SMA_5q","Le service médical rendu par ZOLGENSMA (onasemnogene abeparvovec) est important dans le traitement des patients atteints d’amyotrophie spinale 5q (mutation bi allélique du gène SMN1), avec un diagnostic clinique de SMA de type I et II, ou des patients pré-symptomatiques, et ayant jusqu’à 3 copies du gène SMN2.","2020-05-18","","2020-12-16","recommended-restricted","unknown","","SMR Important; ASMR III","","","","ZOLGENSMA (onasemnogene abeparvovec) apporte une amélioration du service médical rendu modérée (ASMR III), au même titre que SPINRAZA (nusinersen), dans la stratégie thérapeutique : • des patients atteints de SMA de type I, • des patients pré-symptomatiques avec un diagnostic génétique de SMA (mutation bi-allélique du gène SMN1) et 1 à 2 copies du gène SMN2.","Avis de la Commission de la Transparence du 16/12/2020 - ZOLGENSMA - Inscription (CT)","CT-18743","https://www.has-sante.fr/jcms/p_3224937","2026-09-05","provisional-from-snippet","avis type: initial inscription; motif BDPM: Inscription (CT). SMR/ASMR and wording from the Base de données publique des médicaments extracts (CIS_HAS_SMR_bdpm.txt, CIS_HAS_ASMR_bdpm.txt), which quote the avis conclusions; full avis PDF on has-sante.fr not fetchable (403 to curl, WebFetch aborted). population cible: not retrieved (full avis not accessible)"
"Zolgensma","France","France","HAS-CT","SMA_5q","Le service médical rendu par ZOLGENSMA (onasemnogene abeparvovec) est important dans le traitement des patients atteints d’amyotrophie spinale 5q (mutation bi allélique du gène SMN1), avec un diagnostic clinique de SMA de type I et II, ou des patients pré-symptomatiques, et ayant jusqu’à 3 copies du gène SMN2.","2020-05-18","","2020-12-16","recommended-restricted","unknown","","SMR Important; ASMR V","","","","ZOLGENSMA (onasemnogene abeparvovec) n’apporte pas d’amélioration du service médical rendu (ASMR V) dans la stratégie thérapeutique, excluant SPINRAZA (nusinersen) : • des patients atteints de SMA de type II, • des patients pré-symptomatiques avec un diagnostic génétique de SMA (mutation bi-allélique du gène SMN1) et 3 copies du gène SMN2.","Avis de la Commission de la Transparence du 16/12/2020 - ZOLGENSMA - Inscription (CT)","CT-18743","https://www.has-sante.fr/jcms/p_3224937","2026-09-05","provisional-from-snippet","avis type: initial inscription; motif BDPM: Inscription (CT). SMR/ASMR and wording from the Base de données publique des médicaments extracts (CIS_HAS_SMR_bdpm.txt, CIS_HAS_ASMR_bdpm.txt), which quote the avis conclusions; full avis PDF on has-sante.fr not fetchable (403 to curl, WebFetch aborted). population cible: not retrieved (full avis not accessible)"
"Zolgensma","France","France","HAS-CT","SMA_5q","Le service médical rendu par ZOLGENSMA (onasemnogene abeparvovec) est insuffisant pour justifier d’une prise en charge par la solidarité nationale dans le traitement des patients atteints d’amyotrophie spinale 5q (mutation bi allélique du gène SMN1) avec un diagnostic clinique de SMA de type III.","2020-05-18","","2020-12-16","not-recommended","none","","SMR insuffisant; ASMR sans objet","","","","Le service médical rendu par ZOLGENSMA (onasemnogene abeparvovec) est insuffisant pour justifier d’une prise en charge par la solidarité nationale dans le traitement des patients atteints d’amyotrophie spinale 5q (mutation bi allélique du gène SMN1) avec un diagnostic clinique de SMA de type III.","Avis de la Commission de la Transparence du 16/12/2020 - ZOLGENSMA - Inscription (CT)","CT-18743","https://www.has-sante.fr/jcms/p_3224937","2026-09-05","provisional-from-snippet","avis type: initial inscription; motif BDPM: Inscription (CT). SMR/ASMR and wording from the Base de données publique des médicaments extracts (CIS_HAS_SMR_bdpm.txt, CIS_HAS_ASMR_bdpm.txt), which quote the avis conclusions; full avis PDF on has-sante.fr not fetchable (403 to curl, WebFetch aborted). population cible: not retrieved (full avis not accessible) (row for the SMR insuffisant sub-population of the same avis)"
"Yescarta","France","France","HAS-CT","LBCL_3L","Le service médical rendu par YESCARTA (axicabtagene ciloleucel) reste important dans l’indication de l’AMM.","2018-08-23","","2021-03-24","recommended","unknown","","SMR Important; ASMR III","","","","La Commission considère que ses précédentes conclusions ne sont pas susceptibles d’être modifiées. En l’état actuel des données, YESCARTA (axicabtagene ciloleucel) apporte toujours une amélioration du service médical rendu modérée (ASMR III) en termes d’efficacité par rapport à la prise en charge historique du lymphome diffus à grandes cellules B et du lymphome médiastinal primitif à grande cellule B réfractaire ou en rechute, après au moins deux lignes de traitement systémique, fondée sur diverses chimiothérapies.","Avis de la Commission de la Transparence du 24/03/2021 - YESCARTA - Réévaluation SMR et ASMR","CT-19018","https://www.has-sante.fr/jcms/p_3262244","2026-09-05","provisional-from-snippet","avis type: re-evaluation; motif BDPM: Réévaluation SMR et ASMR. SMR/ASMR and wording from the Base de données publique des médicaments extracts (CIS_HAS_SMR_bdpm.txt, CIS_HAS_ASMR_bdpm.txt), which quote the avis conclusions; full avis PDF on has-sante.fr not fetchable (403 to curl, WebFetch aborted). regulatory_approval_date is the initial EU MA date; the EU extension date was not retrieved here. population cible: not retrieved (full avis not accessible)"
"Kymriah","France","France","HAS-CT","LBCL_3L","Le service médical rendu par KYMRIAH (tisagenlecleucel) reste important dans l’indication de l’AMM.","2018-08-23","","2021-03-24","recommended","unknown","","SMR Important; ASMR IV","","","","La Commission considère que ses précédentes conclusions ne sont pas susceptibles d’être modifiées. En l’état actuel des données, KYMRIAH (tisagenlecleucel) apporte toujours une amélioration du service médical rendu mineure (ASMR IV) en termes d’efficacité par rapport à la prise en charge historique du lymphome diffus à grandes cellules B réfractaire ou en rechute, après au moins deux lignes de traitement systémique, fondée sur diverses chimiothérapies.","Avis de la Commission de la Transparence du 24/03/2021 - KYMRIAH - Réévaluation SMR et ASMR","CT-19042","https://www.has-sante.fr/jcms/p_3262259","2026-09-05","provisional-from-snippet","avis type: re-evaluation; motif BDPM: Réévaluation SMR et ASMR. SMR/ASMR and wording from the Base de données publique des médicaments extracts (CIS_HAS_SMR_bdpm.txt, CIS_HAS_ASMR_bdpm.txt), which quote the avis conclusions; full avis PDF on has-sante.fr not fetchable (403 to curl, WebFetch aborted). regulatory_approval_date is the initial EU MA date; the EU extension date was not retrieved here. population cible: not retrieved (full avis not accessible)"
"Kymriah","France","France","HAS-CT","ALL_ped","Le service médical rendu par KYMRIAH (tisagenlecleucel) est important dans le traitement des enfants et jeunes adultes jusqu’à 25 ans atteints de leucémie aigüe lymphoblastique à cellules B réfractaire, en rechute après greffe ou après la deuxième rechute ou plus.","2018-08-23","","2021-03-24","recommended","unknown","","SMR Important; ASMR III","","","","Compte tenu : • des données d’efficacité actualisées des études cliniques ELIANA et ENSIGN qui confirment les résultats précédemment analysés, notamment en termes de pourcentage de rémissions complètes (60 à 67% de la population ITT maintenues chez au moins un tiers des patients après un suivi médian de plus de 3 ans) et de survie globale (chez les patients traités médiane de 29,9 mois dans ENSIGN et toujours non atteinte dans ELIANA), dans des situations cliniques engageant le pronostic vital à court terme pour lesquelles les options thérapeutiques disponibles sont limitées et ne permettent pas d’envisager une guérison, • de l’actualisation des résultats des comparaisons indirectes qui, malgré leurs limites, suggèrent un bénéfice de KYMRIAH (tisagenlecleucel) par rapport aux traitements standards, • du profil de tolérance marqué par une toxicité significative à court terme, • mais des incertitudes initiales identifiées qui perdurent malgré la demande de la CT, en particulier : o la quantité d’effet exacte par rapport à la prise en charge historique, faute de comparaison robuste, o de l’efficacité en vie réelle au regard de l’immaturité des données du registre DESCAR-T (18 patients traités, 6 centres activés, nombreuses données manquantes et non monitorées), ne permettant pas de confirmer à ce stade les résultats des études cliniques, o le maintien de l’efficacité clinique à moyen et long terme, notamment sur l’obtention de guérisons pour les patients en rémission durable, o et l’absence de données de tolérance à moyen et long terme la Commission considère que ses précédentes conclusions ne sont pas susceptibles d’être modifiées. En l’état actuel des données, KYMRIAH (tisagenlecleucel) apporte toujours une amélioration du service médical rendu modérée (ASMR III) dans la stratégie thérapeutique de prise en charge de enfants et jeunes adultes atteints de LAL B réfractaire, en rechute après greffe ou après la deuxième rechute ou plus.","Avis de la Commission de la Transparence du 24/03/2021 - KYMRIAH - Réévaluation SMR et ASMR","CT-19040","https://www.has-sante.fr/jcms/p_3262256","2026-09-05","provisional-from-snippet","avis type: re-evaluation; motif BDPM: Réévaluation SMR et ASMR. SMR/ASMR and wording from the Base de données publique des médicaments extracts (CIS_HAS_SMR_bdpm.txt, CIS_HAS_ASMR_bdpm.txt), which quote the avis conclusions; full avis PDF on has-sante.fr not fetchable (403 to curl, WebFetch aborted). regulatory_approval_date is the initial EU MA date; the EU extension date was not retrieved here. population cible: not retrieved (full avis not accessible)"
"Lenmeldy / Libmeldy","France","France","HAS-CT","MLD_early","Le service médical rendu par LIBMELDY (Population autologue enrichie en cellules CD34+ qui contient des cellules souches progénitrices hématopoïétiques transduites ex vivo avec un vecteur lentiviral codant le gène de l’arylsulfatase A humaine) est important uniquement chez les enfants asymptomatiques sans manifestation clinique de la maladie, que ce soit en termes d’atteinte motrice, cognitive et/ou comportementale, atteints de la forme infantile tardive (se manifestant avant 30 mois) ou juvénile précoce (se manifestant entre 30 mois et 6 ans inclus) de leucodystrophie métachromatique.","2020-12-17","","2021-04-21","recommended-restricted","unknown","","SMR Important; ASMR III","","","","LIBMELDY apporte une amélioration du service médical rendu modérée (ASMR III) dans la prise en charge des enfants asymptomatiques sans manifestation clinique de la maladie, que ce soit en termes d’atteinte motrice, cognitive et/ou comportementale, atteints de forme infantile tardive (se manifestant avant 30 mois) ou juvénile précoce (se manifestant entre 30 mois et 6 ans inclus) de leucodystrophie métachromatique.","Avis de la Commission de la Transparence du 21/04/2021 - LENMELDY / LIBMELDY - Inscription (CT)","CT-18847","https://www.has-sante.fr/jcms/p_3263243","2026-09-05","provisional-from-snippet","avis type: initial inscription; motif BDPM: Inscription (CT). SMR/ASMR and wording from the Base de données publique des médicaments extracts (CIS_HAS_SMR_bdpm.txt, CIS_HAS_ASMR_bdpm.txt), which quote the avis conclusions; full avis PDF on has-sante.fr not fetchable (403 to curl, WebFetch aborted). population cible: not retrieved (full avis not accessible)"
"Lenmeldy / Libmeldy","France","France","HAS-CT","MLD_early","Le service médical rendu par LIBMELDY (Population autologue enrichie en cellules CD34+ qui contient des cellules souches progénitrices hématopoïétiques transduites ex vivo avec un vecteur lentiviral codant le gène de l’arylsulfatase A humaine) est insuffisant pour justifier d’une prise en charge par la solidarité nationale chez les autres enfants du périmètre de l’AMM correspondant aux enfants symptomatiques, présentant des manifestations cliniques précoces de la maladie, qui ont conservé la capacité de marcher indépendamment et avant l’apparition du déclin cognitif, atteints de la forme juvénile précoce (se manifestant entre 30 mois et 6 ans inclus) de leucodystrophie métachromatique.","2020-12-17","","2021-04-21","not-recommended","none","","SMR insuffisant; ASMR sans objet","","","","Le service médical rendu par LIBMELDY (Population autologue enrichie en cellules CD34+ qui contient des cellules souches progénitrices hématopoïétiques transduites ex vivo avec un vecteur lentiviral codant le gène de l’arylsulfatase A humaine) est insuffisant pour justifier d’une prise en charge par la solidarité nationale chez les autres enfants du périmètre de l’AMM correspondant aux enfants symptomatiques, présentant des manifestations cliniques précoces de la maladie, qui ont conservé la capacité de marcher indépendamment et avant l’apparition du déclin cognitif, atteints de la forme juvénile précoce (se manifestant entre 30 mois et 6 ans inclus) de leucodystrophie métachromatique.","Avis de la Commission de la Transparence du 21/04/2021 - LENMELDY / LIBMELDY - Inscription (CT)","CT-18847","https://www.has-sante.fr/jcms/p_3263243","2026-09-05","provisional-from-snippet","avis type: initial inscription; motif BDPM: Inscription (CT). SMR/ASMR and wording from the Base de données publique des médicaments extracts (CIS_HAS_SMR_bdpm.txt, CIS_HAS_ASMR_bdpm.txt), which quote the avis conclusions; full avis PDF on has-sante.fr not fetchable (403 to curl, WebFetch aborted). population cible: not retrieved (full avis not accessible) (row for the SMR insuffisant sub-population of the same avis)"
"Tecartus","France","France","HAS-CT","MCL_3L","Le service médical rendu par TECARTUS (cellules autologues CD3+ transduites anti-CD19) est important dans l’indication de l’AMM.","2020-12-14","","2021-04-21","recommended","unknown","","SMR Important; ASMR III","","","","Compte tenu : • des données d’efficacité pertinentes à court terme issues d’une étude de phase II non comparative (ZUMA-2) en termes de réponse complète (environ 60 % de la population ITT) et de survie globale (69 % des patients en vie avec un suivi médian théorique de 16,8 mois), dans des situations cliniques engageant le pronostic vital pour lesquelles les options thérapeutiques sont limitées et ne permettent pas d’envisager de rémission prolongée telles qu’observées, et malgré la pertinence clinique discutable du critère de jugement principal (taux de réponse globale) et l’immaturité des données, • des incertitudes sur la quantité d’effet faute de comparaison directe à la prise en charge habituelle et des limites des comparaisons indirectes effectués, • des incertitudes sur le maintien de l’efficacité clinique à plus long terme et notamment sur l’obtention de guérisons chez les patients en rémission durable, • de la toxicité significative à court terme et de l’absence de donnée de tolérance à long terme, la Commission considère qu’en l’état actuel des données, TECARTUS (cellules autologues CD3+ transduites anti-CD19) apporte une amélioration du service médical rendu modérée (ASMR III) en termes d’efficacité par rapport à la prise en charge actuelle du lymphome à cellule du manteau (LCM) réfractaire ou en rechute après au moins deux lignes de traitement systémique dont un traitement par un inhibiteur de tyrosine kinase de Bruton.","Avis de la Commission de la Transparence du 21/04/2021 - TECARTUS - Inscription (CT)","CT-19043","https://www.has-sante.fr/jcms/p_3265892","2026-09-05","provisional-from-snippet","avis type: initial inscription; motif BDPM: Inscription (CT). SMR/ASMR and wording from the Base de données publique des médicaments extracts (CIS_HAS_SMR_bdpm.txt, CIS_HAS_ASMR_bdpm.txt), which quote the avis conclusions; full avis PDF on has-sante.fr not fetchable (403 to curl, WebFetch aborted). population cible: not retrieved (full avis not accessible)"
"Zolgensma","France","France","HAS-CT","SMA_5q","Le service médical rendu par ZOLGENSMA (onasemnogene abeparvovec) reste IMPORTANT dans le traitement des patients atteints d’amyotrophie spinale 5q (mutation bi allélique du gène SMN1) avec un diagnostic clinique de SMA de type 1 et 2 ou des patients pré-symptomatiques, ayant jusqu’à 3 copies du gène SMN2.","2020-05-18","","2021-09-08","recommended","unknown","","SMR Important; ASMR V","","","","ZOLGENSMA (onasemnogene abeparvovec) n’apporte pas d’amélioration du service médical rendu (ASMR V) dans la stratégie thérapeutique, excluant SPINRAZA (nusinersen), chez : • les patients symptomatiques avec un diagnostic de SMA de type 2, • les patients pré-symptomatiques avec un diagnostic génétique de SMA et 3 copies du gène SMN2.","Avis de la Commission de la Transparence du 08/09/2021 - ZOLGENSMA - Réévaluation SMR et ASMR","CT-19301","https://www.has-sante.fr/jcms/p_3291799","2026-09-05","provisional-from-snippet","avis type: re-evaluation; motif BDPM: Réévaluation SMR et ASMR. SMR/ASMR and wording from the Base de données publique des médicaments extracts (CIS_HAS_SMR_bdpm.txt, CIS_HAS_ASMR_bdpm.txt), which quote the avis conclusions; full avis PDF on has-sante.fr not fetchable (403 to curl, WebFetch aborted). regulatory_approval_date is the initial EU MA date; the EU extension date was not retrieved here. population cible: not retrieved (full avis not accessible)"
"Zolgensma","France","France","HAS-CT","SMA_5q","Le service médical rendu par ZOLGENSMA (onasemnogene abeparvovec) reste IMPORTANT dans le traitement des patients atteints d’amyotrophie spinale 5q (mutation bi allélique du gène SMN1) avec un diagnostic clinique de SMA de type 1 et 2 ou des patients pré-symptomatiques, ayant jusqu’à 3 copies du gène SMN2.","2020-05-18","","2021-09-08","recommended","unknown","","SMR Important; ASMR III","","","","ZOLGENSMA (onasemnogene abeparvovec) conserve une amélioration du service médical rendu modérée (ASMR III) dans la stratégie thérapeutique, au même titre que SPINRAZA (nusinersen), chez : • les patients symptomatiques avec un diagnostic de SMA de type 1, • les patients pré-symptomatiques avec un diagnostic génétique de SMA et 1 à 2 copies du gène SMN2.","Avis de la Commission de la Transparence du 08/09/2021 - ZOLGENSMA - Réévaluation SMR et ASMR","CT-19301","https://www.has-sante.fr/jcms/p_3291799","2026-09-05","provisional-from-snippet","avis type: re-evaluation; motif BDPM: Réévaluation SMR et ASMR. SMR/ASMR and wording from the Base de données publique des médicaments extracts (CIS_HAS_SMR_bdpm.txt, CIS_HAS_ASMR_bdpm.txt), which quote the avis conclusions; full avis PDF on has-sante.fr not fetchable (403 to curl, WebFetch aborted). regulatory_approval_date is the initial EU MA date; the EU extension date was not retrieved here. population cible: not retrieved (full avis not accessible)"
"Abecma","France","France","HAS-CT","MM_4L","Le service médical rendu par ABECMA (idecabtagene vicleucel) est important dans l’indication de l’AMM.","2021-08-18","","2021-12-15","recommended","unknown","","SMR Important; ASMR V","","","","Compte tenu : des données d’efficacité issues d’une étude de phase 2 non comparative, avec un taux de réponse globale de 67% [IC95% : 59-75] et un taux de réponse complète de 29% [IC95% : 21-36] en population ITT, dans une situation clinique engageant le pronostic vital, des incertitudes concernant la pertinence clinique du critère de jugement principal retenu (taux de réponse globale) et sa transposabilité sur la durée de survie globale ou l’amélioration de la qualité de vie, des incertitudes sur la quantité d’effet propre de ce traitement, considérant les faiblesses méthodologiques des comparaisons indirectes, dans un contexte où une comparaison formalisée a priori, avec une méthodologie robuste, à une cohorte historique de patients aurait été envisageable, du profil de tolérance marqué par une toxicité significative à court et moyen terme, des incertitudes sur l’efficacité clinique et la tolérance à plus long terme, de l’existence d’alternatives à partir de la 4ème ligne bien que considérées comme des développements concomitants, et malgré l’intérêt de disposer d’un médicament ayant été évalué après échec d’un traitement antérieur incluant un agent immunomodulateur, un inhibiteur du protéasome et un anticorps anti CD38, la Commission de la Transparence considère qu’en l’état actuel des données, et dans l’attente notamment des résultats de l’étude de phase III randomisée KarMMa-3, ABECMA (idecabtagene vicleucel) n’apporte pas d’amélioration du service médical rendu (ASMR V) dans la prise en charge chez les patients adultes atteints d’un myélome multiple en rechute et réfractaire ayant reçu au moins trois traitements antérieurs, incluant un agent immunomodulateur, un inhibiteur de protéasome et un anticorps anti CD38, et dont la maladie a progressé pendant le dernier traitement.","Avis de la Commission de la Transparence du 15/12/2021 - ABECMA - Inscription (CT)","CT-19358","https://web.archive.org/web/20230626064416/http://www.has-sante.fr/upload/docs/evamed/CT-19358_ABECMA_PIC_INS_AvisDef_CT19358.pdf","2026-09-05","verified-from-source","avis type: initial inscription; motif BDPM: Inscription (CT). Full avis PDF read via Wayback Machine. population cible: not stated as range-740 (au maximum de 740 patients par an)"
"Carvykti","France","France","HAS-CT","MM_4L","Le service médical rendu par CARVYKTI (ciltacabtagene autoleucel) est important dans l’indication de l’AMM.","2022-05-25","","2022-11-23","recommended","unknown","","SMR Important; ASMR V dans l'attente de données","","","","Compte tenu : • des données d’efficacité issues d’une étude de phase 1/2 non comparative, avec un taux de réponse globale de 83% [IC95% : 75-90] sur la population en ITT, dans une situation engageant le pronostic vital, • des incertitudes concernant la pertinence clinique du critère de jugement principal retenu (taux de réponse globale) et de sa transposabilité sur la durée de survie globale ou l’amélioration de la qualité de vie, • des incertitudes sur la quantité d’effet propre de ce traitement, considérant les faiblesses mé-thodologiques des comparaisons indirectes, • du profil de tolérance marqué par une toxicité significative à court et moyen terme, • des incertitudes sur l’efficacité clinique et la tolérance à plus long terme, • et malgré l’intérêt de disposer d’un médicament ayant été évalué après échec d’un traitement antérieur incluant un agent immunomodulateur, un inhibiteur du protéasome et un anticorps an-ti-CD38, la Commission de la Transparence considère qu’en l’état actuel des données, et dans l’attente notamment des résultats de l’étude de phase III randomisée CARTITUDE-4, CARVYKTI (cilta-cabtagene autoleucel), comme ABECMA (idecabtagene vicleucel), n’apporte pas d’amélioration du service médical rendu (ASMR V) dans la prise en charge des patients adultes atteints d’un myélome multiple en rechute et réfractaire, ayant reçu au moins trois traitements antérieurs, incluant un agent immunomodulateur, un inhibiteur du protéasome et un anticorps anti-CD38 et dont la maladie a progressé pendant le dernier traitement.","Avis de la Commission de la Transparence du 23/11/2022 - CARVYKTI - Inscription (CT)","CT-19858","https://www.has-sante.fr/jcms/p_3392179","2026-09-05","provisional-from-snippet","avis type: initial inscription; motif BDPM: Inscription (CT). SMR/ASMR and wording from the Base de données publique des médicaments extracts (CIS_HAS_SMR_bdpm.txt, CIS_HAS_ASMR_bdpm.txt), which quote the avis conclusions; full avis PDF on has-sante.fr not fetchable (403 to curl, WebFetch aborted). population cible: not retrieved (full avis not accessible)"
"Kebilidi / Upstaza","France","France","HAS-CT","AADC","Le service médical rendu par UPSTAZA (éladocagène exuparvovec) est important dans l’indication de l’AMM.","2022-07-18","","2022-12-07","recommended","unknown","","SMR Important; ASMR III","","","","UPSTAZA (éladocagène exuparvovec) apporte une amélioration du service médical rendu modérée (ASMR III) dans la stratégie thérapeutique actuelle qui comprend des traitements symptomatiques et des soins de support.","Avis de la Commission de la Transparence du 07/12/2022 - KEBILIDI / UPSTAZA - Inscription (CT)","CT-19946","https://www.has-sante.fr/jcms/p_3402378","2026-09-05","provisional-from-snippet","avis type: initial inscription; motif BDPM: Inscription (CT). SMR/ASMR and wording from the Base de données publique des médicaments extracts (CIS_HAS_SMR_bdpm.txt, CIS_HAS_ASMR_bdpm.txt), which quote the avis conclusions; full avis PDF on has-sante.fr not fetchable (403 to curl, WebFetch aborted). population cible: not retrieved (full avis not accessible)"
"Kymriah","France","France","HAS-CT","FL_3L","Le service médical rendu par KYMRIAH (tisagenlecleucel) est important dans le traitement des patients adultes présentant un lymphome folliculaire après au moins deux lignes de traitement qui présentent une maladie réfractaire, ou en rechute pendant ou dans les 6 mois qui suivent la fin de leur traitement d’entretien, ou en rechute après une autogreffe de cellules souches hématopoïétiques.","2018-08-23","","2022-12-07","recommended-restricted","unknown","","SMR Important; ASMR V dans l'attente de données","","","","Compte tenu : • des données d’efficacité issues d’une étude de phase 2 non comparative, avec un pourcen-tage de réponse complète de 68,1 % (IC95% : [58,8 . 78,3]) avec une durée médiane de suivi de 28,9 mois, dans une situation engageant le pronostic vital, • de l’incertitude sur l’efficacité relative de ce traitement considérant l’absence de comparai-son directe et de la faiblesse méthodologique de la comparaison indirecte fournie, dans un contexte où une comparaison directe à une alternative thérapeutique disponible avec une méthodologie robuste était possible, • du profil de tolérance marqué par une toxicité significative à court et moyen terme, • des incertitudes sur l’efficacité clinique et la tolérance à plus long terme, la Commission de la Transparence considère qu’en l’état actuel des données, et dans l’attente notamment des résultats de l’étude de phase III randomisée, KYMRIAH (tisagenle-cleucel) n’apporte pas d’amélioration du service médical rendu (ASMR V) dans la prise en charge des patients adultes présentant un lymphome folliculaire après au moins deux lignes de traitement qui présentent une maladie réfractaire, ou en rechute pendant ou dans les 6 mois qui suivent la fin de leur traitement d’entretien, ou en rechute après une auto-greffe de cellules souches hématopoïétiques.","Avis de la Commission de la Transparence du 07/12/2022 - KYMRIAH - Extension d'indication","CT-19871","https://www.has-sante.fr/jcms/p_3396024","2026-09-05","provisional-from-snippet","avis type: extension of indication; motif BDPM: Extension d'indication. SMR/ASMR and wording from the Base de données publique des médicaments extracts (CIS_HAS_SMR_bdpm.txt, CIS_HAS_ASMR_bdpm.txt), which quote the avis conclusions; full avis PDF on has-sante.fr not fetchable (403 to curl, WebFetch aborted). regulatory_approval_date is the initial EU MA date; the EU extension date was not retrieved here. population cible: not retrieved (full avis not accessible)"
"Kymriah","France","France","HAS-CT","FL_3L","Le service médical rendu par KYMRIAH (tisagenlecleucel) est insuffisant pour justifier une prise en charge par la solidarité nationale dans les autres situations de l’AMM.","2018-08-23","","2022-12-07","not-recommended","none","","SMR insuffisant; ASMR sans objet","","","","Le service médical rendu par KYMRIAH (tisagenlecleucel) est insuffisant pour justifier une prise en charge par la solidarité nationale dans les autres situations de l’AMM.","Avis de la Commission de la Transparence du 07/12/2022 - KYMRIAH - Extension d'indication","CT-19871","https://www.has-sante.fr/jcms/p_3396024","2026-09-05","provisional-from-snippet","avis type: extension of indication; motif BDPM: Extension d'indication. SMR/ASMR and wording from the Base de données publique des médicaments extracts (CIS_HAS_SMR_bdpm.txt, CIS_HAS_ASMR_bdpm.txt), which quote the avis conclusions; full avis PDF on has-sante.fr not fetchable (403 to curl, WebFetch aborted). regulatory_approval_date is the initial EU MA date; the EU extension date was not retrieved here. population cible: not retrieved (full avis not accessible) (row for the SMR insuffisant sub-population of the same avis)"
"Yescarta","France","France","HAS-CT","FL_4L","Le service médical rendu par YESCARTA (axicabtagene ciloleucel) est important dans l’indication de l’AMM.","2018-08-23","","2023-01-18","recommended","unknown","","SMR Important; ASMR V dans l'attente de données","","","","Compte tenu : • des données d’efficacité issues d’une étude de phase 2 non comparative, avec un pourcentage de réponse objective de 94 % [IC95% : 84 % - 99 %] chez les patients ayant reçu = 3 lignes de traitement (critère de jugement secondaire), dans une situation engageant le pronostic vital, • de l’incertitude sur l’efficacité relative de ce traitement considérant l’absence de comparaison directe et de la faiblesse méthodologique de la comparaison indirecte fournie, dans un contexte où une comparaison directe à une alternative thérapeutique disponible avec une méthodologie robuste était possible, • du profil de tolérance marqué par une toxicité significative à court et moyen terme, • des incertitudes sur l’efficacité clinique et la tolérance à plus long terme, la Commission de la Transparence considère qu’en l’état actuel des données, et dans l’attente notamment des résultats de l’étude de phase III randomisée (ZUMA-22), YESCARTA (axi-cabtagene ciloleucel) n’apporte pas d’amélioration du service médical rendu (ASMR V) dans la prise en charge des patients adultes atteints de lymphome folliculaire (LF) réfractaire ou en rechute après au moins trois lignes de traitement systémique.","Avis de la Commission de la Transparence du 18/01/2023 - YESCARTA - Extension d'indication","CT-19896","https://www.has-sante.fr/jcms/p_3407522","2026-09-05","provisional-from-snippet","avis type: extension of indication; motif BDPM: Extension d'indication. SMR/ASMR and wording from the Base de données publique des médicaments extracts (CIS_HAS_SMR_bdpm.txt, CIS_HAS_ASMR_bdpm.txt), which quote the avis conclusions; full avis PDF on has-sante.fr not fetchable (403 to curl, WebFetch aborted). regulatory_approval_date is the initial EU MA date; the EU extension date was not retrieved here. population cible: not retrieved (full avis not accessible)"
"Yescarta","France","France","HAS-CT","LBCL_2L","Le service médical rendu par YESCARTA (axicabtagene ciloleucel) est important dans l’indication de l’AMM.","2018-08-23","","2023-02-15","recommended","unknown","","SMR Important; ASMR III","","","","La Commission considère que YESCARTA (axicabtagene ciloleucel) apporte une amélioration du service médical rendu modérée (ASMR III) dans la prise en charge des patients adultes atteints de lymphome diffus à grandes cellules B (LDGCB) et de lymphome de haut grade à cellules B (LHGCB) ayant rechuté dans les 12 mois après la fin de la première ligne de chimio-immunothérapie, ou qui y sont réfractaires.","Avis de la Commission de la Transparence du 15/02/2023 - YESCARTA - Extension d'indication","CT-20056","https://www.has-sante.fr/jcms/p_3419176","2026-09-05","provisional-from-snippet","avis type: extension of indication; motif BDPM: Extension d'indication. SMR/ASMR and wording from the Base de données publique des médicaments extracts (CIS_HAS_SMR_bdpm.txt, CIS_HAS_ASMR_bdpm.txt), which quote the avis conclusions; full avis PDF on has-sante.fr not fetchable (403 to curl, WebFetch aborted). regulatory_approval_date is the initial EU MA date; the EU extension date was not retrieved here. population cible: not retrieved (full avis not accessible)"
"Tecartus","France","France","HAS-CT","ALL_adult_3L","Le service médical rendu par TECARTUS (brexucabtagene autoleucel) est important uniquement dans le traitement des patients adultes de 26 ans et plus, atteints de leucémie aiguë lymphoblastique (LAL) à cellules précurseurs B réfractaire ou en rechute après au moins deux lignes de traitement antérieures.","2020-12-14","","2023-02-15","recommended-restricted","unknown","","SMR Important; ASMR V","","","","Chez les patients adultes de 26 ans et plus, atteints d’une LAL-B réfractaire ou en re-chute après au moins deux lignes de traitement antérieures Compte tenu : • des données d’efficacité issues d’une étude de phase I/II non comparative, avec un taux de rémission globale de 54,9% IC95% [43 . 67]), dont 43,7% rémissions complètes dans la population ITT, dans une situation engageant le pronostic vital, • des incertitudes sur la quantité d’effet propre de ce traitement, considérant les faiblesses méthodologiques des comparaisons indirectes. Par ailleurs, un nombre non négligeable (n=10) de patients ont été greffés après le traitement par CAR T dans les données de suivi, • du profil de tolérance marqué par une toxicité significative à court et moyen terme, • des incertitudes sur l’efficacité clinique et la tolérance à plus long terme, • et malgré l’intérêt de disposer d’un médicament ayant été évalué chez des patients en rechute ou réfractaires après au moins deux lignes de traitement, la Commission considère qu’en l’état actuel du dossier, TECARTUS (brexucabtagene autoleucel) n’apporte pas d’amélioration du service médical rendu (ASMR V) dans la stratégie thérapeutique actuelle.","Avis de la Commission de la Transparence du 15/02/2023 - TECARTUS - Extension d'indication","CT-20035","https://www.has-sante.fr/jcms/p_3419164","2026-09-05","provisional-from-snippet","avis type: extension of indication; motif BDPM: Extension d'indication. SMR/ASMR and wording from the Base de données publique des médicaments extracts (CIS_HAS_SMR_bdpm.txt, CIS_HAS_ASMR_bdpm.txt), which quote the avis conclusions; full avis PDF on has-sante.fr not fetchable (403 to curl, WebFetch aborted). regulatory_approval_date is the initial EU MA date; the EU extension date was not retrieved here. population cible: not retrieved (full avis not accessible)"
"Tecartus","France","France","HAS-CT","ALL_adult_3L","Le service médical rendu par TECARTUS (brexucabtagene autoleucel) est insuffisant dans les autres situations de l’AMM pour justifier d’une prise en charge par la solidarité nationale.","2020-12-14","","2023-02-15","not-recommended","none","","SMR insuffisant; ASMR sans objet","","","","Le service médical rendu par TECARTUS (brexucabtagene autoleucel) est insuffisant dans les autres situations de l’AMM pour justifier d’une prise en charge par la solidarité nationale.","Avis de la Commission de la Transparence du 15/02/2023 - TECARTUS - Extension d'indication","CT-20035","https://www.has-sante.fr/jcms/p_3419164","2026-09-05","provisional-from-snippet","avis type: extension of indication; motif BDPM: Extension d'indication. SMR/ASMR and wording from the Base de données publique des médicaments extracts (CIS_HAS_SMR_bdpm.txt, CIS_HAS_ASMR_bdpm.txt), which quote the avis conclusions; full avis PDF on has-sante.fr not fetchable (403 to curl, WebFetch aborted). regulatory_approval_date is the initial EU MA date; the EU extension date was not retrieved here. population cible: not retrieved (full avis not accessible) (row for the SMR insuffisant sub-population of the same avis)"
"Zolgensma","France","France","HAS-CT","SMA_5q","Le service médical rendu par ZOLGENSMA (onasemnogene abeparvovec), solution pour perfusion, est important uniquement dans le traitement des patients atteints d’amyotrophie spinale 5q (mutation bi allélique du gène SMN1) : • chez les patients présymptomatiques et ayant jusqu’à 3 copies du gène SMN2, • avec un diagnostic clinique de SMA de type 1 • avec un diagnostic clinique de SMA de type 2.","2020-05-18","","2023-05-10","recommended-restricted","unknown","","SMR Important; ASMR V","","","","Patients ayant une SMA de type 2 ZOLGENSMA (onasemnogene abeparvovec) n’apporte pas d’amélioration du service médical rendu (ASMR V) dans la stratégie thérapeutique, excluant SPINRAZA (nusinersen) et EVRYSDI (risdiplam).","Avis de la Commission de la Transparence du 10/05/2023 - ZOLGENSMA - Réévaluation SMR et ASMR","CT-20080","https://www.has-sante.fr/jcms/p_3442932","2026-09-05","provisional-from-snippet","avis type: re-evaluation; motif BDPM: Réévaluation SMR et ASMR. SMR/ASMR and wording from the Base de données publique des médicaments extracts (CIS_HAS_SMR_bdpm.txt, CIS_HAS_ASMR_bdpm.txt), which quote the avis conclusions; full avis PDF on has-sante.fr not fetchable (403 to curl, WebFetch aborted). regulatory_approval_date is the initial EU MA date; the EU extension date was not retrieved here. population cible: not retrieved (full avis not accessible)"
"Zolgensma","France","France","HAS-CT","SMA_5q","Le service médical rendu par ZOLGENSMA (onasemnogene abeparvovec), solution pour perfusion, est important uniquement dans le traitement des patients atteints d’amyotrophie spinale 5q (mutation bi allélique du gène SMN1) : • chez les patients présymptomatiques et ayant jusqu’à 3 copies du gène SMN2, • avec un diagnostic clinique de SMA de type 1 • avec un diagnostic clinique de SMA de type 2.","2020-05-18","","2023-05-10","recommended-restricted","unknown","","SMR Important; ASMR III","","","","Patients présymptomatiques ayant 3 copies du gène SMN2 La Commission considère que ZOLGENSMA (onasemnogene abeparvovec) apporte une amélioration du service médical rendu modérée (ASMR III) dans la stratégie thérapeutique, au même titre que SPINRAZA (nusinersen). Patients présymptomatiques ayant 1 ou 2 copies du gène SMN2 La Commission considère que ZOLGENSMA (onasemnogene abeparvovec) apporte une amélioration du service médical rendu modérée (ASMR III) dans la stratégie thérapeutique, au même titre que SPINRAZA (nusinersen). Patients ayant une SMA de type 1 La Commission considère que ZOLGENSMA (onasemnogene abeparvovec) apporte une amélioration du service médical rendu modérée (ASMR III) dans la stratégie thérapeutique, au même titre que SPINRAZA (nusinersen) et EVRYSDI (risdiplam).","Avis de la Commission de la Transparence du 10/05/2023 - ZOLGENSMA - Réévaluation SMR et ASMR","CT-20080","https://www.has-sante.fr/jcms/p_3442932","2026-09-05","provisional-from-snippet","avis type: re-evaluation; motif BDPM: Réévaluation SMR et ASMR. SMR/ASMR and wording from the Base de données publique des médicaments extracts (CIS_HAS_SMR_bdpm.txt, CIS_HAS_ASMR_bdpm.txt), which quote the avis conclusions; full avis PDF on has-sante.fr not fetchable (403 to curl, WebFetch aborted). regulatory_approval_date is the initial EU MA date; the EU extension date was not retrieved here. population cible: not retrieved (full avis not accessible)"
"Zolgensma","France","France","HAS-CT","SMA_5q","Le service médical rendu par ZOLGENSMA (onasemnogene abeparvovec), solution pour perfusion, est insuffisant dans le traitement des patients atteints d’amyotrophie spinale 5q (mutation bi allélique du gène SMN1) avec un diagnostic clinique de SMA de type 3, pour justifier d’une prise en charge par la solidarité nationale aux regard des alternatives disponibles.","2020-05-18","","2023-05-10","not-recommended","none","","SMR insuffisant; ASMR sans objet","","","","Le service médical rendu par ZOLGENSMA (onasemnogene abeparvovec), solution pour perfusion, est insuffisant dans le traitement des patients atteints d’amyotrophie spinale 5q (mutation bi allélique du gène SMN1) avec un diagnostic clinique de SMA de type 3, pour justifier d’une prise en charge par la solidarité nationale aux regard des alternatives disponibles.","Avis de la Commission de la Transparence du 10/05/2023 - ZOLGENSMA - Réévaluation SMR et ASMR","CT-20080","https://www.has-sante.fr/jcms/p_3442932","2026-09-05","provisional-from-snippet","avis type: re-evaluation; motif BDPM: Réévaluation SMR et ASMR. SMR/ASMR and wording from the Base de données publique des médicaments extracts (CIS_HAS_SMR_bdpm.txt, CIS_HAS_ASMR_bdpm.txt), which quote the avis conclusions; full avis PDF on has-sante.fr not fetchable (403 to curl, WebFetch aborted). regulatory_approval_date is the initial EU MA date; the EU extension date was not retrieved here. population cible: not retrieved (full avis not accessible) (row for the SMR insuffisant sub-population of the same avis)"
"Ebvallo","France","France","HAS-CT","PTLD_EBV_2L","Le service médical rendu par EBVALLO (tabelecleucel) est important dans l’indication de l’AMM.","2022-12-16","","2023-06-07","recommended","unknown","","SMR Important; ASMR IV","","","","Compte tenu : • des données d’efficacité issues d’une étude non comparative, avec un taux de réponse globale de 48% (IC95% = [27,8 . 68,7]) dans la cohorte transplantation d’organe solide (dont 5 RC et 7 RP) et de 50% (IC95% = [23 . 77]) dans la population greffe de cellules couches hématopoïétiques (population FAS) . • des résultats de la comparaison indirecte entre les données de l’étude ALLELE et les données de l’étude observationnelle rétrospective RS002, suggérant une amélioration de la survie globale dans le groupe traité (étude ALLELE) avec un HR=0,37 et une IC95% : [0,20 .0,71] . • de l’intérêt de disposer d’un médicament ayant été évalué après échec d’un traitement anté-rieur incluant le rituximab et/ou la chimiothérapie, avec un profil de tolérance jugé acceptable . et malgré : • le manque de recul sur cette thérapie tant en matière d’efficacité que de tolérance . la Commission considère qu’en l’état actuel des données, et dans l’attente notamment des résultats finaux de l’étude ALLELE, EBVALLO (tabelecleucel) apporte une amélioration du service médical rendu mineure (ASMR IV) dans la stratégie thérapeutique actuelle à savoir chez les patients adultes et pédiatriques âgés de 2 ans et plus atteints d’une maladie lymphoproliférative post-transplantation et positive au virus d’Epstein-Barr récidivante ou réfractaire (LPT EBV+) qui ont reçu au moins un traitement antérieur.","Avis de la Commission de la Transparence du 07/06/2023 - EBVALLO - Inscription (CT)","CT-20229","https://www.has-sante.fr/jcms/p_3451087","2026-09-05","provisional-from-snippet","avis type: initial inscription; motif BDPM: Inscription (CT). SMR/ASMR and wording from the Base de données publique des médicaments extracts (CIS_HAS_SMR_bdpm.txt, CIS_HAS_ASMR_bdpm.txt), which quote the avis conclusions; full avis PDF on has-sante.fr not fetchable (403 to curl, WebFetch aborted). population cible: not retrieved (full avis not accessible)"
"Abecma","France","France","HAS-CT","MM_4L","Le service médical rendu par ABECMA (idecabtagene vicleucel), reste important dans l’indication de l’AMM.","2021-08-18","","2023-06-21","recommended","unknown","","SMR Important; ASMR IV","","","","Compte-tenu : • de la démonstration dans une étude de phase 3, randomisée, en ouvert, de la supériorité d’ABECMA (idecabtagene vicleucel) par rapport au traitement au choix de l’investigateur (parmi 5 protocoles différents), en termes de : • survie sans progression évaluée par un comité indépendant selon les critères IMWG : HR=0,49 [IC95% : 0,38-0,65] . • taux de réponse globale évalué par un comité indépendant selon les critères IMWG : OR=3,5 [IC95% : 2,3-5,5] . • des analyses en sous-groupes, réalisées chez les patients ayant reçu 3 ou 4 traitements antérieurs, correspondant, en partie, à la population de l’AMM actuelle, ayant suggéré des résultats similaires, notamment en termes de survie sans progression : HR=0,49 [IC95% : 0,36-0,67], médiane de 11,9 mois (min-max : 9,2-14,1) dans le groupe ABECMA (idecabtagene vicleucel), et de 4,2 mois (min-max : 3,1-5,9) dans le groupe traitement au choix de l’investigateur, soit une estimation ponctuelle de la différence absolue de 7,7 mois . et malgré : • le caractère exploratoire de cette analyse en sous-groupe . • la réalisation en ouvert de l’étude . • les limites du groupe contrôle, puisque les patients pouvaient déjà avoir reçu auparavant le traitement . • l’absence de démonstration d’un impact sur la survie globale, en l’état actuel des données . • l’absence de conclusion formelle pouvant être tirée des résultats de qualité de vie . • l’absence de données chez les patients ayant reçu plus de 4 traitements antérieurs, faisant pourtant partie du libellé de l’AMM . • le profil de tolérance, marqué par une toxicité significative . la Commission considère qu’en l’état actuel du dossier, ABECMA (idecabtagene vicleucel) apporte une amélioration du service médical rendu mineure (ASMR IV) dans la stratégie thérapeutique actuelle, excluant CARVYKTI (ciltacabtagene autoleucel) et les anticorps bispéci-fiques (teclistamab et elranatanab).","Avis de la Commission de la Transparence du 21/06/2023 - ABECMA - Réévaluation ASMR","CT-20236","https://www.has-sante.fr/jcms/p_3449177","2026-09-05","provisional-from-snippet","avis type: re-evaluation; motif BDPM: Réévaluation ASMR. SMR/ASMR and wording from the Base de données publique des médicaments extracts (CIS_HAS_SMR_bdpm.txt, CIS_HAS_ASMR_bdpm.txt), which quote the avis conclusions; full avis PDF on has-sante.fr not fetchable (403 to curl, WebFetch aborted). regulatory_approval_date is the initial EU MA date; the EU extension date was not retrieved here. population cible: not retrieved (full avis not accessible)"
"Hemgenix","France","France","HAS-CT","HEMB_adult","Le service médical rendu par HEMGENIX (etranacogene dezaparvovec) est important dans le traitement de l’hémophilie B (déficit congénital en facteur IX) sévère et modérément sévère chez les patients adultes sans antécédents d’inhibiteurs du facteur IX.","2023-02-20","","2023-08-30","recommended","unknown","","SMR Important; ASMR IV","","","","Compte tenu : • des données cliniques démontrant l’efficacité de HEMGENIX (etranacogene dezaparvovec), notamment sa supériorité par rapport à une prophylaxie conventionnelle continue par FIX à 18 mois post-traitement en matière de taux de saignement annualisé (critère principal de jugement), moyenne de 4,19 versus 1,51 soit un ratio des taux de 0,36 (IC95% = [0,20 . 0,64] . p = 0,0002)) et de ¿niveaux d’activité du FIX endogène dans une étude de phase III (HOPE-B) ayant inclus 54 patients hémophilies, • des données exploratoires suggérant le maintien de cette efficacité à 2 ans dans l’étude pivot, avec l’absence de recours à une prophylaxie par FIX pour 96% des patients, et à 3 ans dans une étude de phase II non comparative ayant inclus 3 patients, • du besoin médical partiellement couvert par les concentrés de facteur IX, mais au regard des nombreuses incertitudes portant notamment sur : • le caractère non optimal de la démonstration de la supériorité versus la prophylaxie par FIX, avec une possible surestimation du bénéfice observé (étude ouverte de faible effectif, comparaisons intra-patients, modalités de la prophylaxie préalable par FIX mal définies et possiblement non optimisée pour tous les patients), • le maintien de l’efficacité à long terme du fait d’un recul maximal limité à ce jour à 3 ans et pour seulement 3 patients, • la tolérance à long terme, notamment sur le risque potentiel de cancer lié à l’intégration du vecteur et en particulier de carcinome hépatocellulaire (1 cas observé dans l’étude pivot), la Commission considère que HEMGENIX (etranacogene dezaparvovec) apporte une amélioration du service médical rendu mineure (ASMR IV) par rapport à la prophylaxie par concentrés de facteur IX.","Avis de la Commission de la Transparence du 30/08/2023 - HEMGENIX - Inscription (CT)","CT-20242","https://www.has-sante.fr/jcms/p_3460133","2026-09-05","provisional-from-snippet","avis type: initial inscription; motif BDPM: Inscription (CT). SMR/ASMR and wording from the Base de données publique des médicaments extracts (CIS_HAS_SMR_bdpm.txt, CIS_HAS_ASMR_bdpm.txt), which quote the avis conclusions; full avis PDF on has-sante.fr not fetchable (403 to curl, WebFetch aborted). population cible: not retrieved (full avis not accessible)"
"Kymriah","France","France","HAS-CT","LBCL_3L","Le service médical rendu par KYMRIAH 1,2 x 10^6 – 6 x 10^8 cellules (tisagenlecleucel), dispersion cellulaire pour perfusion, reste important dans « le traitement des patients adultes atteints d’un lymphome diffus à grandes cellules B réfractaire ou en rechute après la deuxième ligne ou plus d’un traitement systémique » et aux posologies de l’AMM.","2018-08-23","","2023-09-06","recommended","unknown","","SMR Important; ASMR IV","","","","Compte tenu : • du recul supplémentaire concernant les données en vie réelle de KYMRIAH (tisagenlecleucel) issues du registre français DESCAR-T (26 centres activés, 388 patients traités, suivi médian de 15 mois depuis l’éligibilité), qui sont cohérentes avec les données cliniques (JULIET), • la place de à KYMRIAH (tisagenlecleucel) par rapport à YESCARTA (axicabtagene ciloleucel) qui reste difficile à déterminer compte des limites méthodologiques majeures de la comparaison indirecte fournie, • du profil de tolérance marqué par une toxicité significative à court terme, • et des incertitudes initiales identifiées qui perdurent malgré la demande de la CT, en particulier : • la quantité d’effet exacte par rapport à la prise en charge historique, faute de comparaison robuste, • le maintien de l’efficacité clinique à moyen et long terme, notamment sur l’obtention de guérison pour les patients en rémission durable, • et l’absence de données de tolérance à moyen et long terme, la Commission considère que ses précédentes conclusions ne sont pas susceptibles d’être modifiées. En l’état actuel des données, la Commission considère que KYMRIAH 1,2 x 10^6 – 6 x 10^8 cellules (tisagenlecleucel), dispersion cellulaire pour perfusion, apporte une amélioration du service médical rendu mineure (ASMR IV) en termes d’efficacité par rapport à la prise en charge historique du lymphome diffus à grandes cellules B réfractaire ou en rechute, après au moins deux lignes de traitement systémique, fondée sur diverses chimiothérapies.","Avis de la Commission de la Transparence du 06/09/2023 - KYMRIAH - Réévaluation suite à résultats étude post-inscript","CT-20262","https://www.has-sante.fr/jcms/p_3467532","2026-09-05","provisional-from-snippet","avis type: re-evaluation; motif BDPM: Réévaluation suite à résultats étude post-inscript. SMR/ASMR and wording from the Base de données publique des médicaments extracts (CIS_HAS_SMR_bdpm.txt, CIS_HAS_ASMR_bdpm.txt), which quote the avis conclusions; full avis PDF on has-sante.fr not fetchable (403 to curl, WebFetch aborted). regulatory_approval_date is the initial EU MA date; the EU extension date was not retrieved here. population cible: not retrieved (full avis not accessible)"
"Kymriah","France","France","HAS-CT","ALL_ped","Le service médical rendu par KYMRIAH 1,2 x 106 – 6 x 108 cellules (tisagenlecleucel), dispersion cellulaire pour perfusion est important dans le traitement des enfants et jeunes adultes jusqu’à 25 ans inclus atteints de leucémie aigüe lymphoblastique à cellules B réfractaire, en rechute après greffe ou après la deuxième rechute ou plus.","2018-08-23","","2023-09-06","recommended","unknown","","SMR Important; ASMR III","","","","La Commission considère que ses précédentes conclusions ne sont pas susceptibles d’être modifiées. En l’état actuel des données KYMRIAH 1,2 x 10^6 – 6 x 10^8 cellules (tisagenlecleucel), dispersion cellulaire pour perfusion, apporte toujours une amélioration du service médical rendu modérée (ASMR III) dans la stratégie thérapeutique de prise en charge des enfants et jeunes adultes atteints de LAL B réfractaire, en rechute après greffe ou après la deuxième rechute ou plus.","Avis de la Commission de la Transparence du 06/09/2023 - KYMRIAH - Réévaluation suite à résultats étude post-inscript","CT-20264","https://www.has-sante.fr/jcms/p_3467523","2026-09-05","provisional-from-snippet","avis type: re-evaluation; motif BDPM: Réévaluation suite à résultats étude post-inscript. SMR/ASMR and wording from the Base de données publique des médicaments extracts (CIS_HAS_SMR_bdpm.txt, CIS_HAS_ASMR_bdpm.txt), which quote the avis conclusions; full avis PDF on has-sante.fr not fetchable (403 to curl, WebFetch aborted). regulatory_approval_date is the initial EU MA date; the EU extension date was not retrieved here. population cible: not retrieved (full avis not accessible)"
"Yescarta","France","France","HAS-CT","LBCL_3L","Le service médical rendu par YESCARTA 0,4 - 2 x 108 cellules (axicabtagene ciloleucel), dispersion pour perfusion, reste important dans « le traitement des patients adultes atteints de lymphome diffus à grandes cellules B (LDGCB) et de lymphome médiastinal primitif à grandes cellules B (LMPGCB) réfractaire ou en rechute, après au moins deux lignes de traitement systémique » et aux posologies de l’AMM.","2018-08-23","","2023-09-06","recommended","unknown","","SMR Important; ASMR III","","","","La Commission considère que ses précédentes conclusions ne sont pas susceptibles d’être modifiées. En l’état actuel des données, la Commission considère que YESCARTA 0,4 - 2 x 108 cellules (axicabtagene ciloleucel), dispersion pour perfusion, apporte une amélioration du service médical rendu modérée (ASMR III) en termes d’efficacité par rapport à la prise en charge historique du lymphome diffus à grandes cellules B et du lymphome médiastinal primitif à grandes cellules B réfractaire ou en rechute, après au moins deux lignes de traitement systémique, fondée sur diverses chimiothérapies.","Avis de la Commission de la Transparence du 06/09/2023 - YESCARTA - Réévaluation suite à résultats étude post-inscript","CT-20263","https://www.has-sante.fr/jcms/p_3467529","2026-09-05","provisional-from-snippet","avis type: re-evaluation; motif BDPM: Réévaluation suite à résultats étude post-inscript. SMR/ASMR and wording from the Base de données publique des médicaments extracts (CIS_HAS_SMR_bdpm.txt, CIS_HAS_ASMR_bdpm.txt), which quote the avis conclusions; full avis PDF on has-sante.fr not fetchable (403 to curl, WebFetch aborted). regulatory_approval_date is the initial EU MA date; the EU extension date was not retrieved here. population cible: not retrieved (full avis not accessible)"
"Breyanzi","France","France","HAS-CT","LBCL_2L","Le service médical rendu par BREYANZI (lisocabtagene maraleucel), 1,1-70x10^6 cellules/mL/1,1-70x10^6 cellules/mL, dispersion pour perfusion est important dans l’indication de l’AMM.","2022-04-04","","2023-09-20","recommended","unknown","","SMR Important; ASMR III","","","","BREYANZI (lisocabtagene maraleucel), 1,1-70x10^6 cellules/mL / 1,1-70x10^6 cellules/mL, dispersion pour perfusion apporte une amélioration du service médical rendu modérée (ASMR III) dans la stratégie thérapeutique actuelle qui comprend les comparateurs pertinents cités en paragraphe 5.2).","Avis de la Commission de la Transparence du 20/09/2023 - BREYANZI - Inscription (CT)","CT-20349","https://www.has-sante.fr/jcms/p_3465836","2026-09-05","provisional-from-snippet","avis type: initial inscription; motif BDPM: Inscription (CT). SMR/ASMR and wording from the Base de données publique des médicaments extracts (CIS_HAS_SMR_bdpm.txt, CIS_HAS_ASMR_bdpm.txt), which quote the avis conclusions; full avis PDF on has-sante.fr not fetchable (403 to curl, WebFetch aborted). population cible: not retrieved (full avis not accessible)"
"Luxturna","France","France","HAS-CT","RPE65","Le service médical rendu par LUXTURNA 5 x 1012 génomes de vecteur/ml, solution à diluer, reste important dans l’indication de l’AMM.","2018-11-22","","2024-07-17","recommended","unknown","","SMR Important; ASMR II","","","","Prenant en compte : • le besoin médical non couvert dans une maladie invalidante et évoluant vers la cécité en l’absence d’autres traitements à visée curative, • la qualité de la démonstration de l’efficacité de LUXTURNA (voretigene neparvovec) dans l’étude de phase III 301 versus l’absence de traitement, randomisée, multicentrique, et malgré le caractère ouvert de l’étude, • la pertinence du critère de jugement principal évaluant la vision fonctionnelle des patients par un test de mobilité en ambiance lumineuse variable (MLMT) et la pertinence clinique de l’effet observé après 1 an de suivi par rapport à l’absence de traitement, • les données de suivi à long terme dans 3 études (prolongation de l’étude 301 avec données exploitables jusqu’à 6 ans de recul, étude PASS PERCEIVE à partir des données du registre international sur 198 patients avec un suivi 1-2 ans voire 1 année supplémentaire pour les patients français et une étude observationnelle LIGHT sur 12 patients avec un suivi supérieur ou égal à 1 an) montrant le maintien des réponses cliniques sur les tests de mobilité, le seuil de sensibilité en lumière blanche plein champ et champ visuel, • une tolérance globalement inchangée depuis la commercialisation, malgré : • l’absence de démonstration robuste d’un effet de LUXTURNA (voretigene neparvovec) sur la qualité de vie, • la survenue fréquente d’une atrophie chorio-rétinienne progressive ayant eu peu d’impact sur l’évaluation des critères de jugement mais dont l’évolution à long terme doit être évaluée, la Commission considère que l’amélioration du service médical rendu par LUXTURNA 5 x 1012 génomes de vecteur/ml (voretigene neparvovec), solution à diluer injectable, reste importante (ASMR II) dans la prise en charge des patients adultes et pédiatriques ayant une perte visuelle due à une dystrophie rétinienne héréditaire résultant de mutations bi-alléliques confirmées du gène RPE65 et possédant suffisamment de cellules rétiniennes viables.","Avis de la Commission de la Transparence du 17/07/2024 - LUXTURNA - Réévaluation suite à résultats étude post-inscript","CT-20838","https://www.has-sante.fr/jcms/p_3538246","2026-09-05","provisional-from-snippet","avis type: re-evaluation; motif BDPM: Réévaluation suite à résultats étude post-inscript. SMR/ASMR and wording from the Base de données publique des médicaments extracts (CIS_HAS_SMR_bdpm.txt, CIS_HAS_ASMR_bdpm.txt), which quote the avis conclusions; full avis PDF on has-sante.fr not fetchable (403 to curl, WebFetch aborted). regulatory_approval_date is the initial EU MA date; the EU extension date was not retrieved here. population cible: not retrieved (full avis not accessible)"
"Abecma","France","France","HAS-CT","MM_3L","Le service médical rendu par ABECMA (idecabtagene vicleucel) est important dans l’indication de l’AMM.","2021-08-18","","2024-07-17","recommended","unknown","","SMR Important; ASMR IV","","","","Compte-tenu : • de la démonstration dans une étude de phase 3, randomisée, en ouvert, de la supériorité d’ABECMA (idecabtagene vicleucel) par rapport à un traitement au choix de l’investigateur, parmi 5 protocoles différents, en termes de : • survie sans progression évaluée par un comité de relecture indépendant selon les critères IMWG : HR=0,49 [IC95% : 0,38-0,65], avec une médiane de 13,3 mois (min-max : 11,8-16,1) dans le groupe ABECMA (idecabtagene vicleucel), et de 4,4 mois (min-max : 3,4-5,9) dans le groupe traitement au choix de l’investigateur, soit une estimation ponctuelle de la différence absolue de 8,9 mois . • taux de réponse globale évalué par un comité de relecture indépendant selon les critères IMWG : OR=3,5 [IC95% : 2,1-5,9] . et malgré : • la réalisation en ouvert de l’étude, ayant entraîné des biais d’évaluation possible, et notamment l’évaluation des décisions de traitement . • le fait que les patients du groupe traitement au choix de l’investigateur pouvaient recevoir un traitement reçu antérieurement (sauf le dernier traitement reçu) . • l’absence de pertinence clinique du taux de réponse globale dans ce contexte, compte tenu notamment de l’absence de démonstration de sa transposabilité sur la durée de survie globale ou l’amélioration de la qualité de vie . • l’absence de démonstration, en l’état actuel du dossier, d’un impact sur la survie globale, dans une maladie au stade avancé au pronostic défavorable . • l’absence de conclusion formelle pouvant être tirée des résultats de qualité de vie . • du profil de tolérance, marqué notamment par une toxicité significative . la Commission considère qu’ABECMA (idecabtagene vicleucel) apporte une amélioration du service médical rendu mineure (ASMR IV) dans la stratégie thérapeutique actuelle qui comprend les comparateurs pertinents (cf. 5 .2).","Avis de la Commission de la Transparence du 17/07/2024 - ABECMA - Extension d'indication","CT-20857","https://www.has-sante.fr/jcms/p_3538252","2026-09-05","provisional-from-snippet","avis type: extension of indication; motif BDPM: Extension d'indication. SMR/ASMR and wording from the Base de données publique des médicaments extracts (CIS_HAS_SMR_bdpm.txt, CIS_HAS_ASMR_bdpm.txt), which quote the avis conclusions; full avis PDF on has-sante.fr not fetchable (403 to curl, WebFetch aborted). regulatory_approval_date is the initial EU MA date; the EU extension date was not retrieved here. population cible: not retrieved (full avis not accessible)"
"Casgevy","France","France","HAS-CT","SCD_VOC_12plus","Le service médical rendu par CASGEVY 4 à 13 x 106 cellules/mL (exagamglogène autotemcel) est modéré dans le traitement de la drépanocytose sévère uniquement chez des patients âgés de 12 à 35 ans présentant des crises vaso-occlusives récurrentes (CVO) malgré un traitement bien conduit par hydroxycarbamide éligibles à une greffe de cellules souches hématopoïétiques (CSH) et pour lesquels un donneur apparenté HLA (antigène leucocytaire humain) compatible n'est pas disponible et dont la sévérité de la maladie est établie par : • la mise en place d'un programme transfusionnel depuis au moins 6 mois pour épisodes vaso-occlusifs récurrents (population pédiatrique et adulte), • ET/OU, pour la population adulte seulement, la persistance d'épisodes vaso-occlusifs ayant nécessité une hospitalisation conventionnelle dans l'année (>= 2 épisodes/an ou >= 1 épisode/an ayant nécessité une transfusion). La Commission conditionne le maintien du SMR modéré à sa réévaluation dans un délai maximal de 3 ans, sur la base des résultats complémentaires attendus (cf. 5.6 Demandes de données).","2024-02-09","","2024-08-28","recommended-restricted","unknown","","SMR Modéré conditionnel; ASMR V","","","","CASGEVY 4 à 13 x 106 cellules/mL (exagamglogène autotemcel) n’apporte pas d’amélioration du service médical rendu (ASMR V) dans la stratégie thérapeutique actuelle qui comprend les comparateurs pertinents (cf. 5.2).","Avis de la Commission de la Transparence du 28/08/2024 - CASGEVY - Inscription (CT)","CT-20799","https://www.has-sante.fr/jcms/p_3541918","2026-09-05","provisional-from-snippet","avis type: initial inscription; motif BDPM: Inscription (CT). SMR/ASMR and wording from the Base de données publique des médicaments extracts (CIS_HAS_SMR_bdpm.txt, CIS_HAS_ASMR_bdpm.txt), which quote the avis conclusions; full avis PDF on has-sante.fr not fetchable (403 to curl, WebFetch aborted). population cible: not retrieved (full avis not accessible)"
"Casgevy","France","France","HAS-CT","SCD_VOC_12plus","Le service médical rendu par CASGEVY 4 à 13 x 106 cellules/mL (exagamglogène autotemcel) est insuffisant pour justifier d’une prise en charge par la solidarité nationale dans les autres situations de l’AMM.","2024-02-09","","2024-08-28","not-recommended","none","","SMR insuffisant; ASMR sans objet","","","","Le service médical rendu par CASGEVY 4 à 13 x 106 cellules/mL (exagamglogène autotemcel) est insuffisant pour justifier d’une prise en charge par la solidarité nationale dans les autres situations de l’AMM.","Avis de la Commission de la Transparence du 28/08/2024 - CASGEVY - Inscription (CT)","CT-20799","https://www.has-sante.fr/jcms/p_3541918","2026-09-05","provisional-from-snippet","avis type: initial inscription; motif BDPM: Inscription (CT). SMR/ASMR and wording from the Base de données publique des médicaments extracts (CIS_HAS_SMR_bdpm.txt, CIS_HAS_ASMR_bdpm.txt), which quote the avis conclusions; full avis PDF on has-sante.fr not fetchable (403 to curl, WebFetch aborted). population cible: not retrieved (full avis not accessible) (row for the SMR insuffisant sub-population of the same avis)"
"Casgevy","France","France","HAS-CT","TDT_12plus","Le service médical rendu par CASGEVY 4 à 13 x 106 cellules/mL (exagamglogène autotemcel) est important dans l’indication « traitement de la ß-thalassémie dépendante des transfusions (TDT) chez les patients âgés de 12 ans à 35 ans éligibles à une greffe de cellules souches hématopoïétiques (CSH) et pour lesquels un donneur apparenté HLA (antigène leucocytaire humain) compatible n’est pas disponible ». La Commission conditionne le maintien du SMR important à sa réévaluation dans un délai maximal de 3 ans, sur la base des résultats des résultats complémentaires attendus (cf. 5.6 Demandes de données).","2024-02-09","","2024-09-25","recommended-restricted","unknown","","SMR Important conditionnel; ASMR IV","","","","CASGEVY 4 à 13 x 106 cellules/mL (exagamglogène autotemcel) apporte une amélioration du service médical rendu mineure (ASMR IV) dans la stratégie thérapeutique actuelle qui comprend les comparateurs pertinents (cf. 5.2).","Avis de la Commission de la Transparence du 25/09/2024 - CASGEVY - Inscription (CT)","CT-20794","https://www.has-sante.fr/jcms/p_3545557","2026-09-05","provisional-from-snippet","avis type: initial inscription; motif BDPM: Inscription (CT). SMR/ASMR and wording from the Base de données publique des médicaments extracts (CIS_HAS_SMR_bdpm.txt, CIS_HAS_ASMR_bdpm.txt), which quote the avis conclusions; full avis PDF on has-sante.fr not fetchable (403 to curl, WebFetch aborted). population cible: not retrieved (full avis not accessible)"
"Casgevy","France","France","HAS-CT","TDT_12plus","Le service médical rendu par CASGEVY 4 à 13 x 106 cellules/mL (exagamglogène autotemcel) est insuffisant pour justifier d’une prise en charge par la solidarité nationale au regard des alternatives disponibles dans les autres situations de l’AMM (patients âgés de 35 ans et plus).","2024-02-09","","2024-09-25","not-recommended","none","","SMR insuffisant; ASMR sans objet","","","","Le service médical rendu par CASGEVY 4 à 13 x 106 cellules/mL (exagamglogène autotemcel) est insuffisant pour justifier d’une prise en charge par la solidarité nationale au regard des alternatives disponibles dans les autres situations de l’AMM (patients âgés de 35 ans et plus).","Avis de la Commission de la Transparence du 25/09/2024 - CASGEVY - Inscription (CT)","CT-20794","https://www.has-sante.fr/jcms/p_3545557","2026-09-05","provisional-from-snippet","avis type: initial inscription; motif BDPM: Inscription (CT). SMR/ASMR and wording from the Base de données publique des médicaments extracts (CIS_HAS_SMR_bdpm.txt, CIS_HAS_ASMR_bdpm.txt), which quote the avis conclusions; full avis PDF on has-sante.fr not fetchable (403 to curl, WebFetch aborted). population cible: not retrieved (full avis not accessible) (row for the SMR insuffisant sub-population of the same avis)"
"Tecartus","France","France","HAS-CT","MCL_3L","Le service médical rendu par TECARTUS (brexucabtagene autoleucel) reste important dans l’indication de l’AMM.","2020-12-14","","2024-11-06","recommended","unknown","","SMR Important; ASMR IV","","","","Compte tenu : • des données actualisées de l’étude ZUMA-2, après un suivi médian de 46,4 mois, qui mettent en évidence une médiane de survie globale de 46,5 mois dans la population ITTm et 43,9 mois dans la population ITT . • du recul supplémentaire concernant les données en vie réelle de TECARTUS (brexucabtagene autoleucel) issues du registre français DESCAR-T (27 centres activés, 152 patients traités, suivi médian de 14,2 mois depuis l’éligibilité) . et ce, malgré : • des données actualisées de l’étude ZUMA-2, objectivant des différences au regard des données d’utilisation en vie réelle . • une médiane de survie globale de 43,9 mois dans l’étude ZUMA-2 (suivi médian de 46,4 mois) versus 19,8 mois pour le registre DESCAR-T (suivi médian de 14,2 mois) . • une durée médiane de réponse de 28,2 mois versus 12 mois pour le registre DESCAR-T . • des incertitudes sur la transposabilité des résultats du fait de la population potentiellement sélectionnée dans l’étude ZUMA-2 . • des incertitudes sur le maintien d’une efficacité à long terme . • le profil de tolérance marqué par une toxicité significative à court terme . la Commission considère qu’en l’état actuel des données, TECARTUS (brexucabtagene autoleucel) apporte une amélioration du service médical rendu mineure (ASMR IV) en termes d’efficacité par rapport à la prise en charge actuelle du lymphome à cellule du manteau (LCM) réfractaire ou en rechute après au moins deux lignes de traitement systémique dont un traitement par un inhibiteur de tyrosine kinase de Bruton.","Avis de la Commission de la Transparence du 06/11/2024 - TECARTUS - Réévaluation suite à résultats étude post-inscript","CT-20302","https://www.has-sante.fr/jcms/p_3575020","2026-09-05","provisional-from-snippet","avis type: re-evaluation; motif BDPM: Réévaluation suite à résultats étude post-inscript. SMR/ASMR and wording from the Base de données publique des médicaments extracts (CIS_HAS_SMR_bdpm.txt, CIS_HAS_ASMR_bdpm.txt), which quote the avis conclusions; full avis PDF on has-sante.fr not fetchable (403 to curl, WebFetch aborted). regulatory_approval_date is the initial EU MA date; the EU extension date was not retrieved here. population cible: not retrieved (full avis not accessible)"
"Lenmeldy / Libmeldy","France","France","HAS-CT","MLD_early","Le service médical rendu par LIBMELDY (atidarsagène autotemcel) est important dans les indications de l’AMM.","2020-12-17","","2024-11-06","recommended","unknown","","SMR Important; ASMR IV","","","","LIBMELDY (atidarsagène autotemcel) apporte une amélioration du service médical rendu mineure (ASMR IV) dans la prise en charge des enfants symptomatiques, présentant des manifestations cliniques précoces de la maladie, qui ont conservé la capacité de marcher indépendamment et avant l’apparition du déclin cognitif, atteints de la forme juvénile précoce (se manifestant entre 30 mois et 6 ans inclus) de leucodystrophie métachromatique.","Avis de la Commission de la Transparence du 06/11/2024 - LENMELDY / LIBMELDY - Inscription (CT)","CT-20867","https://www.has-sante.fr/jcms/p_3555789","2026-09-05","provisional-from-snippet","avis type: initial inscription; motif BDPM: Inscription (CT). SMR/ASMR and wording from the Base de données publique des médicaments extracts (CIS_HAS_SMR_bdpm.txt, CIS_HAS_ASMR_bdpm.txt), which quote the avis conclusions; full avis PDF on has-sante.fr not fetchable (403 to curl, WebFetch aborted). population cible: not retrieved (full avis not accessible)"
"Lenmeldy / Libmeldy","France","France","HAS-CT","MLD_early","Le service médical rendu par LIBMELDY (atidarsagène autotemcel) est important dans les indications de l’AMM.","2020-12-17","","2024-11-06","recommended","unknown","","SMR Important; ASMR III","","","","LIBMELDY (atidarsagène autotemcel) apporte une amélioration du service médical rendu modérée (ASMR III) dans la prise en charge des enfants asymptomatiques sans manifestation clinique de la maladie, que ce soit en termes d’atteinte motrice, cognitive et/ou comportementale, atteints de la forme infantile tardive (se manifestant avant 30 mois) ou juvénile précoce (se manifestant entre 30 mois et 6 ans inclus) de leucodystrophie métachromatique.","Avis de la Commission de la Transparence du 06/11/2024 - LENMELDY / LIBMELDY - Inscription (CT)","CT-20867","https://www.has-sante.fr/jcms/p_3555789","2026-09-05","provisional-from-snippet","avis type: initial inscription; motif BDPM: Inscription (CT). SMR/ASMR and wording from the Base de données publique des médicaments extracts (CIS_HAS_SMR_bdpm.txt, CIS_HAS_ASMR_bdpm.txt), which quote the avis conclusions; full avis PDF on has-sante.fr not fetchable (403 to curl, WebFetch aborted). population cible: not retrieved (full avis not accessible)"
"Carvykti","France","France","HAS-CT","MM_2L","Le service médical rendu par CARVYKTI (ciltacabtagene autoleucel) est important dans l’indication de l’AMM.","2022-05-25","","2025-07-16","recommended","unknown","","SMR Important; ASMR III","","","","CARVYKTI (ciltacabtagene autoleucel) apporte une amélioration du service médical rendu modérée (ASMR III) par rapport aux protocoles DPd [daratumumab – pomalidomide – dexaméthasone] et PVd [pomalidomide – bortézomib – dexaméthasone] dans le traitement des patients adultes atteints d’un myélome multiple en rechute et réfractaire, ayant reçu au moins un traitement antérieur, incluant un agent immunomodulateur et un inhibiteur du protéasome, qui sont réfractaires au lénalidomide et dont la maladie a progressé pendant le dernier traitement.","Avis de la Commission de la Transparence du 16/07/2025 - CARVYKTI - Inscription (CT)","CT-21250","https://www.has-sante.fr/jcms/p_3639814","2026-09-05","provisional-from-snippet","avis type: initial inscription; motif BDPM: Inscription (CT). SMR/ASMR and wording from the Base de données publique des médicaments extracts (CIS_HAS_SMR_bdpm.txt, CIS_HAS_ASMR_bdpm.txt), which quote the avis conclusions; full avis PDF on has-sante.fr not fetchable (403 to curl, WebFetch aborted). population cible: not retrieved (full avis not accessible)"
"Vyjuvek","France","France","HAS-CT","DEB","Le service médical rendu par VYJUVEK (bérémagène géperpavec), suspension et gel pour usage cutané, est important dans l’indication de l’AMM.","2025-04-23","","2025-10-08","recommended","unknown","","SMR Important; ASMR III","","","","VYJUVEK (bérémagène géperpavec), suspension et gel pour usage cutané apporte une amélioration du service médical rendu modérée (ASMR III) dans la prise en charge des plaies chez les patients atteints d’épidermolyse bulleuse dystrophique (EBD) présentant une ou plusieurs mutations du gène de la chaîne alpha 1 du collagène de type VII (COL7A1), dès la naissance.","Avis de la Commission de la Transparence du 08/10/2025 - VYJUVEK - Inscription (CT)","CT-21428","https://www.has-sante.fr/jcms/p_3704146","2026-09-05","provisional-from-snippet","avis type: initial inscription; motif BDPM: Inscription (CT). SMR/ASMR and wording from the Base de données publique des médicaments extracts (CIS_HAS_SMR_bdpm.txt, CIS_HAS_ASMR_bdpm.txt), which quote the avis conclusions; full avis PDF on has-sante.fr not fetchable (403 to curl, WebFetch aborted). population cible: not retrieved (full avis not accessible)"
"Breyanzi","France","France","HAS-CT","FL_3L","Le service médical rendu par BREYANZI (lisocabtagene maraleucel), 1,1-70 x 106 cellules/mL/1,1-70 x 106 cellules/mL, dispersion pour perfusion, est important dans l’indication de l’AMM.","2022-04-04","","2025-12-10","recommended","unknown","","SMR Important; ASMR V","","","","Compte tenu : • des données d’efficacité issues d’une étude de phase 2 non comparative, suggérant un taux de réponse globale de 97,0 % (IC95% [91,6 % . 99,4 %]) dont 94,1 % (IC95% [87,5 % . 97,8 %]) de réponse complète . • de l’incertitude sur les estimations de l’efficacité relative de ce traitement considérant l’absence de comparaison directe fournie, et de la faiblesse méthodologique des comparaisons indirectes réalisées, dans un contexte où une comparaison directe à une alternative disponible était possible . • du profil de tolérance marqué par une toxicité significative à court et à moyen terme . • des incertitudes sur l’efficacité clinique et la tolérance à plus long terme du fait du délai de suivi limité à près de 42 mois . la Commission considère que BREYANZI (lisocabtagene maraleucel), 1,1-70 x 106 cellules/mL / 1,1-70 x 106 cellules/mL, dispersion pour perfusion, n’apporte pas d’amélioration du service médical rendu (ASMR V) dans la prise en charge des patients adultes atteints de lymphome folliculaire (LF) réfractaire ou en rechute après au moins deux lignes de traitement systémique.","Avis de la Commission de la Transparence du 10/12/2025 - BREYANZI - Extension d'indication","CT-21377","https://www.has-sante.fr/jcms/p_3808974","2026-09-05","provisional-from-snippet","avis type: extension of indication; motif BDPM: Extension d'indication. SMR/ASMR and wording from the Base de données publique des médicaments extracts (CIS_HAS_SMR_bdpm.txt, CIS_HAS_ASMR_bdpm.txt), which quote the avis conclusions; full avis PDF on has-sante.fr not fetchable (403 to curl, WebFetch aborted). regulatory_approval_date is the initial EU MA date; the EU extension date was not retrieved here. population cible: not retrieved (full avis not accessible)"
"Yescarta","France","France","HAS-CT","LBCL_2L","Le service médical rendu par YESCARTA (axicabtagene ciloleucel) reste important dans l’indication de l’AMM.","2018-08-23","","2026-05-06","recommended","unknown","","SMR Important; ASMR III","","","","La Commission maintient une amélioration du service médical rendu modérée (ASMR III) de YESCARTA (axicabtagene ciloleucel), 0,4 – 2 x 108 cellules, dispersion pour perfusion, dans la prise en charge des patients adultes atteints de lymphome diffus à grandes cellules B (LDGCB) et de lymphome de haut grade à cellules B (LHGCB) ayant rechuté dans les 12 mois après la fin de la première ligne de chimio-immunothérapie, ou qui y sont réfractaires.","Avis de la Commission de la Transparence du 06/05/2026 - YESCARTA - Réévaluation suite à résultats étude post-inscript","CT-21445","https://www.has-sante.fr/jcms/p_4052286","2026-09-05","provisional-from-snippet","avis type: re-evaluation; motif BDPM: Réévaluation suite à résultats étude post-inscript. SMR/ASMR and wording from the Base de données publique des médicaments extracts (CIS_HAS_SMR_bdpm.txt, CIS_HAS_ASMR_bdpm.txt), which quote the avis conclusions; full avis PDF on has-sante.fr not fetchable (403 to curl, WebFetch aborted). regulatory_approval_date is the initial EU MA date; the EU extension date was not retrieved here. population cible: not retrieved (full avis not accessible)"
"Breyanzi","France","France","HAS-CT","LBCL_2L","Le service médical rendu par BREYANZI (lisocabtagene maraleucel) reste important dans l’indication de l’AMM.","2022-04-04","","2026-06-03","recommended","unknown","","SMR Important; ASMR III","","","","La Commission maintient une amélioration du service médical rendu modérée (ASMR III) de BREYANZI (lisocabtagene maraleucel), 1,1-70x10^6 cellules/mL / 1,1-70x10^6 cellules/mL, dispersion pour perfusion, dans la prise en charge des patients adultes atteints d’un lymphome diffus à grandes cellules B (LDGCB), d’un lymphome B de haut grade (LHGCB), d’un lymphome médiastinal primitif à grandes cellules B (LMPGCB) ou d’un lymphome folliculaire de grade 3B (LF3B) en rechute dans les 12 mois suivant la fin d’une immunochimiothérapie de première ligne ou réfractaire à ce traitement de première ligne.","Avis de la Commission de la Transparence du 03/06/2026 - BREYANZI - Réévaluation suite à résultats étude post-inscript","CT-21443","https://www.has-sante.fr/jcms/p_4052289","2026-09-05","provisional-from-snippet","avis type: re-evaluation; motif BDPM: Réévaluation suite à résultats étude post-inscript. SMR/ASMR and wording from the Base de données publique des médicaments extracts (CIS_HAS_SMR_bdpm.txt, CIS_HAS_ASMR_bdpm.txt), which quote the avis conclusions; full avis PDF on has-sante.fr not fetchable (403 to curl, WebFetch aborted). regulatory_approval_date is the initial EU MA date; the EU extension date was not retrieved here. population cible: not retrieved (full avis not accessible)"
"Zynteglo","France","France","HAS-CT","TDT_12plus","traitement des patients atteints de β-thalassémie dépendante des transfusions (TDT), âgés de 12 ans et plus, qui n’ont pas de génotype β0/β0, éligibles à une greffe de cellules souches hématopoïétiques (CSH), mais n’ayant pas de donneur apparenté HLA compatible disponible","2019-05-29","","2020-03-18","recommended-restricted","unknown","","SMR important (uniquement 12 à <35 ans); ASMR III","","","","Compte tenu : - des résultats, considérés comme cliniquement pertinents, démontrant l’efficacité de ZYNTEGLO en termes d’indépendance aux transfusions (critère de jugement principal), évaluée dans 3 études cliniques ouvertes, non comparatives, uniquement chez des patients âgés de plus de 12 ans à moins de 35 ans, mais, - de nombreuses incertitudes portant tout particulièrement : • sur le maintien de l’efficacité à moyen et long terme au regard du recul maximal de traitement par ZYNTEGLO limité à ce jour à 5 ans, pour un effectif de 3 patients seulement, • sur la tolérance au long cours de ZYNTEGLO, notamment au regard du risque potentiel de mutagénèse insertionnelle, la Commission considère que ZYNTEGLO (bétibéglogène autotemcel) apporte une amélioration du service médical rendu modérée (ASMR III) dans la prise en charge des patients âgés de plus de 12 ans à moins de 35 ans, atteints de β-thalassémie dépendante aux transfusions, non-β0/β0, pour lesquels une GCSH est indiquée mais ne disposant pas de donneur apparenté géno-identique.","Avis de la Commission de la Transparence du 18 mars 2020 - ZYNTEGLO (bétibéglogène autotemcel) - Inscription collectivités","CT-18061","https://web.archive.org/web/2/https://www.has-sante.fr/upload/docs/evamed/CT-18061_ZYNTEGLO_PIC_INS_AvisDef_CT18061_EPI659.pdf","2026-09-05","verified-from-source","avis type: initial inscription (collectivités). Full avis PDF read via Wayback Machine; date d'examen 22 janvier 2020, avis définitif 18 mars 2020. population cible: not stated as range-75 (estimée à un maximum de 75 patients; 3 à 5 patients/an). Not in BDPM; EU MA withdrawn 2022-03-24."
"Zynteglo","France","France","HAS-CT","TDT_35plus","indication de l’AMM chez les patients âgés de 35 ans et plus","2019-05-29","","2020-03-18","not-recommended","none","","SMR insuffisant; ASMR sans objet","","","","Insuffisant pour justifier d’une prise en charge par la solidarité nationale dans l’indication de l’AMM chez les patients âgés de 35 ans et plus.","Avis de la Commission de la Transparence du 18 mars 2020 - ZYNTEGLO (bétibéglogène autotemcel) - Inscription collectivités","CT-18061","https://web.archive.org/web/2/https://www.has-sante.fr/upload/docs/evamed/CT-18061_ZYNTEGLO_PIC_INS_AvisDef_CT18061_EPI659.pdf","2026-09-05","verified-from-source","SMR insuffisant sub-population of the same avis."
"Glybera","France","France","HAS-CT","LPLD_adult","GLYBERA est indiqué chez les patients adultes présentant un diagnostic de déficit familial en lipoprotéine lipase (LPL) et souffrant de crises de pancréatites sévères ou multiples malgré un régime pauvre en lipides","2012-10-25","","2015-11-04","not-recommended","none","","SMR insuffisant; ASMR sans objet","","","","le service médical rendu par GLYBERA est insuffisant pour justifier une prise en charge par la solidarité nationale.","Avis de la Commission de la Transparence du 4 novembre 2015 - GLYBERA (alipogène tiparvovec) - Inscription collectivités","CT-14224","https://web.archive.org/web/20220228045554/http://www.has-sante.fr/upload/docs/evamed/CT-14224_GLYBERA_PIC_INS_Avis3_CT14224.pdf","2026-09-05","verified-from-source","Full avis PDF read via Wayback Machine (avis 3). population cible: sans objet. Not in BDPM; EU MA withdrawn 2017-10-28."
"Roctavian","France","France","HAS-CT","HEMA_adult","hémophilie A sévère sans antécédent d'inhibiteur du facteur VIII (indication de l'AMM)","2022-08-24","","2023-09-06","recommended","unknown","","SMR/ASMR not retrieved (HAS page summary: avis favorable au remboursement dans l'indication de l'AMM)","","","","","ROCTAVIAN (valoctocogène roxaparvovec) - Hémophilie A - avis CT du 6 septembre 2023","","https://www.has-sante.fr/jcms/p_3461362/fr/roctavian-valoctocogene-roxaparvovec-hemophilie-a","2026-09-05","provisional-from-snippet","From WebSearch snippet of the HAS page only; SMR/ASMR levels, wording and population cible not retrieved (has-sante.fr blocked; not in BDPM, hence no BDPM extract). No JO inscription or accès précoce found."
"Abecma","France","France","ANSM (accès précoce)","MM_4L","Traitement des patients adultes atteints d’un myélome multiple en rechute et réfractaire ayant reçu au moins trois traitements antérieurs, incluant un agent immunomodulateur, un inhibiteur du protéasome et un anticorps anti-CD38, et dont la maladie a progressé pendant le dernier traitement, lorsque toutes les options thérapeutiques ont été épuisées, sur l’avis d’une réunion de concertation pluridisciplinaire (RCP).","2021-08-18","","2021-12-02","recommended-managed-access","managed-access-agreement","autorisation d'accès précoce (AAP)","","","","","","ANSM - Liste des spécialités en accès dérogatoire - Abecma","","https://ansm.sante.fr/tableau-atu-rtu/abecma-260-500-x-106-cellules-dispersion-pour-perfusion","2026-09-05","verified-from-source","AAP octroyée le 02/12/2021, renouvelée le 09/02/2023 et le 21/02/2024, arrêtée le 14/11/2024 (ANSM page). JO arrêté du 12 novembre 2024 (JORFTEXT000050490978) ends the prise en charge précoce. End of coverage: 2024-11-14."
"Abecma","France","France","ANSM (accès précoce)","MM_4L","ATU de cohorte dans le même périmètre d'indication (myélome multiple en rechute et réfractaire, au moins trois traitements antérieurs)","2021-08-18","","2021-04-29","recommended-managed-access","managed-access-agreement","ATU de cohorte","","","","","","Avis CT-19358 ABECMA, informations administratives: ATU de cohorte octroyée le 29/04/2021","","https://web.archive.org/web/20230626064416/http://www.has-sante.fr/upload/docs/evamed/CT-19358_ABECMA_PIC_INS_AvisDef_CT19358.pdf","2026-09-05","verified-from-source","Pre-2021 ATU de cohorte granted by ANSM, quoted in the HAS avis of 15/12/2021."
"Abecma","France","France","ANSM (accès précoce)","MM_3L","Traitement des patients adultes atteints d’un myélome multiple en rechute et réfractaire ayant reçu au moins deux traitements antérieurs, incluant un agent immunomodulateur, un inhibiteur du protéasome et un anticorps anti-CD38, et dont la maladie a progressé pendant le dernier traitement.","2021-08-18","","2024-07-25","recommended-managed-access","managed-access-agreement","autorisation d'accès précoce (AAP)","","","","","","ANSM - Liste des spécialités en accès dérogatoire - Abecma; HAS décision n° 2024.0222/DC/SEM du 25 juillet 2024","","https://ansm.sante.fr/tableau-atu-rtu/abecma-260-500-x-106-cellules-dispersion-pour-perfusion","2026-09-05","verified-from-source","AAP octroyée le 25/07/2024 (HAS decision 2024.0222/DC/SEM cited in JO arrêté of 12/11/2024), arrêtée le 15/11/2024; HAS retrait decision 2024.0269/DC/SEM of 10/10/2024. End of coverage: 2024-11-15."
"Breyanzi","France","France","ANSM (accès précoce)","LBCL_2L","Traitement des patients adultes atteints d’un lymphome diffus à grandes cellules B (LDGCB), d’un lymphome de haut grade à cellules B (LHGCB) ou d’un lymphome médiastinal primitif à grandes cellules B (LMPGCB), réfractaires ou en rechute dans les 12 mois suivant un traitement de première ligne et éligibles à une autogreffe de cellules souches hématopoïétiques (CSH)","2022-04-04","","","recommended-managed-access","managed-access-agreement","autorisation d'accès précoce (AAP)","","","","","","ANSM - Liste des spécialités en accès dérogatoire - Breyanzi","","https://ansm.sante.fr/tableau-atu-rtu/breyanzi","2026-09-05","verified-from-source","Grant date not shown on the ANSM page (only 'renouvelée le 07/09/2023'); decision_date left blank. End of coverage: 2024-07-13."
"Breyanzi","France","France","ANSM (accès précoce)","LBCL_2L","Traitement des patients adultes atteints d’un lymphome folliculaire de grade 3B (LF3B) et éligibles à une stratégie d’autogreffe de CSH et des patients atteints de LDGCB, LHGCB, LMPGCB ou LF3B et non éligibles à une stratégie d’autogreffe de CSH, réfractaires ou en rechute dans les 12 mois suivant un traitement de première ligne","2022-04-04","","2023-09-07","recommended-managed-access","managed-access-agreement","autorisation d'accès précoce (AAP)","","","","","","ANSM - Liste des spécialités en accès dérogatoire - Breyanzi","","https://ansm.sante.fr/tableau-atu-rtu/breyanzi","2026-09-05","verified-from-source","AAP octroyée le 07/09/2023. End of coverage: 2024-07-13."
"Casgevy","France","France","ANSM (accès précoce)","TDT_12plus","Traitement de la ß thalassémie dépendante des transfusions (TDT) chez les patients âgés de 12 ans à 35 ans éligibles à une greffe de cellules souches hématopoïétiques (CSH) et pour lesquels un donneur apparenté HLA (antigène leucocytaire humain) compatible n’est pas disponible.","2024-02-09","","2024-01-18","recommended-managed-access","managed-access-agreement","autorisation d'accès précoce (AAP)","","","","","","ANSM - Liste des spécialités en accès dérogatoire - Casgevy; HAS décision n° 2024.0015/DC/SEM du 18 janvier 2024","","https://ansm.sante.fr/tableau-atu-rtu/casgevy","2026-09-05","verified-from-source","AAP (pré-AMM then post-AMM) octroyée le 18/01/2024; HAS retrait decision 2024.0348/DC/SEM du 12 décembre 2024. End of coverage: 2024-12-12."
"Casgevy","France","France","ANSM (accès précoce)","SCD_VOC_12plus","Traitement de la drépanocytose sévère uniquement chez les patients âgés de 12 à 35 ans présentant des crises vaso occlusives récurrentes (CVO) malgré un traitement bien conduit par hydroxycarbamide éligibles à une greffe de cellules souches hématopoïétiques (CSH) et pour lesquels un donneur apparenté HLA compatible n'est pas disponible et dont la sévérité de la maladie est établie par : la mise en place d'un programme transfusionnel depuis au moins 6 mois pour épisodes vaso-occlusifs récurrents (population pédiatrique et adulte), ET/OU, pour la population adulte seulement, la persistance d'épisodes vaso-occlusifs récurrents ayant nécessité une hospitalisation conventionnelle dans l'année (≥ 2 épisodes/an ou ≥ 1 épisode/an ayant nécessité une transfusion).","2024-02-09","","2024-07-11","recommended-managed-access","managed-access-agreement","autorisation d'accès précoce (AAP)","","","","","","ANSM - Liste des spécialités en accès dérogatoire - Casgevy; HAS décision n° 2024.0187/DC/SEM du 11 juillet 2024","","https://ansm.sante.fr/tableau-atu-rtu/casgevy","2026-09-05","verified-from-source","AAP octroyée le 11/07/2024. End of coverage: 2024-11-20."
"Ebvallo","France","France","ANSM (accès précoce)","PTLD_EBV_2L","En monothérapie dans le traitement de patients adultes et pédiatriques âgés de 2 ans et plus atteints d’une maladie lymphoproliférative post-transplantation et positive au virus d’Epstein-Barr (EBV) récidivante ou réfractaire (LPT EBV+) qui ont reçu au moins un traitement antérieur.","2022-12-16","","2023-06-01","recommended-managed-access","managed-access-agreement","autorisation d'accès précoce (AAP)","","","","","","ANSM - Liste des spécialités en accès dérogatoire - Ebvallo","","https://ansm.sante.fr/tableau-atu-rtu/ebvallo","2026-09-05","verified-from-source","AAP octroyée le 01/06/2023, renouvelée le 11 juillet 2024, arrêtée le 05/07/2025. Prior accès compassionnel ended 22/06/2023. End of coverage: 2025-07-05."
"Kebilidi / Upstaza","France","France","ANSM (accès précoce)","AADC","Traitement de patients âgés de 18 mois et plus présentant un diagnostic clinique, moléculaire et génétiquement confirmé de déficit en décarboxylase d’acide L-aminé aromatique (AADC) associé à un phénotype sévère.","2022-07-18","","2022-12-15","recommended-managed-access","managed-access-agreement","autorisation d'accès précoce (AAP)","","","","","","ANSM - Liste des spécialités en accès dérogatoire - Upstaza","","https://ansm.sante.fr/tableau-atu-rtu/upstaza","2026-09-05","verified-from-source","AAP post-AMM octroyée le 15/12/2022, renouvelée le 14/12/2023, le 24/12/2024 et le 22/01/2026; still 'en cours' on 2026-09-05. Earlier ATU nominative / accès compassionnel from 04/12/2020, ended 01/01/2023. No JO inscription found (BDPM: présentation non agréée aux collectivités)."
"Kymriah","France","France","ANSM (accès précoce)","FL_3L","Traitement des patients adultes présentant un lymphome folliculaire après au moins deux lignes de traitement qui présentent une maladie réfractaire ou en rechute pendant ou dans les 6 mois qui suivent la fin de leur traitement d’entretien ou en rechute après une autogreffe de cellules souches hématopoïétiques, uniquement lorsque toutes les options thérapeutiques ont été épuisées sur l’avis d’une RCP","2018-08-23","","2021-06-28","recommended-managed-access","managed-access-agreement","ATU de cohorte then AAP","","","","","","Arrêté du 6 octobre 2021 relatif à la prise en charge d'une spécialité pharmaceutique bénéficiant d'une ATU (NOR SSAS2128533A); ANSM page Kymriah","","https://www.legifrance.gouv.fr/jorf/id/JORFTEXT000044229326","2026-09-05","verified-from-source","ATU de cohorte octroyée par l'ANSM le 28 juin 2021 (JO arrêté), converted to AAP; AAP renouvelée le 06/07/2023, fin d'AAP le 15/09/2024 (ANSM page https://ansm.sante.fr/tableau-atu-rtu/kymriah-1-2-x-106-6-x-108-cellules-dispersion-pour-perfusion). End of coverage: 2024-09-15."
"Kymriah","France","France","ANSM (accès précoce)","ALL_ped","ATU nominative / accès compassionnel (2018 indications)","2018-08-23","","","recommended-managed-access","managed-access-agreement","ATU nominative","","","","","","ANSM - Liste des spécialités en accès dérogatoire - Kymriah","","https://ansm.sante.fr/tableau-atu-rtu/kymriah-1-2-x-106-6-x-108-cellules-dispersion-pour-perfusion","2026-09-05","provisional-from-snippet","ANSM page shows only 'Fin des AAC le 24/03/2019'; grant date of the 2018 ATU not shown, decision_date blank. End of coverage: 2019-03-24."
"Yescarta","France","France","ANSM (accès précoce)","FL_4L","Traitement des patients adultes atteints de lymphome folliculaire en rechute ou réfractaire, après au moins trois lignes de traitement systémique.","2018-08-23","","2022-04-14","recommended-managed-access","managed-access-agreement","autorisation d'accès précoce (AAP)","","","","","","ANSM - Liste des spécialités en accès dérogatoire - Yescarta","","https://ansm.sante.fr/tableau-atu-rtu/yescarta-0-4-2-x-108-cellules-dispersion-pour-perfusion","2026-09-05","verified-from-source","AAP octroyée le 14/04/2022, renouvelée le 06/04/2023, fin d'AAP le 24/04/2024. End of coverage: 2024-04-24."
"Yescarta","France","France","ANSM (accès précoce)","LBCL_2L","Traitement des patients adultes atteints de lymphome diffus à grandes cellules B (LDGCB), réfractaires ou en rechute dans les 12 mois après la fin d’un traitement de première ligne et éligibles à une chimiothérapie de rattrapage suivie d’une chimiothérapie d’intensification en vue d’une autogreffe de CSH","2018-08-23","","","recommended-managed-access","managed-access-agreement","autorisation d'accès précoce (AAP)","","","","","","ANSM - Liste des spécialités en accès dérogatoire - Yescarta","","https://ansm.sante.fr/tableau-atu-rtu/yescarta-0-4-2-x-108-cellules-dispersion-pour-perfusion","2026-09-05","verified-from-source","Grant date not shown (only 'renouvelée le 20/07/2023'); decision_date blank. End of coverage: 2024-04-24."
"Yescarta","France","France","ANSM (accès précoce)","LBCL_2L","Traitement des patients adultes atteints de lymphome de haut grade à cellules B (LHGCB) éligibles à une stratégie d’autogreffe de CSH, et les patients atteints de LDGCB et LHGCB et non éligibles à une stratégie d’autogreffe de CSH, ayant rechuté dans les 12 mois après la fin de la première ligne de chimio-immunothérapie, ou qui y sont réfractaires.","2018-08-23","","","recommended-managed-access","managed-access-agreement","autorisation d'accès précoce (AAP)","","","","","","ANSM - Liste des spécialités en accès dérogatoire - Yescarta","","https://ansm.sante.fr/tableau-atu-rtu/yescarta-0-4-2-x-108-cellules-dispersion-pour-perfusion","2026-09-05","verified-from-source","Grant date not shown (only 'renouvelée le 18/03/2024'); decision_date blank. End of coverage: 2024-04-24."
"Tecartus","France","France","ANSM (accès précoce)","ALL_adult_3L","Traitement des patients adultes âgés de 26 ans et plus atteints de leucémie aiguë lymphoblastique (LAL) de la lignée B réfractaire ou en rechute en dernier recours : Phi+ après au moins deux lignes de traitement; Phi- après au moins deux lignes de traitement et en échec ou non éligibles au blinatumomab et à l’inotuzumab.","2020-12-14","","","recommended-managed-access","managed-access-agreement","autorisation d'accès précoce (AAP)","","","","","","ANSM - Liste des spécialités en accès dérogatoire - Tecartus","","https://ansm.sante.fr/tableau-atu-rtu/tecartus-0-4-2-x-108-cellules-dispersion-pour-perfusion","2026-09-05","verified-from-source","Grant date not shown (only 'renouvelée le 21/12/2023'); decision_date blank. ATU nominative (MCL) ended 31/03/2021; accès compassionnel KTE-X19 ended 03/03/2023. End of coverage: 2024-07-05."
"Vyjuvek","France","France","ANSM (accès précoce)","DEB_6m","Traitement des plaies des patients âgés de 6 mois et plus atteints d'épidermolyse bulleuse dystrophique (EBD) avec mutation(s) du gène de la chaîne alpha 1 du collagène de type VII (COL7A1).","2025-04-23","","2024-09-12","recommended-managed-access","managed-access-agreement","autorisation d'accès précoce (AAP)","","","","","","ANSM - Liste des spécialités en accès dérogatoire - Vyjuvek","","https://ansm.sante.fr/tableau-atu-rtu/vyjuvek","2026-09-05","verified-from-source","Pre-AMM AAP octroyée le 12/09/2024, renouvelée le 01/09/2025, arrêtée le 02/10/2025. End of coverage: 2025-10-02."
"Vyjuvek","France","France","ANSM (accès précoce)","DEB","Traitement des plaies chez les patients atteints d’épidermolyse bulleuse dystrophique (EBD) présentant une ou plusieurs mutations du gène COL7A1, dès la naissance.","2025-04-23","","2025-10-02","recommended-managed-access","managed-access-agreement","autorisation d'accès précoce (AAP)","","","","","","ANSM - Liste des spécialités en accès dérogatoire - Vyjuvek; HAS décision du 2 octobre 2025 portant autorisation d'accès précoce","","https://ansm.sante.fr/tableau-atu-rtu/vyjuvek","2026-09-05","verified-from-source","AAP post-AMM octroyée le 02/10/2025, en cours. BDPM: inscription sur la liste de rétrocession, prix de cession publié au JO (arrêté not located)."
"Zolgensma","France","France","ANSM (accès précoce)","SMA_type1","patients pesant moins de 21 kg avec un diagnostic clinique de SMA de type 1 ou SMA avec mutation bi-allélique SMN1 et jusqu'à 3 copies SMN2 (périmètre ATUc)","2020-05-18","2020-05-25","2020-05-15","recommended-managed-access","managed-access-agreement","ATU de cohorte","","","","","","ANSM - Liste des spécialités en accès dérogatoire - Zolgensma","","https://ansm.sante.fr/tableau-atu-rtu/zolgensma-2-x-1013-genomes-de-vecteur-ml-solution-pour-perfusion","2026-09-05","verified-from-source","ATUc du 15/05/2020, début le 25/05/2020, arrêt d'ATUc le 18/05/2021 (ANSM page). Indication wording from Institut de Myologie summary (snippet), not from the ANSM page. End of coverage: 2021-05-18."
"Luxturna","France","France","ANSM (accès précoce)","RPE65","traitement des patients d’âge ≤ 20 ans, présentant une perte visuelle due à une dystrophie rétinienne héréditaire résultant de mutations bi-alléliques confirmées du gène RPE65","2018-11-22","","2018-10-19","recommended-managed-access","managed-access-agreement","ATU de cohorte","","","","","","Avis CT-17535 LUXTURNA: ATU de cohorte octroyée par l’ANSM le 19 octobre 2018","","https://web.archive.org/web/20191112230609/https://www.has-sante.fr/upload/docs/evamed/CT-17535_LUXTURNA_PIC_INS_Avis2_CT17535.pdf","2026-09-05","verified-from-source","Quoted in the HAS avis of 03/04/2019."
"Carvykti","France","France","ANSM (accès précoce)","MM_4L","Traitement des patients adultes atteints d’un myélome multiple en rechute et réfractaire, ayant reçu au moins 3 traitements antérieurs incluant un agent immunomodulateur, un inhibiteur du protéasome et un anticorps anti-CD38 et dont la maladie a progressé pendant le dernier traitement, uniquement lorsque toutes les options thérapeutiques ont été épuisées, sur l'avis d'une RCP","2022-05-25","","2022-06-23","recommended-managed-access","managed-access-agreement","autorisation d'accès précoce (AAP)","","","","","","HAS Décision n°2022.0211/DC/SEM du 23 juin 2022 portant autorisation d’accès précoce de la spécialité CARVYKTI","","https://www.has-sante.fr/jcms/p_3348761/fr/","2026-09-05","provisional-from-snippet","Grant date from WebSearch snippet of HAS page title. Terminated by Arrêté du 23 mai 2023 (JORFTEXT000047602771, verified): 'le retrait par le laboratoire JANSSEN-CILAG de sa demande d'inscription' on 31 mars 2023; 3-month continuity. ANSM tableau-atu-rtu page for Carvykti not located. End of coverage: 2023-05-23."
"Hemgenix","France","France","JO (inscription)","HEMB_adult","traitement de l'hémophilie B (déficit congénital en facteur IX) sévère et modérément sévère chez les patients adultes sans antécédents d'inhibiteurs du facteur IX","2023-02-20","","2023-12-05","recommended-managed-access","other","accès direct (art. 62 LFSS 2022), prise en charge d'une durée maximale d'un an","","","","","","Arrêté du 5 décembre 2023 relatif à la prise en charge par l'assurance maladie de spécialités pharmaceutiques au titre du dispositif d'accès direct (NOR SPRS2333451A, JO 12/12/2023)","JORFTEXT000048551003","https://www.legifrance.gouv.fr/jorf/id/JORFTEXT000048551003","2026-09-05","verified-from-source","Coverage stopped by Arrêté du 17 octobre 2024 (JORFTEXT000050385415, snippet only). BDPM: présentation non agréée aux collectivités, prix libre; no liste en sus / collectivités inscription found."
"Yescarta","France","France","JO (inscription)","LBCL_3L","traitement des patients adultes atteints de lymphome diffus à grandes cellules B (LDGCB) et de lymphome médiastinal primitif à grandes cellules B (LMPGCB) réfractaire ou en rechute","2018-08-23","","2019-07-08","recommended","none","inscription liste en sus","","","","","","Arrêté du 8 juillet 2019 modifiant la liste des spécialités pharmaceutiques prises en charge en sus des prestations d'hospitalisation (NOR SSAS1902345A, JO 13/07/2019)","JORFTEXT000038757767","https://www.legifrance.gouv.fr/jorf/id/JORFTEXT000038757767","2026-09-05","verified-from-source","UCD 3400894404569. Companion arrêté collectivités of the same date: JORFTEXT000038757759 (snippet). Arrêtés of 30/04/2019 and 08/07/2019 subordinate coverage to data collection (JORFTEXT000038438805, JORFTEXT000038757777)."
"Yescarta","France","France","JO (inscription)","LBCL_2L","traitement des patients adultes atteints de LDGCB et de lymphome de haut grade à cellules B (LHGCB) ayant rechuté dans les 12 mois après la fin de la première ligne de chimio-immunothérapie, ou qui y sont réfractaires; and FL réfractaire ou en rechute après au moins trois lignes","2018-08-23","","2024-04-11","recommended","none","extension d'indication liste en sus","","","","","","Arrêté du 11 avril 2024 modifiant la liste des spécialités pharmaceutiques prises en charge en sus (NOR TSSS2410472A, JO 23/04/2024)","JORFTEXT000049453692","https://www.legifrance.gouv.fr/jorf/id/JORFTEXT000049453692","2026-09-05","verified-from-source","Extension d'indication covering both LBCL_2L and FL_4L. Companion arrêté collectivités 18/04/2024: JORFTEXT000049453740 (snippet)."
"Kymriah","France","France","JO (inscription)","ALL_ped","enfants et jeunes adultes jusqu'à 25 ans atteints de LAL à cellules B réfractaire, en rechute après greffe ou après la deuxième rechute ou plus; and LDGCB en rechute ou réfractaire après deux lignes ou plus","2018-08-23","","2019-12-20","recommended","none","inscription liste en sus","","","","","","Arrêté du 20 décembre 2019 modifiant la liste des spécialités pharmaceutiques prises en charge en sus (NOR SSAS1937049A, JO 26/12/2019)","JORFTEXT000039667265","https://www.legifrance.gouv.fr/jorf/id/JORFTEXT000039667265","2026-09-05","verified-from-source","UCD 3400894399384; covers ALL_ped and LBCL_3L. Arrêté collectivités du 17 décembre 2019: JORFTEXT000039667217 (snippet). Data-collection arrêté 20/12/2019: JORFTEXT000039667256."
"Kymriah","France","France","JO (inscription)","FL_3L","traitement des patients adultes présentant un lymphome folliculaire après au moins deux lignes de traitement qui présentent une maladie réfractaire, ou en rechute pendant ou dans les 6 mois qui suivent la fin de leur traitement d'entretien, ou en rechute après une autogreffe de cellules souches hématopoïétiques","2018-08-23","","2023-09-12","recommended","none","extension d'indication liste en sus","","","","","","Arrêté du 12 septembre 2023 modifiant la liste des spécialités pharmaceutiques prises en charge en sus (NOR SPRS2324546A, JO 14/09/2023)","JORFTEXT000048068093","https://www.legifrance.gouv.fr/jorf/id/JORFTEXT000048068093","2026-09-05","verified-from-source","Companion arrêté collectivités du 12 septembre 2023: JORFTEXT000048068081 (snippet). An arrêté collectivités du 7 février 2023 (JORFTEXT000047716292) also mentions KYMRIAH (content not read)."
"Luxturna","France","France","JO (inscription)","RPE65","traitement des patients adultes et des enfants présentant une perte visuelle due à une dystrophie rétinienne héréditaire résultant de mutations bi-alléliques du gène RPE65","2018-11-22","","2021-08-04","recommended","none","inscription liste en sus","","","","","","Arrêté du 4 août 2021 modifiant la liste des spécialités pharmaceutiques prises en charge en sus (NOR SSAS2121645A, JO 06/08/2021)","JORFTEXT000043909970","https://www.legifrance.gouv.fr/jorf/id/JORFTEXT000043909970","2026-09-05","verified-from-source","UCD 3400894437857. Arrêté collectivités du 30 juillet 2021: JORFTEXT000043909958 (snippet)."
"Abecma","France","France","JO (inscription)","MM_4L","traitement des patients adultes atteints d'un myélome multiple en rechute et réfractaire ayant reçu au moins trois traitements antérieurs","2021-08-18","","2024-11-05","recommended","none","inscription liste en sus","","","","","","Arrêté du 5 novembre 2024 modifiant la liste des spécialités pharmaceutiques prises en charge en sus (NOR MSAS2429884A, JO 13/11/2024)","JORFTEXT000050489128","https://www.legifrance.gouv.fr/jorf/id/JORFTEXT000050489128","2026-09-05","verified-from-source","UCD 3400890012645. Inscription came about three years after the CT avis of 15/12/2021 (ASMR V) and after the re-evaluation of 21/06/2023 (ASMR IV)."
"Abecma","France","France","JO (inscription)","MM_3L","traitement des patients adultes atteints d'un myélome multiple en rechute et réfractaire ayant reçu au moins deux traitements antérieurs, incluant un agent immunomodulateur (IMID), un inhibiteur du protéasome (IP) et un anticorps anti-CD38, et dont la maladie a progressé pendant le dernier traitement","2021-08-18","","2025-12-05","recommended","none","extension d'indication liste en sus","","","","","","Arrêté du 5 décembre 2025 modifiant la liste des spécialités pharmaceutiques prises en charge en sus (NOR SFHS2532706A, JO 09/12/2025)","JORFTEXT000053000804","https://www.legifrance.gouv.fr/jorf/id/JORFTEXT000053000804","2026-09-05","verified-from-source","Extension d'indication."
"Breyanzi","France","France","JO (inscription)","LBCL_2L","traitement des patients adultes atteints d'un LDGCB, d'un LHGCB, d'un LMPGCB ou d'un lymphome folliculaire de grade 3B (LF3B) en rechute dans les 12 mois suivant la fin d'une immunochimiothérapie de première ligne ou réfractaire à ce traitement de première ligne","2022-04-04","","2024-07-08","recommended","none","inscription liste en sus","","","","","","Arrêté du 8 juillet 2024 modifiant la liste des spécialités pharmaceutiques prises en charge en sus (NOR TSSS2419141A, JO 11/07/2024)","JORFTEXT000049938593","https://www.legifrance.gouv.fr/jorf/id/JORFTEXT000049938593","2026-09-05","verified-from-source","UCD 3400890024518. Arrêté collectivités du 5 juillet 2024: JORFTEXT000049950306 (snippet: use limited to qualified centres)."
"Tecartus","France","France","JO (inscription)","MCL_3L","lymphome à cellules du manteau (LCM) réfractaire ou en rechute après au moins deux lignes de traitement systémique dont un traitement par un inhibiteur de tyrosine kinase de Bruton (BTK)","2020-12-14","","2022-08-03","recommended","none","inscription liste en sus","","","","","","Arrêté du 3 août 2022 modifiant la liste des spécialités pharmaceutiques prises en charge en sus (NOR SPRS2222834A, JO 09/08/2022)","JORFTEXT000046160974","https://www.legifrance.gouv.fr/jorf/id/JORFTEXT000046160974","2026-09-05","verified-from-source","UCD 3400890008044. Arrêté collectivités du 2 août 2022: JORFTEXT000046160963 (snippet). Data-collection arrêté 27/09/2021: JORFTEXT000044137993."
"Tecartus","France","France","JO (inscription)","ALL_adult_3L","patients adultes âgés de 26 ans et plus atteints de LAL à précurseurs B réfractaire ou en rechute, chromosome Philadelphie négatif, après au moins deux lignes de traitement antérieures","2020-12-14","","2024-07-08","recommended","none","extension d'indication liste en sus","","","","","","Arrêté du 8 juillet 2024 modifiant la liste des spécialités pharmaceutiques prises en charge en sus (NOR TSSS2419143A, JO 09/07/2024)","JORFTEXT000049908644","https://www.legifrance.gouv.fr/jorf/id/JORFTEXT000049908644","2026-09-05","verified-from-source","Extension d'indication. Arrêté collectivités du 1er juillet 2024: JORFTEXT000049870913 (snippet). Arrêtés of 20/07/2026 (JORFTEXT000054451052 collectivités; JORFTEXT000054451035 remboursables) also list TECARTUS (content not read)."
"Ebvallo","France","France","JO (inscription)","PTLD_EBV_2L","en monothérapie dans le traitement des patients adultes et pédiatriques âgés de 2 ans et plus atteints d'une maladie lymphoproliférative post-transplantation et positive au virus d'Epstein-Barr","2022-12-16","","2025-06-02","recommended","none","inscription liste en sus","","","","","","Arrêté du 2 juin 2025 modifiant la liste des spécialités pharmaceutiques prises en charge en sus (NOR TSSS2516265A, JO 04/07/2025)","JORFTEXT000051843966","https://www.legifrance.gouv.fr/jorf/id/JORFTEXT000051843966","2026-09-05","verified-from-source","UCD 3400890030885."
"Vyjuvek","France","France","JO (inscription)","DEB","","2025-04-23","","","recommended","none","inscription liste de rétrocession","","","","","","Inscription sur la liste de rétrocession, prix de cession publié au Journal Officiel (BDPM extrait)","","","2026-09-05","provisional-from-snippet","BDPM extrait (specid 64181296) states 'Inscription sur la liste de rétrocession au titre de son AMM ... Prix de cession publié au Journal Officiel'; the arrêté and its date were not located on Legifrance (search returned only a CNIL decision)."
"Carvykti","France","France","JO (inscription)","MM_2L","","2022-05-25","","","not-found","none","","","","","","","No Journal Officiel inscription arrêté located","","","2026-09-05","not-found","No inscription arrêté found on Legifrance (searches 'carvykti' and 'ciltacabtagene' return only the 23/05/2023 arrêt de prise en charge précoce). BDPM: 'Pas de présentation à afficher', non commercialisée. CT avis of 16/07/2025 (ASMR III) suggests a pending inscription/price negotiation."
"Zolgensma","France","France","JO (inscription)","SMA_5q","","2020-05-18","","","not-found","none","","","","","","","No Journal Officiel inscription arrêté located","","","2026-09-05","not-found","Legifrance search 'zolgensma' returned 0 results; BDPM: all presentations 'non agréée aux collectivités, prix libre, médicament non remboursable'. Funding after the ATUc appears to run through post-ATU/accès précoce continuity rather than a JO inscription; not verified here."
"Lenmeldy / Libmeldy","France","France","JO (inscription)","MLD_early","","2020-12-17","","","not-found","none","","","","","","","No Journal Officiel inscription arrêté located","","","2026-09-05","not-found","Legifrance search 'libmeldy' returned 0 results; BDPM: présentation non agréée aux collectivités, prix libre. Arrêté du 21 octobre 2021 limiting use to certain centres exists (HAS avis n° 2021.0074/DC/SEM). No inscription arrêté found."
"Casgevy","France","France","JO (inscription)","SCD_VOC_12plus","","2024-02-09","","","not-found","none","","","","","","","No Journal Officiel inscription arrêté located","","","2026-09-05","not-found","Legifrance search 'casgevy' returned 0 results; BDPM: présentation non agréée aux collectivités, prix libre. Accès précoce ended Nov/Dec 2024; no inscription arrêté found."
"Kebilidi / Upstaza","France","France","JO (inscription)","AADC","","2022-07-18","","","not-found","none","","","","","","","No Journal Officiel inscription arrêté located","","","2026-09-05","not-found","BDPM: présentation non agréée aux collectivités, prix libre; AAP post-AMM still ongoing (2026). Only the Arrêté du 17 novembre 2020 restricting use to certain establishments found (JORFTEXT000042539261)."
"Alofisel","France","France","JO (inscription)","CROHN_FISTULA","","2018-03-23","","","not-found","none","","","","","","","No Journal Officiel inscription arrêté located","","","2026-09-05","not-found","BDPM: présentation non agréée aux collectivités, prix libre, arrêt de commercialisation 13/12/2024; EU MA withdrawn 2024-12-13. No inscription arrêté found."
"Zynteglo","France","France","JO (inscription)","TDT_12plus","","2019-05-29","","","not-found","none","","","","","","","No Journal Officiel inscription arrêté located","","","2026-09-05","not-found","No JO inscription; bluebird bio withdrew from the EU market (EU MA withdrawn 2022-03-24). Not in BDPM."
"Kymriah","France","France","CEPS (price)","ALL_ped","","2018-08-23","","2019-12-26","recommended","confidential-discount","tarif de responsabilité HT par UCD = prix limite de vente HT aux établissements; conventional (CEPS) net price confidential","","297666","EUR","tarif de responsabilité","","Avis relatif aux prix de spécialités pharmaceutiques publiés en application de l'article L. 162-16-6 du code de la sécurité sociale (JO 26/12/2019)","JORFTEXT000039668553","https://www.legifrance.gouv.fr/jorf/id/JORFTEXT000039668553","2026-09-05","verified-from-source","UCD 34008 943 993 8 4 KYMRIAH 1,2MN-600MN CELLU POC, NOVARTIS PHARMA SAS: 297 666,000 / 297 666,000 (tarif de responsabilité HT; prix limite de vente HT). Applies to ALL_ped and LBCL_3L."
"Kymriah","France","France","CEPS (price)","FL_3L","","2018-08-23","","2023-09-14","recommended","confidential-discount","tarif de responsabilité HT par UCD = prix limite de vente HT aux établissements; conventional (CEPS) net price confidential","","251750","EUR","tarif de responsabilité","","Avis relatif aux prix de spécialités pharmaceutiques publiés en application de l'article L. 162-16-6 du code de la sécurité sociale (JO 14/09/2023)","JORFTEXT000048068436","https://www.legifrance.gouv.fr/jorf/id/JORFTEXT000048068436","2026-09-05","verified-from-source","UCD 34008 943 993 8 4: 251 750,00 / 251 750,00 (price revised at the FL extension). A further avis modifiant of Sept 2023 (JORFTEXT000048080346) and an avis of 2024 (JORFTEXT000053170369) also list KYMRIAH; amounts not read."
"Yescarta","France","France","CEPS (price)","LBCL_3L","","2018-08-23","","2019-07-13","recommended","confidential-discount","tarif de responsabilité HT par UCD = prix limite de vente HT aux établissements; conventional (CEPS) net price confidential","","327000","EUR","tarif de responsabilité","","Avis relatif aux prix de spécialités pharmaceutiques publiés en application de l'article L. 162-16-6 du code de la sécurité sociale (JO 13/07/2019)","JORFTEXT000038758420","https://www.legifrance.gouv.fr/jorf/id/JORFTEXT000038758420","2026-09-05","verified-from-source","UCD 34008 944 045 6 9 YESCARTA 0,4-2X100MN CELL POC, GILEAD SCIENCES: 327 000,000 / 327 000,000."
"Yescarta","France","France","CEPS (price)","LBCL_2L","","2018-08-23","","2024-04-10","recommended","confidential-discount","tarif de responsabilité HT par UCD = prix limite de vente HT aux établissements; conventional (CEPS) net price confidential","","299500","EUR","tarif de responsabilité","","Avis relatif aux prix de spécialités pharmaceutiques publiés en application de l'article L. 162-16-6 du code de la sécurité sociale (JO 10/04/2024)","JORFTEXT000049394210","https://www.legifrance.gouv.fr/jorf/id/JORFTEXT000049394210","2026-09-05","provisional-from-snippet","Amount from Legifrance search snippet only (299 500,000)."
"Yescarta","France","France","CEPS (price)","LBCL_2L","","2018-08-23","","2024-10-29","recommended","confidential-discount","tarif de responsabilité HT par UCD = prix limite de vente HT aux établissements; conventional (CEPS) net price confidential","","272000","EUR","tarif de responsabilité","","Avis relatif aux prix de spécialités pharmaceutiques publiés en application de l'article L. 162-16-6 du code de la sécurité sociale (JO 29/10/2024)","JORFTEXT000050403731","https://www.legifrance.gouv.fr/jorf/id/JORFTEXT000050403731","2026-09-05","provisional-from-snippet","Amount from Legifrance search snippet only (272 000,000)."
"Yescarta","France","France","CEPS (price)","LBCL_2L","","2018-08-23","","2026-02-20","recommended","confidential-discount","tarif de responsabilité HT par UCD = prix limite de vente HT aux établissements; conventional (CEPS) net price confidential","","244800","EUR","tarif de responsabilité","","Avis relatif aux prix de spécialités pharmaceutiques publiés en application de l'article L. 162-16-6 du code de la sécurité sociale (JO 20/02/2026)","JORFTEXT000053510794","https://www.legifrance.gouv.fr/jorf/id/JORFTEXT000053510794","2026-09-05","provisional-from-snippet","Amount from Legifrance search snippet only (244 800,000)."
"Tecartus","France","France","CEPS (price)","MCL_3L","","2020-12-14","","2022-08-09","recommended","confidential-discount","tarif de responsabilité HT par UCD = prix limite de vente HT aux établissements; conventional (CEPS) net price confidential","","360000","EUR","tarif de responsabilité","","Avis relatif aux prix de spécialités pharmaceutiques publiés en application de l'article L. 162-16-6 du code de la sécurité sociale (JO 09/08/2022)","JORFTEXT000046161266","https://www.legifrance.gouv.fr/jorf/id/JORFTEXT000046161266","2026-09-05","verified-from-source","UCD 34008 900 080 4 4 TECARTUS 0,4-2X100MN CELL POC, GILEAD SCIENCES: 360 000,000 / 360 000,000."
"Tecartus","France","France","CEPS (price)","ALL_adult_3L","","2020-12-14","","2024-07-04","recommended","confidential-discount","tarif de responsabilité HT par UCD = prix limite de vente HT aux établissements; conventional (CEPS) net price confidential","","271000","EUR","tarif de responsabilité","","Avis relatif aux prix de spécialités pharmaceutiques publiés en application de l'article L. 162-16-6 du code de la sécurité sociale (JO 04/07/2024)","JORFTEXT000049872035","https://www.legifrance.gouv.fr/jorf/id/JORFTEXT000049872035","2026-09-05","verified-from-source","UCD 34008 900 080 4 4: 271 000,000 / 271 000,000 (revised at the ALL extension)."
"Abecma","France","France","CEPS (price)","MM_4L","","2021-08-18","","2024-11-13","recommended","confidential-discount","tarif de responsabilité HT par UCD = prix limite de vente HT aux établissements; conventional (CEPS) net price confidential","","240000","EUR","tarif de responsabilité","","Avis relatif aux prix de spécialités pharmaceutiques publiés en application de l'article L. 162-16-6 du code de la sécurité sociale (JO 13/11/2024)","JORFTEXT000050489427","https://www.legifrance.gouv.fr/jorf/id/JORFTEXT000050489427","2026-09-05","verified-from-source","UCD 34008 900 126 4 5 ABECMA 260-500X106CELL P50ML, BRISTOL-MYERS SQUIBB: 240 000,000 / 240 000,000."
"Breyanzi","France","France","CEPS (price)","LBCL_2L","","2022-04-04","","2024-07-11","recommended","confidential-discount","tarif de responsabilité HT par UCD = prix limite de vente HT aux établissements; conventional (CEPS) net price confidential","","345000","EUR","tarif de responsabilité","","Avis relatif aux prix de spécialités pharmaceutiques publiés en application de l'article L. 162-16-6 du code de la sécurité sociale (JO 11/07/2024)","JORFTEXT000049939198","https://www.legifrance.gouv.fr/jorf/id/JORFTEXT000049939198","2026-09-05","verified-from-source","UCD 34008 900 245 1 8 BREYANZI 1,1-70X10MN CELL FL, BRISTOL-MYERS SQUIBB: 345 000,000 / 345 000,000."
"Breyanzi","France","France","CEPS (price)","LBCL_2L","","2022-04-04","","2025-06-11","recommended","confidential-discount","tarif de responsabilité HT par UCD = prix limite de vente HT aux établissements; conventional (CEPS) net price confidential","","227500","EUR","tarif de responsabilité","","Avis relatif aux prix de spécialités pharmaceutiques publiés en application de l'article L. 162-16-6 du code de la sécurité sociale (JO 11/06/2025)","JORFTEXT000051710421","https://www.legifrance.gouv.fr/jorf/id/JORFTEXT000051710421","2026-09-05","provisional-from-snippet","Amount from Legifrance search snippet only (227 500,000)."
"Luxturna","France","France","CEPS (price)","RPE65","","2018-11-22","","2021-08-06","recommended","confidential-discount","tarif de responsabilité HT par UCD = prix limite de vente HT aux établissements; conventional (CEPS) net price confidential","","290000","EUR","tarif de responsabilité","","Avis relatif aux prix de spécialités pharmaceutiques publiés en application de l'article L. 162-16-6 du code de la sécurité sociale (JO 06/08/2021)","JORFTEXT000043910352","https://www.legifrance.gouv.fr/jorf/id/JORFTEXT000043910352","2026-09-05","verified-from-source","UCD 34008 944 378 5 7 LUXTURNA INJ FL+FL, NOVARTIS PHARMA SAS: 290 000,000 / 290 000,000 (per UCD; one UCD = one eye kit)."
"Ebvallo","France","France","CEPS (price)","PTLD_EBV_2L","","2022-12-16","","2025-07-04","recommended","confidential-discount","tarif de responsabilité HT par UCD = prix limite de vente HT aux établissements; conventional (CEPS) net price confidential","","75000","EUR","tarif de responsabilité","","Avis relatif aux prix de spécialités pharmaceutiques publiés en application de l'article L. 162-16-6 du code de la sécurité sociale (JO 04/07/2025)","JORFTEXT000051844592","https://www.legifrance.gouv.fr/jorf/id/JORFTEXT000051844592","2026-09-05","verified-from-source","UCD 34008 900 308 8 5 EBVALLO 2,8X10-7,3X10 CEL F1-6, PIERRE FABRE MEDICAMENT: 75 000,000 / 75 000,000 per UCD (UCD = 1 to 6 vials pack; per-treatment cost depends on number of doses)."
"Skysona","France","France","HAS-CT","CALD","","2021-07-16","","","not-found","unknown","","","","","","","","","","2026-09-05","not-found","EU MA 2021-07-16, withdrawn 2021-11-18; not in BDPM; no HAS avis or accès précoce surfaced (site-restricted WebSearch)."
"Imlygic","France","France","HAS-CT","MELANOMA","","2015-12-16","","","not-found","unknown","","","","","","","","","","2026-09-05","not-found","Not in BDPM (no French marketing declaration); no HAS avis surfaced via WebSearch; has-sante.fr not fetchable."
"Zalmoxis","France","France","HAS-CT","HSCT_haplo","","2016-08-18","","","not-found","unknown","","","","","","","","","","2026-09-05","not-found","Not in BDPM; no HAS avis surfaced via WebSearch; EU MA withdrawn 2019-10-09."
"Strimvelis","France","France","HAS-CT","ADA_SCID","","2016-05-26","","","not-found","unknown","","","","","","","","","","2026-09-05","not-found","Not in BDPM; no HAS record located; treatment delivered only in Milan."
"Provenge","France","France","HAS-CT","PROSTATE","","2013-09-06","","","not-found","unknown","","","","","","","","","","2026-09-05","not-found","Not in BDPM; no HAS record located; EU MA withdrawn 2015-05-06."
"Aucatzyl","France","France","HAS-CT","ALL_adult","","2025-07-17","","","not-found","unknown","","","","","","","","","","2026-09-05","not-found","EU conditional MA 2025-07-17; not in BDPM; no HAS avis or accès précoce decision surfaced (may be under assessment)."
"Beqvez / Durveqtix","France","France","HAS-CT","HEMB_adult","","2024-07-24","","","not-found","unknown","","","","","","","","","","2026-09-05","not-found","EU MA 2024-07-24, withdrawn 2025-05-15; not in BDPM; no HAS record located; ANSM slugs durveqtix/beqvez return 404."
"Adstiladrin","France","France","HAS-CT","NMIBC","","2026-05-28","","","not-found","unknown","","","","","","","","","","2026-09-05","not-found","EU conditional MA 2026-05-28; not in BDPM; no HAS record located."
"Itvisma","France","France","HAS-CT","SMA_IT","","2026-06-30","","","not-found","unknown","","","","","","","","","","2026-09-05","not-found","EU MA 2026-06-30; not in BDPM; no HAS record located."
"Waskyra","France","France","HAS-CT","WAS","","2026-01-09","","","not-found","unknown","","","","","","","","","","2026-09-05","not-found","EU MA 2026-01-09; not in BDPM; no HAS record located."
"Amtagvi","France","France","HAS-CT","","","","","","not-submitted","none","","","","","","","","","","2026-09-05","not-found","No EU authorisation (MAA withdrawn by applicant; no EU authorisation); no French HAS assessment expected. Row records the gap."
"Elevidys","France","France","HAS-CT","","","","","","not-submitted","none","","","","","","","","","","2026-09-05","not-found","No EU authorisation (EU marketing authorisation refused); no French HAS assessment expected. Row records the gap."
"Encelto","France","France","HAS-CT","","","","","","not-submitted","none","","","","","","","","","","2026-09-05","not-found","No EU authorisation (no EU authorisation); no French HAS assessment expected. Row records the gap."
"Genglycos","France","France","HAS-CT","","","","","","not-submitted","none","","","","","","","","","","2026-09-05","not-found","No EU authorisation (no EU authorisation); no French HAS assessment expected. Row records the gap."
"Kresladi","France","France","HAS-CT","","","","","","not-submitted","none","","","","","","","","","","2026-09-05","not-found","No EU authorisation (no EU authorisation); no French HAS assessment expected. Row records the gap."
"Lantidra","France","France","HAS-CT","","","","","","not-submitted","none","","","","","","","","","","2026-09-05","not-found","No EU authorisation (no EMA centrally authorised medicine); no French HAS assessment expected. Row records the gap."
"Lyfgenia","France","France","HAS-CT","","","","","","not-submitted","none","","","","","","","","","","2026-09-05","not-found","No EU authorisation (no EU authorisation); no French HAS assessment expected. Row records the gap."
"Omisirge","France","France","HAS-CT","","","","","","not-submitted","none","","","","","","","","","","2026-09-05","not-found","No EU authorisation (no EMA centrally authorised medicine); no French HAS assessment expected. Row records the gap."
"Otarmeni","France","France","HAS-CT","","","","","","not-submitted","none","","","","","","","","","","2026-09-05","not-found","No EU authorisation (no EU authorisation); no French HAS assessment expected. Row records the gap."
"Papzimeos","France","France","HAS-CT","","","","","","not-submitted","none","","","","","","","","","","2026-09-05","not-found","No EU authorisation (no EU authorisation); no French HAS assessment expected. Row records the gap."
"Ryoncil","France","France","HAS-CT","","","","","","not-submitted","none","","","","","","","","","","2026-09-05","not-found","No EU authorisation (no EMA centrally authorised medicine); no French HAS assessment expected. Row records the gap."
"Tecelra","France","France","HAS-CT","","","","","","not-submitted","none","","","","","","","","","","2026-09-05","not-found","No EU authorisation (no EU authorisation); no French HAS assessment expected. Row records the gap."
"Tregzi","France","France","HAS-CT","","","","","","not-submitted","none","","","","","","","","","","2026-09-05","not-found","No EU authorisation (no EU authorisation); no French HAS assessment expected. Row records the gap."
"Tudriqev","France","France","HAS-CT","","","","","","not-submitted","none","","","","","","","","","","2026-09-05","not-found","No EU authorisation (no EU authorisation); no French HAS assessment expected. Row records the gap."
"Zevaskyn","France","France","HAS-CT","","","","","","not-submitted","none","","","","","","","","","","2026-09-05","not-found","No EU authorisation (no EU authorisation); no French HAS assessment expected. Row records the gap."
