sample_id,batch,raw_file,row_index,n_verified_rows,status_recorded,source_url,row_summary,reachable,values_checked,verdict,discrepancy_note,fetched_date,layer
A001,audit_1,data/uptake/raw/eligible_E3b.csv,42,47,verified-from-source,https://www.iqwig.de/download/g25-25_beremagen-geperpavec_bewertung-35a-absatz-1-satz-11-sgb-v_v1-0.pdf,"product=Vyjuvek | indication_key=DEB | indication_label=DEB with COL7A1 mutation and wounds, GKV-insured (projection | geography=Germany (GKV) | measure_type=gatekeeper_eligible | value_low=244 | value_high=910",reached,GKV target population 244-910 in 2023; 2030 projection 246-917; IQWiG G25-25 v1.0 dated 06.11.2025,agree,,2026-09-07,uptake
A002,audit_2,data/uptake/raw/casgevy_revenue.csv,4,14,verified-from-source,https://www.sec.gov/Archives/edgar/data/875320/000087532026000034/ex-991_q42025.htm,"product=Casgevy | period=2024Q4 | region=Total | revenue_musd=8.0 | currency=USD | source_doc=Vertex 8-K Ex-99.1, Vertex Reports Fourth Quarter and Full Y | source_url=https://www.sec.gov/Archives/edgar/data/875320/0000875320260 | status=verified-from-source",reached,Casgevy Q4 2024 revenue $8.0M (prior-year comparative in FY2025 release),agree,,2026-09-07,uptake
A003,audit_3,data/uptake/raw/yescarta_revenue.csv,65,176,verified-from-source,https://www.gilead.com/news-and-press/press-room/press-releases/2022/2/gilead-sciences-announces-fourth-quarter-and-full-year-2021-financial-results,product=Yescarta | period=2021Q4 | region=Europe | revenue_musd=65 | currency=USD | source_doc=Gilead Sciences Announces Fourth Quarter and Full Year 2021  | source_url=https://www.gilead.com/news-and-press/press-room/press-relea | status=verified-from-source,reached,Yescarta Europe Q4 2021 = 65; U.S. 106; Other Intl 11; FY2021 Europe 253,agree,Product Sales Summary table: Yescarta - Europe 65 (three months ended 31 Dec 2021).,2026-09-07,uptake
A004,audit_4,data/uptake/raw/eligible_E2.csv,2,98,verified-from-source,https://icer.org/wp-content/uploads/2022/05/ICER_Hemophilia_Final_Report_12222022.pdf,product=Hemgenix | indication_key=HemB_adult | indication_label=adult severe hemophilia B without inhibitors (ICER budget-im | geography=US | measure_type=gatekeeper_eligible | value_point=860,reached,860 eligible adult severe HemB patients; 172/yr at 20% uptake; posted 2022-12-22 updated 2024-07-26,agree,,2026-09-07,uptake
A005,audit_1,data/uptake/raw/cart_country_supplement.csv,59,327,verified-from-source,https://media.springernature.com/original/springer-static/esm/art%3A10.1038%2Fs41409-026-02919-9/MediaObjects/41409_2026_2919_MOESM3_ESM.pdf,"registry=EBMT activity survey | geography=Romania | year=2024 | product_or_class=CAR-T all | count=11 | count_type=infusions | verbatim=Romania: (5 centres: 257 (271) 82/175), (11 (11) 1/10)",reached,Romania 2024 CAR-T total 11 (first 11); 5 centres; Appendix 2024 supplement,agree,,2026-09-07,uptake
A006,audit_2,data/uptake/raw/cart_country_supplement.csv,28,327,verified-from-source,https://media.springernature.com/original/springer-static/esm/art%3A10.1038%2Fs41409-026-02919-9/MediaObjects/41409_2026_2919_MOESM3_ESM.pdf,"registry=EBMT activity survey | geography=Greece | year=2024 | product_or_class=CAR-T all | count=53 | count_type=infusions | verbatim=Greece: (13 centres: 415 (429) 224/191), (53 (53) 2/51)",reached,Greece 2024 line: 13 centres; CAR-T (53 (53) 2/51); count 53,agree,Appendix line matches verbatim; 53 = total CAR-T = first CAR-T (2 paed/51 adult),2026-09-07,uptake
A007,audit_3,data/uptake/raw/skysona_revenue.csv,9,8,verified-from-source,https://www.sec.gov/Archives/edgar/data/1293971/000129397125000009/R54.htm,"product=Skysona | period=2024FY | region=US | revenue_musd=9.917 | currency=USD | source_doc=bluebird bio Form 10-K for fiscal 2024, Product revenue and  | source_url=https://www.sec.gov/Archives/edgar/data/1293971/000129397125 | status=verified-from-source",reached,"SKYSONA FY2024 revenue 9,917 (thousand USD); FY2023 12,373",agree,"XBRL R54 Summary of Product Revenue shows SKYSONA 9,917 for 12 months ended 31 Dec 2024.",2026-09-07,uptake
A008,audit_4,data/uptake/raw/provenge_revenue.csv,27,18,verified-from-source,https://www.sec.gov/Archives/edgar/data/885590/000088559017000015/valeant2016form10-k.htm,product=Provenge | period=2015FY | region=Total | revenue_musd=250 | currency=USD | source_doc=Valeant Pharmaceuticals International 10-K for the year ende | source_url=https://www.sec.gov/Archives/edgar/data/885590/0000885590170 | status=verified-from-source,reached,Provenge revenue 2015 = $250m; 2016 $303m; 2014 $0,agree,,2026-09-07,uptake
A009,audit_1,data/uptake/raw/elevidys_revenue.csv,15,16,verified-from-source,https://www.sec.gov/Archives/edgar/data/873303/000095017025064412/srpt-20250331.htm,product=Elevidys | period=2024Q1 | region=Ex-US (Roche proxy) | revenue_musd=0.173 | currency=USD | source_doc=Sarepta Form 10-Q for the quarter ended 2025-03-31 (filed 20 | source_url=https://www.sec.gov/Archives/edgar/data/873303/0000950170250 | status=verified-from-source,reached,"Royalty revenue three months ended 2024-03-31 = $173 thousand; contract manufacturing $5,807 thousand",agree,Fetched via WebFetch (curl 403). Filing date in source_doc (2025-05-06) not confirmed from the page text.,2026-09-07,uptake
A010,audit_2,data/uptake/raw/cart_registry_counts.csv,25,141,verified-from-source,https://pmc.ncbi.nlm.nih.gov/articles/PMC11161408/,registry=EBMT activity survey | geography=Germany | year=2022 | product_or_class=CAR-T all | count_type=patients | per_10m_population=79 | verbatim=CAR-T Rates per 10 Million Population (by country): Israel: ,reached,Germany 79 per 10 million (2022 survey); Israel 231; Switzerland 145; France 89; Netherlands 80,agree,WebFetch hit reCAPTCHA; page retrieved with curl and cross-checked in Europe PMC XML,2026-09-07,uptake
A011,audit_3,data/uptake/raw/kymriah_disclosures.csv,7,19,verified-from-source,https://www.sec.gov/Archives/edgar/data/1114448/000137036819000006/a190130-99_2.htm,product=Kymriah | record_type=statement | as_of_date=2018-12-31 | region=Global | verbatim=Kymriah sales were USD 28 million with the US as the main dr | source_doc=Novartis Q4 and FY 2018 Condensed Financial Report - Supplem,reached,"verbatim ""Kymriah sales were USD 28 million with the US as the main driver...""; Morris Plains capacity note; report dated 30 Jan 2019",agree,Verbatim matches exactly.,2026-09-07,uptake
A012,audit_4,data/uptake/raw/cart_country_supplement.csv,226,327,verified-from-source,https://www.nature.com/articles/s41409-026-02919-9,registry=EBMT activity survey | geography=United Kingdom | year=2024 | product_or_class=CAR-T allogeneic | count=14 | count_type=patients | verbatim=Forty-five patients receiving allogeneic CAR-T cell therapy ,reached,allogeneic CAR-T 2024 UK n=14; 45 patients 11 centres 9 countries; article title,agree,WebFetch hit an idp.nature.com redirect; curl with browser UA returned the full article,2026-09-07,uptake
A013,audit_1,data/uptake/raw/papzimeos_revenue.csv,3,4,verified-from-source,https://www.sec.gov/Archives/edgar/data/1356090/000095010326007158/dp246650_ex9901.htm,"product=Papzimeos | period=2026Q1 | region=Total | revenue_musd=21.6 | currency=USD | source_doc=Precigen 8-K Ex-99.1, First Quarter 2026 Financial Results a | source_url=https://www.sec.gov/Archives/edgar/data/1356090/000095010326 | status=verified-from-source",reached,"PAPZIMEOS Q1 2026 net product revenue $21.6 million; product revenues 21,828 vs 203 thousand; release 2026-05-13",agree,Fetched via WebFetch (curl 403).,2026-09-07,uptake
A014,audit_2,data/uptake/raw/eligible_E5_label_expansions.csv,0,11,verified-from-source,https://pmc.ncbi.nlm.nih.gov/articles/PMC4477633/,"product=Elevidys | indication_key=DMD_4plus_all | indication_label=Duchenne muscular dystrophy, all patients 4 years and older  | geography=US | measure_type=prevalence_rate | value_point=1.02",reached,"DBMD 1.38 per 10,000 (2010); DMD 1.02; BMD 0.36; 543 DMD cases (71%); denominator 3,827,532",agree,WebFetch hit reCAPTCHA; PMC page retrieved with curl; abstract also confirmed via E-utilities,2026-09-07,uptake
A015,audit_3,data/uptake/raw/omisirge_revenue.csv,1,3,verified-from-source,https://www.sec.gov/Archives/edgar/data/1600847/000121390023086948/f10q0923_gamidacell.htm,"product=Omisirge | period=2023Q3 | region=Total | revenue_musd=0.673 | currency=USD | source_doc=Gamida Cell 10-Q for the quarter ended September 30, 2023 (2 | source_url=https://www.sec.gov/Archives/edgar/data/1600847/000121390023 | status=verified-from-source",reached,"net revenue 673 (thousand USD) three and nine months ended 30 Sep 2023; 2022 nil; ""two units of Omisirge""; first patient September 2023",agree,Condensed statement of operations shows Net revenue $673 for both periods.,2026-09-07,uptake
A016,audit_4,data/uptake/raw/amtagvi_disclosures.csv,7,16,verified-from-source,https://www.sec.gov/Archives/edgar/data/1425205/000110465925018212/tm257755d1_ex99-1.htm,"product=Amtagvi | record_type=centres | as_of_date=2025-02-27 | region=US | value=70 | unit=authorized treatment centres | verbatim=Approximately 70 U.S. ATCs are active across 32 states | source_doc=Iovance 8-K Ex-99.1, Fourth Quarter and Full Year 2024 Finan",reached,~70 US ATCs across 32 states; release date 2025-02-27; 64%/13% infusion shares,agree,,2026-09-07,uptake
A017,audit_1,data/uptake/raw/kebilidi_disclosures.csv,2,4,verified-from-source,https://www.sec.gov/Archives/edgar/data/1070081/000155837024002189/tmb-20240229xex99d1.htm,"product=Kebilidi | record_type=statement | as_of_date=2024-02-29 | region=US | unit=regulatory | verbatim=PTC expects to submit a BLA to the FDA for Upstaza for the t | source_doc=PTC Therapeutics 8-K Ex-99.1, Fourth Quarter and Full Year 2",reached,Quote: BLA submission for Upstaza expected March 2024; release date 2024-02-29,agree,Fetched via WebFetch (curl 403).,2026-09-07,uptake
A018,audit_2,data/uptake/raw/label_events.csv,40,47,verified-from-source,https://www.ema.europa.eu/en/medicines/human/EPAR/elevidys,product=Elevidys | geography=EU | event_date=2025-09-24 | event_type=refusal | indication_key=DMD_3to7_amb | indication_text=Elevidys is indicated for the treatment of Duchenne muscular | pathway=conditional (applied for; refused) | source_doc=EMA refusal public assessment report EMA/CHMP/CAT/213364/202,reached,EC refusal 24 Sep 2025; CHMP opinion 24 Jul 2025; applicant Roche; EMEA/H/C/005293; ambulatory 3-7 years,agree,,2026-09-07,uptake
A019,audit_3,data/uptake/raw/eligible_E4.csv,32,28,verified-from-source,https://www.sec.gov/Archives/edgar/data/0001600847/000121390022014643/f10k2021_gamidacellltd.htm,product=Omisirge (omidubicel-onlv) | indication_key=alloHSCT | indication_label=all allogeneic HSCT (base) | geography=US | measure_type=incidence_rate | value_point=8500,reached,"verbatim ""over 30,000 being performed per year, of which 8,500 are in the United States""; as of 2016",agree,Verbatim matches exactly.,2026-09-07,uptake
A020,audit_4,data/uptake/raw/yescarta_revenue.csv,169,176,verified-from-source,https://investors.gilead.com/news/news-details/2026/Gilead-Sciences-Announces-Fourth-Quarter-and-Full-Year-2025-Financial-Results/default.aspx,product=Yescarta | period=FY2024 | region=Europe | revenue_musd=666 | currency=USD | source_doc=Gilead Sciences Announces Fourth Quarter and Full Year 2025  | source_url=https://investors.gilead.com/news/news-details/2026/Gilead-S | status=verified-from-source,reached,Yescarta FY2024 Europe $666m (US 662; RoW 242; total 1570),agree,,2026-09-07,uptake
A021,audit_1,data/uptake/raw/vyjuvek_disclosures.csv,26,33,verified-from-source,https://www.sec.gov/Archives/edgar/data/1711279/000171127926000044/a1q26exhibit991pr.htm,"product=Vyjuvek | record_type=reimbursement_approvals | as_of_date=2026-05-04 | region=US | value=695 | unit=reimbursement approvals (cumulative) | verbatim=In the United States, the Company has secured over 695 reimb | source_doc=Krystal Biotech 8-K Ex-99.1, First Quarter 2026 Financial an",reached,Over 695 reimbursement approvals; over 60 new prescribers Q1 2026; over 570 unique prescribers; release 2026-05-04,agree,Fetched via WebFetch (curl 403).,2026-09-07,uptake
A022,audit_2,data/access/raw/decisions_nice.csv,36,47,verified-from-source,https://www.nice.org.uk/guidance/discontinued/gid-hst10038,product=Skysona | system=England | country=UK | body=NICE | indication_key=CALD | indication_text=Elivaldogene autotemcel for treating cerebral adrenoleukodys | regulatory_approval_date=2021-07-16 | submission_or_start_date=2021-08-04,reached,invitation to participate 04 Aug 2021; suspended 02 Dec 2021; discontinued 10 Feb 2023; reason quote,agree,WebFetch returned 403; page retrieved with curl (HTTP 200),2026-09-07,access
A023,audit_3,data/cohort/raw/projections_S16_S17.csv,279,277,verified-from-source,https://newdigs.tuftsmedicalcenter.org/wp-content/uploads/2025/06/defining-disruption-7b.png,source_id=S20 | source_title=Cell and Gene therapy (CGT) pipeline deep dive (Paying for C | geography=US | series=patients_new_per_year | scenario=component: Incident cases - oncology | year=2029 | value_point=17163,reached,"Figure 2 data table: Incident cases - oncology 2029 = 17,163; full row 2023-2036",agree,PNG data table row matches all 14 values.,2026-09-07,cohort
A024,audit_4,data/uptake/raw/yescarta_revenue.csv,16,176,verified-from-source,https://www.gilead.com/news-and-press/press-room/press-releases/2019/2/gilead-sciences-announces-fourth-quarter-and-full-year-2018-financial-results,product=Yescarta | period=2018Q4 | region=US | revenue_musd=80 | currency=USD | source_doc=Gilead Sciences Announces Fourth Quarter and Full Year 2018  | source_url=https://www.gilead.com/news-and-press/press-room/press-relea | status=verified-from-source,reached,Yescarta Q4 2018 US $80m (Europe 1; total 81); release 2019-02-04,agree,,2026-09-07,uptake
A025,audit_1,data/uptake/raw/zynteglo_revenue.csv,10,8,verified-from-source,https://www.sec.gov/Archives/edgar/data/1293971/000129397125000014/blue-20250331.htm,"product=Zynteglo | period=2025Q1 | region=US | revenue_musd=26.307 | currency=USD | source_doc=bluebird bio Form 10-Q for the quarter ended 2025-03-31, Not | source_url=https://www.sec.gov/Archives/edgar/data/1293971/000129397125 | status=verified-from-source",reached,"ZYNTEGLO product revenue Q1 2025 = $26,307 thousand (Note 3); total product revenue $38,712 thousand",agree,Fetched via WebFetch (curl 403). Filing date in source_doc (2025-05-14) not confirmed from the page text.,2026-09-07,uptake
A026,audit_2,data/uptake/raw/cart_registry_counts.csv,64,141,verified-from-source,https://cibmtr.org/Files/Summary-Slides--Reports/2025-Summary-Slides-Final-for-WEB.pdf,"registry=CIBMTR | geography=United States | year=2021 | product_or_class=Follicular lymphoma | count=186 | count_type=infusions | verbatim=CAR-T infusions by indication, US, 2016-2024 (slide 37) - 20",reached,slide 37 2021 bar: Follicular lymphoma 186,agree,Slide deck is image-only; embedded slide image read from page 37,2026-09-07,uptake
A027,audit_3,data/uptake/raw/zolgensma_disclosures.csv,11,17,verified-from-source,https://www.novartis.com/news/media-releases/novartis-data-again-demonstrate-age-appropriate-development-when-zolgensma-used-presymptomatically-and-post-hoc-data-reveal-sma-type-1-patients-could-speak-swallow-and-maintain-airway-protection,product=Zolgensma (onasemnogene abeparvovec) | record_type=patients_cumulative | as_of_date=2022-03-14 | region=worldwide (clinical trials + managed access + commercial) | value=1800 | unit=patients | verbatim=Zolgensma is now approved in more than 40 countries and more | source_doc=Novartis media release: Novartis data again demonstrate age-,reached,"release dated 14 Mar 2022; "">40 countries""; "">1,800 patients treated globally""",agree,"Verbatim matches; release header shows Mar 14, 2022.",2026-09-07,uptake
A028,audit_4,data/cohort/raw/projections_S16_S17.csv,78,277,verified-from-source,https://www.ebi.ac.uk/europepmc/webservices/rest/PMC10910012/fullTextXML,source_id=S17 | source_title=Forecasting the potential impact of cell and gene therapies  | geography=France | series=approvals_per_year | scenario=base (most expected launch scenario) | year=2029 | value_point=7,reached,Table 3 total launches 2029 = 7; full series 3/5/5/7/8/7/7/2; article title,agree,,2026-09-07,cohort
A029,audit_1,data/uptake/raw/papzimeos_disclosures.csv,2,9,verified-from-source,https://www.sec.gov/Archives/edgar/data/1356090/000095010325014683/dp237316_ex9901.htm,"product=Papzimeos | record_type=statement | as_of_date=2025-11-13 | region=US | unit=launch / sites / coverage | verbatim=PAPZIMEOS launched with a broad label in the US ... full dep | source_doc=Precigen 8-K Ex-99.1, Third Quarter 2025 Financial Results a",reached,Broad label launch; sales team deployed September; over 90% target institutions engaged; >100 million lives covered; Medicare and Medicaid; release 2025-11-13,agree,"Fetched via WebFetch (curl 403). Row joins separate phrases, as its notes state.",2026-09-07,uptake
A030,audit_2,data/uptake/raw/tecelra_disclosures.csv,4,13,verified-from-source,https://www.sec.gov/Archives/edgar/data/1621227/000155837025003340/adap-20250320xex99d1.htm,"product=Tecelra | record_type=centres | as_of_date=2025-03-20 | region=US | value=20 | unit=ATCs accepting referrals | verbatim=20 Authorized Treatment Centers (ATCs) now accepting referra | source_doc=Adaptimmune 8-K Ex-99.1, Adaptimmune Provides Q4 and Full Ye",reached,20 ATCs accepting referrals; ~30 ATCs by end 2025; release 20 Mar 2025,agree,,2026-09-07,uptake
A031,audit_3,data/uptake/raw/kymriah_revenue.csv,0,36,verified-from-source,https://www.sec.gov/Archives/edgar/data/1114448/000137036819000006/a190130-99_2.htm,product=Kymriah | period=2017Q4 | region=Total | revenue_musd=6 | currency=USD | source_doc=Novartis Q4 and FY 2018 Condensed Financial Report - Supplem | source_url=https://www.sec.gov/Archives/edgar/data/1114448/000137036819 | status=verified-from-source,reached,Oncology business unit table: Kymriah Q4 2017 = 6 (USD m); FY2017 = 6; Q4 2018 = 28,agree,Prior-year column of the Oncology BU table shows Kymriah 6 for Q4 2017 and FY 2017.,2026-09-07,uptake
A032,audit_4,data/cohort/raw/projections_S16_S17.csv,28,277,verified-from-source,https://newdigs.tuftsmedicalcenter.org/wp-content/uploads/2022/06/NEWDIGS-Research-Brief-2020F207v51-PipelineAnalysis.pdf,source_id=S16-predecessor | source_title=MIT NEWDIGS Research Brief 2020F207-v051 Pipeline Analysis:  | geography=US | series=approvals_cumulative | scenario=base (excl. China-origin programs; incl. preclinical) | year=2019 | value_point=6.0,reached,Table 1 Total Initial = 6.0; 2021 9.6; 2022 13.0; 2023 17.9; 2025 31.9; 2030 62.4,agree,Tables are embedded images; read from extracted PNG,2026-09-07,cohort
A033,audit_1,data/uptake/raw/hemgenix_revenue.csv,5,8,verified-from-source,https://investors.csl.com/pdf/c72789c6-778d-4b88-8657-be40cf97e2b3/CSL-Results-Presentation.pdf,product=Hemgenix | period=FY2025 (12m to 30 Jun 2025) | region=Global | revenue_musd=92 | currency=USD | source_doc=CSL FY2025 Results Presentation 19 Aug 2025 - Appendix A CSL | source_url=https://investors.csl.com/pdf/c72789c6-778d-4b88-8657-be40cf | status=verified-from-source,reached,"Appendix A key products table: Hemgenix | Haemophilia | 92 | 189%; Haemophilia group $1,488m +13%; FY2025 results presentation",agree,,2026-09-07,uptake
A034,audit_2,data/uptake/raw/eligible_E2.csv,123,98,verified-from-source,https://www.ncbi.nlm.nih.gov/books/NBK614941/,"product=Casgevy | indication_key=SCD_VOC_12plus | indication_label=all SCD, Canada excluding Quebec (sponsor prevalence model) | geography=Canada (excl. Quebec) | measure_type=prevalent_eligible | value_point=4391",reached,"sponsor estimate 4,391 SCD patients in Canada excl. Quebec; sentence verbatim",agree,,2026-09-07,uptake
A035,audit_3,data/access/raw/decisions_has.csv,106,44,verified-from-source,https://www.legifrance.gouv.fr/jorf/id/JORFTEXT000051844592,product=Ebvallo | system=France | country=France | body=CEPS (price) | indication_key=PTLD_EBV_2L | regulatory_approval_date=2022-12-16,reached,"JO avis 4 Jul 2025 (JORF n.0154); EBVALLO UCD 34008 900 308 8 5; 75 000,000 / 75 000,000",agree,curl returned 403 but WebFetch reached the page; EBVALLO line and prices match.,2026-09-07,access
A036,audit_4,data/investment/raw/events_by_product.csv,20,86,verified-from-source,https://www.sec.gov/Archives/edgar/data/873303/000095017025096257/srpt-ex99_1.htm,product=Elevidys | sponsor_at_event=Sarepta | event_date=2025-07-16 | event_type=restructuring | event_title=Sarepta strategic restructuring: 36% workforce reduction (~5 | amount_usd_m=400 | manufacturing_model=AAV systemic,reached,date 2025-07-16; ~$400m annual savings; 36% workforce cut ~500 employees; black box warning agreed,agree,,2026-09-07,investment
A037,audit_1,data/uptake/raw/launches2026_revenue.csv,4,3,verified-from-source,https://www.sec.gov/Archives/edgar/data/1737953/000110465926096483/tm2623208d1_ex99-1.htm,"product=Tudriqev | period=2026Q2 | region=Total | revenue_musd=0.0 | currency=USD | source_doc=Replimune 8-K Ex-99.1, Fiscal First Quarter 2027 Financial R | source_url=https://www.sec.gov/Archives/edgar/data/1737953/000110465926 | status=verified-from-source",reached,No revenue line in quarter ended 2026-06-30 income statement; product in market within 60 days; FDA approval 2026-08-06; release 2026-08-14,agree,Fetched via WebFetch (curl 403).,2026-09-07,uptake
A038,audit_2,data/uptake/raw/tecartus_revenue.csv,112,120,verified-from-source,https://investors.gilead.com/news/news-details/2026/Gilead-Sciences-Announces-Fourth-Quarter-and-Full-Year-2025-Financial-Results/default.aspx,product=Tecartus | period=FY2024 | region=US | revenue_musd=234 | currency=USD | source_doc=Gilead Sciences Announces Fourth Quarter and Full Year 2025  | source_url=https://investors.gilead.com/news/news-details/2026/Gilead-S | status=verified-from-source,reached,Tecartus U.S. FY2024 $234M (prior-year column of FY2025 release),agree,,2026-09-07,uptake
A039,audit_3,data/uptake/raw/roctavian_revenue.csv,2,19,verified-from-source,https://www.sec.gov/Archives/edgar/data/1048477/000104847723000026/earningsrelease-31jul23ex9.htm,"product=Roctavian | period=2023Q2 | region=Total (worldwide) | revenue_musd=0.0 | currency=USD | source_doc=BioMarin 8-K Ex-99.1, BioMarin Announces Strong Second Quart | source_url=https://www.sec.gov/Archives/edgar/data/1048477/000104847723 | status=verified-from-source",reached,ROCTAVIAN Q2 2023 revenue = 0.0; FDA approval 29 Jun 2023; commercial availability August; FY2023 guidance $50-150m,minor-discrepancy,"Release lists no ROCTAVIAN line in the net product revenue table (no dash row as the notes claim); zero Q2 2023 revenue is consistent with the release (launch pending, availability expected August) but is not explicitly stated.",2026-09-07,uptake
A040,audit_4,data/uptake/raw/roctavian_disclosures.csv,11,14,verified-from-source,https://www.sec.gov/Archives/edgar/data/1048477/000104847725000104/earningsrelease-27oct25ex9.htm,"product=Roctavian | record_type=statement | as_of_date=2025-10-27 | region=Total (worldwide) | verbatim=the company announced its plan to pursue options to divest R | source_doc=BioMarin 8-K Ex-99.1, BioMarin Reports Third Quarter 2025 Re",reached,date 2025-10-27; decision to pursue options to divest ROCTAVIAN; out-licensing; continued availability US/Italy/Germany,agree,Row verbatim paraphrases two sentences of the release; substance identical,2026-09-07,uptake
A041,audit_1,data/uptake/raw/lenmeldy_revenue.csv,4,22,verified-from-source,https://www.sec.gov/Archives/edgar/data/1748907/000156459022019670/ortx-ex991_18.htm,"product=Lenmeldy | period=2022Q1 | region=Total | revenue_musd=5.059 | currency=USD | source_doc=Orchard Therapeutics 8-K Ex-99.1, First Quarter 2022 Financi | source_url=https://www.sec.gov/Archives/edgar/data/1748907/000156459022 | status=verified-from-source",reached,"Libmeldy product sales $5.1M for first two commercial patients Q1 2022; net product sales 5,059 thousand; release 2022-05-12",agree,Fetched via WebFetch (curl 403).,2026-09-07,uptake
A042,audit_2,data/cohort/raw/projections_S16_S17.csv,138,277,verified-from-source,https://www.ebi.ac.uk/europepmc/webservices/rest/PMC10910012/fullTextXML,source_id=S17 | source_title=Forecasting the potential impact of cell and gene therapies  | geography=France | series=approvals_per_year | scenario=base; TA=Immunology | year=2025 | value_point=0,reached,"Table 3 Immunology row 2023-2030: 0,0,0,0,2,0,0,0 total 2; 2025 = 0; title",agree,,2026-09-07,cohort
A043,audit_3,data/cohort/raw/projections_S16_S17.csv,320,277,verified-from-source,https://icer.org/wp-content/uploads/2024/04/Managing-the-Challenges-of-Paying-for-Gene-Therapy-_-ICER-NEWDIGS-White-Paper-2024_final.pdf,source_id=S20 | source_title=Cell and Gene therapy (CGT) pipeline deep dive (Paying for C | geography=US | series=treatable_population | scenario=ICER-NEWDIGS 2024 (gene therapies only; deep-dive page as of | year=2030 | value_low=48000,reached,"""treatable patient population anticipated to exceed 48,000 per year by the year 2030""; Figure 1; ref 5",agree,White paper text matches (page 5).,2026-09-07,cohort
A044,audit_4,data/uptake/raw/kymriah_revenue.csv,5,36,verified-from-source,https://www.sec.gov/Archives/edgar/data/1114448/000137036819000028/a190424-99_2.htm,product=Kymriah | period=2019Q1 | region=Total | revenue_musd=45 | currency=USD | source_doc=Novartis Q1 2019 Condensed Interim Financial Report - Supple | source_url=https://www.sec.gov/Archives/edgar/data/1114448/000137036819 | status=verified-from-source,reached,Kymriah Q1 2019 = USD 45m (Q1 2018 12m); Q1 2019 supplementary data,agree,,2026-09-07,uptake
A045,audit_1,data/uptake/raw/cart_country_supplement.csv,287,327,verified-from-source,https://www.sanidad.gob.es/areas/farmacia/infoMedicamentos/terapiasAvanzadas/docs/INFORME_ANUAL_FINAL_TA_2025.pdf,"registry=Spanish Ministry of Health CAR-T expert-group requests (Plan | geography=Spain | year=2025 | product_or_class=Kymriah/Yescarta (either), LBDCG | count=721 | count_type=cumulative_requests | verbatim=Tabla 4. CAR-T solicitados por patología (columns Kymriah, Y",reached,"Tabla 4 LBDCG row: Kymriah 204, Yescarta 890, Kymriah/Yescarta 721, total 1.834; grand total 2.742; period March 2019 to 30 June 2025",agree,,2026-09-07,uptake
A046,audit_2,data/uptake/raw/country_population.csv,77,90,verified-from-source,https://api.worldbank.org/v2/country/AUS/indicator/SP.POP.TOTL?format=json&date=2017:2025,"country=Australia | year=2022 | population=26018721 | source_doc=World Bank World Development Indicators, SP.POP.TOTL (Popula | source_url=https://api.worldbank.org/v2/country/AUS/indicator/SP.POP.TO | status=verified-from-source",reached,"Australia 2022 population 26,018,721; lastupdated 2026-07-13",agree,,2026-09-07,uptake
A047,audit_3,data/uptake/raw/luxturna_revenue.csv,2,19,verified-from-source,https://www.sec.gov/Archives/edgar/data/0001609351/000160935118000076/spark-201893010xq.htm,"product=Luxturna | period=2018Q3 | region=US | revenue_musd=8.866 | currency=USD | source_doc=Spark Therapeutics Form 10-Q, period 2018-09-30 | source_url=https://www.sec.gov/Archives/edgar/data/0001609351/000160935 | status=verified-from-source",reached,"Product sales, net Q3 2018 = 8,866 (thousand USD); nine months 2018 = 15,599; Q3 2017 nil",agree,"Statement of operations matches; the notes claim of 24 vials shipped was not found in the 10-Q text (word ""vial"" absent) but it is not a key value.",2026-09-07,uptake
A048,audit_4,data/access/raw/decisions_cda_amc.csv,11,39,verified-from-source,https://www.ncbi.nlm.nih.gov/books/NBK596615/,product=Tecartus | system=Canada | country=Canada | body=CADTH | indication_key=ALL_adult | indication_text=For the treatment of adult patients with relapsed or refract | regulatory_approval_date=2022-11-16,reached,"indication text; pERC meeting 2023-02-08; reimburse with conditions; price ~$533,500/infusion; ~$17m 3-yr budget impact",minor-discrepancy,"Bookshelf version gives price as approximately $533,500 (row: $533,523.10); the quoted '71% to 88% price reduction' range and the NOC date 2022-11-16 are not on this page (page says only 'in all reanalyses a price reduction would be required'); row notes attribute NOC date to PG0304r",2026-09-07,access
A049,audit_1,data/access/raw/governance_singapore.csv,17,44,verified-from-source,https://www.moh.gov.sg/newsroom/government-accepts-medishield-life-council-s-recommendations-to-enhance-medishield-life-scheme---government-support-more-than-offsets-premium-increases/,system=Singapore | product=system | event_type=policy-statement | event_date=2024-10-15 | body=Ministry of Health / MediShield Life Council | outcome=stated | detail=Government accepts MediShield Life Council recommendations: ,reached,Press release dated 15 Oct 2024; CTGTP coverage from October 2025; pilot financing framework; all three quoted passages present verbatim,agree,,2026-09-07,access
A050,audit_2,data/uptake/raw/yescarta_disclosures.csv,23,16,verified-from-source,https://www.kitepharma.com/patient-resources/find-a-treatment-center,"product=Yescarta | record_type=centres | as_of_date=2026-09-04 | region=Global | value=570 | unit=authorized treatment centres | verbatim=Kite is proud to have more than 570 authorized treatment cen | source_doc=Find a Treatment Center, kitepharma.com (accessed 4 Sep 2026",reached,more than 570 ATCs globally; more than 160 in U.S.; sentence verbatim,agree,Undated page; access date is the row as_of_date,2026-09-07,uptake
A051,audit_3,data/uptake/raw/carvykti_revenue.csv,49,51,verified-from-source,https://www.sec.gov/Archives/edgar/data/200406/000020040626000146/a2026q2exhibit992.htm,"product=Carvykti | period=2026Q2 | region=International | revenue_musd=185 | currency=USD | source_doc=Johnson & Johnson Supplementary Sales Data, second quarter a | source_url=https://www.sec.gov/Archives/edgar/data/200406/0000200406260 | status=verified-from-source",reached,CARVYKTI Q2 2026: US 472; Intl 185; WW 657,agree,Supplementary sales data table matches (Intl 185).,2026-09-07,uptake
A052,audit_4,data/uptake/raw/cart_country_supplement.csv,8,327,verified-from-source,https://media.springernature.com/original/springer-static/esm/art%3A10.1038%2Fs41409-026-02919-9/MediaObjects/41409_2026_2919_MOESM3_ESM.pdf,"registry=EBMT activity survey | geography=Belgium | year=2024 | product_or_class=CAR-T all | count=159 | count_type=patients | per_10m_population=134.55 | verbatim=Belgium: (16 centres: 904 (983) 436/468), (159 (164) 0/159)",reached,Belgium line: 16 centres; 159 (164) 0/159 first CAR-T; verbatim exact,agree,"per_10m_population 134.55 comes from Supplementary Table 2 of the main paper, not this file; not checked",2026-09-07,uptake
A053,audit_1,data/uptake/raw/abecma_revenue.csv,48,51,verified-from-source,https://www.sec.gov/Archives/edgar/data/14272/000001427225000089/a2025q1ex991-filing.htm,product=Abecma | period=2025Q1 | region=Total | revenue_musd=103 | currency=USD | source_doc=Bristol Myers Squibb Reports First Quarter Financial Results | source_url=https://www.sec.gov/Archives/edgar/data/14272/00000142722500 | status=verified-from-source,reached,"Abecma Q1 2025 worldwide $103M (US 59, Intl 45); release 2025-04-24",agree,Fetched via WebFetch (curl 403).,2026-09-07,uptake
A054,audit_2,data/uptake/raw/eligible_E1a.csv,12,26,verified-from-source,https://www.g-ba.de/downloads/91-1385-840/2022-12-01_Geltende-Fassung_Tisagenlecleucel_D-831.pdf,product=Kymriah | indication_key=FL_3L | indication_label=Erwachsene mit rezidiviertem oder refraktärem follikulärem L | geography=Germany | measure_type=gatekeeper_eligible | value_low=650 | value_high=690,reached,ca. 650-690 Patientinnen und Patienten; Beschluss 1 Dec 2022; gueltig bis 1 Sep 2028; FL after 2+ lines,agree,,2026-09-07,uptake
A055,audit_3,data/investment/raw/events_by_product.csv,92,86,verified-from-source,https://www.sec.gov/Archives/edgar/data/1748907/000156459022012316/ortx-ex991_7.htm,product=Strimvelis | sponsor_at_event=Orchard Therapeutics | event_date=2022-03-30 | event_type=restructuring | event_title=Orchard discontinues investment in Strimvelis and other prim | manufacturing_model=other,reached,"release dated 30 Mar 2022; verbatim ""discontinue its investment in and seek alternatives for its programs in rare primary immune deficiencies... Strimvelis""; 30% workforce reduction",agree,Verbatim and date match.,2026-09-07,investment
A056,audit_4,data/uptake/raw/yescarta_revenue.csv,25,176,verified-from-source,https://www.gilead.com/news-and-press/press-room/press-releases/2019/7/gilead-sciences-announces-second-quarter-2019-financial-results,product=Yescarta | period=2019Q2 | region=Europe | revenue_musd=21 | currency=USD | source_doc=Gilead Sciences Announces Second Quarter 2019 Financial Resu | source_url=https://www.gilead.com/news-and-press/press-room/press-relea | status=verified-from-source,reached,Yescarta Q2 2019 Europe $21m (US 99; total 120); release 2019-07-30,agree,,2026-09-07,uptake
A057,audit_1,data/uptake/raw/cart_country_supplement.csv,23,327,verified-from-source,https://media.springernature.com/original/springer-static/esm/art%3A10.1038%2Fs41409-026-02919-9/MediaObjects/41409_2026_2919_MOESM3_ESM.pdf,"registry=EBMT activity survey | geography=France | year=2024 | product_or_class=CAR-T all | count=1102 | count_type=infusions | verbatim=France: (69 centres: 4361 (4654) 2097/2264), (1093 (1102) 1/",reached,France 2024 CAR-T total 1102 (first 1093); 69 centres,agree,,2026-09-07,uptake
A058,audit_2,data/cohort/raw/s06_success_rates.csv,24,90,verified-from-source,https://media.nature.com/original/magazine-assets/d41573-025-00036-8/50677254,metric=transition_probability | technology_class=haematological oncology (BIO) | phase_from=NDA/BLA application | phase_to=Approval | value=90.0 | unit=percent | period_covered=Jan 2011-Nov 2020,reached,NDA/BLA row 100.0/100.0/90.6/92.0/90.0/81%; BIO haematological oncology 90.0%; BIO period Jan 2011-Nov 2020,agree,WebFetch could not parse the PDF; read with pypdf,2026-09-07,cohort
A059,audit_3,data/uptake/raw/vyjuvek_revenue.csv,24,30,verified-from-source,https://www.sec.gov/Archives/edgar/data/1711279/000171127926000057/krys-20260630.htm,"product=Vyjuvek | period=2026Q2 | region=Europe | revenue_musd=19.283 | currency=USD | source_doc=Krystal Biotech 10-Q for the quarter ended 2026-06-30, Note  | source_url=https://www.sec.gov/Archives/edgar/data/1711279/000171127926 | status=verified-from-source",reached,"Note 3 geographic table: Europe three months ended 30 Jun 2026 = 19,283 (thousand USD); US 91,633; Japan 8,306; total 119,222",agree,Table matches.,2026-09-07,uptake
A060,audit_4,data/uptake/raw/cart_registry_counts.csv,62,141,verified-from-source,https://cibmtr.org/Files/Summary-Slides--Reports/2025-Summary-Slides-Final-for-WEB.pdf,"registry=CIBMTR | geography=United States | year=2021 | product_or_class=Acute lymphoblastic leukemia | count=241 | count_type=infusions | verbatim=CAR-T infusions by indication, US, 2016-2024 (slide 37) - 20",reached,"slide 37 'CAR-T infusions by indication, US, 2016-2024'; 2021 ALL segment = 241",agree,Slide is an image; read visually from extracted JPEG,2026-09-07,uptake
A061,audit_1,data/uptake/raw/tecelra_revenue.csv,3,4,verified-from-source,https://www.sec.gov/Archives/edgar/data/1621227/000155837025007493/adap-20250513xex99d1.htm,"product=Tecelra | period=2025Q1 | region=Total | revenue_musd=4.0 | currency=USD | source_doc=Adaptimmune 8-K Ex-99.1, Adaptimmune Reports Q1 Financial Re | source_url=https://www.sec.gov/Archives/edgar/data/1621227/000155837025 | status=verified-from-source",reached,Tecelra net sales $4.0 million Q1 2025; 6 patients invoiced in Q1; release 2025-05-13,agree,Fetched via WebFetch (curl 403).,2026-09-07,uptake
A062,audit_2,data/access/raw/governance_us.csv,92,112,verified-from-source,https://www.sec.gov/Archives/edgar/data/875320/000087532024000221/ex-991_q32024.htm,system=United States | product=Casgevy | event_type=delivery-site | event_date=2024-11-04 | body=Vertex Pharmaceuticals | outcome=stated | detail=Global ATCs activated (mid-October 2024); first infusion rev | amount=45,reached,45 ATCs activated as of mid-October; first infused patient revenue in Q3 2024; 8-K filed 4 Nov 2024,agree,,2026-09-07,access
A063,audit_3,data/uptake/raw/cart_country_supplement.csv,216,327,verified-from-source,https://media.springernature.com/original/springer-static/esm/art%3A10.1038%2Fs41409-026-02919-9/MediaObjects/41409_2026_2919_MOESM2_ESM.docx,registry=EBMT activity survey | geography=United Kingdom | year=2021 | product_or_class=CAR-T all | count_type=patients | per_10m_population=57.33 | verbatim=Supplementary Table 2. CAR-T therapy rate by country and yea,reached,"Supplementary Table 2 row United Kingdom, 2021 = 57,33 per 10m",agree,"docx table row: United Kingdom | 6,03 | 33,17 | 39,85 | 57,33 | 55,47 | 84,1 | 81,18 (2018-2024).",2026-09-07,uptake
A064,audit_4,data/uptake/raw/yescarta_revenue.csv,74,176,verified-from-source,https://investors.gilead.com/news/news-details/2023/Gilead-Sciences-Announces-Second-Quarter-2023-Financial-Results/default.aspx,product=Yescarta | period=2022Q2 | region=Other | revenue_musd=17 | currency=USD | source_doc=Gilead Sciences Announces Second Quarter 2023 Financial Resu | source_url=https://investors.gilead.com/news/news-details/2023/Gilead-S | status=verified-from-source,reached,Yescarta Q2 2022 Other International $17m (comparative column); release 2023-08-03,agree,,2026-09-07,uptake
A065,audit_1,data/cohort/raw/projections_S16_S17.csv,146,277,verified-from-source,https://www.ebi.ac.uk/europepmc/webservices/rest/PMC10910012/fullTextXML,source_id=S17 | source_title=Forecasting the potential impact of cell and gene therapies  | geography=France | series=approvals_per_year | scenario=base; TA=Cardiovascular | year=2025 | value_point=1,reached,Table 3 Cardiovascular row 0 0 1 0 0 0 0 0 total 1 (2025 = 1),agree,,2026-09-07,cohort
A066,audit_2,data/uptake/raw/zolgensma_revenue.csv,18,37,verified-from-source,https://www.sec.gov/Archives/edgar/data/1114448/000137036824000007/a240131-99_2.htm,product=Zolgensma (onasemnogene abeparvovec) | period=FY2022 | region=Total (worldwide) | revenue_musd=1370 | currency=USD | source_doc=Novartis Interim Financial Report Q4/FY2023 (Form 6-K Ex-99. | source_url=https://www.sec.gov/Archives/edgar/data/1114448/000137036824 | status=verified-from-source,reached,"Zolgensma FY2022 $1,370M; Q4 2022 $309M; FY2023 $1,214M",agree,,2026-09-07,uptake
A067,audit_3,data/cohort/raw/s06_success_rates.csv,36,90,verified-from-source,https://media.nature.com/original/magazine-assets/d41573-025-00036-8/50677254,metric=program_count | technology_class=rare disease gene therapy | phase_from=Phase 1 | phase_to=Completed | value=20 | unit=product-indication programmes | period_covered=1988-2023 (ClinicalTrials.gov trials starting on or before 3,reached,dCGT Trial Phase Level Outcomes: Phase 1 Completed = 20 (Orphan Gene Therapy) / 99 (Haematological CAR-T/TCR); Active 14/121; Advanced 11/26; No subsequent 9/73,agree,Supplementary PDF table matches all four Phase 1 counts.,2026-09-07,cohort
A068,audit_4,data/uptake/raw/amtagvi_revenue.csv,4,20,verified-from-source,https://www.sec.gov/Archives/edgar/data/1425205/000110465924115300/tm2427769d1_ex99-1.htm,"product=Amtagvi | period=2024Q3 | region=Total | revenue_musd=42.1 | currency=USD | source_doc=Iovance 8-K Ex-99.1, Third Quarter and Year to Date 2024 Fin | source_url=https://www.sec.gov/Archives/edgar/data/1425205/000110465924 | status=verified-from-source",reached,Amtagvi Q3 2024 US sales $42.1m; release 2024-11-07,agree,,2026-09-07,uptake
A069,audit_1,data/access/raw/decisions_gba.csv,6,70,verified-from-source,https://www.g-ba.de/bewertungsverfahren/nutzenbewertung/991/,product=Kymriah | system=Germany | country=Germany | body=G-BA | indication_key=LBCL_3L | indication_text=Erwachsene mit rezidiviertem oder refraktärem diffus großzel | regulatory_approval_date=2018-08-23 | submission_or_start_date=2023-09-01,reached,"Beschlussfassung 15.02.2024; rating Anhaltspunkt fuer einen nicht quantifizierbaren Zusatznutzen; Jahrestherapiekosten 239 000,00 EUR (Lauer-Taxe 15.01.2024); document 2024-02-15 D-977",agree,Price and rating read from the Tragende Gruende PDF linked from the source page.,2026-09-07,access
A070,audit_2,data/uptake/raw/vyjuvek_disclosures.csv,25,33,verified-from-source,https://www.sec.gov/Archives/edgar/data/1711279/000171127926000016/krys-20251231.htm,product=Vyjuvek | record_type=statement | as_of_date=2026-02-17 | region=Total | unit=cumulative revenue | verbatim=Since our first commercial launch of VYJUVEK in the United S | source_doc=Krystal Biotech 10-K for FY2025 (2026-02-17),reached,cumulative net product revenue $730.3M sentence verbatim; 10-K FY2025 accepted 17 Feb 2026,agree,,2026-09-07,uptake
A071,audit_3,data/uptake/raw/eligible_E3a.csv,96,53,verified-from-source,https://scottishmedicines.org.uk/media/7822/umar-eladocagene-exuparvovec-upstaza-final-august-2023-for-website.pdf,product=Upstaza | indication_key=AADC | indication_label=AADC deficiency prevalence (SMC ultra-orphan criterion) | geography=Scotland | measure_type=prevalence_rate | value_point=2,reached,"verbatim ""The prevalence of AADC deficiency is estimated to be <=1 in 50,000""; SMC ultra-orphan validation",agree,"PDF text matches; 2 per 100,000 is the row own conversion.",2026-09-07,uptake
A072,audit_4,data/uptake/raw/cart_country_supplement.csv,31,327,verified-from-source,https://media.springernature.com/original/springer-static/esm/art%3A10.1038%2Fs41409-026-02919-9/MediaObjects/41409_2026_2919_MOESM3_ESM.pdf,"registry=EBMT activity survey | geography=Iceland | year=2024 | product_or_class=CAR-T all | count=0 | count_type=patients | verbatim=Iceland: (1 centres: 12 (14) 0/12), (0 (0) 0/0)",reached,Iceland line: 1 centre; 0 (0) 0/0 CAR-T; verbatim exact,agree,,2026-09-07,uptake
A073,audit_1,data/uptake/raw/tecartus_revenue.csv,89,120,verified-from-source,https://s29.q4cdn.com/585078350/files/doc_financials/2026/q1/GILD-Q126-Earnings-Press-Release-7-May-2026.pdf,"product=Tecartus | period=2026Q1 | region=Europe | revenue_musd=37 | currency=USD | source_doc=GILEAD SCIENCES ANNOUNCES FIRST QUARTER FINANCIAL RESULTS, e | source_url=https://s29.q4cdn.com/585078350/files/doc_financials/2026/q1 | status=verified-from-source",reached,"Tecartus Q1 2026 Europe $37M (US 30, RoW 8, total 75); release 7 May 2026",agree,,2026-09-07,uptake
A074,audit_2,data/uptake/raw/carvykti_revenue.csv,29,51,verified-from-source,https://www.sec.gov/Archives/edgar/data/200406/000020040625000201/a2025q3exhibit992.htm,"product=Carvykti | period=2024Q3 | region=Total | revenue_musd=286 | currency=USD | source_doc=Johnson & Johnson Supplementary Sales Data, third quarter an | source_url=https://www.sec.gov/Archives/edgar/data/200406/0000200406250 | status=verified-from-source",reached,Carvykti Q3 2024 WW $286M (US 258; Intl 27),agree,,2026-09-07,uptake
A075,audit_3,data/access/raw/decisions_gba.csv,22,70,verified-from-source,https://www.g-ba.de/bewertungsverfahren/nutzenbewertung/960/,"product=Breyanzi | system=Germany | country=Germany | body=G-BA | indication_key=LBCL_2L | indication_text=Erwachsene mit diffus großzelligem B-Zell-Lymphom (DLBCL), h | regulatory_approval_date=2023-04-28 | submission_or_start_date=2023-06-01",reached,"Vorgangsnummer 2023-06-01-D-951; start 01.06.2023; Beschluss 16.11.2023; ""Anhaltspunkt für einen beträchtlichen Zusatznutzen""; Jahrestherapiekosten 345 000 EUR; 835-1 180 Patienten",agree,"Procedure page gives dates and document id; rating, annual cost and patient numbers confirmed in the linked Tragende Gründe PDF (2023-11-16_AM-RL-XII_Lisocabtagen-maraleucel_D-951_TrG.pdf).",2026-09-07,access
A076,audit_4,data/uptake/raw/cart_registry_counts.csv,99,141,verified-from-source,https://drst.de/wp-content/uploads/2026/07/DRST_JB_2025_final.pdf,registry=DRST / DRST-EBMT activity survey | geography=Germany | year=2024 | product_or_class=Myeloma | count=562 | count_type=patients | verbatim=Tabelle 3.9 Malignom: Myelom 2024: 562,reached,Tabelle 3.9 Malignom: Myelom 2024 = 562 (2022 191; 2023 342; 2025 836),agree,,2026-09-07,uptake
A077,audit_1,data/uptake/raw/eligible_E1b.csv,48,39,verified-from-source,https://seer.cancer.gov/statfacts/html/melan.html,product=Amtagvi | indication_key=MEL_all | indication_label=all melanoma of the skin (not label-restricted) | geography=US | measure_type=incidence_rate | value_point=112000,reached,"Estimated new cases 2026 = 112,000; deaths 8,510; regional 10%; distant 5%",agree,,2026-09-07,uptake
A078,audit_2,data/uptake/raw/eligible_E2.csv,46,98,verified-from-source,https://pubmed.ncbi.nlm.nih.gov/35156839/,product=Roctavian | indication_key=HemA_severe | indication_label=share of people with hemophilia A with pre-existing anti-AAV | geography=Japan | measure_type=seroprevalence | value_point=29.8,reached,AAV5 seropositivity Japan 29.8% (n=84); Brazil 26.9%; Russia 46.2%; South Africa 51.8%; Hum Gene Ther 2022,agree,WebFetch returned cookie page; abstract retrieved via NCBI E-utilities efetch,2026-09-07,uptake
A079,audit_3,data/cohort/raw/projections_S16_S17.csv,276,277,verified-from-source,https://newdigs.tuftsmedicalcenter.org/wp-content/uploads/2025/06/defining-disruption-7b.png,source_id=S20 | source_title=Cell and Gene therapy (CGT) pipeline deep dive (Paying for C | geography=US | series=patients_new_per_year | scenario=component: Incident cases - oncology | year=2026 | value_point=11069,reached,"Figure 2 data table: Incident cases - oncology 2026 = 11,069",agree,PNG data table row matches.,2026-09-07,cohort
A080,audit_4,data/access/raw/decisions_australia.csv,12,47,verified-from-source,https://www.msac.gov.au/sites/default/files/documents/1748%20Final%20PSD%20-%20July%202023%20(redacted).pdf,product=Kymriah | system=Australia | country=Australia | body=MSAC | indication_key=ALL_ped | indication_text=Review of tisagenlecleucel (Kymriah) for treatment of acute  | regulatory_approval_date=2018-12-19 | submission_or_start_date=2023-02-08,reached-via-wayback,MSAC consideration 27 July 2023; ADAR lodgement deadline 8 February 2023; bridging-therapy negotiation; further review in 3 years,agree,msac.gov.au refused connection; Wayback snapshot 2025-12-02 used. TGA date 2018-12-19 not stated in the PSD,2026-09-07,access
A081,audit_1,data/cohort/raw/s06_success_rates.csv,70,90,verified-from-source,https://media.nature.com/original/magazine-assets/d41573-025-00036-8/50677254,metric=program_count | technology_class=rare disease gene therapy | phase_from=Approval | phase_to=Approval | value=12 | unit=product-indication programmes | period_covered=1988-2023 (ClinicalTrials.gov trials starting on or before 3,reached,Supplementary table: Approval 12 (orphan gene therapy) / 10 (CAR-T/TCR); Full Approval 10/7; AAP 2/3; AAP with full approval 1/0,agree,,2026-09-07,cohort
A082,audit_2,data/uptake/raw/eligible_E3b.csv,27,47,verified-from-source,https://www.g-ba.de/downloads/92-975-703/2015-02-02_Nutzenbewertung-G-BA_Alipogentiparvovec_2014-11-01-D-138.pdf,"product=Glybera | indication_key=LPLD | indication_label=adults with genetically confirmed familial LPLD, severe or m | geography=EU | measure_type=label_indication",reached,"section 2.1 label text: adults with familial LPLD, severe/multiple pancreatitis despite low-fat diet, genetic test, detectable LPL protein; dated 2 Feb 2015",agree,Row verbatim transliterates umlauts (ae/ue) but is otherwise identical,2026-09-07,uptake
A083,audit_3,data/uptake/raw/cart_registry_counts.csv,138,141,verified-from-source,https://www.sanidad.gob.es/areas/farmacia/infoMedicamentos/terapiasAvanzadas/docs/INFORME_ANUAL_FINAL_TA_2025.pdf,"registry=Spanish Ministry of Health CAR-T expert-group circuit | geography=Spain | year=2019 | product_or_class=CAR-T all | count=159 | count_type=patients | per_10m_population=33 | verbatim=Partiendo de 159 solicitudes en 2019 (ano parcial, desde mar",reached,"""Partiendo de 159 solicitudes en 2019 (año parcial, desde marzo)""; Tabla 3 Media nacional 2019 = 0,33 per 100,000",agree,Both the verbatim count and the national rate match; per_10m = 0.33 x 100 = 33 is the row conversion.,2026-09-07,uptake
A084,audit_4,data/uptake/raw/carvykti_revenue.csv,43,51,verified-from-source,https://www.sec.gov/Archives/edgar/data/200406/000020040626000002/a2025q4exhibit992.htm,"product=Carvykti | period=2025Q4 | region=International | revenue_musd=135 | currency=USD | source_doc=Johnson & Johnson Supplementary Sales Data, fourth quarter a | source_url=https://www.sec.gov/Archives/edgar/data/200406/0000200406260 | status=verified-from-source",reached,CARVYKTI Q4 2025 Intl $135m (US 420; WW 555),agree,,2026-09-07,uptake
A085,audit_1,data/uptake/raw/aucatzyl_revenue.csv,9,10,verified-from-source,https://www.sec.gov/Archives/edgar/data/1730463/000173046326000119/autlex-991pr110826a01.htm,"product=Aucatzyl | period=2026H1 | region=Total | revenue_musd=71.9 | currency=USD | source_doc=Autolus Therapeutics 8-K Ex-99.1, Second Quarter 2026 Financ | source_url=https://www.sec.gov/Archives/edgar/data/1730463/000173046326 | status=verified-from-source",reached,"AUCATZYL net product revenue six months ended 2026-06-30 = $71,890 thousand (Q2 45,672); release 2026-08-11",agree,Fetched via WebFetch (curl 403).,2026-09-07,uptake
A086,audit_2,data/uptake/raw/tecartus_revenue.csv,100,120,verified-from-source,https://www.gilead.com/news-and-press/press-room/press-releases/2022/2/gilead-sciences-announces-fourth-quarter-and-full-year-2021-financial-results,product=Tecartus | period=FY2021 | region=US | revenue_musd=136 | currency=USD | source_doc=Gilead Sciences Announces Fourth Quarter and Full Year 2021  | source_url=https://www.gilead.com/news-and-press/press-room/press-relea | status=verified-from-source,reached,Tecartus U.S. FY2021 $136M (Europe 40),agree,,2026-09-07,uptake
A087,audit_3,data/investment/raw/events_by_product.csv,7,86,verified-from-source,https://www.sec.gov/Archives/edgar/data/1425205/000110465925075175/tm2522769d1_ex99-1.htm,product=Amtagvi | sponsor_at_event=Iovance | event_date=2025-08-07 | event_type=restructuring | event_title=Iovance strategic restructuring (>USD 100m annual savings; c | manufacturing_model=other,reached,"release 7 Aug 2025; verbatim ""strategic restructuring... more than $100 million in annual cost savings starting in the fourth quarter of 2025 and extending cash runway into the fourth quarter of 2026""",agree,Verbatim matches.,2026-09-07,investment
A088,audit_4,data/uptake/raw/launches2026_disclosures.csv,9,6,verified-from-source,https://www.sec.gov/Archives/edgar/data/1114448/000111444826000012/nvs-20260630-99_1.htm,"product=Itvisma | record_type=statement | as_of_date=2026-06-30 | region=Global | value=365 | unit=USD million Zolgensma group Q2 2026 net sales | verbatim=Zolgensma Group (USD 365 million, +20% cc) sales grew driven | source_doc=Novartis 6-K Ex-99.1, Financial Report Q2 2026 (2026-07-21)",reached,Zolgensma Group Q2 2026 USD 365m +20% cc; Itvisma launch momentum US and UAE; H1 667m; report 2026-07-21,agree,,2026-09-07,uptake
A089,audit_1,data/uptake/raw/abecma_revenue.csv,50,51,verified-from-source,https://www.sec.gov/Archives/edgar/data/14272/000001427225000129/a2025q2ex991-filing.htm,product=Abecma | period=2025Q2 | region=International | revenue_musd=40 | currency=USD | source_doc=Bristol Myers Squibb Reports Second Quarter Financial Result | source_url=https://www.sec.gov/Archives/edgar/data/14272/00000142722500 | status=verified-from-source,reached,"Abecma Q2 2025 International $40M (US 47, total 87); release 2025-07-31",agree,Fetched via WebFetch (curl 403).,2026-09-07,uptake
A090,audit_2,data/uptake/raw/yescarta_revenue.csv,114,176,verified-from-source,https://investors.gilead.com/news/news-details/2026/Gilead-Sciences-Announces-Fourth-Quarter-and-Full-Year-2025-Financial-Results/default.aspx,product=Yescarta | period=2024Q4 | region=Other | revenue_musd=72 | currency=USD | source_doc=Gilead Sciences Announces Fourth Quarter and Full Year 2025  | source_url=https://investors.gilead.com/news/news-details/2026/Gilead-S | status=verified-from-source,reached,Yescarta Q4 2024 Rest of World $72M (U.S. 161; Europe 156; Total 390),agree,Source label is Rest of World; row region label Other,2026-09-07,uptake
A091,audit_3,data/uptake/raw/breyanzi_revenue.csv,0,57,verified-from-source,https://www.sec.gov/Archives/edgar/data/14272/000001427222000112/q12022ex991.htm,product=Breyanzi | period=2021Q1 | region=Total | currency=USD | source_doc=Bristol Myers Squibb Reports First Quarter Financial Results | source_url=https://www.sec.gov/Archives/edgar/data/14272/00000142722200 | status=verified-from-source,reached,Q1 2022 release table: Breyanzi $44 with prior-year (Q1 2021) column N/A,agree,"Prior-year column shows N/A, consistent with no Q1 2021 revenue recorded.",2026-09-07,uptake
A092,audit_4,data/access/raw/governance_china.csv,70,40,verified-from-source,https://www.jwtherapeutics.com/en/media/press-release/20251207/,"system=China | product=Carteyva (倍诺达, 瑞基奥仑赛注射液, relmacabtagene autoleucel; JW Thera | event_type=insurance-coverage | event_date=2025-12-07 | body=JW Therapeutics (press release) | outcome=covered | detail=Included in over 100 inclusive supplementary health insuranc",reached,release 2025-12-07; over 100 Inclusive Supplementary Health Insurance plans; nearly 100 Major Medical Insurance plans,agree,Source calls the plans 'Puhuibao'; row says 'Huiminbao' (same category of inclusive supplementary insurance),2026-09-07,access
A093,audit_1,data/uptake/raw/aucatzyl_disclosures.csv,3,13,verified-from-source,https://www.sec.gov/Archives/edgar/data/1730463/000173046325000032/autlex-991pr080525.htm,"product=Aucatzyl | record_type=statement | as_of_date=2025-05-08 | region=US | unit=payer coverage | verbatim=Patient access to AUCATZYL continues to increase, with cover | source_doc=Autolus Therapeutics 8-K Ex-99.1, First Quarter 2025 Financi",reached,Quote: coverage secured for approximately 90% of total U.S. medical lives; release 2025-05-08,agree,Fetched via WebFetch (curl 403).,2026-09-07,uptake
A094,audit_2,data/access/raw/governance_us.csv,51,112,verified-from-source,https://www.sec.gov/Archives/edgar/data/1711279/000171127926000058/a2q26-ex991xpressrelease.htm,system=United States | product=Vyjuvek | event_type=commercial-coverage | event_date=2026-08-03 | body=Krystal Biotech | outcome=covered | detail=Cumulative US reimbursement approvals and prescriber base at | amount=730,reached,over 730 reimbursement approvals; over 640 unique prescribers end 2Q 2026; release 3 Aug 2026,agree,,2026-09-07,access
A095,audit_3,data/access/raw/governance_china.csv,5,40,verified-from-source,https://www.nhsa.gov.cn/attach/Ypsn2023/YPSW202300359/YPSW202300359-W1.pdf,"system=China | product=Yescarta (Yikaida 奕凯达, 阿基仑赛注射液, axicabtagene ciloleucel; Fos | event_type=reimbursement-decision | event_date=2023-07-14 | body=NHSA (NRDL 2023) | outcome=not listed | detail=Application submitted 2023-07-14 (药品目录外, 治疗用生物制品3类, exclusiv",reached,"申报时间 2023-07-14 15:44:03; 药品目录外; 治疗用生物制品3类; 是否为独家 是; verbatim ""三线及以上LBCL领域的CAR-T细胞治疗，已上市的产品还有2021年9月6日获批的瑞基奥仑赛，均未医保覆盖""",agree,"NHSA application form PDF matches submission date, category and verbatim; non-admission outcome is inferred by the row from later documents, not from this form.",2026-09-07,access
A096,audit_4,data/uptake/raw/eligible_E3a.csv,99,53,verified-from-source,https://jcc.nhs.wales/clinical-policies/children-services/eladocagene-exuparvovec-for-treating-aromatic-l-amino-acid-decarboxylase-deficiency-in-people-aged-18-months-and-over-policy-position-statement-pp281-february-2024-pdf/,product=Upstaza | indication_key=AADC | indication_label=estimated prevalence in the US based on CSF analysis and gen | geography=US | measure_type=incidence_rate | value_low=1 | value_high=3,reached,"US prevalence roughly 1-3 in 100,000 live newborns; EU birth rate ~1 in 118,000; PP281 February 2024",agree,PDF text read with pypdf (WebFetch could not parse it),2026-09-07,uptake
A097,audit_1,data/uptake/raw/cart_registry_counts.csv,87,141,verified-from-source,https://drst.de/wp-content/uploads/2026/07/DRST_JB_2025_final.pdf,registry=DRST / DRST-EBMT activity survey | geography=Germany | year=2021 | product_or_class=CAR-T all | count=437 | count_type=patients | verbatim=Tabelle 3.9 Gesamt 2021: autolog 433 allogen 4,reached,"Tabelle 3.9 Gesamt 2021: autolog 433, allogen 4 (sum 437); 2025 total 1820",agree,"Count 437 is the sum of the two 2021 cells, as the verbatim states.",2026-09-07,uptake
A098,audit_2,data/access/raw/decisions_gba.csv,62,70,verified-from-source,https://www.g-ba.de/bewertungsverfahren/nutzenbewertung/143/,"product=Provenge | system=Germany | country=Germany | body=G-BA | indication_key=mCRPC_asymptomatic | indication_text=asymptomatisches oder minimal symptomatisches, metastasierte | regulatory_approval_date=2013-09-06 | submission_or_start_date=2014-10-01",reached,"Verfahrensbeginn 01.10.2014; Beschluss 19.03.2015; Anhaltspunkt nicht quantifizierbarer Zusatznutzen; Jahrestherapiekosten 79 952,58 EUR; 11690-24480 Patienten; befristet 1 Apr 2018; reasons quote",agree,"Price, patient numbers and quote confirmed in the linked Beschluss (BAnz) and Tragende Gruende PDFs",2026-09-07,access
A099,audit_3,data/uptake/raw/verification_hemgenix_tecartus.csv,23,35,verified-from-source,https://www.sec.gov/Archives/edgar/data/0001590560/000110465926055242/qure-20260505xex99d1.htm,"task=A | product=Hemgenix | record_type=statement | as_of_date=2026-05-05 | region=Global | verbatim=In April 2026, uniQure, CSL Behring and Genezen entered into",reached,"release 5 May 2026; April 2026 uniQure/CSL Behring/Genezen agreements; ""no impact on future royalties or milestones""; license revenue $3,562k vs $1,567k; $0.3m decrease in Hemgenix supply costs",agree,All fragments present in the exhibit.,2026-09-07,uptake
A100,audit_4,data/access/raw/decisions_nice.csv,44,47,verified-from-source,https://www.nice.org.uk/guidance/indevelopment/gid-ta10752,product=Amtagvi | system=England | country=UK | body=NICE | indication_key=MEL_previously_treated | indication_text=Lifileucel for previously treated unresectable or metastatic | submission_or_start_date=2025-01-08,reached-via-wayback,GID-TA10752 In development / In progress; invitation to participate 08 January 2025; committee meeting 04 November 2025; draft guidance consultation 18 Dec 2025 - 22 Jan 2026,agree,"nice.org.uk returned 403; Wayback snapshot 2026-02-07 used, which lists expected publication 10 July 2026 (row says TBC)",2026-09-07,access
A101,audit_1,data/access/raw/governance_singapore.csv,43,44,verified-from-source,https://www.ace-hta.gov.sg/healthcare-professionals/ace-technology-guidance/drug-guidance/axicabtagene-ciloleucel--for-relapsed-or-refractory-large-b-cell-lymphoma-after-two-or-more-lines-of-systemic-therapy/,system=Singapore | product=Yescarta | event_type=hta-guidance | event_date=2025-06-04 | body=MOH Drug Advisory Committee / ACE | outcome=recommended | detail=Axicabtagene 3L (r/r LBCL after two or more lines incl. DLBC,reached,Page last updated 4 Jun 2025; listing from 1 August 2025; updated recommendation November 2024; cost impact SG$1-3m year 1 to SG$5-10m year 5; recommendation quote,agree,Budget impact and November 2024 update read from the guidance PDF linked from the page (page body is JS-rendered).,2026-09-07,access
A102,audit_2,data/uptake/raw/abecma_disclosures.csv,9,11,verified-from-source,https://www.sec.gov/Archives/edgar/data/14272/000001427225000129/a2025q2ex991-filing.htm,product=Abecma | record_type=statement | as_of_date=2025-06-30 | region=US | verbatim=The FDA approved label updates for CAR T cell therapies Brey | source_doc=Bristol Myers Squibb Reports Second Quarter Financial Result,reached,FDA label updates for Breyanzi and Abecma removing REMS sentence verbatim; release 31 Jul 2025,agree,,2026-09-07,uptake
A103,audit_3,data/uptake/raw/breyanzi_revenue.csv,43,57,verified-from-source,https://www.sec.gov/Archives/edgar/data/14272/000001427225000037/a2024ex991-filing.htm,product=Breyanzi | period=2024Q4 | region=US | revenue_musd=209 | currency=USD | source_doc=Bristol Myers Squibb Reports Fourth Quarter and Full-Year Fi | source_url=https://www.sec.gov/Archives/edgar/data/14272/00000142722500 | status=verified-from-source,reached,Breyanzi Q4 2024: US 209; Intl 54; WW 263,agree,Product revenue table matches.,2026-09-07,uptake
A104,audit_4,data/uptake/raw/yescarta_revenue.csv,85,176,verified-from-source,https://investors.gilead.com/news/news-details/2023/Gilead-Sciences-Announces-First-Quarter-2023-Financial-Results/default.aspx,product=Yescarta | period=2023Q1 | region=Europe | revenue_musd=121 | currency=USD | source_doc=Gilead Sciences Announces First Quarter 2023 Financial Resul | source_url=https://investors.gilead.com/news/news-details/2023/Gilead-S | status=verified-from-source,reached,Yescarta Q1 2023 Europe $121m (US 210; total 359); release 2023-04-27,agree,,2026-09-07,uptake
A105,audit_1,data/uptake/raw/lyfgenia_disclosures.csv,9,17,verified-from-source,https://www.sec.gov/Archives/edgar/data/1293971/000129397124000076/exhibit99120241114.htm,"product=Lyfgenia | record_type=patients_infused | as_of_date=2024-09-30 | region=US | value=1 | unit=patients infused (cumulative floor) | verbatim=Revenue for the third quarter includes revenue from LYFGENIA | source_doc=bluebird bio 8-K Ex-99.1, bluebird bio Reports Third Quarter",reached,Quote on Q3 2024 revenue including LYFGENIA after first infusion; release 2024-11-14,agree,Fetched via WebFetch (curl 403). Release does not break out the LYFGENIA $2.632M given in the row notes; the row value (floor of 1 patient) is supported.,2026-09-07,uptake
A106,audit_2,data/access/raw/governance_us.csv,82,112,verified-from-source,https://www.sec.gov/Archives/edgar/data/1621227/000155837024015525/adap-20241113xex99d1.htm,system=United States | product=Tecelra | event_type=delivery-site | event_date=2024-11-13 | body=Adaptimmune | outcome=stated | detail=ATCs open at Q3 2024; target network. | amount=9,reached,9 ATCs available bullet verbatim; ~30 ATCs by end 2025; release 13 Nov 2024,agree,,2026-09-07,access
A107,audit_3,data/access/raw/governance_us.csv,22,112,verified-from-source,https://www.federalregister.gov/documents/2025/08/04/2025-14681,system=United States | product=Breyanzi | event_type=add-on-payment | event_date=2025-08-04 | body=CMS | outcome=granted | detail=FY2026 IPPS final rule NTAP for BREYANZI. | amount=316860.05,reached,"FR Doc 2025-14681 published 4 Aug 2025 (FY2026 IPPS/LTCH final rule); ""maximum new technology add-on payment for a case involving the use of BREYANZI is $316,860.05 for FY 2026""; NTAP table 290 cases x 316,860.05",agree,"Document URL returns 404/unblock page for curl and WebFetch; verified through the Federal Register API metadata (title, date) and its full_text raw-text link for the same document number.",2026-09-07,access
A108,audit_4,data/uptake/raw/abecma_revenue.csv,47,51,verified-from-source,https://www.sec.gov/Archives/edgar/data/14272/000001427225000089/a2025q1ex991-filing.htm,product=Abecma | period=2025Q1 | region=International | revenue_musd=45 | currency=USD | source_doc=Bristol Myers Squibb Reports First Quarter Financial Results | source_url=https://www.sec.gov/Archives/edgar/data/14272/00000142722500 | status=verified-from-source,reached,Abecma Q1 2025 International $45m (US 59; WW 103); release 2025-04-24,agree,,2026-09-07,uptake
A109,audit_1,data/uptake/raw/tecartus_revenue.csv,110,120,verified-from-source,https://investors.gilead.com/news/news-details/2024/Gilead-Sciences-Announces-Fourth-Quarter-and-Full-Year-2023-Financial-Results/default.aspx,product=Tecartus | period=FY2023 | region=Other | revenue_musd=15 | currency=USD | source_doc=Gilead Sciences Announces Fourth Quarter and Full Year 2023  | source_url=https://investors.gilead.com/news/news-details/2024/Gilead-S | status=verified-from-source,reached,"Tecartus FY2023 Other International $15M (US 245, Europe 110, total 370); release 2024-02-06",agree,Fetched via WebFetch (curl 403).,2026-09-07,uptake
A110,audit_2,data/access/raw/decisions_australia.csv,4,47,verified-from-source,https://www.msac.gov.au/sites/default/files/documents/1519-Final%20PSD-April%202019_redacted.pdf,product=Kymriah | system=Australia | country=Australia | body=MSAC | indication_key=ALL_ped | indication_text=confirmed relapsed/refractory CD19-positive acute lymphoblas | regulatory_approval_date=2018-12-19,reached-via-wayback,MSAC 75th meeting 28-29 Mar 2019 deferred advice; deferral quote verbatim; Application 1519; risk share required; up to 25 years,agree,msac.gov.au blocked; Wayback copy used. Same PSD also records the 9 Apr 2019 out-of-session support of the negotiated risk share; row records only the March deferral step,2026-09-07,access
A111,audit_3,data/cohort/raw/projections_S16_S17.csv,90,277,verified-from-source,https://www.ebi.ac.uk/europepmc/webservices/rest/PMC10910012/fullTextXML,source_id=S17 | source_title=Forecasting the potential impact of cell and gene therapies  | geography=France | series=approvals_per_year | scenario=base; TA=Haemato-Oncology | year=2025 | value_point=0,reached,Table 3 row Haemato-Oncology: 2023 1; 2024 0; 2025 0; 2026 1; 2027 2; 2028 3; 2029 3; 2030 1; Total 11,agree,Europe PMC full text XML matches (2025 = 0).,2026-09-07,cohort
A112,audit_4,data/uptake/raw/cart_registry_counts.csv,96,141,verified-from-source,https://drst.de/wp-content/uploads/2026/07/DRST_JB_2025_final.pdf,registry=DRST / DRST-EBMT activity survey | geography=Germany | year=2025 | product_or_class=Lymphoma | count=811 | count_type=patients | verbatim=Tabelle 3.9 Malignom: Lymphom 2025: 811,reached,Tabelle 3.9 Malignom: Lymphom 2025 = 811; text 'maligne Lymphom (n=811)',agree,,2026-09-07,uptake
A113,audit_1,data/uptake/raw/yescarta_revenue.csv,148,176,verified-from-source,https://www.gilead.com/news-and-press/press-room/press-releases/2020/2/gilead-sciences-announces-fourth-quarter-and-full-year-2019-financial-results,product=Yescarta | period=FY2019 | region=US | revenue_musd=373 | currency=USD | source_doc=Gilead Sciences Announces Fourth Quarter and Full Year 2019  | source_url=https://www.gilead.com/news-and-press/press-room/press-relea | status=verified-from-source,reached,"Yescarta FY2019 U.S. $373M (Europe 83, total 456); release 4 Feb 2020",agree,,2026-09-07,uptake
A114,audit_2,data/uptake/raw/cart_country_supplement.csv,284,327,verified-from-source,https://www.sanidad.gob.es/areas/farmacia/infoMedicamentos/terapiasAvanzadas/docs/20201201.Informe_MS_seguimiento_Plan_terapias_avanzadas_SNS.pdf,"registry=Spanish Ministry of Health CAR-T expert-group requests (Plan | geography=Spain | year=2019 | product_or_class=CAR-T all (paediatric centres, ALL <18) | count=3 | count_type=centres_designated | verbatim=Para LLA en menores de 18 años se designaron 3 centros, 2 ce",reached,"Para LLA en menores de 18 anos se designaron 3 centros, 2 cualificados y 1 no; designation 25 Apr 2019; report dated 1 Dec 2020",agree,,2026-09-07,uptake
A115,audit_3,data/uptake/raw/eligible_E2.csv,41,98,verified-from-source,https://pubmed.ncbi.nlm.nih.gov/35156839/,product=Roctavian | indication_key=HemA_severe | indication_label=share of people with hemophilia A with pre-existing anti-AAV | geography=US | measure_type=seroprevalence | value_point=26.8,reached,AAV5 seropositivity US 26.8% (n=71); Brazil 26.9%; Russia 46.2%; South Africa 51.8%; Hum Gene Ther 2022;33(7-8):432-441,agree,PubMed page blocked for curl and WebFetch (cookie wall); abstract retrieved via NCBI E-utilities efetch for PMID 35156839 and Wayback copy; values match.,2026-09-07,uptake
A116,audit_4,data/uptake/raw/breyanzi_revenue.csv,35,57,verified-from-source,https://www.sec.gov/Archives/edgar/data/14272/000001427224000094/q12024ex991-filing.htm,product=Breyanzi | period=2024Q1 | region=International | revenue_musd=20 | currency=USD | source_doc=Bristol Myers Squibb Reports First Quarter Financial Results | source_url=https://www.sec.gov/Archives/edgar/data/14272/00000142722400 | status=verified-from-source,reached,Breyanzi Q1 2024 International $20m (US 87; WW 107); release 2024-04-25,agree,,2026-09-07,uptake
A117,audit_1,data/cohort/raw/projections_S16_S17.csv,101,277,verified-from-source,https://www.ebi.ac.uk/europepmc/webservices/rest/PMC10910012/fullTextXML,source_id=S17 | source_title=Forecasting the potential impact of cell and gene therapies  | geography=France | series=approvals_per_year | scenario=base; TA=Solid tumor | year=2028 | value_point=1,reached,Table 3 Solid tumor row 0 1 0 0 3 1 3 0 total 8 (2028 = 1),agree,,2026-09-07,cohort
A118,audit_2,data/cohort/raw/projections_S16_S17.csv,310,277,verified-from-source,https://newdigs.tuftsmedicalcenter.org/wp-content/uploads/2025/06/defining-disruption-7b.png,source_id=S20 | source_title=Cell and Gene therapy (CGT) pipeline deep dive (Paying for C | geography=US | series=patients_new_per_year | scenario=component: Prevalent cases - non-oncology | year=2032 | value_point=40549,reached,"Figure 2 data table Prevalent cases - non-oncology 2032 = 40,549; full row 2023-2036 matches",agree,,2026-09-07,cohort
A119,audit_3,data/uptake/raw/lenmeldy_disclosures.csv,5,15,verified-from-source,https://www.sec.gov/Archives/edgar/data/1748907/000095017022014462/ortx-ex99_1.htm,"product=Lenmeldy | record_type=statement | as_of_date=2022-08-04 | region=Europe | unit=patient outlook / centres | verbatim=Orchard expects the number of patients treated with Libmeldy | source_doc=Orchard Therapeutics 8-K Ex-99.1, Second Quarter 2022 Financ",reached,"release 4 Aug 2022; verbatim ""expects the number of patients treated with Libmeldy in a commercial setting to increase in the second half of 2022""; qualifying centres in Sweden and Spain in addition to UK, Netherlands, Germany, Italy and France",agree,Verbatim matches.,2026-09-07,uptake
A120,audit_4,data/uptake/raw/tecartus_revenue.csv,45,120,verified-from-source,https://investors.gilead.com/news/news-details/2023/Gilead-Sciences-Announces-Second-Quarter-2023-Financial-Results/default.aspx,product=Tecartus | period=2023Q2 | region=Europe | revenue_musd=29 | currency=USD | source_doc=Gilead Sciences Announces Second Quarter 2023 Financial Resu | source_url=https://investors.gilead.com/news/news-details/2023/Gilead-S | status=verified-from-source,reached,Tecartus Q2 2023 Europe $29m (US 56; total 88); release 2023-08-03,agree,,2026-09-07,uptake
A121,audit_1,data/cohort/raw/projections_S16_S17.csv,165,277,verified-from-source,https://www.ebi.ac.uk/europepmc/webservices/rest/PMC10910012/fullTextXML,source_id=S17 | source_title=Forecasting the potential impact of cell and gene therapies  | geography=France | series=patients_new_per_year | scenario=base | year=2028 | value_point=36862,reached,"Table 4 total row 2028 = 36,862; 2030 = 69,400",agree,,2026-09-07,cohort
A122,audit_2,data/uptake/raw/zynteglo_disclosures.csv,9,31,verified-from-source,https://www.sec.gov/Archives/edgar/data/1293971/000129397123000053/exhibit99120231107.htm,"product=Zynteglo | record_type=centres | as_of_date=2023-11-07 | region=US | value=29 | unit=qualified treatment centres activated | verbatim=bluebird's qualified treatment center (QTC) network has scal | source_doc=bluebird bio 8-K Ex-99.1, bluebird bio Reports Third Quarter",reached,QTC network scaled to 29 activated centers; 40-50 target by end 2023; release 7 Nov 2023,agree,,2026-09-07,uptake
A123,audit_3,data/uptake/raw/lyfgenia_revenue.csv,5,6,verified-from-source,https://www.sec.gov/Archives/edgar/data/1293971/000129397125000009/R54.htm,"product=Lyfgenia | period=2024FY | region=US | revenue_musd=11.605 | currency=USD | source_doc=bluebird bio Form 10-K for fiscal 2024, Product revenue and  | source_url=https://www.sec.gov/Archives/edgar/data/1293971/000129397125 | status=verified-from-source",reached,"LYFGENIA FY2024 revenue 11,605 (thousand USD); FY2023 0",agree,"XBRL R54 Summary of Product Revenue shows LYFGENIA 11,605 for 12 months ended 31 Dec 2024.",2026-09-07,uptake
A124,audit_4,data/uptake/raw/country_population.csv,81,90,verified-from-source,https://api.worldbank.org/v2/country/CAN/indicator/SP.POP.TOTL?format=json&date=2017:2025,"country=Canada | year=2017 | population=36545075 | source_doc=World Bank World Development Indicators, SP.POP.TOTL (Popula | source_url=https://api.worldbank.org/v2/country/CAN/indicator/SP.POP.TO | status=verified-from-source",reached,"Canada 2017 population 36,545,075; lastupdated 2026-07-13",agree,,2026-09-07,uptake
A125,audit_1,data/uptake/raw/luxturna_disclosures.csv,6,16,verified-from-source,https://www.sec.gov/Archives/edgar/data/1609351/000160935118000069/spark-exhibit991q22018.htm,"product=Luxturna | record_type=patients_cumulative | as_of_date=2018-06-30 | region=US | value=12 | unit=vials shipped in Q2 2018 | verbatim=Continued strong execution of LUXTURNA launch in U.S., with  | source_doc=Spark Therapeutics 8-K Ex 99.1, Q2 2018 results (2018-08-07)",reached,12 vials shipped in Q2 2018; six treatment centers; release 2018-08-07,agree,Fetched via WebFetch (curl 403).,2026-09-07,uptake
A126,audit_2,data/uptake/raw/zynteglo_disclosures.csv,20,31,verified-from-source,https://www.sec.gov/Archives/edgar/data/1293971/000129397124000024/exhibit99120240813.htm,"product=Zynteglo | record_type=centres | as_of_date=2024-08-14 | region=US | value=70 | unit=qualified treatment centres activated (signed MSA), floor | verbatim=bluebird has activated more than 70 total QTCs for LYFGENIA  | source_doc=bluebird bio 8-K Ex-99.1, bluebird bio Reports Second Quarte",reached,more than 70 total QTCs for LYFGENIA and ZYNTEGLO (signed MSA); release 14 Aug 2024,agree,,2026-09-07,uptake
A127,audit_3,data/uptake/raw/eligible_E1b.csv,14,39,verified-from-source,https://www.cancerresearchuk.org/health-professional/cancer-statistics/statistics-by-cancer-type/myeloma,product=Abecma | indication_key=MM_all | indication_label=all multiple myeloma (not label-restricted) | geography=UK | measure_type=incidence_rate | value_point=6532,reached,"""6,532 new myeloma cases in the UK every year, 2019, 2021-2022, UK""",agree,Cancer Research UK page matches verbatim.,2026-09-07,uptake
A128,audit_4,data/uptake/raw/provenge_disclosures.csv,7,17,verified-from-source,https://www.sec.gov/Archives/edgar/data/1107332/000119312511292830/d237118d10q.htm,"product=Provenge | record_type=statement | as_of_date=2011-09-02 | region=US | value=500 | unit=employees cut (approx.) | verbatim=On September 2, 2011, our Board of Directors approved a redu | source_doc=Dendreon 10-Q for the quarter ended September 30, 2011 (2011",reached,2011-09-02 Board approved RIF of ~25% / ~500 employees; $38.5m charge; 10-Q quarter ended 2011-09-30,agree,,2026-09-07,uptake
A129,audit_1,data/uptake/raw/eligible_E2.csv,23,98,verified-from-source,https://www1.wfh.org/publications/files/pdf-2399.pdf,"product=Hemgenix | indication_key=HemB_adult | indication_label=hemophilia B, all ages and severities (patients identified i | geography=Spain | measure_type=prevalent_eligible | value_point=286",reached,Age-distribution table: Spain 286 2% 6% 6% 34% 45% 6%,agree,,2026-09-07,uptake
A130,audit_2,data/uptake/raw/yescarta_revenue.csv,119,176,verified-from-source,https://investors.gilead.com/news/news-details/2025/Gilead-Sciences-Announces-First-Quarter-2025-Financial-Results/default.aspx,product=Yescarta | period=2025Q1 | region=Total | revenue_musd=386 | currency=USD | source_doc=Gilead Sciences Announces First Quarter 2025 Financial Resul | source_url=https://investors.gilead.com/news/news-details/2025/Gilead-S | status=verified-from-source,reached,Yescarta Q1 2025 Total $386M (U.S. 160; Europe 149; RoW 77); release 24 Apr 2025,agree,,2026-09-07,uptake
A131,audit_3,data/uptake/raw/cart_country_supplement.csv,169,327,verified-from-source,https://media.springernature.com/original/springer-static/esm/art%3A10.1038%2Fs41409-026-02919-9/MediaObjects/41409_2026_2919_MOESM2_ESM.docx,registry=EBMT activity survey | geography=Poland | year=2021 | product_or_class=CAR-T all | count_type=patients | per_10m_population=3.24 | verbatim=Supplementary Table 2. CAR-T therapy rate by country and yea,reached,"Supplementary Table 2 row Poland, 2021 = 3,24 per 10m",agree,"docx table row: Poland | (blank) | 0,26 | 1,84 | 3,24 | 9,49 | 27,48 | 35,77 (2018-2024).",2026-09-07,uptake
A132,audit_4,data/cohort/raw/projections_S16_S17.csv,58,277,verified-from-source,https://newdigs.tuftsmedicalcenter.org/wp-content/uploads/2022/06/NEWDIGS-Research-Brief-2020F207v51-PipelineAnalysis.pdf,source_id=S16-predecessor | source_title=MIT NEWDIGS Research Brief 2020F207-v051 Pipeline Analysis:  | geography=US | series=approvals_cumulative | scenario=excluding preclinical programs (non-cancer gene therapies; e | year=2030 | value_point=23.4,reached,Table 4 Total 2030 = 23.4; full row 3.0/5.5/8.1/11.0/16.5/23.4; class rows match verbatim,agree,Tables are embedded images; read from extracted PNG,2026-09-07,cohort
A133,audit_1,data/access/raw/decisions_has.csv,70,44,verified-from-source,https://ansm.sante.fr/tableau-atu-rtu/vyjuvek,product=Vyjuvek | system=France | country=France | body=ANSM (accès précoce) | indication_key=DEB | indication_text=Traitement des plaies chez les patients atteints d’épidermol | regulatory_approval_date=2025-04-23,reached,"AAP octroyee le 02/10/2025, en cours; indication text incl. COL7A1 and des la naissance",agree,,2026-09-07,access
A134,audit_2,data/uptake/raw/zevaskyn_revenue.csv,4,7,verified-from-source,https://www.sec.gov/Archives/edgar/data/318306/000149315226022610/ex99-1.htm,"product=Zevaskyn | period=2026Q1 | region=Total | revenue_musd=8.7 | currency=USD | source_doc=Abeona Therapeutics 8-K Ex-99.1, First Quarter 2026 Results  | source_url=https://www.sec.gov/Archives/edgar/data/318306/0001493152260 | status=verified-from-source",reached,net product revenue $8.7M Q1 2026 sentence verbatim; three patients treated; release 13 May 2026,agree,,2026-09-07,uptake
A135,audit_3,data/uptake/raw/cart_country_supplement.csv,168,327,verified-from-source,https://media.springernature.com/original/springer-static/esm/art%3A10.1038%2Fs41409-026-02919-9/MediaObjects/41409_2026_2919_MOESM2_ESM.docx,registry=EBMT activity survey | geography=Poland | year=2020 | product_or_class=CAR-T all | count_type=patients | per_10m_population=1.84 | verbatim=Supplementary Table 2. CAR-T therapy rate by country and yea,reached,"Supplementary Table 2 row Poland, 2020 = 1,84 per 10m",agree,docx table row matches.,2026-09-07,uptake
A136,audit_4,data/uptake/raw/zolgensma_revenue.csv,26,37,verified-from-source,https://www.sec.gov/Archives/edgar/data/1114448/000137036824000022/a241029-99_2.htm,product=Zolgensma (onasemnogene abeparvovec) | period=2024Q3 | region=Total (worldwide) | revenue_musd=308 | currency=USD | source_doc=Novartis Interim Financial Report Q3 2024 (Form 6-K Ex-99.2) | source_url=https://www.sec.gov/Archives/edgar/data/1114448/000137036824 | status=verified-from-source,reached,Zolgensma Q3 2024 USD 308m; 0% USD +1% cc; 9M 952m,agree,,2026-09-07,uptake
A137,audit_1,data/uptake/raw/elevidys_disclosures.csv,5,12,verified-from-source,https://www.sarepta.com/community-letter-update-regarding-elevidys,"product=Elevidys | record_type=patients_cumulative | as_of_date=2025-07-19 | region=US | value=1000 | unit=patients treated (approximate, includes clinical trial parti | verbatim=almost 1000 patients have been treated | source_doc=Sarepta Therapeutics, Community Letter: Update regarding ELE",reached,"Letter dated July 19, 2025; quote almost 1000 patients have been treated",agree,,2026-09-07,uptake
A138,audit_2,data/uptake/raw/label_events.csv,17,47,verified-from-source,https://www.fda.gov/media/189632/download,"product=Elevidys | geography=US | event_date=2025-11-14 | event_type=restriction | indication_key=DMD_4plus_nonamb | indication_text=The revised Indications and Usage limits the indication to a | pathway=standard | source_doc=FDA supplement approval letter STN BL 125781/189, 14 Nov 202",reached,STN BL 125781/189; 14 Nov 2025; 505(o)(4); revised Indications and Usage sentence verbatim; non-ambulatory no longer licensed,agree,WebFetch could not parse the PDF; read with pypdf,2026-09-07,uptake
A139,audit_3,data/access/raw/decisions_aifa.csv,16,33,verified-from-source,https://trovanorme.aifa.gov.it/tnf-service/determina/tnf/pubblicate/a843b75f-3de6-4520-9580-d4e45c9493ea | https://www.gazzettaufficiale.it/atto/serie_generale/caricaDettaglioAtto/originario?atto.dataPubblicazioneGazzetta=2026-04-03&atto.codiceRedazionale=26A01675,product=Carvykti | system=Italy | country=Italy | body=AIFA | indication_key=MM_2L | indication_text=CARVYKTI è indicato per il trattamento di pazienti adulti co | regulatory_approval_date=2024-04-19 | submission_or_start_date=2024-11-11,reached,"TNF determina AIFA_PRES-392-2026 dated 2026-03-26, published 2026-03-31, efficacia 2026-04-04; CARVYKTI, Janssen-Cilag, ATC L01XL05; GU Serie Generale n.78 03-04-2026 avviso 26A01675; price 420,000 EUR ex-factory / 693,168 al pubblico",not-verifiable,"Both listed URLs reached: the TNF JSON confirms document id, title, dates and product, and the GU page confirms the avviso 26A01675 of 3 Apr 2026; but the price, classe H, sconto and innovativita are in the attached determina PDF (allegato id 1775), which returns 404 on the tnf-service attachment endpoints tried and the TNF web page returns HTTP 400, so the price values could not be checked.",2026-09-07,access
A140,audit_4,data/uptake/raw/carvykti_disclosures.csv,5,8,verified-from-source,https://www.sec.gov/Archives/edgar/data/1801198/000180119826000022/a991earningsreleaseq22026.htm,product=Carvykti | record_type=centres | as_of_date=2026-06-30 | region=Global | value=348 | unit=treatment sites | verbatim=Expanded CARVYKTI availability to 348 global sites and 19 gl | source_doc=Legend Biotech Reports Second Quarter 2026 Results and Recen,reached,348 global sites; 19 global markets; release 2026-08-11,agree,,2026-09-07,uptake
A141,audit_1,data/uptake/raw/zevaskyn_disclosures.csv,2,18,verified-from-source,https://www.sec.gov/Archives/edgar/data/318306/000164117225010514/ex99-1.htm,"product=Zevaskyn | record_type=patients_cumulative | as_of_date=2025-05-15 | region=US | value=30 | unit=patients and caregivers registering in Abeona Assist | verbatim=approximately 30 patients and caregivers have started regist | source_doc=Abeona Therapeutics 8-K Ex-99.1, First Quarter 2025 Financia",reached,Quote: approximately 30 patients and caregivers have started registering in Abeona Assist; release 2025-05-15,agree,Fetched via WebFetch (curl 403).,2026-09-07,uptake
A142,audit_2,data/uptake/raw/casgevy_disclosures.csv,13,22,verified-from-source,https://www.sec.gov/Archives/edgar/data/875320/000087532025000171/ex-991_q12025.htm,"product=Casgevy | record_type=patients_cell_collection | as_of_date=2025-05-01 | region=Global | value=90 | unit=patients | verbatim=Since launch through May 1st, Vertex has activated more than | source_doc=Vertex 8-K Ex-99.1, First Quarter 2025 Financial Results (20",reached,more than 65 ATCs; approximately 90 patients first cell collection through May 1st; 8-K filed 5 May 2025,agree,,2026-09-07,uptake
A143,audit_3,data/uptake/raw/skysona_disclosures.csv,12,18,verified-from-source,https://www.sec.gov/Archives/edgar/data/1293971/000129397124000024/exhibit99120240813.htm,"product=Skysona | record_type=patients_period | as_of_date=2024-08-14 | region=US | value=4 | unit=patient starts in 2024 to date | verbatim=27 patient starts to date in 2024 (19 ZYNTEGLO, 4 LYFGENIA,  | source_doc=bluebird bio 8-K Ex-99.1, bluebird bio Reports Second Quarte",reached,"release 14 Aug 2024 (exhibit dated 13 Aug); verbatim ""27 patient starts to date in 2024 (19 ZYNTEGLO, 4 LYFGENIA, 4 SKYSONA)""",agree,Headline bullet matches; SKYSONA = 4.,2026-09-07,uptake
A144,audit_4,data/access/raw/decisions_cda_amc.csv,32,39,verified-from-source,https://www.ncbi.nlm.nih.gov/books/NBK602912/,product=Beqvez / Durveqtix | system=Canada | country=Canada | body=CADTH | indication_key=HEMB_adult | indication_text=For the treatment of adults (aged 18 years or older) with mo | regulatory_approval_date=2023-12-27,reached,"indication text; CDEC meeting 2023-12-20; reimburse with conditions; price $4,773,595/patient; at least 12 years; ~$127m 3-yr budget impact",minor-discrepancy,The quoted 'at least 57% and 17%' price-reduction figures are not on the Bookshelf page (economic thresholds not shown); NOC date 2023-12-27 not on page (row notes attribute it to Health Canada dhpp),2026-09-07,access
A145,audit_1,data/cohort/raw/s06_success_rates.csv,18,90,verified-from-source,https://media.nature.com/original/magazine-assets/d41573-025-00036-8/50677254,metric=transition_probability | technology_class=all oncology (BIO) | phase_from=Phase III (incl. Phase II/III) | phase_to=NDA/BLA application | value=47.7 | unit=percent | period_covered=Jan 2011-Nov 2020,reached,Supplementary table Phase III + II/III row: 68.4% 75.0% 57.8% 47.7% 60.0% 56%; BIO All Oncology column = 47.7%,agree,,2026-09-07,cohort
A146,audit_2,data/uptake/raw/verification_hemgenix_tecartus.csv,7,35,verified-from-source,https://www.bleeding.org/sites/default/files/document/files/Final_CSL%20HEMGENIX%20Community%20Letter_07%202026.pdf,"task=A | product=Hemgenix | record_type=patients_period | as_of_date=2026-07-28 | region=Global | value=22 | unit=patients (commercial and clinical trial) since April 2026 | verbatim=Since reestablishing limited supply in April 2026, HEMGENIX ",reached,22 people since April 2026 sentence verbatim; commercial and clinical trial settings; signed Dr. Deborah Long,agree,"PDF carries no date line, as the row notes",2026-09-07,uptake
A147,audit_3,data/cohort/raw/projections_S16_S17.csv,219,277,verified-from-source,https://www.ebi.ac.uk/europepmc/webservices/rest/PMC10910012/fullTextXML,source_id=S17 | source_title=Forecasting the potential impact of cell and gene therapies  | geography=France | series=patients_new_per_year | scenario=base; TA=Metabolic | year=2026 | value_point=58,reached,"Table 4 row Metabolic: 2023 0; 2024 1; 2025 14; 2026 58; 2027 98; 2028 211; 2029 534; 2030 844; Total 1,761",agree,Europe PMC full text XML matches (2026 = 58).,2026-09-07,cohort
A148,audit_4,data/uptake/raw/imlygic_disclosures.csv,4,4,verified-from-source,https://efts.sec.gov/LATEST/search-index?q=%22IMLYGIC%22%20%22Product%20Sales%20Detail%22&ciks=0000318154&forms=8-K&dateRange=custom&startdt=2016-01-01&enddt=2026-09-04,product=Imlygic | record_type=statement | as_of_date=2026-09-04 | region=Global | unit=coverage of check | verbatim=(EDGAR full-text search: 43 quarterly earnings exhibits and  | source_doc=EDGAR full-text search: Amgen 8-K earnings exhibits 2016-01-,reached,43 hits; all 8-K; file dates 2016-01-28 to 2026-08-04,agree,Verified by direct JSON query; WebFetch summary misreported the latest date as 2026-02-03,2026-09-07,uptake
A149,audit_1,data/uptake/raw/breyanzi_disclosures.csv,4,10,verified-from-source,https://hmpi.org/2026/02/18/car-t-therapy-escalating-costs-in-an-expanding-market/,"product=Breyanzi | record_type=list_price | as_of_date=2025 | region=US | value=531350 | unit=USD per treatment | verbatim=Table 1 (Breyanzi, Lisocabtagene maraleucel): market date 20 | source_doc=CAR-T Therapy: Escalating Costs in an Expanding Market, Heal",reached,"Table 1 Breyanzi: market date 02/05/2021; WAC $410,300 $410,300 $447,227 $487,477 $531,350; CAGR 6.85%",agree,,2026-09-07,uptake
A150,audit_2,data/uptake/raw/cart_country_supplement.csv,197,327,verified-from-source,https://media.springernature.com/original/springer-static/esm/art%3A10.1038%2Fs41409-026-02919-9/MediaObjects/41409_2026_2919_MOESM2_ESM.docx,registry=EBMT activity survey | geography=Spain | year=2022 | product_or_class=CAR-T all | count_type=patients | per_10m_population=77.07 | verbatim=Supplementary Table 2. CAR-T therapy rate by country and yea,reached,"Supplementary Table 2 Spain 2022 = 77,07 (2021 77,64; 2023 112,92)",agree,,2026-09-07,uptake
A151,audit_3,data/investment/raw/events_by_product.csv,31,86,verified-from-source,https://www.sec.gov/Archives/edgar/data/1281895/000114036126032028/ef20079821_ex99-1.htm,product=Kresladi | sponsor_at_event=Rocket Pharmaceuticals | event_date=2026-06-12 | event_type=asset-sale-or-licence | event_title=Rocket sells the Rare Pediatric Disease Priority Review Vouc | counterparty=undisclosed buyer | amount_usd_m=180 | manufacturing_model=lentiviral ex vivo,reached,"""On June 12, 2026, Rocket announced the closing of the sale of its Rare Pediatric Disease Priority Review Voucher (PRV) for gross proceeds of $180 million""",agree,Verbatim and date match.,2026-09-07,investment
A152,audit_4,data/access/raw/governance_us.csv,104,112,verified-from-source,https://www.sec.gov/Archives/edgar/data/1609351/000160935118000042/spark-exhibit991q12018.htm,system=United States | product=Luxturna | event_type=delivery-site | event_date=2018-05-08 | body=Spark Therapeutics | outcome=stated | detail=First three US patients treated at three centres. | amount=3,reached,release 2018-05-08; three patients treated at three named centres (MEE Boston; Bascom Palmer Miami; CHLA),agree,,2026-09-07,access
A153,audit_1,data/access/raw/decisions_gba.csv,15,70,verified-from-source,https://www.g-ba.de/bewertungsverfahren/nutzenbewertung/1097/,product=Yescarta | system=Germany | country=Germany | body=G-BA | indication_key=LBCL_2L | indication_text=Erwachsene mit diffus großzelligem B-Zell-Lymphom (DLBCL) un | regulatory_approval_date=2022-10-14 | submission_or_start_date=2024-07-01,reached,Beschlussfassung 19.12.2024; Anhaltspunkt fuer einen geringen Zusatznutzen; Jahrestherapiekosten 272 000 EUR (Lauer-Taxe 01.12.2024); document D-1078,agree,Price and rating read from the Tragende Gruende PDF linked from the source page.,2026-09-07,access
A154,audit_2,data/uptake/raw/beqvez_disclosures.csv,4,5,verified-from-source,https://efts.sec.gov/LATEST/search-index?q=%22Beqvez%22&ciks=0000078003&dateRange=custom&startdt=2024-01-01&enddt=2026-09-04,product=Beqvez | record_type=statement | as_of_date=2025-02-27 | region=Global | unit=SEC filings mentioning Beqvez | verbatim=(EDGAR full-text search lists 7 Pfizer documents mentioning  | source_doc=EDGAR full-text search: Pfizer filings 2024-01-01 to 2026-09,reached,7 hits; 8-K 2024-05-01 and 2024-07-30; 10-Q 2024-05-08/08-05/11-04; 10-K 2025-02-27; ARS 2025-03-13,agree,,2026-09-07,uptake
A155,audit_3,data/uptake/raw/cart_country_supplement.csv,119,327,verified-from-source,https://media.springernature.com/original/springer-static/esm/art%3A10.1038%2Fs41409-026-02919-9/MediaObjects/41409_2026_2919_MOESM2_ESM.docx,registry=EBMT activity survey | geography=Finland | year=2023 | product_or_class=CAR-T all | count_type=patients | per_10m_population=28.76 | verbatim=Supplementary Table 2. CAR-T therapy rate by country and yea,reached,"Supplementary Table 2 row Finland, 2023 = 28,76 per 10m",agree,"docx table row: Finland | (blank) | 5,44 | 16,29 | 14,46 | 18,02 | 28,76 | 60,67 (2018-2024).",2026-09-07,uptake
A156,audit_4,data/access/raw/decisions_aifa.csv,2,33,verified-from-source,https://www.gazzettaufficiale.it/atto/serie_generale/caricaDettaglioAtto/originario?atto.dataPubblicazioneGazzetta=2022-12-12&atto.codiceRedazionale=22A06867,product=Kymriah | system=Italy | country=Italy | body=AIFA | indication_key=ALL_ped;LBCL_3L | indication_text=Kymriah e' indicato per il trattamento di: pazienti pediatri | regulatory_approval_date=2018-08-23,reached,"Determina 846/2022 GU n.289 2022-12-12; classe H; ex factory EUR 320.000,00; al pubblico EUR 528.128,00; payment at results at infusion/6/12 months; sconto obbligatorio DLBCL; novativo of Determina 1264/2019; domanda 23 Dec 2020",agree,Act body loads dynamically; retrieved via the site's caricaArticoloDefault endpoint,2026-09-07,access
A157,audit_1,data/uptake/raw/ryoncil_disclosures.csv,4,10,verified-from-source,https://www.sec.gov/Archives/edgar/data/1345099/000134509925000068/exhibit991.htm,"product=Ryoncil | record_type=payer_coverage | as_of_date=2025-08-29 | region=US | value=250000000 | unit=US covered lives | verbatim=Coverage for Ryoncil continues to expand with over 250 milli | source_doc=Mesoblast 6-K Ex-99.1, Financial Results and Operational Upd",reached,Quote: over 250 million US lives insured by commercial and government payers; release 2025-08-29 (Melbourne),agree,Fetched via WebFetch (curl 403).,2026-09-07,uptake
A158,audit_2,data/uptake/raw/omisirge_disclosures.csv,6,9,verified-from-source,https://www.sec.gov/Archives/edgar/data/1600847/000121390024026229/ea0202430-10k_gamida.htm,"product=Omisirge | record_type=statement | as_of_date=2023-12-31 | region=US | value=1000 | unit=patients per year at peak (company projection) | verbatim=Based on our current launch trajectory, Omisirge has the pot | source_doc=Gamida Cell 10-K for the year ended December 31, 2023 (2024-",reached,"approximately 1,000 patients each year at peak market share; ~10% of addressable U.S. population; 10-K FY2023 accepted 27 Mar 2024",agree,,2026-09-07,uptake
A159,audit_3,data/uptake/raw/cart_country_supplement.csv,181,327,verified-from-source,https://media.springernature.com/original/springer-static/esm/art%3A10.1038%2Fs41409-026-02919-9/MediaObjects/41409_2026_2919_MOESM2_ESM.docx,registry=EBMT activity survey | geography=Russia | year=2020 | product_or_class=CAR-T all | count_type=patients | per_10m_population=2.96 | verbatim=Supplementary Table 2. CAR-T therapy rate by country and yea,reached,"Supplementary Table 2 row Russia, 2020 = 2,96 per 10m",agree,"docx table row: Russia | 1,58 | 2,34 | 2,96 | 1,93 | 0,76 | 2,22 | 1,46 (2018-2024).",2026-09-07,uptake
A160,audit_4,data/uptake/raw/ryoncil_revenue.csv,4,7,verified-from-source,https://www.sec.gov/Archives/edgar/data/1345099/000134509926000007/exhibit991ryoncilsalesde.htm,"product=Ryoncil | period=2025Q4 | region=Total | revenue_musd=35.1 | currency=USD | source_doc=Mesoblast 6-K Ex-99.1, Ryoncil sales update for quarter ende | source_url=https://www.sec.gov/Archives/edgar/data/1345099/000134509926 | status=verified-from-source",reached,gross revenue US$35.1m quarter ended 2025-12-31; 60% increase on prior quarter,agree,"Gross not net revenue, as the row notes state",2026-09-07,uptake
A161,audit_1,data/diagnostics/raw/medicare_partb_volumes_check.csv,7,18,verified-from-source,https://www.cms.gov/files/zip/2024-part-b-national-summary-data-file.zip,code=81228 | descriptor=Cytogenomic (genome-wide) analysis for constitutional chromo | year=2024 | allowed_services=21 | allowed_charges_usd=18749.52 | payment_usd=18374.52 | source_file=2024-part-b-national-summary-data-file.zip > National/Y2024_,reached,"Y2024_04 Path.Lab workbook, HCPCS 81228 TOTAL: allowed services 21; allowed charges 18749.52; payment 18374.52",agree,Zip downloaded and workbook read directly.,2026-09-07,diagnostics
A162,audit_2,data/uptake/raw/hemgenix_disclosures.csv,15,5,verified-from-source,https://www.hemophiliafed.org/csl-provides-update-on-hemgenix-supply-and-patient-access/,product=Hemgenix | record_type=centres | as_of_date=2026-07-28 | region=Global | unit=treatment centres | verbatim=continued experience across new and established treatment ce | source_doc=CSL letter to the hemophilia B community reproduced by Hemop,reached,post dated 28 Jul 2026; phrase continued experience across new and established treatment centers; no centre count given,agree,,2026-09-07,uptake
A163,audit_3,data/uptake/raw/country_population.csv,79,90,verified-from-source,https://api.worldbank.org/v2/country/AUS/indicator/SP.POP.TOTL?format=json&date=2017:2025,"country=Australia | year=2024 | population=27194286 | source_doc=World Bank World Development Indicators, SP.POP.TOTL (Popula | source_url=https://api.worldbank.org/v2/country/AUS/indicator/SP.POP.TO | status=verified-from-source",reached,Australia SP.POP.TOTL 2024 = 27194286; lastupdated 2026-07-13,agree,World Bank API JSON matches.,2026-09-07,uptake
A164,audit_4,data/uptake/raw/cart_country_supplement.csv,61,327,verified-from-source,https://media.springernature.com/original/springer-static/esm/art%3A10.1038%2Fs41409-026-02919-9/MediaObjects/41409_2026_2919_MOESM3_ESM.pdf,"registry=EBMT activity survey | geography=Russia | year=2024 | product_or_class=CAR-T all | count=26 | count_type=infusions | verbatim=Russia: (15 centres: 1688 (1805) 773/915), (21 (26) 13/8)",reached,Russia line: 15 centres; 21 (26) 13/8; all CAR-T = 26; verbatim exact,agree,,2026-09-07,uptake
A165,audit_1,data/access/raw/governance_us.csv,12,112,verified-from-source,https://www.federalregister.gov/documents/2022/08/10/2022-16472,system=United States | product=Abecma | event_type=add-on-payment | event_date=2022-08-10 | body=CMS | outcome=granted | detail=FY2023 NTAP continued for ABECMA. | amount=289532.75,reached,"Quote: maximum NTAP for CARVYKTI or ABECMA is $289,532.75 for FY 2023; FR Doc 2022-16472 published 2022-08-10",agree,Document page returns 404/unblock redirect to curl and WebFetch and Wayback has no capture; verified through the Federal Register API and its full-text XML for the same document number.,2026-09-07,access
A166,audit_2,data/uptake/raw/tecartus_revenue.csv,93,120,verified-from-source,https://investors.gilead.com/news/news-details/2026/Gilead-Sciences-Announces-Second-Quarter-2026-Financial-Results/default.aspx,product=Tecartus | period=2026Q2 | region=Europe | revenue_musd=34 | currency=USD | source_doc=Gilead Sciences Announces Second Quarter 2026 Financial Resu | source_url=https://investors.gilead.com/news/news-details/2026/Gilead-S | status=verified-from-source,reached,Tecartus Q2 2026 Europe $34M (U.S. 29; RoW 8; Total 70); release 4 Aug 2026,agree,,2026-09-07,uptake
A167,audit_3,data/uptake/raw/country_population.csv,41,90,verified-from-source,https://api.worldbank.org/v2/country/ITA/indicator/SP.POP.TOTL?format=json&date=2017:2025,"country=Italy | year=2022 | population=59013667 | source_doc=World Bank World Development Indicators, SP.POP.TOTL (Popula | source_url=https://api.worldbank.org/v2/country/ITA/indicator/SP.POP.TO | status=verified-from-source",reached,Italy SP.POP.TOTL 2022 = 59013667; lastupdated 2026-07-13,agree,World Bank API JSON matches.,2026-09-07,uptake
A168,audit_4,data/uptake/raw/eligible_E3a.csv,72,53,verified-from-source,https://www.globenewswire.com/news-release/2025/12/16/3206511/0/en/Orchard-Therapeutics-Celebrates-Addition-of-Metachromatic-Leukodystrophy-to-the-U-S-Recommended-Uniform-Screening-Panel.html,"product=Lenmeldy | indication_key=MLD_early | indication_label=pre-symptomatic late infantile (PSLI), pre-symptomatic early | geography=US | measure_type=label_indication",reached,release 2025-12-16; indication wording PSLI / PSEJ / ESEJ MLD,agree,,2026-09-07,uptake
A169,audit_1,data/uptake/raw/vyjuvek_revenue.csv,2,30,verified-from-source,https://www.sec.gov/Archives/edgar/data/1711279/000171127924000009/krys12312023ex991pressrele.htm,"product=Vyjuvek | period=2023FY | region=Total | revenue_musd=50.7 | currency=USD | source_doc=Krystal Biotech 8-K Ex-99.1, Fourth Quarter and Full Year 20 | source_url=https://www.sec.gov/Archives/edgar/data/1711279/000171127924 | status=verified-from-source",reached,VYJUVEK full year 2023 net product revenue $50.7 million; Q4 2023 $42.1 million; release 2024-02-26,agree,Fetched via WebFetch (curl 403).,2026-09-07,uptake
A170,audit_2,data/uptake/raw/cart_country_supplement.csv,277,327,verified-from-source,https://experts-recherche-lymphome.org/lysa/parcourir-les-etudes-cliniques-en-cours/descar-t/les-car-t-quest-ce-que-cest/,registry=LYSARC (DESCAR-T site) | geography=France | year=2026 | product_or_class=CAR-T all (adult centres) | count=33 | count_type=centres_qualified | verbatim=Les centres qualifiés CAR-T pour le traitement des adultes .,reached,adult qualified CAR-T centres list: 33 numbered entries; first Henri Mondor Creteil; last no. 33 CHU Cavale Blanche Brest,agree,,2026-09-07,uptake
A171,audit_3,data/cohort/raw/projections_S16_S17.csv,177,277,verified-from-source,https://www.ebi.ac.uk/europepmc/webservices/rest/PMC10910012/fullTextXML,source_id=S17 | source_title=Forecasting the potential impact of cell and gene therapies  | geography=France | series=patients_new_per_year | scenario=base; TA=Cardiovascular | year=2024 | value_point=0,reached,"Table 4 row Cardiovascular: 2023 0; 2024 0; 2025 1,353; 2026 6,763; 2027 12,173 (printed ""1,2173""); 2028 17,583; 2029 22,993; 2030 27,321; Total 88,185",agree,"Europe PMC full text XML matches (2024 = 0); source prints 2027 as ""1,2173"", a typographical variant of 12,173.",2026-09-07,cohort
