product,product_key,sponsor_at_event,event_date,event_type,is_retreat,event_title,counterparty,amount_usd_m,manufacturing_model,geography,months_from_first_approval,after_approval,is_prv_sale,stated_reason_verbatim,source_doc,source_url,fetched_date,status,usable,origin,notes
,,,2019,acquisition,False,Astellas acquires Audentes,,,AAV systemic,,,False,False,,,,,seeded-from-memory,False,investment_events.csv seed,
,,,2025,acquisition,False,Eli Lilly acquires Verve Therapeutics,,,in vivo LNP base editing,,,False,False,,,,,seeded-from-memory,False,investment_events.csv seed,
,,,2025,acquisition,False,AstraZeneca acquires EsoBiotec,,,in vivo CAR-T,,,False,False,,,,,seeded-from-memory,False,investment_events.csv seed,
,,,2025,acquisition,False,AbbVie acquires Capstan Therapeutics,,,in vivo CAR-T,,,False,False,,,,,seeded-from-memory,False,investment_events.csv seed,
,,,2025,acquisition,False,Gilead / Kite acquires Interius BioTherapeutics,,,in vivo CAR-T,,,False,False,,,,,seeded-from-memory,False,investment_events.csv seed,
Abecma,abecma,Celgene,2019-01-03,acquisition,False,Bristol-Myers Squibb acquires Celgene (Abecma co-developer with bluebird bio),Bristol-Myers Squibb,,autologous CAR-T,worldwide,-26.7,False,False,"each share of Celgene common stock ... will automatically be converted into the right to receive (1) $50.00 in cash, without interest, (2) one share of BMS common stock and (3) one tradeable contingent value right (a 'CVR') representing the right to receive $9.00 in cash if a specified set of milestones is achieved","Celgene Corp Form 8-K (Item 1.01), Agreement and Plan of Merger with Bristol-Myers Squibb dated 2019-01-02 (filed 2019-01-04)",https://www.sec.gov/Archives/edgar/data/816284/000114420419000539/tv510358_8k.htm,2026-09-05,verified-from-source,True,agent events_by_product.csv,Predates first approval (Abecma 2021-03-26; Breyanzi 2021-02-05); included because it fixed the sponsor at launch. Announced 2019-01-03; closing 2019-11-20 per Celgene 8-K https://www.sec.gov/Archives/edgar/data/816284/000110465919065939/tm1923405d1_8k.htm. Headline value c. USD 74bn per contemporaneous releases (not restated in the 8-K read); amount left blank.
Abecma,abecma,,2021,restructuring,True,bluebird bio spins off 2seventy bio,,,lentiviral ex vivo; CAR-T,,3.2,True,False,,,,,seeded-from-memory,False,investment_events.csv seed,
Abecma,abecma,bluebird bio,2021-11-04,restructuring,True,bluebird bio completes tax-free spin-off of oncology business (incl. US Abecma 50/50 share) as 2seventy bio,2seventy bio,,autologous CAR-T,US,7.3,True,False,"On November 4, 2021, bluebird bio completed the tax-free spin-off of its oncology business, 2seventy bio, Inc.","bluebird bio 8-K Ex-99.1, Third Quarter 2021 Financial Results (2021-11-05)",https://www.sec.gov/Archives/edgar/data/1293971/000129397121000085/exhibit99120211105.htm,2026-09-05,verified-from-source,True,agent events_by_product.csv,Separation first announced January 2021. Also in release: completion of the sale of bluebird's North Carolina manufacturing facility.
Abecma,abecma,2seventy bio,2023-09-12,restructuring,True,2seventy bio strategic restructuring: c.40% workforce reduction to prioritise Abecma,,,autologous CAR-T,US,29.6,True,False,"2seventy bio Announces Strategic Restructuring to Prioritize Growth of Abecma, Streamline Pipeline Advancement and Preserve Financial Runway. Approximately 40% workforce reduction combined with related actions expected to achieve $130+ million savings in the 2024-2025 period",2seventy bio 8-K Ex-99.1 press release (2023-09-12),https://www.sec.gov/Archives/edgar/data/1860782/000186078223000101/a91223pr.htm,2026-09-05,verified-from-source,True,agent events_by_product.csv,Savings USD 130m+ over 2024-2025 (not a charge); amount field left blank.
Abecma,abecma,2seventy bio,2024-01-30,restructuring,True,2seventy bio sells R&D pipeline to Regeneron and focuses exclusively on Abecma,Regeneron,,autologous CAR-T,US,34.2,True,False,"Company to focus exclusively on commercialization and development of Abecma, in partnership with Bristol Myers Squibb. Company to sell R&D pipeline to Regeneron to launch Regeneron Cell Medicines business ... Expected annual cost savings of approximately $150 million in 2024","2seventy bio 8-K Ex-99.1, '2seventy bio Announces New Strategic Path Forward' (2024-01-30)",https://www.sec.gov/Archives/edgar/data/1860782/000186078224000007/tsvtfirefoxpr_final1.htm,2026-09-05,verified-from-source,True,agent events_by_product.csv,"Pipeline sale, not a sale of Abecma; classified as sponsor restructuring around the product."
Abecma,abecma,Bristol Myers Squibb / 2seventy bio,2024-04-18,shipment-pause-or-restriction,False,FDA requires class-wide boxed warning for T-cell malignancies (BCMA- and CD19-directed autologous CAR-T),FDA,,autologous CAR-T,US,36.8,True,False,"In November 2023, the Food and Drug Administration (FDA) posted a safety communication to provide information about reports of T cell malignancies including chimeric antigen receptor CAR-positive lymphoma in patients who received treatment with BCMA- or CD19-directed autologous CAR T cell immunotherapies. ... FDA concluded that changes to the boxed warning are warranted","FDA CBER safety communication, 'FDA Requires Boxed Warning for T cell Malignancies Following Treatment with BCMA-Directed or CD19-Directed Autologous CAR T cell Immunotherapies' (2024-04-18)",https://www.fda.gov/vaccines-blood-biologics/safety-availability-biologics/fda-requires-boxed-warning-t-cell-malignancies-following-treatment-bcma-directed-or-cd19-directed,2026-09-05,verified-from-source,True,agent events_by_product.csv,"Class label change, not a sponsor decision; products listed on the FDA page: Abecma, Breyanzi, Carvykti, Kymriah, Tecartus, Yescarta. Label restriction only; no supply pause. Safety communication first posted November 2023; letters to sponsors January 2024."
Abecma,abecma,2seventy bio,2025-03-10,acquisition,False,Bristol Myers Squibb acquires 2seventy bio (US Abecma profit-share partner),Bristol Myers Squibb,286,autologous CAR-T,US,47.5,True,False,"BMS will acquire all of the outstanding shares of 2seventy bio at a price of $5.00 per share in an all-cash transaction for a total equity value of approximately $286 million, or $102 million net of estimated cash. The deal represents an 88% premium to the closing price of $2.66 on March 7, 2025.","2seventy bio 8-K Ex-99.1, '2seventy bio Enters into Definitive Agreement to be Acquired by Bristol Myers Squibb' (2025-03-11)",https://www.sec.gov/Archives/edgar/data/1860782/000119312525051427/d905827dex991.htm,2026-09-05,verified-from-source,True,agent events_by_product.csv,Closing 2025-05-13 per 2seventy 8-K https://www.sec.gov/Archives/edgar/data/1860782/000114036125018514/ny20048433x3_8k.htm. After closing no independent partner disclosure of US Abecma revenue.
Abecma,abecma,,2025,acquisition,False,Bristol Myers Squibb acquires 2seventy bio,,,autologous CAR-T,,51.2,True,False,,,,,seeded-from-memory,False,investment_events.csv seed,
Adstiladrin,adstiladrin,Ferring,2025-04-24,shipment-pause-or-restriction,True,Supply-constrained initial US rollout (H2 2023) ended with full availability announced January 2024; third manufacturing site approved April 2025,,,other,US,28.3,True,False,"As announced in January 2024, ADSTILADRIN is fully available and accessible in the U.S. ADSTILADRIN has confirmed 99 percent coverage for commercial and government-insured patients.","Ferring press release, 'U.S. FDA approves second drug product manufacturing facility for Adstiladrin' (2025-04-24)",https://www.ferring.com/u-s-fda-approves-second-drug-product-manufacturing-facility-for-adstiladrin-nadofaragene-firadenovec-vncg/,2026-09-05,verified-from-source,True,agent events_by_product.csv,"Event is a capacity-limited launch (approval 2022-12-16, initial rollout H2 2023), not a sponsor retreat; the January 2024 'fully available' release itself was not retrieved, so the row is dated by the April 2025 release that restates it. Ferring is private: no SEC filings. Same release: FDA approval of Parsippany NJ site 'secures a final $200 million payment from Royalty Pharma'."
Alofisel,alofisel,Takeda,2024-02-01,restructuring,True,Takeda records JPY 74.0bn impairment on Alofisel after ADMIRE-CD II failure,,,allogeneic cell,worldwide,70.3,True,False,The JPY 119.3 billion impairment losses recorded in the current period primarily includes JPY 74.0 billion impairment charges for ALOFISEL (for complex Crohn's perianal fistulas) following topline results of phase 3 ADMIRE-CD II trial,"Takeda 6-K, FY2023 Q3 (nine months to 2023-12-31) financial results (2024-02-02)",https://www.sec.gov/Archives/edgar/data/1395064/000139506424000016/form6k_020224.htm,2026-09-05,verified-from-source,True,agent events_by_product.csv,Amount in JPY (c. USD 0.5bn at early-2024 rates; not converted in the amount field). ADMIRE-CD II topline 2023-10-17: study 'did not meet its primary endpoint of combined remission at 24 weeks' (https://www.sec.gov/Archives/edgar/data/1395064/000139506423000129/alofiseltoplineresults.htm).
Alofisel,alofisel,Takeda,2024-12-13,discontinuation-or-withdrawal,True,Takeda voluntarily withdraws Alofisel's EU marketing authorisation,European Commission,,allogeneic cell,EU,80.7,True,False,"'Those valuable discussions indicated that despite the conflicting results across our data, the clinical benefit of Alofisel is no longer sufficient to justify its continued use in the EU. We recognize the difficulty of this outcome for patients and will work closely with the Crohn's Perianal Fistulas (CPF) community during this transition.' (Ramona Sequeira, Takeda)","Takeda statement, 'Takeda Provides an Update on Alofisel (darvadstrocel)' (2024-12-13); EMA EPAR page, Alofisel",https://www.takeda.com/newsroom/statements/2024/takeda-alofisel-update-2024/,2026-09-05,verified-from-source,True,agent events_by_product.csv,"EMA: 'On 13 December 2024, the European Commission withdrew the marketing authorisation for Alofisel ... at the request of the marketing authorisation holder, Takeda Pharma A/S, which notified the European Commission of its decision to permanently stop the marketing of the product in the EU' (https://www.ema.europa.eu/en/medicines/human/EPAR/alofisel). Takeda: 'engaging health authorities about this outcome in countries where Alofisel is currently approved' (Japan)."
Alofisel,alofisel,Takeda,2024-12-13,discontinuation-or-withdrawal,True,EU marketing authorisation withdrawn or expired,,,allogeneic MSC,EU,80.7,True,False,,EMA EPAR page,https://www.ema.europa.eu/en/medicines/human/EPAR/alofisel,,verified-from-source,True,product_cohort.csv (F020),
Alofisel,alofisel,Takeda,2025-10-01,sponsor-exit-from-modality,True,Takeda discontinues all cell therapy research and seeks external partner for its platform,,,allogeneic cell,worldwide,90.3,True,False,"Takeda (TSE:4502/NYSE:TAK) today announced that as part of a strategic portfolio prioritization process, the company has made the decision to discontinue its cell therapy efforts. Takeda will seek an external partner to leverage its cell therapy platform technologies","Takeda 6-K, statement 'Takeda Provides Update on Cell Therapy Research' (2025-10-01)",https://www.sec.gov/Archives/edgar/data/1395064/000139506425000145/form6k_100125.htm,2026-09-05,verified-from-source,True,agent events_by_product.csv,Ten months after the Alofisel EU withdrawal. Trade press (Fierce Biotech) reports 137 US roles affected and an expected impairment of c. JPY 58bn on the gamma-delta platform; not verified from the 6-K read. Takeda statement page: https://www.takeda.com/newsroom/statements/2025/takeda-provides-update-on-cell-therapy-research/
Amtagvi,amtagvi,Iovance,2025-08-07,restructuring,True,Iovance strategic restructuring (>USD 100m annual savings; cash runway into 4Q26),,,other,US,17.7,True,False,"Iovance is implementing a strategic restructuring to optimize business performance, resulting in more than $100 million in annual cost savings starting in the fourth quarter of 2025 and extending cash runway into the fourth quarter of 2026. No significant changes to the pipeline are expected","Iovance 8-K Ex-99.1, Q2 2025 financial results and corporate updates (2025-08-07)",https://www.sec.gov/Archives/edgar/data/1425205/000110465925075175/tm2522769d1_ex99-1.htm,2026-09-05,verified-from-source,True,agent events_by_product.csv,Manufacturing model: autologous tumour-infiltrating lymphocytes (TIL). Workforce percentage not stated in the release or the Q3 2025 10-Q text read; 10-Q refers to 'our restructuring plan and workforce reduction'.
Amtagvi,amtagvi,Iovance,2025-08-07,discontinuation-or-withdrawal,True,Iovance withdraws EU marketing authorisation application for lifileucel after CHMP interactions,EMA,,other,EU,17.7,True,False,Iovance recently withdrew a marketing authorization application (MAA) from the European Medicines Agency (EMA) following interactions with EMA's Committee for Medicinal Products for Human Use. A new strategy is in development to make Amtagvi and TIL therapy broadly accessible to patients in the EU.,"Iovance 8-K Ex-99.1, Q2 2025 results (2025-08-07); Iovance 10-Q for quarter ended 2025-06-30",https://www.sec.gov/Archives/edgar/data/1425205/000110465925075175/tm2522769d1_ex99-1.htm,2026-09-05,verified-from-source,True,agent events_by_product.csv,"Withdrawal of a pending application, not of an authorisation; exact notification date not stated (row dated by disclosure). 10-Q: 'Iovance notified EMA of its decision to withdraw the MAA and is working to determine a resubmission strategy' https://www.sec.gov/Archives/edgar/data/1425205/000155837025010807/iova-20250630x10q.htm. EMA withdrawn-application page not found (404)."
Amtagvi,amtagvi,Iovance,,shipment-pause-or-restriction,True,no label restriction or withdrawal found; still accelerated approval pending confirmatory trial TILVANCE-301,,,tumour-infiltrating lymphocytes,US,,False,False,,FDA product page,https://www.fda.gov/vaccines-blood-biologics/approved-blood-products/amtagvi,,verified-from-source,False,product_cohort.csv (F020),
Aucatzyl,aucatzyl,Autolus,2026-04-29,restructuring,True,Autolus cost-reduction initiative: c.13% headcount reduction while doubling manufacturing output,,,autologous CAR-T,worldwide,17.6,True,False,Company will reduce headcount by approximately 13% while doubling manufacturing of products for commercial and clinical trial patients in 2026 ... Autolus reiterates full year 2026 AUCATZYL net product revenue of $120 million to $135 million,"Autolus 8-K Ex-99.1, 'Autolus Therapeutics Announces Initiative to Support Operational Efficiency and Cost Reduction' (2026-04-29)",https://www.sec.gov/Archives/edgar/data/1730463/000119312526192362/d113906dex991.htm,2026-09-05,verified-from-source,True,agent events_by_product.csv,"Q1 2026 release: reduction 'expected to reduce operating expenses by approximately $15 million on an annualized basis' https://www.sec.gov/Archives/edgar/data/1730463/000173046326000058/autlex-991pr140526.htm. Framed as margin improvement, not retreat; guidance later raised to USD 140-150m (Aug 2026)."
Beqvez / Durveqtix,beqvez,Pfizer,2025-02-21,discontinuation-or-withdrawal,True,Pfizer terminates development and commercialisation of Beqvez worldwide and terminates the Spark licence,Spark Therapeutics (Roche),,AAV systemic,worldwide,9.9,True,False,"In February 2025, Pfizer decided to terminate development and commercialization of Beqvez (fidanacogene elaparvovec) and elected to terminate the license agreement between Pfizer and Spark Therapeutics, Inc. effective as of August 6, 2025.","Pfizer Form 10-K for fiscal year 2024 (filed 2025-02-27), Item 1 product developments",https://www.sec.gov/Archives/edgar/data/78003/000007800325000054/pfe-20241231.htm,2026-09-05,verified-from-source,True,agent events_by_product.csv,"Announcement date 2025-02-21 per BioPharma Dive https://www.biopharmadive.com/news/pfizer-beqvez-hemophilia-halt-sales-gene-therapy/740590/, which quotes Pfizer citing 'the limited interest patients and their doctors have demonstrated in hemophilia gene therapies to date'; the 10-K gives only 'February 2025' and no reason. Less than 10 months after FDA approval (2024-04-25). Licence termination effective 2025-08-06 returns rights to Spark/Roche."
Beqvez / Durveqtix,beqvez,Pfizer,2025-02-21,sponsor-exit-from-modality,True,Pfizer left with no marketed or clinical-stage gene therapy after dropping Beqvez,,,AAV systemic,worldwide,9.9,True,False,"(trade press characterisation) With the dropping of Beqvez, Pfizer currently has no gene therapy products on the market or in development.","Fierce Pharma, 'Pfizer discontinues hemophilia treatment Beqvez, emptying its gene therapy portfolio' (February 2025); CGTlive, 'Pfizer Jettisons FDA-Approved Hemophilia B Gene Therapy Beqvez'",https://www.fiercepharma.com/pharma/pfizer-empties-gene-therapy-portfolio-discontinues-hemophilia-treatment-beqvez,2026-09-05,provisional-from-snippet,False,agent events_by_product.csv,"Fierce URL returned HTTP 403; characterisation taken from search snippets. Primary corroboration in Pfizer 10-K FY2024: 'On September 19, 2023, we completed an agreement with Alexion, under which Alexion purchased and licensed the assets of our early-stage rare disease gene therapy portfolio ... total consideration of up to $1 billion, consisting of an upfront payment of $300 million' (https://www.sec.gov/Archives/edgar/data/78003/000007800325000054/pfe-20241231.htm); Sangamo haemophilia A collaboration terminated December 2024 (not read)."
Beqvez / Durveqtix,beqvez,Pfizer,2025-05-15,discontinuation-or-withdrawal,True,EU marketing authorisation for Beqvez (previously Durveqtix) withdrawn at Pfizer's request,European Commission,,AAV systemic,EU,12.6,True,False,"On 15 May 2025, the European Commission withdrew the marketing authorisation for Beqvez (fidanacogene elaparvovec) in the European Union (EU). The withdrawal was requested by the marketing authorisation holder, Pfizer Europe MA EEIG, due to commercial reasons. ... The product had not been marketed in the EU.","EMA EPAR page, Beqvez (previously Durveqtix), 'Withdrawn' status and overview",https://www.ema.europa.eu/en/medicines/human/EPAR/durveqtix,2026-09-05,verified-from-source,True,agent events_by_product.csv,Conditional EU authorisation granted 2024-07-24; withdrawn under 10 months later without any EU sales.
Beqvez / Durveqtix,beqvez,Pfizer,2025-05-15,discontinuation-or-withdrawal,True,EU marketing authorisation withdrawn or expired,,,AAV systemic,EU,12.6,True,False,,EMA EPAR page,https://www.ema.europa.eu/en/medicines/human/EPAR/durveqtix,,verified-from-source,True,product_cohort.csv (F020),
Beqvez,beqvez,,2025,discontinuation-or-withdrawal,True,Pfizer discontinues Beqvez and exits gene therapy,,,AAV systemic,,14.2,True,False,,,,,seeded-from-memory,False,investment_events.csv seed,
Beqvez / Durveqtix,beqvez,,2025,discontinuation-or-withdrawal,True,"Pfizer withdraws Durveqtix (Beqvez) EU marketing authorisation for commercial reasons, 2025-05-15",,,AAV systemic,,14.2,True,False,,EMA EPAR page for Durveqtix; see product_cohort.csv eu_source_url,,2026-09-04,verified-from-source,True,investment_events.csv seed,
Breyanzi,breyanzi,Juno Therapeutics,2018-01-22,acquisition,False,Celgene acquires Juno Therapeutics (liso-cel originator),Celgene,9000,autologous CAR-T,worldwide,-36.5,False,False,"Celgene will pay $87 per share in cash, or a total of approximately $9 billion, net of cash and marketable securities acquired and Juno shares already owned by Celgene (approximately 9.7% of outstanding shares).",Juno Therapeutics 8-K Ex-99.1 joint press release (2018-01-22),https://www.sec.gov/Archives/edgar/data/1594864/000119312518015255/d531432dex991.htm,2026-09-05,verified-from-source,True,agent events_by_product.csv,"Predates first approval (2021-02-05); included because it fixed the sponsor at launch. Closing 8-K dated 2018-03-06 (https://www.sec.gov/Archives/edgar/data/1594864/000119312518071366/d519479d8k.htm, not read)."
Breyanzi,breyanzi,Celgene,2019-01-03,acquisition,False,Bristol-Myers Squibb acquires Celgene,Bristol-Myers Squibb,,autologous CAR-T,worldwide,-25.1,False,False,"each share of Celgene common stock ... will automatically be converted into the right to receive (1) $50.00 in cash, without interest, (2) one share of BMS common stock and (3) one tradeable contingent value right (a 'CVR') representing the right to receive $9.00 in cash if a specified set of milestones is achieved","Celgene Corp Form 8-K (Item 1.01), Agreement and Plan of Merger with Bristol-Myers Squibb dated 2019-01-02 (filed 2019-01-04)",https://www.sec.gov/Archives/edgar/data/816284/000114420419000539/tv510358_8k.htm,2026-09-05,verified-from-source,True,agent events_by_product.csv,Predates first approval (Abecma 2021-03-26; Breyanzi 2021-02-05); included because it fixed the sponsor at launch. Announced 2019-01-03; closing 2019-11-20 per Celgene 8-K https://www.sec.gov/Archives/edgar/data/816284/000110465919065939/tm1923405d1_8k.htm. Headline value c. USD 74bn per contemporaneous releases (not restated in the 8-K read); amount left blank.
Breyanzi,breyanzi,Bristol Myers Squibb,2024-04-18,shipment-pause-or-restriction,False,FDA requires class-wide boxed warning for T-cell malignancies (BCMA- and CD19-directed autologous CAR-T),FDA,,autologous CAR-T,US,38.4,True,False,"In November 2023, the Food and Drug Administration (FDA) posted a safety communication to provide information about reports of T cell malignancies including chimeric antigen receptor CAR-positive lymphoma in patients who received treatment with BCMA- or CD19-directed autologous CAR T cell immunotherapies. ... FDA concluded that changes to the boxed warning are warranted","FDA CBER safety communication, 'FDA Requires Boxed Warning for T cell Malignancies Following Treatment with BCMA-Directed or CD19-Directed Autologous CAR T cell Immunotherapies' (2024-04-18)",https://www.fda.gov/vaccines-blood-biologics/safety-availability-biologics/fda-requires-boxed-warning-t-cell-malignancies-following-treatment-bcma-directed-or-cd19-directed,2026-09-05,verified-from-source,True,agent events_by_product.csv,"Class label change, not a sponsor decision; products listed on the FDA page: Abecma, Breyanzi, Carvykti, Kymriah, Tecartus, Yescarta. Label restriction only; no supply pause. Safety communication first posted November 2023; letters to sponsors January 2024."
Carvykti,carvykti,Janssen / Legend Biotech,2024-04-18,shipment-pause-or-restriction,False,FDA requires class-wide boxed warning for T-cell malignancies (BCMA- and CD19-directed autologous CAR-T),FDA,,autologous CAR-T,US,25.6,True,False,"In November 2023, the Food and Drug Administration (FDA) posted a safety communication to provide information about reports of T cell malignancies including chimeric antigen receptor CAR-positive lymphoma in patients who received treatment with BCMA- or CD19-directed autologous CAR T cell immunotherapies. ... FDA concluded that changes to the boxed warning are warranted","FDA CBER safety communication, 'FDA Requires Boxed Warning for T cell Malignancies Following Treatment with BCMA-Directed or CD19-Directed Autologous CAR T cell Immunotherapies' (2024-04-18)",https://www.fda.gov/vaccines-blood-biologics/safety-availability-biologics/fda-requires-boxed-warning-t-cell-malignancies-following-treatment-bcma-directed-or-cd19-directed,2026-09-05,verified-from-source,True,agent events_by_product.csv,"Class label change, not a sponsor decision; products listed on the FDA page: Abecma, Breyanzi, Carvykti, Kymriah, Tecartus, Yescarta. Label restriction only; no supply pause. Safety communication first posted November 2023; letters to sponsors January 2024."
Carvykti,carvykti,Janssen / Legend Biotech,,none-found,False,"No sponsor acquisition, divestiture, withdrawal, pause, restructuring or delisting found 2022-02-28 to 2026-09-05 (other than the class boxed warning above)",,,autologous CAR-T,worldwide,,False,False,,"EDGAR full-text search, Legend Biotech 20-F/6-K/8-K 2022-2026 for 'CARVYKTI' with 'restructuring' (7 hits, all 20-F boilerplate)",https://efts.sec.gov/LATEST/search-index?q=%22CARVYKTI%22%20%22restructuring%22&dateRange=custom&startdt=2022-03-01,2026-09-05,not-found,False,agent events_by_product.csv,"2022-2023 capacity constraints were manufacturing scale-up limits, not a pause; not logged."
Casgevy,casgevy,Vertex / CRISPR Therapeutics,,none-found,False,"No sponsor acquisition, divestiture, withdrawal, pause, restructuring or delisting found 2023-12-08 to 2026-09-05",,,CRISPR ex vivo,worldwide,,False,False,,"EDGAR full-text search, Vertex (CIK 875320) and CRISPR Therapeutics (CIK 1674416) 8-K/10-Q 2024-2026 for 'CASGEVY' with 'workforce' (0 hits)",https://efts.sec.gov/LATEST/search-index?q=%22CASGEVY%22%20%22workforce%22&dateRange=custom&startdt=2024-01-01,2026-09-05,not-found,False,agent events_by_product.csv,Vertex's retreat from AAV programmes is not attributable to Casgevy and is not logged here.
Ebvallo,ebvallo,Atara Biotherapeutics,2021-10-02,asset-sale-or-licence,False,Atara licenses tab-cel (Ebvallo) commercialisation in Europe and other ex-US markets to Pierre Fabre,Pierre Fabre,45,allogeneic cell,EU,-14.5,False,False,Pierre Fabre will pay the Company an upfront cash payment of $45 million for the exclusive license grant. The Company is also entitled to receive an aggregate of up to $318 million in milestone payments upon achieving certain regulatory and commercial milestones relating to the Product.,"Atara 8-K (Item 1.01), Commercialization Agreement with Pierre Fabre Medicament effective 2021-10-02 (filed 2021-10-04)",https://www.sec.gov/Archives/edgar/data/1604464/000119312521290388/d175477d8k.htm,2026-09-05,verified-from-source,True,agent events_by_product.csv,Predates EU authorisation (2022-12-16) by 14 months; Pierre Fabre is the EU marketing authorisation holder. Manufacturing model: allogeneic EBV-specific T cells (off-the-shelf).
Ebvallo,ebvallo,Atara Biotherapeutics,2023-10-31,asset-sale-or-licence,False,"Atara out-licenses remaining global (incl. US) tab-cel rights, manufacturing and development to Pierre Fabre; associated Atara restructuring",Pierre Fabre,640,allogeneic cell,worldwide,10.5,True,False,"Pierre Fabre Laboratories to License Commercialization Rights to Tab-cel, including Regulatory, Manufacturing and Development Activities, in the United States and All Remaining Markets. Atara to Receive Additional Payments of up to USD 640 Million, Significant Double-digit Tiered Royalties as a Percentage of Net Sales, and Funding of Tab-cel Global Development Costs. Tab-cel Global Partnership and Associated Strategic Restructuring Extends Atara Cash Runway into Q3 2025","Atara 8-K Ex-99.1, 'Atara Biotherapeutics Announces Expanded Global Tab-cel Partnership with Pierre Fabre Laboratories' (2023-11-01)",https://www.sec.gov/Archives/edgar/data/1604464/000095017023057146/atra-ex99_1.htm,2026-09-05,verified-from-source,True,agent events_by_product.csv,Amount is the maximum additional consideration. Closing announced 2024-01-08 with 'Focused Operational Activities and Associated Strategic Restructuring' (https://www.sec.gov/Archives/edgar/data/1604464/000119312524003945/d703405dex992.htm).
Ebvallo,ebvallo,Atara Biotherapeutics,2025-03-07,restructuring,True,Atara cuts c.50% of workforce and pauses CAR-T programmes after FDA complete response letter for Ebvallo BLA; strategic review,,,allogeneic cell,US,26.7,True,False,Atara remains focused on delivering on the future financial value of EBVALLO and has paused ATA3219 and ATA3431 CAR-T programs and implemented a workforce reduction of approximately 50% to preserve resources. Strategic review by financial advisor ongoing,"Atara 8-K Ex-99.1, Q4/FY2024 results (2025-03-07)",https://www.sec.gov/Archives/edgar/data/1604464/000095017025035482/atra-ex99_1.htm,2026-09-05,verified-from-source,True,agent events_by_product.csv,CRL issued January 2025 on third-party manufacturing GMP observations; BLA resubmitted 2025-07-14 (PDUFA 2026-01-10). Q1 2025: Atara 'expects to reduce its operating expenses year-over-year by approximately 65% in 2025'.
Ebvallo,ebvallo,Atara Biotherapeutics,2025-05-15,asset-sale-or-licence,False,Atara transfers all worldwide tab-cel manufacturing and supply responsibility (and later BLA sponsorship) to Pierre Fabre,Pierre Fabre,,allogeneic cell,worldwide,28.9,True,False,"In March 2025, the Company completed the transfer of all worldwide manufacturing and supply responsibility, including all associated costs, to Pierre Fabre Laboratories, and the Company is in active discussions on accelerating the transfer of all remaining operational activities related to tab-cel to Pierre Fabre, except the BLA sponsorship","Atara 8-K Ex-99.1, Q1 2025 results (2025-05-15)",https://www.sec.gov/Archives/edgar/data/1604464/000119312525120345/d106735dex991.htm,2026-09-05,verified-from-source,True,agent events_by_product.csv,"Q3 2025 release (2025-11-12): 'Atara has completed the transfer of substantially all tab-cel activities, including BLA sponsorship, and associated costs to Pierre Fabre Laboratories' (https://www.sec.gov/Archives/edgar/data/1604464/000119312525276209/d66575dex991.htm). Originator fully exits operations; retains royalties and a USD 40m approval milestone."
Elevidys,elevidys,Sarepta,2025-06-15,shipment-pause-or-restriction,True,Sarepta suspends all US shipments of Elevidys to non-ambulatory patients after second acute liver failure death,,,AAV systemic,US,23.8,True,False,"On June 15, 2025, Sarepta announced a second reported case of ALF resulting in death in a patient following treatment with ELEVIDYS, and that both cases of ALF occurred in non-ambulatory individuals. ... in June 2025, we suspended all shipments of ELEVIDYS to non-ambulatory patients in the U.S.",Sarepta 10-Q for quarter ended 2025-06-30 (filed 2025-08-06) and 10-Q for quarter ended 2025-09-30 (filed 2025-11-06),https://www.sec.gov/Archives/edgar/data/873303/000095017025103971/srpt-20250630.htm,2026-09-05,verified-from-source,True,agent events_by_product.csv,"Community letter 2025-07-19: 'In June, we voluntarily halted shipments of ELEVIDYS for non-ambulatory patients to allow for an expert committee to evaluate the recommendation of an added immunosuppressive regimen' https://www.sarepta.com/community-letter-update-regarding-elevidys. First ALF death announced 2025-03-18."
Elevidys,elevidys,,2025,discontinuation-or-withdrawal,True,Sarepta restructuring after Elevidys safety events,,,AAV systemic,,24.3,True,False,,,,,seeded-from-memory,False,investment_events.csv seed,
Elevidys,elevidys,,2025,discontinuation-or-withdrawal,True,EMA refuses Elevidys marketing authorisation (CHMP negative opinion 2025-07-24; refusal 2025-09-24),,,AAV systemic,,24.3,True,False,,https://www.ema.europa.eu/en/medicines/human/EPAR/elevidys,,2026-09-04,verified-from-source,True,investment_events.csv seed,
Elevidys,elevidys,Sarepta,2025-07-16,restructuring,False,"Sarepta strategic restructuring: 36% workforce reduction (~500 employees), ~USD 400m annual savings; agrees to Elevidys boxed warning",,400,AAV systemic,US,24.8,True,False,"Strategic restructuring includes reduced operating expenses, delivering approximately $400 million in anticipated annual cost savings, and implementing a 36% workforce reduction of approximately 500 employees ... U.S. FDA has requested and Sarepta has agreed to include a black box warning in the ELEVIDYS label","Sarepta 8-K Ex-99.1, 'Sarepta Therapeutics Announces Strategic Restructuring and Pipeline Prioritization Plan' (2025-07-16)",https://www.sec.gov/Archives/edgar/data/873303/000095017025096257/srpt-ex99_1.htm,2026-09-05,verified-from-source,True,agent events_by_product.csv,"Amount is annual savings, not a charge. Same release: expert committee 'aligned on an enhanced immunosuppressive regimen with sirolimus for ELEVIDYS in non-ambulant patients'; pipeline refocused on siRNA assets."
Elevidys,elevidys,,2025-07-16,shipment-pause-or-restriction,True,Sarepta recently announced that it was pausing shipments of ELEVIDYS for non-ambulant patients while it explored the adoption of additional prophylactic immunos,,,,US,24.8,True,False,Sarepta recently announced that it was pausing shipments of ELEVIDYS for non-ambulant patients while it explored the adoption of additional prophylactic immunosuppression.,"Sarepta 8-K Ex-99.1, Sarepta Therapeutics Announces Strategic Restructuring and Pipeline Prioritization Plan (2025-07-16)",https://www.sec.gov/Archives/edgar/data/873303/000095017025096257/srpt-ex99_1.htm,,verified-from-source,True,elevidys_disclosures.csv statement (type assigned by keyword),
Elevidys,elevidys,Sarepta,2025-07-22,shipment-pause-or-restriction,True,Sarepta suspends all US Elevidys shipments at FDA's request; ambulatory shipments resume 2025-07-31,FDA,,AAV systemic,US,25.0,True,False,"In response to a request from the FDA that we voluntarily stop all shipments of ELEVIDYS in the U.S., we temporarily suspended all shipments of ELEVIDYS in the U.S., effective July 22, 2025, to allow us the necessary time to respond to FDA's requests for information and complete a labeling supplement process (the 'ELEVIDYS Suspension'). On July 28, 2025, the FDA informed us that it recommended the removal of the voluntary hold for ambulatory patients. On July 31, 2025, we resumed shipments of ELEVIDYS for ambulatory patients in the U.S.",Sarepta 10-Q for quarter ended 2025-09-30 (filed 2025-11-06),https://www.sec.gov/Archives/edgar/data/873303/000119312525269436/srpt-20250930.htm,2026-09-05,verified-from-source,True,agent events_by_product.csv,"FDA informal request made 2025-07-18; Sarepta initially declined ('we declined FDA's request to voluntarily stop shipping ELEVIDYS to ambulatory patients', community letter 2025-07-19) then complied. Roche paused ex-US shipments in the same period (not verified from a primary document)."
Elevidys,elevidys,,2025-07-22,shipment-pause-or-restriction,True,voluntarily paused all shipments of delandistrogene moxeparvovec-rokl (Elevidys) ... in the United States ... will go into effect at close of business on July 2,,,,US,25.0,True,False,"voluntarily paused all shipments of delandistrogene moxeparvovec-rokl (Elevidys) ... in the United States ... will go into effect at close of business on July 22, 2025","CGTlive, Sarepta Voluntarily Pauses All Shipments of DMD Gene Therapy Elevidys Several Days After Informal Request From FDA (2025-07-22)",https://www.cgtlive.com/view/sarepta-voluntarily-pauses-shipments-dmd-gene-therapy-elevidys-several-days-informal-request-fda,,provisional-from-snippet,False,elevidys_disclosures.csv statement (type assigned by keyword),
Elevidys,elevidys,Sarepta,2025-07-24,discontinuation-or-withdrawal,True,EMA CHMP recommends refusal of conditional EU marketing authorisation for Elevidys (Roche as applicant),EMA / Roche,,AAV systemic,EU,25.1,True,False,The European Medicines Agency has recommended the refusal of the marketing authorisation for Elevidys ... The Agency issued its opinion on 24 July 2025. ... The study failed to show that Elevidys had an effect on movement abilities after 12 months.,"EMA EPAR page, Elevidys, 'Refused' status and overview",https://www.ema.europa.eu/en/medicines/human/EPAR/elevidys,2026-09-05,verified-from-source,True,agent events_by_product.csv,"Regulatory refusal, not a sponsor decision; logged because it closes the EU market. European Commission refusal decision 2025-09-24 per project cohort table (not re-verified here). EMA page: 'Currently, all clinical trials with Elevidys are temporarily paused'."
Elevidys,elevidys,Sarepta,2025-11-03,shipment-pause-or-restriction,False,Label restriction: boxed warning for acute liver injury/failure and removal of non-ambulatory indication,FDA,,AAV systemic,US,28.4,True,False,Discussions between FDA and Sarepta in the safety labeling process are expected to be finalized in the near-term with an outcome that includes a box warning and the removal of non-ambulatory indication from the Indication and Usages section.,"Sarepta 8-K Ex-99.1, Q3 2025 financial results (2025-11-03)",https://www.sec.gov/Archives/edgar/data/873303/000119312525262591/srpt-ex99_1.htm,2026-09-05,verified-from-source,True,agent events_by_product.csv,Revised label with boxed warning attached to Sarepta 8-K of 2026-01-12 https://www.sec.gov/Archives/edgar/data/873303/000119312526010116/srpt-ex99_1.htm. FY2025 release: revenue decrease 'primarily reflects $273.8 million less in net product revenue of ELEVIDYS as a result of lower volume following our decision to suspend shipments of ELEVIDYS to non-ambulatory patients in the U.S. in June 2025'.
Elevidys,elevidys,Sarepta,2025-11-14,shipment-pause-or-restriction,False,Boxed warning for acute serious liver injury and acute liver failure added; indication restricted to ambulatory patients,,,AAV systemic,US,28.8,True,False,,FDA product page,https://www.fda.gov/vaccines-blood-biologics/tissue-tissue-products/elevidys,,verified-from-source,True,product_cohort.csv (F020),
Elevidys,elevidys,Sarepta,,refusal,True,EU marketing authorisation refused,,,AAV systemic,EU,,False,False,,EMA,https://www.ema.europa.eu/en/medicines/human/EPAR/elevidys,,verified-from-source,False,product_cohort.csv (F020),refused (no EU marketing authorisation)
Encelto,encelto,Neurotech,,none-found,False,No sponsor event found 2025-03-05 to 2026-09-05,,,other,US,,False,False,,"Neurotech is privately held; no SEC filings. No press-release or EDGAR hit for an acquisition, restructuring or withdrawal.",,2026-09-05,not-found,False,agent events_by_product.csv,Encapsulated cell therapy (implant).
Genglycos,genglycos,Ultragenyx,,none-found,False,No sponsor event found 2026-08-19 to 2026-09-05,,,AAV systemic,US,,False,False,,Approved 2026-08-19; observation window under one month.,,2026-09-05,not-found,False,agent events_by_product.csv,
Glybera,glybera,uniQure,2017-04-20,discontinuation-or-withdrawal,True,uniQure will not seek renewal of Glybera's EU marketing authorisation; authorisation expires October 2017,European Commission,,AAV local,EU,53.8,True,False,"'The decision to not pursue marketing authorization renewal of Glybera in Europe involved a thoughtful and careful evaluation of patient needs and the clinical use of the therapy, and is not related to any risk-benefit concern,' stated Matthew Kapusta, chief executive officer of uniQure. 'Glybera's usage has been extremely limited and we do not envision patient demand increasing materially in the years ahead.'","uniQure 8-K Ex-99.1, 'uniQure Announces It Will Not Seek Marketing Authorization Renewal for Glybera in Europe' (2017-04-20)",https://www.sec.gov/Archives/edgar/data/1590560/000110465917024899/a17-11623_1ex99d1.htm,2026-09-05,verified-from-source,True,agent events_by_product.csv,Intramuscular AAV1. EMA: 'The marketing authorisation for Glybera (alipogene tiparvovec) expired on 28 October 2017 ... uniQure biopharma B.V. confirmed that it did not apply for renewal of the authorisation due to the lack of demand for this product' (https://www.ema.europa.eu/en/medicines/human/EPAR/glybera). uniQure also terminated the Chiesi commercialisation agreement (10-Q Q1 2017).
Glybera,glybera,uniQure,2017-10-28,discontinuation-or-withdrawal,True,EU marketing authorisation withdrawn or expired,,,AAV intramuscular,EU,60.1,True,False,,EMA EPAR page,https://www.ema.europa.eu/en/medicines/human/EPAR/glybera,,verified-from-source,True,product_cohort.csv (F020),
Hemgenix,hemgenix,CSL Behring,2026-03-17,shipment-pause-or-restriction,True,CSL Behring announces temporary global stockout of Hemgenix,,,AAV systemic,worldwide,39.8,True,False,"CSL is currently experiencing a temporary global stockout of HEMGENIX that will result in delays in treatment for some individuals in countries with established commercial access. We want to be very clear that this situation is not related to the safety or effectiveness of HEMGENIX. Rather, it reflects the complexity of manufacturing gene therapies, and our commitment to adhering to the highest regulatory and quality standards.","CSL newsroom, 'Our Commitment to the Hemophilia B Community: An Update on HEMGENIX Availability' (2026-03-17)",https://newsroom.csl.com/2026-03-17-Our-Commitment-to-the-Hemophilia-B-Community-An-Update-on-HEMGENIX-R-etranacogene-dezaparvovec-drlb-Availability,2026-09-05,verified-from-source,True,agent events_by_product.csv,No restoration date given in the statement. Manufacturing had been transferred from uniQure's Lexington MA plant to Genezen (plant sold 2024).
Hemgenix,hemgenix,CSL Behring / uniQure,2026-05-05,restructuring,True,uniQure exits Hemgenix supply; CSL Behring contracts directly with Genezen,Genezen,,AAV systemic,worldwide,41.4,True,False,"In April 2026, uniQure, CSL Behring and Genezen entered into agreements under which uniQure's remaining HEMGENIX supply and any minimum purchase commitments will terminate after delivery of contractually specified batches to CSL Behring, which uniQure expects to occur in mid-2026. Concurrently, CSL Behring entered into a direct relationship with Genezen as the supplier of HEMGENIX. These agreements have no impact on future royalties or milestones to uniQure under the license agreement with CSL Behring.","uniQure 8-K Ex-99.1, Q1 2026 financial results (2026-05-05)",https://www.sec.gov/Archives/edgar/data/1590560/000110465926055242/qure-20260505xex99d1.htm,2026-09-05,verified-from-source,True,agent events_by_product.csv,"Change of manufacturing/supply model (originator exits supply chain), not a withdrawal. Event month April 2026; row dated by disclosure."
Imlygic,imlygic,BioVex,2011-01-24,acquisition,False,"Amgen acquires BioVex (OncoVEX GM-CSF, later Imlygic)",Amgen,1000,oncolytic virus,worldwide,-57.1,False,False,"Under terms of the agreement, Amgen will pay up to $1 billion: $425 million in cash at closing and up to $575 million in additional payments upon the achievement of certain regulatory and sales milestones.",Amgen 8-K Ex-99.1 press release (2011-01-25),https://www.sec.gov/Archives/edgar/data/318154/000119312511013248/dex991.htm,2026-09-05,verified-from-source,True,agent events_by_product.csv,"Predates first approval (2015-10-27) by nearly five years; included because it fixed the sponsor at launch. Amount is headline maximum (USD 425m upfront). No post-approval discontinuation, withdrawal or Imlygic-attributed restructuring found: EDGAR full-text search Amgen 10-K/8-K 2018-2026 for 'IMLYGIC' with 'discontinu' returned 0 hits; EMA EPAR page shows Imlygic still authorised."
Itvisma,itvisma,Novartis Gene Therapies,,none-found,False,No sponsor event found 2025-11-24 to 2026-09-05,,,AAV local,US,,False,False,,"Novartis 20-F filings and press releases; no Itvisma-specific event. Sponsor-level events (AveXis acquisition 2018, Longmont closure 2021) are logged under Zolgensma.",,2026-09-05,not-found,False,agent events_by_product.csv,Intrathecal onasemnogene abeparvovec; EU authorised 2026-06-30.
Kebilidi / Upstaza,kebilidi,PTC Therapeutics,2024-11-27,asset-sale-or-licence,False,PTC sells the Rare Pediatric Disease Priority Review Voucher granted with Kebilidi's approval for USD 150m,undisclosed buyer,150,AAV local,US,28.4,True,True,"PTC Therapeutics, Inc. announced today that it has entered into an agreement to sell its Rare Pediatric Priority Review Voucher (PRV) for $150 million upon the closing of the transaction. PTC was granted the PRV on November 13, 2024 along with the U.S. Food and Drug Administration (FDA) approval of KEBILIDI",PTC Therapeutics 8-K Ex-99.1 (2024-11-27),https://www.sec.gov/Archives/edgar/data/1070081/000107008124000026/tmb-20241126xex99d1.htm,2026-09-05,verified-from-source,True,agent events_by_product.csv,"Voucher monetisation, not a sale of product rights; proceeds received per PTC JPM release 2025-01-13. No sale or out-licence of Kebilidi/Upstaza itself found in PTC 8-Ks 2024-11 to 2026-08 (13 hits for 'Kebilidi', all commercial updates or forward-looking boilerplate)."
Kresladi,kresladi,Rocket Pharmaceuticals,2026-06-12,asset-sale-or-licence,False,Rocket sells the Rare Pediatric Disease Priority Review Voucher obtained with Kresladi's approval for USD 180m,undisclosed buyer,180,lentiviral ex vivo,US,2.6,True,True,"On June 12, 2026, Rocket announced the closing of the sale of its Rare Pediatric Disease Priority Review Voucher (PRV) for gross proceeds of $180 million","Rocket Pharmaceuticals 8-K Ex-99.1, Second Quarter 2026 Financial Results (2026-08)",https://www.sec.gov/Archives/edgar/data/1281895/000114036126032028/ef20079821_ex99-1.htm,2026-09-05,verified-from-source,True,agent events_by_product.csv,"Voucher monetisation, not a sale of product rights. Pre-approval context: Rocket 8-K 2025-07-24 announced 'a reduction in workforce of approximately 30%' tied to a pivot to its AAV pipeline while resubmitting the Kresladi CRL responses (https://www.sec.gov/Archives/edgar/data/1281895/000114036125027032/ef20052552_ex99-1.htm); outside the post-approval window (approval 2026-03-26)."
Kresladi,kresladi,,2026-06-12,asset-sale-or-licence,False,"On June 12, 2026, Rocket announced the closing of the sale of its Rare Pediatric Disease Priority Review Voucher (PRV) for gross proceeds of $180 million",,,,US,2.6,True,True,"On June 12, 2026, Rocket announced the closing of the sale of its Rare Pediatric Disease Priority Review Voucher (PRV) for gross proceeds of $180 million","Rocket Pharmaceuticals 8-K Ex-99.1, Second Quarter 2026 Financial Results and Highlights Recent Progress (2026-08-10)",https://www.sec.gov/Archives/edgar/data/1281895/000114036126032028/ef20079821_ex99-1.htm,,verified-from-source,True,launches2026_disclosures.csv statement (type assigned by keyword),
Kymriah,kymriah,Novartis,2024-04-18,shipment-pause-or-restriction,False,FDA requires class-wide boxed warning for T-cell malignancies (BCMA- and CD19-directed autologous CAR-T),FDA,,autologous CAR-T,US,79.6,True,False,"In November 2023, the Food and Drug Administration (FDA) posted a safety communication to provide information about reports of T cell malignancies including chimeric antigen receptor CAR-positive lymphoma in patients who received treatment with BCMA- or CD19-directed autologous CAR T cell immunotherapies. ... FDA concluded that changes to the boxed warning are warranted","FDA CBER safety communication, 'FDA Requires Boxed Warning for T cell Malignancies Following Treatment with BCMA-Directed or CD19-Directed Autologous CAR T cell Immunotherapies' (2024-04-18)",https://www.fda.gov/vaccines-blood-biologics/safety-availability-biologics/fda-requires-boxed-warning-t-cell-malignancies-following-treatment-bcma-directed-or-cd19-directed,2026-09-05,verified-from-source,True,agent events_by_product.csv,"Class label change, not a sponsor decision; products listed on the FDA page: Abecma, Breyanzi, Carvykti, Kymriah, Tecartus, Yescarta. Label restriction only; no supply pause. Safety communication first posted November 2023; letters to sponsors January 2024."
Kymriah,kymriah,Novartis,,none-found,False,"No sponsor acquisition, divestiture, withdrawal, pause or Kymriah-attributed restructuring found 2017-08-30 to 2026-09-05 (other than the class boxed warning above)",,,autologous CAR-T,worldwide,,False,False,,"EDGAR full-text search, Novartis 20-F 2022-2025 for 'Kymriah' with 'restructuring' (6 hits, none Kymriah-specific on reading the 2022 and 2023 20-F)",https://efts.sec.gov/LATEST/search-index?q=%22Kymriah%22%20%22restructuring%22&dateRange=custom&startdt=2022-01-01&forms=20-F,2026-09-05,not-found,False,agent events_by_product.csv,
Lantidra,lantidra,CellTrans,,none-found,False,No sponsor event found 2023-06-28 to 2026-09-05,,,allogeneic cell,US,,False,False,,CellTrans is privately held; no SEC filings; no press release found.,,2026-09-05,not-found,False,agent events_by_product.csv,
Lenmeldy / Libmeldy,lenmeldy,Orchard Therapeutics,2022-03-30,restructuring,True,Orchard refocuses on neurometabolic programmes; c.30% workforce reduction; exits primary immunodeficiency programmes incl. Strimvelis,,,lentiviral ex vivo,worldwide,15.4,True,False,Refined portfolio and 30% proposed workforce reduction extend cash runway into 2024 ... Orchard intends to discontinue its investment in and seek alternatives for its programs in rare primary immune deficiencies. These include OTL-103 ... OTL-102 ... and Strimvelis,"Orchard Therapeutics 8-K Ex-99.1, strategic update and FY2021 results (2022-03-30)",https://www.sec.gov/Archives/edgar/data/1748907/000156459022012316/ortx-ex991_7.htm,2026-09-05,verified-from-source,True,agent events_by_product.csv,Libmeldy retained as lead commercial product; the retreat is from other ex vivo programmes.
Libmeldy,lenmeldy,,2023,acquisition,False,Kyowa Kirin acquires Orchard Therapeutics,,,lentiviral ex vivo,,30.4,True,False,,,,,seeded-from-memory,False,investment_events.csv seed,
Lenmeldy / Libmeldy,lenmeldy,Orchard Therapeutics,2023-10-05,acquisition,False,Kyowa Kirin acquires Orchard Therapeutics,Kyowa Kirin,477.6,lentiviral ex vivo,worldwide,33.6,True,False,"Acquisition price of $16.00 per ADS in cash plus an additional contingent value right of $1.00 per ADS, representing a total maximum equity value of approximately $477.6 million ... helps resource the ongoing and future launches of Libmeldy (atidarsagene autotemcel)","Orchard Therapeutics 8-K Ex-99.1, joint Kyowa Kirin/Orchard press release (2023-10-05)",https://www.sec.gov/Archives/edgar/data/1748907/000119312523251143/d537538dex991.htm,2026-09-05,verified-from-source,True,agent events_by_product.csv,Closing 2024-01-24 by UK scheme of arrangement per Orchard 8-K https://www.sec.gov/Archives/edgar/data/1748907/000119312524014239/d74405d8k.htm. Kyowa Kirin removed Orchard Therapeutics Limited from its consolidation scope in H1 2026 (entity restructuring; product reporting continues).
Lenmeldy,lenmeldy,,2023-11-13,acquisition,False,Planned acquisition by Kyowa Kirin valued at up to $477.6 million with an anticipated closing in the first quarter of 2024,,,,Total,34.9,True,False,Planned acquisition by Kyowa Kirin valued at up to $477.6 million with an anticipated closing in the first quarter of 2024,"Orchard Therapeutics 8-K Ex-99.1, Third Quarter 2023 Financial Results (2023-11-13)",https://www.sec.gov/Archives/edgar/data/1748907/000095017023062423/ortx-ex99_1.htm,,verified-from-source,True,lenmeldy_disclosures.csv statement (type assigned by keyword),
Lenmeldy,lenmeldy,,2025-02-06,asset-sale-or-licence,False,"As a result of the new consolidation of Orchard Therapeutics, revenue was recorded for Libmeldy (approval was obtained in the United States in March 2024 under ",,,,Total,49.7,True,False,"As a result of the new consolidation of Orchard Therapeutics, revenue was recorded for Libmeldy (approval was obtained in the United States in March 2024 under the product name of Lenmeldy), which is sold by that company in Europe for treatment of metachromatic leukodystrophy (MLD).","Kyowa Kirin Consolidated Financial Summary (IFRS) Fiscal 2024, Kessan Tanshin, table 'Revenue from overseas regions and Others' (2025-02-06)",https://ir.kyowakirin.com/en/library/earnings/earnings0/main/0111115/teaserItems1/00/linkList/0/link/summary_2024_q4_en.pdf,,verified-from-source,True,lenmeldy_disclosures.csv statement (type assigned by keyword),
Luxturna,luxturna,Spark Therapeutics,2019-02-25,acquisition,False,Roche acquires Spark Therapeutics,Roche,4800,AAV local,worldwide,14.2,True,False,Roche to acquire Spark Therapeutics for $114.50 per share representing a total equity value of $4.8 billion. Spark Therapeutics will continue its operations in Philadelphia as an independent company within the Roche Group,Spark Therapeutics 8-K Ex-99.1 (2019-02-25); Roche media release 2019-02-25,https://www.sec.gov/Archives/edgar/data/1609351/000119312519048943/d711494dex991.htm,2026-09-05,verified-from-source,True,agent events_by_product.csv,"Closing 2019-12-17 after extended FTC review, per Spark 8-K https://www.sec.gov/Archives/edgar/data/1609351/000119312519315712/d851263d8k.htm. Novartis holds ex-US Luxturna rights under a 2018 licence."
Luxturna,luxturna,,2019,acquisition,False,Roche acquires Spark Therapeutics,,,AAV,,18.4,True,False,,,,,seeded-from-memory,False,investment_events.csv seed,
Luxturna,luxturna,,2024,discontinuation-or-withdrawal,True,Roche restructures Spark,,,AAV,,78.4,True,False,,,,,seeded-from-memory,False,investment_events.csv seed,
Luxturna,luxturna,Roche (Spark Therapeutics),2025-01-30,restructuring,True,Roche impairs Spark goodwill and reorganises Spark into the Pharmaceuticals Division,,,AAV local,worldwide,85.4,True,False,"IFRS net income decreased by 19% (26% in CHF) to CHF 9.2 billion, mainly due to impairment charges to goodwill of CHF 3.2 billion related to Flatiron Health and Spark Therapeutics.","Roche media release, Full Year 2024 results (2025-01-30); Roche Finance Report 2025 (savings 'from resource optimisation initiatives, notably at Spark Therapeutics')",https://www.roche.com/media/releases/med-cor-2025-01-30,2026-09-05,verified-from-source,True,agent events_by_product.csv,"Spark-specific goodwill impairment reported as c. USD 2.4bn by BioSpace/Fierce (not itemised in the release read). Workforce: Philadelphia Inquirer 2025-04-03 reports 337 layoffs, more than half of Spark's staff, from May 2025 (https://www.inquirer.com/health/spark-therapeutics-roche-layoffs-philadelphia-20250403.html; trade press). Roche Finance Report 2025 also records full impairment of SPK-9001 (Beqvez) intangible after 'an alliance partner's decision to stop the commercialisation' (https://assets.roche.com/f/176343/x/fca190f63e/fb25e.pdf)."
Lyfgenia,lyfgenia,bluebird bio,2024-09-24,restructuring,True,"bluebird bio restructuring: c.25% workforce reduction, 20% cash opex cut, targeting break-even H2 2025",,,lentiviral ex vivo,US,9.6,True,False,The restructuring is expected to result in a 20% reduction in cash operating expenses when fully realized in Q3 2025 ... The initiative includes a reduction in the Company's workforce of approximately 25%. The Company's cash flow break-even target assumes scaling to approximately 40 drug product deliveries per quarter,"bluebird bio 8-K Ex-99.1, 'bluebird bio Initiates Restructuring Intended to Optimize Cost Structure' (2024-09-24)",https://www.sec.gov/Archives/edgar/data/1293971/000129397124000046/exhibit99120240923.htm,2026-09-05,verified-from-source,True,agent events_by_product.csv,
Lyfgenia,lyfgenia,bluebird bio,2024-11-14,restructuring,True,bluebird bio cash-runway warning; going-concern doubt; lender (Hercules) engagement,Hercules Capital,,lentiviral ex vivo,US,11.2,True,False,bluebird and Hercules are engaging collaboratively as bluebird works to secure adequate cash runway to obtain additional financing and reach cash flow break-even.,"bluebird bio 8-K Ex-99.1, Q3 2024 results (2024-11-14); bluebird 10-K FY2024 ('There is substantial doubt regarding our ability to continue as a going concern')",https://www.sec.gov/Archives/edgar/data/1293971/000129397124000076/exhibit99120241114.htm,2026-09-05,verified-from-source,True,agent events_by_product.csv,"Cash, cash equivalents and restricted cash approximately USD 118.7m at 2024-09-30. Going-concern language recurs in 10-Q/10-K filings from 2022 onward (10-K FY2024: https://www.sec.gov/Archives/edgar/data/1293971/000129397125000009/blue-20241231.htm)."
Lyfgenia,lyfgenia,bluebird bio,2025-02-21,acquisition,False,bluebird bio agrees to be acquired by Carlyle and SK Capital (USD 3.00/share cash plus USD 6.84 CVR),Carlyle / SK Capital Partners,,lentiviral ex vivo,worldwide,14.5,True,False,"bluebird stockholders to receive $3.00 per share in cash and a contingent value right of $6.84 per share in cash payable upon achievement of a net sales milestone, contingent upon offer conditions ... bluebird's Board of Directors determined this transaction is in the best interest of stockholders following a comprehensive review of strategic alternatives","bluebird bio 8-K Ex-99.1, 'bluebird bio Announces Definitive Agreement to be Acquired by Carlyle and SK Capital' (2025-02-21)",https://www.sec.gov/Archives/edgar/data/1293971/000119312525031354/d885218dex991.htm,2026-09-05,verified-from-source,True,agent events_by_product.csv,"Amended 2025-05-14 to let holders elect USD 5.00/share with no CVR (https://www.sec.gov/Archives/edgar/data/1293971/000119312525119447/d943903dex991.htm). Closed 2025-06-02: 'With the closing of the transaction, bluebird's common stock has ceased trading and will no longer be publicly listed' (https://www.sec.gov/Archives/edgar/data/1293971/000119312525132850/d39702dex991.htm). Headline equity value not stated in the release read; amount left blank."
Lyfgenia,lyfgenia,bluebird bio,2025-06-12,going-private-or-delisting,True,bluebird bio files Form 15-12G terminating SEC registration after take-private,,,lentiviral ex vivo,US,18.1,True,False,(Form 15-12G certification and notice of termination of registration under Section 12(g); Rule 12g-4(a)(1)),bluebird bio Form 15-12G (2025-06-12),https://www.sec.gov/Archives/edgar/data/1293971/000119312525139516/d13380d1512g.htm,2026-09-05,verified-from-source,True,agent events_by_product.csv,Public reporting of revenue and patient starts ended with the 10-Q for Q1 2025 (filed 2025-05-14).
Lyfgenia,lyfgenia,,2025,acquisition,False,bluebird bio acquired by Carlyle and SK Capital,,,lentiviral ex vivo,,18.8,True,False,,,,,seeded-from-memory,False,investment_events.csv seed,
Omisirge,omisirge,Gamida Cell,2023-03-27,restructuring,True,Gamida Cell workforce reduction of c.17% to extend cash into Q3 2023,,,allogeneic cell,US,-0.7,False,False,"On March 27, 2023, the Company announced a workforce reduction plan (the 'Plan'), pursuant to which it plans to downsize its current workforce by approximately 17% by the end of the second quarter of 2023. The Plan is being enacted to help extend the Company's financial resources through the third quarter of 2023","Gamida Cell 8-K (Item 2.05), 2023-03-27",https://www.sec.gov/Archives/edgar/data/1600847/000121390023022951/ea175734-8k_gamida.htm,2026-09-05,verified-from-source,True,agent events_by_product.csv,Three weeks before FDA approval (2023-04-17); included as the launch-period cost base. Manufacturing model: expanded allogeneic cord blood.
Omisirge,omisirge,,2023-09-30,asset-sale-or-licence,False,"To support a more fulsome commercial launch of Omisirge, we are exploring potential commercial or strategic options, including a sale of our assets or merger.",,,,US,5.5,True,False,"To support a more fulsome commercial launch of Omisirge, we are exploring potential commercial or strategic options, including a sale of our assets or merger.","Gamida Cell 10-Q for the quarter ended September 30, 2023 (2023-11-14)",https://www.sec.gov/Archives/edgar/data/1600847/000121390023086948/f10q0923_gamidacell.htm,,verified-from-source,True,omisirge_disclosures.csv statement (type assigned by keyword),
Omisirge,omisirge,Gamida Cell,2023-11-14,restructuring,True,Gamida Cell strategic review: exploring sale of assets or merger; going-concern doubt,Moelis & Company (adviser),,allogeneic cell,US,6.9,True,False,"To support a more fulsome commercial launch of Omisirge, we are exploring potential commercial or strategic options, including a sale of our assets or merger. ... These conditions raise substantial doubt about the Company's ability to continue as a going concern.",Gamida Cell 10-Q for quarter ended 2023-09-30 (filed 2023-11-14); 8-K Ex-99.1 Q3 2023 release,https://www.sec.gov/Archives/edgar/data/1600847/000121390023086948/f10q0923_gamidacell.htm,2026-09-05,verified-from-source,True,agent events_by_product.csv,"Q3 2023 release: strategic review 'has resulted in oral and written proposals' (https://www.sec.gov/Archives/edgar/data/1600847/000121390023086413/ea188320ex99-1_gamida.htm). 10-K FY2023: 'To date, this strategic review process has not yielded any viable strategic alternatives.'"
Omisirge,omisirge,,2024-03-26,restructuring,True,"on March 26, 2024, we entered into a Restructuring Support Agreement, or the Support Agreement, with certain funds managed by Highbridge Capital Management, LLC",,,,US,11.3,True,False,"on March 26, 2024, we entered into a Restructuring Support Agreement, or the Support Agreement, with certain funds managed by Highbridge Capital Management, LLC...all outstanding shares of Gamida Cell Ltd. will be cancelled...Gamida Cell Ltd. will continue to exist as a private operating company that is owned entirely by Highbridge.","Gamida Cell 10-K for the year ended December 31, 2023 (2024-03-27)",https://www.sec.gov/Archives/edgar/data/1600847/000121390024026229/ea0202430-10k_gamida.htm,,verified-from-source,True,omisirge_disclosures.csv statement (type assigned by keyword),
Omisirge,omisirge,Gamida Cell,2024-03-27,going-private-or-delisting,True,"Gamida Cell restructuring support agreement with Highbridge: equity cancelled, company to continue as private operating company",Highbridge Capital Management,,allogeneic cell,US,11.3,True,False,"on March 26, 2024, we entered into a Restructuring Support Agreement ... with certain funds managed by Highbridge Capital Management, LLC ... all outstanding shares of Gamida Cell Ltd. will be cancelled ... Gamida Cell Ltd. will continue to exist as a private operating company that is owned entirely by Highbridge.",Gamida Cell 8-K (Item 1.01) 2024-03-27; Gamida Cell 10-K FY2023 (2024-03-27),https://www.sec.gov/Archives/edgar/data/1600847/000121390024026228/ea0202631-8k_gamida.htm,2026-09-05,verified-from-source,True,agent events_by_product.csv,"Voluntary restructuring proceeding in the District Court of Beersheba, Israel. Nasdaq delisting determination 2024-04-25, effective 2024-05-06 (Form 25-NSE https://www.sec.gov/Archives/edgar/data/1600847/000135445724000304/gmdadelistreason.txt); shares moved to OTC 2024-04-26; Form 15-12G filed 2024-05-24 (https://www.sec.gov/Archives/edgar/data/1600847/000121390024046488/ea0206826-1512g_gamida.htm). 10-Q Q1 2024: 'Our remaining employees will continue to support the commercialization of Omisirge'."
Omisirge,omisirge,,2024-05-23,going-private-or-delisting,True,"Immediately following the closing of our restructuring process, which we anticipate will occur on or about May 24, 2024, we intend to file a Form 15",,,,US,13.2,True,False,"Immediately following the closing of our restructuring process, which we anticipate will occur on or about May 24, 2024, we intend to file a Form 15","Gamida Cell 10-Q for the quarter ended March 31, 2024 (2024-05-23)",https://www.sec.gov/Archives/edgar/data/1600847/000121390024046302/ea0206597-10q_gamidacell.htm,,verified-from-source,True,omisirge_disclosures.csv statement (type assigned by keyword),
Omisirge,omisirge,Gamida Cell,2025-12-05,shipment-pause-or-restriction,True,"no withdrawal or label restriction; indication EXPANDED - supplemental approvals dated December 5, 2025 (severe aplastic anemia) and February 11, 2026",,,expanded cord blood,US,31.6,True,False,,FDA product page,https://www.fda.gov/vaccines-blood-biologics/omisirge,,verified-from-source,True,product_cohort.csv (F020),
Otarmeni,otarmeni,Regeneron,,none-found,False,No sponsor event found 2026-04-23 to 2026-09-05,,,AAV local,US,,False,False,,Regeneron 8-K/10-Q filings 2026; no Otarmeni-specific event.,,2026-09-05,not-found,False,agent events_by_product.csv,"Dual-vector AAV, intracochlear."
Papzimeos,papzimeos,Precigen,,none-found,False,No sponsor event found 2025-08-14 to 2026-09-05,,,other,US,,False,False,,"EDGAR full-text search, Precigen 8-K/10-Q 2025-08 onward for 'PAPZIMEOS' with 'workforce' (2 hits, 10-Q boilerplate only)",https://efts.sec.gov/LATEST/search-index?q=%22PAPZIMEOS%22%20%22workforce%22&dateRange=custom&startdt=2025-08-01,2026-09-05,not-found,False,agent events_by_product.csv,Adenoviral immunotherapy.
Provenge,provenge,Dendreon,2011-08-03,restructuring,True,Dendreon withdraws 2011 revenue guidance ('shift in launch trajectory') and announces expense and workforce reductions,,,other,US,15.1,True,False,"Shift in Launch Trajectory Based on More Gradual Adoption ... 'the primary issue affecting the dynamics of our launch is the reimbursement knowledge around PROVENGE ... for the remainder of 2011, the launch trajectory will reflect a more gradual adoption'","Dendreon 8-K Ex-99.1, Q2 2011 results (2011-08-03)",https://www.sec.gov/Archives/edgar/data/1107332/000110733211000035/exhibit_99-1.htm,2026-09-05,verified-from-source,True,agent events_by_product.csv,Manufacturing model: autologous cellular immunotherapy. Followed by the September 2011 reduction in force.
Provenge,provenge,Dendreon,2011-09-02,restructuring,True,Dendreon reduction in force of c.500 positions (c.25% of workforce); c.USD 21m charge,,21,other,US,16.1,True,False,"On September 2, 2011, the Company's Board of Directors (the 'Board') approved the reduction in force of the Company's personnel ... This resulted in the elimination of approximately 500 positions, or the reduction of approximately 25% of the Company's total workforce. ... The Company expects to incur approximately $21 million associated with such reduction of its workforce","Dendreon 8-K (Item 2.05), 2011-09-08",https://www.sec.gov/Archives/edgar/data/1107332/000110733211000055/form_8-k.htm,2026-09-05,verified-from-source,True,agent events_by_product.csv,10-Q Q3 2011 records a restructuring charge of USD 38.5m for the quarter (broader than the severance estimate).
Provenge,provenge,,2011-09-02,restructuring,True,"On September 2, 2011, our Board of Directors approved a reduction in force of approximately 25% of our total workforce, or approximately 500 employees.",,,,US,16.1,True,False,"On September 2, 2011, our Board of Directors approved a reduction in force of approximately 25% of our total workforce, or approximately 500 employees.","Dendreon 10-Q for the quarter ended September 30, 2011 (2011-11-02)",https://www.sec.gov/Archives/edgar/data/1107332/000119312511292830/d237118d10q.htm,,verified-from-source,True,provenge_disclosures.csv statement (type assigned by keyword),
Provenge,provenge,Dendreon,2012-07-30,restructuring,True,"Dendreon strategic restructuring: closure of New Jersey manufacturing facility, >600 positions, c.USD 150m annual savings",,150,other,US,27.0,True,False,"Announced strategic restructuring to accelerate path to profitability and future growth: The Company expects to reduce costs by approximately $150 million annually. The Company expects a reduction in headcount of more than 600 positions, including contractors, over the next 12 months.","Dendreon 8-K Ex-99.1, Q2 2012 results (2012-07-30)",https://www.sec.gov/Archives/edgar/data/1107332/000119312512322465/d379837dex991.htm,2026-09-05,verified-from-source,True,agent events_by_product.csv,10-Q Q2 2012: 're-configuring our manufacturing model with the closure of our New Jersey manufacturing facility'. Amount is targeted annual savings.
Provenge,provenge,,2012-07-30,restructuring,True,"On July 30 2012, we announced a strategic restructuring plan that includes re-configuring our manufacturing model with the closure of our New Jersey manufacturi",,,,US,27.0,True,False,"On July 30 2012, we announced a strategic restructuring plan that includes re-configuring our manufacturing model with the closure of our New Jersey manufacturing facility.","Dendreon 10-Q for the quarter ended June 30, 2012 (2012-07-31)",https://www.sec.gov/Archives/edgar/data/1107332/000119312512323922/d377194d10q.htm,,verified-from-source,True,provenge_disclosures.csv statement (type assigned by keyword),
Provenge,provenge,Dendreon,2014-11-10,going-private-or-delisting,True,Dendreon files for Chapter 11 bankruptcy; Nasdaq delisting notice,"US Bankruptcy Court, District of Delaware",,other,US,54.4,True,False,"on November 10, 2014, Dendreon Corporation (the 'Company') and its wholly owned subsidiaries ... filed voluntary petitions for relief (the 'Chapter 11 Filings') under Chapter 11 of Title 11 of the United States Code ... On November 10, 2014, the Company received a Staff Delisting Determination letter from the Listing Qualifications Staff of The Nasdaq Stock Market LLC","Dendreon 8-K (Items 1.03 and 3.01), 2014-11-12",https://www.sec.gov/Archives/edgar/data/1107332/000119312514407733/d820216d8k.htm,2026-09-05,verified-from-source,True,agent events_by_product.csv,Case No. 14-12515 (PJW); assets sold through a court-supervised process (bidding procedures order 2014-12-19).
Provenge,provenge,Dendreon (debtor),2015-02-19,acquisition,False,Valeant acquires substantially all Dendreon assets out of bankruptcy for USD 495m,Valeant Pharmaceuticals International,495,other,worldwide,57.7,True,False,"the Purchaser agreed to acquire substantially all of the assets and certain liabilities of the Debtors (the 'Sale Transaction') for an aggregate purchase price of $495 million (which includes the purchase of $80 million in cash and the Debtors' assets related to their enteric coated D-3263 hydrochloride product candidate), of which $445.5 million is payable in cash at closing and $49.5 million is payable in common shares of Valeant","Dendreon 8-K (Item 7.01), 2015-02-20",https://www.sec.gov/Archives/edgar/data/1107332/000119312515056142/d877954d8k.htm,2026-09-05,verified-from-source,True,agent events_by_product.csv,Second amended and restated acquisition agreement dated 2015-02-19; closed in Q1 2015 (Valeant Q1 2015 investor presentation lists Dendreon among 'acquisitions closed in Q1').
Provenge,provenge,Dendreon UK Ltd (Valeant),2015-05-06,discontinuation-or-withdrawal,True,EU marketing authorisation for Provenge withdrawn at Dendreon's request,European Commission,,other,EU,60.2,True,False,"On 6 May 2015, the European Commission withdrew the marketing authorisation for Provenge ... The withdrawal was at the request of the marketing authorisation holder, Dendreon UK Ltd, which notified the European Commission of its decision to permanently discontinue the marketing of the product for commercial reasons.","EMA EPAR page, Provenge, 'Withdrawn' status and overview",https://www.ema.europa.eu/en/medicines/human/EPAR/provenge,2026-09-05,verified-from-source,True,agent events_by_product.csv,EU authorisation granted 2013-09-06; no European revenue was ever disclosed.
Provenge,provenge,Dendreon,2015-05-06,discontinuation-or-withdrawal,True,EU marketing authorisation withdrawn or expired,,,autologous cellular immunotherapy,EU,60.2,True,False,,EMA EPAR page,https://www.ema.europa.eu/en/medicines/human/EPAR/provenge,,verified-from-source,True,product_cohort.csv (F020),
Provenge,provenge,Valeant (Dendreon Pharmaceuticals),2017-01-09,acquisition,False,Valeant sells Dendreon to Sanpower Group for USD 819.9m cash,Sanpower Group,819.9,other,worldwide,80.4,True,False,VALEANT TO SELL DENDREON TO SANPOWER GROUP FOR $819.9 MILLION IN CASH ... its affiliate has entered into a definitive agreement to sell all of the outstanding equity interests in Dendreon,Valeant 8-K Ex-99.1 press release (2017-01-10),https://www.sec.gov/Archives/edgar/data/885590/000095010317000286/dp71817_ex9901.htm,2026-09-05,verified-from-source,True,agent events_by_product.csv,Closed mid-2017 (Valeant 10-K FY2016 describes the agreement; completion date not read). After closing Provenge revenue is no longer publicly reported.
Roctavian,roctavian,BioMarin,2024-08-05,restructuring,True,"BioMarin narrows Roctavian to three countries (US, Germany, Italy) and cuts direct spend to c.USD 60m a year",,60,AAV systemic,worldwide,23.4,True,False,"By focusing commercial, research and manufacturing programs in three prioritized countries, including the United States, Germany and Italy, BioMarin anticipates reducing annual direct ROCTAVIAN expenses to approximately $60 million, beginning in 2025.","BioMarin 8-K Ex-99.1, Q2 2024 results (2024-08-05)",https://www.sec.gov/Archives/edgar/data/1048477/000104847724000125/earningsrelease-05aug24ex9.htm,2026-09-05,verified-from-source,True,agent events_by_product.csv,"Amount is the targeted annual expense level, not a charge. Other launch markets not pursued."
Roctavian,roctavian,,2025,discontinuation-or-withdrawal,True,BioMarin explores options for Roctavian,,,AAV systemic,,34.2,True,False,,,,,seeded-from-memory,False,investment_events.csv seed,
Roctavian,roctavian,BioMarin,2025-10-27,asset-sale-or-licence,False,"BioMarin announces plan to divest Roctavian, including out-licensing (no buyer found)",,,AAV systemic,worldwide,38.1,True,False,"the company announced its plan to pursue options to divest ROCTAVIAN, including exploring out-licensing opportunities.","BioMarin 8-K Ex-99.1, Q3 2025 results and corporate update (2025-10-27)",https://www.sec.gov/Archives/edgar/data/1048477/000104847725000104/earningsrelease-27oct25ex9.htm,2026-09-05,verified-from-source,True,agent events_by_product.csv,"Attempted divestiture; superseded by the 2026-02-23 withdrawal after no qualified buyer was identified. Release: BioMarin 'plans to continue to make ROCTAVIAN commercially available in the U.S., Italy and Germany until next steps are finalized'."
Roctavian,roctavian,,2025-10-27,asset-sale-or-licence,False,"the company announced its plan to pursue options to divest ROCTAVIAN, including exploring out-licensing opportunities.",,,,Total (worldwide),38.1,True,False,"the company announced its plan to pursue options to divest ROCTAVIAN, including exploring out-licensing opportunities.","BioMarin 8-K Ex-99.1, BioMarin Reports Third Quarter 2025 Results and Provides Corporate Update (2025-10-27)",https://www.sec.gov/Archives/edgar/data/1048477/000104847725000104/earningsrelease-27oct25ex9.htm,,verified-from-source,True,roctavian_disclosures.csv statement (type assigned by keyword),
Roctavian,roctavian,BioMarin,2026-02-23,discontinuation-or-withdrawal,True,BioMarin voluntarily withdraws Roctavian from the market worldwide,,,AAV systemic,worldwide,42.0,True,False,"Following the company's October announcement to explore options to divest ROCTAVIAN, BioMarin undertook a comprehensive effort to identify a potential buyer. Despite these efforts, BioMarin was unable to identify a qualified buyer and has made the decision to voluntarily withdraw ROCTAVIAN from the market. ... This decision is not related to ROCTAVIAN's efficacy or safety profile.","BioMarin 8-K Ex-99.1, Q4/FY2025 results (2026-02-23); BioMarin company statement 'BioMarin Voluntarily Withdraws ROCTAVIAN from the Market' (2026-02-23)",https://www.biomarin.com/news/company-statements/biomarin-voluntarily-withdraws-roctavian-from-the-market/,2026-09-05,verified-from-source,True,agent events_by_product.csv,Statement: company 'will maintain its commercial patient support program and honor existing outcomes-based agreements with payers' and is working 'with global regulatory authorities on the transition process'. Supply end date (May 2026 per project seed) is not stated in the statement text read. 8-K: https://www.sec.gov/Archives/edgar/data/1048477/000104847726000002/earningsrelease-23feb26ex9.htm
Roctavian,roctavian,BioMarin,2026-02-23,restructuring,True,BioMarin records c.USD 240m Roctavian charges (USD 119m inventory write-off; USD 118m long-lived asset impairment),,240,AAV systemic,worldwide,42.0,True,False,$240 million during the quarter: $119 million inventory write-off in Cost of Sales and $118 million long-lived asset impairments in SG&A,"BioMarin 8-K Ex-99.1, Q4/FY2025 results (2026-02-23)",https://www.sec.gov/Archives/edgar/data/1048477/000104847726000002/earningsrelease-23feb26ex9.htm,2026-09-05,verified-from-source,True,agent events_by_product.csv,Charges taken in Q4 2025 in connection with the withdrawal decision. 2026 guidance folds Roctavian into 'Other Revenues' of USD 100-125m with Kuvan and royalties.
Roctavian,roctavian,BioMarin,2026-02-23,shipment-pause-or-restriction,True,Voluntary commercial withdrawal from the market by BioMarin (not a safety or efficacy action); supply ends end of May 2026,,,AAV systemic,US,42.0,True,False,,FDA product page,https://www.biomarin.com/news/company-statements/biomarin-voluntarily-withdraws-roctavian-from-the-market/,,verified-from-source,True,product_cohort.csv (F020),
Roctavian,roctavian,,2026-02-23,asset-sale-or-licence,False,"Following the company's October announcement to explore options to divest ROCTAVIAN, BioMarin undertook a comprehensive effort to identify a potential buyer. De",,,,Total (worldwide),42.0,True,False,"Following the company's October announcement to explore options to divest ROCTAVIAN, BioMarin undertook a comprehensive effort to identify a potential buyer. Despite these efforts, BioMarin was unable to identify a qualified buyer and has made the decision to voluntarily withdraw ROCTAVIAN from the market.","BioMarin 8-K Ex-99.1, BioMarin Reports Fourth Quarter and Full-year 2025 Financial and Operating Results (2026-02-23)",https://www.sec.gov/Archives/edgar/data/1048477/000104847726000002/earningsrelease-23feb26ex9.htm,,verified-from-source,True,roctavian_disclosures.csv statement (type assigned by keyword),
Roctavian,roctavian,,2026,discontinuation-or-withdrawal,True,BioMarin voluntarily withdraws Roctavian worldwide; supply ends May 2026,,,AAV systemic,,46.2,True,False,,https://www.biomarin.com/news/company-statements/biomarin-voluntarily-withdraws-roctavian-from-the-market/,,2026-09-04,verified-from-source,True,investment_events.csv seed,
Ryoncil,ryoncil,Mesoblast,,none-found,False,"No sponsor acquisition, divestiture, withdrawal, pause or Ryoncil-attributed restructuring found 2024-12-19 to 2026-09-05",,,allogeneic cell,US,,False,False,,"EDGAR full-text search, Mesoblast 6-K/20-F 2025-2026 for 'Ryoncil' with 'restructuring' or 'workforce' (hits are annual-report boilerplate only, checked in the 2025 annual report exhibit)",https://www.sec.gov/Archives/edgar/data/1345099/000134509925000090/exhibit991annualreportno.htm,2026-09-05,not-found,False,agent events_by_product.csv,Mesenchymal stromal cells.
Skysona,skysona,,2021,restructuring,True,bluebird bio spins off 2seventy bio,,,lentiviral ex vivo; CAR-T,,-0.5,False,False,,,,,seeded-from-memory,False,investment_events.csv seed,
Skysona,skysona,bluebird bio,2021-08-09,restructuring,True,bluebird bio winds down European operations and refocuses severe genetic disease business on the US,,,lentiviral ex vivo,EU,0.8,True,False,"bluebird plans an orderly wind down of its operations in Europe and to explore how to give patients in Europe access to its gene therapies, including potentially out-licensing the ex-U.S. rights to its three lead products ... 'bluebird's decision to focus on the U.S. market is driven by the challenges of achieving appropriate value recognition and market access for ZYNTEGLO in Europe, which makes bringing its transformative gene therapies like ZYNTEGLO and SKYSONA to patents and physicians in Europe untenable for a small innovative company at this time'","bluebird bio 8-K Ex-99.1, Q2 2021 results and operational update (2021-08-09)",https://www.sec.gov/Archives/edgar/data/1293971/000129397121000064/exhibit99120210809.htm,2026-09-05,verified-from-source,True,agent events_by_product.csv,"Same release: FDA clinical hold on eli-cel studies after a safety report (July 2021). The 'three lead products' were Zynteglo, Skysona and Lyfgenia (lovo-cel). No ex-US out-licence was subsequently disclosed."
Skysona,skysona,bluebird bio,2021-11-18,discontinuation-or-withdrawal,True,EU marketing authorisation for Skysona withdrawn at bluebird's request four months after grant; no EU patients treated,European Commission,,lentiviral ex vivo,EU,4.1,True,False,"On 18 November 2021, the European Commission withdrew the marketing authorisation for Skysona (elivaldogene autotemcel) in the European Union (EU). The withdrawal was at the request of the marketing authorisation holder, bluebird bio (Netherlands) B.V., which notified the European Commission of its decision not to market the product in the EU for commercial reasons. ... No patients had been treated with Skysona since its marketing authorisation.","EMA EPAR page, Skysona, 'Withdrawn' status and overview",https://www.ema.europa.eu/en/medicines/human/EPAR/skysona,2026-09-05,verified-from-source,True,agent events_by_product.csv,EU authorisation granted 2021-07-16; withdrawn before US approval (2022-09-16).
Skysona,skysona,bluebird bio,2021-11-18,discontinuation-or-withdrawal,True,EU marketing authorisation withdrawn or expired,,,lentiviral ex vivo,EU,4.1,True,False,,EMA EPAR page,https://www.ema.europa.eu/en/medicines/human/EPAR/skysona,,verified-from-source,True,product_cohort.csv (F020),
Skysona,skysona,bluebird bio,2022-04-05,restructuring,True,"bluebird bio restructuring: c.30% workforce reduction, up to USD 160m savings, cash runway into H1 2023",,160,lentiviral ex vivo,US,8.6,True,False,bluebird plans to reduce its workforce by approximately 30%. The restructuring is expected to extend the Company's cash runway into the first half of 2023.,"bluebird bio 8-K Ex-99.1, 'bluebird bio Initiates Restructuring to Reduce Operating Expenses' (2022-04-05)",https://www.sec.gov/Archives/edgar/data/1293971/000129397122000023/exhibit99120220405.htm,2026-09-05,verified-from-source,True,agent events_by_product.csv,"Amount is targeted two-year savings ('up to $160 million'), not a charge. 10-Q Q1 2022 carried a going-concern warning."
Skysona,skysona,bluebird bio,2024-04-05,shipment-pause-or-restriction,False,FDA-approved label revision expanding haematologic malignancy boxed warning information for Skysona,FDA,,lentiviral ex vivo,US,32.7,True,False,"In April 2024, U.S. Prescribing Information for SKYSONA, including the boxed warning, was revised to include updated information on hematologic malignancies diagnosed in our clinical study patients, as well as other updates to monitoring procedures and alternative treatment options.","bluebird bio 10-K FY2024 (filed 2025-03-27); FDA CBER Skysona product page listing 'April 5, 2024 Approval Letter - SKYSONA'",https://www.fda.gov/vaccines-blood-biologics/skysona,2026-09-05,verified-from-source,True,agent events_by_product.csv,"Boxed warning for haematologic malignancy existed from approval (2022-09-16). 10-K: as of 2025-03-25 'MDS, MDS relapse, or AML had been diagnosed in ten patients after administration of SKYSONA' (https://www.sec.gov/Archives/edgar/data/1293971/000129397125000009/blue-20241231.htm). Label restriction only; no supply pause."
Skysona,skysona,bluebird bio,2024-09-24,restructuring,True,"bluebird bio restructuring: c.25% workforce reduction, 20% cash opex cut, targeting break-even H2 2025",,,lentiviral ex vivo,US,38.3,True,False,The restructuring is expected to result in a 20% reduction in cash operating expenses when fully realized in Q3 2025 ... The initiative includes a reduction in the Company's workforce of approximately 25%. The Company's cash flow break-even target assumes scaling to approximately 40 drug product deliveries per quarter,"bluebird bio 8-K Ex-99.1, 'bluebird bio Initiates Restructuring Intended to Optimize Cost Structure' (2024-09-24)",https://www.sec.gov/Archives/edgar/data/1293971/000129397124000046/exhibit99120240923.htm,2026-09-05,verified-from-source,True,agent events_by_product.csv,
Skysona,skysona,bluebird bio,2024-11-14,restructuring,True,bluebird bio cash-runway warning; going-concern doubt; lender (Hercules) engagement,Hercules Capital,,lentiviral ex vivo,US,40.0,True,False,bluebird and Hercules are engaging collaboratively as bluebird works to secure adequate cash runway to obtain additional financing and reach cash flow break-even.,"bluebird bio 8-K Ex-99.1, Q3 2024 results (2024-11-14); bluebird 10-K FY2024 ('There is substantial doubt regarding our ability to continue as a going concern')",https://www.sec.gov/Archives/edgar/data/1293971/000129397124000076/exhibit99120241114.htm,2026-09-05,verified-from-source,True,agent events_by_product.csv,"Cash, cash equivalents and restricted cash approximately USD 118.7m at 2024-09-30. Going-concern language recurs in 10-Q/10-K filings from 2022 onward (10-K FY2024: https://www.sec.gov/Archives/edgar/data/1293971/000129397125000009/blue-20241231.htm)."
Skysona,skysona,bluebird bio,2025-02-21,acquisition,False,bluebird bio agrees to be acquired by Carlyle and SK Capital (USD 3.00/share cash plus USD 6.84 CVR),Carlyle / SK Capital Partners,,lentiviral ex vivo,worldwide,43.2,True,False,"bluebird stockholders to receive $3.00 per share in cash and a contingent value right of $6.84 per share in cash payable upon achievement of a net sales milestone, contingent upon offer conditions ... bluebird's Board of Directors determined this transaction is in the best interest of stockholders following a comprehensive review of strategic alternatives","bluebird bio 8-K Ex-99.1, 'bluebird bio Announces Definitive Agreement to be Acquired by Carlyle and SK Capital' (2025-02-21)",https://www.sec.gov/Archives/edgar/data/1293971/000119312525031354/d885218dex991.htm,2026-09-05,verified-from-source,True,agent events_by_product.csv,"Amended 2025-05-14 to let holders elect USD 5.00/share with no CVR (https://www.sec.gov/Archives/edgar/data/1293971/000119312525119447/d943903dex991.htm). Closed 2025-06-02: 'With the closing of the transaction, bluebird's common stock has ceased trading and will no longer be publicly listed' (https://www.sec.gov/Archives/edgar/data/1293971/000119312525132850/d39702dex991.htm). Headline equity value not stated in the release read; amount left blank."
Skysona,skysona,bluebird bio,2025-06-12,going-private-or-delisting,True,bluebird bio files Form 15-12G terminating SEC registration after take-private,,,lentiviral ex vivo,US,46.9,True,False,(Form 15-12G certification and notice of termination of registration under Section 12(g); Rule 12g-4(a)(1)),bluebird bio Form 15-12G (2025-06-12),https://www.sec.gov/Archives/edgar/data/1293971/000119312525139516/d13380d1512g.htm,2026-09-05,verified-from-source,True,agent events_by_product.csv,Public reporting of revenue and patient starts ended with the 10-Q for Q1 2025 (filed 2025-05-14).
Skysona,skysona,,2025,acquisition,False,bluebird bio acquired by Carlyle and SK Capital,,,lentiviral ex vivo,,47.5,True,False,,,,,seeded-from-memory,False,investment_events.csv seed,
Skysona,skysona,bluebird bio (Carlyle/SK Capital),2025-08-07,shipment-pause-or-restriction,True,FDA approves required labeling changes for increased risk of haematologic malignancy following Skysona,FDA,,lentiviral ex vivo,US,48.7,True,False,"FDA Approves Required Labeling Changes for Increased Risk of Hematologic Malignancy Following Treatment with Skysona (elivaldogene autotemcel) - August 7, 2025","FDA CBER Skysona product page, Safety Information and 'August 7, 2025 Approval Letter - SKYSONA'",https://www.fda.gov/vaccines-blood-biologics/skysona,2026-09-05,verified-from-source,True,agent events_by_product.csv,Required (not voluntary) label change after the take-private; bluebird no longer files with the SEC so no sponsor statement is available.
Strimvelis,strimvelis,GSK,2018-04-12,asset-sale-or-licence,False,GSK transfers its rare disease gene therapy portfolio (incl. Strimvelis and OTL-200) to Orchard Therapeutics,Orchard Therapeutics,,other,EU,22.5,True,False,"In April 2018, we entered into the GSK Agreement, pursuant to which GSK transferred its portfolio of approved and investigational rare disease gene therapies to us, which included Strimvelis and OTL-200 for MLD, among other programs. GSK also simultaneously novated to us their R&D Agreement with Telethon-OSR.","Orchard Therapeutics 10-K FY2022 (filed 2023-03-14), License agreements; Orchard F-1 (2018-10-04)",https://www.sec.gov/Archives/edgar/data/1748907/000095017023007708/ortx-20221231.htm,2026-09-05,verified-from-source,True,agent events_by_product.csv,"Manufacturing model: gammaretroviral ex vivo. Day of month (12 April 2018) taken from the public announcement and not re-verified in the filings read, which say 'April 2018'. Consideration: GSK took a 19.9% equity stake plus royalties (per F-1; amount not stated in USD). F-1: 'Since receiving marketing authorization, only a limited number of patients have been treated with Strimvelis' (https://www.sec.gov/Archives/edgar/data/1748907/000119312518293354/d566761df1.htm)."
Strimvelis,strimvelis,Orchard Therapeutics,2022-03-30,restructuring,True,Orchard discontinues investment in Strimvelis and other primary immunodeficiency programmes and seeks alternatives,,,other,EU,70.1,True,False,"Orchard intends to discontinue its investment in and seek alternatives for its programs in rare primary immune deficiencies. These include OTL-103 for the treatment of Wiskott-Aldrich syndrome (WAS), OTL-102 for X-linked chronic granulomatous disease (X-CGD) and Strimvelis, a gammaretroviral vector-based gene therapy approved in Europe for adenosine deaminase severe combined immunodeficiency (ADA-SCID).","Orchard Therapeutics 8-K Ex-99.1, strategic update (2022-03-30)",https://www.sec.gov/Archives/edgar/data/1748907/000156459022012316/ortx-ex991_7.htm,2026-09-05,verified-from-source,True,agent events_by_product.csv,Part of a 30% workforce reduction. Strimvelis product sales were USD 0.6m in Q2 2022.
Strimvelis,strimvelis,Orchard Therapeutics,2023-07-17,asset-sale-or-licence,False,Strimvelis marketing authorisation transferred from Orchard to Fondazione Telethon (non-profit),Fondazione Telethon,,other,EU,85.7,True,False,"In July 2023, the marketing authorization for Strimvelis was transferred to Fondazione Telethon, a non-profit organization ... upon formal approval by the European Commission. As marketing authorization holder, Fondazione Telethon will assume the outstanding obligations relating to the program, and we will no longer receive revenue from sales of or incur costs associated with Strimvelis. ... The marketing authorization for Strimvelis was transferred to Fondazione Telethon on July 17, 2023",Orchard Therapeutics 10-Q for quarter ended 2023-09-30 (filed 2023-11-13),https://www.sec.gov/Archives/edgar/data/1748907/000095017023062428/ortx-20230930.htm,2026-09-05,verified-from-source,True,agent events_by_product.csv,No consideration disclosed (transfer to the academic originator). EMA EPAR page now lists Fondazione Telethon ETS as MAH (https://www.ema.europa.eu/en/medicines/human/EPAR/strimvelis).
Tecartus,tecartus,Kite Pharma,2017-08-28,acquisition,False,Gilead acquires Kite Pharma,Gilead Sciences,11900,autologous CAR-T,worldwide,-34.9,False,False,"Gilead Sciences, Inc. (Nasdaq: GILD) and Kite Pharma, Inc. (Nasdaq: KITE) announced today that the companies have entered into a definitive agreement pursuant to which Gilead will acquire Kite for $180.00 per share in cash. The transaction, which values Kite at approximately $11.9 billion",Kite Pharma 8-K Ex-99.1 joint press release (2017-08-28),https://www.sec.gov/Archives/edgar/data/1510580/000119312517269386/d441582dex991.htm,2026-09-05,verified-from-source,True,agent events_by_product.csv,Predates Tecartus approval (2020-07-24) by almost three years; included because it fixed the sponsor at launch. Closing 2017-10-03.
Tecartus,tecartus,Kite / Gilead,2024-04-18,shipment-pause-or-restriction,False,FDA requires class-wide boxed warning for T-cell malignancies (BCMA- and CD19-directed autologous CAR-T),FDA,,autologous CAR-T,US,44.8,True,False,"In November 2023, the Food and Drug Administration (FDA) posted a safety communication to provide information about reports of T cell malignancies including chimeric antigen receptor CAR-positive lymphoma in patients who received treatment with BCMA- or CD19-directed autologous CAR T cell immunotherapies. ... FDA concluded that changes to the boxed warning are warranted","FDA CBER safety communication, 'FDA Requires Boxed Warning for T cell Malignancies Following Treatment with BCMA-Directed or CD19-Directed Autologous CAR T cell Immunotherapies' (2024-04-18)",https://www.fda.gov/vaccines-blood-biologics/safety-availability-biologics/fda-requires-boxed-warning-t-cell-malignancies-following-treatment-bcma-directed-or-cd19-directed,2026-09-05,verified-from-source,True,agent events_by_product.csv,"Class label change, not a sponsor decision; products listed on the FDA page: Abecma, Breyanzi, Carvykti, Kymriah, Tecartus, Yescarta. Label restriction only; no supply pause. Safety communication first posted November 2023; letters to sponsors January 2024."
Tecelra,tecelra,Adaptimmune,2025-07-28,asset-sale-or-licence,False,"Adaptimmune sells Tecelra, lete-cel, afami-cel and uza-cel to US WorldMeds for USD 55m cash plus up to USD 30m milestones",US WorldMeds,55,other,worldwide,11.9,True,False,"Purchase price is $55m in cash to be paid upon consummation of the sale with up to $30m in potential future payments upon achievement of certain milestones ... Tecelra will continue to be available to patients without interruption ... In connection with the Transaction, US WorldMeds intends to offer employment to approximately half of the Company's workforce. Upon consummation of the Transaction, Purchaser will pay $55,000,000 in cash, a portion of which Purchaser will pay directly to Hercules Capital, Inc. ... to repay all of Adaptimmune's indebtedness","Adaptimmune 8-K (Item 1.01) and Ex-99.1, 'Adaptimmune Announces Entry into Definitive Agreement for Sale of TECELRA ... to US WorldMeds' (2025-07-28)",https://www.sec.gov/Archives/edgar/data/1621227/000110465925071009/tm2521829d1_ex99-1.htm,2026-09-05,verified-from-source,True,agent events_by_product.csv,"Manufacturing model: autologous TCR-T. Closed 2025-07-31 (8-K Ex-99.1 pro forma: 'Closing Date: July 31, 2025' https://www.sec.gov/Archives/edgar/data/1621227/000110465925072753/tm2522092d1_ex99-1.htm). 8-K body: https://www.sec.gov/Archives/edgar/data/1621227/000110465925071009/tm2521829d1_8k.htm. Less than a year after FDA approval (2024-08-01)."
Tecelra,tecelra,Adaptimmune,2025-08-13,restructuring,True,Adaptimmune restructures after the asset sale; retains only PRAME and CD70 programmes,,,other,worldwide,12.4,True,False,"Following the transaction, Adaptimmune has repaid its debt and is restructuring to maximize value from remaining assets, including PRAME and CD70 directed T-cell therapies","Adaptimmune 8-K Ex-99.1, Q2 2025 business update (2025-08-13)",https://www.sec.gov/Archives/edgar/data/1621227/000155837025011304/adap-20250813xex99d1.htm,2026-09-05,verified-from-source,True,agent events_by_product.csv,"Delisting release 2025-10-20: 'Since closing the transaction on July 31, 2025, we have been restructuring to support the assets transferred to US WorldMeds.'"
Tecelra,tecelra,Adaptimmune,2025-10-20,going-private-or-delisting,True,Adaptimmune board initiates voluntary Nasdaq delisting and SEC deregistration,Nasdaq,,other,worldwide,14.6,True,False,"Following the delisting of the Company's ADSs from Nasdaq, the Company intends to file a Form 15 with the SEC certifying that it has fewer than 300 shareholders of record, upon which the Company's filing obligations under the Exchange Act will immediately be suspended, including the obligations to file all periodic reports.","Adaptimmune 8-K Ex-99.1, 'Adaptimmune Announces Delisting from Nasdaq' (2025-10-20)",https://www.sec.gov/Archives/edgar/data/1621227/000110465925100618/adap-20251015xex99d1.htm,2026-09-05,verified-from-source,True,agent events_by_product.csv,Form 15-12G filed 2025-11-13 (Rules 12g-4(a)(1) and 12h-3(b)(1)(i)) https://www.sec.gov/Archives/edgar/data/1621227/000110465925110847/tm2530966d1_1512g.htm. Tecelra revenue no longer publicly reported by any filer after Q2 2025 (US WorldMeds is private).
Tecelra,tecelra,,2025-10-20,going-private-or-delisting,True,"Following the delisting of the Company's ADSs from Nasdaq, the Company intends to file a Form 15 with the SEC certifying that it has fewer than 300 shareholders",,,,US,14.6,True,False,"Following the delisting of the Company's ADSs from Nasdaq, the Company intends to file a Form 15 with the SEC certifying that it has fewer than 300 shareholders of record, upon which the Company's filing obligations under the Exchange Act will immediately be suspended, including the obligations to file all periodic reports.","Adaptimmune 8-K Ex-99.1, Adaptimmune Announces Delisting from Nasdaq (2025-10-20)",https://www.sec.gov/Archives/edgar/data/1621227/000110465925100618/adap-20251015xex99d1.htm,,verified-from-source,True,tecelra_disclosures.csv statement (type assigned by keyword),
Tecelra,tecelra,Adaptimmune,,shipment-pause-or-restriction,True,Later approval letter 2026-06-17 (supplement); no withdrawal or label restriction found,,,TCR-T,US,,False,False,,FDA product page,,,verified-from-source,False,product_cohort.csv (F020),
Tregzi,tregzi,Orca Biosystems,,none-found,False,No sponsor event found 2026-07-01 to 2026-09-05,,,allogeneic cell,US,,False,False,,Orca Bio is privately held; no SEC filings; observation window about two months.,,2026-09-05,not-found,False,agent events_by_product.csv,
Tudriqev,tudriqev,Replimune,,none-found,False,No sponsor event found 2026-08-06 to 2026-09-05,,,oncolytic virus,US,,False,False,,"EDGAR full-text search, Replimune 8-K 2025-07 onward for 'workforce' with 'reduction' (0 hits); observation window under one month.",https://efts.sec.gov/LATEST/search-index?q=%22workforce%22%20%22reduction%22&dateRange=custom&startdt=2025-07-01&forms=8-K,2026-09-05,not-found,False,agent events_by_product.csv,
Vyjuvek,vyjuvek,Krystal Biotech,,none-found,False,"No sponsor acquisition, divestiture, withdrawal, pause or restructuring found 2023-05-19 to 2026-09-05",,,other,worldwide,,False,False,,"EDGAR full-text search, Krystal 8-K/10-Q/10-K 2023-2026 for 'VYJUVEK' with 'restructuring' (10 hits, all regulatory-risk boilerplate on reading the FY2025 10-K)",https://www.sec.gov/Archives/edgar/data/1711279/000171127926000016/krys-20251231.htm,2026-09-05,not-found,False,agent events_by_product.csv,Topical HSV-1 vector.
Vyjuvek,vyjuvek,Krystal Biotech,,shipment-pause-or-restriction,True,Later approval letters 2023-08-07 and 2025-09-12 (supplements); no label restriction or withdrawal found,,,HSV topical,US,,False,False,,FDA product page,,,verified-from-source,False,product_cohort.csv (F020),
Waskyra,waskyra,Fondazione Telethon,,none-found,False,No sponsor event found 2025-12-09 to 2026-09-05,,,lentiviral ex vivo,worldwide,,False,False,,Fondazione Telethon is a non-profit with no SEC filings; EMA page shows Waskyra authorised 2026-01-09; no withdrawal or transfer found.,,2026-09-05,not-found,False,agent events_by_product.csv,
Yescarta,yescarta,Kite Pharma,2017-08-28,acquisition,False,Gilead acquires Kite Pharma,Gilead Sciences,11900,autologous CAR-T,worldwide,-1.7,False,False,"Gilead Sciences, Inc. (Nasdaq: GILD) and Kite Pharma, Inc. (Nasdaq: KITE) announced today that the companies have entered into a definitive agreement pursuant to which Gilead will acquire Kite for $180.00 per share in cash. The transaction, which values Kite at approximately $11.9 billion",Kite Pharma 8-K Ex-99.1 joint press release (2017-08-28),https://www.sec.gov/Archives/edgar/data/1510580/000119312517269386/d441582dex991.htm,2026-09-05,verified-from-source,True,agent events_by_product.csv,"Closed 2017-10-03 (Kite 8-K https://www.sec.gov/Archives/edgar/data/1510580/000119312517302298/d458818d8k.htm), 15 days before Yescarta's FDA approval (2017-10-18); included because it fixed the sponsor at launch."
Yescarta,yescarta,Kite / Gilead,2024-04-18,shipment-pause-or-restriction,False,FDA requires class-wide boxed warning for T-cell malignancies (BCMA- and CD19-directed autologous CAR-T),FDA,,autologous CAR-T,US,78.0,True,False,"In November 2023, the Food and Drug Administration (FDA) posted a safety communication to provide information about reports of T cell malignancies including chimeric antigen receptor CAR-positive lymphoma in patients who received treatment with BCMA- or CD19-directed autologous CAR T cell immunotherapies. ... FDA concluded that changes to the boxed warning are warranted","FDA CBER safety communication, 'FDA Requires Boxed Warning for T cell Malignancies Following Treatment with BCMA-Directed or CD19-Directed Autologous CAR T cell Immunotherapies' (2024-04-18)",https://www.fda.gov/vaccines-blood-biologics/safety-availability-biologics/fda-requires-boxed-warning-t-cell-malignancies-following-treatment-bcma-directed-or-cd19-directed,2026-09-05,verified-from-source,True,agent events_by_product.csv,"Class label change, not a sponsor decision; products listed on the FDA page: Abecma, Breyanzi, Carvykti, Kymriah, Tecartus, Yescarta. Label restriction only; no supply pause. Safety communication first posted November 2023; letters to sponsors January 2024."
Zalmoxis,zalmoxis,MolMed,2019-10-09,discontinuation-or-withdrawal,True,EU conditional marketing authorisation for Zalmoxis withdrawn at MolMed's request,European Commission,,other,EU,37.7,True,False,"On 9 October 2019, the European Commission withdrew the marketing authorisation for Zalmoxis (nalotimagene carmaleucel) in the European Union (EU). The withdrawal was at the request of the marketing authorisation holder, MolMed S.p.A, which notified the European Commission of its decision to permanently discontinue the marketing of the product for commercial reasons.","EMA EPAR page, Zalmoxis, 'Withdrawn' status and overview",https://www.ema.europa.eu/en/medicines/human/EPAR/zalmoxis,2026-09-05,verified-from-source,True,agent events_by_product.csv,"Manufacturing model: allogeneic gene-modified T cells (HSV-TK). Conditional authorisation from 2016-08-18, renewed yearly; withdrawal followed the failed TK008 confirmatory trial. MolMed press release not retrieved (company later acquired by AGC, 2020)."
Zalmoxis,zalmoxis,MolMed,2019-10-09,discontinuation-or-withdrawal,True,EU marketing authorisation withdrawn or expired,,,gene-modified T cells,EU,37.7,True,False,,EMA EPAR page,https://www.ema.europa.eu/en/medicines/human/EPAR/zalmoxis,,verified-from-source,True,product_cohort.csv (F020),
Zevaskyn,zevaskyn,Abeona,2026-03-17,shipment-pause-or-restriction,True,Planned annual manufacturing facility shutdown pauses Zevaskyn treatments between December 2025 and late January 2026,,,other,US,10.6,True,False,mandatory annual manufacturing facility shutdown ... resuming manufacturing in late January 2026,"Abeona 8-K Ex-99.1, FY2025 results and corporate updates (2026-03-17); Abeona 8-K Ex-99.1 business update (2026-03-09)",https://www.sec.gov/Archives/edgar/data/318306/000149315226010408/ex99-1.htm,2026-09-05,verified-from-source,True,agent events_by_product.csv,"Planned maintenance shutdown, not a commercial pause or retreat; logged for completeness. 2026-03-09 release: 'Since resuming manufacturing in late January 2026, multiple biopsies have been collected, a patient has completed treatment with ZEVASKYN' (https://www.sec.gov/Archives/edgar/data/318306/000149315226009299/ex99-1.htm). Manufacturing model: autologous gene-modified keratinocyte sheets."
Zolgensma,zolgensma,AveXis,2018-04-09,acquisition,False,Novartis acquires AveXis for USD 8.7bn,Novartis,8700,AAV systemic,worldwide,-13.5,False,False,"Novartis to acquire AveXis for $218 per share in cash ... AveXis' lead product candidate, AVXS-101, expected to enhance Novartis's position as a gene therapy and neuroscience leader ... Transaction expected to be completed in mid-2018",AveXis 8-K Ex-99.1 (2018-04-09); Novartis media release 2018-04-09,https://www.sec.gov/Archives/edgar/data/1652923/000095015718000409/ex99-1.htm,2026-09-05,verified-from-source,True,agent events_by_product.csv,Predates first approval (2019-05-24) by 13 months; included because it fixed the sponsor at launch. Completion 8-K dated 2018-05-15 https://www.sec.gov/Archives/edgar/data/1652923/000095015718000538/form8-k.htm. Novartis release: https://www.novartis.com/news/media-releases/novartis-enters-agreement-acquire-avexis-inc-usd-87-bn-transform-care-sma-and-expand-position-gene-therapy-and-neuroscience-leader
Zolgensma,zolgensma,,2018,acquisition,False,Novartis acquires AveXis,,,AAV systemic,,-10.7,False,False,,,,,seeded-from-memory,False,investment_events.csv seed,
Zolgensma,zolgensma,Novartis Gene Therapies,2021-03-24,restructuring,True,"Novartis closes Longmont, Colorado gene therapy manufacturing plant (c.400 jobs) after overestimating capacity need",,,AAV systemic,US,22.0,True,False,(trade press paraphrase) Novartis ... said it decided its other sister plants can produce it ... after over anticipating the amount of capacity needed to produce gene therapies,"Fierce Pharma, 'Novartis is shutting down Colorado plant, laying off 400 employees after overestimating gene therapy demand'; Longmont Leader, 'Novartis to close Longmont plant by July, laying off 400 workers'",https://www.fiercepharma.com/manufacturing/after-overestimating-demand-novartis-shutting-down-colorado-plant,2026-09-05,provisional-from-snippet,False,agent events_by_product.csv,"Fierce, Longmont Leader, BioSpace and Pharma Manufacturing pages all returned HTTP 403 or empty bodies; date (announcement 2021-03-24, closure by 2021-07-09) and headcount taken from search snippets. No Novartis primary release located; Novartis 20-F filings for 2021-2023 contain no 'Longmont' text (EDGAR full-text search). Site bought from AstraZeneca in 2019 for c. USD 30m."
Zynteglo,zynteglo,,2021,restructuring,True,bluebird bio spins off 2seventy bio,,,lentiviral ex vivo; CAR-T,,25.1,True,False,,,,,seeded-from-memory,False,investment_events.csv seed,
Zynteglo,zynteglo,bluebird bio,2021-08-09,restructuring,True,bluebird bio winds down European operations after failing to agree Zynteglo pricing (Germany) and refocuses on the US,,,lentiviral ex vivo,EU,26.4,True,False,"bluebird plans an orderly wind down of its operations in Europe and to explore how to give patients in Europe access to its gene therapies, including potentially out-licensing the ex-U.S. rights to its three lead products to a company with European experience and capabilities. 'bluebird's decision to focus on the U.S. market is driven by the challenges of achieving appropriate value recognition and market access for ZYNTEGLO in Europe ... European payers have not yet evolved their approach to gene therapy in a way that can recognize the innovation'","bluebird bio 8-K Ex-99.1, Q2 2021 results and operational update (2021-08-09)",https://www.sec.gov/Archives/edgar/data/1293971/000129397121000064/exhibit99120210809.htm,2026-09-05,verified-from-source,True,agent events_by_product.csv,Zynteglo had conditional EU authorisation from 2019-05-29 and a single German launch; no ex-US out-licence was subsequently disclosed.
Zynteglo,zynteglo,bluebird bio,2022-03-24,discontinuation-or-withdrawal,True,EU marketing authorisation for Zynteglo withdrawn at bluebird's request,European Commission,,lentiviral ex vivo,EU,33.8,True,False,"On 24 March 2022, the European Commission withdrew the marketing authorisation for Zynteglo (betibeglogene autotemcel) in the European Union (EU). The withdrawal was at the request of the marketing authorisation holder, bluebird bio (Netherlands) B.V, which notified the European Commission of its decision to permanently discontinue the marketing of the product for commercial reasons.","EMA EPAR page, Zynteglo, 'Withdrawn' status and overview",https://www.ema.europa.eu/en/medicines/human/EPAR/zynteglo,2026-09-05,verified-from-source,True,agent events_by_product.csv,Conditional authorisation renewed in 2020 and 2021 before withdrawal; withdrawn five months before US approval (2022-08-17).
Zynteglo,zynteglo,bluebird bio,2022-03-24,discontinuation-or-withdrawal,True,EU marketing authorisation withdrawn or expired,,,lentiviral ex vivo,EU,33.8,True,False,,EMA EPAR page,https://www.ema.europa.eu/en/medicines/human/EPAR/zynteglo,,verified-from-source,True,product_cohort.csv (F020),
Zynteglo,zynteglo,bluebird bio,2022-04-05,restructuring,True,"bluebird bio restructuring: c.30% workforce reduction, up to USD 160m savings, cash runway into H1 2023",,160,lentiviral ex vivo,US,34.2,True,False,bluebird plans to reduce its workforce by approximately 30%. The restructuring is expected to extend the Company's cash runway into the first half of 2023.,"bluebird bio 8-K Ex-99.1, 'bluebird bio Initiates Restructuring to Reduce Operating Expenses' (2022-04-05)",https://www.sec.gov/Archives/edgar/data/1293971/000129397122000023/exhibit99120220405.htm,2026-09-05,verified-from-source,True,agent events_by_product.csv,"Amount is targeted two-year savings ('up to $160 million'), not a charge. 10-Q Q1 2022 carried a going-concern warning."
Zynteglo,zynteglo,bluebird bio,2024-09-24,restructuring,True,"bluebird bio restructuring: c.25% workforce reduction, 20% cash opex cut, targeting break-even H2 2025",,,lentiviral ex vivo,US,63.9,True,False,The restructuring is expected to result in a 20% reduction in cash operating expenses when fully realized in Q3 2025 ... The initiative includes a reduction in the Company's workforce of approximately 25%. The Company's cash flow break-even target assumes scaling to approximately 40 drug product deliveries per quarter,"bluebird bio 8-K Ex-99.1, 'bluebird bio Initiates Restructuring Intended to Optimize Cost Structure' (2024-09-24)",https://www.sec.gov/Archives/edgar/data/1293971/000129397124000046/exhibit99120240923.htm,2026-09-05,verified-from-source,True,agent events_by_product.csv,
Zynteglo,zynteglo,bluebird bio,2024-11-14,restructuring,True,bluebird bio cash-runway warning; going-concern doubt; lender (Hercules) engagement,Hercules Capital,,lentiviral ex vivo,US,65.6,True,False,bluebird and Hercules are engaging collaboratively as bluebird works to secure adequate cash runway to obtain additional financing and reach cash flow break-even.,"bluebird bio 8-K Ex-99.1, Q3 2024 results (2024-11-14); bluebird 10-K FY2024 ('There is substantial doubt regarding our ability to continue as a going concern')",https://www.sec.gov/Archives/edgar/data/1293971/000129397124000076/exhibit99120241114.htm,2026-09-05,verified-from-source,True,agent events_by_product.csv,"Cash, cash equivalents and restricted cash approximately USD 118.7m at 2024-09-30. Going-concern language recurs in 10-Q/10-K filings from 2022 onward (10-K FY2024: https://www.sec.gov/Archives/edgar/data/1293971/000129397125000009/blue-20241231.htm)."
Zynteglo,zynteglo,bluebird bio,2025-02-21,acquisition,False,bluebird bio agrees to be acquired by Carlyle and SK Capital (USD 3.00/share cash plus USD 6.84 CVR),Carlyle / SK Capital Partners,,lentiviral ex vivo,worldwide,68.8,True,False,"bluebird stockholders to receive $3.00 per share in cash and a contingent value right of $6.84 per share in cash payable upon achievement of a net sales milestone, contingent upon offer conditions ... bluebird's Board of Directors determined this transaction is in the best interest of stockholders following a comprehensive review of strategic alternatives","bluebird bio 8-K Ex-99.1, 'bluebird bio Announces Definitive Agreement to be Acquired by Carlyle and SK Capital' (2025-02-21)",https://www.sec.gov/Archives/edgar/data/1293971/000119312525031354/d885218dex991.htm,2026-09-05,verified-from-source,True,agent events_by_product.csv,"Amended 2025-05-14 to let holders elect USD 5.00/share with no CVR (https://www.sec.gov/Archives/edgar/data/1293971/000119312525119447/d943903dex991.htm). Closed 2025-06-02: 'With the closing of the transaction, bluebird's common stock has ceased trading and will no longer be publicly listed' (https://www.sec.gov/Archives/edgar/data/1293971/000119312525132850/d39702dex991.htm). Headline equity value not stated in the release read; amount left blank."
Zynteglo,zynteglo,bluebird bio,2025-06-12,going-private-or-delisting,True,bluebird bio files Form 15-12G terminating SEC registration after take-private,,,lentiviral ex vivo,US,72.5,True,False,(Form 15-12G certification and notice of termination of registration under Section 12(g); Rule 12g-4(a)(1)),bluebird bio Form 15-12G (2025-06-12),https://www.sec.gov/Archives/edgar/data/1293971/000119312525139516/d13380d1512g.htm,2026-09-05,verified-from-source,True,agent events_by_product.csv,Public reporting of revenue and patient starts ended with the 10-Q for Q1 2025 (filed 2025-05-14).
Zynteglo,zynteglo,,2025,acquisition,False,bluebird bio acquired by Carlyle and SK Capital,,,lentiviral ex vivo,,73.1,True,False,,,,,seeded-from-memory,False,investment_events.csv seed,
